ADX,BBPower,CCI20,Perf.W,Pivot.M.Camarilla.R3,RSI,change,close,volume,timestamp_utc,fecha_iso,simbolo
,,,-2.60279965004374,,,0.3606040117196307,4.453,,1780316755,2026-06-01T12:25:55Z,TVC:US10Y
,,,-2.60279965004374,,,0.3606040117196307,4.453,,1780316937,2026-06-01T12:28:57Z,TVC:US10Y
,,,-2.60279965004374,,,0.3606040117196307,4.453,,1780317109,2026-06-01T12:31:49Z,TVC:US10Y
,,,-2.690288713910766,,,0.2704530087897129,4.449,,1780317301,2026-06-01T12:35:01Z,TVC:US10Y
,,,-2.690288713910766,,,0.2704530087897129,4.449,,1780317482,2026-06-01T12:38:02Z,TVC:US10Y
,,,-2.690288713910766,,,0.2704530087897129,4.449,,1780317666,2026-06-01T12:41:06Z,TVC:US10Y
,,,-2.60279965004374,,,0.3606040117196307,4.453,,1780317843,2026-06-01T12:44:03Z,TVC:US10Y
,,,-2.777777777777773,,,0.1803020058598153,4.445,,1780318017,2026-06-01T12:46:57Z,TVC:US10Y
,,,-2.777777777777773,,,0.1803020058598153,4.445,,1780318199,2026-06-01T12:49:59Z,TVC:US10Y
,,,-2.690288713910766,,,0.2704530087897129,4.449,,1780318382,2026-06-01T12:53:02Z,TVC:US10Y
,,,-2.690288713910766,,,0.2704530087897129,4.449,,1780318563,2026-06-01T12:56:03Z,TVC:US10Y
,,,-2.60279965004374,,,0.3606040117196307,4.453,,1780318743,2026-06-01T12:59:03Z,TVC:US10Y
,,,-2.60279965004374,,,0.3606040117196307,4.453,,1780318913,2026-06-01T13:01:53Z,TVC:US10Y
,,,-2.559055118110236,,,0.4056795131845795,4.455,,1780319094,2026-06-01T13:04:54Z,TVC:US10Y
,,,-2.60279965004374,,,0.3606040117196307,4.453,,1780319278,2026-06-01T13:07:58Z,TVC:US10Y
,,,-2.559055118110236,,,0.4056795131845795,4.455,,1780319469,2026-06-01T13:11:09Z,TVC:US10Y
,,,-2.2090988626421693,,,0.7662835249042101,4.471,,1780319632,2026-06-01T13:13:52Z,TVC:US10Y
,,,-2.1653543307086656,,,0.811359026369159,4.473,,1780319819,2026-06-01T13:16:59Z,TVC:US10Y
,,,-2.1653543307086656,,,0.811359026369159,4.473,,1780320003,2026-06-01T13:20:03Z,TVC:US10Y
,,,-2.0778652668416395,,,0.9015100292990766,4.477,,1780320184,2026-06-01T13:23:04Z,TVC:US10Y
,,,-1.9028871391076057,,,1.081812035158892,4.485,,1780320362,2026-06-01T13:26:02Z,TVC:US10Y
,,,-1.5529308836395392,,,1.4424160468785228,4.501,,1780320543,2026-06-01T13:29:03Z,TVC:US10Y
,,,-1.5310586176727972,,,1.464953797610987,4.502,,1780320717,2026-06-01T13:31:57Z,TVC:US10Y
,,,-1.5310586176727972,,,1.464953797610987,4.502,,1780320900,2026-06-01T13:35:00Z,TVC:US10Y
,,,-1.5529308836395392,,,1.4424160468785228,4.501,,1780321086,2026-06-01T13:38:06Z,TVC:US10Y
,,,-1.5529308836395392,,,1.4424160468785228,4.501,,1780321262,2026-06-01T13:41:02Z,TVC:US10Y
,,,-1.5529308836395392,,,1.4424160468785228,4.501,,1780321433,2026-06-01T13:43:53Z,TVC:US10Y
,,,-1.5529308836395392,,,1.4424160468785228,4.501,,1780321624,2026-06-01T13:47:04Z,TVC:US10Y
,,,-1.596675415573062,,,1.397340545413554,4.499,,1780321796,2026-06-01T13:49:56Z,TVC:US10Y
,,,-1.5529308836395392,,,1.4424160468785228,4.501,,1780321978,2026-06-01T13:52:58Z,TVC:US10Y
,,,-1.4873140857392937,,,1.510029299075936,4.504,,1780322157,2026-06-01T13:55:57Z,TVC:US10Y
,,,-1.4873140857392937,,,1.510029299075936,4.504,,1780322346,2026-06-01T13:59:06Z,TVC:US10Y
,,,-1.3998250218722672,,,1.6001803020058536,4.508,,1780322513,2026-06-01T14:01:53Z,TVC:US10Y
,,,-1.3560804899387635,,,1.6452558034708025,4.51,,1780322701,2026-06-01T14:05:01Z,TVC:US10Y
,,,-1.3123359580052605,,,1.6903313049357511,4.512,,1780322882,2026-06-01T14:08:02Z,TVC:US10Y
,,,-1.3123359580052605,,,1.6903313049357511,4.512,,1780323063,2026-06-01T14:11:03Z,TVC:US10Y
,,,-1.3998250218722672,,,1.6001803020058536,4.508,,1780323233,2026-06-01T14:13:53Z,TVC:US10Y
,,,-1.4873140857392937,,,1.510029299075936,4.504,,1780323416,2026-06-01T14:16:56Z,TVC:US10Y
,,,-1.3560804899387635,,,1.6452558034708025,4.51,,1780323594,2026-06-01T14:19:54Z,TVC:US10Y
,,,-1.4873140857392937,,,1.510029299075936,4.504,,1780323773,2026-06-01T14:22:53Z,TVC:US10Y
,,,-1.3998250218722672,,,1.6001803020058536,4.508,,1780323960,2026-06-01T14:26:00Z,TVC:US10Y
,,,-1.3998250218722672,,,1.6001803020058536,4.508,,1780324138,2026-06-01T14:28:58Z,TVC:US10Y
,,,-1.3560804899387635,,,1.6452558034708025,4.51,,1780324321,2026-06-01T14:32:01Z,TVC:US10Y
,,,-1.3998250218722672,,,1.6001803020058536,4.508,,1780324498,2026-06-01T14:34:58Z,TVC:US10Y
,,,-1.3560804899387635,,,1.6452558034708025,4.51,,1780324683,2026-06-01T14:38:03Z,TVC:US10Y
,,,-1.3998250218722672,,,1.6001803020058536,4.508,,1780324859,2026-06-01T14:40:59Z,TVC:US10Y
,,,-1.3998250218722672,,,1.6001803020058536,4.508,,1780325041,2026-06-01T14:44:01Z,TVC:US10Y
,,,-1.3123359580052605,,,1.6903313049357511,4.512,,1780325227,2026-06-01T14:47:07Z,TVC:US10Y
,,,-1.3123359580052605,,,1.6903313049357511,4.512,,1780325399,2026-06-01T14:49:59Z,TVC:US10Y
,,,-1.2685914260717372,,,1.7354068064007202,4.514,,1780325581,2026-06-01T14:53:01Z,TVC:US10Y
,,,-1.3123359580052605,,,1.6903313049357511,4.512,,1780325754,2026-06-01T14:55:54Z,TVC:US10Y
,,,-1.3560804899387635,,,1.6452558034708025,4.51,,1780325954,2026-06-01T14:59:14Z,TVC:US10Y
,,,-1.2248468941382338,,,1.780482307865669,4.516,,1780326129,2026-06-01T15:02:09Z,TVC:US10Y
,,,-1.3560804899387635,,,1.6452558034708025,4.51,,1780326304,2026-06-01T15:05:04Z,TVC:US10Y
,,,-1.3560804899387635,,,1.6452558034708025,4.51,,1780326476,2026-06-01T15:07:56Z,TVC:US10Y
,,,-1.3998250218722672,,,1.6001803020058536,4.508,,1780326653,2026-06-01T15:10:53Z,TVC:US10Y
,,,-1.443569553805771,,,1.5551048005409047,4.506,,1780326839,2026-06-01T15:13:59Z,TVC:US10Y
,,,-1.4873140857392937,,,1.510029299075936,4.504,,1780327021,2026-06-01T15:17:01Z,TVC:US10Y
,,,-1.4873140857392937,,,1.510029299075936,4.504,,1780327200,2026-06-01T15:20:00Z,TVC:US10Y
,,,-1.5529308836395392,,,1.4424160468785228,4.501,,1780327387,2026-06-01T15:23:07Z,TVC:US10Y
,,,-1.4873140857392937,,,1.510029299075936,4.504,,1780327561,2026-06-01T15:26:01Z,TVC:US10Y
,,,-1.4873140857392937,,,1.510029299075936,4.504,,1780327736,2026-06-01T15:28:56Z,TVC:US10Y
,,,-1.6404199475065655,,,1.352265043948605,4.497,,1780327909,2026-06-01T15:31:49Z,TVC:US10Y
,,,-1.6404199475065655,,,1.352265043948605,4.497,,1780328105,2026-06-01T15:35:05Z,TVC:US10Y
,,,-1.6404199475065655,,,1.352265043948605,4.497,,1780328278,2026-06-01T15:37:58Z,TVC:US10Y
,,,-1.5529308836395392,,,1.4424160468785228,4.501,,1780328465,2026-06-01T15:41:05Z,TVC:US10Y
,,,-1.5529308836395392,,,1.4424160468785228,4.501,,1780328641,2026-06-01T15:44:01Z,TVC:US10Y
,,,-1.5529308836395392,,,1.4424160468785228,4.501,,1780328824,2026-06-01T15:47:04Z,TVC:US10Y
,,,-1.5529308836395392,,,1.4424160468785228,4.501,,1780329005,2026-06-01T15:50:05Z,TVC:US10Y
,,,-1.5529308836395392,,,1.4424160468785228,4.501,,1780329181,2026-06-01T15:53:01Z,TVC:US10Y
,,,-1.5529308836395392,,,1.4424160468785228,4.501,,1780329353,2026-06-01T15:55:53Z,TVC:US10Y
,,,-1.5529308836395392,,,1.4424160468785228,4.501,,1780329542,2026-06-01T15:59:02Z,TVC:US10Y
,,,-1.6404199475065655,,,1.352265043948605,4.497,,1780329729,2026-06-01T16:02:09Z,TVC:US10Y
,,,-1.5529308836395392,,,1.4424160468785228,4.501,,1780329898,2026-06-01T16:04:58Z,TVC:US10Y
,,,-1.5529308836395392,,,1.4424160468785228,4.501,,1780330077,2026-06-01T16:07:57Z,TVC:US10Y
,,,-1.4873140857392937,,,1.510029299075936,4.504,,1780330261,2026-06-01T16:11:01Z,TVC:US10Y
,,,-1.4873140857392937,,,1.510029299075936,4.504,,1780330440,2026-06-01T16:14:00Z,TVC:US10Y
,,,-1.3998250218722672,,,1.6001803020058536,4.508,,1780330616,2026-06-01T16:16:56Z,TVC:US10Y
,,,-1.3998250218722672,,,1.6001803020058536,4.508,,1780330796,2026-06-01T16:19:56Z,TVC:US10Y
,,,-1.443569553805771,,,1.5551048005409047,4.506,,1780330983,2026-06-01T16:23:03Z,TVC:US10Y
,,,-1.443569553805771,,,1.5551048005409047,4.506,,1780331160,2026-06-01T16:26:00Z,TVC:US10Y
,,,-1.3998250218722672,,,1.6001803020058536,4.508,,1780331336,2026-06-01T16:28:56Z,TVC:US10Y
,,,-1.4873140857392937,,,1.510029299075936,4.504,,1780331517,2026-06-01T16:31:57Z,TVC:US10Y
,,,-1.4873140857392937,,,1.510029299075936,4.504,,1780331700,2026-06-01T16:35:00Z,TVC:US10Y
,,,-1.5529308836395392,,,1.4424160468785228,4.501,,1780331888,2026-06-01T16:38:08Z,TVC:US10Y
,,,-1.5529308836395392,,,1.4424160468785228,4.501,,1780332061,2026-06-01T16:41:01Z,TVC:US10Y
,,,-1.5529308836395392,,,1.4424160468785228,4.501,,1780332237,2026-06-01T16:43:57Z,TVC:US10Y
,,,-1.596675415573062,,,1.397340545413554,4.499,,1780332422,2026-06-01T16:47:02Z,TVC:US10Y
,,,-1.6404199475065655,,,1.352265043948605,4.497,,1780332603,2026-06-01T16:50:03Z,TVC:US10Y
,,,-1.7716535433070957,,,1.2170385395537384,4.491,,1780332783,2026-06-01T16:53:03Z,TVC:US10Y
,,,-1.9903762029746324,,,0.9916610322289744,4.481,,1780332966,2026-06-01T16:56:06Z,TVC:US10Y
,,,-1.9466316710411289,,,1.0367365336939232,4.483,,1780333144,2026-06-01T16:59:04Z,TVC:US10Y
,,,-1.9028871391076057,,,1.081812035158892,4.485,,1780333315,2026-06-01T17:01:55Z,TVC:US10Y
,,,-1.9903762029746324,,,0.9916610322289744,4.481,,1780333495,2026-06-01T17:04:55Z,TVC:US10Y
,,,-1.9903762029746324,,,0.9916610322289744,4.481,,1780333676,2026-06-01T17:07:56Z,TVC:US10Y
,,,-1.9903762029746324,,,0.9916610322289744,4.481,,1780333866,2026-06-01T17:11:06Z,TVC:US10Y
,,,-1.9903762029746324,,,0.9916610322289744,4.481,,1780334040,2026-06-01T17:14:00Z,TVC:US10Y
,,,-2.0778652668416395,,,0.9015100292990766,4.477,,1780334228,2026-06-01T17:17:08Z,TVC:US10Y
,,,-2.0778652668416395,,,0.9015100292990766,4.477,,1780334402,2026-06-01T17:20:02Z,TVC:US10Y
,,,-2.0778652668416395,,,0.9015100292990766,4.477,,1780334580,2026-06-01T17:23:00Z,TVC:US10Y
,,,-1.9903762029746324,,,0.9916610322289744,4.481,,1780334754,2026-06-01T17:25:54Z,TVC:US10Y
,,,-2.034120734908136,,,0.9465855307640256,4.479,,1780334935,2026-06-01T17:28:55Z,TVC:US10Y
,,,-2.2528433945756725,,,0.7212080234392614,4.469,,1780335117,2026-06-01T17:31:57Z,TVC:US10Y
,,,-2.1653543307086656,,,0.811359026369159,4.473,,1780335300,2026-06-01T17:35:00Z,TVC:US10Y
,,,-2.1653543307086656,,,0.811359026369159,4.473,,1780335478,2026-06-01T17:37:58Z,TVC:US10Y
,,,-2.2090988626421693,,,0.7662835249042101,4.471,,1780335659,2026-06-01T17:40:59Z,TVC:US10Y
,,,-2.340332458442699,,,0.6310570205093436,4.465,,1780335840,2026-06-01T17:44:00Z,TVC:US10Y
,,,-2.2528433945756725,,,0.7212080234392614,4.469,,1780336022,2026-06-01T17:47:02Z,TVC:US10Y
,,,-2.2528433945756725,,,0.7212080234392614,4.469,,1780336199,2026-06-01T17:49:59Z,TVC:US10Y
,,,-2.2528433945756725,,,0.7212080234392614,4.469,,1780336378,2026-06-01T17:52:58Z,TVC:US10Y
,,,-2.296587926509196,,,0.6761325219742925,4.467,,1780336564,2026-06-01T17:56:04Z,TVC:US10Y
,,,-2.2528433945756725,,,0.7212080234392614,4.469,,1780336743,2026-06-01T17:59:03Z,TVC:US10Y
,,,-2.2090988626421693,,,0.7662835249042101,4.471,,1780336923,2026-06-01T18:02:03Z,TVC:US10Y
,,,-2.1653543307086656,,,0.811359026369159,4.473,,1780337102,2026-06-01T18:05:02Z,TVC:US10Y
,,,-2.1653543307086656,,,0.811359026369159,4.473,,1780337277,2026-06-01T18:07:57Z,TVC:US10Y
,,,-2.1653543307086656,,,0.811359026369159,4.473,,1780337463,2026-06-01T18:11:03Z,TVC:US10Y
,,,-2.1653543307086656,,,0.811359026369159,4.473,,1780337640,2026-06-01T18:14:00Z,TVC:US10Y
,,,-2.1653543307086656,,,0.811359026369159,4.473,,1780337822,2026-06-01T18:17:02Z,TVC:US10Y
,,,-2.1653543307086656,,,0.811359026369159,4.473,,1780337997,2026-06-01T18:19:57Z,TVC:US10Y
,,,-2.1653543307086656,,,0.811359026369159,4.473,,1780338182,2026-06-01T18:23:02Z,TVC:US10Y
,,,-2.1653543307086656,,,0.811359026369159,4.473,,1780338363,2026-06-01T18:26:03Z,TVC:US10Y
,,,-2.1653543307086656,,,0.811359026369159,4.473,,1780338545,2026-06-01T18:29:05Z,TVC:US10Y
,,,-2.0778652668416395,,,0.9015100292990766,4.477,,1780338721,2026-06-01T18:32:01Z,TVC:US10Y
,,,-2.0778652668416395,,,0.9015100292990766,4.477,,1780338900,2026-06-01T18:35:00Z,TVC:US10Y
,,,-2.0778652668416395,,,0.9015100292990766,4.477,,1780339089,2026-06-01T18:38:09Z,TVC:US10Y
,,,-2.0778652668416395,,,0.9015100292990766,4.477,,1780339252,2026-06-01T18:40:52Z,TVC:US10Y
,,,-2.0778652668416395,,,0.9015100292990766,4.477,,1780339444,2026-06-01T18:44:04Z,TVC:US10Y
,,,-2.1653543307086656,,,0.811359026369159,4.473,,1780339617,2026-06-01T18:46:57Z,TVC:US10Y
,,,-2.1216097987751623,,,0.8564345278341079,4.475,,1780339798,2026-06-01T18:49:58Z,TVC:US10Y
,,,-2.1653543307086656,,,0.811359026369159,4.473,,1780339979,2026-06-01T18:52:59Z,TVC:US10Y
,,,-2.0778652668416395,,,0.9015100292990766,4.477,,1780340158,2026-06-01T18:55:58Z,TVC:US10Y
,,,-2.0778652668416395,,,0.9015100292990766,4.477,,1780340335,2026-06-01T18:58:55Z,TVC:US10Y
,,,-2.1653543307086656,,,0.811359026369159,4.473,,1780340520,2026-06-01T19:02:00Z,TVC:US10Y
,,,-2.1653543307086656,,,0.811359026369159,4.473,,1780340704,2026-06-01T19:05:04Z,TVC:US10Y
,,,-2.0778652668416395,,,0.9015100292990766,4.477,,1780340885,2026-06-01T19:08:05Z,TVC:US10Y
,,,-2.0778652668416395,,,0.9015100292990766,4.477,,1780341057,2026-06-01T19:10:57Z,TVC:US10Y
,,,-2.0778652668416395,,,0.9015100292990766,4.477,,1780341241,2026-06-01T19:14:01Z,TVC:US10Y
,,,-2.1216097987751623,,,0.8564345278341079,4.475,,1780341420,2026-06-01T19:17:00Z,TVC:US10Y
,,,-2.0778652668416395,,,0.9015100292990766,4.477,,1780341598,2026-06-01T19:19:58Z,TVC:US10Y
,,,-2.1216097987751623,,,0.8564345278341079,4.475,,1780341783,2026-06-01T19:23:03Z,TVC:US10Y
,,,-2.1216097987751623,,,0.8564345278341079,4.475,,1780341963,2026-06-01T19:26:03Z,TVC:US10Y
,,,-2.1653543307086656,,,0.811359026369159,4.473,,1780342138,2026-06-01T19:28:58Z,TVC:US10Y
,,,-2.1653543307086656,,,0.811359026369159,4.473,,1780342324,2026-06-01T19:32:04Z,TVC:US10Y
,,,-2.2528433945756725,,,0.7212080234392614,4.469,,1780342502,2026-06-01T19:35:02Z,TVC:US10Y
,,,-2.2528433945756725,,,0.7212080234392614,4.469,,1780342683,2026-06-01T19:38:03Z,TVC:US10Y
,,,-2.2528433945756725,,,0.7212080234392614,4.469,,1780342863,2026-06-01T19:41:03Z,TVC:US10Y
,,,-2.2528433945756725,,,0.7212080234392614,4.469,,1780343039,2026-06-01T19:43:59Z,TVC:US10Y
,,,-2.2528433945756725,,,0.7212080234392614,4.469,,1780343223,2026-06-01T19:47:03Z,TVC:US10Y
,,,-2.296587926509196,,,0.6761325219742925,4.467,,1780343397,2026-06-01T19:49:57Z,TVC:US10Y
,,,-2.340332458442699,,,0.6310570205093436,4.465,,1780343579,2026-06-01T19:52:59Z,TVC:US10Y
,,,-2.340332458442699,,,0.6310570205093436,4.465,,1780343763,2026-06-01T19:56:03Z,TVC:US10Y
,,,-2.427821522309706,,,0.540906017579446,4.461,,1780343931,2026-06-01T19:58:51Z,TVC:US10Y
,,,-2.427821522309706,,,0.540906017579446,4.461,,1780344127,2026-06-01T20:02:07Z,TVC:US10Y
,,,-2.5153105861767324,,,0.4507550146495284,4.457,,1780344292,2026-06-01T20:04:52Z,TVC:US10Y
,,,-2.559055118110236,,,0.4056795131845795,4.455,,1780344485,2026-06-01T20:08:05Z,TVC:US10Y
,,,-2.5153105861767324,,,0.4507550146495284,4.457,,1780344653,2026-06-01T20:10:53Z,TVC:US10Y
,,,-2.60279965004374,,,0.3606040117196307,4.453,,1780344846,2026-06-01T20:14:06Z,TVC:US10Y
,,,-2.690288713910766,,,0.2704530087897129,4.449,,1780345025,2026-06-01T20:17:05Z,TVC:US10Y
,,,-2.60279965004374,,,0.3606040117196307,4.453,,1780345197,2026-06-01T20:19:57Z,TVC:US10Y
,,,-2.6465441819772626,,,0.3155285102546618,4.451,,1780345377,2026-06-01T20:22:57Z,TVC:US10Y
,,,-2.6465441819772626,,,0.3155285102546618,4.451,,1780345561,2026-06-01T20:26:01Z,TVC:US10Y
,,,-2.6465441819772626,,,0.3155285102546618,4.451,,1780345749,2026-06-01T20:29:09Z,TVC:US10Y
,,,-2.60279965004374,,,0.3606040117196307,4.453,,1780345917,2026-06-01T20:31:57Z,TVC:US10Y
,,,-2.559055118110236,,,0.4056795131845795,4.455,,1780346106,2026-06-01T20:35:06Z,TVC:US10Y
,,,-2.60279965004374,,,0.3606040117196307,4.453,,1780346284,2026-06-01T20:38:04Z,TVC:US10Y
,,,-2.6465441819772626,,,0.3155285102546618,4.451,,1780346464,2026-06-01T20:41:04Z,TVC:US10Y
,,,-2.60279965004374,,,0.3606040117196307,4.453,,1780346640,2026-06-01T20:44:00Z,TVC:US10Y
,,,-2.60279965004374,,,0.3606040117196307,4.453,,1780346822,2026-06-01T20:47:02Z,TVC:US10Y
,,,-2.60279965004374,,,0.3606040117196307,4.453,,1780347006,2026-06-01T20:50:06Z,TVC:US10Y
,,,-2.5153105861767324,,,0.4507550146495284,4.457,,1780347175,2026-06-01T20:52:55Z,TVC:US10Y
,,,-2.5153105861767324,,,0.4507550146495284,4.457,,1780347359,2026-06-01T20:55:59Z,TVC:US10Y
,,,-2.5153105861767324,,,0.4507550146495284,4.457,,1780347541,2026-06-01T20:59:01Z,TVC:US10Y
,,,-2.60279965004374,,,0.3606040117196307,4.453,,1780347717,2026-06-01T21:01:57Z,TVC:US10Y
,,,-2.60279965004374,,,0.3606040117196307,4.453,,1780347899,2026-06-01T21:04:59Z,TVC:US10Y
,,,-2.60279965004374,,,0.3606040117196307,4.453,,1780348079,2026-06-01T21:07:59Z,TVC:US10Y
,,,-2.60279965004374,,,0.3606040117196307,4.453,,1780348269,2026-06-01T21:11:09Z,TVC:US10Y
,,,-2.60279965004374,,,0.3606040117196307,4.453,,1780348438,2026-06-01T21:13:58Z,TVC:US10Y
,,,-2.60279965004374,,,0.3606040117196307,4.453,,1780348619,2026-06-01T21:16:59Z,TVC:US10Y
,,,-2.60279965004374,,,0.3606040117196307,4.453,,1780348798,2026-06-01T21:19:58Z,TVC:US10Y
,,,-2.60279965004374,,,0.3606040117196307,4.453,,1780348981,2026-06-01T21:23:01Z,TVC:US10Y
,,,-2.60279965004374,,,0.3606040117196307,4.453,,1780349160,2026-06-01T21:26:00Z,TVC:US10Y
,,,-2.60279965004374,,,0.3606040117196307,4.453,,1780349338,2026-06-01T21:28:58Z,TVC:US10Y
,,,-2.60279965004374,,,0.3606040117196307,4.453,,1780349516,2026-06-01T21:31:56Z,TVC:US10Y
,,,-2.60279965004374,,,0.3606040117196307,4.453,,1780349705,2026-06-01T21:35:05Z,TVC:US10Y
,,,-2.60279965004374,,,0.3606040117196307,4.453,,1780349876,2026-06-01T21:37:56Z,TVC:US10Y
,,,-2.60279965004374,,,0.3606040117196307,4.453,,1780350063,2026-06-01T21:41:03Z,TVC:US10Y
,,,-2.60279965004374,,,0.3606040117196307,4.453,,1780350245,2026-06-01T21:44:05Z,TVC:US10Y
,,,-2.60279965004374,,,0.3606040117196307,4.453,,1780350423,2026-06-01T21:47:03Z,TVC:US10Y
,,,-2.60279965004374,,,0.3606040117196307,4.453,,1780350599,2026-06-01T21:49:59Z,TVC:US10Y
,,,-2.60279965004374,,,0.3606040117196307,4.453,,1780350783,2026-06-01T21:53:03Z,TVC:US10Y
,,,-2.60279965004374,,,0.3606040117196307,4.453,,1780350966,2026-06-01T21:56:06Z,TVC:US10Y
,,,-2.60279965004374,,,0.3606040117196307,4.453,,1780351145,2026-06-01T21:59:05Z,TVC:US10Y
,,,-2.60279965004374,,,0.3606040117196307,4.453,,1780351318,2026-06-01T22:01:58Z,TVC:US10Y
,,,-2.60279965004374,,,0.3606040117196307,4.453,,1780351505,2026-06-01T22:05:05Z,TVC:US10Y
,,,-2.60279965004374,,,0.3606040117196307,4.453,,1780351681,2026-06-01T22:08:01Z,TVC:US10Y
,,,-2.60279965004374,,,0.3606040117196307,4.453,,1780351857,2026-06-01T22:10:57Z,TVC:US10Y
,,,-2.60279965004374,,,0.3606040117196307,4.453,,1780352039,2026-06-01T22:13:59Z,TVC:US10Y
,,,-2.60279965004374,,,0.3606040117196307,4.453,,1780352210,2026-06-01T22:16:50Z,TVC:US10Y
,,,-2.60279965004374,,,0.3606040117196307,4.453,,1780352400,2026-06-01T22:20:00Z,TVC:US10Y
,,,-2.60279965004374,,,0.3606040117196307,4.453,,1780352581,2026-06-01T22:23:01Z,TVC:US10Y
,,,-2.60279965004374,,,0.3606040117196307,4.453,,1780352758,2026-06-01T22:25:58Z,TVC:US10Y
,,,-2.60279965004374,,,0.3606040117196307,4.453,,1780352939,2026-06-01T22:28:59Z,TVC:US10Y
,,,-2.60279965004374,,,0.3606040117196307,4.453,,1780353121,2026-06-01T22:32:01Z,TVC:US10Y
,,,-2.60279965004374,,,0.3606040117196307,4.453,,1780353295,2026-06-01T22:34:55Z,TVC:US10Y
,,,-2.60279965004374,,,0.3606040117196307,4.453,,1780353480,2026-06-01T22:38:00Z,TVC:US10Y
,,,-2.60279965004374,,,0.3606040117196307,4.453,,1780353661,2026-06-01T22:41:01Z,TVC:US10Y
,,,-2.60279965004374,,,0.3606040117196307,4.453,,1780353845,2026-06-01T22:44:05Z,TVC:US10Y
,,,-2.60279965004374,,,0.3606040117196307,4.453,,1780354020,2026-06-01T22:47:00Z,TVC:US10Y
,,,-2.60279965004374,,,0.3606040117196307,4.453,,1780354199,2026-06-01T22:49:59Z,TVC:US10Y
,,,-2.60279965004374,,,0.3606040117196307,4.453,,1780354381,2026-06-01T22:53:01Z,TVC:US10Y
,,,-2.60279965004374,,,0.3606040117196307,4.453,,1780354565,2026-06-01T22:56:05Z,TVC:US10Y
,,,-2.60279965004374,,,0.3606040117196307,4.453,,1780354731,2026-06-01T22:58:51Z,TVC:US10Y
,,,-2.60279965004374,,,0.3606040117196307,4.453,,1780354918,2026-06-01T23:01:58Z,TVC:US10Y
,,,-2.60279965004374,,,0.3606040117196307,4.453,,1780355101,2026-06-01T23:05:01Z,TVC:US10Y
,,,-2.60279965004374,,,0.3606040117196307,4.453,,1780355274,2026-06-01T23:07:54Z,TVC:US10Y
,,,-2.60279965004374,,,0.3606040117196307,4.453,,1780355462,2026-06-01T23:11:02Z,TVC:US10Y
,,,-2.60279965004374,,,0.3606040117196307,4.453,,1780355634,2026-06-01T23:13:54Z,TVC:US10Y
,,,-2.60279965004374,,,0.3606040117196307,4.453,,1780355819,2026-06-01T23:16:59Z,TVC:US10Y
,,,-2.60279965004374,,,0.3606040117196307,4.453,,1780355995,2026-06-01T23:19:55Z,TVC:US10Y
,,,-2.60279965004374,,,0.3606040117196307,4.453,,1780356186,2026-06-01T23:23:06Z,TVC:US10Y
,,,-2.60279965004374,,,0.3606040117196307,4.453,,1780356358,2026-06-01T23:25:58Z,TVC:US10Y
,,,-2.60279965004374,,,0.3606040117196307,4.453,,1780356540,2026-06-01T23:29:00Z,TVC:US10Y
,,,-2.60279965004374,,,0.3606040117196307,4.453,,1780356719,2026-06-01T23:31:59Z,TVC:US10Y
,,,-2.60279965004374,,,0.3606040117196307,4.453,,1780356898,2026-06-01T23:34:58Z,TVC:US10Y
,,,-2.60279965004374,,,0.3606040117196307,4.453,,1780357081,2026-06-01T23:38:01Z,TVC:US10Y
,,,-2.60279965004374,,,0.3606040117196307,4.453,,1780357256,2026-06-01T23:40:56Z,TVC:US10Y
,,,-2.60279965004374,,,0.3606040117196307,4.453,,1780357441,2026-06-01T23:44:01Z,TVC:US10Y
,,,-2.60279965004374,,,0.3606040117196307,4.453,,1780357617,2026-06-01T23:46:57Z,TVC:US10Y
,,,-2.60279965004374,,,0.3606040117196307,4.453,,1780357805,2026-06-01T23:50:05Z,TVC:US10Y
,,,-2.60279965004374,,,0.3606040117196307,4.453,,1780357984,2026-06-01T23:53:04Z,TVC:US10Y
,,,-2.60279965004374,,,0.3606040117196307,4.453,,1780358155,2026-06-01T23:55:55Z,TVC:US10Y
,,,-2.60279965004374,,,0.3606040117196307,4.453,,1780358338,2026-06-01T23:58:58Z,TVC:US10Y
,,,-2.60279965004374,,,0.3606040117196307,4.453,,1780358522,2026-06-02T00:02:02Z,TVC:US10Y
,,,-2.60279965004374,,,0.3606040117196307,4.453,,1780358697,2026-06-02T00:04:57Z,TVC:US10Y
,,,-2.60279965004374,,,0.3606040117196307,4.453,,1780358877,2026-06-02T00:07:57Z,TVC:US10Y
,,,-0.8012463832628639,,,0.089827082865474,4.457,,1780359054,2026-06-02T00:10:54Z,TVC:US10Y
,,,-0.8012463832628639,,,0.089827082865474,4.457,,1780359244,2026-06-02T00:14:04Z,TVC:US10Y
,,,-0.8457600712219063,,,0.044913541432737,4.455,,1780359417,2026-06-02T00:16:57Z,TVC:US10Y
,,,-0.8457600712219063,,,0.044913541432737,4.455,,1780359600,2026-06-02T00:20:00Z,TVC:US10Y
,,,-0.8457600712219063,,,0.044913541432737,4.455,,1780359783,2026-06-02T00:23:03Z,TVC:US10Y
,,,-0.8012463832628639,,,0.089827082865474,4.457,,1780359967,2026-06-02T00:26:07Z,TVC:US10Y
,,,-0.8457600712219063,,,0.044913541432737,4.455,,1780360132,2026-06-02T00:28:52Z,TVC:US10Y
,,,-0.8012463832628639,,,0.089827082865474,4.457,,1780360318,2026-06-02T00:31:58Z,TVC:US10Y
,,,-0.8012463832628639,,,0.089827082865474,4.457,,1780360496,2026-06-02T00:34:56Z,TVC:US10Y
,,,-0.8012463832628639,,,0.089827082865474,4.457,,1780360673,2026-06-02T00:37:53Z,TVC:US10Y
,,,-0.8012463832628639,,,0.089827082865474,4.457,,1780360866,2026-06-02T00:41:06Z,TVC:US10Y
,,,-0.8012463832628639,,,0.089827082865474,4.457,,1780361038,2026-06-02T00:43:58Z,TVC:US10Y
,,,-0.8012463832628639,,,0.089827082865474,4.457,,1780361219,2026-06-02T00:46:59Z,TVC:US10Y
,,,-0.8012463832628639,,,0.089827082865474,4.457,,1780361400,2026-06-02T00:50:00Z,TVC:US10Y
,,,-0.7122190073447591,,,0.179654165730968,4.461,,1780361581,2026-06-02T00:53:01Z,TVC:US10Y
,,,-0.8012463832628639,,,0.089827082865474,4.457,,1780361763,2026-06-02T00:56:03Z,TVC:US10Y
,,,-0.8012463832628639,,,0.089827082865474,4.457,,1780361940,2026-06-02T00:59:00Z,TVC:US10Y
,,,-0.8012463832628639,,,0.089827082865474,4.457,,1780362128,2026-06-02T01:02:08Z,TVC:US10Y
,,,-0.8012463832628639,,,0.089827082865474,4.457,,1780362300,2026-06-02T01:05:00Z,TVC:US10Y
,,,-0.8457600712219063,,,0.044913541432737,4.455,,1780362468,2026-06-02T01:07:48Z,TVC:US10Y
,,,-0.8012463832628639,,,0.089827082865474,4.457,,1780362659,2026-06-02T01:10:59Z,TVC:US10Y
,,,-0.8902737591809489,,,0.0,4.453,,1780362843,2026-06-02T01:14:03Z,TVC:US10Y
,,,-0.8902737591809489,,,0.0,4.453,,1780363016,2026-06-02T01:16:56Z,TVC:US10Y
,,,-0.8902737591809489,,,0.0,4.453,,1780363200,2026-06-02T01:20:00Z,TVC:US10Y
,,,-0.8902737591809489,,,0.0,4.453,,1780363378,2026-06-02T01:22:58Z,TVC:US10Y
,,,-0.8902737591809489,,,0.0,4.453,,1780363565,2026-06-02T01:26:05Z,TVC:US10Y
,,,-0.8902737591809489,,,0.0,4.453,,1780363743,2026-06-02T01:29:03Z,TVC:US10Y
,,,-0.8902737591809489,,,0.0,4.453,,1780363924,2026-06-02T01:32:04Z,TVC:US10Y
,,,-0.8902737591809489,,,0.0,4.453,,1780364102,2026-06-02T01:35:02Z,TVC:US10Y
,,,-0.9793011350990536,,,-0.0898270828654939,4.449,,1780364281,2026-06-02T01:38:01Z,TVC:US10Y
,,,-0.9793011350990536,,,-0.0898270828654939,4.449,,1780364459,2026-06-02T01:40:59Z,TVC:US10Y
,,,-0.9793011350990536,,,-0.0898270828654939,4.449,,1780364645,2026-06-02T01:44:05Z,TVC:US10Y
,,,-0.9347874471400112,,,-0.0449135414327569,4.451,,1780364824,2026-06-02T01:47:04Z,TVC:US10Y
,,,-0.8902737591809489,,,0.0,4.453,,1780365007,2026-06-02T01:50:07Z,TVC:US10Y
,,,-0.8902737591809489,,,0.0,4.453,,1780365175,2026-06-02T01:52:55Z,TVC:US10Y
,,,-0.9793011350990536,,,-0.0898270828654939,4.449,,1780365360,2026-06-02T01:56:00Z,TVC:US10Y
,,,-0.9347874471400112,,,-0.0449135414327569,4.451,,1780365540,2026-06-02T01:59:00Z,TVC:US10Y
,,,-0.9793011350990536,,,-0.0898270828654939,4.449,,1780365706,2026-06-02T02:01:46Z,TVC:US10Y
,,,-0.9793011350990536,,,-0.0898270828654939,4.449,,1780365900,2026-06-02T02:05:00Z,TVC:US10Y
,,,-0.9793011350990536,,,-0.0898270828654939,4.449,,1780366079,2026-06-02T02:07:59Z,TVC:US10Y
,,,-0.9793011350990536,,,-0.0898270828654939,4.449,,1780366254,2026-06-02T02:10:54Z,TVC:US10Y
,,,-0.9793011350990536,,,-0.0898270828654939,4.449,,1780366442,2026-06-02T02:14:02Z,TVC:US10Y
,,,-0.9793011350990536,,,-0.0898270828654939,4.449,,1780366616,2026-06-02T02:16:56Z,TVC:US10Y
,,,-0.9347874471400112,,,-0.0449135414327569,4.451,,1780366796,2026-06-02T02:19:56Z,TVC:US10Y
,,,-0.9793011350990536,,,-0.0898270828654939,4.449,,1780366985,2026-06-02T02:23:05Z,TVC:US10Y
,,,-0.9347874471400112,,,-0.0449135414327569,4.451,,1780367162,2026-06-02T02:26:02Z,TVC:US10Y
,,,-0.9793011350990536,,,-0.0898270828654939,4.449,,1780367341,2026-06-02T02:29:01Z,TVC:US10Y
,,,-0.9793011350990536,,,-0.0898270828654939,4.449,,1780367516,2026-06-02T02:31:56Z,TVC:US10Y
,,,-0.9793011350990536,,,-0.0898270828654939,4.449,,1780367705,2026-06-02T02:35:05Z,TVC:US10Y
,,,-0.9793011350990536,,,-0.0898270828654939,4.449,,1780367876,2026-06-02T02:37:56Z,TVC:US10Y
,,,-0.9793011350990536,,,-0.0898270828654939,4.449,,1780368071,2026-06-02T02:41:11Z,TVC:US10Y
,,,-0.9793011350990536,,,-0.0898270828654939,4.449,,1780368231,2026-06-02T02:43:51Z,TVC:US10Y
,,,-0.9793011350990536,,,-0.0898270828654939,4.449,,1780368415,2026-06-02T02:46:55Z,TVC:US10Y
,,,-0.9793011350990536,,,-0.0898270828654939,4.449,,1780368603,2026-06-02T02:50:03Z,TVC:US10Y
,,,-0.9793011350990536,,,-0.0898270828654939,4.449,,1780368779,2026-06-02T02:52:59Z,TVC:US10Y
,,,-0.9793011350990536,,,-0.0898270828654939,4.449,,1780368967,2026-06-02T02:56:07Z,TVC:US10Y
,,,-0.9793011350990536,,,-0.0898270828654939,4.449,,1780369142,2026-06-02T02:59:02Z,TVC:US10Y
,,,-1.023814823058096,,,-0.134740624298231,4.447,,1780369323,2026-06-02T03:02:03Z,TVC:US10Y
,,,-0.9793011350990536,,,-0.0898270828654939,4.449,,1780369499,2026-06-02T03:04:59Z,TVC:US10Y
,,,-0.9793011350990536,,,-0.0898270828654939,4.449,,1780369679,2026-06-02T03:07:59Z,TVC:US10Y
,,,-0.9793011350990536,,,-0.0898270828654939,4.449,,1780369860,2026-06-02T03:11:00Z,TVC:US10Y
,,,-0.9793011350990536,,,-0.0898270828654939,4.449,,1780370045,2026-06-02T03:14:05Z,TVC:US10Y
,,,-0.9793011350990536,,,-0.0898270828654939,4.449,,1780370220,2026-06-02T03:17:00Z,TVC:US10Y
,,,-0.9793011350990536,,,-0.0898270828654939,4.449,,1780370400,2026-06-02T03:20:00Z,TVC:US10Y
,,,-0.9793011350990536,,,-0.0898270828654939,4.449,,1780370577,2026-06-02T03:22:57Z,TVC:US10Y
,,,-0.9793011350990536,,,-0.0898270828654939,4.449,,1780370759,2026-06-02T03:25:59Z,TVC:US10Y
,,,-0.9793011350990536,,,-0.0898270828654939,4.449,,1780370940,2026-06-02T03:29:00Z,TVC:US10Y
,,,-0.9793011350990536,,,-0.0898270828654939,4.449,,1780371121,2026-06-02T03:32:01Z,TVC:US10Y
,,,-0.9793011350990536,,,-0.0898270828654939,4.449,,1780371295,2026-06-02T03:34:55Z,TVC:US10Y
,,,-1.0683285110171383,,,-0.179654165730968,4.445,,1780371481,2026-06-02T03:38:01Z,TVC:US10Y
,,,-1.0683285110171383,,,-0.179654165730968,4.445,,1780371663,2026-06-02T03:41:03Z,TVC:US10Y
,,,-1.0683285110171383,,,-0.179654165730968,4.445,,1780371834,2026-06-02T03:43:54Z,TVC:US10Y
,,,-1.0683285110171383,,,-0.179654165730968,4.445,,1780372019,2026-06-02T03:46:59Z,TVC:US10Y
,,,-1.1573558869352434,,,-0.269481248596462,4.441,,1780372199,2026-06-02T03:49:59Z,TVC:US10Y
,,,-1.1573558869352434,,,-0.269481248596462,4.441,,1780372384,2026-06-02T03:53:04Z,TVC:US10Y
,,,-1.0683285110171383,,,-0.179654165730968,4.445,,1780372565,2026-06-02T03:56:05Z,TVC:US10Y
,,,-1.0683285110171383,,,-0.179654165730968,4.445,,1780372739,2026-06-02T03:58:59Z,TVC:US10Y
,,,-1.0683285110171383,,,-0.179654165730968,4.445,,1780372928,2026-06-02T04:02:08Z,TVC:US10Y
,,,-1.0683285110171383,,,-0.179654165730968,4.445,,1780373097,2026-06-02T04:04:57Z,TVC:US10Y
,,,-1.0683285110171383,,,-0.179654165730968,4.445,,1780373283,2026-06-02T04:08:03Z,TVC:US10Y
,,,-1.0683285110171383,,,-0.179654165730968,4.445,,1780373459,2026-06-02T04:10:59Z,TVC:US10Y
,,,-1.0683285110171383,,,-0.179654165730968,4.445,,1780373643,2026-06-02T04:14:03Z,TVC:US10Y
,,,-1.1573558869352434,,,-0.269481248596462,4.441,,1780373822,2026-06-02T04:17:02Z,TVC:US10Y
,,,-1.1573558869352434,,,-0.269481248596462,4.441,,1780374002,2026-06-02T04:20:02Z,TVC:US10Y
,,,-1.1573558869352434,,,-0.269481248596462,4.441,,1780374182,2026-06-02T04:23:02Z,TVC:US10Y
,,,-1.1573558869352434,,,-0.269481248596462,4.441,,1780374360,2026-06-02T04:26:00Z,TVC:US10Y
,,,-1.1573558869352434,,,-0.269481248596462,4.441,,1780374536,2026-06-02T04:28:56Z,TVC:US10Y
,,,-1.1573558869352434,,,-0.269481248596462,4.441,,1780374719,2026-06-02T04:31:59Z,TVC:US10Y
,,,-1.2018695748942858,,,-0.314394790029199,4.439,,1780374900,2026-06-02T04:35:00Z,TVC:US10Y
,,,-1.2018695748942858,,,-0.314394790029199,4.439,,1780375079,2026-06-02T04:37:59Z,TVC:US10Y
,,,-1.2018695748942858,,,-0.314394790029199,4.439,,1780375256,2026-06-02T04:40:56Z,TVC:US10Y
,,,-1.2018695748942858,,,-0.314394790029199,4.439,,1780375440,2026-06-02T04:44:00Z,TVC:US10Y
,,,-1.2018695748942858,,,-0.314394790029199,4.439,,1780375613,2026-06-02T04:46:53Z,TVC:US10Y
,,,-1.2463832628533285,,,-0.3593083314619361,4.437,,1780375796,2026-06-02T04:49:56Z,TVC:US10Y
,,,-1.2463832628533285,,,-0.3593083314619361,4.437,,1780375980,2026-06-02T04:53:00Z,TVC:US10Y
,,,-1.2463832628533285,,,-0.3593083314619361,4.437,,1780376159,2026-06-02T04:55:59Z,TVC:US10Y
,,,-1.2018695748942858,,,-0.314394790029199,4.439,,1780376345,2026-06-02T04:59:05Z,TVC:US10Y
,,,-1.313153794791902,,,-0.4266786436110515,4.434,,1780376514,2026-06-02T05:01:54Z,TVC:US10Y
,,,-1.313153794791902,,,-0.4266786436110515,4.434,,1780376701,2026-06-02T05:05:01Z,TVC:US10Y
,,,-1.2463832628533285,,,-0.3593083314619361,4.437,,1780376886,2026-06-02T05:08:06Z,TVC:US10Y
,,,-1.313153794791902,,,-0.4266786436110515,4.434,,1780377057,2026-06-02T05:10:57Z,TVC:US10Y
,,,-1.313153794791902,,,-0.4266786436110515,4.434,,1780377236,2026-06-02T05:13:56Z,TVC:US10Y
,,,-1.313153794791902,,,-0.4266786436110515,4.434,,1780377421,2026-06-02T05:17:01Z,TVC:US10Y
,,,-1.313153794791902,,,-0.4266786436110515,4.434,,1780377599,2026-06-02T05:19:59Z,TVC:US10Y
,,,-1.313153794791902,,,-0.4266786436110515,4.434,,1780377772,2026-06-02T05:22:52Z,TVC:US10Y
,,,-1.313153794791902,,,-0.4266786436110515,4.434,,1780377957,2026-06-02T05:25:57Z,TVC:US10Y
,,,-1.313153794791902,,,-0.4266786436110515,4.434,,1780378145,2026-06-02T05:29:05Z,TVC:US10Y
,,,-1.313153794791902,,,-0.4266786436110515,4.434,,1780378316,2026-06-02T05:31:56Z,TVC:US10Y
,,,-1.313153794791902,,,-0.4266786436110515,4.434,,1780378504,2026-06-02T05:35:04Z,TVC:US10Y
,,,-1.313153794791902,,,-0.4266786436110515,4.434,,1780378680,2026-06-02T05:38:00Z,TVC:US10Y
,,,-1.313153794791902,,,-0.4266786436110515,4.434,,1780378861,2026-06-02T05:41:01Z,TVC:US10Y
,,,-1.3576674827509445,,,-0.4715921850437886,4.432,,1780379042,2026-06-02T05:44:02Z,TVC:US10Y
,,,-1.3576674827509445,,,-0.4715921850437886,4.432,,1780379219,2026-06-02T05:46:59Z,TVC:US10Y
,,,-1.313153794791902,,,-0.4266786436110515,4.434,,1780379400,2026-06-02T05:50:00Z,TVC:US10Y
,,,-1.2908969508123906,,,-0.4042218728946931,4.435,,1780379580,2026-06-02T05:53:00Z,TVC:US10Y
,,,-1.2463832628533285,,,-0.3593083314619361,4.437,,1780379759,2026-06-02T05:55:59Z,TVC:US10Y
,,,-1.2463832628533285,,,-0.3593083314619361,4.437,,1780379947,2026-06-02T05:59:07Z,TVC:US10Y
,,,-1.2463832628533285,,,-0.3593083314619361,4.437,,1780380116,2026-06-02T06:01:56Z,TVC:US10Y
,,,-1.313153794791902,,,-0.4266786436110515,4.434,,1780380303,2026-06-02T06:05:03Z,TVC:US10Y
,,,-1.313153794791902,,,-0.4266786436110515,4.434,,1780380477,2026-06-02T06:07:57Z,TVC:US10Y
,,,-1.2908969508123906,,,-0.4042218728946931,4.435,,1780380659,2026-06-02T06:10:59Z,TVC:US10Y
,,,-1.2908969508123906,,,-0.4042218728946931,4.435,,1780380844,2026-06-02T06:14:04Z,TVC:US10Y
,,,-1.402181170710007,,,-0.5165057264765456,4.43,,1780381029,2026-06-02T06:17:09Z,TVC:US10Y
,,,-1.402181170710007,,,-0.5165057264765456,4.43,,1780381201,2026-06-02T06:20:01Z,TVC:US10Y
,,,-1.402181170710007,,,-0.5165057264765456,4.43,,1780381377,2026-06-02T06:22:57Z,TVC:US10Y
,,,-1.3576674827509445,,,-0.4715921850437886,4.432,,1780381563,2026-06-02T06:26:03Z,TVC:US10Y
,,,-1.313153794791902,,,-0.4266786436110515,4.434,,1780381741,2026-06-02T06:29:01Z,TVC:US10Y
,,,-1.402181170710007,,,-0.5165057264765456,4.43,,1780381918,2026-06-02T06:31:58Z,TVC:US10Y
,,,-1.313153794791902,,,-0.4266786436110515,4.434,,1780382102,2026-06-02T06:35:02Z,TVC:US10Y
,,,-1.3576674827509445,,,-0.4715921850437886,4.432,,1780382278,2026-06-02T06:37:58Z,TVC:US10Y
,,,-1.313153794791902,,,-0.4266786436110515,4.434,,1780382455,2026-06-02T06:40:55Z,TVC:US10Y
,,,-1.313153794791902,,,-0.4266786436110515,4.434,,1780382636,2026-06-02T06:43:56Z,TVC:US10Y
,,,-1.313153794791902,,,-0.4266786436110515,4.434,,1780382825,2026-06-02T06:47:05Z,TVC:US10Y
,,,-1.313153794791902,,,-0.4266786436110515,4.434,,1780382996,2026-06-02T06:49:56Z,TVC:US10Y
,,,-1.313153794791902,,,-0.4266786436110515,4.434,,1780383186,2026-06-02T06:53:06Z,TVC:US10Y
,,,-1.313153794791902,,,-0.4266786436110515,4.434,,1780383355,2026-06-02T06:55:55Z,TVC:US10Y
,,,-1.313153794791902,,,-0.4266786436110515,4.434,,1780383542,2026-06-02T06:59:02Z,TVC:US10Y
,,,-1.402181170710007,,,-0.5165057264765456,4.43,,1780383720,2026-06-02T07:02:00Z,TVC:US10Y
,,,-1.402181170710007,,,-0.5165057264765456,4.43,,1780383892,2026-06-02T07:04:52Z,TVC:US10Y
,,,-1.402181170710007,,,-0.5165057264765456,4.43,,1780384087,2026-06-02T07:08:07Z,TVC:US10Y
,,,-1.402181170710007,,,-0.5165057264765456,4.43,,1780384267,2026-06-02T07:11:07Z,TVC:US10Y
,,,-1.313153794791902,,,-0.4266786436110515,4.434,,1780384435,2026-06-02T07:13:55Z,TVC:US10Y
,,,-1.313153794791902,,,-0.4266786436110515,4.434,,1780384615,2026-06-02T07:16:55Z,TVC:US10Y
,,,-1.313153794791902,,,-0.4266786436110515,4.434,,1780384798,2026-06-02T07:19:58Z,TVC:US10Y
,,,-1.3576674827509445,,,-0.4715921850437886,4.432,,1780384980,2026-06-02T07:23:00Z,TVC:US10Y
,,,-1.2908969508123906,,,-0.4042218728946931,4.435,,1780385159,2026-06-02T07:25:59Z,TVC:US10Y
,,,-1.2463832628533285,,,-0.3593083314619361,4.437,,1780385336,2026-06-02T07:28:56Z,TVC:US10Y
,,,-1.313153794791902,,,-0.4266786436110515,4.434,,1780385517,2026-06-02T07:31:57Z,TVC:US10Y
,,,-1.313153794791902,,,-0.4266786436110515,4.434,,1780385700,2026-06-02T07:35:00Z,TVC:US10Y
,,,-1.313153794791902,,,-0.4266786436110515,4.434,,1780385878,2026-06-02T07:37:58Z,TVC:US10Y
,,,-1.313153794791902,,,-0.4266786436110515,4.434,,1780386060,2026-06-02T07:41:00Z,TVC:US10Y
,,,-1.313153794791902,,,-0.4266786436110515,4.434,,1780386237,2026-06-02T07:43:57Z,TVC:US10Y
,,,-1.313153794791902,,,-0.4266786436110515,4.434,,1780386423,2026-06-02T07:47:03Z,TVC:US10Y
,,,-1.313153794791902,,,-0.4266786436110515,4.434,,1780386597,2026-06-02T07:49:57Z,TVC:US10Y
,,,-1.313153794791902,,,-0.4266786436110515,4.434,,1780386772,2026-06-02T07:52:52Z,TVC:US10Y
,,,-1.402181170710007,,,-0.5165057264765456,4.43,,1780386961,2026-06-02T07:56:01Z,TVC:US10Y
,,,-1.313153794791902,,,-0.4266786436110515,4.434,,1780387138,2026-06-02T07:58:58Z,TVC:US10Y
,,,-1.313153794791902,,,-0.4266786436110515,4.434,,1780387320,2026-06-02T08:02:00Z,TVC:US10Y
,,,-1.313153794791902,,,-0.4266786436110515,4.434,,1780387503,2026-06-02T08:05:03Z,TVC:US10Y
,,,-1.402181170710007,,,-0.4266786436110515,4.434,,1780387680,2026-06-02T08:08:00Z,TVC:US10Y
,,,-1.313153794791902,,,-0.4266786436110515,4.434,,1780387860,2026-06-02T08:11:00Z,TVC:US10Y
,,,-1.313153794791902,,,-0.4266786436110515,4.434,,1780388041,2026-06-02T08:14:01Z,TVC:US10Y
,,,-1.402181170710007,,,-0.5165057264765456,4.43,,1780388221,2026-06-02T08:17:01Z,TVC:US10Y
,,,-1.402181170710007,,,-0.5165057264765456,4.43,,1780388401,2026-06-02T08:20:01Z,TVC:US10Y
,,,-1.402181170710007,,,-0.5165057264765456,4.43,,1780388583,2026-06-02T08:23:03Z,TVC:US10Y
,,,-1.3576674827509445,,,-0.4715921850437886,4.432,,1780388758,2026-06-02T08:25:58Z,TVC:US10Y
,,,-1.3576674827509445,,,-0.4715921850437886,4.432,,1780388938,2026-06-02T08:28:58Z,TVC:US10Y
,,,-1.3576674827509445,,,-0.4715921850437886,4.432,,1780389118,2026-06-02T08:31:58Z,TVC:US10Y
,,,-1.402181170710007,,,-0.5165057264765456,4.43,,1780389303,2026-06-02T08:35:03Z,TVC:US10Y
,,,-1.402181170710007,,,-0.5165057264765456,4.43,,1780389481,2026-06-02T08:38:01Z,TVC:US10Y
,,,-1.402181170710007,,,-0.5165057264765456,4.43,,1780389659,2026-06-02T08:40:59Z,TVC:US10Y
,,,-1.402181170710007,,,-0.5165057264765456,4.43,,1780389844,2026-06-02T08:44:04Z,TVC:US10Y
,,,-1.3576674827509445,,,-0.4715921850437886,4.432,,1780390023,2026-06-02T08:47:03Z,TVC:US10Y
,,,-1.402181170710007,,,-0.5165057264765456,4.43,,1780390198,2026-06-02T08:49:58Z,TVC:US10Y
,,,-1.402181170710007,,,-0.5165057264765456,4.43,,1780390386,2026-06-02T08:53:06Z,TVC:US10Y
,,,-1.402181170710007,,,-0.5165057264765456,4.43,,1780390561,2026-06-02T08:56:01Z,TVC:US10Y
,,,-1.313153794791902,,,-0.4266786436110515,4.434,,1780390735,2026-06-02T08:58:55Z,TVC:US10Y
,,,-1.313153794791902,,,-0.4266786436110515,4.434,,1780390920,2026-06-02T09:02:00Z,TVC:US10Y
,,,-1.2908969508123906,,,-0.4042218728946931,4.435,,1780391103,2026-06-02T09:05:03Z,TVC:US10Y
,,,-1.2908969508123906,,,-0.4042218728946931,4.435,,1780391280,2026-06-02T09:08:00Z,TVC:US10Y
,,,-1.313153794791902,,,-0.4266786436110515,4.434,,1780391456,2026-06-02T09:10:56Z,TVC:US10Y
,,,-1.313153794791902,,,-0.4266786436110515,4.434,,1780391642,2026-06-02T09:14:02Z,TVC:US10Y
,,,-1.313153794791902,,,-0.4266786436110515,4.434,,1780391814,2026-06-02T09:16:54Z,TVC:US10Y
,,,-1.313153794791902,,,-0.4266786436110515,4.434,,1780392004,2026-06-02T09:20:04Z,TVC:US10Y
,,,-1.313153794791902,,,-0.4266786436110515,4.434,,1780392175,2026-06-02T09:22:55Z,TVC:US10Y
,,,-1.2908969508123906,,,-0.4042218728946931,4.435,,1780392366,2026-06-02T09:26:06Z,TVC:US10Y
,,,-1.2463832628533285,,,-0.3593083314619361,4.437,,1780392541,2026-06-02T09:29:01Z,TVC:US10Y
,,,-1.2018695748942858,,,-0.314394790029199,4.439,,1780392723,2026-06-02T09:32:03Z,TVC:US10Y
,,,-1.2018695748942858,,,-0.314394790029199,4.439,,1780392900,2026-06-02T09:35:00Z,TVC:US10Y
,,,-1.2463832628533285,,,-0.3593083314619361,4.437,,1780393081,2026-06-02T09:38:01Z,TVC:US10Y
,,,-1.2463832628533285,,,-0.3593083314619361,4.437,,1780393261,2026-06-02T09:41:01Z,TVC:US10Y
,,,-1.2463832628533285,,,-0.3593083314619361,4.437,,1780393441,2026-06-02T09:44:01Z,TVC:US10Y
,,,-1.2463832628533285,,,-0.3593083314619361,4.437,,1780393617,2026-06-02T09:46:57Z,TVC:US10Y
,,,-1.2463832628533285,,,-0.3593083314619361,4.437,,1780393798,2026-06-02T09:49:58Z,TVC:US10Y
,,,-1.2463832628533285,,,-0.3593083314619361,4.437,,1780393988,2026-06-02T09:53:08Z,TVC:US10Y
,,,-1.2908969508123906,,,-0.4042218728946931,4.435,,1780394151,2026-06-02T09:55:51Z,TVC:US10Y
,,,-1.2463832628533285,,,-0.3593083314619361,4.437,,1780394345,2026-06-02T09:59:05Z,TVC:US10Y
,,,-1.2018695748942858,,,-0.314394790029199,4.439,,1780394517,2026-06-02T10:01:57Z,TVC:US10Y
,,,-1.2018695748942858,,,-0.314394790029199,4.439,,1780394702,2026-06-02T10:05:02Z,TVC:US10Y
,,,-1.2463832628533285,,,-0.3593083314619361,4.437,,1780394871,2026-06-02T10:07:51Z,TVC:US10Y
,,,-1.2908969508123906,,,-0.4042218728946931,4.435,,1780395059,2026-06-02T10:10:59Z,TVC:US10Y
,,,-1.2908969508123906,,,-0.4042218728946931,4.435,,1780395242,2026-06-02T10:14:02Z,TVC:US10Y
,,,-1.2463832628533285,,,-0.3593083314619361,4.437,,1780395423,2026-06-02T10:17:03Z,TVC:US10Y
,,,-1.313153794791902,,,-0.4266786436110515,4.434,,1780395605,2026-06-02T10:20:05Z,TVC:US10Y
,,,-1.313153794791902,,,-0.4266786436110515,4.434,,1780395779,2026-06-02T10:22:59Z,TVC:US10Y
,,,-1.313153794791902,,,-0.4266786436110515,4.434,,1780395953,2026-06-02T10:25:53Z,TVC:US10Y
,,,-1.313153794791902,,,-0.4266786436110515,4.434,,1780396145,2026-06-02T10:29:05Z,TVC:US10Y
,,,-1.313153794791902,,,-0.4266786436110515,4.434,,1780396321,2026-06-02T10:32:01Z,TVC:US10Y
,,,-1.313153794791902,,,-0.4266786436110515,4.434,,1780396502,2026-06-02T10:35:02Z,TVC:US10Y
,,,-1.313153794791902,,,-0.4266786436110515,4.434,,1780396683,2026-06-02T10:38:03Z,TVC:US10Y
,,,-1.3576674827509445,,,-0.4715921850437886,4.432,,1780396857,2026-06-02T10:40:57Z,TVC:US10Y
,,,-1.313153794791902,,,-0.4266786436110515,4.434,,1780397046,2026-06-02T10:44:06Z,TVC:US10Y
,,,-1.402181170710007,,,-0.5165057264765456,4.43,,1780397223,2026-06-02T10:47:03Z,TVC:US10Y
,,,-1.402181170710007,,,-0.5165057264765456,4.43,,1780397404,2026-06-02T10:50:04Z,TVC:US10Y
,,,-1.402181170710007,,,-0.5165057264765456,4.43,,1780397582,2026-06-02T10:53:02Z,TVC:US10Y
,,,-1.402181170710007,,,-0.5165057264765456,4.43,,1780397757,2026-06-02T10:55:57Z,TVC:US10Y
,,,-1.402181170710007,,,-0.5165057264765456,4.43,,1780397942,2026-06-02T10:59:02Z,TVC:US10Y
,,,-1.402181170710007,,,-0.5165057264765456,4.43,,1780398117,2026-06-02T11:01:57Z,TVC:US10Y
,,,-1.4912085466280918,,,-0.6063328093420196,4.426,,1780398307,2026-06-02T11:05:07Z,TVC:US10Y
,,,-1.4912085466280918,,,-0.6063328093420196,4.426,,1780398479,2026-06-02T11:07:59Z,TVC:US10Y
,,,-1.5357222345871344,,,-0.6512463507747567,4.424,,1780398659,2026-06-02T11:10:59Z,TVC:US10Y
,,,-1.4912085466280918,,,-0.6063328093420196,4.426,,1780398838,2026-06-02T11:13:58Z,TVC:US10Y
,,,-1.4912085466280918,,,-0.6063328093420196,4.426,,1780399018,2026-06-02T11:16:58Z,TVC:US10Y
,,,-1.402181170710007,,,-0.5165057264765456,4.43,,1780399198,2026-06-02T11:19:58Z,TVC:US10Y
,,,-1.4466948586690491,,,-0.5614192679092825,4.428,,1780399378,2026-06-02T11:22:58Z,TVC:US10Y
,,,-1.4466948586690491,,,-0.5614192679092825,4.428,,1780399566,2026-06-02T11:26:06Z,TVC:US10Y
,,,-1.402181170710007,,,-0.5165057264765456,4.43,,1780399739,2026-06-02T11:28:59Z,TVC:US10Y
,,,-1.4466948586690491,,,-0.5614192679092825,4.428,,1780399920,2026-06-02T11:32:00Z,TVC:US10Y
,,,-1.4466948586690491,,,-0.5614192679092825,4.428,,1780400099,2026-06-02T11:34:59Z,TVC:US10Y
,,,-1.402181170710007,,,-0.5165057264765456,4.43,,1780400278,2026-06-02T11:37:58Z,TVC:US10Y
,,,-1.402181170710007,,,-0.5165057264765456,4.43,,1780400454,2026-06-02T11:40:54Z,TVC:US10Y
,,,-1.402181170710007,,,-0.5165057264765456,4.43,,1780400645,2026-06-02T11:44:05Z,TVC:US10Y
,,,-1.402181170710007,,,-0.5165057264765456,4.43,,1780400817,2026-06-02T11:46:57Z,TVC:US10Y
,,,-1.402181170710007,,,-0.5165057264765456,4.43,,1780401004,2026-06-02T11:50:04Z,TVC:US10Y
,,,-1.402181170710007,,,-0.5165057264765456,4.43,,1780401180,2026-06-02T11:53:00Z,TVC:US10Y
,,,-1.402181170710007,,,-0.5165057264765456,4.43,,1780401368,2026-06-02T11:56:08Z,TVC:US10Y
,,,-1.402181170710007,,,-0.5165057264765456,4.43,,1780401542,2026-06-02T11:59:02Z,TVC:US10Y
,,,-1.313153794791902,,,-0.4266786436110515,4.434,,1780401718,2026-06-02T12:01:58Z,TVC:US10Y
,,,-1.313153794791902,,,-0.4266786436110515,4.434,,1780401905,2026-06-02T12:05:05Z,TVC:US10Y
,,,-1.402181170710007,,,-0.5165057264765456,4.43,,1780402082,2026-06-02T12:08:02Z,TVC:US10Y
,,,-1.402181170710007,,,-0.5165057264765456,4.43,,1780402261,2026-06-02T12:11:01Z,TVC:US10Y
,,,-1.4466948586690491,,,-0.5614192679092825,4.428,,1780402443,2026-06-02T12:14:03Z,TVC:US10Y
,,,-1.3576674827509445,,,-0.4715921850437886,4.432,,1780402619,2026-06-02T12:16:59Z,TVC:US10Y
,,,-1.402181170710007,,,-0.5165057264765456,4.43,,1780402798,2026-06-02T12:19:58Z,TVC:US10Y
,,,-1.402181170710007,,,-0.5165057264765456,4.43,,1780402980,2026-06-02T12:23:00Z,TVC:US10Y
,,,-1.4466948586690491,,,-0.5614192679092825,4.428,,1780403156,2026-06-02T12:25:56Z,TVC:US10Y
,,,-1.402181170710007,,,-0.5165057264765456,4.43,,1780403337,2026-06-02T12:28:57Z,TVC:US10Y
,,,-1.2908969508123906,,,-0.4042218728946931,4.435,,1780403523,2026-06-02T12:32:03Z,TVC:US10Y
,,,-1.2463832628533285,,,-0.3593083314619361,4.437,,1780403704,2026-06-02T12:35:04Z,TVC:US10Y
,,,-1.2463832628533285,,,-0.3593083314619361,4.437,,1780403880,2026-06-02T12:38:00Z,TVC:US10Y
,,,-1.313153794791902,,,-0.4266786436110515,4.434,,1780404062,2026-06-02T12:41:02Z,TVC:US10Y
,,,-1.313153794791902,,,-0.4266786436110515,4.434,,1780404238,2026-06-02T12:43:58Z,TVC:US10Y
,,,-1.313153794791902,,,-0.4266786436110515,4.434,,1780404423,2026-06-02T12:47:03Z,TVC:US10Y
,,,-1.2463832628533285,,,-0.3593083314619361,4.437,,1780404601,2026-06-02T12:50:01Z,TVC:US10Y
,,,-1.2463832628533285,,,-0.3593083314619361,4.437,,1780404782,2026-06-02T12:53:02Z,TVC:US10Y
,,,-1.313153794791902,,,-0.4266786436110515,4.434,,1780404969,2026-06-02T12:56:09Z,TVC:US10Y
,,,-1.2463832628533285,,,-0.3593083314619361,4.437,,1780405140,2026-06-02T12:59:00Z,TVC:US10Y
,,,-1.2463832628533285,,,-0.3593083314619361,4.437,,1780405320,2026-06-02T13:02:00Z,TVC:US10Y
,,,-1.2463832628533285,,,-0.3593083314619361,4.437,,1780405500,2026-06-02T13:05:00Z,TVC:US10Y
,,,-1.2908969508123906,,,-0.4042218728946931,4.435,,1780405685,2026-06-02T13:08:05Z,TVC:US10Y
,,,-1.1573558869352434,,,-0.269481248596462,4.441,,1780405862,2026-06-02T13:11:02Z,TVC:US10Y
,,,-1.112842198976201,,,-0.224567707163725,4.443,,1780406036,2026-06-02T13:13:56Z,TVC:US10Y
,,,-1.1573558869352434,,,-0.269481248596462,4.441,,1780406220,2026-06-02T13:17:00Z,TVC:US10Y
,,,-1.1573558869352434,,,-0.269481248596462,4.441,,1780406396,2026-06-02T13:19:56Z,TVC:US10Y
,,,-1.112842198976201,,,-0.224567707163725,4.443,,1780406586,2026-06-02T13:23:06Z,TVC:US10Y
,,,-1.1573558869352434,,,-0.269481248596462,4.441,,1780406766,2026-06-02T13:26:06Z,TVC:US10Y
,,,-1.2463832628533285,,,-0.3593083314619361,4.437,,1780406942,2026-06-02T13:29:02Z,TVC:US10Y
,,,-1.0683285110171383,,,-0.179654165730968,4.445,,1780407123,2026-06-02T13:32:03Z,TVC:US10Y
,,,-1.0683285110171383,,,-0.179654165730968,4.445,,1780407296,2026-06-02T13:34:56Z,TVC:US10Y
,,,-0.9793011350990536,,,-0.0898270828654939,4.449,,1780407483,2026-06-02T13:38:03Z,TVC:US10Y
,,,-1.0683285110171383,,,-0.179654165730968,4.445,,1780407657,2026-06-02T13:40:57Z,TVC:US10Y
,,,-1.023814823058096,,,-0.134740624298231,4.447,,1780407847,2026-06-02T13:44:07Z,TVC:US10Y
,,,-1.0683285110171383,,,-0.179654165730968,4.445,,1780408016,2026-06-02T13:46:56Z,TVC:US10Y
,,,-1.0683285110171383,,,-0.179654165730968,4.445,,1780408197,2026-06-02T13:49:57Z,TVC:US10Y
,,,-0.9793011350990536,,,-0.0898270828654939,4.449,,1780408380,2026-06-02T13:53:00Z,TVC:US10Y
,,,-0.9793011350990536,,,-0.0898270828654939,4.449,,1780408567,2026-06-02T13:56:07Z,TVC:US10Y
,,,-1.023814823058096,,,-0.134740624298231,4.447,,1780408738,2026-06-02T13:58:58Z,TVC:US10Y
,,,-0.7122190073447591,,,0.179654165730968,4.461,,1780408917,2026-06-02T14:01:57Z,TVC:US10Y
,,,-0.8902737591809489,,,0.0,4.453,,1780409108,2026-06-02T14:05:08Z,TVC:US10Y
,,,-0.8902737591809489,,,0.0,4.453,,1780409274,2026-06-02T14:07:54Z,TVC:US10Y
,,,-0.9347874471400112,,,-0.0449135414327569,4.451,,1780409461,2026-06-02T14:11:01Z,TVC:US10Y
,,,-0.9793011350990536,,,-0.0898270828654939,4.449,,1780409644,2026-06-02T14:14:04Z,TVC:US10Y
,,,-0.9793011350990536,,,-0.0898270828654939,4.449,,1780409821,2026-06-02T14:17:01Z,TVC:US10Y
,,,-0.8902737591809489,,,0.0,4.453,,1780410000,2026-06-02T14:20:00Z,TVC:US10Y
,,,-0.8902737591809489,,,0.0,4.453,,1780410186,2026-06-02T14:23:06Z,TVC:US10Y
,,,-0.9793011350990536,,,-0.0898270828654939,4.449,,1780410363,2026-06-02T14:26:03Z,TVC:US10Y
,,,-0.9793011350990536,,,-0.0898270828654939,4.449,,1780410541,2026-06-02T14:29:01Z,TVC:US10Y
,,,-0.9793011350990536,,,-0.0898270828654939,4.449,,1780410716,2026-06-02T14:31:56Z,TVC:US10Y
,,,-0.9793011350990536,,,-0.0898270828654939,4.449,,1780410904,2026-06-02T14:35:04Z,TVC:US10Y
,,,-1.023814823058096,,,-0.134740624298231,4.447,,1780411089,2026-06-02T14:38:09Z,TVC:US10Y
,,,-1.023814823058096,,,-0.134740624298231,4.447,,1780411265,2026-06-02T14:41:05Z,TVC:US10Y
,,,-0.9793011350990536,,,-0.0898270828654939,4.449,,1780411443,2026-06-02T14:44:03Z,TVC:US10Y
,,,-0.9793011350990536,,,-0.0898270828654939,4.449,,1780411623,2026-06-02T14:47:03Z,TVC:US10Y
,,,-0.9793011350990536,,,-0.0898270828654939,4.449,,1780411799,2026-06-02T14:49:59Z,TVC:US10Y
,,,-0.9793011350990536,,,-0.0898270828654939,4.449,,1780411981,2026-06-02T14:53:01Z,TVC:US10Y
,,,-0.9793011350990536,,,-0.0898270828654939,4.449,,1780412158,2026-06-02T14:55:58Z,TVC:US10Y
,,,-0.8902737591809489,,,0.0,4.453,,1780412335,2026-06-02T14:58:55Z,TVC:US10Y
,,,-0.9347874471400112,,,-0.0449135414327569,4.451,,1780412526,2026-06-02T15:02:06Z,TVC:US10Y
,,,-0.8902737591809489,,,0.0,4.453,,1780412703,2026-06-02T15:05:03Z,TVC:US10Y
,,,-0.9347874471400112,,,-0.0449135414327569,4.451,,1780412885,2026-06-02T15:08:05Z,TVC:US10Y
,,,-0.9793011350990536,,,-0.0898270828654939,4.449,,1780413065,2026-06-02T15:11:05Z,TVC:US10Y
,,,-0.8902737591809489,,,0.0,4.453,,1780413240,2026-06-02T15:14:00Z,TVC:US10Y
,,,-0.9793011350990536,,,-0.0898270828654939,4.449,,1780413426,2026-06-02T15:17:06Z,TVC:US10Y
,,,-0.9793011350990536,,,-0.0898270828654939,4.449,,1780413597,2026-06-02T15:19:57Z,TVC:US10Y
,,,-0.9793011350990536,,,-0.0898270828654939,4.449,,1780413776,2026-06-02T15:22:56Z,TVC:US10Y
,,,-0.9793011350990536,,,-0.0898270828654939,4.449,,1780413961,2026-06-02T15:26:01Z,TVC:US10Y
,,,-0.9793011350990536,,,-0.0898270828654939,4.449,,1780414136,2026-06-02T15:28:56Z,TVC:US10Y
,,,-0.9793011350990536,,,-0.0898270828654939,4.449,,1780414319,2026-06-02T15:31:59Z,TVC:US10Y
,,,-0.9793011350990536,,,-0.0898270828654939,4.449,,1780414498,2026-06-02T15:34:58Z,TVC:US10Y
,,,-0.9793011350990536,,,-0.0898270828654939,4.449,,1780414680,2026-06-02T15:38:00Z,TVC:US10Y
,,,-0.9793011350990536,,,-0.0898270828654939,4.449,,1780414865,2026-06-02T15:41:05Z,TVC:US10Y
,,,-0.9793011350990536,,,-0.0898270828654939,4.449,,1780415043,2026-06-02T15:44:03Z,TVC:US10Y
,,,-1.0683285110171383,,,-0.179654165730968,4.445,,1780415223,2026-06-02T15:47:03Z,TVC:US10Y
,,,-1.0683285110171383,,,-0.179654165730968,4.445,,1780415396,2026-06-02T15:49:56Z,TVC:US10Y
,,,-0.9793011350990536,,,-0.0898270828654939,4.449,,1780415580,2026-06-02T15:53:00Z,TVC:US10Y
,,,-0.9793011350990536,,,-0.0898270828654939,4.449,,1780415762,2026-06-02T15:56:02Z,TVC:US10Y
,,,-0.9793011350990536,,,-0.0898270828654939,4.449,,1780415937,2026-06-02T15:58:57Z,TVC:US10Y
,,,-0.9793011350990536,,,-0.0898270828654939,4.449,,1780416120,2026-06-02T16:02:00Z,TVC:US10Y
,,,-0.9793011350990536,,,-0.0898270828654939,4.449,,1780416300,2026-06-02T16:05:00Z,TVC:US10Y
,,,-0.9347874471400112,,,-0.0449135414327569,4.451,,1780416479,2026-06-02T16:07:59Z,TVC:US10Y
,,,-0.9793011350990536,,,-0.0898270828654939,4.449,,1780416661,2026-06-02T16:11:01Z,TVC:US10Y
,,,-0.8902737591809489,,,0.0,4.453,,1780416839,2026-06-02T16:13:59Z,TVC:US10Y
,,,-0.8902737591809489,,,0.0,4.453,,1780417023,2026-06-02T16:17:03Z,TVC:US10Y
,,,-0.8012463832628639,,,0.089827082865474,4.457,,1780417207,2026-06-02T16:20:07Z,TVC:US10Y
,,,-0.8012463832628639,,,0.089827082865474,4.457,,1780417376,2026-06-02T16:22:56Z,TVC:US10Y
,,,-0.8012463832628639,,,0.089827082865474,4.457,,1780417564,2026-06-02T16:26:04Z,TVC:US10Y
,,,-0.8012463832628639,,,0.089827082865474,4.457,,1780417743,2026-06-02T16:29:03Z,TVC:US10Y
,,,-0.7122190073447591,,,0.179654165730968,4.461,,1780417917,2026-06-02T16:31:57Z,TVC:US10Y
,,,-0.7122190073447591,,,0.179654165730968,4.461,,1780418099,2026-06-02T16:34:59Z,TVC:US10Y
,,,-0.6677053193857166,,,0.224567707163705,4.463,,1780418284,2026-06-02T16:38:04Z,TVC:US10Y
,,,-0.7122190073447591,,,0.179654165730968,4.461,,1780418460,2026-06-02T16:41:00Z,TVC:US10Y
,,,-0.6677053193857166,,,0.224567707163705,4.463,,1780418646,2026-06-02T16:44:06Z,TVC:US10Y
,,,-0.6677053193857166,,,0.224567707163705,4.463,,1780418825,2026-06-02T16:47:05Z,TVC:US10Y
,,,-0.8012463832628639,,,0.089827082865474,4.457,,1780419003,2026-06-02T16:50:03Z,TVC:US10Y
,,,-0.8012463832628639,,,0.089827082865474,4.457,,1780419184,2026-06-02T16:53:04Z,TVC:US10Y
,,,-0.8012463832628639,,,0.089827082865474,4.457,,1780419364,2026-06-02T16:56:04Z,TVC:US10Y
,,,-0.8012463832628639,,,0.089827082865474,4.457,,1780419540,2026-06-02T16:59:00Z,TVC:US10Y
,,,-0.8902737591809489,,,0.0,4.453,,1780419718,2026-06-02T17:01:58Z,TVC:US10Y
,,,-0.8902737591809489,,,0.0,4.453,,1780419891,2026-06-02T17:04:51Z,TVC:US10Y
,,,-0.8012463832628639,,,0.089827082865474,4.457,,1780420070,2026-06-02T17:07:50Z,TVC:US10Y
,,,-0.8012463832628639,,,0.089827082865474,4.457,,1780420260,2026-06-02T17:11:00Z,TVC:US10Y
,,,-0.8012463832628639,,,0.089827082865474,4.457,,1780420438,2026-06-02T17:13:58Z,TVC:US10Y
,,,-0.7567326953038214,,,0.134740624298211,4.459,,1780420620,2026-06-02T17:17:00Z,TVC:US10Y
,,,-0.7567326953038214,,,0.134740624298211,4.459,,1780420801,2026-06-02T17:20:01Z,TVC:US10Y
,,,-0.7567326953038214,,,0.134740624298211,4.459,,1780420986,2026-06-02T17:23:06Z,TVC:US10Y
,,,-0.8012463832628639,,,0.089827082865474,4.457,,1780421163,2026-06-02T17:26:03Z,TVC:US10Y
,,,-0.7567326953038214,,,0.134740624298211,4.459,,1780421341,2026-06-02T17:29:01Z,TVC:US10Y
,,,-0.8012463832628639,,,0.089827082865474,4.457,,1780421522,2026-06-02T17:32:02Z,TVC:US10Y
,,,-0.8457600712219063,,,0.044913541432737,4.455,,1780421697,2026-06-02T17:34:57Z,TVC:US10Y
,,,-0.8012463832628639,,,0.089827082865474,4.457,,1780421881,2026-06-02T17:38:01Z,TVC:US10Y
,,,-0.8012463832628639,,,0.089827082865474,4.457,,1780422058,2026-06-02T17:40:58Z,TVC:US10Y
,,,-0.8902737591809489,,,0.0,4.453,,1780422237,2026-06-02T17:43:57Z,TVC:US10Y
,,,-0.8457600712219063,,,0.044913541432737,4.455,,1780422421,2026-06-02T17:47:01Z,TVC:US10Y
,,,-0.8902737591809489,,,0.0,4.453,,1780422605,2026-06-02T17:50:05Z,TVC:US10Y
,,,-0.8012463832628639,,,0.089827082865474,4.457,,1780422779,2026-06-02T17:52:59Z,TVC:US10Y
,,,-0.8012463832628639,,,0.089827082865474,4.457,,1780422965,2026-06-02T17:56:05Z,TVC:US10Y
,,,-0.8902737591809489,,,0.0,4.453,,1780423142,2026-06-02T17:59:02Z,TVC:US10Y
,,,-0.8902737591809489,,,0.0,4.453,,1780423319,2026-06-02T18:01:59Z,TVC:US10Y
,,,-0.8457600712219063,,,0.044913541432737,4.455,,1780423497,2026-06-02T18:04:57Z,TVC:US10Y
,,,-0.8902737591809489,,,0.0,4.453,,1780423678,2026-06-02T18:07:58Z,TVC:US10Y
,,,-0.8902737591809489,,,0.0,4.453,,1780423859,2026-06-02T18:10:59Z,TVC:US10Y
,,,-0.8902737591809489,,,0.0,4.453,,1780424040,2026-06-02T18:14:00Z,TVC:US10Y
,,,-0.8902737591809489,,,0.0,4.453,,1780424217,2026-06-02T18:16:57Z,TVC:US10Y
,,,-0.8902737591809489,,,0.0,4.453,,1780424408,2026-06-02T18:20:08Z,TVC:US10Y
,,,-0.8902737591809489,,,0.0,4.453,,1780424577,2026-06-02T18:22:57Z,TVC:US10Y
,,,-0.8902737591809489,,,0.0,4.453,,1780424757,2026-06-02T18:25:57Z,TVC:US10Y
,,,-0.8902737591809489,,,0.0,4.453,,1780424935,2026-06-02T18:28:55Z,TVC:US10Y
,,,-0.8902737591809489,,,0.0,4.453,,1780425128,2026-06-02T18:32:08Z,TVC:US10Y
,,,-0.8457600712219063,,,0.044913541432737,4.455,,1780425305,2026-06-02T18:35:05Z,TVC:US10Y
,,,-0.8457600712219063,,,0.044913541432737,4.455,,1780425483,2026-06-02T18:38:03Z,TVC:US10Y
,,,-0.8902737591809489,,,0.0,4.453,,1780425653,2026-06-02T18:40:53Z,TVC:US10Y
,,,-0.8012463832628639,,,0.089827082865474,4.457,,1780425848,2026-06-02T18:44:08Z,TVC:US10Y
,,,-0.8902737591809489,,,0.0,4.453,,1780426014,2026-06-02T18:46:54Z,TVC:US10Y
,,,-0.8902737591809489,,,0.0,4.453,,1780426205,2026-06-02T18:50:05Z,TVC:US10Y
,,,-0.8902737591809489,,,0.0,4.453,,1780426383,2026-06-02T18:53:03Z,TVC:US10Y
,,,-0.8457600712219063,,,0.044913541432737,4.455,,1780426557,2026-06-02T18:55:57Z,TVC:US10Y
,,,-0.8902737591809489,,,0.0,4.453,,1780426749,2026-06-02T18:59:09Z,TVC:US10Y
,,,-0.8012463832628639,,,0.089827082865474,4.457,,1780426914,2026-06-02T19:01:54Z,TVC:US10Y
,,,-0.8012463832628639,,,0.089827082865474,4.457,,1780427104,2026-06-02T19:05:04Z,TVC:US10Y
,,,-0.8457600712219063,,,0.044913541432737,4.455,,1780427278,2026-06-02T19:07:58Z,TVC:US10Y
,,,-0.8012463832628639,,,0.089827082865474,4.457,,1780427459,2026-06-02T19:10:59Z,TVC:US10Y
,,,-0.8457600712219063,,,0.044913541432737,4.455,,1780427638,2026-06-02T19:13:58Z,TVC:US10Y
,,,-0.8457600712219063,,,0.044913541432737,4.455,,1780427823,2026-06-02T19:17:03Z,TVC:US10Y
,,,-0.8902737591809489,,,0.0,4.453,,1780428002,2026-06-02T19:20:02Z,TVC:US10Y
,,,-0.8902737591809489,,,0.0,4.453,,1780428179,2026-06-02T19:22:59Z,TVC:US10Y
,,,-0.8902737591809489,,,0.0,4.453,,1780428363,2026-06-02T19:26:03Z,TVC:US10Y
,,,-0.8902737591809489,,,0.0,4.453,,1780428538,2026-06-02T19:28:58Z,TVC:US10Y
,,,-0.8902737591809489,,,0.0,4.453,,1780428726,2026-06-02T19:32:06Z,TVC:US10Y
,,,-0.8902737591809489,,,0.0,4.453,,1780428900,2026-06-02T19:35:00Z,TVC:US10Y
,,,-0.8902737591809489,,,0.0,4.453,,1780429077,2026-06-02T19:37:57Z,TVC:US10Y
,,,-0.8902737591809489,,,0.0,4.453,,1780429259,2026-06-02T19:40:59Z,TVC:US10Y
,,,-0.8902737591809489,,,0.0,4.453,,1780429442,2026-06-02T19:44:02Z,TVC:US10Y
,,,-0.8902737591809489,,,0.0,4.453,,1780429617,2026-06-02T19:46:57Z,TVC:US10Y
,,,-0.8902737591809489,,,0.0,4.453,,1780429798,2026-06-02T19:49:58Z,TVC:US10Y
,,,-0.8902737591809489,,,0.0,4.453,,1780429978,2026-06-02T19:52:58Z,TVC:US10Y
,,,-0.9347874471400112,,,-0.0449135414327569,4.451,,1780430162,2026-06-02T19:56:02Z,TVC:US10Y
,,,-0.8457600712219063,,,0.044913541432737,4.455,,1780430344,2026-06-02T19:59:04Z,TVC:US10Y
,,,-0.8902737591809489,,,0.0,4.453,,1780430521,2026-06-02T20:02:01Z,TVC:US10Y
,,,-0.8902737591809489,,,0.0,4.453,,1780430697,2026-06-02T20:04:57Z,TVC:US10Y
,,,-0.9347874471400112,,,-0.0449135414327569,4.451,,1780430871,2026-06-02T20:07:51Z,TVC:US10Y
,,,-0.9347874471400112,,,-0.0449135414327569,4.451,,1780431063,2026-06-02T20:11:03Z,TVC:US10Y
,,,-0.9347874471400112,,,-0.0449135414327569,4.451,,1780431245,2026-06-02T20:14:05Z,TVC:US10Y
,,,-0.8902737591809489,,,0.0,4.453,,1780431419,2026-06-02T20:16:59Z,TVC:US10Y
,,,-0.8902737591809489,,,0.0,4.453,,1780431598,2026-06-02T20:19:58Z,TVC:US10Y
,,,-0.8902737591809489,,,0.0,4.453,,1780431788,2026-06-02T20:23:08Z,TVC:US10Y
,,,-0.8902737591809489,,,0.0,4.453,,1780431956,2026-06-02T20:25:56Z,TVC:US10Y
,,,-0.8902737591809489,,,0.0,4.453,,1780432139,2026-06-02T20:28:59Z,TVC:US10Y
,,,-0.8902737591809489,,,0.0,4.453,,1780432316,2026-06-02T20:31:56Z,TVC:US10Y
,,,-0.8457600712219063,,,0.044913541432737,4.455,,1780432501,2026-06-02T20:35:01Z,TVC:US10Y
,,,-0.8457600712219063,,,0.044913541432737,4.455,,1780432684,2026-06-02T20:38:04Z,TVC:US10Y
,,,-0.9347874471400112,,,-0.0449135414327569,4.451,,1780432857,2026-06-02T20:40:57Z,TVC:US10Y
,,,-0.9347874471400112,,,-0.0449135414327569,4.451,,1780433038,2026-06-02T20:43:58Z,TVC:US10Y
,,,-0.9347874471400112,,,-0.0449135414327569,4.451,,1780433219,2026-06-02T20:46:59Z,TVC:US10Y
,,,-0.9347874471400112,,,-0.0449135414327569,4.451,,1780433396,2026-06-02T20:49:56Z,TVC:US10Y
,,,-0.8902737591809489,,,0.0,4.453,,1780433583,2026-06-02T20:53:03Z,TVC:US10Y
,,,-0.9793011350990536,,,-0.0898270828654939,4.449,,1780433765,2026-06-02T20:56:05Z,TVC:US10Y
,,,-0.9793011350990536,,,-0.0898270828654939,4.449,,1780433936,2026-06-02T20:58:56Z,TVC:US10Y
,,,-1.112842198976201,,,-0.224567707163725,4.443,,1780434119,2026-06-02T21:01:59Z,TVC:US10Y
,,,-1.112842198976201,,,-0.224567707163725,4.443,,1780434297,2026-06-02T21:04:57Z,TVC:US10Y
,,,-0.8902737591809489,,,0.0,4.453,,1780434482,2026-06-02T21:08:02Z,TVC:US10Y
,,,-0.8902737591809489,,,0.0,4.453,,1780434666,2026-06-02T21:11:06Z,TVC:US10Y
,,,-0.8902737591809489,,,0.0,4.453,,1780434840,2026-06-02T21:14:00Z,TVC:US10Y
,,,-0.8902737591809489,,,0.0,4.453,,1780435020,2026-06-02T21:17:00Z,TVC:US10Y
,,,-0.8902737591809489,,,0.0,4.453,,1780435203,2026-06-02T21:20:03Z,TVC:US10Y
,,,-0.8902737591809489,,,0.0,4.453,,1780435376,2026-06-02T21:22:56Z,TVC:US10Y
,,,-0.8902737591809489,,,0.0,4.453,,1780435554,2026-06-02T21:25:54Z,TVC:US10Y
,,,-0.8902737591809489,,,0.0,4.453,,1780435745,2026-06-02T21:29:05Z,TVC:US10Y
,,,-0.8902737591809489,,,0.0,4.453,,1780435923,2026-06-02T21:32:03Z,TVC:US10Y
,,,-0.8902737591809489,,,0.0,4.453,,1780436102,2026-06-02T21:35:02Z,TVC:US10Y
,,,-0.8902737591809489,,,0.0,4.453,,1780436285,2026-06-02T21:38:05Z,TVC:US10Y
,,,-0.8902737591809489,,,0.0,4.453,,1780436460,2026-06-02T21:41:00Z,TVC:US10Y
,,,-0.8902737591809489,,,0.0,4.453,,1780436642,2026-06-02T21:44:02Z,TVC:US10Y
,,,-0.8902737591809489,,,0.0,4.453,,1780436822,2026-06-02T21:47:02Z,TVC:US10Y
,,,-0.8902737591809489,,,0.0,4.453,,1780437001,2026-06-02T21:50:01Z,TVC:US10Y
,,,-0.8902737591809489,,,0.0,4.453,,1780437178,2026-06-02T21:52:58Z,TVC:US10Y
,,,-0.8902737591809489,,,0.0,4.453,,1780437362,2026-06-02T21:56:02Z,TVC:US10Y
,,,-0.8902737591809489,,,0.0,4.453,,1780437546,2026-06-02T21:59:06Z,TVC:US10Y
,,,-0.8902737591809489,,,0.0,4.453,,1780437717,2026-06-02T22:01:57Z,TVC:US10Y
,,,-0.8902737591809489,,,0.0,4.453,,1780437906,2026-06-02T22:05:06Z,TVC:US10Y
,,,-0.8902737591809489,,,0.0,4.453,,1780438079,2026-06-02T22:07:59Z,TVC:US10Y
,,,-0.8902737591809489,,,0.0,4.453,,1780438260,2026-06-02T22:11:00Z,TVC:US10Y
,,,-0.8902737591809489,,,0.0,4.453,,1780438443,2026-06-02T22:14:03Z,TVC:US10Y
,,,-0.8902737591809489,,,0.0,4.453,,1780438623,2026-06-02T22:17:03Z,TVC:US10Y
,,,-0.8902737591809489,,,0.0,4.453,,1780438804,2026-06-02T22:20:04Z,TVC:US10Y
,,,-0.8902737591809489,,,0.0,4.453,,1780438983,2026-06-02T22:23:03Z,TVC:US10Y
,,,-0.8902737591809489,,,0.0,4.453,,1780439158,2026-06-02T22:25:58Z,TVC:US10Y
,,,-0.8902737591809489,,,0.0,4.453,,1780439340,2026-06-02T22:29:00Z,TVC:US10Y
,,,-0.8902737591809489,,,0.0,4.453,,1780439522,2026-06-02T22:32:02Z,TVC:US10Y
,,,-0.8902737591809489,,,0.0,4.453,,1780439700,2026-06-02T22:35:00Z,TVC:US10Y
,,,-0.8902737591809489,,,0.0,4.453,,1780439883,2026-06-02T22:38:03Z,TVC:US10Y
,,,-0.8902737591809489,,,0.0,4.453,,1780440069,2026-06-02T22:41:09Z,TVC:US10Y
,,,-0.8902737591809489,,,0.0,4.453,,1780440236,2026-06-02T22:43:56Z,TVC:US10Y
,,,-0.8902737591809489,,,0.0,4.453,,1780440415,2026-06-02T22:46:55Z,TVC:US10Y
,,,-0.8902737591809489,,,0.0,4.453,,1780440600,2026-06-02T22:50:00Z,TVC:US10Y
,,,-0.8902737591809489,,,0.0,4.453,,1780440783,2026-06-02T22:53:03Z,TVC:US10Y
,,,-0.8902737591809489,,,0.0,4.453,,1780440959,2026-06-02T22:55:59Z,TVC:US10Y
,,,-0.8902737591809489,,,0.0,4.453,,1780441135,2026-06-02T22:58:55Z,TVC:US10Y
,,,-0.8902737591809489,,,0.0,4.453,,1780441325,2026-06-02T23:02:05Z,TVC:US10Y
,,,-0.8902737591809489,,,0.0,4.453,,1780441502,2026-06-02T23:05:02Z,TVC:US10Y
,,,-0.8902737591809489,,,0.0,4.453,,1780441678,2026-06-02T23:07:58Z,TVC:US10Y
,,,-0.8902737591809489,,,0.0,4.453,,1780441859,2026-06-02T23:10:59Z,TVC:US10Y
,,,-0.8902737591809489,,,0.0,4.453,,1780442036,2026-06-02T23:13:56Z,TVC:US10Y
,,,-0.8902737591809489,,,0.0,4.453,,1780442213,2026-06-02T23:16:53Z,TVC:US10Y
,,,-0.8902737591809489,,,0.0,4.453,,1780442398,2026-06-02T23:19:58Z,TVC:US10Y
,,,-0.8902737591809489,,,0.0,4.453,,1780442581,2026-06-02T23:23:01Z,TVC:US10Y
,,,-0.8902737591809489,,,0.0,4.453,,1780442757,2026-06-02T23:25:57Z,TVC:US10Y
,,,-0.8902737591809489,,,0.0,4.453,,1780442938,2026-06-02T23:28:58Z,TVC:US10Y
,,,-0.8902737591809489,,,0.0,4.453,,1780443123,2026-06-02T23:32:03Z,TVC:US10Y
,,,-0.8902737591809489,,,0.0,4.453,,1780443309,2026-06-02T23:35:09Z,TVC:US10Y
,,,-0.8902737591809489,,,0.0,4.453,,1780443480,2026-06-02T23:38:00Z,TVC:US10Y
,,,-0.8902737591809489,,,0.0,4.453,,1780443659,2026-06-02T23:40:59Z,TVC:US10Y
,,,-0.8902737591809489,,,0.0,4.453,,1780443839,2026-06-02T23:43:59Z,TVC:US10Y
,,,-0.8902737591809489,,,0.0,4.453,,1780444020,2026-06-02T23:47:00Z,TVC:US10Y
,,,-0.8902737591809489,,,0.0,4.453,,1780444198,2026-06-02T23:49:58Z,TVC:US10Y
,,,-0.8902737591809489,,,0.0,4.453,,1780444379,2026-06-02T23:52:59Z,TVC:US10Y
,,,-0.8902737591809489,,,0.0,4.453,,1780444566,2026-06-02T23:56:06Z,TVC:US10Y
,,,-0.8902737591809489,,,0.0,4.453,,1780444745,2026-06-02T23:59:05Z,TVC:US10Y
,,,-0.8902737591809489,,,0.0,4.453,,1780444913,2026-06-03T00:01:53Z,TVC:US10Y
,,,-0.8902737591809489,,,0.0,4.453,,1780445098,2026-06-03T00:04:58Z,TVC:US10Y
,,,-0.8902737591809489,,,0.0,4.453,,1780445270,2026-06-03T00:07:50Z,TVC:US10Y
,,,-0.8902737591809489,,,0.0,4.453,,1780445468,2026-06-03T00:11:08Z,TVC:US10Y
,,,-0.4907428061565771,,,0.179654165730968,4.461,,1780445638,2026-06-03T00:13:58Z,TVC:US10Y
,,,-0.4907428061565771,,,0.179654165730968,4.461,,1780445816,2026-06-03T00:16:56Z,TVC:US10Y
,,,-0.5799687709123311,,,0.089827082865474,4.457,,1780445999,2026-06-03T00:19:59Z,TVC:US10Y
,,,-0.5353557885344641,,,0.134740624298211,4.459,,1780446180,2026-06-03T00:23:00Z,TVC:US10Y
,,,-0.5799687709123311,,,0.089827082865474,4.457,,1780446366,2026-06-03T00:26:06Z,TVC:US10Y
,,,-0.4907428061565771,,,0.179654165730968,4.461,,1780446536,2026-06-03T00:28:56Z,TVC:US10Y
,,,-0.4907428061565771,,,0.179654165730968,4.461,,1780446729,2026-06-03T00:32:09Z,TVC:US10Y
,,,-0.5353557885344641,,,0.134740624298211,4.459,,1780446900,2026-06-03T00:35:00Z,TVC:US10Y
,,,-0.4907428061565771,,,0.179654165730968,4.461,,1780447078,2026-06-03T00:37:58Z,TVC:US10Y
,,,-0.5799687709123311,,,0.089827082865474,4.457,,1780447261,2026-06-03T00:41:01Z,TVC:US10Y
,,,-0.5799687709123311,,,0.089827082865474,4.457,,1780447437,2026-06-03T00:43:57Z,TVC:US10Y
,,,-0.5799687709123311,,,0.089827082865474,4.457,,1780447616,2026-06-03T00:46:56Z,TVC:US10Y
,,,-0.5799687709123311,,,0.089827082865474,4.457,,1780447800,2026-06-03T00:50:00Z,TVC:US10Y
,,,-0.5799687709123311,,,0.089827082865474,4.457,,1780447982,2026-06-03T00:53:02Z,TVC:US10Y
,,,-0.5799687709123311,,,0.089827082865474,4.457,,1780448152,2026-06-03T00:55:52Z,TVC:US10Y
,,,-0.5799687709123311,,,0.089827082865474,4.457,,1780448338,2026-06-03T00:58:58Z,TVC:US10Y
,,,-0.5799687709123311,,,0.089827082865474,4.457,,1780448521,2026-06-03T01:02:01Z,TVC:US10Y
,,,-0.5353557885344641,,,0.134740624298211,4.459,,1780448695,2026-06-03T01:04:55Z,TVC:US10Y
,,,-0.4907428061565771,,,0.179654165730968,4.461,,1780448882,2026-06-03T01:08:02Z,TVC:US10Y
,,,-0.5799687709123311,,,0.089827082865474,4.457,,1780449068,2026-06-03T01:11:08Z,TVC:US10Y
,,,-0.5353557885344641,,,0.134740624298211,4.459,,1780449236,2026-06-03T01:13:56Z,TVC:US10Y
,,,-0.5353557885344641,,,0.134740624298211,4.459,,1780449417,2026-06-03T01:16:57Z,TVC:US10Y
,,,-0.4907428061565771,,,0.179654165730968,4.461,,1780449603,2026-06-03T01:20:03Z,TVC:US10Y
,,,-0.4907428061565771,,,0.179654165730968,4.461,,1780449785,2026-06-03T01:23:05Z,TVC:US10Y
,,,-0.4907428061565771,,,0.179654165730968,4.461,,1780449959,2026-06-03T01:25:59Z,TVC:US10Y
,,,-0.5799687709123311,,,0.089827082865474,4.457,,1780450147,2026-06-03T01:29:07Z,TVC:US10Y
,,,-0.5799687709123311,,,0.089827082865474,4.457,,1780450320,2026-06-03T01:32:00Z,TVC:US10Y
,,,-0.5799687709123311,,,0.089827082865474,4.457,,1780450498,2026-06-03T01:34:58Z,TVC:US10Y
,,,-0.5799687709123311,,,0.089827082865474,4.457,,1780450680,2026-06-03T01:38:00Z,TVC:US10Y
,,,-0.5799687709123311,,,0.089827082865474,4.457,,1780450860,2026-06-03T01:41:00Z,TVC:US10Y
,,,-0.6245817532901982,,,0.044913541432737,4.455,,1780451046,2026-06-03T01:44:06Z,TVC:US10Y
,,,-0.5799687709123311,,,0.089827082865474,4.457,,1780451219,2026-06-03T01:46:59Z,TVC:US10Y
,,,-0.6691947356680652,,,0.0,4.453,,1780451399,2026-06-03T01:49:59Z,TVC:US10Y
,,,-0.6691947356680652,,,0.0,4.453,,1780451577,2026-06-03T01:52:57Z,TVC:US10Y
,,,-0.6691947356680652,,,0.0,4.453,,1780451763,2026-06-03T01:56:03Z,TVC:US10Y
,,,-0.6691947356680652,,,0.0,4.453,,1780451941,2026-06-03T01:59:01Z,TVC:US10Y
,,,-0.6691947356680652,,,0.0,4.453,,1780452124,2026-06-03T02:02:04Z,TVC:US10Y
,,,-0.6691947356680652,,,0.0,4.453,,1780452293,2026-06-03T02:04:53Z,TVC:US10Y
,,,-0.6691947356680652,,,0.0,4.453,,1780452476,2026-06-03T02:07:56Z,TVC:US10Y
,,,-0.6691947356680652,,,0.0,4.453,,1780452657,2026-06-03T02:10:57Z,TVC:US10Y
,,,-0.6691947356680652,,,0.0,4.453,,1780452842,2026-06-03T02:14:02Z,TVC:US10Y
,,,-0.6691947356680652,,,0.0,4.453,,1780453024,2026-06-03T02:17:04Z,TVC:US10Y
,,,-0.6691947356680652,,,0.0,4.453,,1780453200,2026-06-03T02:20:00Z,TVC:US10Y
,,,-0.6691947356680652,,,0.0,4.453,,1780453380,2026-06-03T02:23:00Z,TVC:US10Y
,,,-0.5799687709123311,,,0.089827082865474,4.457,,1780453558,2026-06-03T02:25:58Z,TVC:US10Y
,,,-0.6245817532901982,,,0.044913541432737,4.455,,1780453742,2026-06-03T02:29:02Z,TVC:US10Y
,,,-0.6245817532901982,,,0.044913541432737,4.455,,1780453917,2026-06-03T02:31:57Z,TVC:US10Y
,,,-0.6245817532901982,,,0.044913541432737,4.455,,1780454100,2026-06-03T02:35:00Z,TVC:US10Y
,,,-0.6245817532901982,,,0.044913541432737,4.455,,1780454283,2026-06-03T02:38:03Z,TVC:US10Y
,,,-0.6245817532901982,,,0.044913541432737,4.455,,1780454460,2026-06-03T02:41:00Z,TVC:US10Y
,,,-0.6691947356680652,,,0.0,4.453,,1780454648,2026-06-03T02:44:08Z,TVC:US10Y
,,,-0.6691947356680652,,,0.0,4.453,,1780454821,2026-06-03T02:47:01Z,TVC:US10Y
,,,-0.5799687709123311,,,0.089827082865474,4.457,,1780455002,2026-06-03T02:50:02Z,TVC:US10Y
,,,-0.5799687709123311,,,0.089827082865474,4.457,,1780455182,2026-06-03T02:53:02Z,TVC:US10Y
,,,-0.5799687709123311,,,0.089827082865474,4.457,,1780455361,2026-06-03T02:56:01Z,TVC:US10Y
,,,-0.5799687709123311,,,0.089827082865474,4.457,,1780455539,2026-06-03T02:58:59Z,TVC:US10Y
,,,-0.5799687709123311,,,0.089827082865474,4.457,,1780455725,2026-06-03T03:02:05Z,TVC:US10Y
,,,-0.5799687709123311,,,0.089827082865474,4.457,,1780455896,2026-06-03T03:04:56Z,TVC:US10Y
,,,-0.5799687709123311,,,0.089827082865474,4.457,,1780456087,2026-06-03T03:08:07Z,TVC:US10Y
,,,-0.5799687709123311,,,0.089827082865474,4.457,,1780456262,2026-06-03T03:11:02Z,TVC:US10Y
,,,-0.5799687709123311,,,0.089827082865474,4.457,,1780456443,2026-06-03T03:14:03Z,TVC:US10Y
,,,-0.5799687709123311,,,0.089827082865474,4.457,,1780456622,2026-06-03T03:17:02Z,TVC:US10Y
,,,-0.5799687709123311,,,0.089827082865474,4.457,,1780456802,2026-06-03T03:20:02Z,TVC:US10Y
,,,-0.5799687709123311,,,0.089827082865474,4.457,,1780456983,2026-06-03T03:23:03Z,TVC:US10Y
,,,-0.5799687709123311,,,0.089827082865474,4.457,,1780457163,2026-06-03T03:26:03Z,TVC:US10Y
,,,-0.5353557885344641,,,0.134740624298211,4.459,,1780457339,2026-06-03T03:28:59Z,TVC:US10Y
,,,-0.5353557885344641,,,0.134740624298211,4.459,,1780457523,2026-06-03T03:32:03Z,TVC:US10Y
,,,-0.5799687709123311,,,0.089827082865474,4.457,,1780457699,2026-06-03T03:34:59Z,TVC:US10Y
,,,-0.5353557885344641,,,0.134740624298211,4.459,,1780457882,2026-06-03T03:38:02Z,TVC:US10Y
,,,-0.5353557885344641,,,0.134740624298211,4.459,,1780458066,2026-06-03T03:41:06Z,TVC:US10Y
,,,-0.5799687709123311,,,0.089827082865474,4.457,,1780458238,2026-06-03T03:43:58Z,TVC:US10Y
,,,-0.5799687709123311,,,0.089827082865474,4.457,,1780458415,2026-06-03T03:46:55Z,TVC:US10Y
,,,-0.5799687709123311,,,0.089827082865474,4.457,,1780458604,2026-06-03T03:50:04Z,TVC:US10Y
,,,-0.5799687709123311,,,0.089827082865474,4.457,,1780458780,2026-06-03T03:53:00Z,TVC:US10Y
,,,-0.5799687709123311,,,0.089827082865474,4.457,,1780458958,2026-06-03T03:55:58Z,TVC:US10Y
,,,-0.5799687709123311,,,0.089827082865474,4.457,,1780459139,2026-06-03T03:58:59Z,TVC:US10Y
,,,-0.5799687709123311,,,0.089827082865474,4.457,,1780459325,2026-06-03T04:02:05Z,TVC:US10Y
,,,-0.5799687709123311,,,0.089827082865474,4.457,,1780459508,2026-06-03T04:05:08Z,TVC:US10Y
,,,-0.5799687709123311,,,0.089827082865474,4.457,,1780459680,2026-06-03T04:08:00Z,TVC:US10Y
,,,-0.5353557885344641,,,0.134740624298211,4.459,,1780459861,2026-06-03T04:11:01Z,TVC:US10Y
,,,-0.5353557885344641,,,0.134740624298211,4.459,,1780460038,2026-06-03T04:13:58Z,TVC:US10Y
,,,-0.5353557885344641,,,0.134740624298211,4.459,,1780460223,2026-06-03T04:17:03Z,TVC:US10Y
,,,-0.5799687709123311,,,0.089827082865474,4.457,,1780460400,2026-06-03T04:20:00Z,TVC:US10Y
,,,-0.4907428061565771,,,0.179654165730968,4.461,,1780460584,2026-06-03T04:23:04Z,TVC:US10Y
,,,-0.4907428061565771,,,0.179654165730968,4.461,,1780460762,2026-06-03T04:26:02Z,TVC:US10Y
,,,-0.4907428061565771,,,0.179654165730968,4.461,,1780460949,2026-06-03T04:29:09Z,TVC:US10Y
,,,-0.5353557885344641,,,0.134740624298211,4.459,,1780461119,2026-06-03T04:31:59Z,TVC:US10Y
,,,-0.4907428061565771,,,0.179654165730968,4.461,,1780461299,2026-06-03T04:34:59Z,TVC:US10Y
,,,-0.4907428061565771,,,0.179654165730968,4.461,,1780461479,2026-06-03T04:37:59Z,TVC:US10Y
,,,-0.4907428061565771,,,0.179654165730968,4.461,,1780461664,2026-06-03T04:41:04Z,TVC:US10Y
,,,-0.4907428061565771,,,0.179654165730968,4.461,,1780461841,2026-06-03T04:44:01Z,TVC:US10Y
,,,-0.4907428061565771,,,0.179654165730968,4.461,,1780462023,2026-06-03T04:47:03Z,TVC:US10Y
,,,-0.4907428061565771,,,0.179654165730968,4.461,,1780462201,2026-06-03T04:50:01Z,TVC:US10Y
,,,-0.4907428061565771,,,0.179654165730968,4.461,,1780462380,2026-06-03T04:53:00Z,TVC:US10Y
,,,-0.4907428061565771,,,0.179654165730968,4.461,,1780462560,2026-06-03T04:56:00Z,TVC:US10Y
,,,-0.4907428061565771,,,0.179654165730968,4.461,,1780462742,2026-06-03T04:59:02Z,TVC:US10Y
,,,-0.4907428061565771,,,0.179654165730968,4.461,,1780462922,2026-06-03T05:02:02Z,TVC:US10Y
,,,-0.4907428061565771,,,0.179654165730968,4.461,,1780463095,2026-06-03T05:04:55Z,TVC:US10Y
,,,-0.4907428061565771,,,0.179654165730968,4.461,,1780463283,2026-06-03T05:08:03Z,TVC:US10Y
,,,-0.4907428061565771,,,0.179654165730968,4.461,,1780463461,2026-06-03T05:11:01Z,TVC:US10Y
,,,-0.4907428061565771,,,0.179654165730968,4.461,,1780463635,2026-06-03T05:13:55Z,TVC:US10Y
,,,-0.4907428061565771,,,0.179654165730968,4.461,,1780463827,2026-06-03T05:17:07Z,TVC:US10Y
,,,-0.4907428061565771,,,0.179654165730968,4.461,,1780464003,2026-06-03T05:20:03Z,TVC:US10Y
,,,-0.4907428061565771,,,0.179654165730968,4.461,,1780464174,2026-06-03T05:22:54Z,TVC:US10Y
,,,-0.356903859022976,,,0.3143947900291791,4.467,,1780464359,2026-06-03T05:25:59Z,TVC:US10Y
,,,-0.356903859022976,,,0.3143947900291791,4.467,,1780464538,2026-06-03T05:28:58Z,TVC:US10Y
,,,-0.3122908766450891,,,0.3593083314619361,4.469,,1780464728,2026-06-03T05:32:08Z,TVC:US10Y
,,,-0.3122908766450891,,,0.3593083314619361,4.469,,1780464896,2026-06-03T05:34:56Z,TVC:US10Y
,,,-0.3122908766450891,,,0.3593083314619361,4.469,,1780465080,2026-06-03T05:38:00Z,TVC:US10Y
,,,-0.3122908766450891,,,0.3593083314619361,4.469,,1780465260,2026-06-03T05:41:00Z,TVC:US10Y
,,,-0.3122908766450891,,,0.3593083314619361,4.469,,1780465438,2026-06-03T05:43:58Z,TVC:US10Y
,,,-0.3122908766450891,,,0.3593083314619361,4.469,,1780465619,2026-06-03T05:46:59Z,TVC:US10Y
,,,-0.3122908766450891,,,0.3593083314619361,4.469,,1780465810,2026-06-03T05:50:10Z,TVC:US10Y
,,,-0.2676778942672221,,,0.4042218728946731,4.471,,1780465981,2026-06-03T05:53:01Z,TVC:US10Y
,,,-0.223064911889355,,,0.4491354143274101,4.473,,1780466155,2026-06-03T05:55:55Z,TVC:US10Y
,,,-0.2676778942672221,,,0.4042218728946731,4.471,,1780466334,2026-06-03T05:58:54Z,TVC:US10Y
,,,-0.223064911889355,,,0.4491354143274101,4.473,,1780466519,2026-06-03T06:01:59Z,TVC:US10Y
,,,-0.223064911889355,,,0.4491354143274101,4.473,,1780466702,2026-06-03T06:05:02Z,TVC:US10Y
,,,-0.1338389471336011,,,0.5389624971929041,4.477,,1780466876,2026-06-03T06:07:56Z,TVC:US10Y
,,,-0.1338389471336011,,,0.5389624971929041,4.477,,1780467057,2026-06-03T06:10:57Z,TVC:US10Y
,,,-0.1338389471336011,,,0.5389624971929041,4.477,,1780467240,2026-06-03T06:14:00Z,TVC:US10Y
,,,-0.178451929511488,,,0.4940489557601471,4.475,,1780467430,2026-06-03T06:17:10Z,TVC:US10Y
,,,-0.178451929511488,,,0.4940489557601471,4.475,,1780467593,2026-06-03T06:19:53Z,TVC:US10Y
,,,-0.1338389471336011,,,0.5389624971929041,4.477,,1780467783,2026-06-03T06:23:03Z,TVC:US10Y
,,,-0.1338389471336011,,,0.5389624971929041,4.477,,1780467959,2026-06-03T06:25:59Z,TVC:US10Y
,,,-0.1338389471336011,,,0.5389624971929041,4.477,,1780468145,2026-06-03T06:29:05Z,TVC:US10Y
,,,-0.1338389471336011,,,0.5389624971929041,4.477,,1780468325,2026-06-03T06:32:05Z,TVC:US10Y
,,,-0.1338389471336011,,,0.5389624971929041,4.477,,1780468493,2026-06-03T06:34:53Z,TVC:US10Y
,,,-0.223064911889355,,,0.4491354143274101,4.473,,1780468682,2026-06-03T06:38:02Z,TVC:US10Y
,,,-0.1338389471336011,,,0.5389624971929041,4.477,,1780468857,2026-06-03T06:40:57Z,TVC:US10Y
,,,-0.044612982377867,,,0.6287895800583782,4.481,,1780469044,2026-06-03T06:44:04Z,TVC:US10Y
,,,-0.044612982377867,,,0.6287895800583782,4.481,,1780469222,2026-06-03T06:47:02Z,TVC:US10Y
,,,-0.1338389471336011,,,0.5389624971929041,4.477,,1780469399,2026-06-03T06:49:59Z,TVC:US10Y
,,,-0.1338389471336011,,,0.5389624971929041,4.477,,1780469582,2026-06-03T06:53:02Z,TVC:US10Y
,,,-0.1338389471336011,,,0.5389624971929041,4.477,,1780469765,2026-06-03T06:56:05Z,TVC:US10Y
,,,-0.1338389471336011,,,0.5389624971929041,4.477,,1780469942,2026-06-03T06:59:02Z,TVC:US10Y
,,,-0.1338389471336011,,,0.5389624971929041,4.477,,1780470125,2026-06-03T07:02:05Z,TVC:US10Y
,,,-0.1338389471336011,,,0.5389624971929041,4.477,,1780470295,2026-06-03T07:04:55Z,TVC:US10Y
,,,-0.1338389471336011,,,0.5389624971929041,4.477,,1780470486,2026-06-03T07:08:06Z,TVC:US10Y
,,,-0.1338389471336011,,,0.5389624971929041,4.477,,1780470668,2026-06-03T07:11:08Z,TVC:US10Y
,,,-0.1338389471336011,,,0.5389624971929041,4.477,,1780470839,2026-06-03T07:13:59Z,TVC:US10Y
,,,-0.1338389471336011,,,0.5389624971929041,4.477,,1780471028,2026-06-03T07:17:08Z,TVC:US10Y
,,,-0.1338389471336011,,,0.5389624971929041,4.477,,1780471200,2026-06-03T07:20:00Z,TVC:US10Y
,,,-0.1338389471336011,,,0.5389624971929041,4.477,,1780471383,2026-06-03T07:23:03Z,TVC:US10Y
,,,-0.1338389471336011,,,0.5389624971929041,4.477,,1780471562,2026-06-03T07:26:02Z,TVC:US10Y
,,,-0.1338389471336011,,,0.5389624971929041,4.477,,1780471740,2026-06-03T07:29:00Z,TVC:US10Y
,,,-0.1338389471336011,,,0.5389624971929041,4.477,,1780471923,2026-06-03T07:32:03Z,TVC:US10Y
,,,-0.1338389471336011,,,0.5389624971929041,4.477,,1780472104,2026-06-03T07:35:04Z,TVC:US10Y
,,,-0.1338389471336011,,,0.5389624971929041,4.477,,1780472276,2026-06-03T07:37:56Z,TVC:US10Y
,,,-0.0892259647557341,,,0.5838760386256412,4.479,,1780472462,2026-06-03T07:41:02Z,TVC:US10Y
,,,-0.1338389471336011,,,0.5389624971929041,4.477,,1780472645,2026-06-03T07:44:05Z,TVC:US10Y
,,,-0.1338389471336011,,,0.5389624971929041,4.477,,1780472825,2026-06-03T07:47:05Z,TVC:US10Y
,,,-0.044612982377867,,,0.6287895800583782,4.481,,1780473007,2026-06-03T07:50:07Z,TVC:US10Y
,,,-0.1338389471336011,,,0.5389624971929041,4.477,,1780473183,2026-06-03T07:53:03Z,TVC:US10Y
,,,-0.1338389471336011,,,0.5389624971929041,4.477,,1780473367,2026-06-03T07:56:07Z,TVC:US10Y
,,,-0.1338389471336011,,,0.5389624971929041,4.477,,1780473537,2026-06-03T07:58:57Z,TVC:US10Y
,,,-0.1338389471336011,,,0.5389624971929041,4.477,,1780473718,2026-06-03T08:01:58Z,TVC:US10Y
,,,-0.0892259647557341,,,0.5838760386256412,4.479,,1780473907,2026-06-03T08:05:07Z,TVC:US10Y
,,,-0.1338389471336011,,,0.5389624971929041,4.477,,1780474080,2026-06-03T08:08:00Z,TVC:US10Y
,,,-0.1338389471336011,,,0.5389624971929041,4.477,,1780474254,2026-06-03T08:10:54Z,TVC:US10Y
,,,-0.1338389471336011,,,0.5389624971929041,4.477,,1780474440,2026-06-03T08:14:00Z,TVC:US10Y
,,,-0.1338389471336011,,,0.5389624971929041,4.477,,1780474611,2026-06-03T08:16:51Z,TVC:US10Y
,,,-0.044612982377867,,,0.6287895800583782,4.481,,1780474797,2026-06-03T08:19:57Z,TVC:US10Y
,,,-0.044612982377867,,,0.6287895800583782,4.481,,1780474983,2026-06-03T08:23:03Z,TVC:US10Y
,,,-0.044612982377867,,,0.6287895800583782,4.481,,1780475164,2026-06-03T08:26:04Z,TVC:US10Y
,,,-0.044612982377867,,,0.6287895800583782,4.481,,1780475339,2026-06-03T08:28:59Z,TVC:US10Y
,,,-0.044612982377867,,,0.6287895800583782,4.481,,1780475517,2026-06-03T08:31:57Z,TVC:US10Y
,,,-0.044612982377867,,,0.6287895800583782,4.481,,1780475701,2026-06-03T08:35:01Z,TVC:US10Y
,,,-0.044612982377867,,,0.6287895800583782,4.481,,1780475879,2026-06-03T08:37:59Z,TVC:US10Y
,,,-0.044612982377867,,,0.6287895800583782,4.481,,1780476066,2026-06-03T08:41:06Z,TVC:US10Y
,,,-0.044612982377867,,,0.6287895800583782,4.481,,1780476235,2026-06-03T08:43:55Z,TVC:US10Y
,,,-0.044612982377867,,,0.6287895800583782,4.481,,1780476417,2026-06-03T08:46:57Z,TVC:US10Y
,,,-0.044612982377867,,,0.6287895800583782,4.481,,1780476608,2026-06-03T08:50:08Z,TVC:US10Y
,,,0.0,,,0.6737031214911151,4.483,,1780476775,2026-06-03T08:52:55Z,TVC:US10Y
,,,0.0,,,0.6737031214911151,4.483,,1780476961,2026-06-03T08:56:01Z,TVC:US10Y
,,,-0.044612982377867,,,0.6287895800583782,4.481,,1780477138,2026-06-03T08:58:58Z,TVC:US10Y
,,,0.0,,,0.6737031214911151,4.483,,1780477322,2026-06-03T09:02:02Z,TVC:US10Y
,,,0.0,,,0.6737031214911151,4.483,,1780477506,2026-06-03T09:05:06Z,TVC:US10Y
,,,0.0,,,0.6737031214911151,4.483,,1780477679,2026-06-03T09:07:59Z,TVC:US10Y
,,,-0.044612982377867,,,0.6287895800583782,4.481,,1780477866,2026-06-03T09:11:06Z,TVC:US10Y
,,,-0.044612982377867,,,0.6287895800583782,4.481,,1780478033,2026-06-03T09:13:53Z,TVC:US10Y
,,,0.0446129823778868,,,0.7186166629238722,4.485,,1780478216,2026-06-03T09:16:56Z,TVC:US10Y
,,,0.0,,,0.6737031214911151,4.483,,1780478396,2026-06-03T09:19:56Z,TVC:US10Y
,,,0.0446129823778868,,,0.7186166629238722,4.485,,1780478576,2026-06-03T09:22:56Z,TVC:US10Y
,,,0.0892259647557539,,,0.7635302043566092,4.487,,1780478756,2026-06-03T09:25:56Z,TVC:US10Y
,,,0.0446129823778868,,,0.7186166629238722,4.485,,1780478943,2026-06-03T09:29:03Z,TVC:US10Y
,,,0.0892259647557539,,,0.7635302043566092,4.487,,1780479122,2026-06-03T09:32:02Z,TVC:US10Y
,,,0.0446129823778868,,,0.7186166629238722,4.485,,1780479297,2026-06-03T09:34:57Z,TVC:US10Y
,,,0.0446129823778868,,,0.7186166629238722,4.485,,1780479475,2026-06-03T09:37:55Z,TVC:US10Y
,,,0.0,,,0.6737031214911151,4.483,,1780479663,2026-06-03T09:41:03Z,TVC:US10Y
,,,0.0446129823778868,,,0.7186166629238722,4.485,,1780479841,2026-06-03T09:44:01Z,TVC:US10Y
,,,0.0446129823778868,,,0.7186166629238722,4.485,,1780480017,2026-06-03T09:46:57Z,TVC:US10Y
,,,0.0446129823778868,,,0.7186166629238722,4.485,,1780480201,2026-06-03T09:50:01Z,TVC:US10Y
,,,0.0446129823778868,,,0.7186166629238722,4.485,,1780480379,2026-06-03T09:52:59Z,TVC:US10Y
,,,0.0892259647557539,,,0.7635302043566092,4.487,,1780480560,2026-06-03T09:56:00Z,TVC:US10Y
,,,0.1338389471336209,,,0.8084437457893463,4.489,,1780480741,2026-06-03T09:59:01Z,TVC:US10Y
,,,0.1338389471336209,,,0.8084437457893463,4.489,,1780480924,2026-06-03T10:02:04Z,TVC:US10Y
,,,0.1338389471336209,,,0.8084437457893463,4.489,,1780481096,2026-06-03T10:04:56Z,TVC:US10Y
,,,-0.1338389471336011,,,0.5389624971929041,4.477,,1780481279,2026-06-03T10:07:59Z,TVC:US10Y
,,,-0.044612982377867,,,0.6287895800583782,4.481,,1780481460,2026-06-03T10:11:00Z,TVC:US10Y
,,,0.0446129823778868,,,0.7186166629238722,4.485,,1780481645,2026-06-03T10:14:05Z,TVC:US10Y
,,,0.0446129823778868,,,0.7186166629238722,4.485,,1780481817,2026-06-03T10:16:57Z,TVC:US10Y
,,,0.0446129823778868,,,0.7186166629238722,4.485,,1780482001,2026-06-03T10:20:01Z,TVC:US10Y
,,,0.0446129823778868,,,0.7186166629238722,4.485,,1780482185,2026-06-03T10:23:05Z,TVC:US10Y
,,,0.0446129823778868,,,0.7186166629238722,4.485,,1780482365,2026-06-03T10:26:05Z,TVC:US10Y
,,,0.0,,,0.6737031214911151,4.483,,1780482543,2026-06-03T10:29:03Z,TVC:US10Y
,,,-0.044612982377867,,,0.6287895800583782,4.481,,1780482721,2026-06-03T10:32:01Z,TVC:US10Y
,,,0.0,,,0.6737031214911151,4.483,,1780482900,2026-06-03T10:35:00Z,TVC:US10Y
,,,0.0446129823778868,,,0.7186166629238722,4.485,,1780483078,2026-06-03T10:37:58Z,TVC:US10Y
,,,0.0446129823778868,,,0.7186166629238722,4.485,,1780483256,2026-06-03T10:40:56Z,TVC:US10Y
,,,0.0,,,0.6737031214911151,4.483,,1780483444,2026-06-03T10:44:04Z,TVC:US10Y
,,,0.0446129823778868,,,0.7186166629238722,4.485,,1780483620,2026-06-03T10:47:00Z,TVC:US10Y
,,,0.0446129823778868,,,0.7186166629238722,4.485,,1780483796,2026-06-03T10:49:56Z,TVC:US10Y
,,,0.0446129823778868,,,0.7186166629238722,4.485,,1780483984,2026-06-03T10:53:04Z,TVC:US10Y
,,,-0.044612982377867,,,0.6287895800583782,4.481,,1780484162,2026-06-03T10:56:02Z,TVC:US10Y
,,,-0.044612982377867,,,0.6287895800583782,4.481,,1780484341,2026-06-03T10:59:01Z,TVC:US10Y
,,,-0.044612982377867,,,0.6287895800583782,4.481,,1780484518,2026-06-03T11:01:58Z,TVC:US10Y
,,,-0.044612982377867,,,0.6287895800583782,4.481,,1780484703,2026-06-03T11:05:03Z,TVC:US10Y
,,,0.0,,,0.6737031214911151,4.483,,1780484876,2026-06-03T11:07:56Z,TVC:US10Y
,,,0.0,,,0.6737031214911151,4.483,,1780485062,2026-06-03T11:11:02Z,TVC:US10Y
,,,0.0,,,0.6737031214911151,4.483,,1780485237,2026-06-03T11:13:57Z,TVC:US10Y
,,,-0.044612982377867,,,0.6287895800583782,4.481,,1780485417,2026-06-03T11:16:57Z,TVC:US10Y
,,,-0.044612982377867,,,0.6287895800583782,4.481,,1780485603,2026-06-03T11:20:03Z,TVC:US10Y
,,,-0.044612982377867,,,0.6287895800583782,4.481,,1780485780,2026-06-03T11:23:00Z,TVC:US10Y
,,,-0.044612982377867,,,0.6287895800583782,4.481,,1780485956,2026-06-03T11:25:56Z,TVC:US10Y
,,,-0.044612982377867,,,0.6287895800583782,4.481,,1780486137,2026-06-03T11:28:57Z,TVC:US10Y
,,,-0.1338389471336011,,,0.5389624971929041,4.477,,1780486317,2026-06-03T11:31:57Z,TVC:US10Y
,,,-0.1338389471336011,,,0.5389624971929041,4.477,,1780486499,2026-06-03T11:34:59Z,TVC:US10Y
,,,-0.044612982377867,,,0.6287895800583782,4.481,,1780486678,2026-06-03T11:37:58Z,TVC:US10Y
,,,-0.044612982377867,,,0.6287895800583782,4.481,,1780486859,2026-06-03T11:40:59Z,TVC:US10Y
,,,-0.044612982377867,,,0.6287895800583782,4.481,,1780487045,2026-06-03T11:44:05Z,TVC:US10Y
,,,-0.044612982377867,,,0.6287895800583782,4.481,,1780487218,2026-06-03T11:46:58Z,TVC:US10Y
,,,-0.044612982377867,,,0.6287895800583782,4.481,,1780487403,2026-06-03T11:50:03Z,TVC:US10Y
,,,-0.1338389471336011,,,0.5389624971929041,4.477,,1780487585,2026-06-03T11:53:05Z,TVC:US10Y
,,,-0.044612982377867,,,0.6287895800583782,4.481,,1780487757,2026-06-03T11:55:57Z,TVC:US10Y
,,,-0.0892259647557341,,,0.5838760386256412,4.479,,1780487937,2026-06-03T11:58:57Z,TVC:US10Y
,,,-0.044612982377867,,,0.6287895800583782,4.481,,1780488124,2026-06-03T12:02:04Z,TVC:US10Y
,,,-0.1338389471336011,,,0.5389624971929041,4.477,,1780488303,2026-06-03T12:05:03Z,TVC:US10Y
,,,-0.044612982377867,,,0.6287895800583782,4.481,,1780488488,2026-06-03T12:08:08Z,TVC:US10Y
,,,-0.044612982377867,,,0.6287895800583782,4.481,,1780488657,2026-06-03T12:10:57Z,TVC:US10Y
,,,-0.0892259647557341,,,0.5838760386256412,4.479,,1780488836,2026-06-03T12:13:56Z,TVC:US10Y
,,,-0.044612982377867,,,0.6287895800583782,4.481,,1780489023,2026-06-03T12:17:03Z,TVC:US10Y
,,,0.0446129823778868,,,0.7186166629238722,4.485,,1780489204,2026-06-03T12:20:04Z,TVC:US10Y
,,,0.1338389471336209,,,0.8084437457893463,4.489,,1780489383,2026-06-03T12:23:03Z,TVC:US10Y
,,,0.1338389471336209,,,0.8084437457893463,4.489,,1780489557,2026-06-03T12:25:57Z,TVC:US10Y
,,,0.1338389471336209,,,0.8084437457893463,4.489,,1780489740,2026-06-03T12:29:00Z,TVC:US10Y
,,,0.178451929511488,,,0.8533572872220831,4.491,,1780489914,2026-06-03T12:31:54Z,TVC:US10Y
,,,0.2230649118893748,,,0.8982708286548402,4.493,,1780490104,2026-06-03T12:35:04Z,TVC:US10Y
,,,0.3122908766451089,,,0.9880979115203142,4.497,,1780490287,2026-06-03T12:38:07Z,TVC:US10Y
,,,0.2676778942672419,,,0.9431843700875772,4.495,,1780490456,2026-06-03T12:40:56Z,TVC:US10Y
,,,0.2230649118893748,,,0.8982708286548402,4.493,,1780490641,2026-06-03T12:44:01Z,TVC:US10Y
,,,0.2230649118893748,,,0.8982708286548402,4.493,,1780490830,2026-06-03T12:47:10Z,TVC:US10Y
,,,0.178451929511488,,,0.8533572872220831,4.491,,1780490996,2026-06-03T12:49:56Z,TVC:US10Y
,,,0.2230649118893748,,,0.8982708286548402,4.493,,1780491185,2026-06-03T12:53:05Z,TVC:US10Y
,,,0.2230649118893748,,,0.8982708286548402,4.493,,1780491366,2026-06-03T12:56:06Z,TVC:US10Y
,,,0.2230649118893748,,,0.8982708286548402,4.493,,1780491539,2026-06-03T12:58:59Z,TVC:US10Y
,,,0.1338389471336209,,,0.8084437457893463,4.489,,1780491717,2026-06-03T13:01:57Z,TVC:US10Y
,,,0.0892259647557539,,,0.7635302043566092,4.487,,1780491898,2026-06-03T13:04:58Z,TVC:US10Y
,,,0.0892259647557539,,,0.7635302043566092,4.487,,1780492081,2026-06-03T13:08:01Z,TVC:US10Y
,,,0.0892259647557539,,,0.7635302043566092,4.487,,1780492263,2026-06-03T13:11:03Z,TVC:US10Y
,,,0.1338389471336209,,,0.8084437457893463,4.489,,1780492443,2026-06-03T13:14:03Z,TVC:US10Y
,,,0.1338389471336209,,,0.8084437457893463,4.489,,1780492620,2026-06-03T13:17:00Z,TVC:US10Y
,,,0.2230649118893748,,,0.8982708286548402,4.493,,1780492802,2026-06-03T13:20:02Z,TVC:US10Y
,,,0.178451929511488,,,0.8533572872220831,4.491,,1780492979,2026-06-03T13:22:59Z,TVC:US10Y
,,,0.2230649118893748,,,0.8982708286548402,4.493,,1780493156,2026-06-03T13:25:56Z,TVC:US10Y
,,,0.178451929511488,,,0.8533572872220831,4.491,,1780493342,2026-06-03T13:29:02Z,TVC:US10Y
,,,0.1338389471336209,,,0.8084437457893463,4.489,,1780493519,2026-06-03T13:31:59Z,TVC:US10Y
,,,0.178451929511488,,,0.8533572872220831,4.491,,1780493699,2026-06-03T13:34:59Z,TVC:US10Y
,,,0.0892259647557539,,,0.7635302043566092,4.487,,1780493878,2026-06-03T13:37:58Z,TVC:US10Y
,,,0.1338389471336209,,,0.8084437457893463,4.489,,1780494059,2026-06-03T13:40:59Z,TVC:US10Y
,,,0.1338389471336209,,,0.8084437457893463,4.489,,1780494240,2026-06-03T13:44:00Z,TVC:US10Y
,,,0.2230649118893748,,,0.8982708286548402,4.493,,1780494413,2026-06-03T13:46:53Z,TVC:US10Y
,,,0.178451929511488,,,0.8533572872220831,4.491,,1780494602,2026-06-03T13:50:02Z,TVC:US10Y
,,,0.178451929511488,,,0.8533572872220831,4.491,,1780494777,2026-06-03T13:52:57Z,TVC:US10Y
,,,0.1338389471336209,,,0.8084437457893463,4.489,,1780494958,2026-06-03T13:55:58Z,TVC:US10Y
,,,0.1338389471336209,,,0.8084437457893463,4.489,,1780495145,2026-06-03T13:59:05Z,TVC:US10Y
,,,0.0446129823778868,,,0.7186166629238722,4.485,,1780495319,2026-06-03T14:01:59Z,TVC:US10Y
,,,0.0446129823778868,,,0.7186166629238722,4.485,,1780495508,2026-06-03T14:05:08Z,TVC:US10Y
,,,-0.044612982377867,,,0.6287895800583782,4.481,,1780495688,2026-06-03T14:08:08Z,TVC:US10Y
,,,-0.0892259647557341,,,0.5838760386256412,4.479,,1780495858,2026-06-03T14:10:58Z,TVC:US10Y
,,,-0.0892259647557341,,,0.5838760386256412,4.479,,1780496036,2026-06-03T14:13:56Z,TVC:US10Y
,,,-0.1338389471336011,,,0.5389624971929041,4.477,,1780496213,2026-06-03T14:16:53Z,TVC:US10Y
,,,-0.044612982377867,,,0.6287895800583782,4.481,,1780496401,2026-06-03T14:20:01Z,TVC:US10Y
,,,-0.1338389471336011,,,0.5389624971929041,4.477,,1780496581,2026-06-03T14:23:01Z,TVC:US10Y
,,,-0.1338389471336011,,,0.5389624971929041,4.477,,1780496756,2026-06-03T14:25:56Z,TVC:US10Y
,,,-0.1338389471336011,,,0.5389624971929041,4.477,,1780496943,2026-06-03T14:29:03Z,TVC:US10Y
,,,-0.1338389471336011,,,0.5389624971929041,4.477,,1780497123,2026-06-03T14:32:03Z,TVC:US10Y
,,,-0.1338389471336011,,,0.5389624971929041,4.477,,1780497301,2026-06-03T14:35:01Z,TVC:US10Y
,,,-0.1338389471336011,,,0.5389624971929041,4.477,,1780497479,2026-06-03T14:37:59Z,TVC:US10Y
,,,-0.1338389471336011,,,0.6287895800583782,4.481,,1780497661,2026-06-03T14:41:01Z,TVC:US10Y
,,,-0.044612982377867,,,0.6287895800583782,4.481,,1780497841,2026-06-03T14:44:01Z,TVC:US10Y
,,,0.0446129823778868,,,0.7186166629238722,4.485,,1780498023,2026-06-03T14:47:03Z,TVC:US10Y
,,,0.0446129823778868,,,0.7186166629238722,4.485,,1780498203,2026-06-03T14:50:03Z,TVC:US10Y
,,,-0.044612982377867,,,0.6287895800583782,4.481,,1780498382,2026-06-03T14:53:02Z,TVC:US10Y
,,,-0.0892259647557341,,,0.5838760386256412,4.479,,1780498554,2026-06-03T14:55:54Z,TVC:US10Y
,,,-0.0892259647557341,,,0.5838760386256412,4.479,,1780498735,2026-06-03T14:58:55Z,TVC:US10Y
,,,-0.044612982377867,,,0.6287895800583782,4.481,,1780498922,2026-06-03T15:02:02Z,TVC:US10Y
,,,0.0446129823778868,,,0.7186166629238722,4.485,,1780499105,2026-06-03T15:05:05Z,TVC:US10Y
,,,0.0446129823778868,,,0.7186166629238722,4.485,,1780499267,2026-06-03T15:07:47Z,TVC:US10Y
,,,0.0446129823778868,,,0.7186166629238722,4.485,,1780499459,2026-06-03T15:10:59Z,TVC:US10Y
,,,0.1338389471336209,,,0.8084437457893463,4.489,,1780499640,2026-06-03T15:14:00Z,TVC:US10Y
,,,0.0446129823778868,,,0.7186166629238722,4.485,,1780499816,2026-06-03T15:16:56Z,TVC:US10Y
,,,0.0446129823778868,,,0.7186166629238722,4.485,,1780500002,2026-06-03T15:20:02Z,TVC:US10Y
,,,0.1338389471336209,,,0.8084437457893463,4.489,,1780500175,2026-06-03T15:22:55Z,TVC:US10Y
,,,0.2230649118893748,,,0.8982708286548402,4.493,,1780500369,2026-06-03T15:26:09Z,TVC:US10Y
,,,0.1338389471336209,,,0.8084437457893463,4.489,,1780500541,2026-06-03T15:29:01Z,TVC:US10Y
,,,0.1338389471336209,,,0.8084437457893463,4.489,,1780500718,2026-06-03T15:31:58Z,TVC:US10Y
,,,0.2230649118893748,,,0.8982708286548402,4.493,,1780500900,2026-06-03T15:35:00Z,TVC:US10Y
,,,0.2676778942672419,,,0.9431843700875772,4.495,,1780501080,2026-06-03T15:38:00Z,TVC:US10Y
,,,0.356903859022976,,,1.0330114529530512,4.499,,1780501262,2026-06-03T15:41:02Z,TVC:US10Y
,,,0.356903859022976,,,1.0330114529530512,4.499,,1780501438,2026-06-03T15:43:58Z,TVC:US10Y
,,,0.3122908766451089,,,0.9880979115203142,4.497,,1780501616,2026-06-03T15:46:56Z,TVC:US10Y
,,,0.4015168414008629,,,1.0779249943858082,4.501,,1780501793,2026-06-03T15:49:53Z,TVC:US10Y
,,,0.356903859022976,,,1.0330114529530512,4.499,,1780501978,2026-06-03T15:52:58Z,TVC:US10Y
,,,0.3122908766451089,,,0.9880979115203142,4.497,,1780502165,2026-06-03T15:56:05Z,TVC:US10Y
,,,0.356903859022976,,,1.0330114529530512,4.499,,1780502340,2026-06-03T15:59:00Z,TVC:US10Y
,,,0.4015168414008629,,,1.0779249943858082,4.501,,1780502519,2026-06-03T16:01:59Z,TVC:US10Y
,,,0.4015168414008629,,,1.0779249943858082,4.501,,1780502698,2026-06-03T16:04:58Z,TVC:US10Y
,,,0.4015168414008629,,,1.0779249943858082,4.501,,1780502881,2026-06-03T16:08:01Z,TVC:US10Y
,,,0.4015168414008629,,,1.0779249943858082,4.501,,1780503060,2026-06-03T16:11:00Z,TVC:US10Y
,,,0.4015168414008629,,,1.0779249943858082,4.501,,1780503248,2026-06-03T16:14:08Z,TVC:US10Y
,,,0.4015168414008629,,,1.0779249943858082,4.501,,1780503420,2026-06-03T16:17:00Z,TVC:US10Y
,,,0.4015168414008629,,,1.0779249943858082,4.501,,1780503608,2026-06-03T16:20:08Z,TVC:US10Y
,,,0.4015168414008629,,,1.0779249943858082,4.501,,1780503778,2026-06-03T16:22:58Z,TVC:US10Y
,,,0.4015168414008629,,,1.0779249943858082,4.501,,1780503963,2026-06-03T16:26:03Z,TVC:US10Y
,,,0.4015168414008629,,,1.0779249943858082,4.501,,1780504142,2026-06-03T16:29:02Z,TVC:US10Y
,,,0.3122908766451089,,,0.9880979115203142,4.497,,1780504321,2026-06-03T16:32:01Z,TVC:US10Y
,,,0.3122908766451089,,,0.9880979115203142,4.497,,1780504494,2026-06-03T16:34:54Z,TVC:US10Y
,,,0.3122908766451089,,,0.9880979115203142,4.497,,1780504681,2026-06-03T16:38:01Z,TVC:US10Y
,,,0.3122908766451089,,,0.9880979115203142,4.497,,1780504862,2026-06-03T16:41:02Z,TVC:US10Y
,,,0.3122908766451089,,,0.9880979115203142,4.497,,1780505041,2026-06-03T16:44:01Z,TVC:US10Y
,,,0.2676778942672419,,,0.9431843700875772,4.495,,1780505228,2026-06-03T16:47:08Z,TVC:US10Y
,,,0.3122908766451089,,,0.9880979115203142,4.497,,1780505394,2026-06-03T16:49:54Z,TVC:US10Y
,,,0.2676778942672419,,,0.9431843700875772,4.495,,1780505583,2026-06-03T16:53:03Z,TVC:US10Y
,,,0.3122908766451089,,,0.9880979115203142,4.497,,1780505755,2026-06-03T16:55:55Z,TVC:US10Y
,,,0.2230649118893748,,,0.8982708286548402,4.493,,1780505940,2026-06-03T16:59:00Z,TVC:US10Y
,,,0.2230649118893748,,,0.8982708286548402,4.493,,1780506119,2026-06-03T17:01:59Z,TVC:US10Y
,,,0.2230649118893748,,,0.8982708286548402,4.493,,1780506305,2026-06-03T17:05:05Z,TVC:US10Y
,,,0.2230649118893748,,,0.8982708286548402,4.493,,1780506488,2026-06-03T17:08:08Z,TVC:US10Y
,,,0.178451929511488,,,0.8533572872220831,4.491,,1780506661,2026-06-03T17:11:01Z,TVC:US10Y
,,,0.2230649118893748,,,0.8982708286548402,4.493,,1780506843,2026-06-03T17:14:03Z,TVC:US10Y
,,,0.3122908766451089,,,0.9880979115203142,4.497,,1780507015,2026-06-03T17:16:55Z,TVC:US10Y
,,,0.3122908766451089,,,0.9880979115203142,4.497,,1780507202,2026-06-03T17:20:02Z,TVC:US10Y
,,,0.3122908766451089,,,0.9880979115203142,4.497,,1780507377,2026-06-03T17:22:57Z,TVC:US10Y
,,,0.3122908766451089,,,0.9880979115203142,4.497,,1780507554,2026-06-03T17:25:54Z,TVC:US10Y
,,,0.3122908766451089,,,0.9880979115203142,4.497,,1780507742,2026-06-03T17:29:02Z,TVC:US10Y
,,,0.3122908766451089,,,0.9880979115203142,4.497,,1780507928,2026-06-03T17:32:08Z,TVC:US10Y
,,,0.2230649118893748,,,0.8982708286548402,4.493,,1780508102,2026-06-03T17:35:02Z,TVC:US10Y
,,,0.2230649118893748,,,0.8982708286548402,4.493,,1780508283,2026-06-03T17:38:03Z,TVC:US10Y
,,,0.2230649118893748,,,0.8982708286548402,4.493,,1780512419,2026-06-03T18:46:59Z,TVC:US10Y
,,,0.1338389471336209,,,0.8084437457893463,4.489,,1780512594,2026-06-03T18:49:54Z,TVC:US10Y
,,,0.1338389471336209,,,0.8084437457893463,4.489,,1780512960,2026-06-03T18:56:00Z,TVC:US10Y
,,,0.1338389471336209,,,0.8084437457893463,4.489,,1780513141,2026-06-03T18:59:01Z,TVC:US10Y
,,,0.2230649118893748,,,0.8982708286548402,4.493,,1780513311,2026-06-03T19:01:51Z,TVC:US10Y
,,,0.1338389471336209,,,0.8084437457893463,4.489,,1780513502,2026-06-03T19:05:02Z,TVC:US10Y
,,,0.1338389471336209,,,0.8084437457893463,4.489,,1780513673,2026-06-03T19:07:53Z,TVC:US10Y
,,,0.1338389471336209,,,0.8084437457893463,4.489,,1780513862,2026-06-03T19:11:02Z,TVC:US10Y
,,,0.178451929511488,,,0.8533572872220831,4.491,,1780514047,2026-06-03T19:14:07Z,TVC:US10Y
,,,0.1338389471336209,,,0.8084437457893463,4.489,,1780514220,2026-06-03T19:17:00Z,TVC:US10Y
,,,0.1338389471336209,,,0.8084437457893463,4.489,,1780514401,2026-06-03T19:20:01Z,TVC:US10Y
,,,0.1338389471336209,,,0.8084437457893463,4.489,,1780514583,2026-06-03T19:23:03Z,TVC:US10Y
,,,0.1338389471336209,,,0.8084437457893463,4.489,,1780514751,2026-06-03T19:25:51Z,TVC:US10Y
,,,0.1338389471336209,,,0.8084437457893463,4.489,,1780514937,2026-06-03T19:28:57Z,TVC:US10Y
,,,0.1338389471336209,,,0.8084437457893463,4.489,,1780515119,2026-06-03T19:31:59Z,TVC:US10Y
,,,0.2230649118893748,,,0.8982708286548402,4.493,,1780515302,2026-06-03T19:35:02Z,TVC:US10Y
,,,0.2230649118893748,,,0.8982708286548402,4.493,,1780515482,2026-06-03T19:38:02Z,TVC:US10Y
,,,0.1338389471336209,,,0.8084437457893463,4.489,,1780515661,2026-06-03T19:41:01Z,TVC:US10Y
,,,0.1338389471336209,,,0.8084437457893463,4.489,,1780515837,2026-06-03T19:43:57Z,TVC:US10Y
,,,0.1338389471336209,,,0.8084437457893463,4.489,,1780516014,2026-06-03T19:46:54Z,TVC:US10Y
,,,0.178451929511488,,,0.8533572872220831,4.491,,1780516199,2026-06-03T19:49:59Z,TVC:US10Y
,,,0.1338389471336209,,,0.8084437457893463,4.489,,1780516377,2026-06-03T19:52:57Z,TVC:US10Y
,,,0.1338389471336209,,,0.8084437457893463,4.489,,1780516559,2026-06-03T19:55:59Z,TVC:US10Y
,,,0.178451929511488,,,0.8533572872220831,4.491,,1780516744,2026-06-03T19:59:04Z,TVC:US10Y
,,,0.1338389471336209,,,0.8084437457893463,4.489,,1780516918,2026-06-03T20:01:58Z,TVC:US10Y
,,,0.1338389471336209,,,0.8084437457893463,4.489,,1780517105,2026-06-03T20:05:05Z,TVC:US10Y
,,,0.2230649118893748,,,0.8982708286548402,4.493,,1780517280,2026-06-03T20:08:00Z,TVC:US10Y
,,,0.2230649118893748,,,0.8982708286548402,4.493,,1780517460,2026-06-03T20:11:00Z,TVC:US10Y
,,,0.2230649118893748,,,0.8982708286548402,4.493,,1780517633,2026-06-03T20:13:53Z,TVC:US10Y
,,,0.2230649118893748,,,0.8982708286548402,4.493,,1780517825,2026-06-03T20:17:05Z,TVC:US10Y
,,,0.1338389471336209,,,0.8084437457893463,4.489,,1780518001,2026-06-03T20:20:01Z,TVC:US10Y
,,,0.178451929511488,,,0.8533572872220831,4.491,,1780518179,2026-06-03T20:22:59Z,TVC:US10Y
,,,0.178451929511488,,,0.8533572872220831,4.491,,1780518354,2026-06-03T20:25:54Z,TVC:US10Y
,,,0.1338389471336209,,,0.8084437457893463,4.489,,1780518543,2026-06-03T20:29:03Z,TVC:US10Y
,,,0.178451929511488,,,0.8533572872220831,4.491,,1780518726,2026-06-03T20:32:06Z,TVC:US10Y
,,,0.178451929511488,,,0.8533572872220831,4.491,,1780518896,2026-06-03T20:34:56Z,TVC:US10Y
,,,0.2230649118893748,,,0.8982708286548402,4.493,,1780519084,2026-06-03T20:38:04Z,TVC:US10Y
,,,0.2230649118893748,,,0.8982708286548402,4.493,,1780519263,2026-06-03T20:41:03Z,TVC:US10Y
,,,0.2230649118893748,,,0.8982708286548402,4.493,,1780519445,2026-06-03T20:44:05Z,TVC:US10Y
,,,0.2230649118893748,,,0.8982708286548402,4.493,,1780519622,2026-06-03T20:47:02Z,TVC:US10Y
,,,0.2676778942672419,,,0.9431843700875772,4.495,,1780519798,2026-06-03T20:49:58Z,TVC:US10Y
,,,0.2676778942672419,,,0.9431843700875772,4.495,,1780519980,2026-06-03T20:53:00Z,TVC:US10Y
,,,0.3122908766451089,,,0.9880979115203142,4.497,,1780520157,2026-06-03T20:55:57Z,TVC:US10Y
,,,0.3122908766451089,,,0.9880979115203142,4.497,,1780520345,2026-06-03T20:59:05Z,TVC:US10Y
,,,0.3122908766451089,,,0.9880979115203142,4.497,,1780520517,2026-06-03T21:01:57Z,TVC:US10Y
,,,0.3122908766451089,,,0.9880979115203142,4.497,,1780520697,2026-06-03T21:04:57Z,TVC:US10Y
,,,0.2230649118893748,,,0.8982708286548402,4.493,,1780520887,2026-06-03T21:08:07Z,TVC:US10Y
,,,0.2230649118893748,,,0.8982708286548402,4.493,,1780521059,2026-06-03T21:10:59Z,TVC:US10Y
,,,0.2230649118893748,,,0.8982708286548402,4.493,,1780521236,2026-06-03T21:13:56Z,TVC:US10Y
,,,0.2230649118893748,,,0.8982708286548402,4.493,,1780521422,2026-06-03T21:17:02Z,TVC:US10Y
,,,0.2230649118893748,,,0.8982708286548402,4.493,,1780521604,2026-06-03T21:20:04Z,TVC:US10Y
,,,0.2230649118893748,,,0.8982708286548402,4.493,,1780521779,2026-06-03T21:22:59Z,TVC:US10Y
,,,0.2230649118893748,,,0.8982708286548402,4.493,,1780521961,2026-06-03T21:26:01Z,TVC:US10Y
,,,0.2230649118893748,,,0.8982708286548402,4.493,,1780522145,2026-06-03T21:29:05Z,TVC:US10Y
,,,0.2230649118893748,,,0.8982708286548402,4.493,,1780522311,2026-06-03T21:31:51Z,TVC:US10Y
,,,0.2230649118893748,,,0.8982708286548402,4.493,,1780522503,2026-06-03T21:35:03Z,TVC:US10Y
,,,0.2230649118893748,,,0.8982708286548402,4.493,,1780522674,2026-06-03T21:37:54Z,TVC:US10Y
,,,0.2230649118893748,,,0.8982708286548402,4.493,,1780522865,2026-06-03T21:41:05Z,TVC:US10Y
,,,0.2230649118893748,,,0.8982708286548402,4.493,,1780523044,2026-06-03T21:44:04Z,TVC:US10Y
,,,0.2230649118893748,,,0.8982708286548402,4.493,,1780523230,2026-06-03T21:47:10Z,TVC:US10Y
,,,0.2230649118893748,,,0.8982708286548402,4.493,,1780523402,2026-06-03T21:50:02Z,TVC:US10Y
,,,0.2230649118893748,,,0.8982708286548402,4.493,,1780523583,2026-06-03T21:53:03Z,TVC:US10Y
,,,0.2230649118893748,,,0.8982708286548402,4.493,,1780523760,2026-06-03T21:56:00Z,TVC:US10Y
,,,0.2230649118893748,,,0.8982708286548402,4.493,,1780523939,2026-06-03T21:58:59Z,TVC:US10Y
,,,0.2230649118893748,,,0.8982708286548402,4.493,,1780524129,2026-06-03T22:02:09Z,TVC:US10Y
,,,0.2230649118893748,,,0.8982708286548402,4.493,,1780524299,2026-06-03T22:04:59Z,TVC:US10Y
,,,0.2230649118893748,,,0.8982708286548402,4.493,,1780524482,2026-06-03T22:08:02Z,TVC:US10Y
,,,0.2230649118893748,,,0.8982708286548402,4.493,,1780524656,2026-06-03T22:10:56Z,TVC:US10Y
,,,0.2230649118893748,,,0.8982708286548402,4.493,,1780524835,2026-06-03T22:13:55Z,TVC:US10Y
,,,0.2230649118893748,,,0.8982708286548402,4.493,,1780525017,2026-06-03T22:16:57Z,TVC:US10Y
,,,0.2230649118893748,,,0.8982708286548402,4.493,,1780525192,2026-06-03T22:19:52Z,TVC:US10Y
,,,0.2230649118893748,,,0.8982708286548402,4.493,,1780525376,2026-06-03T22:22:56Z,TVC:US10Y
,,,0.2230649118893748,,,0.8982708286548402,4.493,,1780525554,2026-06-03T22:25:54Z,TVC:US10Y
,,,0.2230649118893748,,,0.8982708286548402,4.493,,1780525736,2026-06-03T22:28:56Z,TVC:US10Y
,,,0.2230649118893748,,,0.8982708286548402,4.493,,1780525927,2026-06-03T22:32:07Z,TVC:US10Y
,,,0.2230649118893748,,,0.8982708286548402,4.493,,1780526100,2026-06-03T22:35:00Z,TVC:US10Y
,,,0.2230649118893748,,,0.8982708286548402,4.493,,1780526275,2026-06-03T22:37:55Z,TVC:US10Y
,,,0.2230649118893748,,,0.8982708286548402,4.493,,1780526463,2026-06-03T22:41:03Z,TVC:US10Y
,,,0.2230649118893748,,,0.8982708286548402,4.493,,1780526643,2026-06-03T22:44:03Z,TVC:US10Y
,,,0.2230649118893748,,,0.8982708286548402,4.493,,1780526815,2026-06-03T22:46:55Z,TVC:US10Y
,,,0.2230649118893748,,,0.8982708286548402,4.493,,1780526995,2026-06-03T22:49:55Z,TVC:US10Y
,,,0.2230649118893748,,,0.8982708286548402,4.493,,1780527179,2026-06-03T22:52:59Z,TVC:US10Y
,,,0.2230649118893748,,,0.8982708286548402,4.493,,1780527354,2026-06-03T22:55:54Z,TVC:US10Y
,,,0.2230649118893748,,,0.8982708286548402,4.493,,1780527540,2026-06-03T22:59:00Z,TVC:US10Y
,,,0.2230649118893748,,,0.8982708286548402,4.493,,1780527719,2026-06-03T23:01:59Z,TVC:US10Y
,,,0.2230649118893748,,,0.8982708286548402,4.493,,1780527900,2026-06-03T23:05:00Z,TVC:US10Y
,,,0.2230649118893748,,,0.8982708286548402,4.493,,1780528088,2026-06-03T23:08:08Z,TVC:US10Y
,,,0.2230649118893748,,,0.8982708286548402,4.493,,1780528270,2026-06-03T23:11:10Z,TVC:US10Y
,,,0.2230649118893748,,,0.8982708286548402,4.493,,1780528438,2026-06-03T23:13:58Z,TVC:US10Y
,,,0.2230649118893748,,,0.8982708286548402,4.493,,1780528626,2026-06-03T23:17:06Z,TVC:US10Y
,,,0.2230649118893748,,,0.8982708286548402,4.493,,1780528804,2026-06-03T23:20:04Z,TVC:US10Y
,,,0.2230649118893748,,,0.8982708286548402,4.493,,1780528981,2026-06-03T23:23:01Z,TVC:US10Y
,,,0.2230649118893748,,,0.8982708286548402,4.493,,1780529164,2026-06-03T23:26:04Z,TVC:US10Y
,,,0.2230649118893748,,,0.8982708286548402,4.493,,1780529339,2026-06-03T23:28:59Z,TVC:US10Y
,,,0.2230649118893748,,,0.8982708286548402,4.493,,1780529521,2026-06-03T23:32:01Z,TVC:US10Y
,,,0.2230649118893748,,,0.8982708286548402,4.493,,1780529702,2026-06-03T23:35:02Z,TVC:US10Y
,,,0.2230649118893748,,,0.8982708286548402,4.493,,1780529884,2026-06-03T23:38:04Z,TVC:US10Y
,,,0.2230649118893748,,,0.8982708286548402,4.493,,1780530066,2026-06-03T23:41:06Z,TVC:US10Y
,,,0.2230649118893748,,,0.8982708286548402,4.493,,1780530243,2026-06-03T23:44:03Z,TVC:US10Y
,,,0.2230649118893748,,,0.8982708286548402,4.493,,1780530420,2026-06-03T23:47:00Z,TVC:US10Y
,,,0.2230649118893748,,,0.8982708286548402,4.493,,1780530594,2026-06-03T23:49:54Z,TVC:US10Y
,,,0.2230649118893748,,,0.8982708286548402,4.493,,1780530783,2026-06-03T23:53:03Z,TVC:US10Y
,,,0.2230649118893748,,,0.8982708286548402,4.493,,1780530957,2026-06-03T23:55:57Z,TVC:US10Y
,,,0.2230649118893748,,,0.8982708286548402,4.493,,1780531135,2026-06-03T23:58:55Z,TVC:US10Y
,,,0.2230649118893748,,,0.8982708286548402,4.493,,1780531320,2026-06-04T00:02:00Z,TVC:US10Y
,,,0.2230649118893748,,,0.8982708286548402,4.493,,1780531494,2026-06-04T00:04:54Z,TVC:US10Y
,,,0.2230649118893748,,,0.8982708286548402,4.493,,1780531679,2026-06-04T00:07:59Z,TVC:US10Y
,,,-0.5548158011540247,,,-0.2670821277542946,4.481,,1780531859,2026-06-04T00:10:59Z,TVC:US10Y
,,,-0.5548158011540247,,,-0.2670821277542946,4.481,,1780532044,2026-06-04T00:14:04Z,TVC:US10Y
,,,-0.4660452729693721,,,-0.1780547518361898,4.485,,1780532222,2026-06-04T00:17:02Z,TVC:US10Y
,,,-0.4660452729693721,,,-0.1780547518361898,4.485,,1780532404,2026-06-04T00:20:04Z,TVC:US10Y
,,,-0.4660452729693721,,,-0.1780547518361898,4.485,,1780532579,2026-06-04T00:22:59Z,TVC:US10Y
,,,-0.4660452729693721,,,-0.1780547518361898,4.485,,1780532758,2026-06-04T00:25:58Z,TVC:US10Y
,,,-0.4660452729693721,,,-0.1780547518361898,4.485,,1780532941,2026-06-04T00:29:01Z,TVC:US10Y
,,,-0.4660452729693721,,,-0.1780547518361898,4.485,,1780533124,2026-06-04T00:32:04Z,TVC:US10Y
,,,-0.4660452729693721,,,-0.1780547518361898,4.485,,1780533295,2026-06-04T00:34:55Z,TVC:US10Y
,,,-0.5548158011540247,,,-0.2670821277542946,4.481,,1780533478,2026-06-04T00:37:58Z,TVC:US10Y
,,,-0.5548158011540247,,,-0.2670821277542946,4.481,,1780533655,2026-06-04T00:40:55Z,TVC:US10Y
,,,-0.5548158011540247,,,-0.2670821277542946,4.481,,1780533845,2026-06-04T00:44:05Z,TVC:US10Y
,,,-0.5548158011540247,,,-0.2670821277542946,4.481,,1780534017,2026-06-04T00:46:57Z,TVC:US10Y
,,,-0.4660452729693721,,,-0.1780547518361898,4.485,,1780534200,2026-06-04T00:50:00Z,TVC:US10Y
,,,-0.5548158011540247,,,-0.2670821277542946,4.481,,1780534380,2026-06-04T00:53:00Z,TVC:US10Y
,,,-0.5104305370617083,,,-0.222568439795252,4.483,,1780534565,2026-06-04T00:56:05Z,TVC:US10Y
,,,-0.5548158011540247,,,-0.2670821277542946,4.481,,1780534746,2026-06-04T00:59:06Z,TVC:US10Y
,,,-0.5548158011540247,,,-0.2670821277542946,4.481,,1780534921,2026-06-04T01:02:01Z,TVC:US10Y
,,,-0.5548158011540247,,,-0.2670821277542946,4.481,,1780535104,2026-06-04T01:05:04Z,TVC:US10Y
,,,-0.5548158011540247,,,-0.2670821277542946,4.481,,1780535283,2026-06-04T01:08:03Z,TVC:US10Y
,,,-0.5992010652463412,,,-0.311595815713337,4.479,,1780535456,2026-06-04T01:10:56Z,TVC:US10Y
,,,-0.6435863293386577,,,-0.3561095036723796,4.477,,1780535635,2026-06-04T01:13:55Z,TVC:US10Y
,,,-0.5548158011540247,,,-0.2670821277542946,4.481,,1780535818,2026-06-04T01:16:58Z,TVC:US10Y
,,,-0.5548158011540247,,,-0.2670821277542946,4.481,,1780536004,2026-06-04T01:20:04Z,TVC:US10Y
,,,-0.5548158011540247,,,-0.2670821277542946,4.481,,1780536179,2026-06-04T01:22:59Z,TVC:US10Y
,,,-0.5548158011540247,,,-0.2670821277542946,4.481,,1780536362,2026-06-04T01:26:02Z,TVC:US10Y
,,,-0.5548158011540247,,,-0.2670821277542946,4.481,,1780536538,2026-06-04T01:28:58Z,TVC:US10Y
,,,-0.5548158011540247,,,-0.2670821277542946,4.481,,1780536716,2026-06-04T01:31:56Z,TVC:US10Y
,,,-0.5548158011540247,,,-0.2670821277542946,4.481,,1780536904,2026-06-04T01:35:04Z,TVC:US10Y
,,,-0.5548158011540247,,,-0.2670821277542946,4.481,,1780537080,2026-06-04T01:38:00Z,TVC:US10Y
,,,-0.5992010652463412,,,-0.311595815713337,4.479,,1780537258,2026-06-04T01:40:58Z,TVC:US10Y
,,,-0.5548158011540247,,,-0.2670821277542946,4.481,,1780537445,2026-06-04T01:44:05Z,TVC:US10Y
,,,-0.5548158011540247,,,-0.2670821277542946,4.481,,1780537611,2026-06-04T01:46:51Z,TVC:US10Y
,,,-0.5548158011540247,,,-0.2670821277542946,4.481,,1780537796,2026-06-04T01:49:56Z,TVC:US10Y
,,,-0.5548158011540247,,,-0.2670821277542946,4.481,,1780537976,2026-06-04T01:52:56Z,TVC:US10Y
,,,-0.5548158011540247,,,-0.2670821277542946,4.481,,1780538153,2026-06-04T01:55:53Z,TVC:US10Y
,,,-0.6435863293386577,,,-0.3561095036723796,4.477,,1780538341,2026-06-04T01:59:01Z,TVC:US10Y
,,,-0.6435863293386577,,,-0.3561095036723796,4.477,,1780538525,2026-06-04T02:02:05Z,TVC:US10Y
,,,-0.6435863293386577,,,-0.3561095036723796,4.477,,1780538697,2026-06-04T02:04:57Z,TVC:US10Y
,,,-0.5992010652463412,,,-0.311595815713337,4.479,,1780538876,2026-06-04T02:07:56Z,TVC:US10Y
,,,-0.5548158011540247,,,-0.2670821277542946,4.481,,1780539066,2026-06-04T02:11:06Z,TVC:US10Y
,,,-0.5548158011540247,,,-0.2670821277542946,4.481,,1780539239,2026-06-04T02:13:59Z,TVC:US10Y
,,,-0.5548158011540247,,,-0.2670821277542946,4.481,,1780539417,2026-06-04T02:16:57Z,TVC:US10Y
,,,-0.5548158011540247,,,-0.2670821277542946,4.481,,1780539600,2026-06-04T02:20:00Z,TVC:US10Y
,,,-0.5548158011540247,,,-0.2670821277542946,4.481,,1780539779,2026-06-04T02:22:59Z,TVC:US10Y
,,,-0.5548158011540247,,,-0.2670821277542946,4.481,,1780539965,2026-06-04T02:26:05Z,TVC:US10Y
,,,-0.5548158011540247,,,-0.2670821277542946,4.481,,1780540134,2026-06-04T02:28:54Z,TVC:US10Y
,,,-0.5548158011540247,,,-0.2670821277542946,4.481,,1780540319,2026-06-04T02:31:59Z,TVC:US10Y
,,,-0.5548158011540247,,,-0.2670821277542946,4.481,,1780540497,2026-06-04T02:34:57Z,TVC:US10Y
,,,-0.5992010652463412,,,-0.311595815713337,4.479,,1780540677,2026-06-04T02:37:57Z,TVC:US10Y
,,,-0.6435863293386577,,,-0.3561095036723796,4.477,,1780540859,2026-06-04T02:40:59Z,TVC:US10Y
,,,-0.5992010652463412,,,-0.311595815713337,4.479,,1780541045,2026-06-04T02:44:05Z,TVC:US10Y
,,,-0.6435863293386577,,,-0.3561095036723796,4.477,,1780541214,2026-06-04T02:46:54Z,TVC:US10Y
,,,-0.6435863293386577,,,-0.3561095036723796,4.477,,1780541406,2026-06-04T02:50:06Z,TVC:US10Y
,,,-0.6435863293386577,,,-0.3561095036723796,4.477,,1780541575,2026-06-04T02:52:55Z,TVC:US10Y
,,,-0.6435863293386577,,,-0.3561095036723796,4.477,,1780541755,2026-06-04T02:55:55Z,TVC:US10Y
,,,-0.6435863293386577,,,-0.3561095036723796,4.477,,1780541942,2026-06-04T02:59:02Z,TVC:US10Y
,,,-0.6435863293386577,,,-0.3561095036723796,4.477,,1780542116,2026-06-04T03:01:56Z,TVC:US10Y
,,,-0.5992010652463412,,,-0.311595815713337,4.479,,1780542293,2026-06-04T03:04:53Z,TVC:US10Y
,,,-0.6435863293386577,,,-0.3561095036723796,4.477,,1780542476,2026-06-04T03:07:56Z,TVC:US10Y
,,,-0.6435863293386577,,,-0.3561095036723796,4.477,,1780542664,2026-06-04T03:11:04Z,TVC:US10Y
,,,-0.6435863293386577,,,-0.3561095036723796,4.477,,1780542840,2026-06-04T03:14:00Z,TVC:US10Y
,,,-0.5548158011540247,,,-0.2670821277542946,4.481,,1780543015,2026-06-04T03:16:55Z,TVC:US10Y
,,,-0.5548158011540247,,,-0.2670821277542946,4.481,,1780543206,2026-06-04T03:20:06Z,TVC:US10Y
,,,-0.5548158011540247,,,-0.2670821277542946,4.481,,1780543382,2026-06-04T03:23:02Z,TVC:US10Y
,,,-0.5548158011540247,,,-0.2670821277542946,4.481,,1780543564,2026-06-04T03:26:04Z,TVC:US10Y
,,,-0.5548158011540247,,,-0.2670821277542946,4.481,,1780543736,2026-06-04T03:28:56Z,TVC:US10Y
,,,-0.5548158011540247,,,-0.2670821277542946,4.481,,1780543921,2026-06-04T03:32:01Z,TVC:US10Y
,,,-0.5548158011540247,,,-0.2670821277542946,4.481,,1780544095,2026-06-04T03:34:55Z,TVC:US10Y
,,,-0.5548158011540247,,,-0.2670821277542946,4.481,,1780544275,2026-06-04T03:37:55Z,TVC:US10Y
,,,-0.5548158011540247,,,-0.2670821277542946,4.481,,1780544461,2026-06-04T03:41:01Z,TVC:US10Y
,,,-0.5104305370617083,,,-0.222568439795252,4.483,,1780544643,2026-06-04T03:44:03Z,TVC:US10Y
,,,-0.5104305370617083,,,-0.222568439795252,4.483,,1780544818,2026-06-04T03:46:58Z,TVC:US10Y
,,,-0.5104305370617083,,,-0.222568439795252,4.483,,1780544998,2026-06-04T03:49:58Z,TVC:US10Y
,,,-0.5548158011540247,,,-0.2670821277542946,4.481,,1780545177,2026-06-04T03:52:57Z,TVC:US10Y
,,,-0.5548158011540247,,,-0.2670821277542946,4.481,,1780545359,2026-06-04T03:55:59Z,TVC:US10Y
,,,-0.5548158011540247,,,-0.2670821277542946,4.481,,1780545545,2026-06-04T03:59:05Z,TVC:US10Y
,,,-0.5548158011540247,,,-0.2670821277542946,4.481,,1780545718,2026-06-04T04:01:58Z,TVC:US10Y
,,,-0.5548158011540247,,,-0.2670821277542946,4.481,,1780545899,2026-06-04T04:04:59Z,TVC:US10Y
,,,-0.5548158011540247,,,-0.2670821277542946,4.481,,1780546080,2026-06-04T04:08:00Z,TVC:US10Y
,,,-0.5548158011540247,,,-0.2670821277542946,4.481,,1780546260,2026-06-04T04:11:00Z,TVC:US10Y
,,,-0.5548158011540247,,,-0.2670821277542946,4.481,,1780546440,2026-06-04T04:14:00Z,TVC:US10Y
,,,-0.5548158011540247,,,-0.2670821277542946,4.481,,1780546617,2026-06-04T04:16:57Z,TVC:US10Y
,,,-0.5548158011540247,,,-0.2670821277542946,4.481,,1780546795,2026-06-04T04:19:55Z,TVC:US10Y
,,,-0.5104305370617083,,,-0.222568439795252,4.483,,1780546980,2026-06-04T04:23:00Z,TVC:US10Y
,,,-0.5548158011540247,,,-0.2670821277542946,4.481,,1780547163,2026-06-04T04:26:03Z,TVC:US10Y
,,,-0.5548158011540247,,,-0.2670821277542946,4.481,,1780547340,2026-06-04T04:29:00Z,TVC:US10Y
,,,-0.5548158011540247,,,-0.2670821277542946,4.481,,1780547525,2026-06-04T04:32:05Z,TVC:US10Y
,,,-0.5548158011540247,,,-0.2670821277542946,4.481,,1780547704,2026-06-04T04:35:04Z,TVC:US10Y
,,,-0.5548158011540247,,,-0.2670821277542946,4.481,,1780547876,2026-06-04T04:37:56Z,TVC:US10Y
,,,-0.5548158011540247,,,-0.2670821277542946,4.481,,1780548059,2026-06-04T04:40:59Z,TVC:US10Y
,,,-0.5548158011540247,,,-0.2670821277542946,4.481,,1780548239,2026-06-04T04:43:59Z,TVC:US10Y
,,,-0.5548158011540247,,,-0.2670821277542946,4.481,,1780548416,2026-06-04T04:46:56Z,TVC:US10Y
,,,-0.5548158011540247,,,-0.2670821277542946,4.481,,1780548597,2026-06-04T04:49:57Z,TVC:US10Y
,,,-0.5548158011540247,,,-0.2670821277542946,4.481,,1780548775,2026-06-04T04:52:55Z,TVC:US10Y
,,,-0.5548158011540247,,,-0.2670821277542946,4.481,,1780548964,2026-06-04T04:56:04Z,TVC:US10Y
,,,-0.5548158011540247,,,-0.2670821277542946,4.481,,1780549141,2026-06-04T04:59:01Z,TVC:US10Y
,,,-0.5548158011540247,,,-0.2670821277542946,4.481,,1780549317,2026-06-04T05:01:57Z,TVC:US10Y
,,,-0.5104305370617083,,,-0.222568439795252,4.483,,1780549509,2026-06-04T05:05:09Z,TVC:US10Y
,,,-0.4660452729693721,,,-0.1780547518361898,4.485,,1780549678,2026-06-04T05:07:58Z,TVC:US10Y
,,,-0.3772747447847391,,,-0.0890273759181047,4.489,,1780549859,2026-06-04T05:10:59Z,TVC:US10Y
,,,-0.3772747447847391,,,-0.0890273759181047,4.489,,1780550038,2026-06-04T05:13:58Z,TVC:US10Y
,,,-0.3772747447847391,,,-0.0890273759181047,4.489,,1780550224,2026-06-04T05:17:04Z,TVC:US10Y
,,,-0.3772747447847391,,,-0.0890273759181047,4.489,,1780550403,2026-06-04T05:20:03Z,TVC:US10Y
,,,-0.3772747447847391,,,-0.0890273759181047,4.489,,1780550576,2026-06-04T05:22:56Z,TVC:US10Y
,,,-0.24411895250777,,,0.0445136879590425,4.495,,1780550761,2026-06-04T05:26:01Z,TVC:US10Y
,,,-0.2885042166000865,,,0.0,4.493,,1780550935,2026-06-04T05:28:55Z,TVC:US10Y
,,,-0.2885042166000865,,,0.0,4.493,,1780551124,2026-06-04T05:32:04Z,TVC:US10Y
,,,-0.2885042166000865,,,0.0,4.493,,1780551295,2026-06-04T05:34:55Z,TVC:US10Y
,,,-0.3328894806924227,,,-0.0445136879590622,4.491,,1780551475,2026-06-04T05:37:55Z,TVC:US10Y
,,,-0.2885042166000865,,,0.0,4.493,,1780551667,2026-06-04T05:41:07Z,TVC:US10Y
,,,-0.2885042166000865,,,0.0,4.493,,1780551838,2026-06-04T05:43:58Z,TVC:US10Y
,,,-0.3328894806924227,,,-0.0445136879590622,4.491,,1780552022,2026-06-04T05:47:02Z,TVC:US10Y
,,,-0.3328894806924227,,,-0.0445136879590622,4.491,,1780552202,2026-06-04T05:50:02Z,TVC:US10Y
,,,-0.3772747447847391,,,-0.0890273759181047,4.489,,1780552377,2026-06-04T05:52:57Z,TVC:US10Y
,,,-0.3772747447847391,,,-0.0890273759181047,4.489,,1780552559,2026-06-04T05:55:59Z,TVC:US10Y
,,,-0.3772747447847391,,,-0.0890273759181047,4.489,,1780552741,2026-06-04T05:59:01Z,TVC:US10Y
,,,-0.4660452729693721,,,-0.1780547518361898,4.485,,1780552917,2026-06-04T06:01:57Z,TVC:US10Y
,,,-0.4660452729693721,,,-0.1780547518361898,4.485,,1780553100,2026-06-04T06:05:00Z,TVC:US10Y
,,,-0.4660452729693721,,,-0.1780547518361898,4.485,,1780553281,2026-06-04T06:08:01Z,TVC:US10Y
,,,-0.4660452729693721,,,-0.1780547518361898,4.485,,1780553464,2026-06-04T06:11:04Z,TVC:US10Y
,,,-0.4660452729693721,,,-0.1780547518361898,4.485,,1780553640,2026-06-04T06:14:00Z,TVC:US10Y
,,,-0.3772747447847391,,,-0.0890273759181047,4.489,,1780553822,2026-06-04T06:17:02Z,TVC:US10Y
,,,-0.3772747447847391,,,-0.0890273759181047,4.489,,1780553996,2026-06-04T06:19:56Z,TVC:US10Y
,,,-0.3772747447847391,,,-0.0890273759181047,4.489,,1780554178,2026-06-04T06:22:58Z,TVC:US10Y
,,,-0.3772747447847391,,,-0.0890273759181047,4.489,,1780554366,2026-06-04T06:26:06Z,TVC:US10Y
,,,-0.4660452729693721,,,-0.1780547518361898,4.485,,1780554542,2026-06-04T06:29:02Z,TVC:US10Y
,,,-0.4660452729693721,,,-0.1780547518361898,4.485,,1780554723,2026-06-04T06:32:03Z,TVC:US10Y
,,,-0.5548158011540247,,,-0.2670821277542946,4.481,,1780554907,2026-06-04T06:35:07Z,TVC:US10Y
,,,-0.6435863293386577,,,-0.3561095036723796,4.477,,1780555080,2026-06-04T06:38:00Z,TVC:US10Y
,,,-0.5548158011540247,,,-0.2670821277542946,4.481,,1780555256,2026-06-04T06:40:56Z,TVC:US10Y
,,,-0.5548158011540247,,,-0.2670821277542946,4.481,,1780555444,2026-06-04T06:44:04Z,TVC:US10Y
,,,-0.5104305370617083,,,-0.222568439795252,4.483,,1780555618,2026-06-04T06:46:58Z,TVC:US10Y
,,,-0.4660452729693721,,,-0.1780547518361898,4.485,,1780555796,2026-06-04T06:49:56Z,TVC:US10Y
,,,-0.5992010652463412,,,-0.311595815713337,4.479,,1780555980,2026-06-04T06:53:00Z,TVC:US10Y
,,,-0.5548158011540247,,,-0.2670821277542946,4.481,,1780556154,2026-06-04T06:55:54Z,TVC:US10Y
,,,-0.5548158011540247,,,-0.2670821277542946,4.481,,1780556341,2026-06-04T06:59:01Z,TVC:US10Y
,,,-0.5548158011540247,,,-0.2670821277542946,4.481,,1780556524,2026-06-04T07:02:04Z,TVC:US10Y
,,,-0.5548158011540247,,,-0.2670821277542946,4.481,,1780556700,2026-06-04T07:05:00Z,TVC:US10Y
,,,-0.5548158011540247,,,-0.2670821277542946,4.481,,1780556885,2026-06-04T07:08:05Z,TVC:US10Y
,,,-0.5548158011540247,,,-0.2670821277542946,4.481,,1780557054,2026-06-04T07:10:54Z,TVC:US10Y
,,,-0.5548158011540247,,,-0.2670821277542946,4.481,,1780557246,2026-06-04T07:14:06Z,TVC:US10Y
,,,-0.5548158011540247,,,-0.2670821277542946,4.481,,1780557413,2026-06-04T07:16:53Z,TVC:US10Y
,,,-0.6435863293386577,,,-0.3561095036723796,4.477,,1780557602,2026-06-04T07:20:02Z,TVC:US10Y
,,,-0.5548158011540247,,,-0.2670821277542946,4.481,,1780557788,2026-06-04T07:23:08Z,TVC:US10Y
,,,-0.5548158011540247,,,-0.2670821277542946,4.481,,1780557965,2026-06-04T07:26:05Z,TVC:US10Y
,,,-0.5548158011540247,,,-0.2670821277542946,4.481,,1780558136,2026-06-04T07:28:56Z,TVC:US10Y
,,,-0.5548158011540247,,,-0.2670821277542946,4.481,,1780558325,2026-06-04T07:32:05Z,TVC:US10Y
,,,-0.5992010652463412,,,-0.311595815713337,4.479,,1780558499,2026-06-04T07:34:59Z,TVC:US10Y
,,,-0.5104305370617083,,,-0.222568439795252,4.483,,1780558679,2026-06-04T07:37:59Z,TVC:US10Y
,,,-0.4660452729693721,,,-0.1780547518361898,4.485,,1780558855,2026-06-04T07:40:55Z,TVC:US10Y
,,,-0.3772747447847391,,,-0.0890273759181047,4.489,,1780559040,2026-06-04T07:44:00Z,TVC:US10Y
,,,-0.3772747447847391,,,-0.0890273759181047,4.489,,1780559216,2026-06-04T07:46:56Z,TVC:US10Y
,,,-0.3772747447847391,,,-0.0890273759181047,4.489,,1780559406,2026-06-04T07:50:06Z,TVC:US10Y
,,,-0.4660452729693721,,,-0.1780547518361898,4.485,,1780559588,2026-06-04T07:53:08Z,TVC:US10Y
,,,-0.4660452729693721,,,-0.1780547518361898,4.485,,1780559755,2026-06-04T07:55:55Z,TVC:US10Y
,,,-0.4216600088770556,,,-0.1335410638771473,4.487,,1780559941,2026-06-04T07:59:01Z,TVC:US10Y
,,,-0.3772747447847391,,,-0.0890273759181047,4.489,,1780560122,2026-06-04T08:02:02Z,TVC:US10Y
,,,-0.3772747447847391,,,-0.0890273759181047,4.489,,1780560303,2026-06-04T08:05:03Z,TVC:US10Y
,,,-0.4660452729693721,,,-0.1780547518361898,4.485,,1780560481,2026-06-04T08:08:01Z,TVC:US10Y
,,,-0.4216600088770556,,,-0.1335410638771473,4.487,,1780560666,2026-06-04T08:11:06Z,TVC:US10Y
,,,-0.3772747447847391,,,-0.0890273759181047,4.489,,1780560839,2026-06-04T08:13:59Z,TVC:US10Y
,,,-0.3772747447847391,,,-0.0890273759181047,4.489,,1780561024,2026-06-04T08:17:04Z,TVC:US10Y
,,,-0.4660452729693721,,,-0.1780547518361898,4.485,,1780561208,2026-06-04T08:20:08Z,TVC:US10Y
,,,-0.3772747447847391,,,-0.0890273759181047,4.489,,1780561379,2026-06-04T08:22:59Z,TVC:US10Y
,,,-0.3772747447847391,,,-0.0890273759181047,4.489,,1780561558,2026-06-04T08:25:58Z,TVC:US10Y
,,,-0.3772747447847391,,,-0.0890273759181047,4.489,,1780561739,2026-06-04T08:28:59Z,TVC:US10Y
,,,-0.4660452729693721,,,-0.1780547518361898,4.485,,1780561924,2026-06-04T08:32:04Z,TVC:US10Y
,,,-0.3772747447847391,,,-0.0890273759181047,4.489,,1780562102,2026-06-04T08:35:02Z,TVC:US10Y
,,,-0.3772747447847391,,,-0.0890273759181047,4.489,,1780562282,2026-06-04T08:38:02Z,TVC:US10Y
,,,-0.3772747447847391,,,-0.0890273759181047,4.489,,1780562451,2026-06-04T08:40:51Z,TVC:US10Y
,,,-0.3772747447847391,,,-0.0890273759181047,4.489,,1780562649,2026-06-04T08:44:09Z,TVC:US10Y
,,,-0.4660452729693721,,,-0.1780547518361898,4.485,,1780562808,2026-06-04T08:46:48Z,TVC:US10Y
,,,-0.3772747447847391,,,-0.0890273759181047,4.489,,1780563000,2026-06-04T08:50:00Z,TVC:US10Y
,,,-0.3772747447847391,,,-0.0890273759181047,4.489,,1780563177,2026-06-04T08:52:57Z,TVC:US10Y
,,,-0.3772747447847391,,,-0.0890273759181047,4.489,,1780563355,2026-06-04T08:55:55Z,TVC:US10Y
,,,-0.4216600088770556,,,-0.1335410638771473,4.487,,1780563531,2026-06-04T08:58:51Z,TVC:US10Y
,,,-0.3772747447847391,,,-0.1780547518361898,4.485,,1780563719,2026-06-04T09:01:59Z,TVC:US10Y
,,,-0.4660452729693721,,,-0.1780547518361898,4.485,,1780563907,2026-06-04T09:05:07Z,TVC:US10Y
,,,-0.5548158011540247,,,-0.2670821277542946,4.481,,1780564076,2026-06-04T09:07:56Z,TVC:US10Y
,,,-0.5548158011540247,,,-0.2670821277542946,4.481,,1780564267,2026-06-04T09:11:07Z,TVC:US10Y
,,,-0.4660452729693721,,,-0.1780547518361898,4.485,,1780564435,2026-06-04T09:13:55Z,TVC:US10Y
,,,-0.4660452729693721,,,-0.1780547518361898,4.485,,1780564619,2026-06-04T09:16:59Z,TVC:US10Y
,,,-0.5104305370617083,,,-0.222568439795252,4.483,,1780564794,2026-06-04T09:19:54Z,TVC:US10Y
,,,-0.4660452729693721,,,-0.1780547518361898,4.485,,1780564981,2026-06-04T09:23:01Z,TVC:US10Y
,,,-0.4660452729693721,,,-0.1780547518361898,4.485,,1780565158,2026-06-04T09:25:58Z,TVC:US10Y
,,,-0.4660452729693721,,,-0.1780547518361898,4.485,,1780565341,2026-06-04T09:29:01Z,TVC:US10Y
,,,-0.4660452729693721,,,-0.1780547518361898,4.485,,1780565517,2026-06-04T09:31:57Z,TVC:US10Y
,,,-0.4660452729693721,,,-0.1780547518361898,4.485,,1780565696,2026-06-04T09:34:56Z,TVC:US10Y
,,,-0.5548158011540247,,,-0.2670821277542946,4.481,,1780565883,2026-06-04T09:38:03Z,TVC:US10Y
,,,-0.5548158011540247,,,-0.2670821277542946,4.481,,1780566059,2026-06-04T09:40:59Z,TVC:US10Y
,,,-0.6435863293386577,,,-0.3561095036723796,4.477,,1780566237,2026-06-04T09:43:57Z,TVC:US10Y
,,,-0.6879715934309938,,,-0.4006231916314418,4.475,,1780566418,2026-06-04T09:46:58Z,TVC:US10Y
,,,-0.7323568575233103,,,-0.4451368795904843,4.473,,1780566605,2026-06-04T09:50:05Z,TVC:US10Y
,,,-0.6879715934309938,,,-0.4006231916314418,4.475,,1780566775,2026-06-04T09:52:55Z,TVC:US10Y
,,,-0.6435863293386577,,,-0.3561095036723796,4.477,,1780566964,2026-06-04T09:56:04Z,TVC:US10Y
,,,-0.6435863293386577,,,-0.3561095036723796,4.477,,1780567145,2026-06-04T09:59:05Z,TVC:US10Y
,,,-0.6435863293386577,,,-0.3561095036723796,4.477,,1780567320,2026-06-04T10:02:00Z,TVC:US10Y
,,,-0.6435863293386577,,,-0.3561095036723796,4.477,,1780567504,2026-06-04T10:05:04Z,TVC:US10Y
,,,-0.6435863293386577,,,-0.3561095036723796,4.477,,1780567676,2026-06-04T10:07:56Z,TVC:US10Y
,,,-0.6435863293386577,,,-0.3561095036723796,4.477,,1780567859,2026-06-04T10:10:59Z,TVC:US10Y
,,,-0.6435863293386577,,,-0.3561095036723796,4.477,,1780568034,2026-06-04T10:13:54Z,TVC:US10Y
,,,-0.6435863293386577,,,-0.3561095036723796,4.477,,1780568223,2026-06-04T10:17:03Z,TVC:US10Y
,,,-0.6435863293386577,,,-0.3561095036723796,4.477,,1780568396,2026-06-04T10:19:56Z,TVC:US10Y
,,,-0.6435863293386577,,,-0.3561095036723796,4.477,,1780568583,2026-06-04T10:23:03Z,TVC:US10Y
,,,-0.6435863293386577,,,-0.3561095036723796,4.477,,1780568755,2026-06-04T10:25:55Z,TVC:US10Y
,,,-0.6435863293386577,,,-0.3561095036723796,4.477,,1780568945,2026-06-04T10:29:05Z,TVC:US10Y
,,,-0.6435863293386577,,,-0.3561095036723796,4.477,,1780569122,2026-06-04T10:32:02Z,TVC:US10Y
,,,-0.6435863293386577,,,-0.3561095036723796,4.477,,1780569300,2026-06-04T10:35:00Z,TVC:US10Y
,,,-0.6435863293386577,,,-0.3561095036723796,4.477,,1780569481,2026-06-04T10:38:01Z,TVC:US10Y
,,,-0.6435863293386577,,,-0.3561095036723796,4.477,,1780569659,2026-06-04T10:40:59Z,TVC:US10Y
,,,-0.6435863293386577,,,-0.3561095036723796,4.477,,1780569841,2026-06-04T10:44:01Z,TVC:US10Y
,,,-0.7323568575233103,,,-0.4451368795904843,4.473,,1780570017,2026-06-04T10:46:57Z,TVC:US10Y
,,,-0.6879715934309938,,,-0.4006231916314418,4.475,,1780570201,2026-06-04T10:50:01Z,TVC:US10Y
,,,-0.6879715934309938,,,-0.4006231916314418,4.475,,1780570378,2026-06-04T10:52:58Z,TVC:US10Y
,,,-0.6435863293386577,,,-0.3561095036723796,4.477,,1780570559,2026-06-04T10:55:59Z,TVC:US10Y
,,,-0.6435863293386577,,,-0.3561095036723796,4.477,,1780570737,2026-06-04T10:58:57Z,TVC:US10Y
,,,-0.7323568575233103,,,-0.4451368795904843,4.473,,1780570927,2026-06-04T11:02:07Z,TVC:US10Y
,,,-0.7323568575233103,,,-0.4451368795904843,4.473,,1780571094,2026-06-04T11:04:54Z,TVC:US10Y
,,,-0.6879715934309938,,,-0.4006231916314418,4.475,,1780571280,2026-06-04T11:08:00Z,TVC:US10Y
,,,-0.8211273857079432,,,-0.5341642555085693,4.469,,1780571463,2026-06-04T11:11:03Z,TVC:US10Y
,,,-0.8655126498002793,,,-0.5786779434676316,4.467,,1780571641,2026-06-04T11:14:01Z,TVC:US10Y
,,,-0.9098979138925958,,,-0.6231916314266741,4.465,,1780571827,2026-06-04T11:17:07Z,TVC:US10Y
,,,-0.9098979138925958,,,-0.6231916314266741,4.465,,1780571997,2026-06-04T11:19:57Z,TVC:US10Y
,,,-0.9098979138925958,,,-0.6231916314266741,4.465,,1780572179,2026-06-04T11:22:59Z,TVC:US10Y
,,,-0.9542831779849122,,,-0.6677053193857166,4.463,,1780572357,2026-06-04T11:25:57Z,TVC:US10Y
,,,-0.9098979138925958,,,-0.6231916314266741,4.465,,1780572544,2026-06-04T11:29:04Z,TVC:US10Y
,,,-0.9098979138925958,,,-0.6231916314266741,4.465,,1780572726,2026-06-04T11:32:06Z,TVC:US10Y
,,,-0.9098979138925958,,,-0.6231916314266741,4.465,,1780572895,2026-06-04T11:34:55Z,TVC:US10Y
,,,-0.9098979138925958,,,-0.6231916314266741,4.465,,1780573079,2026-06-04T11:37:59Z,TVC:US10Y
,,,-0.9986684420772288,,,-0.7122190073447592,4.461,,1780573252,2026-06-04T11:40:52Z,TVC:US10Y
,,,-0.9986684420772288,,,-0.7122190073447592,4.461,,1780573443,2026-06-04T11:44:03Z,TVC:US10Y
,,,-1.0430537061695648,,,-0.7567326953038214,4.459,,1780573621,2026-06-04T11:47:01Z,TVC:US10Y
,,,-0.9986684420772288,,,-0.7122190073447592,4.461,,1780573791,2026-06-04T11:49:51Z,TVC:US10Y
,,,-1.0874389702618814,,,-0.8012463832628639,4.457,,1780573985,2026-06-04T11:53:05Z,TVC:US10Y
,,,-1.0874389702618814,,,-0.8012463832628639,4.457,,1780574158,2026-06-04T11:55:58Z,TVC:US10Y
,,,-1.1762094984465143,,,-0.890273759180949,4.453,,1780574337,2026-06-04T11:58:57Z,TVC:US10Y
,,,-1.1762094984465143,,,-0.890273759180949,4.453,,1780574518,2026-06-04T12:01:58Z,TVC:US10Y
,,,-1.1762094984465143,,,-0.890273759180949,4.453,,1780574692,2026-06-04T12:04:52Z,TVC:US10Y
,,,-1.2205947625388505,,,-0.934787447140011,4.451,,1780574880,2026-06-04T12:08:00Z,TVC:US10Y
,,,-1.1762094984465143,,,-0.890273759180949,4.453,,1780575057,2026-06-04T12:10:57Z,TVC:US10Y
,,,-1.0874389702618814,,,-0.8012463832628639,4.457,,1780575240,2026-06-04T12:14:00Z,TVC:US10Y
,,,-1.0874389702618814,,,-0.8012463832628639,4.457,,1780575413,2026-06-04T12:16:53Z,TVC:US10Y
,,,-1.0874389702618814,,,-0.8012463832628639,4.457,,1780575600,2026-06-04T12:20:00Z,TVC:US10Y
,,,-1.1762094984465143,,,-0.890273759180949,4.453,,1780575779,2026-06-04T12:22:59Z,TVC:US10Y
,,,-1.1762094984465143,,,-0.890273759180949,4.453,,1780575954,2026-06-04T12:25:54Z,TVC:US10Y
,,,-1.0874389702618814,,,-0.8012463832628639,4.457,,1780576137,2026-06-04T12:28:57Z,TVC:US10Y
,,,-1.1318242343541978,,,-0.8457600712219064,4.455,,1780576330,2026-06-04T12:32:10Z,TVC:US10Y
,,,-1.1762094984465143,,,-0.890273759180949,4.453,,1780576500,2026-06-04T12:35:00Z,TVC:US10Y
,,,-1.1762094984465143,,,-0.890273759180949,4.453,,1780576685,2026-06-04T12:38:05Z,TVC:US10Y
,,,-1.1762094984465143,,,-0.890273759180949,4.453,,1780576865,2026-06-04T12:41:05Z,TVC:US10Y
,,,-1.1762094984465143,,,-0.890273759180949,4.453,,1780577037,2026-06-04T12:43:57Z,TVC:US10Y
,,,-1.0874389702618814,,,-0.8012463832628639,4.457,,1780577217,2026-06-04T12:46:57Z,TVC:US10Y
,,,-1.1318242343541978,,,-0.8457600712219064,4.455,,1780577399,2026-06-04T12:49:59Z,TVC:US10Y
,,,-1.1318242343541978,,,-0.8457600712219064,4.455,,1780577581,2026-06-04T12:53:01Z,TVC:US10Y
,,,-1.1762094984465143,,,-0.890273759180949,4.453,,1780577759,2026-06-04T12:55:59Z,TVC:US10Y
,,,-1.0874389702618814,,,-0.8012463832628639,4.457,,1780577936,2026-06-04T12:58:56Z,TVC:US10Y
,,,-1.1318242343541978,,,-0.8457600712219064,4.455,,1780578117,2026-06-04T13:01:57Z,TVC:US10Y
,,,-1.0874389702618814,,,-0.8012463832628639,4.457,,1780578299,2026-06-04T13:04:59Z,TVC:US10Y
,,,-1.0874389702618814,,,-0.8012463832628639,4.457,,1780578481,2026-06-04T13:08:01Z,TVC:US10Y
,,,-1.0430537061695648,,,-0.7567326953038214,4.459,,1780578659,2026-06-04T13:10:59Z,TVC:US10Y
,,,-1.0874389702618814,,,-0.8012463832628639,4.457,,1780578837,2026-06-04T13:13:57Z,TVC:US10Y
,,,-0.9986684420772288,,,-0.7122190073447592,4.461,,1780579017,2026-06-04T13:16:57Z,TVC:US10Y
,,,-1.0874389702618814,,,-0.8012463832628639,4.457,,1780579205,2026-06-04T13:20:05Z,TVC:US10Y
,,,-1.0874389702618814,,,-0.8012463832628639,4.457,,1780579382,2026-06-04T13:23:02Z,TVC:US10Y
,,,-1.0430537061695648,,,-0.7567326953038214,4.459,,1780579555,2026-06-04T13:25:55Z,TVC:US10Y
,,,-0.9986684420772288,,,-0.7122190073447592,4.461,,1780579743,2026-06-04T13:29:03Z,TVC:US10Y
,,,-0.9986684420772288,,,-0.7122190073447592,4.461,,1780579920,2026-06-04T13:32:00Z,TVC:US10Y
,,,-0.9986684420772288,,,-0.7122190073447592,4.461,,1780580101,2026-06-04T13:35:01Z,TVC:US10Y
,,,-0.9986684420772288,,,-0.7122190073447592,4.461,,1780580281,2026-06-04T13:38:01Z,TVC:US10Y
,,,-0.9986684420772288,,,-0.7122190073447592,4.461,,1780580461,2026-06-04T13:41:01Z,TVC:US10Y
,,,-0.9542831779849122,,,-0.6677053193857166,4.463,,1780580640,2026-06-04T13:44:00Z,TVC:US10Y
,,,-0.9986684420772288,,,-0.7122190073447592,4.461,,1780580820,2026-06-04T13:47:00Z,TVC:US10Y
,,,-1.1318242343541978,,,-0.8457600712219064,4.455,,1780580999,2026-06-04T13:49:59Z,TVC:US10Y
,,,-1.1318242343541978,,,-0.8457600712219064,4.455,,1780581183,2026-06-04T13:53:03Z,TVC:US10Y
,,,-1.0874389702618814,,,-0.8012463832628639,4.457,,1780581367,2026-06-04T13:56:07Z,TVC:US10Y
,,,-1.0874389702618814,,,-0.8012463832628639,4.457,,1780581545,2026-06-04T13:59:05Z,TVC:US10Y
,,,-1.1762094984465143,,,-0.890273759180949,4.453,,1780581721,2026-06-04T14:02:01Z,TVC:US10Y
,,,-1.2649800266311668,,,-0.9793011350990536,4.449,,1780581903,2026-06-04T14:05:03Z,TVC:US10Y
,,,-1.1762094984465143,,,-0.890273759180949,4.453,,1780582068,2026-06-04T14:07:48Z,TVC:US10Y
,,,-1.1762094984465143,,,-0.890273759180949,4.453,,1780582258,2026-06-04T14:10:58Z,TVC:US10Y
,,,-1.1762094984465143,,,-0.890273759180949,4.453,,1780582438,2026-06-04T14:13:58Z,TVC:US10Y
,,,-1.1762094984465143,,,-0.890273759180949,4.453,,1780582624,2026-06-04T14:17:04Z,TVC:US10Y
,,,-1.2205947625388505,,,-0.934787447140011,4.451,,1780582804,2026-06-04T14:20:04Z,TVC:US10Y
,,,-1.0874389702618814,,,-0.8012463832628639,4.457,,1780582978,2026-06-04T14:22:58Z,TVC:US10Y
,,,-0.9986684420772288,,,-0.7122190073447592,4.461,,1780583164,2026-06-04T14:26:04Z,TVC:US10Y
,,,-0.9098979138925958,,,-0.6231916314266741,4.465,,1780583341,2026-06-04T14:29:01Z,TVC:US10Y
,,,-0.8211273857079432,,,-0.5341642555085693,4.469,,1780583521,2026-06-04T14:32:01Z,TVC:US10Y
,,,-0.9542831779849122,,,-0.6677053193857166,4.463,,1780583701,2026-06-04T14:35:01Z,TVC:US10Y
,,,-0.9542831779849122,,,-0.6677053193857166,4.463,,1780583881,2026-06-04T14:38:01Z,TVC:US10Y
,,,-0.9098979138925958,,,-0.6231916314266741,4.465,,1780584061,2026-06-04T14:41:01Z,TVC:US10Y
,,,-0.9098979138925958,,,-0.6231916314266741,4.465,,1780584242,2026-06-04T14:44:02Z,TVC:US10Y
,,,-0.9542831779849122,,,-0.6677053193857166,4.463,,1780584422,2026-06-04T14:47:02Z,TVC:US10Y
,,,-0.9542831779849122,,,-0.6677053193857166,4.463,,1780584602,2026-06-04T14:50:02Z,TVC:US10Y
,,,-0.9986684420772288,,,-0.7122190073447592,4.461,,1780584778,2026-06-04T14:52:58Z,TVC:US10Y
,,,-0.9098979138925958,,,-0.6231916314266741,4.465,,1780584958,2026-06-04T14:55:58Z,TVC:US10Y
,,,-0.9098979138925958,,,-0.6231916314266741,4.465,,1780585142,2026-06-04T14:59:02Z,TVC:US10Y
,,,-0.9098979138925958,,,-0.6231916314266741,4.465,,1780585325,2026-06-04T15:02:05Z,TVC:US10Y
,,,-0.9098979138925958,,,-0.6231916314266741,4.465,,1780585498,2026-06-04T15:04:58Z,TVC:US10Y
,,,-0.9098979138925958,,,-0.6231916314266741,4.465,,1780585682,2026-06-04T15:08:02Z,TVC:US10Y
,,,-0.9098979138925958,,,-0.6231916314266741,4.465,,1780585853,2026-06-04T15:10:53Z,TVC:US10Y
,,,-0.9098979138925958,,,-0.6231916314266741,4.465,,1780586041,2026-06-04T15:14:01Z,TVC:US10Y
,,,-0.9986684420772288,,,-0.7122190073447592,4.461,,1780586216,2026-06-04T15:16:56Z,TVC:US10Y
,,,-0.9986684420772288,,,-0.7122190073447592,4.461,,1780586393,2026-06-04T15:19:53Z,TVC:US10Y
,,,-0.9542831779849122,,,-0.6677053193857166,4.463,,1780586575,2026-06-04T15:22:55Z,TVC:US10Y
,,,-0.9986684420772288,,,-0.7122190073447592,4.461,,1780586757,2026-06-04T15:25:57Z,TVC:US10Y
,,,-0.9986684420772288,,,-0.7122190073447592,4.461,,1780586937,2026-06-04T15:28:57Z,TVC:US10Y
,,,-0.9986684420772288,,,-0.7122190073447592,4.461,,1780587126,2026-06-04T15:32:06Z,TVC:US10Y
,,,-0.9098979138925958,,,-0.6231916314266741,4.465,,1780587304,2026-06-04T15:35:04Z,TVC:US10Y
,,,-0.9098979138925958,,,-0.6231916314266741,4.465,,1780587484,2026-06-04T15:38:04Z,TVC:US10Y
,,,-0.9542831779849122,,,-0.6677053193857166,4.463,,1780587664,2026-06-04T15:41:04Z,TVC:US10Y
,,,-0.9098979138925958,,,-0.6231916314266741,4.465,,1780587839,2026-06-04T15:43:59Z,TVC:US10Y
,,,-0.9542831779849122,,,-0.6677053193857166,4.463,,1780588028,2026-06-04T15:47:08Z,TVC:US10Y
,,,-0.9986684420772288,,,-0.7122190073447592,4.461,,1780588199,2026-06-04T15:49:59Z,TVC:US10Y
,,,-0.9098979138925958,,,-0.6231916314266741,4.465,,1780588384,2026-06-04T15:53:04Z,TVC:US10Y
,,,-0.9098979138925958,,,-0.6231916314266741,4.465,,1780588558,2026-06-04T15:55:58Z,TVC:US10Y
,,,-0.9098979138925958,,,-0.6231916314266741,4.465,,1780588744,2026-06-04T15:59:04Z,TVC:US10Y
,,,-0.9098979138925958,,,-0.6231916314266741,4.465,,1780588920,2026-06-04T16:02:00Z,TVC:US10Y
,,,-0.9098979138925958,,,-0.6231916314266741,4.465,,1780589105,2026-06-04T16:05:05Z,TVC:US10Y
,,,-0.9098979138925958,,,-0.6677053193857166,4.463,,1780589281,2026-06-04T16:08:01Z,TVC:US10Y
,,,-1.0430537061695648,,,-0.7567326953038214,4.459,,1780589458,2026-06-04T16:10:58Z,TVC:US10Y
,,,-0.9986684420772288,,,-0.7122190073447592,4.461,,1780589638,2026-06-04T16:13:58Z,TVC:US10Y
,,,-0.9986684420772288,,,-0.7122190073447592,4.461,,1780589820,2026-06-04T16:17:00Z,TVC:US10Y
,,,-0.9542831779849122,,,-0.6677053193857166,4.463,,1780590003,2026-06-04T16:20:03Z,TVC:US10Y
,,,-0.9542831779849122,,,-0.6677053193857166,4.463,,1780590177,2026-06-04T16:22:57Z,TVC:US10Y
,,,-0.9542831779849122,,,-0.6677053193857166,4.463,,1780590362,2026-06-04T16:26:02Z,TVC:US10Y
,,,-0.9542831779849122,,,-0.6677053193857166,4.463,,1780590535,2026-06-04T16:28:55Z,TVC:US10Y
,,,-0.8655126498002793,,,-0.5786779434676316,4.467,,1780590720,2026-06-04T16:32:00Z,TVC:US10Y
,,,-0.9542831779849122,,,-0.6677053193857166,4.463,,1780590900,2026-06-04T16:35:00Z,TVC:US10Y
,,,-0.9542831779849122,,,-0.6677053193857166,4.463,,1780591078,2026-06-04T16:37:58Z,TVC:US10Y
,,,-0.9098979138925958,,,-0.6231916314266741,4.465,,1780591264,2026-06-04T16:41:04Z,TVC:US10Y
,,,-0.9098979138925958,,,-0.6231916314266741,4.465,,1780591437,2026-06-04T16:43:57Z,TVC:US10Y
,,,-0.8655126498002793,,,-0.5786779434676316,4.467,,1780591629,2026-06-04T16:47:09Z,TVC:US10Y
,,,-0.9098979138925958,,,-0.6231916314266741,4.465,,1780591805,2026-06-04T16:50:05Z,TVC:US10Y
,,,-0.8655126498002793,,,-0.5786779434676316,4.467,,1780591982,2026-06-04T16:53:02Z,TVC:US10Y
,,,-0.8655126498002793,,,-0.5786779434676316,4.467,,1780592160,2026-06-04T16:56:00Z,TVC:US10Y
,,,-0.8655126498002793,,,-0.5786779434676316,4.467,,1780592333,2026-06-04T16:58:53Z,TVC:US10Y
,,,-0.8655126498002793,,,-0.5786779434676316,4.467,,1780592519,2026-06-04T17:01:59Z,TVC:US10Y
,,,-0.8655126498002793,,,-0.5786779434676316,4.467,,1780592706,2026-06-04T17:05:06Z,TVC:US10Y
,,,-0.8211273857079432,,,-0.5341642555085693,4.469,,1780592880,2026-06-04T17:08:00Z,TVC:US10Y
,,,-0.8211273857079432,,,-0.5341642555085693,4.469,,1780593058,2026-06-04T17:10:58Z,TVC:US10Y
,,,-0.8211273857079432,,,-0.5341642555085693,4.469,,1780593240,2026-06-04T17:14:00Z,TVC:US10Y
,,,-0.8211273857079432,,,-0.5341642555085693,4.469,,1780593424,2026-06-04T17:17:04Z,TVC:US10Y
,,,-0.8211273857079432,,,-0.5341642555085693,4.469,,1780593606,2026-06-04T17:20:06Z,TVC:US10Y
,,,-0.7767421216156267,,,-0.4896505675495268,4.471,,1780593781,2026-06-04T17:23:01Z,TVC:US10Y
,,,-0.8211273857079432,,,-0.5341642555085693,4.469,,1780593958,2026-06-04T17:25:58Z,TVC:US10Y
,,,-0.8211273857079432,,,-0.5341642555085693,4.469,,1780594147,2026-06-04T17:29:07Z,TVC:US10Y
,,,-0.8211273857079432,,,-0.5341642555085693,4.469,,1780594319,2026-06-04T17:31:59Z,TVC:US10Y
,,,-0.9098979138925958,,,-0.6231916314266741,4.465,,1780594505,2026-06-04T17:35:05Z,TVC:US10Y
,,,-0.8655126498002793,,,-0.5786779434676316,4.467,,1780594678,2026-06-04T17:37:58Z,TVC:US10Y
,,,-0.8655126498002793,,,-0.5786779434676316,4.467,,1780594858,2026-06-04T17:40:58Z,TVC:US10Y
,,,-0.8211273857079432,,,-0.5341642555085693,4.469,,1780595047,2026-06-04T17:44:07Z,TVC:US10Y
,,,-0.8211273857079432,,,-0.5341642555085693,4.469,,1780595232,2026-06-04T17:47:12Z,TVC:US10Y
,,,-0.8211273857079432,,,-0.5341642555085693,4.469,,1780595398,2026-06-04T17:49:58Z,TVC:US10Y
,,,-0.8211273857079432,,,-0.5341642555085693,4.469,,1780595587,2026-06-04T17:53:07Z,TVC:US10Y
,,,-0.7323568575233103,,,-0.4451368795904843,4.473,,1780595756,2026-06-04T17:55:56Z,TVC:US10Y
,,,-0.7323568575233103,,,-0.4451368795904843,4.473,,1780595938,2026-06-04T17:58:58Z,TVC:US10Y
,,,-0.7767421216156267,,,-0.4896505675495268,4.471,,1780596125,2026-06-04T18:02:05Z,TVC:US10Y
,,,-0.7323568575233103,,,-0.4451368795904843,4.473,,1780596298,2026-06-04T18:04:58Z,TVC:US10Y
,,,-0.7323568575233103,,,-0.4451368795904843,4.473,,1780596479,2026-06-04T18:07:59Z,TVC:US10Y
,,,-0.7323568575233103,,,-0.4451368795904843,4.473,,1780596661,2026-06-04T18:11:01Z,TVC:US10Y
,,,-0.7323568575233103,,,-0.4451368795904843,4.473,,1780596841,2026-06-04T18:14:01Z,TVC:US10Y
,,,-0.7323568575233103,,,-0.4451368795904843,4.473,,1780597013,2026-06-04T18:16:53Z,TVC:US10Y
,,,-0.8211273857079432,,,-0.5341642555085693,4.469,,1780597198,2026-06-04T18:19:58Z,TVC:US10Y
,,,-0.7767421216156267,,,-0.4896505675495268,4.471,,1780597380,2026-06-04T18:23:00Z,TVC:US10Y
,,,-0.7767421216156267,,,-0.4896505675495268,4.471,,1780597557,2026-06-04T18:25:57Z,TVC:US10Y
,,,-0.7323568575233103,,,-0.4451368795904843,4.473,,1780597736,2026-06-04T18:28:56Z,TVC:US10Y
,,,-0.6435863293386577,,,-0.3561095036723796,4.477,,1780597919,2026-06-04T18:31:59Z,TVC:US10Y
,,,-0.6435863293386577,,,-0.3561095036723796,4.477,,1780598097,2026-06-04T18:34:57Z,TVC:US10Y
,,,-0.6435863293386577,,,-0.3561095036723796,4.477,,1780598281,2026-06-04T18:38:01Z,TVC:US10Y
,,,-0.6435863293386577,,,-0.3561095036723796,4.477,,1780598463,2026-06-04T18:41:03Z,TVC:US10Y
,,,-0.6435863293386577,,,-0.3561095036723796,4.477,,1780598634,2026-06-04T18:43:54Z,TVC:US10Y
,,,-0.6435863293386577,,,-0.3561095036723796,4.477,,1780598824,2026-06-04T18:47:04Z,TVC:US10Y
,,,-0.7323568575233103,,,-0.4451368795904843,4.473,,1780598999,2026-06-04T18:49:59Z,TVC:US10Y
,,,-0.7323568575233103,,,-0.4451368795904843,4.473,,1780599176,2026-06-04T18:52:56Z,TVC:US10Y
,,,-0.7323568575233103,,,-0.4451368795904843,4.473,,1780599363,2026-06-04T18:56:03Z,TVC:US10Y
,,,-0.7323568575233103,,,-0.4451368795904843,4.473,,1780599536,2026-06-04T18:58:56Z,TVC:US10Y
,,,-0.6435863293386577,,,-0.3561095036723796,4.477,,1780599719,2026-06-04T19:01:59Z,TVC:US10Y
,,,-0.6435863293386577,,,-0.3561095036723796,4.477,,1780599897,2026-06-04T19:04:57Z,TVC:US10Y
,,,-0.6435863293386577,,,-0.3561095036723796,4.477,,1780600079,2026-06-04T19:07:59Z,TVC:US10Y
,,,-0.7323568575233103,,,-0.4451368795904843,4.473,,1780600266,2026-06-04T19:11:06Z,TVC:US10Y
,,,-0.7323568575233103,,,-0.4451368795904843,4.473,,1780600432,2026-06-04T19:13:52Z,TVC:US10Y
,,,-0.7323568575233103,,,-0.4451368795904843,4.473,,1780600617,2026-06-04T19:16:57Z,TVC:US10Y
,,,-0.7323568575233103,,,-0.4451368795904843,4.473,,1780600802,2026-06-04T19:20:02Z,TVC:US10Y
,,,-0.7323568575233103,,,-0.4451368795904843,4.473,,1780600985,2026-06-04T19:23:05Z,TVC:US10Y
,,,-0.7323568575233103,,,-0.4451368795904843,4.473,,1780601164,2026-06-04T19:26:04Z,TVC:US10Y
,,,-0.7323568575233103,,,-0.4451368795904843,4.473,,1780601347,2026-06-04T19:29:07Z,TVC:US10Y
,,,-0.7323568575233103,,,-0.4451368795904843,4.473,,1780601523,2026-06-04T19:32:03Z,TVC:US10Y
,,,-0.7323568575233103,,,-0.4451368795904843,4.473,,1780601701,2026-06-04T19:35:01Z,TVC:US10Y
,,,-0.7323568575233103,,,-0.4451368795904843,4.473,,1780601882,2026-06-04T19:38:02Z,TVC:US10Y
,,,-0.7323568575233103,,,-0.4451368795904843,4.473,,1780602060,2026-06-04T19:41:00Z,TVC:US10Y
,,,-0.6435863293386577,,,-0.3561095036723796,4.477,,1780602238,2026-06-04T19:43:58Z,TVC:US10Y
,,,-0.6879715934309938,,,-0.4006231916314418,4.475,,1780602423,2026-06-04T19:47:03Z,TVC:US10Y
,,,-0.6879715934309938,,,-0.4006231916314418,4.475,,1780602603,2026-06-04T19:50:03Z,TVC:US10Y
,,,-0.7323568575233103,,,-0.4451368795904843,4.473,,1780602778,2026-06-04T19:52:58Z,TVC:US10Y
,,,-0.6435863293386577,,,-0.3561095036723796,4.477,,1780602960,2026-06-04T19:56:00Z,TVC:US10Y
,,,-0.6435863293386577,,,-0.3561095036723796,4.477,,1780603140,2026-06-04T19:59:00Z,TVC:US10Y
,,,-0.7767421216156267,,,-0.4896505675495268,4.471,,1780603315,2026-06-04T20:01:55Z,TVC:US10Y
,,,-0.6879715934309938,,,-0.4006231916314418,4.475,,1780603506,2026-06-04T20:05:06Z,TVC:US10Y
,,,-0.7323568575233103,,,-0.4451368795904843,4.473,,1780603684,2026-06-04T20:08:04Z,TVC:US10Y
,,,-0.6879715934309938,,,-0.4006231916314418,4.475,,1780603851,2026-06-04T20:10:51Z,TVC:US10Y
,,,-0.6435863293386577,,,-0.3561095036723796,4.477,,1780604046,2026-06-04T20:14:06Z,TVC:US10Y
,,,-0.6435863293386577,,,-0.3561095036723796,4.477,,1780604220,2026-06-04T20:17:00Z,TVC:US10Y
,,,-0.6435863293386577,,,-0.3561095036723796,4.477,,1780604395,2026-06-04T20:19:55Z,TVC:US10Y
,,,-0.6435863293386577,,,-0.3561095036723796,4.477,,1780604580,2026-06-04T20:23:00Z,TVC:US10Y
,,,-0.6435863293386577,,,-0.3561095036723796,4.477,,1780604757,2026-06-04T20:25:57Z,TVC:US10Y
,,,-0.6435863293386577,,,-0.3561095036723796,4.477,,1780604938,2026-06-04T20:28:58Z,TVC:US10Y
,,,-0.6435863293386577,,,-0.3561095036723796,4.477,,1780605126,2026-06-04T20:32:06Z,TVC:US10Y
,,,-0.6879715934309938,,,-0.4006231916314418,4.475,,1780605291,2026-06-04T20:34:51Z,TVC:US10Y
,,,-0.7323568575233103,,,-0.4451368795904843,4.473,,1780605481,2026-06-04T20:38:01Z,TVC:US10Y
,,,-0.7767421216156267,,,-0.4896505675495268,4.471,,1780605658,2026-06-04T20:40:58Z,TVC:US10Y
,,,-0.7767421216156267,,,-0.4006231916314418,4.475,,1780605842,2026-06-04T20:44:02Z,TVC:US10Y
,,,-0.7323568575233103,,,-0.4451368795904843,4.473,,1780606023,2026-06-04T20:47:03Z,TVC:US10Y
,,,-0.6435863293386577,,,-0.3561095036723796,4.477,,1780606206,2026-06-04T20:50:06Z,TVC:US10Y
,,,-0.6435863293386577,,,-0.3561095036723796,4.477,,1780606382,2026-06-04T20:53:02Z,TVC:US10Y
,,,-0.6435863293386577,,,-0.3561095036723796,4.477,,1780606563,2026-06-04T20:56:03Z,TVC:US10Y
,,,-0.6879715934309938,,,-0.4006231916314418,4.475,,1780606743,2026-06-04T20:59:03Z,TVC:US10Y
,,,-0.6435863293386577,,,-0.3561095036723796,4.477,,1780606918,2026-06-04T21:01:58Z,TVC:US10Y
,,,-0.6879715934309938,,,-0.4006231916314418,4.475,,1780607099,2026-06-04T21:04:59Z,TVC:US10Y
,,,-0.6879715934309938,,,-0.4006231916314418,4.475,,1780607285,2026-06-04T21:08:05Z,TVC:US10Y
,,,-0.6879715934309938,,,-0.4006231916314418,4.475,,1780607460,2026-06-04T21:11:00Z,TVC:US10Y
,,,-0.6879715934309938,,,-0.4006231916314418,4.475,,1780607632,2026-06-04T21:13:52Z,TVC:US10Y
,,,-0.6879715934309938,,,-0.4006231916314418,4.475,,1780607814,2026-06-04T21:16:54Z,TVC:US10Y
,,,-0.6879715934309938,,,-0.4006231916314418,4.475,,1780608001,2026-06-04T21:20:01Z,TVC:US10Y
,,,-0.6879715934309938,,,-0.4006231916314418,4.475,,1780608184,2026-06-04T21:23:04Z,TVC:US10Y
,,,-0.6879715934309938,,,-0.4006231916314418,4.475,,1780608372,2026-06-04T21:26:12Z,TVC:US10Y
,,,-0.6879715934309938,,,-0.4006231916314418,4.475,,1780608546,2026-06-04T21:29:06Z,TVC:US10Y
,,,-0.6879715934309938,,,-0.4006231916314418,4.475,,1780608719,2026-06-04T21:31:59Z,TVC:US10Y
,,,-0.6879715934309938,,,-0.4006231916314418,4.475,,1780608899,2026-06-04T21:34:59Z,TVC:US10Y
,,,-0.6879715934309938,,,-0.4006231916314418,4.475,,1780609079,2026-06-04T21:37:59Z,TVC:US10Y
,,,-0.6879715934309938,,,-0.4006231916314418,4.475,,1780609260,2026-06-04T21:41:00Z,TVC:US10Y
,,,-0.6879715934309938,,,-0.4006231916314418,4.475,,1780609443,2026-06-04T21:44:03Z,TVC:US10Y
,,,-0.6879715934309938,,,-0.4006231916314418,4.475,,1780609623,2026-06-04T21:47:03Z,TVC:US10Y
,,,-0.6879715934309938,,,-0.4006231916314418,4.475,,1780609805,2026-06-04T21:50:05Z,TVC:US10Y
,,,-0.6879715934309938,,,-0.4006231916314418,4.475,,1780609982,2026-06-04T21:53:02Z,TVC:US10Y
,,,-0.6879715934309938,,,-0.4006231916314418,4.475,,1780610164,2026-06-04T21:56:04Z,TVC:US10Y
,,,-0.6879715934309938,,,-0.4006231916314418,4.475,,1780610340,2026-06-04T21:59:00Z,TVC:US10Y
,,,-0.6879715934309938,,,-0.4006231916314418,4.475,,1780610518,2026-06-04T22:01:58Z,TVC:US10Y
,,,-0.6879715934309938,,,-0.4006231916314418,4.475,,1780610698,2026-06-04T22:04:58Z,TVC:US10Y
,,,-0.6879715934309938,,,-0.4006231916314418,4.475,,1780610876,2026-06-04T22:07:56Z,TVC:US10Y
,,,-0.6879715934309938,,,-0.4006231916314418,4.475,,1780611062,2026-06-04T22:11:02Z,TVC:US10Y
,,,-0.6879715934309938,,,-0.4006231916314418,4.475,,1780611238,2026-06-04T22:13:58Z,TVC:US10Y
,,,-0.6879715934309938,,,-0.4006231916314418,4.475,,1780611419,2026-06-04T22:16:59Z,TVC:US10Y
,,,-0.6879715934309938,,,-0.4006231916314418,4.475,,1780611598,2026-06-04T22:19:58Z,TVC:US10Y
,,,-0.6879715934309938,,,-0.4006231916314418,4.475,,1780611776,2026-06-04T22:22:56Z,TVC:US10Y
,,,-0.6879715934309938,,,-0.4006231916314418,4.475,,1780611964,2026-06-04T22:26:04Z,TVC:US10Y
,,,-0.6879715934309938,,,-0.4006231916314418,4.475,,1780612143,2026-06-04T22:29:03Z,TVC:US10Y
,,,-0.6879715934309938,,,-0.4006231916314418,4.475,,1780612320,2026-06-04T22:32:00Z,TVC:US10Y
,,,-0.6879715934309938,,,-0.4006231916314418,4.475,,1780612505,2026-06-04T22:35:05Z,TVC:US10Y
,,,-0.6879715934309938,,,-0.4006231916314418,4.475,,1780612679,2026-06-04T22:37:59Z,TVC:US10Y
,,,-0.6879715934309938,,,-0.4006231916314418,4.475,,1780612865,2026-06-04T22:41:05Z,TVC:US10Y
,,,-0.6879715934309938,,,-0.4006231916314418,4.475,,1780613043,2026-06-04T22:44:03Z,TVC:US10Y
,,,-0.6879715934309938,,,-0.4006231916314418,4.475,,1780613217,2026-06-04T22:46:57Z,TVC:US10Y
,,,-0.6879715934309938,,,-0.4006231916314418,4.475,,1780613396,2026-06-04T22:49:56Z,TVC:US10Y
,,,-0.6879715934309938,,,-0.4006231916314418,4.475,,1780613575,2026-06-04T22:52:55Z,TVC:US10Y
,,,-0.6879715934309938,,,-0.4006231916314418,4.475,,1780613761,2026-06-04T22:56:01Z,TVC:US10Y
,,,-0.6879715934309938,,,-0.4006231916314418,4.475,,1780613937,2026-06-04T22:58:57Z,TVC:US10Y
,,,-0.6879715934309938,,,-0.4006231916314418,4.475,,1780614125,2026-06-04T23:02:05Z,TVC:US10Y
,,,-0.6879715934309938,,,-0.4006231916314418,4.475,,1780614302,2026-06-04T23:05:02Z,TVC:US10Y
,,,-0.6879715934309938,,,-0.4006231916314418,4.475,,1780614483,2026-06-04T23:08:03Z,TVC:US10Y
,,,-0.6879715934309938,,,-0.4006231916314418,4.475,,1780614660,2026-06-04T23:11:00Z,TVC:US10Y
,,,-0.6879715934309938,,,-0.4006231916314418,4.475,,1780614841,2026-06-04T23:14:01Z,TVC:US10Y
,,,-0.6879715934309938,,,-0.4006231916314418,4.475,,1780615022,2026-06-04T23:17:02Z,TVC:US10Y
,,,-0.6879715934309938,,,-0.4006231916314418,4.475,,1780615204,2026-06-04T23:20:04Z,TVC:US10Y
,,,-0.6879715934309938,,,-0.4006231916314418,4.475,,1780615383,2026-06-04T23:23:03Z,TVC:US10Y
,,,-0.6879715934309938,,,-0.4006231916314418,4.475,,1780615561,2026-06-04T23:26:01Z,TVC:US10Y
,,,-0.6879715934309938,,,-0.4006231916314418,4.475,,1780615739,2026-06-04T23:28:59Z,TVC:US10Y
,,,-0.6879715934309938,,,-0.4006231916314418,4.475,,1780615925,2026-06-04T23:32:05Z,TVC:US10Y
,,,-0.6879715934309938,,,-0.4006231916314418,4.475,,1780616099,2026-06-04T23:34:59Z,TVC:US10Y
,,,-0.6879715934309938,,,-0.4006231916314418,4.475,,1780616270,2026-06-04T23:37:50Z,TVC:US10Y
,,,-0.6879715934309938,,,-0.4006231916314418,4.475,,1780616461,2026-06-04T23:41:01Z,TVC:US10Y
,,,-0.6879715934309938,,,-0.4006231916314418,4.475,,1780616643,2026-06-04T23:44:03Z,TVC:US10Y
,,,-0.6879715934309938,,,-0.4006231916314418,4.475,,1780616821,2026-06-04T23:47:01Z,TVC:US10Y
,,,-0.6879715934309938,,,-0.4006231916314418,4.475,,1780616997,2026-06-04T23:49:57Z,TVC:US10Y
,,,-0.6879715934309938,,,-0.4006231916314418,4.475,,1780617181,2026-06-04T23:53:01Z,TVC:US10Y
,,,-0.6879715934309938,,,-0.4006231916314418,4.475,,1780617353,2026-06-04T23:55:53Z,TVC:US10Y
,,,-0.6879715934309938,,,-0.4006231916314418,4.475,,1780617543,2026-06-04T23:59:03Z,TVC:US10Y
,,,-0.6879715934309938,,,-0.4006231916314418,4.475,,1780617724,2026-06-05T00:02:04Z,TVC:US10Y
,,,-0.6879715934309938,,,-0.4006231916314418,4.475,,1780617901,2026-06-05T00:05:01Z,TVC:US10Y
,,,-0.6879715934309938,,,-0.4006231916314418,4.475,,1780618083,2026-06-05T00:08:03Z,TVC:US10Y
,,,-0.6879715934309938,,,-0.4006231916314418,4.475,,1780618255,2026-06-05T00:10:55Z,TVC:US10Y
,,,0.7199100112485946,,,0.0446927374301825,4.477,,1780618442,2026-06-05T00:14:02Z,TVC:US10Y
,,,0.8098987626546589,,,0.1340782122905079,4.481,,1780618624,2026-06-05T00:17:04Z,TVC:US10Y
,,,0.8098987626546589,,,0.1340782122905079,4.481,,1780618790,2026-06-05T00:19:50Z,TVC:US10Y
,,,0.7199100112485946,,,0.0446927374301825,4.477,,1780618980,2026-06-05T00:23:00Z,TVC:US10Y
,,,0.7199100112485946,,,0.0446927374301825,4.477,,1780619154,2026-06-05T00:25:54Z,TVC:US10Y
,,,0.6749156355455423,,,0.0,4.475,,1780619343,2026-06-05T00:29:03Z,TVC:US10Y
,,,0.6299212598425102,,,-0.0446927374301626,4.473,,1780619529,2026-06-05T00:32:09Z,TVC:US10Y
,,,0.6299212598425102,,,-0.0446927374301626,4.473,,1780619700,2026-06-05T00:35:00Z,TVC:US10Y
,,,0.6299212598425102,,,-0.0446927374301626,4.473,,1780619884,2026-06-05T00:38:04Z,TVC:US10Y
,,,0.584926884139478,,,-0.0893854748603253,4.471,,1780620065,2026-06-05T00:41:05Z,TVC:US10Y
,,,0.584926884139478,,,-0.0893854748603253,4.471,,1780620240,2026-06-05T00:44:00Z,TVC:US10Y
,,,0.5399325084364459,,,-0.134078212290488,4.469,,1780620419,2026-06-05T00:46:59Z,TVC:US10Y
,,,0.5399325084364459,,,-0.134078212290488,4.469,,1780620601,2026-06-05T00:50:01Z,TVC:US10Y
,,,0.5399325084364459,,,-0.134078212290488,4.469,,1780620784,2026-06-05T00:53:04Z,TVC:US10Y
,,,0.5399325084364459,,,-0.134078212290488,4.469,,1780620964,2026-06-05T00:56:04Z,TVC:US10Y
,,,0.5399325084364459,,,-0.134078212290488,4.469,,1780621133,2026-06-05T00:58:53Z,TVC:US10Y
,,,0.4949381327333937,,,-0.1787709497206705,4.467,,1780621321,2026-06-05T01:02:01Z,TVC:US10Y
,,,0.4499437570303616,,,-0.2234636871508332,4.465,,1780621499,2026-06-05T01:04:59Z,TVC:US10Y
,,,0.4499437570303616,,,-0.2234636871508332,4.465,,1780621683,2026-06-05T01:08:03Z,TVC:US10Y
,,,0.4499437570303616,,,-0.2234636871508332,4.465,,1780621856,2026-06-05T01:10:56Z,TVC:US10Y
,,,0.5399325084364459,,,-0.134078212290488,4.469,,1780622043,2026-06-05T01:14:03Z,TVC:US10Y
,,,0.5399325084364459,,,-0.134078212290488,4.469,,1780622223,2026-06-05T01:17:03Z,TVC:US10Y
,,,0.584926884139478,,,-0.0893854748603253,4.471,,1780622409,2026-06-05T01:20:09Z,TVC:US10Y
,,,0.6299212598425102,,,-0.0446927374301626,4.473,,1780622585,2026-06-05T01:23:05Z,TVC:US10Y
,,,0.6299212598425102,,,-0.0446927374301626,4.473,,1780622758,2026-06-05T01:25:58Z,TVC:US10Y
,,,0.5399325084364459,,,-0.134078212290488,4.469,,1780622942,2026-06-05T01:29:02Z,TVC:US10Y
,,,0.5399325084364459,,,-0.134078212290488,4.469,,1780623116,2026-06-05T01:31:56Z,TVC:US10Y
,,,0.584926884139478,,,-0.0893854748603253,4.471,,1780623298,2026-06-05T01:34:58Z,TVC:US10Y
,,,0.5399325084364459,,,-0.134078212290488,4.469,,1780623477,2026-06-05T01:37:57Z,TVC:US10Y
,,,0.584926884139478,,,-0.0893854748603253,4.471,,1780623669,2026-06-05T01:41:09Z,TVC:US10Y
,,,0.584926884139478,,,-0.0893854748603253,4.471,,1780623833,2026-06-05T01:43:53Z,TVC:US10Y
,,,0.6299212598425102,,,-0.0446927374301626,4.473,,1780624025,2026-06-05T01:47:05Z,TVC:US10Y
,,,0.6299212598425102,,,-0.0446927374301626,4.473,,1780624207,2026-06-05T01:50:07Z,TVC:US10Y
,,,0.6299212598425102,,,-0.0446927374301626,4.473,,1780624387,2026-06-05T01:53:07Z,TVC:US10Y
,,,0.6299212598425102,,,-0.0446927374301626,4.473,,1780624563,2026-06-05T01:56:03Z,TVC:US10Y
,,,0.6299212598425102,,,-0.0446927374301626,4.473,,1780624739,2026-06-05T01:58:59Z,TVC:US10Y
,,,0.6299212598425102,,,-0.0446927374301626,4.473,,1780624917,2026-06-05T02:01:57Z,TVC:US10Y
,,,0.6299212598425102,,,-0.0446927374301626,4.473,,1780625109,2026-06-05T02:05:09Z,TVC:US10Y
,,,0.6299212598425102,,,-0.0446927374301626,4.473,,1780625292,2026-06-05T02:08:12Z,TVC:US10Y
,,,0.584926884139478,,,-0.0893854748603253,4.471,,1780625461,2026-06-05T02:11:01Z,TVC:US10Y
,,,0.584926884139478,,,-0.0893854748603253,4.471,,1780625636,2026-06-05T02:13:56Z,TVC:US10Y
,,,0.6299212598425102,,,-0.0446927374301626,4.473,,1780625823,2026-06-05T02:17:03Z,TVC:US10Y
,,,0.6299212598425102,,,-0.0446927374301626,4.473,,1780625995,2026-06-05T02:19:55Z,TVC:US10Y
,,,0.6749156355455423,,,0.0,4.475,,1780626181,2026-06-05T02:23:01Z,TVC:US10Y
,,,0.6749156355455423,,,0.0,4.475,,1780626357,2026-06-05T02:25:57Z,TVC:US10Y
,,,0.7199100112485946,,,0.0446927374301825,4.477,,1780626535,2026-06-05T02:28:55Z,TVC:US10Y
,,,0.7199100112485946,,,0.0446927374301825,4.477,,1780626717,2026-06-05T02:31:57Z,TVC:US10Y
,,,0.7199100112485946,,,0.0446927374301825,4.477,,1780626894,2026-06-05T02:34:54Z,TVC:US10Y
,,,0.7199100112485946,,,0.0446927374301825,4.477,,1780627081,2026-06-05T02:38:01Z,TVC:US10Y
,,,0.7199100112485946,,,0.0446927374301825,4.477,,1780627258,2026-06-05T02:40:58Z,TVC:US10Y
,,,0.7199100112485946,,,0.0446927374301825,4.477,,1780627447,2026-06-05T02:44:07Z,TVC:US10Y
,,,0.7199100112485946,,,0.0446927374301825,4.477,,1780627623,2026-06-05T02:47:03Z,TVC:US10Y
,,,0.7199100112485946,,,0.0446927374301825,4.477,,1780627793,2026-06-05T02:49:53Z,TVC:US10Y
,,,0.7199100112485946,,,0.0446927374301825,4.477,,1780627975,2026-06-05T02:52:55Z,TVC:US10Y
,,,0.7199100112485946,,,0.0446927374301825,4.477,,1780628156,2026-06-05T02:55:56Z,TVC:US10Y
,,,0.7199100112485946,,,0.0446927374301825,4.477,,1780628342,2026-06-05T02:59:02Z,TVC:US10Y
,,,0.7199100112485946,,,0.0446927374301825,4.477,,1780628525,2026-06-05T03:02:05Z,TVC:US10Y
,,,0.7199100112485946,,,0.0446927374301825,4.477,,1780628707,2026-06-05T03:05:07Z,TVC:US10Y
,,,0.7199100112485946,,,0.0446927374301825,4.477,,1780628882,2026-06-05T03:08:02Z,TVC:US10Y
,,,0.7199100112485946,,,0.0446927374301825,4.477,,1780629064,2026-06-05T03:11:04Z,TVC:US10Y
,,,0.7199100112485946,,,0.0446927374301825,4.477,,1780629248,2026-06-05T03:14:08Z,TVC:US10Y
,,,0.7199100112485946,,,0.0446927374301825,4.477,,1780629422,2026-06-05T03:17:02Z,TVC:US10Y
,,,0.7199100112485946,,,0.0446927374301825,4.477,,1780629605,2026-06-05T03:20:05Z,TVC:US10Y
,,,0.7199100112485946,,,0.0446927374301825,4.477,,1780629781,2026-06-05T03:23:01Z,TVC:US10Y
,,,0.7199100112485946,,,0.0446927374301825,4.477,,1780629960,2026-06-05T03:26:00Z,TVC:US10Y
,,,0.7199100112485946,,,0.0446927374301825,4.477,,1780630132,2026-06-05T03:28:52Z,TVC:US10Y
,,,0.7199100112485946,,,0.0446927374301825,4.477,,1780630320,2026-06-05T03:32:00Z,TVC:US10Y
,,,0.7199100112485946,,,0.0446927374301825,4.477,,1780630497,2026-06-05T03:34:57Z,TVC:US10Y
,,,0.7199100112485946,,,0.0446927374301825,4.477,,1780630684,2026-06-05T03:38:04Z,TVC:US10Y
,,,0.7199100112485946,,,0.0446927374301825,4.477,,1780630851,2026-06-05T03:40:51Z,TVC:US10Y
,,,0.7199100112485946,,,0.0446927374301825,4.477,,1780631039,2026-06-05T03:43:59Z,TVC:US10Y
,,,0.7199100112485946,,,0.0446927374301825,4.477,,1780631223,2026-06-05T03:47:03Z,TVC:US10Y
,,,0.6299212598425102,,,-0.0446927374301626,4.473,,1780631400,2026-06-05T03:50:00Z,TVC:US10Y
,,,0.6749156355455423,,,0.0,4.475,,1780631577,2026-06-05T03:52:57Z,TVC:US10Y
,,,0.6749156355455423,,,0.0,4.475,,1780631759,2026-06-05T03:55:59Z,TVC:US10Y
,,,0.6749156355455423,,,0.0,4.475,,1780631941,2026-06-05T03:59:01Z,TVC:US10Y
,,,0.6749156355455423,,,0.0,4.475,,1780632124,2026-06-05T04:02:04Z,TVC:US10Y
,,,0.6749156355455423,,,0.0,4.475,,1780632301,2026-06-05T04:05:01Z,TVC:US10Y
,,,0.6299212598425102,,,-0.0446927374301626,4.473,,1780632477,2026-06-05T04:07:57Z,TVC:US10Y
,,,0.6299212598425102,,,-0.0446927374301626,4.473,,1780632661,2026-06-05T04:11:01Z,TVC:US10Y
,,,0.6299212598425102,,,-0.0446927374301626,4.473,,1780632836,2026-06-05T04:13:56Z,TVC:US10Y
,,,0.6299212598425102,,,-0.0446927374301626,4.473,,1780633015,2026-06-05T04:16:55Z,TVC:US10Y
,,,0.6299212598425102,,,-0.0446927374301626,4.473,,1780633199,2026-06-05T04:19:59Z,TVC:US10Y
,,,0.6299212598425102,,,-0.0446927374301626,4.473,,1780633382,2026-06-05T04:23:02Z,TVC:US10Y
,,,0.6299212598425102,,,-0.0446927374301626,4.473,,1780633558,2026-06-05T04:25:58Z,TVC:US10Y
,,,0.6299212598425102,,,-0.0446927374301626,4.473,,1780633743,2026-06-05T04:29:03Z,TVC:US10Y
,,,0.6299212598425102,,,-0.0446927374301626,4.473,,1780633921,2026-06-05T04:32:01Z,TVC:US10Y
,,,0.6299212598425102,,,-0.0446927374301626,4.473,,1780634103,2026-06-05T04:35:03Z,TVC:US10Y
,,,0.6299212598425102,,,-0.0446927374301626,4.473,,1780634284,2026-06-05T04:38:04Z,TVC:US10Y
,,,0.6299212598425102,,,-0.0446927374301626,4.473,,1780634460,2026-06-05T04:41:00Z,TVC:US10Y
,,,0.6299212598425102,,,-0.0446927374301626,4.473,,1780634639,2026-06-05T04:43:59Z,TVC:US10Y
,,,0.6299212598425102,,,-0.0446927374301626,4.473,,1780634818,2026-06-05T04:46:58Z,TVC:US10Y
,,,0.6299212598425102,,,-0.0446927374301626,4.473,,1780635002,2026-06-05T04:50:02Z,TVC:US10Y
,,,0.6299212598425102,,,-0.0446927374301626,4.473,,1780635177,2026-06-05T04:52:57Z,TVC:US10Y
,,,0.6299212598425102,,,-0.0446927374301626,4.473,,1780635364,2026-06-05T04:56:04Z,TVC:US10Y
,,,0.6749156355455423,,,0.0,4.475,,1780635539,2026-06-05T04:58:59Z,TVC:US10Y
,,,0.6299212598425102,,,-0.0446927374301626,4.473,,1780635723,2026-06-05T05:02:03Z,TVC:US10Y
,,,0.6299212598425102,,,-0.0446927374301626,4.473,,1780635902,2026-06-05T05:05:02Z,TVC:US10Y
,,,0.6299212598425102,,,-0.0446927374301626,4.473,,1780636078,2026-06-05T05:07:58Z,TVC:US10Y
,,,0.6299212598425102,,,-0.0446927374301626,4.473,,1780636255,2026-06-05T05:10:55Z,TVC:US10Y
,,,0.6299212598425102,,,-0.0446927374301626,4.473,,1780636441,2026-06-05T05:14:01Z,TVC:US10Y
,,,0.6299212598425102,,,-0.0446927374301626,4.473,,1780636625,2026-06-05T05:17:05Z,TVC:US10Y
,,,0.6749156355455423,,,0.0,4.475,,1780636802,2026-06-05T05:20:02Z,TVC:US10Y
,,,0.6749156355455423,,,0.0,4.475,,1780636981,2026-06-05T05:23:01Z,TVC:US10Y
,,,0.6299212598425102,,,-0.0446927374301626,4.473,,1780637152,2026-06-05T05:25:52Z,TVC:US10Y
,,,0.6299212598425102,,,-0.0446927374301626,4.473,,1780637339,2026-06-05T05:28:59Z,TVC:US10Y
,,,0.6299212598425102,,,-0.0446927374301626,4.473,,1780637522,2026-06-05T05:32:02Z,TVC:US10Y
,,,0.6299212598425102,,,-0.0446927374301626,4.473,,1780637696,2026-06-05T05:34:56Z,TVC:US10Y
,,,0.6299212598425102,,,-0.0446927374301626,4.473,,1780637883,2026-06-05T05:38:03Z,TVC:US10Y
,,,0.6299212598425102,,,-0.0446927374301626,4.473,,1780638067,2026-06-05T05:41:07Z,TVC:US10Y
,,,0.6299212598425102,,,-0.0446927374301626,4.473,,1780638241,2026-06-05T05:44:01Z,TVC:US10Y
,,,0.6299212598425102,,,-0.0446927374301626,4.473,,1780638423,2026-06-05T05:47:03Z,TVC:US10Y
,,,0.584926884139478,,,-0.0893854748603253,4.471,,1780638599,2026-06-05T05:49:59Z,TVC:US10Y
,,,0.6299212598425102,,,-0.0446927374301626,4.473,,1780638786,2026-06-05T05:53:06Z,TVC:US10Y
,,,0.6299212598425102,,,-0.0446927374301626,4.473,,1780638955,2026-06-05T05:55:55Z,TVC:US10Y
,,,0.6299212598425102,,,-0.0446927374301626,4.473,,1780639142,2026-06-05T05:59:02Z,TVC:US10Y
,,,0.584926884139478,,,-0.0893854748603253,4.471,,1780639324,2026-06-05T06:02:04Z,TVC:US10Y
,,,0.6299212598425102,,,-0.0446927374301626,4.473,,1780639500,2026-06-05T06:05:00Z,TVC:US10Y
,,,0.5399325084364459,,,-0.134078212290488,4.469,,1780639686,2026-06-05T06:08:06Z,TVC:US10Y
,,,0.5399325084364459,,,-0.134078212290488,4.469,,1780639866,2026-06-05T06:11:06Z,TVC:US10Y
,,,0.4949381327333937,,,-0.1787709497206705,4.467,,1780640050,2026-06-05T06:14:10Z,TVC:US10Y
,,,0.5399325084364459,,,-0.134078212290488,4.469,,1780640224,2026-06-05T06:17:04Z,TVC:US10Y
,,,0.5399325084364459,,,-0.134078212290488,4.469,,1780640409,2026-06-05T06:20:09Z,TVC:US10Y
,,,0.5399325084364459,,,-0.134078212290488,4.469,,1780640583,2026-06-05T06:23:03Z,TVC:US10Y
,,,0.584926884139478,,,-0.0893854748603253,4.471,,1780640759,2026-06-05T06:25:59Z,TVC:US10Y
,,,0.5399325084364459,,,-0.134078212290488,4.469,,1780640938,2026-06-05T06:28:58Z,TVC:US10Y
,,,0.4499437570303616,,,-0.2234636871508332,4.465,,1780641117,2026-06-05T06:31:57Z,TVC:US10Y
,,,0.4949381327333937,,,-0.1787709497206705,4.467,,1780641299,2026-06-05T06:34:59Z,TVC:US10Y
,,,0.4499437570303616,,,-0.2234636871508332,4.465,,1780641474,2026-06-05T06:37:54Z,TVC:US10Y
,,,0.4499437570303616,,,-0.2234636871508332,4.465,,1780641663,2026-06-05T06:41:03Z,TVC:US10Y
,,,0.4499437570303616,,,-0.2234636871508332,4.465,,1780641835,2026-06-05T06:43:55Z,TVC:US10Y
,,,0.5399325084364459,,,-0.134078212290488,4.469,,1780642011,2026-06-05T06:46:51Z,TVC:US10Y
,,,0.5399325084364459,,,-0.134078212290488,4.469,,1780642208,2026-06-05T06:50:08Z,TVC:US10Y
,,,0.5399325084364459,,,-0.134078212290488,4.469,,1780642382,2026-06-05T06:53:02Z,TVC:US10Y
,,,0.6299212598425102,,,-0.0446927374301626,4.473,,1780642557,2026-06-05T06:55:57Z,TVC:US10Y
,,,0.6299212598425102,,,-0.0446927374301626,4.473,,1780642737,2026-06-05T06:58:57Z,TVC:US10Y
,,,0.5399325084364459,,,-0.134078212290488,4.469,,1780642918,2026-06-05T07:01:58Z,TVC:US10Y
,,,0.5399325084364459,,,-0.134078212290488,4.469,,1780643100,2026-06-05T07:05:00Z,TVC:US10Y
,,,0.5399325084364459,,,-0.134078212290488,4.469,,1780643279,2026-06-05T07:07:59Z,TVC:US10Y
,,,0.5399325084364459,,,-0.134078212290488,4.469,,1780643457,2026-06-05T07:10:57Z,TVC:US10Y
,,,0.5399325084364459,,,-0.134078212290488,4.469,,1780643647,2026-06-05T07:14:07Z,TVC:US10Y
,,,0.4499437570303616,,,-0.2234636871508332,4.465,,1780643818,2026-06-05T07:16:58Z,TVC:US10Y
,,,0.4499437570303616,,,-0.2234636871508332,4.465,,1780644003,2026-06-05T07:20:03Z,TVC:US10Y
,,,0.4499437570303616,,,-0.2234636871508332,4.465,,1780644181,2026-06-05T07:23:01Z,TVC:US10Y
,,,0.4049493813273294,,,-0.2681564245809959,4.463,,1780644366,2026-06-05T07:26:06Z,TVC:US10Y
,,,0.4499437570303616,,,-0.2234636871508332,4.465,,1780644544,2026-06-05T07:29:04Z,TVC:US10Y
,,,0.3599550056242973,,,-0.3128491620111586,4.461,,1780644715,2026-06-05T07:31:55Z,TVC:US10Y
,,,0.3599550056242973,,,-0.3128491620111586,4.461,,1780644898,2026-06-05T07:34:58Z,TVC:US10Y
,,,0.4499437570303616,,,-0.2234636871508332,4.465,,1780645082,2026-06-05T07:38:02Z,TVC:US10Y
,,,0.4499437570303616,,,-0.2234636871508332,4.465,,1780645266,2026-06-05T07:41:06Z,TVC:US10Y
,,,0.4499437570303616,,,-0.2234636871508332,4.465,,1780645436,2026-06-05T07:43:56Z,TVC:US10Y
,,,0.4499437570303616,,,-0.2234636871508332,4.465,,1780645622,2026-06-05T07:47:02Z,TVC:US10Y
,,,0.4499437570303616,,,-0.2234636871508332,4.465,,1780645806,2026-06-05T07:50:06Z,TVC:US10Y
,,,0.4499437570303616,,,-0.2234636871508332,4.465,,1780645977,2026-06-05T07:52:57Z,TVC:US10Y
,,,0.4049493813273294,,,-0.2681564245809959,4.463,,1780646164,2026-06-05T07:56:04Z,TVC:US10Y
,,,0.4499437570303616,,,-0.2234636871508332,4.465,,1780646342,2026-06-05T07:59:02Z,TVC:US10Y
,,,0.4499437570303616,,,-0.2234636871508332,4.465,,1780646510,2026-06-05T08:01:50Z,TVC:US10Y
,,,0.4499437570303616,,,-0.2234636871508332,4.465,,1780646699,2026-06-05T08:04:59Z,TVC:US10Y
,,,0.4499437570303616,,,-0.2234636871508332,4.465,,1780646882,2026-06-05T08:08:02Z,TVC:US10Y
,,,0.4049493813273294,,,-0.2681564245809959,4.463,,1780647060,2026-06-05T08:11:00Z,TVC:US10Y
,,,0.4049493813273294,,,-0.2681564245809959,4.463,,1780647234,2026-06-05T08:13:54Z,TVC:US10Y
,,,0.4499437570303616,,,-0.2234636871508332,4.465,,1780647418,2026-06-05T08:16:58Z,TVC:US10Y
,,,0.4499437570303616,,,-0.2234636871508332,4.465,,1780647598,2026-06-05T08:19:58Z,TVC:US10Y
,,,0.4499437570303616,,,-0.2234636871508332,4.465,,1780647782,2026-06-05T08:23:02Z,TVC:US10Y
,,,0.3599550056242973,,,-0.3128491620111586,4.461,,1780647958,2026-06-05T08:25:58Z,TVC:US10Y
,,,0.3599550056242973,,,-0.3128491620111586,4.461,,1780648140,2026-06-05T08:29:00Z,TVC:US10Y
,,,0.4049493813273294,,,-0.2681564245809959,4.463,,1780648317,2026-06-05T08:31:57Z,TVC:US10Y
,,,0.4049493813273294,,,-0.2681564245809959,4.463,,1780648506,2026-06-05T08:35:06Z,TVC:US10Y
,,,0.4499437570303616,,,-0.2234636871508332,4.465,,1780648676,2026-06-05T08:37:56Z,TVC:US10Y
,,,0.4499437570303616,,,-0.2234636871508332,4.465,,1780648860,2026-06-05T08:41:00Z,TVC:US10Y
,,,0.4049493813273294,,,-0.2681564245809959,4.463,,1780649048,2026-06-05T08:44:08Z,TVC:US10Y
,,,0.4499437570303616,,,-0.2234636871508332,4.465,,1780649215,2026-06-05T08:46:55Z,TVC:US10Y
,,,0.4499437570303616,,,-0.2234636871508332,4.465,,1780649391,2026-06-05T08:49:51Z,TVC:US10Y
,,,0.4499437570303616,,,-0.2234636871508332,4.465,,1780649578,2026-06-05T08:52:58Z,TVC:US10Y
,,,0.4499437570303616,,,-0.2234636871508332,4.465,,1780649764,2026-06-05T08:56:04Z,TVC:US10Y
,,,0.4499437570303616,,,-0.2234636871508332,4.465,,1780649947,2026-06-05T08:59:07Z,TVC:US10Y
,,,0.5399325084364459,,,-0.134078212290488,4.469,,1780650121,2026-06-05T09:02:01Z,TVC:US10Y
,,,0.4499437570303616,,,-0.2234636871508332,4.465,,1780650296,2026-06-05T09:04:56Z,TVC:US10Y
,,,0.5399325084364459,,,-0.134078212290488,4.469,,1780650478,2026-06-05T09:07:58Z,TVC:US10Y
,,,0.5399325084364459,,,-0.134078212290488,4.469,,1780650659,2026-06-05T09:10:59Z,TVC:US10Y
,,,0.4049493813273294,,,-0.2681564245809959,4.463,,1780650845,2026-06-05T09:14:05Z,TVC:US10Y
,,,0.4049493813273294,,,-0.2681564245809959,4.463,,1780651020,2026-06-05T09:17:00Z,TVC:US10Y
,,,0.4499437570303616,,,-0.2234636871508332,4.465,,1780651197,2026-06-05T09:19:57Z,TVC:US10Y
,,,0.4049493813273294,,,-0.2681564245809959,4.463,,1780651380,2026-06-05T09:23:00Z,TVC:US10Y
,,,0.3599550056242973,,,-0.3128491620111586,4.461,,1780651567,2026-06-05T09:26:07Z,TVC:US10Y
,,,0.4499437570303616,,,-0.2234636871508332,4.465,,1780651740,2026-06-05T09:29:00Z,TVC:US10Y
,,,0.4499437570303616,,,-0.2234636871508332,4.465,,1780651927,2026-06-05T09:32:07Z,TVC:US10Y
,,,0.4049493813273294,,,-0.2681564245809959,4.463,,1780652098,2026-06-05T09:34:58Z,TVC:US10Y
,,,0.4499437570303616,,,-0.2234636871508332,4.465,,1780652285,2026-06-05T09:38:05Z,TVC:US10Y
,,,0.4499437570303616,,,-0.2234636871508332,4.465,,1780652465,2026-06-05T09:41:05Z,TVC:US10Y
,,,0.4499437570303616,,,-0.2234636871508332,4.465,,1780652642,2026-06-05T09:44:02Z,TVC:US10Y
,,,0.5399325084364459,,,-0.134078212290488,4.469,,1780652820,2026-06-05T09:47:00Z,TVC:US10Y
,,,0.5399325084364459,,,-0.134078212290488,4.469,,1780653000,2026-06-05T09:50:00Z,TVC:US10Y
,,,0.4949381327333937,,,-0.1787709497206705,4.467,,1780653183,2026-06-05T09:53:03Z,TVC:US10Y
,,,0.6299212598425102,,,-0.0446927374301626,4.473,,1780653361,2026-06-05T09:56:01Z,TVC:US10Y
,,,0.6299212598425102,,,-0.0446927374301626,4.473,,1780653541,2026-06-05T09:59:01Z,TVC:US10Y
,,,0.6299212598425102,,,-0.0446927374301626,4.473,,1780653720,2026-06-05T10:02:00Z,TVC:US10Y
,,,0.6749156355455423,,,0.0,4.475,,1780653897,2026-06-05T10:04:57Z,TVC:US10Y
,,,0.7199100112485946,,,0.0446927374301825,4.477,,1780654077,2026-06-05T10:07:57Z,TVC:US10Y
,,,0.6749156355455423,,,0.0,4.475,,1780654265,2026-06-05T10:11:05Z,TVC:US10Y
,,,0.6749156355455423,,,0.0,4.475,,1780654438,2026-06-05T10:13:58Z,TVC:US10Y
,,,0.7199100112485946,,,0.0446927374301825,4.477,,1780654625,2026-06-05T10:17:05Z,TVC:US10Y
,,,0.7199100112485946,,,0.0446927374301825,4.477,,1780654807,2026-06-05T10:20:07Z,TVC:US10Y
,,,0.7199100112485946,,,0.0446927374301825,4.477,,1780654986,2026-06-05T10:23:06Z,TVC:US10Y
,,,0.7199100112485946,,,0.0446927374301825,4.477,,1780655157,2026-06-05T10:25:57Z,TVC:US10Y
,,,0.7199100112485946,,,0.0446927374301825,4.477,,1780655342,2026-06-05T10:29:02Z,TVC:US10Y
,,,0.6749156355455423,,,0.0,4.475,,1780655522,2026-06-05T10:32:02Z,TVC:US10Y
,,,0.6749156355455423,,,0.0,4.475,,1780655694,2026-06-05T10:34:54Z,TVC:US10Y
,,,0.6749156355455423,,,0.0,4.475,,1780655883,2026-06-05T10:38:03Z,TVC:US10Y
,,,0.7199100112485946,,,0.0446927374301825,4.477,,1780656056,2026-06-05T10:40:56Z,TVC:US10Y
,,,0.7199100112485946,,,0.0446927374301825,4.477,,1780656237,2026-06-05T10:43:57Z,TVC:US10Y
,,,0.7199100112485946,,,0.0446927374301825,4.477,,1780656414,2026-06-05T10:46:54Z,TVC:US10Y
,,,0.7199100112485946,,,0.0446927374301825,4.477,,1780656594,2026-06-05T10:49:54Z,TVC:US10Y
,,,0.6299212598425102,,,-0.0446927374301626,4.473,,1780656780,2026-06-05T10:53:00Z,TVC:US10Y
,,,0.6299212598425102,,,-0.0446927374301626,4.473,,1780656958,2026-06-05T10:55:58Z,TVC:US10Y
,,,0.6299212598425102,,,-0.0446927374301626,4.473,,1780657143,2026-06-05T10:59:03Z,TVC:US10Y
,,,0.6299212598425102,,,-0.0446927374301626,4.473,,1780657325,2026-06-05T11:02:05Z,TVC:US10Y
,,,0.4949381327333937,,,-0.1787709497206705,4.467,,1780657497,2026-06-05T11:04:57Z,TVC:US10Y
,,,0.5399325084364459,,,-0.134078212290488,4.469,,1780657681,2026-06-05T11:08:01Z,TVC:US10Y
,,,0.5399325084364459,,,-0.134078212290488,4.469,,1780657852,2026-06-05T11:10:52Z,TVC:US10Y
,,,0.5399325084364459,,,-0.134078212290488,4.469,,1780658043,2026-06-05T11:14:03Z,TVC:US10Y
,,,0.5399325084364459,,,-0.134078212290488,4.469,,1780658223,2026-06-05T11:17:03Z,TVC:US10Y
,,,0.5399325084364459,,,-0.134078212290488,4.469,,1780658401,2026-06-05T11:20:01Z,TVC:US10Y
,,,0.5399325084364459,,,-0.134078212290488,4.469,,1780658579,2026-06-05T11:22:59Z,TVC:US10Y
,,,0.6299212598425102,,,-0.0446927374301626,4.473,,1780658759,2026-06-05T11:25:59Z,TVC:US10Y
,,,0.5399325084364459,,,-0.134078212290488,4.469,,1780658938,2026-06-05T11:28:58Z,TVC:US10Y
,,,0.5399325084364459,,,-0.134078212290488,4.469,,1780659123,2026-06-05T11:32:03Z,TVC:US10Y
,,,0.5399325084364459,,,-0.134078212290488,4.469,,1780659294,2026-06-05T11:34:54Z,TVC:US10Y
,,,0.6299212598425102,,,-0.0446927374301626,4.473,,1780659480,2026-06-05T11:38:00Z,TVC:US10Y
,,,0.7199100112485946,,,0.0446927374301825,4.477,,1780659662,2026-06-05T11:41:02Z,TVC:US10Y
,,,0.6299212598425102,,,-0.0446927374301626,4.473,,1780659832,2026-06-05T11:43:52Z,TVC:US10Y
,,,0.6299212598425102,,,-0.0446927374301626,4.473,,1780660013,2026-06-05T11:46:53Z,TVC:US10Y
,,,0.7199100112485946,,,0.0446927374301825,4.477,,1780660203,2026-06-05T11:50:03Z,TVC:US10Y
,,,0.6299212598425102,,,-0.0446927374301626,4.473,,1780660387,2026-06-05T11:53:07Z,TVC:US10Y
,,,0.584926884139478,,,-0.0893854748603253,4.471,,1780660561,2026-06-05T11:56:01Z,TVC:US10Y
,,,0.6299212598425102,,,-0.0446927374301626,4.473,,1780660736,2026-06-05T11:58:56Z,TVC:US10Y
,,,0.5399325084364459,,,-0.134078212290488,4.469,,1780660922,2026-06-05T12:02:02Z,TVC:US10Y
,,,0.6299212598425102,,,-0.0446927374301626,4.473,,1780661101,2026-06-05T12:05:01Z,TVC:US10Y
,,,0.5399325084364459,,,-0.134078212290488,4.469,,1780661285,2026-06-05T12:08:05Z,TVC:US10Y
,,,0.5399325084364459,,,-0.134078212290488,4.469,,1780661461,2026-06-05T12:11:01Z,TVC:US10Y
,,,0.5399325084364459,,,-0.134078212290488,4.469,,1780661648,2026-06-05T12:14:08Z,TVC:US10Y
,,,0.5399325084364459,,,-0.134078212290488,4.469,,1780661812,2026-06-05T12:16:52Z,TVC:US10Y
,,,0.5399325084364459,,,-0.134078212290488,4.469,,1780661998,2026-06-05T12:19:58Z,TVC:US10Y
,,,0.4499437570303616,,,-0.2234636871508332,4.465,,1780662180,2026-06-05T12:23:00Z,TVC:US10Y
,,,0.6749156355455423,,,0.0,4.475,,1780662363,2026-06-05T12:26:03Z,TVC:US10Y
,,,0.7199100112485946,,,0.0446927374301825,4.477,,1780662542,2026-06-05T12:29:02Z,TVC:US10Y
,,,1.8672665916760245,,,1.18435754189944,4.528,,1780662724,2026-06-05T12:32:04Z,TVC:US10Y
,,,1.957255343082109,,,1.2737430167597852,4.532,,1780662911,2026-06-05T12:35:11Z,TVC:US10Y
,,,2.092238470191225,,,1.407821229050293,4.538,,1780663084,2026-06-05T12:38:04Z,TVC:US10Y
,,,1.957255343082109,,,1.2737430167597852,4.532,,1780663267,2026-06-05T12:41:07Z,TVC:US10Y
,,,1.957255343082109,,,1.2737430167597852,4.532,,1780663435,2026-06-05T12:43:55Z,TVC:US10Y
,,,2.0472440944881733,,,1.3631284916201103,4.536,,1780663618,2026-06-05T12:46:58Z,TVC:US10Y
,,,2.0472440944881733,,,1.3631284916201103,4.536,,1780663804,2026-06-05T12:50:04Z,TVC:US10Y
,,,2.0472440944881733,,,1.3631284916201103,4.536,,1780663984,2026-06-05T12:53:04Z,TVC:US10Y
,,,2.092238470191225,,,1.407821229050293,4.538,,1780664157,2026-06-05T12:55:57Z,TVC:US10Y
,,,2.1372328458942573,,,1.4525139664804558,4.54,,1780664341,2026-06-05T12:59:01Z,TVC:US10Y
,,,2.1372328458942573,,,1.4525139664804558,4.54,,1780664519,2026-06-05T13:01:59Z,TVC:US10Y
,,,2.092238470191225,,,1.407821229050293,4.538,,1780664697,2026-06-05T13:04:57Z,TVC:US10Y
,,,2.0472440944881733,,,1.3631284916201103,4.536,,1780664883,2026-06-05T13:08:03Z,TVC:US10Y
,,,2.0472440944881733,,,1.3631284916201103,4.536,,1780665058,2026-06-05T13:10:58Z,TVC:US10Y
,,,1.957255343082109,,,1.2737430167597852,4.532,,1780665244,2026-06-05T13:14:04Z,TVC:US10Y
,,,1.957255343082109,,,1.2737430167597852,4.532,,1780665423,2026-06-05T13:17:03Z,TVC:US10Y
,,,1.9122609673790767,,,1.2290502793296223,4.53,,1780665607,2026-06-05T13:20:07Z,TVC:US10Y
,,,1.957255343082109,,,1.2737430167597852,4.532,,1780665776,2026-06-05T13:22:56Z,TVC:US10Y
,,,2.0472440944881733,,,1.3631284916201103,4.536,,1780665954,2026-06-05T13:25:54Z,TVC:US10Y
,,,2.092238470191225,,,1.407821229050293,4.538,,1780666147,2026-06-05T13:29:07Z,TVC:US10Y
,,,2.0472440944881733,,,1.3631284916201103,4.536,,1780666320,2026-06-05T13:32:00Z,TVC:US10Y
,,,1.957255343082109,,,1.2737430167597852,4.532,,1780666505,2026-06-05T13:35:05Z,TVC:US10Y
,,,1.957255343082109,,,1.2737430167597852,4.532,,1780666682,2026-06-05T13:38:02Z,TVC:US10Y
,,,2.0472440944881733,,,1.3631284916201103,4.536,,1780666855,2026-06-05T13:40:55Z,TVC:US10Y
,,,2.0472440944881733,,,1.3631284916201103,4.536,,1780667036,2026-06-05T13:43:56Z,TVC:US10Y
,,,1.957255343082109,,,1.2737430167597852,4.532,,1780667220,2026-06-05T13:47:00Z,TVC:US10Y
,,,2.002249718785141,,,1.318435754189948,4.534,,1780667400,2026-06-05T13:50:00Z,TVC:US10Y
,,,2.092238470191225,,,1.407821229050293,4.538,,1780667580,2026-06-05T13:53:00Z,TVC:US10Y
,,,2.0472440944881733,,,1.3631284916201103,4.536,,1780667756,2026-06-05T13:55:56Z,TVC:US10Y
,,,2.092238470191225,,,1.407821229050293,4.538,,1780667937,2026-06-05T13:58:57Z,TVC:US10Y
,,,2.272215973003374,,,1.5865921787709636,4.546,,1780668117,2026-06-05T14:01:57Z,TVC:US10Y
,,,2.1372328458942573,,,1.4525139664804558,4.54,,1780668298,2026-06-05T14:04:58Z,TVC:US10Y
,,,2.1372328458942573,,,1.4525139664804558,4.54,,1780668483,2026-06-05T14:08:03Z,TVC:US10Y
,,,2.0472440944881733,,,1.3631284916201103,4.536,,1780668661,2026-06-05T14:11:01Z,TVC:US10Y
,,,2.092238470191225,,,1.407821229050293,4.538,,1780668844,2026-06-05T14:14:04Z,TVC:US10Y
,,,2.002249718785141,,,1.318435754189948,4.534,,1780669020,2026-06-05T14:17:00Z,TVC:US10Y
,,,2.092238470191225,,,1.407821229050293,4.538,,1780669201,2026-06-05T14:20:01Z,TVC:US10Y
,,,2.2272215973003218,,,1.5418994413407812,4.544,,1780669381,2026-06-05T14:23:01Z,TVC:US10Y
,,,2.1372328458942573,,,1.4525139664804558,4.54,,1780669559,2026-06-05T14:25:59Z,TVC:US10Y
,,,2.0472440944881733,,,1.3631284916201103,4.536,,1780669739,2026-06-05T14:28:59Z,TVC:US10Y
,,,2.002249718785141,,,1.318435754189948,4.534,,1780669917,2026-06-05T14:31:57Z,TVC:US10Y
,,,2.0472440944881733,,,1.3631284916201103,4.536,,1780670103,2026-06-05T14:35:03Z,TVC:US10Y
,,,2.1372328458942573,,,1.4525139664804558,4.54,,1780670280,2026-06-05T14:38:00Z,TVC:US10Y
,,,2.2272215973003218,,,1.5418994413407812,4.544,,1780670464,2026-06-05T14:41:04Z,TVC:US10Y
,,,2.2272215973003218,,,1.5418994413407812,4.544,,1780670645,2026-06-05T14:44:05Z,TVC:US10Y
,,,2.2272215973003218,,,1.5418994413407812,4.544,,1780670819,2026-06-05T14:46:59Z,TVC:US10Y
,,,2.0472440944881733,,,1.3631284916201103,4.536,,1780671004,2026-06-05T14:50:04Z,TVC:US10Y
,,,2.0472440944881733,,,1.3631284916201103,4.536,,1780671178,2026-06-05T14:52:58Z,TVC:US10Y
,,,2.0472440944881733,,,1.3631284916201103,4.536,,1780671355,2026-06-05T14:55:55Z,TVC:US10Y
,,,2.0472440944881733,,,1.407821229050293,4.538,,1780671538,2026-06-05T14:58:58Z,TVC:US10Y
,,,2.0472440944881733,,,1.3631284916201103,4.536,,1780671716,2026-06-05T15:01:56Z,TVC:US10Y
,,,2.0472440944881733,,,1.3631284916201103,4.536,,1780671899,2026-06-05T15:04:59Z,TVC:US10Y
,,,2.0472440944881733,,,1.3631284916201103,4.536,,1780672078,2026-06-05T15:07:58Z,TVC:US10Y
,,,2.092238470191225,,,1.407821229050293,4.538,,1780672259,2026-06-05T15:10:59Z,TVC:US10Y
,,,2.002249718785141,,,1.318435754189948,4.534,,1780672447,2026-06-05T15:14:07Z,TVC:US10Y
,,,2.1372328458942573,,,1.4525139664804558,4.54,,1780672616,2026-06-05T15:16:56Z,TVC:US10Y
,,,2.1372328458942573,,,1.4525139664804558,4.54,,1780672803,2026-06-05T15:20:03Z,TVC:US10Y
,,,2.1372328458942573,,,1.4525139664804558,4.54,,1780672980,2026-06-05T15:23:00Z,TVC:US10Y
,,,2.092238470191225,,,1.407821229050293,4.538,,1780673160,2026-06-05T15:26:00Z,TVC:US10Y
,,,2.092238470191225,,,1.407821229050293,4.538,,1780673337,2026-06-05T15:28:57Z,TVC:US10Y
,,,2.0472440944881733,,,1.3631284916201103,4.536,,1780673525,2026-06-05T15:32:05Z,TVC:US10Y
,,,2.0472440944881733,,,1.3631284916201103,4.536,,1780673700,2026-06-05T15:35:00Z,TVC:US10Y
,,,2.1372328458942573,,,1.4525139664804558,4.54,,1780673888,2026-06-05T15:38:08Z,TVC:US10Y
,,,2.1372328458942573,,,1.4525139664804558,4.54,,1780674062,2026-06-05T15:41:02Z,TVC:US10Y
,,,2.092238470191225,,,1.407821229050293,4.538,,1780674244,2026-06-05T15:44:04Z,TVC:US10Y
,,,2.0472440944881733,,,1.3631284916201103,4.536,,1780674423,2026-06-05T15:47:03Z,TVC:US10Y
,,,2.0472440944881733,,,1.3631284916201103,4.536,,1780674594,2026-06-05T15:49:54Z,TVC:US10Y
,,,2.1372328458942573,,,1.4525139664804558,4.54,,1780674783,2026-06-05T15:53:03Z,TVC:US10Y
,,,2.1372328458942573,,,1.4525139664804558,4.54,,1780674961,2026-06-05T15:56:01Z,TVC:US10Y
,,,2.092238470191225,,,1.407821229050293,4.538,,1780675140,2026-06-05T15:59:00Z,TVC:US10Y
,,,2.092238470191225,,,1.407821229050293,4.538,,1780675322,2026-06-05T16:02:02Z,TVC:US10Y
,,,2.0472440944881733,,,1.3631284916201103,4.536,,1780675499,2026-06-05T16:04:59Z,TVC:US10Y
,,,2.1372328458942573,,,1.4525139664804558,4.54,,1780675680,2026-06-05T16:08:00Z,TVC:US10Y
,,,2.272215973003374,,,1.5865921787709636,4.546,,1780675858,2026-06-05T16:10:58Z,TVC:US10Y
,,,2.1372328458942573,,,1.4525139664804558,4.54,,1780676037,2026-06-05T16:13:57Z,TVC:US10Y
,,,2.317210348706406,,,1.6312849162011265,4.548,,1780676218,2026-06-05T16:16:58Z,TVC:US10Y
,,,2.272215973003374,,,1.5865921787709636,4.546,,1780676402,2026-06-05T16:20:02Z,TVC:US10Y
,,,2.2272215973003218,,,1.5418994413407812,4.544,,1780676585,2026-06-05T16:23:05Z,TVC:US10Y
,,,2.2272215973003218,,,1.5418994413407812,4.544,,1780676757,2026-06-05T16:25:57Z,TVC:US10Y
,,,2.1372328458942573,,,1.4525139664804558,4.54,,1780676940,2026-06-05T16:29:00Z,TVC:US10Y
,,,2.1372328458942573,,,1.4525139664804558,4.54,,1780677125,2026-06-05T16:32:05Z,TVC:US10Y
,,,2.1372328458942573,,,1.4525139664804558,4.54,,1780677300,2026-06-05T16:35:00Z,TVC:US10Y
,,,2.1372328458942573,,,1.4525139664804558,4.54,,1780677485,2026-06-05T16:38:05Z,TVC:US10Y
,,,2.0472440944881733,,,1.3631284916201103,4.536,,1780677669,2026-06-05T16:41:09Z,TVC:US10Y
,,,2.0472440944881733,,,1.3631284916201103,4.536,,1780677834,2026-06-05T16:43:54Z,TVC:US10Y
,,,1.957255343082109,,,1.2737430167597852,4.532,,1780678023,2026-06-05T16:47:03Z,TVC:US10Y
,,,1.8672665916760245,,,1.18435754189944,4.528,,1780678196,2026-06-05T16:49:56Z,TVC:US10Y
,,,1.9122609673790767,,,1.2290502793296223,4.53,,1780678382,2026-06-05T16:53:02Z,TVC:US10Y
,,,1.7772778402699605,,,1.0949720670391148,4.524,,1780678554,2026-06-05T16:55:54Z,TVC:US10Y
,,,1.7772778402699605,,,1.0949720670391148,4.524,,1780678739,2026-06-05T16:58:59Z,TVC:US10Y
,,,1.8672665916760245,,,1.18435754189944,4.528,,1780678920,2026-06-05T17:02:00Z,TVC:US10Y
,,,1.8672665916760245,,,1.18435754189944,4.528,,1780679093,2026-06-05T17:04:53Z,TVC:US10Y
,,,1.8672665916760245,,,1.18435754189944,4.528,,1780679285,2026-06-05T17:08:05Z,TVC:US10Y
,,,1.8672665916760245,,,1.18435754189944,4.528,,1780679454,2026-06-05T17:10:54Z,TVC:US10Y
,,,1.8672665916760245,,,1.18435754189944,4.528,,1780679637,2026-06-05T17:13:57Z,TVC:US10Y
,,,1.957255343082109,,,1.2737430167597852,4.532,,1780679816,2026-06-05T17:16:56Z,TVC:US10Y
,,,2.0472440944881733,,,1.3631284916201103,4.536,,1780680001,2026-06-05T17:20:01Z,TVC:US10Y
,,,2.0472440944881733,,,1.3631284916201103,4.536,,1780680173,2026-06-05T17:22:53Z,TVC:US10Y
,,,2.092238470191225,,,1.407821229050293,4.538,,1780680365,2026-06-05T17:26:05Z,TVC:US10Y
,,,2.1372328458942573,,,1.4525139664804558,4.54,,1780680546,2026-06-05T17:29:06Z,TVC:US10Y
,,,2.1372328458942573,,,1.4525139664804558,4.54,,1780680723,2026-06-05T17:32:03Z,TVC:US10Y
,,,2.1372328458942573,,,1.4525139664804558,4.54,,1780680900,2026-06-05T17:35:00Z,TVC:US10Y
,,,2.1372328458942573,,,1.4525139664804558,4.54,,1780681087,2026-06-05T17:38:07Z,TVC:US10Y
,,,2.092238470191225,,,1.407821229050293,4.538,,1780681263,2026-06-05T17:41:03Z,TVC:US10Y
,,,2.1372328458942573,,,1.4525139664804558,4.54,,1780681439,2026-06-05T17:43:59Z,TVC:US10Y
,,,2.1372328458942573,,,1.4525139664804558,4.54,,1780681621,2026-06-05T17:47:01Z,TVC:US10Y
,,,2.2272215973003218,,,1.5418994413407812,4.544,,1780681797,2026-06-05T17:49:57Z,TVC:US10Y
,,,2.2272215973003218,,,1.5418994413407812,4.544,,1780681979,2026-06-05T17:52:59Z,TVC:US10Y
,,,2.182227221597289,,,1.4972067039106185,4.542,,1780682158,2026-06-05T17:55:58Z,TVC:US10Y
,,,2.182227221597289,,,1.4972067039106185,4.542,,1780682339,2026-06-05T17:58:59Z,TVC:US10Y
,,,2.182227221597289,,,1.4972067039106185,4.542,,1780682516,2026-06-05T18:01:56Z,TVC:US10Y
,,,2.272215973003374,,,1.5865921787709636,4.546,,1780682701,2026-06-05T18:05:01Z,TVC:US10Y
,,,2.40719910011247,,,1.7206703910614518,4.552,,1780682875,2026-06-05T18:07:55Z,TVC:US10Y
,,,2.3622047244094384,,,1.6759776536312891,4.55,,1780683061,2026-06-05T18:11:01Z,TVC:US10Y
,,,2.317210348706406,,,1.6312849162011265,4.548,,1780683243,2026-06-05T18:14:03Z,TVC:US10Y
,,,2.317210348706406,,,1.6312849162011265,4.548,,1780683418,2026-06-05T18:16:58Z,TVC:US10Y
,,,2.2272215973003218,,,1.5418994413407812,4.544,,1780683606,2026-06-05T18:20:06Z,TVC:US10Y
,,,2.182227221597289,,,1.4972067039106185,4.542,,1780683780,2026-06-05T18:23:00Z,TVC:US10Y
,,,2.1372328458942573,,,1.4525139664804558,4.54,,1780683966,2026-06-05T18:26:06Z,TVC:US10Y
,,,2.2272215973003218,,,1.5418994413407812,4.544,,1780684146,2026-06-05T18:29:06Z,TVC:US10Y
,,,2.2272215973003218,,,1.5418994413407812,4.544,,1780684316,2026-06-05T18:31:56Z,TVC:US10Y
,,,2.1372328458942573,,,1.4525139664804558,4.54,,1780684499,2026-06-05T18:34:59Z,TVC:US10Y
,,,2.1372328458942573,,,1.4525139664804558,4.54,,1780684691,2026-06-05T18:38:11Z,TVC:US10Y
,,,2.2272215973003218,,,1.5418994413407812,4.544,,1780684866,2026-06-05T18:41:06Z,TVC:US10Y
,,,2.182227221597289,,,1.4972067039106185,4.542,,1780685041,2026-06-05T18:44:01Z,TVC:US10Y
,,,2.2272215973003218,,,1.5418994413407812,4.544,,1780685220,2026-06-05T18:47:00Z,TVC:US10Y
,,,2.182227221597289,,,1.4972067039106185,4.542,,1780685400,2026-06-05T18:50:00Z,TVC:US10Y
,,,2.092238470191225,,,1.407821229050293,4.538,,1780685584,2026-06-05T18:53:04Z,TVC:US10Y
,,,2.1372328458942573,,,1.4525139664804558,4.54,,1780685765,2026-06-05T18:56:05Z,TVC:US10Y
,,,2.1372328458942573,,,1.4525139664804558,4.54,,1780685943,2026-06-05T18:59:03Z,TVC:US10Y
,,,2.0472440944881733,,,1.3631284916201103,4.536,,1780686115,2026-06-05T19:01:55Z,TVC:US10Y
,,,2.0472440944881733,,,1.3631284916201103,4.536,,1780686303,2026-06-05T19:05:03Z,TVC:US10Y
,,,2.272215973003374,,,1.5865921787709636,4.546,,1780686485,2026-06-05T19:08:05Z,TVC:US10Y
,,,2.272215973003374,,,1.5865921787709636,4.546,,1780686659,2026-06-05T19:10:59Z,TVC:US10Y
,,,2.2272215973003218,,,1.5418994413407812,4.544,,1780686842,2026-06-05T19:14:02Z,TVC:US10Y
,,,2.2272215973003218,,,1.5418994413407812,4.544,,1780687017,2026-06-05T19:16:57Z,TVC:US10Y
,,,2.2272215973003218,,,1.5418994413407812,4.544,,1780687195,2026-06-05T19:19:55Z,TVC:US10Y
,,,2.1372328458942573,,,1.4525139664804558,4.54,,1780687379,2026-06-05T19:22:59Z,TVC:US10Y
,,,2.182227221597289,,,1.4972067039106185,4.542,,1780687559,2026-06-05T19:25:59Z,TVC:US10Y
,,,2.2272215973003218,,,1.5418994413407812,4.544,,1780687732,2026-06-05T19:28:52Z,TVC:US10Y
,,,2.2272215973003218,,,1.5418994413407812,4.544,,1780687924,2026-06-05T19:32:04Z,TVC:US10Y
,,,2.2272215973003218,,,1.5418994413407812,4.544,,1780688100,2026-06-05T19:35:00Z,TVC:US10Y
,,,2.2272215973003218,,,1.5418994413407812,4.544,,1780688280,2026-06-05T19:38:00Z,TVC:US10Y
,,,2.2272215973003218,,,1.5418994413407812,4.544,,1780688459,2026-06-05T19:40:59Z,TVC:US10Y
,,,2.317210348706406,,,1.6312849162011265,4.548,,1780688639,2026-06-05T19:43:59Z,TVC:US10Y
,,,2.2272215973003218,,,1.5418994413407812,4.544,,1780688825,2026-06-05T19:47:05Z,TVC:US10Y
,,,2.272215973003374,,,1.5865921787709636,4.546,,1780689000,2026-06-05T19:50:00Z,TVC:US10Y
,,,2.272215973003374,,,1.5865921787709636,4.546,,1780689177,2026-06-05T19:52:57Z,TVC:US10Y
,,,2.317210348706406,,,1.6312849162011265,4.548,,1780689355,2026-06-05T19:55:55Z,TVC:US10Y
,,,2.317210348706406,,,1.6312849162011265,4.548,,1780689533,2026-06-05T19:58:53Z,TVC:US10Y
,,,2.317210348706406,,,1.6312849162011265,4.548,,1780689724,2026-06-05T20:02:04Z,TVC:US10Y
,,,2.2272215973003218,,,1.5418994413407812,4.544,,1780689903,2026-06-05T20:05:03Z,TVC:US10Y
,,,2.272215973003374,,,1.5865921787709636,4.546,,1780690081,2026-06-05T20:08:01Z,TVC:US10Y
,,,2.182227221597289,,,1.4972067039106185,4.542,,1780690258,2026-06-05T20:10:58Z,TVC:US10Y
,,,2.2272215973003218,,,1.5418994413407812,4.544,,1780690435,2026-06-05T20:13:55Z,TVC:US10Y
,,,2.182227221597289,,,1.4972067039106185,4.542,,1780690622,2026-06-05T20:17:02Z,TVC:US10Y
,,,2.1372328458942573,,,1.4525139664804558,4.54,,1780690799,2026-06-05T20:19:59Z,TVC:US10Y
,,,2.1372328458942573,,,1.4525139664804558,4.54,,1780690980,2026-06-05T20:23:00Z,TVC:US10Y
,,,2.1372328458942573,,,1.4525139664804558,4.54,,1780691160,2026-06-05T20:26:00Z,TVC:US10Y
,,,2.092238470191225,,,1.4525139664804558,4.54,,1780691336,2026-06-05T20:28:56Z,TVC:US10Y
,,,2.1372328458942573,,,1.4525139664804558,4.54,,1780691521,2026-06-05T20:32:01Z,TVC:US10Y
,,,2.0472440944881733,,,1.3631284916201103,4.536,,1780691703,2026-06-05T20:35:03Z,TVC:US10Y
,,,2.0472440944881733,,,1.3631284916201103,4.536,,1780691880,2026-06-05T20:38:00Z,TVC:US10Y
,,,2.0472440944881733,,,1.3631284916201103,4.536,,1780692065,2026-06-05T20:41:05Z,TVC:US10Y
,,,2.0472440944881733,,,1.3631284916201103,4.536,,1780692248,2026-06-05T20:44:08Z,TVC:US10Y
,,,1.957255343082109,,,1.2737430167597852,4.532,,1780692409,2026-06-05T20:46:49Z,TVC:US10Y
,,,1.957255343082109,,,1.2737430167597852,4.532,,1780692595,2026-06-05T20:49:55Z,TVC:US10Y
,,,1.957255343082109,,,1.2737430167597852,4.532,,1780692783,2026-06-05T20:53:03Z,TVC:US10Y
,,,1.957255343082109,,,1.2737430167597852,4.532,,1780692961,2026-06-05T20:56:01Z,TVC:US10Y
,,,1.957255343082109,,,1.2737430167597852,4.532,,1780693148,2026-06-05T20:59:08Z,TVC:US10Y
,,,2.002249718785141,,,1.318435754189948,4.534,,1780693318,2026-06-05T21:01:58Z,TVC:US10Y
,,,1.8672665916760245,,,1.18435754189944,4.528,,1780693500,2026-06-05T21:05:00Z,TVC:US10Y
,,,1.957255343082109,,,1.2737430167597852,4.532,,1780693686,2026-06-05T21:08:06Z,TVC:US10Y
,,,1.957255343082109,,,1.2737430167597852,4.532,,1780693858,2026-06-05T21:10:58Z,TVC:US10Y
,,,1.957255343082109,,,1.2737430167597852,4.532,,1780694041,2026-06-05T21:14:01Z,TVC:US10Y
,,,1.957255343082109,,,1.2737430167597852,4.532,,1780694218,2026-06-05T21:16:58Z,TVC:US10Y
,,,1.957255343082109,,,1.2737430167597852,4.532,,1780694391,2026-06-05T21:19:51Z,TVC:US10Y
,,,1.957255343082109,,,1.2737430167597852,4.532,,1780694576,2026-06-05T21:22:56Z,TVC:US10Y
,,,1.957255343082109,,,1.2737430167597852,4.532,,1780694760,2026-06-05T21:26:00Z,TVC:US10Y
,,,1.957255343082109,,,1.2737430167597852,4.532,,1780694946,2026-06-05T21:29:06Z,TVC:US10Y
,,,1.957255343082109,,,1.2737430167597852,4.532,,1780695125,2026-06-05T21:32:05Z,TVC:US10Y
,,,1.957255343082109,,,1.2737430167597852,4.532,,1780695301,2026-06-05T21:35:01Z,TVC:US10Y
,,,1.957255343082109,,,1.2737430167597852,4.532,,1780695478,2026-06-05T21:37:58Z,TVC:US10Y
,,,1.957255343082109,,,1.2737430167597852,4.532,,1780695662,2026-06-05T21:41:02Z,TVC:US10Y
,,,1.957255343082109,,,1.2737430167597852,4.532,,1780695843,2026-06-05T21:44:03Z,TVC:US10Y
,,,1.957255343082109,,,1.2737430167597852,4.532,,1780696012,2026-06-05T21:46:52Z,TVC:US10Y
,,,1.957255343082109,,,1.2737430167597852,4.532,,1780696200,2026-06-05T21:50:00Z,TVC:US10Y
,,,1.957255343082109,,,1.2737430167597852,4.532,,1780696379,2026-06-05T21:52:59Z,TVC:US10Y
,,,1.957255343082109,,,1.2737430167597852,4.532,,1780696563,2026-06-05T21:56:03Z,TVC:US10Y
,,,1.957255343082109,,,1.2737430167597852,4.532,,1780696740,2026-06-05T21:59:00Z,TVC:US10Y
,,,2.306830907054866,,,0.7943512797881639,4.568,,1780896357,2026-06-08T05:25:57Z,TVC:US10Y
,,,2.306830907054866,,,0.7943512797881639,4.568,,1780896536,2026-06-08T05:28:56Z,TVC:US10Y
,,,2.396416573348269,,,0.8826125330979708,4.572,,1780896725,2026-06-08T05:32:05Z,TVC:US10Y
,,,2.396416573348269,,,0.8826125330979708,4.572,,1780896903,2026-06-08T05:35:03Z,TVC:US10Y
,,,2.3516237402015774,,,0.8384819064430772,4.57,,1780897076,2026-06-08T05:37:56Z,TVC:US10Y
,,,2.396416573348269,,,0.8826125330979708,4.572,,1780897260,2026-06-08T05:41:00Z,TVC:US10Y
,,,2.4860022396416523,,,0.970873786407758,4.576,,1780897431,2026-06-08T05:43:51Z,TVC:US10Y
,,,2.396416573348269,,,0.8826125330979708,4.572,,1780897619,2026-06-08T05:46:59Z,TVC:US10Y
,,,2.396416573348269,,,0.8826125330979708,4.572,,1780897787,2026-06-08T05:49:47Z,TVC:US10Y
,,,2.396416573348269,,,0.8826125330979708,4.572,,1780897973,2026-06-08T05:52:53Z,TVC:US10Y
,,,2.4860022396416523,,,0.970873786407758,4.576,,1780898165,2026-06-08T05:56:05Z,TVC:US10Y
,,,2.4860022396416523,,,0.970873786407758,4.576,,1780898339,2026-06-08T05:58:59Z,TVC:US10Y
,,,2.4860022396416523,,,0.970873786407758,4.576,,1780898521,2026-06-08T06:02:01Z,TVC:US10Y
,,,2.4860022396416523,,,0.970873786407758,4.576,,1780898701,2026-06-08T06:05:01Z,TVC:US10Y
,,,2.530795072788364,,,1.0150044130626712,4.578,,1780898878,2026-06-08T06:07:58Z,TVC:US10Y
,,,2.530795072788364,,,1.0150044130626712,4.578,,1780899057,2026-06-08T06:10:57Z,TVC:US10Y
,,,2.530795072788364,,,1.0150044130626712,4.578,,1780899237,2026-06-08T06:13:57Z,TVC:US10Y
,,,2.575587905935055,,,1.059135039717565,4.58,,1780899419,2026-06-08T06:16:59Z,TVC:US10Y
,,,2.4860022396416523,,,0.970873786407758,4.576,,1780899600,2026-06-08T06:20:00Z,TVC:US10Y
,,,2.4860022396416523,,,0.970873786407758,4.576,,1780899778,2026-06-08T06:22:58Z,TVC:US10Y
,,,2.4860022396416523,,,0.970873786407758,4.576,,1780899960,2026-06-08T06:26:00Z,TVC:US10Y
,,,2.4860022396416523,,,0.970873786407758,4.576,,1780900131,2026-06-08T06:28:51Z,TVC:US10Y
,,,2.4860022396416523,,,0.970873786407758,4.576,,1780900322,2026-06-08T06:32:02Z,TVC:US10Y
,,,2.575587905935055,,,1.059135039717565,4.58,,1780900498,2026-06-08T06:34:58Z,TVC:US10Y
,,,2.575587905935055,,,1.059135039717565,4.58,,1780900680,2026-06-08T06:38:00Z,TVC:US10Y
,,,2.575587905935055,,,1.059135039717565,4.58,,1780900855,2026-06-08T06:40:55Z,TVC:US10Y
,,,2.575587905935055,,,1.059135039717565,4.58,,1780901035,2026-06-08T06:43:55Z,TVC:US10Y
,,,2.575587905935055,,,1.059135039717565,4.58,,1780901215,2026-06-08T06:46:55Z,TVC:US10Y
,,,2.575587905935055,,,1.059135039717565,4.58,,1780901406,2026-06-08T06:50:06Z,TVC:US10Y
,,,2.575587905935055,,,1.059135039717565,4.58,,1780901573,2026-06-08T06:52:53Z,TVC:US10Y
,,,2.575587905935055,,,1.059135039717565,4.58,,1780901758,2026-06-08T06:55:58Z,TVC:US10Y
,,,2.575587905935055,,,1.059135039717565,4.58,,1780901944,2026-06-08T06:59:04Z,TVC:US10Y
,,,2.575587905935055,,,1.059135039717565,4.58,,1780902120,2026-06-08T07:02:00Z,TVC:US10Y
,,,2.4860022396416523,,,0.970873786407758,4.576,,1780902299,2026-06-08T07:04:59Z,TVC:US10Y
,,,2.4860022396416523,,,0.970873786407758,4.576,,1780902480,2026-06-08T07:08:00Z,TVC:US10Y
,,,2.4860022396416523,,,0.970873786407758,4.576,,1780902657,2026-06-08T07:10:57Z,TVC:US10Y
,,,2.396416573348269,,,0.8826125330979708,4.572,,1780902835,2026-06-08T07:13:55Z,TVC:US10Y
,,,2.4412094064949605,,,0.9267431597528644,4.574,,1780903020,2026-06-08T07:17:00Z,TVC:US10Y
,,,2.396416573348269,,,0.8826125330979708,4.572,,1780903199,2026-06-08T07:19:59Z,TVC:US10Y
,,,2.396416573348269,,,0.8826125330979708,4.572,,1780903373,2026-06-08T07:22:53Z,TVC:US10Y
,,,2.396416573348269,,,0.8826125330979708,4.572,,1780903554,2026-06-08T07:25:54Z,TVC:US10Y
,,,2.306830907054866,,,0.7943512797881639,4.568,,1780903741,2026-06-08T07:29:01Z,TVC:US10Y
,,,2.3516237402015774,,,0.8384819064430772,4.57,,1780903921,2026-06-08T07:32:01Z,TVC:US10Y
,,,2.306830907054866,,,0.7943512797881639,4.568,,1780904096,2026-06-08T07:34:56Z,TVC:US10Y
,,,2.396416573348269,,,0.8826125330979708,4.572,,1780904278,2026-06-08T07:37:58Z,TVC:US10Y
,,,2.396416573348269,,,0.8826125330979708,4.572,,1780904457,2026-06-08T07:40:57Z,TVC:US10Y
,,,2.396416573348269,,,0.8826125330979708,4.572,,1780904637,2026-06-08T07:43:57Z,TVC:US10Y
,,,2.306830907054866,,,0.7943512797881639,4.568,,1780904819,2026-06-08T07:46:59Z,TVC:US10Y
,,,2.306830907054866,,,0.7943512797881639,4.568,,1780904998,2026-06-08T07:49:58Z,TVC:US10Y
,,,2.396416573348269,,,0.8826125330979708,4.572,,1780905179,2026-06-08T07:52:59Z,TVC:US10Y
,,,2.396416573348269,,,0.8826125330979708,4.572,,1780905365,2026-06-08T07:56:05Z,TVC:US10Y
,,,2.396416573348269,,,0.8826125330979708,4.572,,1780905537,2026-06-08T07:58:57Z,TVC:US10Y
,,,2.4412094064949605,,,0.9267431597528644,4.574,,1780905717,2026-06-08T08:01:57Z,TVC:US10Y
,,,2.396416573348269,,,0.8826125330979708,4.572,,1780905893,2026-06-08T08:04:53Z,TVC:US10Y
,,,2.396416573348269,,,0.8826125330979708,4.572,,1780906081,2026-06-08T08:08:01Z,TVC:US10Y
,,,2.4860022396416523,,,0.970873786407758,4.576,,1780906259,2026-06-08T08:10:59Z,TVC:US10Y
,,,2.4860022396416523,,,0.970873786407758,4.576,,1780906442,2026-06-08T08:14:02Z,TVC:US10Y
,,,2.4860022396416523,,,0.970873786407758,4.576,,1780906625,2026-06-08T08:17:05Z,TVC:US10Y
,,,2.396416573348269,,,0.8826125330979708,4.572,,1780906809,2026-06-08T08:20:09Z,TVC:US10Y
,,,2.4860022396416523,,,0.970873786407758,4.576,,1780906981,2026-06-08T08:23:01Z,TVC:US10Y
,,,2.4860022396416523,,,0.970873786407758,4.576,,1780907159,2026-06-08T08:25:59Z,TVC:US10Y
,,,2.4860022396416523,,,0.970873786407758,4.576,,1780907335,2026-06-08T08:28:55Z,TVC:US10Y
,,,2.4860022396416523,,,0.970873786407758,4.576,,1780907524,2026-06-08T08:32:04Z,TVC:US10Y
,,,2.396416573348269,,,0.8826125330979708,4.572,,1780907697,2026-06-08T08:34:57Z,TVC:US10Y
,,,2.4860022396416523,,,0.970873786407758,4.576,,1780907881,2026-06-08T08:38:01Z,TVC:US10Y
,,,2.4860022396416523,,,0.970873786407758,4.576,,1780908062,2026-06-08T08:41:02Z,TVC:US10Y
,,,2.4860022396416523,,,0.970873786407758,4.576,,1780908246,2026-06-08T08:44:06Z,TVC:US10Y
,,,2.4860022396416523,,,0.970873786407758,4.576,,1780908418,2026-06-08T08:46:58Z,TVC:US10Y
,,,2.4860022396416523,,,0.970873786407758,4.576,,1780908601,2026-06-08T08:50:01Z,TVC:US10Y
,,,2.530795072788364,,,1.0150044130626712,4.578,,1780908776,2026-06-08T08:52:56Z,TVC:US10Y
,,,2.4860022396416523,,,0.970873786407758,4.576,,1780908962,2026-06-08T08:56:02Z,TVC:US10Y
,,,2.396416573348269,,,0.8826125330979708,4.572,,1780909138,2026-06-08T08:58:58Z,TVC:US10Y
,,,2.4860022396416523,,,0.970873786407758,4.576,,1780909323,2026-06-08T09:02:03Z,TVC:US10Y
,,,2.4860022396416523,,,0.970873786407758,4.576,,1780909501,2026-06-08T09:05:01Z,TVC:US10Y
,,,2.396416573348269,,,0.8826125330979708,4.572,,1780909674,2026-06-08T09:07:54Z,TVC:US10Y
,,,2.396416573348269,,,0.8826125330979708,4.572,,1780909853,2026-06-08T09:10:53Z,TVC:US10Y
,,,2.396416573348269,,,0.8826125330979708,4.572,,1780910038,2026-06-08T09:13:58Z,TVC:US10Y
,,,2.396416573348269,,,0.8826125330979708,4.572,,1780910220,2026-06-08T09:17:00Z,TVC:US10Y
,,,2.396416573348269,,,0.8826125330979708,4.572,,1780910397,2026-06-08T09:19:57Z,TVC:US10Y
,,,2.396416573348269,,,0.8826125330979708,4.572,,1780910580,2026-06-08T09:23:00Z,TVC:US10Y
,,,2.396416573348269,,,0.8826125330979708,4.572,,1780910768,2026-06-08T09:26:08Z,TVC:US10Y
,,,2.396416573348269,,,0.8826125330979708,4.572,,1780910941,2026-06-08T09:29:01Z,TVC:US10Y
,,,2.3516237402015774,,,0.8384819064430772,4.57,,1780911122,2026-06-08T09:32:02Z,TVC:US10Y
,,,2.306830907054866,,,0.7943512797881639,4.568,,1780911303,2026-06-08T09:35:03Z,TVC:US10Y
,,,2.306830907054866,,,0.7943512797881639,4.568,,1780911479,2026-06-08T09:37:59Z,TVC:US10Y
,,,2.217245240761483,,,0.7060900264783766,4.564,,1780911653,2026-06-08T09:40:53Z,TVC:US10Y
,,,2.217245240761483,,,0.7060900264783766,4.564,,1780911840,2026-06-08T09:44:00Z,TVC:US10Y
,,,2.217245240761483,,,0.7060900264783766,4.564,,1780912020,2026-06-08T09:47:00Z,TVC:US10Y
,,,2.2620380739081742,,,0.7502206531332702,4.566,,1780912199,2026-06-08T09:49:59Z,TVC:US10Y
,,,2.217245240761483,,,0.7060900264783766,4.564,,1780912375,2026-06-08T09:52:55Z,TVC:US10Y
,,,2.217245240761483,,,0.7060900264783766,4.564,,1780912559,2026-06-08T09:55:59Z,TVC:US10Y
,,,2.217245240761483,,,0.7060900264783766,4.564,,1780912744,2026-06-08T09:59:04Z,TVC:US10Y
,,,2.217245240761483,,,0.7060900264783766,4.564,,1780912917,2026-06-08T10:01:57Z,TVC:US10Y
,,,2.217245240761483,,,0.7060900264783766,4.564,,1780913096,2026-06-08T10:04:56Z,TVC:US10Y
,,,2.217245240761483,,,0.7060900264783766,4.564,,1780913280,2026-06-08T10:08:00Z,TVC:US10Y
,,,2.12765957446808,,,0.6178287731685698,4.56,,1780913468,2026-06-08T10:11:08Z,TVC:US10Y
,,,2.12765957446808,,,0.6178287731685698,4.56,,1780913643,2026-06-08T10:14:03Z,TVC:US10Y
,,,2.12765957446808,,,0.6178287731685698,4.56,,1780913818,2026-06-08T10:16:58Z,TVC:US10Y
,,,2.217245240761483,,,0.7060900264783766,4.564,,1780914001,2026-06-08T10:20:01Z,TVC:US10Y
,,,2.12765957446808,,,0.6178287731685698,4.56,,1780914175,2026-06-08T10:22:55Z,TVC:US10Y
,,,2.12765957446808,,,0.6178287731685698,4.56,,1780914361,2026-06-08T10:26:01Z,TVC:US10Y
,,,2.12765957446808,,,0.6178287731685698,4.56,,1780914543,2026-06-08T10:29:03Z,TVC:US10Y
,,,2.12765957446808,,,0.6178287731685698,4.56,,1780914724,2026-06-08T10:32:04Z,TVC:US10Y
,,,1.9484882418812928,,,0.4413062665489756,4.552,,1780914906,2026-06-08T10:35:06Z,TVC:US10Y
,,,1.9484882418812928,,,0.4413062665489756,4.552,,1780915079,2026-06-08T10:37:59Z,TVC:US10Y
,,,2.0380739081746966,,,0.5295675198587825,4.556,,1780915259,2026-06-08T10:40:59Z,TVC:US10Y
,,,1.9484882418812928,,,0.4413062665489756,4.552,,1780915430,2026-06-08T10:43:50Z,TVC:US10Y
,,,2.0380739081746966,,,0.5295675198587825,4.556,,1780915617,2026-06-08T10:46:57Z,TVC:US10Y
,,,1.9484882418812928,,,0.4854368932038888,4.554,,1780915800,2026-06-08T10:50:00Z,TVC:US10Y
,,,2.0380739081746966,,,0.5295675198587825,4.556,,1780915985,2026-06-08T10:53:05Z,TVC:US10Y
,,,1.9484882418812928,,,0.4413062665489756,4.552,,1780916166,2026-06-08T10:56:06Z,TVC:US10Y
,,,1.9484882418812928,,,0.4413062665489756,4.552,,1780916344,2026-06-08T10:59:04Z,TVC:US10Y
,,,1.9484882418812928,,,0.4413062665489756,4.552,,1780916516,2026-06-08T11:01:56Z,TVC:US10Y
,,,2.0380739081746966,,,0.5295675198587825,4.556,,1780916702,2026-06-08T11:05:02Z,TVC:US10Y
,,,2.0380739081746966,,,0.5295675198587825,4.556,,1780916879,2026-06-08T11:07:59Z,TVC:US10Y
,,,1.9484882418812928,,,0.4413062665489756,4.552,,1780917058,2026-06-08T11:10:58Z,TVC:US10Y
,,,1.85890257558791,,,0.3530450132391883,4.548,,1780917243,2026-06-08T11:14:03Z,TVC:US10Y
,,,1.7693169092945071,,,0.2647837599293814,4.544,,1780917422,2026-06-08T11:17:02Z,TVC:US10Y
,,,1.7693169092945071,,,0.2647837599293814,4.544,,1780917597,2026-06-08T11:19:57Z,TVC:US10Y
,,,1.7693169092945071,,,0.2647837599293814,4.544,,1780917786,2026-06-08T11:23:06Z,TVC:US10Y
,,,1.7693169092945071,,,0.2647837599293814,4.544,,1780917957,2026-06-08T11:25:57Z,TVC:US10Y
,,,1.7693169092945071,,,0.2647837599293814,4.544,,1780918144,2026-06-08T11:29:04Z,TVC:US10Y
,,,1.6797312430011238,,,0.1765225066195941,4.54,,1780918322,2026-06-08T11:32:02Z,TVC:US10Y
,,,1.7245240761478156,,,0.2206531332744878,4.542,,1780918502,2026-06-08T11:35:02Z,TVC:US10Y
,,,1.6797312430011238,,,0.1765225066195941,4.54,,1780918672,2026-06-08T11:37:52Z,TVC:US10Y
,,,1.5901455767077208,,,0.0882612533097872,4.536,,1780918860,2026-06-08T11:41:00Z,TVC:US10Y
,,,1.6797312430011238,,,0.1765225066195941,4.54,,1780919033,2026-06-08T11:43:53Z,TVC:US10Y
,,,1.6349384098544322,,,0.1765225066195941,4.54,,1780919220,2026-06-08T11:47:00Z,TVC:US10Y
,,,1.6797312430011238,,,0.1765225066195941,4.54,,1780919402,2026-06-08T11:50:02Z,TVC:US10Y
,,,1.5901455767077208,,,0.0882612533097872,4.536,,1780919575,2026-06-08T11:52:55Z,TVC:US10Y
,,,1.5901455767077208,,,0.0882612533097872,4.536,,1780919763,2026-06-08T11:56:03Z,TVC:US10Y
,,,1.5901455767077208,,,0.0882612533097872,4.536,,1780919938,2026-06-08T11:58:58Z,TVC:US10Y
,,,1.5901455767077208,,,0.0882612533097872,4.536,,1780920121,2026-06-08T12:02:01Z,TVC:US10Y
,,,1.5901455767077208,,,0.0882612533097872,4.536,,1780920302,2026-06-08T12:05:02Z,TVC:US10Y
,,,1.6797312430011238,,,0.1765225066195941,4.54,,1780920479,2026-06-08T12:07:59Z,TVC:US10Y
,,,1.6797312430011238,,,0.1765225066195941,4.54,,1780920667,2026-06-08T12:11:07Z,TVC:US10Y
,,,1.6797312430011238,,,0.1765225066195941,4.54,,1780920838,2026-06-08T12:13:58Z,TVC:US10Y
,,,1.6797312430011238,,,0.1765225066195941,4.54,,1780921022,2026-06-08T12:17:02Z,TVC:US10Y
,,,1.6797312430011238,,,0.1765225066195941,4.54,,1780921198,2026-06-08T12:19:58Z,TVC:US10Y
,,,1.4109742441209343,,,-0.0882612533098068,4.528,,1780921379,2026-06-08T12:22:59Z,TVC:US10Y
,,,1.4109742441209343,,,-0.0882612533098068,4.528,,1780921559,2026-06-08T12:25:59Z,TVC:US10Y
,,,1.366181410974243,,,-0.1323918799647005,4.526,,1780921739,2026-06-08T12:28:59Z,TVC:US10Y
,,,1.4109742441209343,,,-0.0882612533098068,4.528,,1780921918,2026-06-08T12:31:58Z,TVC:US10Y
,,,1.4109742441209343,,,-0.0882612533098068,4.528,,1780922099,2026-06-08T12:34:59Z,TVC:US10Y
,,,1.4109742441209343,,,-0.0882612533098068,4.528,,1780922277,2026-06-08T12:37:57Z,TVC:US10Y
,,,1.4109742441209343,,,-0.0882612533098068,4.528,,1780922466,2026-06-08T12:41:06Z,TVC:US10Y
,,,1.4109742441209343,,,-0.0882612533098068,4.528,,1780922637,2026-06-08T12:43:57Z,TVC:US10Y
,,,1.4109742441209343,,,-0.0882612533098068,4.528,,1780924268,2026-06-08T13:11:08Z,TVC:US10Y
,,,1.4109742441209343,,,-0.0882612533098068,4.528,,1780924445,2026-06-08T13:14:05Z,TVC:US10Y
,,,1.5005599104143377,,,0.0,4.532,,1780924610,2026-06-08T13:16:50Z,TVC:US10Y
,,,1.5005599104143377,,,0.0,4.532,,1780924802,2026-06-08T13:20:02Z,TVC:US10Y
,,,1.3213885778275514,,,-0.1765225066195941,4.524,,1780924980,2026-06-08T13:23:00Z,TVC:US10Y
,,,1.3213885778275514,,,-0.1765225066195941,4.524,,1780925162,2026-06-08T13:26:02Z,TVC:US10Y
,,,1.3213885778275514,,,-0.1765225066195941,4.524,,1780925336,2026-06-08T13:28:56Z,TVC:US10Y
,,,1.2318029115341482,,,-0.264783759929401,4.52,,1780925516,2026-06-08T13:31:56Z,TVC:US10Y
,,,1.142217245240765,,,-0.3530450132391883,4.516,,1780925701,2026-06-08T13:35:01Z,TVC:US10Y
,,,1.142217245240765,,,-0.3530450132391883,4.516,,1780925879,2026-06-08T13:37:59Z,TVC:US10Y
,,,1.2318029115341482,,,-0.264783759929401,4.52,,1780926063,2026-06-08T13:41:03Z,TVC:US10Y
,,,1.3213885778275514,,,-0.1765225066195941,4.524,,1780926239,2026-06-08T13:43:59Z,TVC:US10Y
,,,1.4109742441209343,,,-0.0882612533098068,4.528,,1780926420,2026-06-08T13:47:00Z,TVC:US10Y
,,,1.4109742441209343,,,-0.0882612533098068,4.528,,1780926599,2026-06-08T13:49:59Z,TVC:US10Y
,,,1.5005599104143377,,,0.0,4.532,,1780926787,2026-06-08T13:53:07Z,TVC:US10Y
,,,1.5901455767077208,,,0.0882612533097872,4.536,,1780926955,2026-06-08T13:55:55Z,TVC:US10Y
,,,1.5453527435610293,,,0.0441306266548936,4.534,,1780927139,2026-06-08T13:58:59Z,TVC:US10Y
,,,1.5901455767077208,,,0.0441306266548936,4.534,,1780927321,2026-06-08T14:02:01Z,TVC:US10Y
,,,1.6797312430011238,,,0.1765225066195941,4.54,,1780927501,2026-06-08T14:05:01Z,TVC:US10Y
,,,1.6797312430011238,,,0.1765225066195941,4.54,,1780927679,2026-06-08T14:07:59Z,TVC:US10Y
,,,1.7693169092945071,,,0.2647837599293814,4.544,,1780927858,2026-06-08T14:10:58Z,TVC:US10Y
,,,1.7693169092945071,,,0.2647837599293814,4.544,,1780928042,2026-06-08T14:14:02Z,TVC:US10Y
,,,1.85890257558791,,,0.3530450132391883,4.548,,1780928217,2026-06-08T14:16:57Z,TVC:US10Y
,,,1.85890257558791,,,0.3530450132391883,4.548,,1780928406,2026-06-08T14:20:06Z,TVC:US10Y
,,,1.85890257558791,,,0.3530450132391883,4.548,,1780928576,2026-06-08T14:22:56Z,TVC:US10Y
,,,1.85890257558791,,,0.3530450132391883,4.548,,1780928753,2026-06-08T14:25:53Z,TVC:US10Y
,,,1.85890257558791,,,0.3530450132391883,4.548,,1780928939,2026-06-08T14:28:59Z,TVC:US10Y
,,,1.85890257558791,,,0.3530450132391883,4.548,,1780929121,2026-06-08T14:32:01Z,TVC:US10Y
,,,1.85890257558791,,,0.3530450132391883,4.548,,1780929303,2026-06-08T14:35:03Z,TVC:US10Y
,,,1.9484882418812928,,,0.4413062665489756,4.552,,1780929481,2026-06-08T14:38:01Z,TVC:US10Y
,,,1.9484882418812928,,,0.4413062665489756,4.552,,1780929666,2026-06-08T14:41:06Z,TVC:US10Y
,,,1.9036954087346016,,,0.3971756398940819,4.55,,1780929845,2026-06-08T14:44:05Z,TVC:US10Y
,,,1.9484882418812928,,,0.4413062665489756,4.552,,1780930018,2026-06-08T14:46:58Z,TVC:US10Y
,,,1.9484882418812928,,,0.4413062665489756,4.552,,1780930200,2026-06-08T14:50:00Z,TVC:US10Y
,,,1.9484882418812928,,,0.4413062665489756,4.552,,1780930382,2026-06-08T14:53:02Z,TVC:US10Y
,,,1.9484882418812928,,,0.4413062665489756,4.552,,1780930554,2026-06-08T14:55:54Z,TVC:US10Y
,,,1.85890257558791,,,0.3530450132391883,4.548,,1780930745,2026-06-08T14:59:05Z,TVC:US10Y
,,,1.8141097424412185,,,0.3089143865842946,4.546,,1780930918,2026-06-08T15:01:58Z,TVC:US10Y
,,,1.85890257558791,,,0.3530450132391883,4.548,,1780931108,2026-06-08T15:05:08Z,TVC:US10Y
,,,1.8141097424412185,,,0.3089143865842946,4.546,,1780931284,2026-06-08T15:08:04Z,TVC:US10Y
,,,1.9036954087346016,,,0.3971756398940819,4.55,,1780931460,2026-06-08T15:11:00Z,TVC:US10Y
,,,1.85890257558791,,,0.3530450132391883,4.548,,1780931642,2026-06-08T15:14:02Z,TVC:US10Y
,,,1.85890257558791,,,0.3530450132391883,4.548,,1780931815,2026-06-08T15:16:55Z,TVC:US10Y
,,,1.7245240761478156,,,0.2206531332744878,4.542,,1780932005,2026-06-08T15:20:05Z,TVC:US10Y
,,,1.7693169092945071,,,0.2647837599293814,4.544,,1780932180,2026-06-08T15:23:00Z,TVC:US10Y
,,,1.7693169092945071,,,0.2647837599293814,4.544,,1780932364,2026-06-08T15:26:04Z,TVC:US10Y
,,,1.9484882418812928,,,0.4413062665489756,4.552,,1780932536,2026-06-08T15:28:56Z,TVC:US10Y
,,,1.9484882418812928,,,0.4413062665489756,4.552,,1780932721,2026-06-08T15:32:01Z,TVC:US10Y
,,,1.9932810750280048,,,0.4854368932038888,4.554,,1780932903,2026-06-08T15:35:03Z,TVC:US10Y
,,,2.0380739081746966,,,0.5295675198587825,4.556,,1780933078,2026-06-08T15:37:58Z,TVC:US10Y
,,,2.0380739081746966,,,0.5295675198587825,4.556,,1780933259,2026-06-08T15:40:59Z,TVC:US10Y
,,,1.9932810750280048,,,0.4854368932038888,4.554,,1780933444,2026-06-08T15:44:04Z,TVC:US10Y
,,,2.082866741321388,,,0.5736981465136761,4.558,,1780933625,2026-06-08T15:47:05Z,TVC:US10Y
,,,2.0380739081746966,,,0.5295675198587825,4.556,,1780933804,2026-06-08T15:50:04Z,TVC:US10Y
,,,2.0380739081746966,,,0.5295675198587825,4.556,,1780933980,2026-06-08T15:53:00Z,TVC:US10Y
,,,2.0380739081746966,,,0.5295675198587825,4.556,,1780934159,2026-06-08T15:55:59Z,TVC:US10Y
,,,2.0380739081746966,,,0.5295675198587825,4.556,,1780934340,2026-06-08T15:59:00Z,TVC:US10Y
,,,2.0380739081746966,,,0.5295675198587825,4.556,,1780934516,2026-06-08T16:01:56Z,TVC:US10Y
,,,2.0380739081746966,,,0.5295675198587825,4.556,,1780934698,2026-06-08T16:04:58Z,TVC:US10Y
,,,2.0380739081746966,,,0.5295675198587825,4.556,,1780934881,2026-06-08T16:08:01Z,TVC:US10Y
,,,2.0380739081746966,,,0.5295675198587825,4.556,,1780935056,2026-06-08T16:10:56Z,TVC:US10Y
,,,2.0380739081746966,,,0.5295675198587825,4.556,,1780935238,2026-06-08T16:13:58Z,TVC:US10Y
,,,2.0380739081746966,,,0.5295675198587825,4.556,,1780935423,2026-06-08T16:17:03Z,TVC:US10Y
,,,2.0380739081746966,,,0.5295675198587825,4.556,,1780935598,2026-06-08T16:19:58Z,TVC:US10Y
,,,2.0380739081746966,,,0.5295675198587825,4.556,,1780935780,2026-06-08T16:23:00Z,TVC:US10Y
,,,2.0380739081746966,,,0.5295675198587825,4.556,,1780935959,2026-06-08T16:25:59Z,TVC:US10Y
,,,2.0380739081746966,,,0.5295675198587825,4.556,,1780936137,2026-06-08T16:28:57Z,TVC:US10Y
,,,2.0380739081746966,,,0.5295675198587825,4.556,,1780936317,2026-06-08T16:31:57Z,TVC:US10Y
,,,2.0380739081746966,,,0.5295675198587825,4.556,,1780936505,2026-06-08T16:35:05Z,TVC:US10Y
,,,2.0380739081746966,,,0.5295675198587825,4.556,,1780936680,2026-06-08T16:38:00Z,TVC:US10Y
,,,2.0380739081746966,,,0.5295675198587825,4.556,,1780936862,2026-06-08T16:41:02Z,TVC:US10Y
,,,1.9932810750280048,,,0.4854368932038888,4.554,,1780937038,2026-06-08T16:43:58Z,TVC:US10Y
,,,1.9932810750280048,,,0.4854368932038888,4.554,,1780937223,2026-06-08T16:47:03Z,TVC:US10Y
,,,1.9932810750280048,,,0.4854368932038888,4.554,,1780937402,2026-06-08T16:50:02Z,TVC:US10Y
,,,2.0380739081746966,,,0.5295675198587825,4.556,,1780937576,2026-06-08T16:52:56Z,TVC:US10Y
,,,1.9484882418812928,,,0.4413062665489756,4.552,,1780937759,2026-06-08T16:55:59Z,TVC:US10Y
,,,2.0380739081746966,,,0.5295675198587825,4.556,,1780937940,2026-06-08T16:59:00Z,TVC:US10Y
,,,2.0380739081746966,,,0.5295675198587825,4.556,,1780938116,2026-06-08T17:01:56Z,TVC:US10Y
,,,1.9932810750280048,,,0.4854368932038888,4.554,,1780938298,2026-06-08T17:04:58Z,TVC:US10Y
,,,2.0380739081746966,,,0.5295675198587825,4.556,,1780938483,2026-06-08T17:08:03Z,TVC:US10Y
,,,1.9932810750280048,,,0.4854368932038888,4.554,,1780938657,2026-06-08T17:10:57Z,TVC:US10Y
,,,1.9484882418812928,,,0.4413062665489756,4.552,,1780938839,2026-06-08T17:13:59Z,TVC:US10Y
,,,2.0380739081746966,,,0.5295675198587825,4.556,,1780939025,2026-06-08T17:17:05Z,TVC:US10Y
,,,2.0380739081746966,,,0.5295675198587825,4.556,,1780939195,2026-06-08T17:19:55Z,TVC:US10Y
,,,1.9484882418812928,,,0.4413062665489756,4.552,,1780939379,2026-06-08T17:22:59Z,TVC:US10Y
,,,1.9484882418812928,,,0.4413062665489756,4.552,,1780939555,2026-06-08T17:25:55Z,TVC:US10Y
,,,2.0380739081746966,,,0.5295675198587825,4.556,,1780939741,2026-06-08T17:29:01Z,TVC:US10Y
,,,1.9484882418812928,,,0.4413062665489756,4.552,,1780939915,2026-06-08T17:31:55Z,TVC:US10Y
,,,2.0380739081746966,,,0.5295675198587825,4.556,,1780940096,2026-06-08T17:34:56Z,TVC:US10Y
,,,2.0380739081746966,,,0.5295675198587825,4.556,,1780940280,2026-06-08T17:38:00Z,TVC:US10Y
,,,1.9484882418812928,,,0.4413062665489756,4.552,,1780940470,2026-06-08T17:41:10Z,TVC:US10Y
,,,1.9484882418812928,,,0.4413062665489756,4.552,,1780940637,2026-06-08T17:43:57Z,TVC:US10Y
,,,1.85890257558791,,,0.3530450132391883,4.548,,1780940819,2026-06-08T17:46:59Z,TVC:US10Y
,,,1.85890257558791,,,0.3530450132391883,4.548,,1780940995,2026-06-08T17:49:55Z,TVC:US10Y
,,,1.9036954087346016,,,0.3971756398940819,4.55,,1780941177,2026-06-08T17:52:57Z,TVC:US10Y
,,,1.9036954087346016,,,0.3971756398940819,4.55,,1780941358,2026-06-08T17:55:58Z,TVC:US10Y
,,,1.85890257558791,,,0.3530450132391883,4.548,,1780941538,2026-06-08T17:58:58Z,TVC:US10Y
,,,1.85890257558791,,,0.3530450132391883,4.548,,1780941716,2026-06-08T18:01:56Z,TVC:US10Y
,,,1.85890257558791,,,0.3530450132391883,4.548,,1780941900,2026-06-08T18:05:00Z,TVC:US10Y
,,,1.8141097424412185,,,0.3089143865842946,4.546,,1780942081,2026-06-08T18:08:01Z,TVC:US10Y
,,,1.85890257558791,,,0.3530450132391883,4.548,,1780942263,2026-06-08T18:11:03Z,TVC:US10Y
,,,1.85890257558791,,,0.3530450132391883,4.548,,1780942440,2026-06-08T18:14:00Z,TVC:US10Y
,,,1.85890257558791,,,0.3530450132391883,4.548,,1780942619,2026-06-08T18:16:59Z,TVC:US10Y
,,,1.8141097424412185,,,0.3089143865842946,4.546,,1780942799,2026-06-08T18:19:59Z,TVC:US10Y
,,,1.7693169092945071,,,0.2647837599293814,4.544,,1780942974,2026-06-08T18:22:54Z,TVC:US10Y
,,,1.7693169092945071,,,0.2647837599293814,4.544,,1780943167,2026-06-08T18:26:07Z,TVC:US10Y
,,,1.7693169092945071,,,0.2647837599293814,4.544,,1780943341,2026-06-08T18:29:01Z,TVC:US10Y
,,,1.7693169092945071,,,0.2647837599293814,4.544,,1780943525,2026-06-08T18:32:05Z,TVC:US10Y
,,,1.7693169092945071,,,0.2647837599293814,4.544,,1780943700,2026-06-08T18:35:00Z,TVC:US10Y
,,,1.7693169092945071,,,0.2647837599293814,4.544,,1780943874,2026-06-08T18:37:54Z,TVC:US10Y
,,,1.7693169092945071,,,0.2647837599293814,4.544,,1780944060,2026-06-08T18:41:00Z,TVC:US10Y
,,,1.7693169092945071,,,0.2647837599293814,4.544,,1780944245,2026-06-08T18:44:05Z,TVC:US10Y
,,,1.8141097424412185,,,0.3089143865842946,4.546,,1780944417,2026-06-08T18:46:57Z,TVC:US10Y
,,,1.8141097424412185,,,0.3089143865842946,4.546,,1780944603,2026-06-08T18:50:03Z,TVC:US10Y
,,,1.8141097424412185,,,0.3089143865842946,4.546,,1780944781,2026-06-08T18:53:01Z,TVC:US10Y
,,,1.8141097424412185,,,0.3089143865842946,4.546,,1780944962,2026-06-08T18:56:02Z,TVC:US10Y
,,,1.85890257558791,,,0.3530450132391883,4.548,,1780945134,2026-06-08T18:58:54Z,TVC:US10Y
,,,1.9036954087346016,,,0.3971756398940819,4.55,,1780945322,2026-06-08T19:02:02Z,TVC:US10Y
,,,1.9484882418812928,,,0.4413062665489756,4.552,,1780945502,2026-06-08T19:05:02Z,TVC:US10Y
,,,1.9484882418812928,,,0.4413062665489756,4.552,,1780945682,2026-06-08T19:08:02Z,TVC:US10Y
,,,1.9484882418812928,,,0.4413062665489756,4.552,,1780945864,2026-06-08T19:11:04Z,TVC:US10Y
,,,1.85890257558791,,,0.3530450132391883,4.548,,1780946042,2026-06-08T19:14:02Z,TVC:US10Y
,,,1.9484882418812928,,,0.4413062665489756,4.552,,1780946215,2026-06-08T19:16:55Z,TVC:US10Y
,,,1.9484882418812928,,,0.4413062665489756,4.552,,1780946401,2026-06-08T19:20:01Z,TVC:US10Y
,,,1.9484882418812928,,,0.4413062665489756,4.552,,1780946582,2026-06-08T19:23:02Z,TVC:US10Y
,,,1.9484882418812928,,,0.4413062665489756,4.552,,1780946761,2026-06-08T19:26:01Z,TVC:US10Y
,,,2.0380739081746966,,,0.5295675198587825,4.556,,1780946942,2026-06-08T19:29:02Z,TVC:US10Y
,,,2.0380739081746966,,,0.5295675198587825,4.556,,1780947122,2026-06-08T19:32:02Z,TVC:US10Y
,,,2.0380739081746966,,,0.5295675198587825,4.556,,1780947301,2026-06-08T19:35:01Z,TVC:US10Y
,,,2.0380739081746966,,,0.5295675198587825,4.556,,1780947480,2026-06-08T19:38:00Z,TVC:US10Y
,,,2.12765957446808,,,0.6178287731685698,4.56,,1780947658,2026-06-08T19:40:58Z,TVC:US10Y
,,,2.12765957446808,,,0.6178287731685698,4.56,,1780947843,2026-06-08T19:44:03Z,TVC:US10Y
,,,2.0380739081746966,,,0.5295675198587825,4.556,,1780948022,2026-06-08T19:47:02Z,TVC:US10Y
,,,2.12765957446808,,,0.6178287731685698,4.56,,1780948198,2026-06-08T19:49:58Z,TVC:US10Y
,,,2.12765957446808,,,0.6178287731685698,4.56,,1780948384,2026-06-08T19:53:04Z,TVC:US10Y
,,,2.12765957446808,,,0.6178287731685698,4.56,,1780948557,2026-06-08T19:55:57Z,TVC:US10Y
,,,2.217245240761483,,,0.7060900264783766,4.564,,1780948744,2026-06-08T19:59:04Z,TVC:US10Y
,,,2.217245240761483,,,0.7060900264783766,4.564,,1780948910,2026-06-08T20:01:50Z,TVC:US10Y
,,,2.217245240761483,,,0.7060900264783766,4.564,,1780949096,2026-06-08T20:04:56Z,TVC:US10Y
,,,2.2620380739081742,,,0.7502206531332702,4.566,,1780949278,2026-06-08T20:07:58Z,TVC:US10Y
,,,2.306830907054866,,,0.7943512797881639,4.568,,1780949462,2026-06-08T20:11:02Z,TVC:US10Y
,,,2.306830907054866,,,0.7943512797881639,4.568,,1780949646,2026-06-08T20:14:06Z,TVC:US10Y
,,,2.2620380739081742,,,0.7502206531332702,4.566,,1780949820,2026-06-08T20:17:00Z,TVC:US10Y
,,,2.217245240761483,,,0.7060900264783766,4.564,,1780950005,2026-06-08T20:20:05Z,TVC:US10Y
,,,2.306830907054866,,,0.7943512797881639,4.568,,1780950180,2026-06-08T20:23:00Z,TVC:US10Y
,,,2.306830907054866,,,0.7943512797881639,4.568,,1780950358,2026-06-08T20:25:58Z,TVC:US10Y
,,,2.306830907054866,,,0.7943512797881639,4.568,,1780950533,2026-06-08T20:28:53Z,TVC:US10Y
,,,2.2620380739081742,,,0.7502206531332702,4.566,,1780950723,2026-06-08T20:32:03Z,TVC:US10Y
,,,2.217245240761483,,,0.7060900264783766,4.564,,1780950889,2026-06-08T20:34:49Z,TVC:US10Y
,,,2.306830907054866,,,0.7943512797881639,4.568,,1780951084,2026-06-08T20:38:04Z,TVC:US10Y
,,,2.217245240761483,,,0.7060900264783766,4.564,,1780951258,2026-06-08T20:40:58Z,TVC:US10Y
,,,2.306830907054866,,,0.7943512797881639,4.568,,1780951444,2026-06-08T20:44:04Z,TVC:US10Y
,,,2.306830907054866,,,0.7943512797881639,4.568,,1780951617,2026-06-08T20:46:57Z,TVC:US10Y
,,,2.306830907054866,,,0.7943512797881639,4.568,,1780951800,2026-06-08T20:50:00Z,TVC:US10Y
,,,2.217245240761483,,,0.7060900264783766,4.564,,1780951975,2026-06-08T20:52:55Z,TVC:US10Y
,,,2.217245240761483,,,0.7060900264783766,4.564,,1780952165,2026-06-08T20:56:05Z,TVC:US10Y
,,,2.217245240761483,,,0.7060900264783766,4.564,,1780952339,2026-06-08T20:58:59Z,TVC:US10Y
,,,2.217245240761483,,,0.7060900264783766,4.564,,1780952523,2026-06-08T21:02:03Z,TVC:US10Y
,,,2.2620380739081742,,,0.7502206531332702,4.566,,1780952695,2026-06-08T21:04:55Z,TVC:US10Y
,,,2.306830907054866,,,0.7943512797881639,4.568,,1780952886,2026-06-08T21:08:06Z,TVC:US10Y
,,,2.306830907054866,,,0.7943512797881639,4.568,,1780953056,2026-06-08T21:10:56Z,TVC:US10Y
,,,2.306830907054866,,,0.7943512797881639,4.568,,1780953241,2026-06-08T21:14:01Z,TVC:US10Y
,,,2.306830907054866,,,0.7943512797881639,4.568,,1780953420,2026-06-08T21:17:00Z,TVC:US10Y
,,,2.306830907054866,,,0.7943512797881639,4.568,,1780953602,2026-06-08T21:20:02Z,TVC:US10Y
,,,2.306830907054866,,,0.7943512797881639,4.568,,1780953784,2026-06-08T21:23:04Z,TVC:US10Y
,,,2.306830907054866,,,0.7943512797881639,4.568,,1780953952,2026-06-08T21:25:52Z,TVC:US10Y
,,,2.306830907054866,,,0.7943512797881639,4.568,,1780954143,2026-06-08T21:29:03Z,TVC:US10Y
,,,2.306830907054866,,,0.7943512797881639,4.568,,1780954322,2026-06-08T21:32:02Z,TVC:US10Y
,,,2.306830907054866,,,0.7943512797881639,4.568,,1780954500,2026-06-08T21:35:00Z,TVC:US10Y
,,,2.306830907054866,,,0.7943512797881639,4.568,,1780954687,2026-06-08T21:38:07Z,TVC:US10Y
,,,2.306830907054866,,,0.7943512797881639,4.568,,1780954864,2026-06-08T21:41:04Z,TVC:US10Y
,,,2.306830907054866,,,0.7943512797881639,4.568,,1780955043,2026-06-08T21:44:03Z,TVC:US10Y
,,,2.306830907054866,,,0.7943512797881639,4.568,,1780955213,2026-06-08T21:46:53Z,TVC:US10Y
,,,2.306830907054866,,,0.7943512797881639,4.568,,1780955397,2026-06-08T21:49:57Z,TVC:US10Y
,,,2.306830907054866,,,0.7943512797881639,4.568,,1780955578,2026-06-08T21:52:58Z,TVC:US10Y
,,,2.306830907054866,,,0.7943512797881639,4.568,,1780955760,2026-06-08T21:56:00Z,TVC:US10Y
,,,2.306830907054866,,,0.7943512797881639,4.568,,1780955941,2026-06-08T21:59:01Z,TVC:US10Y
,,,2.306830907054866,,,0.7943512797881639,4.568,,1780956118,2026-06-08T22:01:58Z,TVC:US10Y
,,,2.306830907054866,,,0.7943512797881639,4.568,,1780956296,2026-06-08T22:04:56Z,TVC:US10Y
,,,2.306830907054866,,,0.7943512797881639,4.568,,1780956478,2026-06-08T22:07:58Z,TVC:US10Y
,,,2.306830907054866,,,0.7943512797881639,4.568,,1780956664,2026-06-08T22:11:04Z,TVC:US10Y
,,,2.306830907054866,,,0.7943512797881639,4.568,,1780956846,2026-06-08T22:14:06Z,TVC:US10Y
,,,2.306830907054866,,,0.7943512797881639,4.568,,1780957021,2026-06-08T22:17:01Z,TVC:US10Y
,,,2.306830907054866,,,0.7943512797881639,4.568,,1780957200,2026-06-08T22:20:00Z,TVC:US10Y
,,,2.306830907054866,,,0.7943512797881639,4.568,,1780957379,2026-06-08T22:22:59Z,TVC:US10Y
,,,2.306830907054866,,,0.7943512797881639,4.568,,1780957560,2026-06-08T22:26:00Z,TVC:US10Y
,,,2.306830907054866,,,0.7943512797881639,4.568,,1780957740,2026-06-08T22:29:00Z,TVC:US10Y
,,,2.306830907054866,,,0.7943512797881639,4.568,,1780957922,2026-06-08T22:32:02Z,TVC:US10Y
,,,2.306830907054866,,,0.7943512797881639,4.568,,1780958103,2026-06-08T22:35:03Z,TVC:US10Y
,,,2.306830907054866,,,0.7943512797881639,4.568,,1780958271,2026-06-08T22:37:51Z,TVC:US10Y
,,,2.306830907054866,,,0.7943512797881639,4.568,,1780958461,2026-06-08T22:41:01Z,TVC:US10Y
,,,2.306830907054866,,,0.7943512797881639,4.568,,1780958637,2026-06-08T22:43:57Z,TVC:US10Y
,,,2.306830907054866,,,0.7943512797881639,4.568,,1780958819,2026-06-08T22:46:59Z,TVC:US10Y
,,,2.306830907054866,,,0.7943512797881639,4.568,,1780959001,2026-06-08T22:50:01Z,TVC:US10Y
,,,2.306830907054866,,,0.7943512797881639,4.568,,1780959183,2026-06-08T22:53:03Z,TVC:US10Y
,,,2.306830907054866,,,0.7943512797881639,4.568,,1780959360,2026-06-08T22:56:00Z,TVC:US10Y
,,,2.306830907054866,,,0.7943512797881639,4.568,,1780959546,2026-06-08T22:59:06Z,TVC:US10Y
,,,2.306830907054866,,,0.7943512797881639,4.568,,1780959729,2026-06-08T23:02:09Z,TVC:US10Y
,,,2.306830907054866,,,0.7943512797881639,4.568,,1780959905,2026-06-08T23:05:05Z,TVC:US10Y
,,,2.306830907054866,,,0.7943512797881639,4.568,,1780960079,2026-06-08T23:07:59Z,TVC:US10Y
,,,2.306830907054866,,,0.7943512797881639,4.568,,1780960261,2026-06-08T23:11:01Z,TVC:US10Y
,,,2.306830907054866,,,0.7943512797881639,4.568,,1780960432,2026-06-08T23:13:52Z,TVC:US10Y
,,,2.306830907054866,,,0.7943512797881639,4.568,,1780960623,2026-06-08T23:17:03Z,TVC:US10Y
,,,2.306830907054866,,,0.7943512797881639,4.568,,1780960801,2026-06-08T23:20:01Z,TVC:US10Y
,,,2.306830907054866,,,0.7943512797881639,4.568,,1780960979,2026-06-08T23:22:59Z,TVC:US10Y
,,,2.306830907054866,,,0.7943512797881639,4.568,,1780961165,2026-06-08T23:26:05Z,TVC:US10Y
,,,2.306830907054866,,,0.7943512797881639,4.568,,1780961343,2026-06-08T23:29:03Z,TVC:US10Y
,,,2.306830907054866,,,0.7943512797881639,4.568,,1780961520,2026-06-08T23:32:00Z,TVC:US10Y
,,,2.306830907054866,,,0.7943512797881639,4.568,,1780961706,2026-06-08T23:35:06Z,TVC:US10Y
,,,2.306830907054866,,,0.7943512797881639,4.568,,1780961876,2026-06-08T23:37:56Z,TVC:US10Y
,,,2.306830907054866,,,0.7943512797881639,4.568,,1780962058,2026-06-08T23:40:58Z,TVC:US10Y
,,,2.306830907054866,,,0.7943512797881639,4.568,,1780962237,2026-06-08T23:43:57Z,TVC:US10Y
,,,2.306830907054866,,,0.7943512797881639,4.568,,1780962419,2026-06-08T23:46:59Z,TVC:US10Y
,,,2.306830907054866,,,0.7943512797881639,4.568,,1780962600,2026-06-08T23:50:00Z,TVC:US10Y
,,,2.306830907054866,,,0.7943512797881639,4.568,,1780962779,2026-06-08T23:52:59Z,TVC:US10Y
,,,2.306830907054866,,,0.7943512797881639,4.568,,1780962956,2026-06-08T23:55:56Z,TVC:US10Y
,,,2.306830907054866,,,0.7943512797881639,4.568,,1780963140,2026-06-08T23:59:00Z,TVC:US10Y
,,,2.306830907054866,,,0.7943512797881639,4.568,,1780963324,2026-06-09T00:02:04Z,TVC:US10Y
,,,2.306830907054866,,,0.7943512797881639,4.568,,1780963503,2026-06-09T00:05:03Z,TVC:US10Y
,,,2.306830907054866,,,0.7943512797881639,4.568,,1780963682,2026-06-09T00:08:02Z,TVC:US10Y
,,,2.492701549517174,,,-0.0875656742556821,4.564,,1780963865,2026-06-09T00:11:05Z,TVC:US10Y
,,,2.492701549517174,,,-0.0875656742556821,4.564,,1780964037,2026-06-09T00:13:57Z,TVC:US10Y
,,,2.492701549517174,,,-0.0875656742556821,4.564,,1780964224,2026-06-09T00:17:04Z,TVC:US10Y
,,,2.582528632382648,,,0.0,4.568,,1780964404,2026-06-09T00:20:04Z,TVC:US10Y
,,,2.582528632382648,,,0.0,4.568,,1780964583,2026-06-09T00:23:03Z,TVC:US10Y
,,,2.582528632382648,,,0.0,4.568,,1780964760,2026-06-09T00:26:00Z,TVC:US10Y
,,,2.627442173815405,,,0.0437828371278605,4.57,,1780964937,2026-06-09T00:28:57Z,TVC:US10Y
,,,2.627442173815405,,,0.0437828371278605,4.57,,1780965119,2026-06-09T00:31:59Z,TVC:US10Y
,,,2.762182798113616,,,0.1751313485113837,4.576,,1780965303,2026-06-09T00:35:03Z,TVC:US10Y
,,,2.717269256680879,,,0.1313485113835426,4.574,,1780965482,2026-06-09T00:38:02Z,TVC:US10Y
,,,2.672355715248142,,,0.0875656742557015,4.572,,1780965665,2026-06-09T00:41:05Z,TVC:US10Y
,,,2.672355715248142,,,0.0875656742557015,4.572,,1780965833,2026-06-09T00:43:53Z,TVC:US10Y
,,,2.672355715248142,,,0.0875656742557015,4.572,,1780966019,2026-06-09T00:46:59Z,TVC:US10Y
,,,2.672355715248142,,,0.0875656742557015,4.572,,1780966198,2026-06-09T00:49:58Z,TVC:US10Y
,,,2.717269256680879,,,0.1313485113835426,4.574,,1780966376,2026-06-09T00:52:56Z,TVC:US10Y
,,,2.762182798113616,,,0.1751313485113837,4.576,,1780966558,2026-06-09T00:55:58Z,TVC:US10Y
,,,2.762182798113616,,,0.1751313485113837,4.576,,1780966740,2026-06-09T00:59:00Z,TVC:US10Y
,,,2.672355715248142,,,0.0875656742557015,4.572,,1780966918,2026-06-09T01:01:58Z,TVC:US10Y
,,,2.672355715248142,,,0.0875656742557015,4.572,,1780967099,2026-06-09T01:04:59Z,TVC:US10Y
,,,2.762182798113616,,,0.1751313485113837,4.576,,1780967284,2026-06-09T01:08:04Z,TVC:US10Y
,,,2.762182798113616,,,0.1751313485113837,4.576,,1780967460,2026-06-09T01:11:00Z,TVC:US10Y
,,,2.762182798113616,,,0.1751313485113837,4.576,,1780967647,2026-06-09T01:14:07Z,TVC:US10Y
,,,2.762182798113616,,,0.1751313485113837,4.576,,1780967819,2026-06-09T01:16:59Z,TVC:US10Y
,,,2.762182798113616,,,0.1751313485113837,4.576,,1780968000,2026-06-09T01:20:00Z,TVC:US10Y
,,,2.717269256680879,,,0.1313485113835426,4.574,,1780968180,2026-06-09T01:23:00Z,TVC:US10Y
,,,2.672355715248142,,,0.0875656742557015,4.572,,1780968358,2026-06-09T01:25:58Z,TVC:US10Y
,,,2.672355715248142,,,0.0875656742557015,4.572,,1780968539,2026-06-09T01:28:59Z,TVC:US10Y
,,,2.672355715248142,,,0.0437828371278605,4.57,,1780968725,2026-06-09T01:32:05Z,TVC:US10Y
,,,2.672355715248142,,,0.0875656742557015,4.572,,1780968896,2026-06-09T01:34:56Z,TVC:US10Y
,,,2.627442173815405,,,0.0437828371278605,4.57,,1780969089,2026-06-09T01:38:09Z,TVC:US10Y
,,,2.627442173815405,,,0.0437828371278605,4.57,,1780969267,2026-06-09T01:41:07Z,TVC:US10Y
,,,2.627442173815405,,,0.0437828371278605,4.57,,1780969441,2026-06-09T01:44:01Z,TVC:US10Y
,,,2.582528632382648,,,0.0,4.568,,1780969613,2026-06-09T01:46:53Z,TVC:US10Y
,,,2.582528632382648,,,0.0,4.568,,1780969798,2026-06-09T01:49:58Z,TVC:US10Y
,,,2.672355715248142,,,0.0875656742557015,4.572,,1780969975,2026-06-09T01:52:55Z,TVC:US10Y
,,,2.672355715248142,,,0.0875656742557015,4.572,,1780970168,2026-06-09T01:56:08Z,TVC:US10Y
,,,2.627442173815405,,,0.0437828371278605,4.57,,1780970342,2026-06-09T01:59:02Z,TVC:US10Y
,,,2.672355715248142,,,0.0875656742557015,4.572,,1780970525,2026-06-09T02:02:05Z,TVC:US10Y
,,,2.672355715248142,,,0.0875656742557015,4.572,,1780970701,2026-06-09T02:05:01Z,TVC:US10Y
,,,2.672355715248142,,,0.0875656742557015,4.572,,1780970875,2026-06-09T02:07:55Z,TVC:US10Y
,,,2.582528632382648,,,0.0,4.568,,1780971061,2026-06-09T02:11:01Z,TVC:US10Y
,,,2.582528632382648,,,0.0,4.568,,1780971230,2026-06-09T02:13:50Z,TVC:US10Y
,,,2.582528632382648,,,0.0,4.568,,1780971418,2026-06-09T02:16:58Z,TVC:US10Y
,,,2.582528632382648,,,0.0,4.568,,1780971605,2026-06-09T02:20:05Z,TVC:US10Y
,,,2.582528632382648,,,0.0,4.568,,1780971785,2026-06-09T02:23:05Z,TVC:US10Y
,,,2.582528632382648,,,0.0,4.568,,1780971962,2026-06-09T02:26:02Z,TVC:US10Y
,,,2.582528632382648,,,0.0,4.568,,1780972136,2026-06-09T02:28:56Z,TVC:US10Y
,,,2.582528632382648,,,0.0,4.568,,1780972321,2026-06-09T02:32:01Z,TVC:US10Y
,,,2.582528632382648,,,0.0,4.568,,1780972501,2026-06-09T02:35:01Z,TVC:US10Y
,,,2.492701549517174,,,-0.0875656742556821,4.564,,1780972684,2026-06-09T02:38:04Z,TVC:US10Y
,,,2.492701549517174,,,-0.0875656742556821,4.564,,1780972859,2026-06-09T02:40:59Z,TVC:US10Y
,,,2.492701549517174,,,-0.0875656742556821,4.564,,1780973042,2026-06-09T02:44:02Z,TVC:US10Y
,,,2.537615090949911,,,-0.043782837127841,4.566,,1780973221,2026-06-09T02:47:01Z,TVC:US10Y
,,,2.537615090949911,,,-0.043782837127841,4.566,,1780973399,2026-06-09T02:49:59Z,TVC:US10Y
,,,2.537615090949911,,,-0.043782837127841,4.566,,1780973572,2026-06-09T02:52:52Z,TVC:US10Y
,,,2.537615090949911,,,-0.043782837127841,4.566,,1780973760,2026-06-09T02:56:00Z,TVC:US10Y
,,,2.492701549517174,,,-0.0875656742556821,4.564,,1780973940,2026-06-09T02:59:00Z,TVC:US10Y
,,,2.492701549517174,,,-0.0875656742556821,4.564,,1780974123,2026-06-09T03:02:03Z,TVC:US10Y
,,,2.537615090949911,,,-0.043782837127841,4.566,,1780974298,2026-06-09T03:04:58Z,TVC:US10Y
,,,2.492701549517174,,,-0.0875656742556821,4.564,,1780974482,2026-06-09T03:08:02Z,TVC:US10Y
,,,2.40287446665168,,,-0.1751313485113837,4.56,,1780974664,2026-06-09T03:11:04Z,TVC:US10Y
,,,2.40287446665168,,,-0.1751313485113837,4.56,,1780974834,2026-06-09T03:13:54Z,TVC:US10Y
,,,2.40287446665168,,,-0.1751313485113837,4.56,,1780975022,2026-06-09T03:17:02Z,TVC:US10Y
,,,2.40287446665168,,,-0.1751313485113837,4.56,,1780975197,2026-06-09T03:19:57Z,TVC:US10Y
,,,2.447788008084437,,,-0.1313485113835232,4.562,,1780975381,2026-06-09T03:23:01Z,TVC:US10Y
,,,2.40287446665168,,,-0.1751313485113837,4.56,,1780975561,2026-06-09T03:26:01Z,TVC:US10Y
,,,2.40287446665168,,,-0.1751313485113837,4.56,,1780975746,2026-06-09T03:29:06Z,TVC:US10Y
,,,2.40287446665168,,,-0.1751313485113837,4.56,,1780975919,2026-06-09T03:31:59Z,TVC:US10Y
,,,2.40287446665168,,,-0.1751313485113837,4.56,,1780976097,2026-06-09T03:34:57Z,TVC:US10Y
,,,2.40287446665168,,,-0.1751313485113837,4.56,,1780976276,2026-06-09T03:37:56Z,TVC:US10Y
,,,2.357960925218943,,,-0.2189141856392248,4.558,,1780976461,2026-06-09T03:41:01Z,TVC:US10Y
,,,2.313047383786206,,,-0.2626970227670658,4.556,,1780976640,2026-06-09T03:44:00Z,TVC:US10Y
,,,2.313047383786206,,,-0.2626970227670658,4.556,,1780976826,2026-06-09T03:47:06Z,TVC:US10Y
,,,2.313047383786206,,,-0.2626970227670658,4.556,,1780976998,2026-06-09T03:49:58Z,TVC:US10Y
,,,2.357960925218943,,,-0.2189141856392248,4.558,,1780977184,2026-06-09T03:53:04Z,TVC:US10Y
,,,2.313047383786206,,,-0.2626970227670658,4.556,,1780977363,2026-06-09T03:56:03Z,TVC:US10Y
,,,2.313047383786206,,,-0.2626970227670658,4.556,,1780977545,2026-06-09T03:59:05Z,TVC:US10Y
,,,2.313047383786206,,,-0.2626970227670658,4.556,,1780977725,2026-06-09T04:02:05Z,TVC:US10Y
,,,2.313047383786206,,,-0.2626970227670658,4.556,,1780977902,2026-06-09T04:05:02Z,TVC:US10Y
,,,2.357960925218943,,,-0.2189141856392248,4.558,,1780978082,2026-06-09T04:08:02Z,TVC:US10Y
,,,2.357960925218943,,,-0.2189141856392248,4.558,,1780978257,2026-06-09T04:10:57Z,TVC:US10Y
,,,2.357960925218943,,,-0.2189141856392248,4.558,,1780978443,2026-06-09T04:14:03Z,TVC:US10Y
,,,2.357960925218943,,,-0.2189141856392248,4.558,,1780978621,2026-06-09T04:17:01Z,TVC:US10Y
,,,2.357960925218943,,,-0.2189141856392248,4.558,,1780978801,2026-06-09T04:20:01Z,TVC:US10Y
,,,2.40287446665168,,,-0.1751313485113837,4.56,,1780978982,2026-06-09T04:23:02Z,TVC:US10Y
,,,2.40287446665168,,,-0.1751313485113837,4.56,,1780979163,2026-06-09T04:26:03Z,TVC:US10Y
,,,2.357960925218943,,,-0.2189141856392248,4.558,,1780979345,2026-06-09T04:29:05Z,TVC:US10Y
,,,2.40287446665168,,,-0.1751313485113837,4.56,,1780979520,2026-06-09T04:32:00Z,TVC:US10Y
,,,2.40287446665168,,,-0.1751313485113837,4.56,,1780979702,2026-06-09T04:35:02Z,TVC:US10Y
,,,2.357960925218943,,,-0.2189141856392248,4.558,,1780979878,2026-06-09T04:37:58Z,TVC:US10Y
,,,2.313047383786206,,,-0.2626970227670658,4.556,,1780980066,2026-06-09T04:41:06Z,TVC:US10Y
,,,2.357960925218943,,,-0.2189141856392248,4.558,,1780980241,2026-06-09T04:44:01Z,TVC:US10Y
,,,2.357960925218943,,,-0.2189141856392248,4.558,,1780980419,2026-06-09T04:46:59Z,TVC:US10Y
,,,2.357960925218943,,,-0.2189141856392248,4.558,,1780980609,2026-06-09T04:50:09Z,TVC:US10Y
,,,2.357960925218943,,,-0.2189141856392248,4.558,,1780980773,2026-06-09T04:52:53Z,TVC:US10Y
,,,2.357960925218943,,,-0.2189141856392248,4.558,,1780980960,2026-06-09T04:56:00Z,TVC:US10Y
,,,2.357960925218943,,,-0.2189141856392248,4.558,,1780981134,2026-06-09T04:58:54Z,TVC:US10Y
,,,2.40287446665168,,,-0.1751313485113837,4.56,,1780981323,2026-06-09T05:02:03Z,TVC:US10Y
,,,2.40287446665168,,,-0.1751313485113837,4.56,,1780981502,2026-06-09T05:05:02Z,TVC:US10Y
,,,2.313047383786206,,,-0.2626970227670658,4.556,,1780981679,2026-06-09T05:07:59Z,TVC:US10Y
,,,2.357960925218943,,,-0.2626970227670658,4.556,,1780981854,2026-06-09T05:10:54Z,TVC:US10Y
,,,2.313047383786206,,,-0.2626970227670658,4.556,,1780982042,2026-06-09T05:14:02Z,TVC:US10Y
,,,2.313047383786206,,,-0.2626970227670658,4.556,,1780982215,2026-06-09T05:16:55Z,TVC:US10Y
,,,2.313047383786206,,,-0.2626970227670658,4.556,,1780982401,2026-06-09T05:20:01Z,TVC:US10Y
,,,2.313047383786206,,,-0.2626970227670658,4.556,,1780982586,2026-06-09T05:23:06Z,TVC:US10Y
,,,2.313047383786206,,,-0.2626970227670658,4.556,,1780982762,2026-06-09T05:26:02Z,TVC:US10Y
,,,2.313047383786206,,,-0.2626970227670658,4.556,,1780982941,2026-06-09T05:29:01Z,TVC:US10Y
,,,2.313047383786206,,,-0.2626970227670658,4.556,,1780983125,2026-06-09T05:32:05Z,TVC:US10Y
,,,2.223220300920712,,,-0.3502626970227674,4.552,,1780983300,2026-06-09T05:35:00Z,TVC:US10Y
,,,2.268133842353469,,,-0.3064798598949069,4.554,,1780983483,2026-06-09T05:38:03Z,TVC:US10Y
,,,2.223220300920712,,,-0.3502626970227674,4.552,,1780983659,2026-06-09T05:40:59Z,TVC:US10Y
,,,2.223220300920712,,,-0.3502626970227674,4.552,,1780983840,2026-06-09T05:44:00Z,TVC:US10Y
,,,2.223220300920712,,,-0.3502626970227674,4.552,,1780984018,2026-06-09T05:46:58Z,TVC:US10Y
,,,2.223220300920712,,,-0.3502626970227674,4.552,,1780984199,2026-06-09T05:49:59Z,TVC:US10Y
,,,2.223220300920712,,,-0.3502626970227674,4.552,,1780984379,2026-06-09T05:52:59Z,TVC:US10Y
,,,2.223220300920712,,,-0.3502626970227674,4.552,,1780984557,2026-06-09T05:55:57Z,TVC:US10Y
,,,2.223220300920712,,,-0.3502626970227674,4.552,,1780984748,2026-06-09T05:59:08Z,TVC:US10Y
,,,2.223220300920712,,,-0.3502626970227674,4.552,,1780984921,2026-06-09T06:02:01Z,TVC:US10Y
,,,2.223220300920712,,,-0.3502626970227674,4.552,,1780985097,2026-06-09T06:04:57Z,TVC:US10Y
,,,2.223220300920712,,,-0.3502626970227674,4.552,,1780985283,2026-06-09T06:08:03Z,TVC:US10Y
,,,2.223220300920712,,,-0.3502626970227674,4.552,,1780985463,2026-06-09T06:11:03Z,TVC:US10Y
,,,2.223220300920712,,,-0.3502626970227674,4.552,,1780985638,2026-06-09T06:13:58Z,TVC:US10Y
,,,2.223220300920712,,,-0.3502626970227674,4.552,,1780985819,2026-06-09T06:16:59Z,TVC:US10Y
,,,2.1333932180552377,,,-0.4378283712784496,4.548,,1780985995,2026-06-09T06:19:55Z,TVC:US10Y
,,,2.1333932180552377,,,-0.4378283712784496,4.548,,1780986182,2026-06-09T06:23:02Z,TVC:US10Y
,,,2.1333932180552377,,,-0.4378283712784496,4.548,,1780986363,2026-06-09T06:26:03Z,TVC:US10Y
,,,2.178306759487975,,,-0.3940455341506084,4.55,,1780986537,2026-06-09T06:28:57Z,TVC:US10Y
,,,2.223220300920712,,,-0.3502626970227674,4.552,,1780986721,2026-06-09T06:32:01Z,TVC:US10Y
,,,2.223220300920712,,,-0.3502626970227674,4.552,,1780986911,2026-06-09T06:35:11Z,TVC:US10Y
,,,2.178306759487975,,,-0.3940455341506084,4.55,,1780987083,2026-06-09T06:38:03Z,TVC:US10Y
,,,2.1333932180552377,,,-0.4378283712784496,4.548,,1780987248,2026-06-09T06:40:48Z,TVC:US10Y
,,,2.1333932180552377,,,-0.4378283712784496,4.548,,1780987437,2026-06-09T06:43:57Z,TVC:US10Y
,,,2.1333932180552377,,,-0.4378283712784496,4.548,,1780987620,2026-06-09T06:47:00Z,TVC:US10Y
,,,2.1333932180552377,,,-0.4378283712784496,4.548,,1780987798,2026-06-09T06:49:58Z,TVC:US10Y
,,,2.1333932180552377,,,-0.4378283712784496,4.548,,1780987979,2026-06-09T06:52:59Z,TVC:US10Y
,,,2.223220300920712,,,-0.3502626970227674,4.552,,1780988169,2026-06-09T06:56:09Z,TVC:US10Y
,,,2.223220300920712,,,-0.3502626970227674,4.552,,1780988337,2026-06-09T06:58:57Z,TVC:US10Y
,,,2.178306759487975,,,-0.3940455341506084,4.55,,1780988512,2026-06-09T07:01:52Z,TVC:US10Y
,,,2.1333932180552377,,,-0.4378283712784496,4.548,,1780988705,2026-06-09T07:05:05Z,TVC:US10Y
,,,2.1333932180552377,,,-0.4378283712784496,4.548,,1780988886,2026-06-09T07:08:06Z,TVC:US10Y
,,,2.1333932180552377,,,-0.4378283712784496,4.548,,1780989065,2026-06-09T07:11:05Z,TVC:US10Y
,,,2.223220300920712,,,-0.3502626970227674,4.552,,1780989245,2026-06-09T07:14:05Z,TVC:US10Y
,,,2.268133842353469,,,-0.3064798598949069,4.554,,1780989422,2026-06-09T07:17:02Z,TVC:US10Y
,,,2.268133842353469,,,-0.3064798598949069,4.554,,1780989597,2026-06-09T07:19:57Z,TVC:US10Y
,,,2.178306759487975,,,-0.3940455341506084,4.55,,1780989778,2026-06-09T07:22:58Z,TVC:US10Y
,,,2.178306759487975,,,-0.3940455341506084,4.55,,1780989962,2026-06-09T07:26:02Z,TVC:US10Y
,,,2.178306759487975,,,-0.3940455341506084,4.55,,1780990143,2026-06-09T07:29:03Z,TVC:US10Y
,,,2.1333932180552377,,,-0.4378283712784496,4.548,,1780990320,2026-06-09T07:32:00Z,TVC:US10Y
,,,2.1333932180552377,,,-0.4378283712784496,4.548,,1780990503,2026-06-09T07:35:03Z,TVC:US10Y
,,,2.1333932180552377,,,-0.4378283712784496,4.548,,1780990678,2026-06-09T07:37:58Z,TVC:US10Y
,,,2.1333932180552377,,,-0.4378283712784496,4.548,,1780990861,2026-06-09T07:41:01Z,TVC:US10Y
,,,2.1333932180552377,,,-0.4378283712784496,4.548,,1780991044,2026-06-09T07:44:04Z,TVC:US10Y
,,,2.1333932180552377,,,-0.4378283712784496,4.548,,1780991212,2026-06-09T07:46:52Z,TVC:US10Y
,,,2.1333932180552377,,,-0.4378283712784496,4.548,,1780991407,2026-06-09T07:50:07Z,TVC:US10Y
,,,2.1333932180552377,,,-0.4378283712784496,4.548,,1780991582,2026-06-09T07:53:02Z,TVC:US10Y
,,,2.178306759487975,,,-0.3940455341506084,4.55,,1780991754,2026-06-09T07:55:54Z,TVC:US10Y
,,,2.223220300920712,,,-0.3502626970227674,4.552,,1780991949,2026-06-09T07:59:09Z,TVC:US10Y
,,,2.223220300920712,,,-0.3502626970227674,4.552,,1780992118,2026-06-09T08:01:58Z,TVC:US10Y
,,,2.223220300920712,,,-0.3502626970227674,4.552,,1780992298,2026-06-09T08:04:58Z,TVC:US10Y
,,,2.313047383786206,,,-0.2626970227670658,4.556,,1780992481,2026-06-09T08:08:01Z,TVC:US10Y
,,,2.268133842353469,,,-0.3064798598949069,4.554,,1780992660,2026-06-09T08:11:00Z,TVC:US10Y
,,,2.223220300920712,,,-0.3502626970227674,4.552,,1780992838,2026-06-09T08:13:58Z,TVC:US10Y
,,,2.223220300920712,,,-0.3502626970227674,4.552,,1780993016,2026-06-09T08:16:56Z,TVC:US10Y
,,,2.223220300920712,,,-0.3502626970227674,4.552,,1780993197,2026-06-09T08:19:57Z,TVC:US10Y
,,,2.223220300920712,,,-0.3502626970227674,4.552,,1780993378,2026-06-09T08:22:58Z,TVC:US10Y
,,,2.223220300920712,,,-0.3502626970227674,4.552,,1780993559,2026-06-09T08:25:59Z,TVC:US10Y
,,,2.223220300920712,,,-0.3502626970227674,4.552,,1780993739,2026-06-09T08:28:59Z,TVC:US10Y
,,,2.223220300920712,,,-0.3502626970227674,4.552,,1780993923,2026-06-09T08:32:03Z,TVC:US10Y
,,,2.223220300920712,,,-0.3502626970227674,4.552,,1780994099,2026-06-09T08:34:59Z,TVC:US10Y
,,,2.223220300920712,,,-0.3502626970227674,4.552,,1780994274,2026-06-09T08:37:54Z,TVC:US10Y
,,,2.268133842353469,,,-0.3064798598949069,4.554,,1780994461,2026-06-09T08:41:01Z,TVC:US10Y
,,,2.178306759487975,,,-0.3940455341506084,4.55,,1780994638,2026-06-09T08:43:58Z,TVC:US10Y
,,,2.223220300920712,,,-0.3502626970227674,4.552,,1780994823,2026-06-09T08:47:03Z,TVC:US10Y
,,,2.223220300920712,,,-0.3502626970227674,4.552,,1780995002,2026-06-09T08:50:02Z,TVC:US10Y
,,,2.223220300920712,,,-0.3502626970227674,4.552,,1780995181,2026-06-09T08:53:01Z,TVC:US10Y
,,,2.178306759487975,,,-0.3940455341506084,4.55,,1780995360,2026-06-09T08:56:00Z,TVC:US10Y
,,,2.1333932180552377,,,-0.4378283712784496,4.548,,1780995541,2026-06-09T08:59:01Z,TVC:US10Y
,,,2.223220300920712,,,-0.3502626970227674,4.552,,1780995724,2026-06-09T09:02:04Z,TVC:US10Y
,,,2.223220300920712,,,-0.3502626970227674,4.552,,1780995903,2026-06-09T09:05:03Z,TVC:US10Y
,,,2.223220300920712,,,-0.3502626970227674,4.552,,1780996086,2026-06-09T09:08:06Z,TVC:US10Y
,,,2.1333932180552377,,,-0.4378283712784496,4.548,,1780996259,2026-06-09T09:10:59Z,TVC:US10Y
,,,2.178306759487975,,,-0.3940455341506084,4.55,,1780996440,2026-06-09T09:14:00Z,TVC:US10Y
,,,2.1333932180552377,,,-0.4378283712784496,4.548,,1780996623,2026-06-09T09:17:03Z,TVC:US10Y
,,,2.178306759487975,,,-0.3940455341506084,4.55,,1780996799,2026-06-09T09:19:59Z,TVC:US10Y
,,,2.1333932180552377,,,-0.4378283712784496,4.548,,1780996978,2026-06-09T09:22:58Z,TVC:US10Y
,,,2.1333932180552377,,,-0.4378283712784496,4.548,,1780997164,2026-06-09T09:26:04Z,TVC:US10Y
,,,2.1333932180552377,,,-0.4378283712784496,4.548,,1780997339,2026-06-09T09:28:59Z,TVC:US10Y
,,,2.178306759487975,,,-0.3940455341506084,4.55,,1780997521,2026-06-09T09:32:01Z,TVC:US10Y
,,,2.1333932180552377,,,-0.4378283712784496,4.548,,1780997700,2026-06-09T09:35:00Z,TVC:US10Y
,,,2.1333932180552377,,,-0.4378283712784496,4.548,,1780997880,2026-06-09T09:38:00Z,TVC:US10Y
,,,2.1333932180552377,,,-0.4378283712784496,4.548,,1780998063,2026-06-09T09:41:03Z,TVC:US10Y
,,,2.1333932180552377,,,-0.4378283712784496,4.548,,1780998239,2026-06-09T09:43:59Z,TVC:US10Y
,,,2.1333932180552377,,,-0.4378283712784496,4.548,,1780998422,2026-06-09T09:47:02Z,TVC:US10Y
,,,2.223220300920712,,,-0.3502626970227674,4.552,,1780998604,2026-06-09T09:50:04Z,TVC:US10Y
,,,2.178306759487975,,,-0.3940455341506084,4.55,,1780998777,2026-06-09T09:52:57Z,TVC:US10Y
,,,2.223220300920712,,,-0.3502626970227674,4.552,,1780998958,2026-06-09T09:55:58Z,TVC:US10Y
,,,2.268133842353469,,,-0.3064798598949069,4.554,,1780999136,2026-06-09T09:58:56Z,TVC:US10Y
,,,2.313047383786206,,,-0.2626970227670658,4.556,,1780999326,2026-06-09T10:02:06Z,TVC:US10Y
,,,2.40287446665168,,,-0.1751313485113837,4.56,,1780999501,2026-06-09T10:05:01Z,TVC:US10Y
,,,2.357960925218943,,,-0.2189141856392248,4.558,,1780999675,2026-06-09T10:07:55Z,TVC:US10Y
,,,2.357960925218943,,,-0.2189141856392248,4.558,,1780999864,2026-06-09T10:11:04Z,TVC:US10Y
,,,2.357960925218943,,,-0.2189141856392248,4.558,,1781000040,2026-06-09T10:14:00Z,TVC:US10Y
,,,2.313047383786206,,,-0.2626970227670658,4.556,,1781000223,2026-06-09T10:17:03Z,TVC:US10Y
,,,2.313047383786206,,,-0.2626970227670658,4.556,,1781000398,2026-06-09T10:19:58Z,TVC:US10Y
,,,2.313047383786206,,,-0.2626970227670658,4.556,,1781000579,2026-06-09T10:22:59Z,TVC:US10Y
,,,2.313047383786206,,,-0.2626970227670658,4.556,,1781000761,2026-06-09T10:26:01Z,TVC:US10Y
,,,2.313047383786206,,,-0.2626970227670658,4.556,,1781000937,2026-06-09T10:28:57Z,TVC:US10Y
,,,2.313047383786206,,,-0.2626970227670658,4.556,,1781001119,2026-06-09T10:31:59Z,TVC:US10Y
,,,2.313047383786206,,,-0.2626970227670658,4.556,,1781001297,2026-06-09T10:34:57Z,TVC:US10Y
,,,2.313047383786206,,,-0.2626970227670658,4.556,,1781001476,2026-06-09T10:37:56Z,TVC:US10Y
,,,2.313047383786206,,,-0.2626970227670658,4.556,,1781001657,2026-06-09T10:40:57Z,TVC:US10Y
,,,2.313047383786206,,,-0.2626970227670658,4.556,,1781001841,2026-06-09T10:44:01Z,TVC:US10Y
,,,2.313047383786206,,,-0.2626970227670658,4.556,,1781002021,2026-06-09T10:47:01Z,TVC:US10Y
,,,2.313047383786206,,,-0.2626970227670658,4.556,,1781002196,2026-06-09T10:49:56Z,TVC:US10Y
,,,2.268133842353469,,,-0.3064798598949069,4.554,,1781002373,2026-06-09T10:52:53Z,TVC:US10Y
,,,2.223220300920712,,,-0.3502626970227674,4.552,,1781002566,2026-06-09T10:56:06Z,TVC:US10Y
,,,2.223220300920712,,,-0.3502626970227674,4.552,,1781002738,2026-06-09T10:58:58Z,TVC:US10Y
,,,2.1333932180552377,,,-0.4378283712784496,4.548,,1781002918,2026-06-09T11:01:58Z,TVC:US10Y
,,,2.1333932180552377,,,-0.4378283712784496,4.548,,1781003104,2026-06-09T11:05:04Z,TVC:US10Y
,,,2.1333932180552377,,,-0.4378283712784496,4.548,,1781003284,2026-06-09T11:08:04Z,TVC:US10Y
,,,2.1333932180552377,,,-0.4378283712784496,4.548,,1781003457,2026-06-09T11:10:57Z,TVC:US10Y
,,,2.1333932180552377,,,-0.4378283712784496,4.548,,1781003644,2026-06-09T11:14:04Z,TVC:US10Y
,,,2.043566135189744,,,-0.5253940455341511,4.544,,1781003812,2026-06-09T11:16:52Z,TVC:US10Y
,,,2.043566135189744,,,-0.5253940455341511,4.544,,1781004005,2026-06-09T11:20:05Z,TVC:US10Y
,,,1.998652593757007,,,-0.5691768826619922,4.542,,1781004177,2026-06-09T11:22:57Z,TVC:US10Y
,,,2.043566135189744,,,-0.5253940455341511,4.544,,1781004357,2026-06-09T11:25:57Z,TVC:US10Y
,,,2.043566135189744,,,-0.5253940455341511,4.544,,1781004545,2026-06-09T11:29:05Z,TVC:US10Y
,,,2.088479676622501,,,-0.4816112084062905,4.546,,1781004728,2026-06-09T11:32:08Z,TVC:US10Y
,,,2.043566135189744,,,-0.5253940455341511,4.544,,1781004901,2026-06-09T11:35:01Z,TVC:US10Y
,,,2.043566135189744,,,-0.5253940455341511,4.544,,1781005078,2026-06-09T11:37:58Z,TVC:US10Y
,,,2.043566135189744,,,-0.5253940455341511,4.544,,1781005265,2026-06-09T11:41:05Z,TVC:US10Y
,,,2.1333932180552377,,,-0.4378283712784496,4.548,,1781005440,2026-06-09T11:44:00Z,TVC:US10Y
,,,2.1333932180552377,,,-0.4378283712784496,4.548,,1781005619,2026-06-09T11:46:59Z,TVC:US10Y
,,,2.1333932180552377,,,-0.4378283712784496,4.548,,1781005802,2026-06-09T11:50:02Z,TVC:US10Y
,,,2.088479676622501,,,-0.4816112084062905,4.546,,1781005980,2026-06-09T11:53:00Z,TVC:US10Y
,,,2.1333932180552377,,,-0.4378283712784496,4.548,,1781006155,2026-06-09T11:55:55Z,TVC:US10Y
,,,2.1333932180552377,,,-0.4378283712784496,4.548,,1781006348,2026-06-09T11:59:08Z,TVC:US10Y
,,,2.1333932180552377,,,-0.4378283712784496,4.548,,1781006517,2026-06-09T12:01:57Z,TVC:US10Y
,,,2.1333932180552377,,,-0.4378283712784496,4.548,,1781006700,2026-06-09T12:05:00Z,TVC:US10Y
,,,2.1333932180552377,,,-0.4378283712784496,4.548,,1781006890,2026-06-09T12:08:10Z,TVC:US10Y
,,,2.1333932180552377,,,-0.4378283712784496,4.548,,1781007049,2026-06-09T12:10:49Z,TVC:US10Y
,,,2.1333932180552377,,,-0.4378283712784496,4.548,,1781007241,2026-06-09T12:14:01Z,TVC:US10Y
,,,2.088479676622501,,,-0.4816112084062905,4.546,,1781007419,2026-06-09T12:16:59Z,TVC:US10Y
,,,2.043566135189744,,,-0.5253940455341511,4.544,,1781007601,2026-06-09T12:20:01Z,TVC:US10Y
,,,2.1333932180552377,,,-0.4378283712784496,4.548,,1781007776,2026-06-09T12:22:56Z,TVC:US10Y
,,,1.998652593757007,,,-0.5691768826619922,4.542,,1781007957,2026-06-09T12:25:57Z,TVC:US10Y
,,,1.998652593757007,,,-0.5691768826619922,4.542,,1781008138,2026-06-09T12:28:58Z,TVC:US10Y
,,,1.998652593757007,,,-0.5691768826619922,4.542,,1781008317,2026-06-09T12:31:57Z,TVC:US10Y
,,,1.95373905232427,,,-0.6129597197898333,4.54,,1781008499,2026-06-09T12:34:59Z,TVC:US10Y
,,,1.863911969458776,,,-0.7005253940455348,4.536,,1781008678,2026-06-09T12:37:58Z,TVC:US10Y
,,,1.998652593757007,,,-0.5691768826619922,4.542,,1781008865,2026-06-09T12:41:05Z,TVC:US10Y
,,,1.998652593757007,,,-0.5691768826619922,4.542,,1781009034,2026-06-09T12:43:54Z,TVC:US10Y
,,,2.043566135189744,,,-0.5253940455341511,4.544,,1781009225,2026-06-09T12:47:05Z,TVC:US10Y
,,,2.088479676622501,,,-0.4816112084062905,4.546,,1781009404,2026-06-09T12:50:04Z,TVC:US10Y
,,,2.043566135189744,,,-0.5253940455341511,4.544,,1781009585,2026-06-09T12:53:05Z,TVC:US10Y
,,,2.043566135189744,,,-0.5253940455341511,4.544,,1781009760,2026-06-09T12:56:00Z,TVC:US10Y
,,,2.1333932180552377,,,-0.4378283712784496,4.548,,1781009941,2026-06-09T12:59:01Z,TVC:US10Y
,,,2.043566135189744,,,-0.5253940455341511,4.544,,1781010121,2026-06-09T13:02:01Z,TVC:US10Y
,,,2.043566135189744,,,-0.5253940455341511,4.544,,1781010300,2026-06-09T13:05:00Z,TVC:US10Y
,,,1.95373905232427,,,-0.6129597197898333,4.54,,1781010476,2026-06-09T13:07:56Z,TVC:US10Y
,,,1.863911969458776,,,-0.7005253940455348,4.536,,1781010661,2026-06-09T13:11:01Z,TVC:US10Y
,,,1.863911969458776,,,-0.7005253940455348,4.536,,1781010838,2026-06-09T13:13:58Z,TVC:US10Y
,,,1.9088255108915329,,,-0.6567425569176744,4.538,,1781011021,2026-06-09T13:17:01Z,TVC:US10Y
,,,1.863911969458776,,,-0.7005253940455348,4.536,,1781011200,2026-06-09T13:20:00Z,TVC:US10Y
,,,1.9088255108915329,,,-0.6567425569176744,4.538,,1781011376,2026-06-09T13:22:56Z,TVC:US10Y
,,,1.95373905232427,,,-0.6129597197898333,4.54,,1781011555,2026-06-09T13:25:55Z,TVC:US10Y
,,,1.95373905232427,,,-0.6129597197898333,4.54,,1781011736,2026-06-09T13:28:56Z,TVC:US10Y
,,,1.95373905232427,,,-0.6129597197898333,4.54,,1781011920,2026-06-09T13:32:00Z,TVC:US10Y
,,,1.863911969458776,,,-0.7005253940455348,4.536,,1781012098,2026-06-09T13:34:58Z,TVC:US10Y
,,,1.863911969458776,,,-0.7005253940455348,4.536,,1781012287,2026-06-09T13:38:07Z,TVC:US10Y
,,,1.818998428026039,,,-0.7443082311733759,4.534,,1781012456,2026-06-09T13:40:56Z,TVC:US10Y
,,,1.863911969458776,,,-0.7005253940455348,4.536,,1781012641,2026-06-09T13:44:01Z,TVC:US10Y
,,,1.863911969458776,,,-0.7005253940455348,4.536,,1781012817,2026-06-09T13:46:57Z,TVC:US10Y
,,,1.774084886593302,,,-0.7880910683012169,4.532,,1781012997,2026-06-09T13:49:57Z,TVC:US10Y
,,,1.863911969458776,,,-0.7005253940455348,4.536,,1781013180,2026-06-09T13:53:00Z,TVC:US10Y
,,,1.95373905232427,,,-0.6129597197898333,4.54,,1781013360,2026-06-09T13:56:00Z,TVC:US10Y
,,,2.043566135189744,,,-0.5253940455341511,4.544,,1781013547,2026-06-09T13:59:07Z,TVC:US10Y
,,,1.95373905232427,,,-0.6129597197898333,4.54,,1781013717,2026-06-09T14:01:57Z,TVC:US10Y
,,,1.95373905232427,,,-0.6129597197898333,4.54,,1781013897,2026-06-09T14:04:57Z,TVC:US10Y
,,,2.043566135189744,,,-0.5253940455341511,4.544,,1781014081,2026-06-09T14:08:01Z,TVC:US10Y
,,,1.95373905232427,,,-0.6129597197898333,4.54,,1781014256,2026-06-09T14:10:56Z,TVC:US10Y
,,,1.998652593757007,,,-0.5691768826619922,4.542,,1781014445,2026-06-09T14:14:05Z,TVC:US10Y
,,,1.95373905232427,,,-0.6129597197898333,4.54,,1781014620,2026-06-09T14:17:00Z,TVC:US10Y
,,,1.998652593757007,,,-0.5691768826619922,4.542,,1781014804,2026-06-09T14:20:04Z,TVC:US10Y
,,,1.863911969458776,,,-0.7005253940455348,4.536,,1781014986,2026-06-09T14:23:06Z,TVC:US10Y
,,,1.863911969458776,,,-0.7005253940455348,4.536,,1781015158,2026-06-09T14:25:58Z,TVC:US10Y
,,,1.863911969458776,,,-0.7005253940455348,4.536,,1781015342,2026-06-09T14:29:02Z,TVC:US10Y
,,,1.863911969458776,,,-0.7005253940455348,4.536,,1781015521,2026-06-09T14:32:01Z,TVC:US10Y
,,,1.863911969458776,,,-0.7005253940455348,4.536,,1781015701,2026-06-09T14:35:01Z,TVC:US10Y
,,,1.9088255108915329,,,-0.6567425569176744,4.538,,1781015879,2026-06-09T14:37:59Z,TVC:US10Y
,,,2.043566135189744,,,-0.6129597197898333,4.54,,1781016055,2026-06-09T14:40:55Z,TVC:US10Y
,,,1.95373905232427,,,-0.6129597197898333,4.54,,1781016241,2026-06-09T14:44:01Z,TVC:US10Y
,,,1.95373905232427,,,-0.6129597197898333,4.54,,1781016417,2026-06-09T14:46:57Z,TVC:US10Y
,,,2.088479676622501,,,-0.4816112084062905,4.546,,1781016598,2026-06-09T14:49:58Z,TVC:US10Y
,,,2.043566135189744,,,-0.5253940455341511,4.544,,1781016784,2026-06-09T14:53:04Z,TVC:US10Y
,,,2.1333932180552377,,,-0.4378283712784496,4.548,,1781016963,2026-06-09T14:56:03Z,TVC:US10Y
,,,2.1333932180552377,,,-0.4378283712784496,4.548,,1781017138,2026-06-09T14:58:58Z,TVC:US10Y
,,,2.1333932180552377,,,-0.4378283712784496,4.548,,1781017320,2026-06-09T15:02:00Z,TVC:US10Y
,,,2.1333932180552377,,,-0.4378283712784496,4.548,,1781017502,2026-06-09T15:05:02Z,TVC:US10Y
,,,2.1333932180552377,,,-0.4378283712784496,4.548,,1781017684,2026-06-09T15:08:04Z,TVC:US10Y
,,,2.1333932180552377,,,-0.4378283712784496,4.548,,1781017853,2026-06-09T15:10:53Z,TVC:US10Y
,,,2.1333932180552377,,,-0.4378283712784496,4.548,,1781018036,2026-06-09T15:13:56Z,TVC:US10Y
,,,2.1333932180552377,,,-0.4378283712784496,4.548,,1781018217,2026-06-09T15:16:57Z,TVC:US10Y
,,,2.1333932180552377,,,-0.4378283712784496,4.548,,1781018404,2026-06-09T15:20:04Z,TVC:US10Y
,,,2.1333932180552377,,,-0.4378283712784496,4.548,,1781018587,2026-06-09T15:23:07Z,TVC:US10Y
,,,2.1333932180552377,,,-0.4378283712784496,4.548,,1781018759,2026-06-09T15:25:59Z,TVC:US10Y
,,,2.223220300920712,,,-0.3502626970227674,4.552,,1781018934,2026-06-09T15:28:54Z,TVC:US10Y
,,,2.313047383786206,,,-0.2626970227670658,4.556,,1781019118,2026-06-09T15:31:58Z,TVC:US10Y
,,,2.223220300920712,,,-0.3502626970227674,4.552,,1781019296,2026-06-09T15:34:56Z,TVC:US10Y
,,,2.223220300920712,,,-0.3502626970227674,4.552,,1781019480,2026-06-09T15:38:00Z,TVC:US10Y
,,,2.1333932180552377,,,-0.4378283712784496,4.548,,1781019665,2026-06-09T15:41:05Z,TVC:US10Y
,,,2.1333932180552377,,,-0.4378283712784496,4.548,,1781019845,2026-06-09T15:44:05Z,TVC:US10Y
,,,2.1333932180552377,,,-0.4378283712784496,4.548,,1781020022,2026-06-09T15:47:02Z,TVC:US10Y
,,,2.043566135189744,,,-0.5253940455341511,4.544,,1781020199,2026-06-09T15:49:59Z,TVC:US10Y
,,,1.95373905232427,,,-0.6129597197898333,4.54,,1781020379,2026-06-09T15:52:59Z,TVC:US10Y
,,,1.998652593757007,,,-0.5691768826619922,4.542,,1781020560,2026-06-09T15:56:00Z,TVC:US10Y
,,,1.774084886593302,,,-0.7880910683012169,4.532,,1781020739,2026-06-09T15:58:59Z,TVC:US10Y
,,,1.684257803727808,,,-0.8756567425569186,4.528,,1781020925,2026-06-09T16:02:05Z,TVC:US10Y
,,,1.684257803727808,,,-0.8756567425569186,4.528,,1781021095,2026-06-09T16:04:55Z,TVC:US10Y
,,,1.684257803727808,,,-0.8756567425569186,4.528,,1781021281,2026-06-09T16:08:01Z,TVC:US10Y
,,,1.684257803727808,,,-0.8756567425569186,4.528,,1781021462,2026-06-09T16:11:02Z,TVC:US10Y
,,,1.5944307208623338,,,-0.9632224168126006,4.524,,1781021641,2026-06-09T16:14:01Z,TVC:US10Y
,,,1.5944307208623338,,,-0.9632224168126006,4.524,,1781021821,2026-06-09T16:17:01Z,TVC:US10Y
,,,1.5944307208623338,,,-0.9632224168126006,4.524,,1781021998,2026-06-09T16:19:58Z,TVC:US10Y
,,,1.639344262295071,,,-0.9194395796847596,4.526,,1781022181,2026-06-09T16:23:01Z,TVC:US10Y
,,,1.639344262295071,,,-0.9194395796847596,4.526,,1781022364,2026-06-09T16:26:04Z,TVC:US10Y
,,,1.639344262295071,,,-0.9194395796847596,4.526,,1781022543,2026-06-09T16:29:03Z,TVC:US10Y
,,,1.5944307208623338,,,-0.9632224168126006,4.524,,1781022728,2026-06-09T16:32:08Z,TVC:US10Y
,,,1.5944307208623338,,,-0.9632224168126006,4.524,,1781022893,2026-06-09T16:34:53Z,TVC:US10Y
,,,1.5944307208623338,,,-0.9632224168126006,4.524,,1781023084,2026-06-09T16:38:04Z,TVC:US10Y
,,,2.223220300920712,,,-0.3502626970227674,4.552,,1781023260,2026-06-09T16:41:00Z,TVC:US10Y
,,,2.043566135189744,,,-0.5253940455341511,4.544,,1781023441,2026-06-09T16:44:01Z,TVC:US10Y
,,,2.043566135189744,,,-0.5253940455341511,4.544,,1781023618,2026-06-09T16:46:58Z,TVC:US10Y
,,,1.998652593757007,,,-0.5691768826619922,4.542,,1781023801,2026-06-09T16:50:01Z,TVC:US10Y
,,,1.998652593757007,,,-0.5691768826619922,4.542,,1781023974,2026-06-09T16:52:54Z,TVC:US10Y
,,,1.998652593757007,,,-0.5691768826619922,4.542,,1781024163,2026-06-09T16:56:03Z,TVC:US10Y
,,,1.998652593757007,,,-0.5691768826619922,4.542,,1781024336,2026-06-09T16:58:56Z,TVC:US10Y
,,,1.95373905232427,,,-0.6129597197898333,4.54,,1781024518,2026-06-09T17:01:58Z,TVC:US10Y
,,,1.95373905232427,,,-0.6129597197898333,4.54,,1781024703,2026-06-09T17:05:03Z,TVC:US10Y
,,,1.863911969458776,,,-0.7005253940455348,4.536,,1781024882,2026-06-09T17:08:02Z,TVC:US10Y
,,,2.043566135189744,,,-0.5253940455341511,4.544,,1781025056,2026-06-09T17:10:56Z,TVC:US10Y
,,,1.9088255108915329,,,-0.6567425569176744,4.538,,1781025254,2026-06-09T17:14:14Z,TVC:US10Y
,,,1.863911969458776,,,-0.7005253940455348,4.536,,1781025426,2026-06-09T17:17:06Z,TVC:US10Y
,,,1.95373905232427,,,-0.6129597197898333,4.54,,1781025603,2026-06-09T17:20:03Z,TVC:US10Y
,,,1.774084886593302,,,-0.7880910683012169,4.532,,1781025781,2026-06-09T17:23:01Z,TVC:US10Y
,,,1.684257803727808,,,-0.8756567425569186,4.528,,1781025962,2026-06-09T17:26:02Z,TVC:US10Y
,,,1.7291713451605648,,,-0.8318739054290581,4.53,,1781026151,2026-06-09T17:29:11Z,TVC:US10Y
,,,1.7291713451605648,,,-0.8318739054290581,4.53,,1781026316,2026-06-09T17:31:56Z,TVC:US10Y
,,,1.684257803727808,,,-0.8756567425569186,4.528,,1781026500,2026-06-09T17:35:00Z,TVC:US10Y
,,,1.684257803727808,,,-0.8756567425569186,4.528,,1781026679,2026-06-09T17:37:59Z,TVC:US10Y
,,,1.774084886593302,,,-0.7880910683012169,4.532,,1781026858,2026-06-09T17:40:58Z,TVC:US10Y
,,,1.684257803727808,,,-0.8318739054290581,4.53,,1781027039,2026-06-09T17:43:59Z,TVC:US10Y
,,,1.774084886593302,,,-0.7880910683012169,4.532,,1781027226,2026-06-09T17:47:06Z,TVC:US10Y
,,,1.774084886593302,,,-0.7880910683012169,4.532,,1781027397,2026-06-09T17:49:57Z,TVC:US10Y
,,,1.7291713451605648,,,-0.8318739054290581,4.53,,1781027585,2026-06-09T17:53:05Z,TVC:US10Y
,,,1.774084886593302,,,-0.7880910683012169,4.532,,1781027752,2026-06-09T17:55:52Z,TVC:US10Y
,,,1.818998428026039,,,-0.7443082311733759,4.534,,1781027942,2026-06-09T17:59:02Z,TVC:US10Y
,,,1.774084886593302,,,-0.7880910683012169,4.532,,1781028117,2026-06-09T18:01:57Z,TVC:US10Y
,,,1.863911969458776,,,-0.7005253940455348,4.536,,1781028290,2026-06-09T18:04:50Z,TVC:US10Y
,,,1.863911969458776,,,-0.7005253940455348,4.536,,1781028487,2026-06-09T18:08:07Z,TVC:US10Y
,,,1.9088255108915329,,,-0.6567425569176744,4.538,,1781028662,2026-06-09T18:11:02Z,TVC:US10Y
,,,1.863911969458776,,,-0.7005253940455348,4.536,,1781028837,2026-06-09T18:13:57Z,TVC:US10Y
,,,1.863911969458776,,,-0.7005253940455348,4.536,,1781029023,2026-06-09T18:17:03Z,TVC:US10Y
,,,1.863911969458776,,,-0.7005253940455348,4.536,,1781029193,2026-06-09T18:19:53Z,TVC:US10Y
,,,1.774084886593302,,,-0.7880910683012169,4.532,,1781029380,2026-06-09T18:23:00Z,TVC:US10Y
,,,1.774084886593302,,,-0.7880910683012169,4.532,,1781029564,2026-06-09T18:26:04Z,TVC:US10Y
,,,1.774084886593302,,,-0.7880910683012169,4.532,,1781029739,2026-06-09T18:28:59Z,TVC:US10Y
,,,1.684257803727808,,,-0.8756567425569186,4.528,,1781029917,2026-06-09T18:31:57Z,TVC:US10Y
,,,1.684257803727808,,,-0.8756567425569186,4.528,,1781030099,2026-06-09T18:34:59Z,TVC:US10Y
,,,1.774084886593302,,,-0.7880910683012169,4.532,,1781030284,2026-06-09T18:38:04Z,TVC:US10Y
,,,1.684257803727808,,,-0.8756567425569186,4.528,,1781030469,2026-06-09T18:41:09Z,TVC:US10Y
,,,1.7291713451605648,,,-0.8756567425569186,4.528,,1781030638,2026-06-09T18:43:58Z,TVC:US10Y
,,,1.684257803727808,,,-0.8756567425569186,4.528,,1781030821,2026-06-09T18:47:01Z,TVC:US10Y
,,,1.774084886593302,,,-0.7880910683012169,4.532,,1781031005,2026-06-09T18:50:05Z,TVC:US10Y
,,,1.684257803727808,,,-0.8756567425569186,4.528,,1781031184,2026-06-09T18:53:04Z,TVC:US10Y
,,,1.684257803727808,,,-0.8756567425569186,4.528,,1781031364,2026-06-09T18:56:04Z,TVC:US10Y
,,,1.639344262295071,,,-0.9194395796847596,4.526,,1781031542,2026-06-09T18:59:02Z,TVC:US10Y
,,,1.684257803727808,,,-0.8756567425569186,4.528,,1781031722,2026-06-09T19:02:02Z,TVC:US10Y
,,,1.639344262295071,,,-0.9194395796847596,4.526,,1781031898,2026-06-09T19:04:58Z,TVC:US10Y
,,,1.639344262295071,,,-0.9194395796847596,4.526,,1781032082,2026-06-09T19:08:02Z,TVC:US10Y
,,,1.684257803727808,,,-0.8756567425569186,4.528,,1781032265,2026-06-09T19:11:05Z,TVC:US10Y
,,,1.639344262295071,,,-0.9194395796847596,4.526,,1781032436,2026-06-09T19:13:56Z,TVC:US10Y
,,,1.7291713451605648,,,-0.8318739054290581,4.53,,1781032622,2026-06-09T19:17:02Z,TVC:US10Y
,,,1.684257803727808,,,-0.8756567425569186,4.528,,1781032802,2026-06-09T19:20:02Z,TVC:US10Y
,,,1.774084886593302,,,-0.7880910683012169,4.532,,1781032980,2026-06-09T19:23:00Z,TVC:US10Y
,,,1.684257803727808,,,-0.8756567425569186,4.528,,1781033163,2026-06-09T19:26:03Z,TVC:US10Y
,,,1.684257803727808,,,-0.8756567425569186,4.528,,1781033351,2026-06-09T19:29:11Z,TVC:US10Y
,,,1.684257803727808,,,-0.8756567425569186,4.528,,1781033528,2026-06-09T19:32:08Z,TVC:US10Y
,,,1.684257803727808,,,-0.8756567425569186,4.528,,1781033698,2026-06-09T19:34:58Z,TVC:US10Y
,,,1.684257803727808,,,-0.8756567425569186,4.528,,1781033887,2026-06-09T19:38:07Z,TVC:US10Y
,,,1.639344262295071,,,-0.9194395796847596,4.526,,1781034057,2026-06-09T19:40:57Z,TVC:US10Y
,,,1.684257803727808,,,-0.8756567425569186,4.528,,1781034240,2026-06-09T19:44:00Z,TVC:US10Y
,,,1.684257803727808,,,-0.8756567425569186,4.528,,1781034421,2026-06-09T19:47:01Z,TVC:US10Y
,,,1.684257803727808,,,-0.8756567425569186,4.528,,1781034602,2026-06-09T19:50:02Z,TVC:US10Y
,,,1.684257803727808,,,-0.8756567425569186,4.528,,1781034778,2026-06-09T19:52:58Z,TVC:US10Y
,,,1.7291713451605648,,,-0.8318739054290581,4.53,,1781034957,2026-06-09T19:55:57Z,TVC:US10Y
,,,1.684257803727808,,,-0.8756567425569186,4.528,,1781035143,2026-06-09T19:59:03Z,TVC:US10Y
,,,1.5944307208623338,,,-0.9632224168126006,4.524,,1781035321,2026-06-09T20:02:01Z,TVC:US10Y
,,,1.5944307208623338,,,-0.9632224168126006,4.524,,1781035500,2026-06-09T20:05:00Z,TVC:US10Y
,,,1.5944307208623338,,,-0.9632224168126006,4.524,,1781035678,2026-06-09T20:07:58Z,TVC:US10Y
,,,1.5944307208623338,,,-0.9632224168126006,4.524,,1781035859,2026-06-09T20:10:59Z,TVC:US10Y
,,,1.5944307208623338,,,-0.9632224168126006,4.524,,1781036040,2026-06-09T20:14:00Z,TVC:US10Y
,,,1.50460363799684,,,-1.0507880910683025,4.52,,1781036220,2026-06-09T20:17:00Z,TVC:US10Y
,,,1.50460363799684,,,-1.0507880910683025,4.52,,1781036401,2026-06-09T20:20:01Z,TVC:US10Y
,,,1.4147765551313658,,,-1.1383537653239844,4.516,,1781036574,2026-06-09T20:22:54Z,TVC:US10Y
,,,1.4596900965641029,,,-1.094570928196143,4.518,,1781036764,2026-06-09T20:26:04Z,TVC:US10Y
,,,1.50460363799684,,,-1.0507880910683025,4.52,,1781036934,2026-06-09T20:28:54Z,TVC:US10Y
,,,1.4147765551313658,,,-1.1383537653239844,4.516,,1781037122,2026-06-09T20:32:02Z,TVC:US10Y
,,,1.4147765551313658,,,-1.1383537653239844,4.516,,1781037299,2026-06-09T20:34:59Z,TVC:US10Y
,,,1.4147765551313658,,,-1.1383537653239844,4.516,,1781037484,2026-06-09T20:38:04Z,TVC:US10Y
,,,1.4147765551313658,,,-1.1383537653239844,4.516,,1781037653,2026-06-09T20:40:53Z,TVC:US10Y
,,,1.50460363799684,,,-1.0507880910683025,4.52,,1781037842,2026-06-09T20:44:02Z,TVC:US10Y
,,,1.4596900965641029,,,-1.094570928196143,4.518,,1781038027,2026-06-09T20:47:07Z,TVC:US10Y
,,,1.4596900965641029,,,-1.094570928196143,4.518,,1781038198,2026-06-09T20:49:58Z,TVC:US10Y
,,,1.50460363799684,,,-1.0507880910683025,4.52,,1781038379,2026-06-09T20:52:59Z,TVC:US10Y
,,,1.4596900965641029,,,-1.094570928196143,4.518,,1781038567,2026-06-09T20:56:07Z,TVC:US10Y
,,,1.50460363799684,,,-1.0507880910683025,4.52,,1781038740,2026-06-09T20:59:00Z,TVC:US10Y
,,,1.50460363799684,,,-1.0507880910683025,4.52,,1781038915,2026-06-09T21:01:55Z,TVC:US10Y
,,,1.4596900965641029,,,-1.094570928196143,4.518,,1781039093,2026-06-09T21:04:53Z,TVC:US10Y
,,,1.4596900965641029,,,-1.094570928196143,4.518,,1781039278,2026-06-09T21:07:58Z,TVC:US10Y
,,,1.4596900965641029,,,-1.094570928196143,4.518,,1781039455,2026-06-09T21:10:55Z,TVC:US10Y
,,,1.4596900965641029,,,-1.094570928196143,4.518,,1781039641,2026-06-09T21:14:01Z,TVC:US10Y
,,,1.4596900965641029,,,-1.094570928196143,4.518,,1781039818,2026-06-09T21:16:58Z,TVC:US10Y
,,,1.4596900965641029,,,-1.094570928196143,4.518,,1781039996,2026-06-09T21:19:56Z,TVC:US10Y
,,,1.4596900965641029,,,-1.094570928196143,4.518,,1781040190,2026-06-09T21:23:10Z,TVC:US10Y
,,,1.4596900965641029,,,-1.094570928196143,4.518,,1781040357,2026-06-09T21:25:57Z,TVC:US10Y
,,,1.4596900965641029,,,-1.094570928196143,4.518,,1781040537,2026-06-09T21:28:57Z,TVC:US10Y
,,,1.4596900965641029,,,-1.094570928196143,4.518,,1781040724,2026-06-09T21:32:04Z,TVC:US10Y
,,,1.4596900965641029,,,-1.094570928196143,4.518,,1781040901,2026-06-09T21:35:01Z,TVC:US10Y
,,,1.4596900965641029,,,-1.094570928196143,4.518,,1781041074,2026-06-09T21:37:54Z,TVC:US10Y
,,,1.4596900965641029,,,-1.094570928196143,4.518,,1781041256,2026-06-09T21:40:56Z,TVC:US10Y
,,,1.4596900965641029,,,-1.094570928196143,4.518,,1781041438,2026-06-09T21:43:58Z,TVC:US10Y
,,,1.4596900965641029,,,-1.094570928196143,4.518,,1781041625,2026-06-09T21:47:05Z,TVC:US10Y
,,,1.4596900965641029,,,-1.094570928196143,4.518,,1781041799,2026-06-09T21:49:59Z,TVC:US10Y
,,,1.4596900965641029,,,-1.094570928196143,4.518,,1781041980,2026-06-09T21:53:00Z,TVC:US10Y
,,,1.4596900965641029,,,-1.094570928196143,4.518,,1781042165,2026-06-09T21:56:05Z,TVC:US10Y
,,,1.4596900965641029,,,-1.094570928196143,4.518,,1781042341,2026-06-09T21:59:01Z,TVC:US10Y
,,,1.4596900965641029,,,-1.094570928196143,4.518,,1781042523,2026-06-09T22:02:03Z,TVC:US10Y
,,,1.4596900965641029,,,-1.094570928196143,4.518,,1781042706,2026-06-09T22:05:06Z,TVC:US10Y
,,,1.4596900965641029,,,-1.094570928196143,4.518,,1781042879,2026-06-09T22:07:59Z,TVC:US10Y
,,,1.4596900965641029,,,-1.094570928196143,4.518,,1781043064,2026-06-09T22:11:04Z,TVC:US10Y
,,,1.4596900965641029,,,-1.094570928196143,4.518,,1781043236,2026-06-09T22:13:56Z,TVC:US10Y
,,,1.4596900965641029,,,-1.094570928196143,4.518,,1781043420,2026-06-09T22:17:00Z,TVC:US10Y
,,,1.4596900965641029,,,-1.094570928196143,4.518,,1781043594,2026-06-09T22:19:54Z,TVC:US10Y
,,,1.4596900965641029,,,-1.094570928196143,4.518,,1781043779,2026-06-09T22:22:59Z,TVC:US10Y
,,,1.4596900965641029,,,-1.094570928196143,4.518,,1781043955,2026-06-09T22:25:55Z,TVC:US10Y
,,,1.4596900965641029,,,-1.094570928196143,4.518,,1781044133,2026-06-09T22:28:53Z,TVC:US10Y
,,,1.4596900965641029,,,-1.094570928196143,4.518,,1781044316,2026-06-09T22:31:56Z,TVC:US10Y
,,,1.4596900965641029,,,-1.094570928196143,4.518,,1781044499,2026-06-09T22:34:59Z,TVC:US10Y
,,,1.4596900965641029,,,-1.094570928196143,4.518,,1781044687,2026-06-09T22:38:07Z,TVC:US10Y
,,,1.4596900965641029,,,-1.094570928196143,4.518,,1781044867,2026-06-09T22:41:07Z,TVC:US10Y
,,,1.4596900965641029,,,-1.094570928196143,4.518,,1781045045,2026-06-09T22:44:05Z,TVC:US10Y
,,,1.4596900965641029,,,-1.094570928196143,4.518,,1781045221,2026-06-09T22:47:01Z,TVC:US10Y
,,,1.4596900965641029,,,-1.094570928196143,4.518,,1781045394,2026-06-09T22:49:54Z,TVC:US10Y
,,,1.4596900965641029,,,-1.094570928196143,4.518,,1781045576,2026-06-09T22:52:56Z,TVC:US10Y
,,,1.4596900965641029,,,-1.094570928196143,4.518,,1781045764,2026-06-09T22:56:04Z,TVC:US10Y
,,,1.4596900965641029,,,-1.094570928196143,4.518,,1781045936,2026-06-09T22:58:56Z,TVC:US10Y
,,,1.4596900965641029,,,-1.094570928196143,4.518,,1781046118,2026-06-09T23:01:58Z,TVC:US10Y
,,,1.4596900965641029,,,-1.094570928196143,4.518,,1781046298,2026-06-09T23:04:58Z,TVC:US10Y
,,,1.4596900965641029,,,-1.094570928196143,4.518,,1781046477,2026-06-09T23:07:57Z,TVC:US10Y
,,,1.4596900965641029,,,-1.094570928196143,4.518,,1781046660,2026-06-09T23:11:00Z,TVC:US10Y
,,,1.4596900965641029,,,-1.094570928196143,4.518,,1781046844,2026-06-09T23:14:04Z,TVC:US10Y
,,,1.4596900965641029,,,-1.094570928196143,4.518,,1781047022,2026-06-09T23:17:02Z,TVC:US10Y
,,,1.4596900965641029,,,-1.094570928196143,4.518,,1781047200,2026-06-09T23:20:00Z,TVC:US10Y
,,,1.4596900965641029,,,-1.094570928196143,4.518,,1781047386,2026-06-09T23:23:06Z,TVC:US10Y
,,,1.4596900965641029,,,-1.094570928196143,4.518,,1781047553,2026-06-09T23:25:53Z,TVC:US10Y
,,,1.4596900965641029,,,-1.094570928196143,4.518,,1781047746,2026-06-09T23:29:06Z,TVC:US10Y
,,,1.4596900965641029,,,-1.094570928196143,4.518,,1781047922,2026-06-09T23:32:02Z,TVC:US10Y
,,,1.4596900965641029,,,-1.094570928196143,4.518,,1781048102,2026-06-09T23:35:02Z,TVC:US10Y
,,,1.4596900965641029,,,-1.094570928196143,4.518,,1781048293,2026-06-09T23:38:13Z,TVC:US10Y
,,,1.4596900965641029,,,-1.094570928196143,4.518,,1781048461,2026-06-09T23:41:01Z,TVC:US10Y
,,,1.4596900965641029,,,-1.094570928196143,4.518,,1781048637,2026-06-09T23:43:57Z,TVC:US10Y
,,,1.4596900965641029,,,-1.094570928196143,4.518,,1781048823,2026-06-09T23:47:03Z,TVC:US10Y
,,,1.4596900965641029,,,-1.094570928196143,4.518,,1781048998,2026-06-09T23:49:58Z,TVC:US10Y
,,,1.4596900965641029,,,-1.094570928196143,4.518,,1781049181,2026-06-09T23:53:01Z,TVC:US10Y
,,,1.4596900965641029,,,-1.094570928196143,4.518,,1781049357,2026-06-09T23:55:57Z,TVC:US10Y
,,,1.4596900965641029,,,-1.094570928196143,4.518,,1781049538,2026-06-09T23:58:58Z,TVC:US10Y
,,,1.4596900965641029,,,-1.094570928196143,4.518,,1781049723,2026-06-10T00:02:03Z,TVC:US10Y
,,,1.4596900965641029,,,-1.094570928196143,4.518,,1781049901,2026-06-10T00:05:01Z,TVC:US10Y
,,,1.4596900965641029,,,-1.094570928196143,4.518,,1781050081,2026-06-10T00:08:01Z,TVC:US10Y
,,,1.591571396547853,,,0.3098716246126657,4.532,,1781050256,2026-06-10T00:10:56Z,TVC:US10Y
,,,1.591571396547853,,,0.3098716246126657,4.532,,1781050440,2026-06-10T00:14:00Z,TVC:US10Y
,,,1.591571396547853,,,0.3098716246126657,4.532,,1781050620,2026-06-10T00:17:00Z,TVC:US10Y
,,,1.591571396547853,,,0.3098716246126657,4.532,,1781050801,2026-06-10T00:20:01Z,TVC:US10Y
,,,1.591571396547853,,,0.3098716246126657,4.532,,1781050989,2026-06-10T00:23:09Z,TVC:US10Y
,,,1.591571396547853,,,0.3098716246126657,4.532,,1781051161,2026-06-10T00:26:01Z,TVC:US10Y
,,,1.591571396547853,,,0.3098716246126657,4.532,,1781051340,2026-06-10T00:29:00Z,TVC:US10Y
,,,1.591571396547853,,,0.3098716246126657,4.532,,1781051517,2026-06-10T00:31:57Z,TVC:US10Y
,,,1.591571396547853,,,0.3098716246126657,4.532,,1781051705,2026-06-10T00:35:05Z,TVC:US10Y
,,,1.591571396547853,,,0.3098716246126657,4.532,,1781051885,2026-06-10T00:38:05Z,TVC:US10Y
,,,1.591571396547853,,,0.3098716246126657,4.532,,1781052056,2026-06-10T00:40:56Z,TVC:US10Y
,,,1.6812373907195537,,,0.3984063745019875,4.536,,1781052242,2026-06-10T00:44:02Z,TVC:US10Y
,,,1.6812373907195537,,,0.3984063745019875,4.536,,1781052430,2026-06-10T00:47:10Z,TVC:US10Y
,,,1.6812373907195537,,,0.3984063745019875,4.536,,1781052595,2026-06-10T00:49:55Z,TVC:US10Y
,,,1.6812373907195537,,,0.3984063745019875,4.536,,1781052776,2026-06-10T00:52:56Z,TVC:US10Y
,,,1.6812373907195537,,,0.3984063745019875,4.536,,1781052956,2026-06-10T00:55:56Z,TVC:US10Y
,,,1.6812373907195537,,,0.3984063745019875,4.536,,1781053140,2026-06-10T00:59:00Z,TVC:US10Y
,,,1.6812373907195537,,,0.3984063745019875,4.536,,1781053313,2026-06-10T01:01:53Z,TVC:US10Y
,,,1.6812373907195537,,,0.3984063745019875,4.536,,1781053499,2026-06-10T01:04:59Z,TVC:US10Y
,,,1.6812373907195537,,,0.3984063745019875,4.536,,1781053674,2026-06-10T01:07:54Z,TVC:US10Y
,,,1.6812373907195537,,,0.3984063745019875,4.536,,1781053863,2026-06-10T01:11:03Z,TVC:US10Y
,,,1.6812373907195537,,,0.3984063745019875,4.536,,1781054045,2026-06-10T01:14:05Z,TVC:US10Y
,,,1.6812373907195537,,,0.3984063745019875,4.536,,1781054229,2026-06-10T01:17:09Z,TVC:US10Y
,,,1.6812373907195537,,,0.3984063745019875,4.536,,1781054395,2026-06-10T01:19:55Z,TVC:US10Y
,,,1.6812373907195537,,,0.3984063745019875,4.536,,1781054583,2026-06-10T01:23:03Z,TVC:US10Y
,,,1.6812373907195537,,,0.3984063745019875,4.536,,1781054763,2026-06-10T01:26:03Z,TVC:US10Y
,,,1.6812373907195537,,,0.3984063745019875,4.536,,1781054945,2026-06-10T01:29:05Z,TVC:US10Y
,,,1.6812373907195537,,,0.3984063745019875,4.536,,1781055120,2026-06-10T01:32:00Z,TVC:US10Y
,,,1.6812373907195537,,,0.3984063745019875,4.536,,1781055302,2026-06-10T01:35:02Z,TVC:US10Y
,,,1.6812373907195537,,,0.3984063745019875,4.536,,1781055480,2026-06-10T01:38:00Z,TVC:US10Y
,,,1.7260703878054238,,,0.442673749446668,4.538,,1781055659,2026-06-10T01:40:59Z,TVC:US10Y
,,,1.6812373907195537,,,0.3984063745019875,4.536,,1781055839,2026-06-10T01:43:59Z,TVC:US10Y
,,,1.7260703878054238,,,0.442673749446668,4.538,,1781056018,2026-06-10T01:46:58Z,TVC:US10Y
,,,1.7260703878054238,,,0.442673749446668,4.538,,1781056200,2026-06-10T01:50:00Z,TVC:US10Y
,,,1.770903384891274,,,0.4869411243913289,4.54,,1781056376,2026-06-10T01:52:56Z,TVC:US10Y
,,,1.770903384891274,,,0.4869411243913289,4.54,,1781056553,2026-06-10T01:55:53Z,TVC:US10Y
,,,1.770903384891274,,,0.4869411243913289,4.54,,1781056736,2026-06-10T01:58:56Z,TVC:US10Y
,,,1.770903384891274,,,0.4869411243913289,4.54,,1781056920,2026-06-10T02:02:00Z,TVC:US10Y
,,,1.770903384891274,,,0.4869411243913289,4.54,,1781057103,2026-06-10T02:05:03Z,TVC:US10Y
,,,1.770903384891274,,,0.4869411243913289,4.54,,1781057279,2026-06-10T02:07:59Z,TVC:US10Y
,,,1.7260703878054238,,,0.442673749446668,4.538,,1781057460,2026-06-10T02:11:00Z,TVC:US10Y
,,,1.6812373907195537,,,0.3984063745019875,4.536,,1781057642,2026-06-10T02:14:02Z,TVC:US10Y
,,,1.6812373907195537,,,0.3984063745019875,4.536,,1781057818,2026-06-10T02:16:58Z,TVC:US10Y
,,,1.6812373907195537,,,0.3984063745019875,4.536,,1781057998,2026-06-10T02:19:58Z,TVC:US10Y
,,,1.6812373907195537,,,0.3984063745019875,4.536,,1781058181,2026-06-10T02:23:01Z,TVC:US10Y
,,,1.6812373907195537,,,0.3984063745019875,4.536,,1781058368,2026-06-10T02:26:08Z,TVC:US10Y
,,,1.6812373907195537,,,0.3984063745019875,4.536,,1781058532,2026-06-10T02:28:52Z,TVC:US10Y
,,,1.6812373907195537,,,0.3984063745019875,4.536,,1781058727,2026-06-10T02:32:07Z,TVC:US10Y
,,,1.6812373907195537,,,0.3984063745019875,4.536,,1781058899,2026-06-10T02:34:59Z,TVC:US10Y
,,,1.6812373907195537,,,0.3984063745019875,4.536,,1781059077,2026-06-10T02:37:57Z,TVC:US10Y
,,,1.6812373907195537,,,0.3984063745019875,4.536,,1781059259,2026-06-10T02:40:59Z,TVC:US10Y
,,,1.6812373907195537,,,0.3984063745019875,4.536,,1781059441,2026-06-10T02:44:01Z,TVC:US10Y
,,,1.6812373907195537,,,0.3984063745019875,4.536,,1781059622,2026-06-10T02:47:02Z,TVC:US10Y
,,,1.6812373907195537,,,0.3984063745019875,4.536,,1781059797,2026-06-10T02:49:57Z,TVC:US10Y
,,,1.6812373907195537,,,0.3984063745019875,4.536,,1781059978,2026-06-10T02:52:58Z,TVC:US10Y
,,,1.6812373907195537,,,0.3984063745019875,4.536,,1781060163,2026-06-10T02:56:03Z,TVC:US10Y
,,,1.6812373907195537,,,0.3984063745019875,4.536,,1781060343,2026-06-10T02:59:03Z,TVC:US10Y
,,,1.7260703878054238,,,0.442673749446668,4.538,,1781060524,2026-06-10T03:02:04Z,TVC:US10Y
,,,1.6812373907195537,,,0.3984063745019875,4.536,,1781060705,2026-06-10T03:05:05Z,TVC:US10Y
,,,1.6812373907195537,,,0.3984063745019875,4.536,,1781060879,2026-06-10T03:07:59Z,TVC:US10Y
,,,1.6812373907195537,,,0.3984063745019875,4.536,,1781061060,2026-06-10T03:11:00Z,TVC:US10Y
,,,1.6812373907195537,,,0.3984063745019875,4.536,,1781061244,2026-06-10T03:14:04Z,TVC:US10Y
,,,1.6812373907195537,,,0.3984063745019875,4.536,,1781061422,2026-06-10T03:17:02Z,TVC:US10Y
,,,1.6812373907195537,,,0.3984063745019875,4.536,,1781061599,2026-06-10T03:19:59Z,TVC:US10Y
,,,1.770903384891274,,,0.4869411243913289,4.54,,1781061780,2026-06-10T03:23:00Z,TVC:US10Y
,,,1.770903384891274,,,0.4869411243913289,4.54,,1781061960,2026-06-10T03:26:00Z,TVC:US10Y
,,,1.7260703878054238,,,0.442673749446668,4.538,,1781062139,2026-06-10T03:28:59Z,TVC:US10Y
,,,1.770903384891274,,,0.4869411243913289,4.54,,1781062322,2026-06-10T03:32:02Z,TVC:US10Y
,,,1.770903384891274,,,0.4869411243913289,4.54,,1781062501,2026-06-10T03:35:01Z,TVC:US10Y
,,,1.770903384891274,,,0.4869411243913289,4.54,,1781062685,2026-06-10T03:38:05Z,TVC:US10Y
,,,1.770903384891274,,,0.4869411243913289,4.54,,1781062865,2026-06-10T03:41:05Z,TVC:US10Y
,,,1.770903384891274,,,0.4869411243913289,4.54,,1781063040,2026-06-10T03:44:00Z,TVC:US10Y
,,,1.815736381977124,,,0.5312084993359899,4.542,,1781063223,2026-06-10T03:47:03Z,TVC:US10Y
,,,1.770903384891274,,,0.4869411243913289,4.54,,1781063408,2026-06-10T03:50:08Z,TVC:US10Y
,,,1.770903384891274,,,0.4869411243913289,4.54,,1781063581,2026-06-10T03:53:01Z,TVC:US10Y
,,,1.770903384891274,,,0.4869411243913289,4.54,,1781063760,2026-06-10T03:56:00Z,TVC:US10Y
,,,1.770903384891274,,,0.4869411243913289,4.54,,1781063932,2026-06-10T03:58:52Z,TVC:US10Y
,,,1.815736381977124,,,0.5312084993359899,4.542,,1781064122,2026-06-10T04:02:02Z,TVC:US10Y
,,,1.815736381977124,,,0.5312084993359899,4.542,,1781064304,2026-06-10T04:05:04Z,TVC:US10Y
,,,1.815736381977124,,,0.5312084993359899,4.542,,1781064486,2026-06-10T04:08:06Z,TVC:US10Y
,,,1.815736381977124,,,0.5312084993359899,4.542,,1781064662,2026-06-10T04:11:02Z,TVC:US10Y
,,,1.815736381977124,,,0.5312084993359899,4.542,,1781064845,2026-06-10T04:14:05Z,TVC:US10Y
,,,1.815736381977124,,,0.5312084993359899,4.542,,1781065027,2026-06-10T04:17:07Z,TVC:US10Y
,,,1.815736381977124,,,0.5312084993359899,4.542,,1781065200,2026-06-10T04:20:00Z,TVC:US10Y
,,,1.815736381977124,,,0.5312084993359899,4.542,,1781065379,2026-06-10T04:22:59Z,TVC:US10Y
,,,1.770903384891274,,,0.4869411243913289,4.54,,1781065564,2026-06-10T04:26:04Z,TVC:US10Y
,,,1.8605693790629745,,,0.5754758742806507,4.544,,1781065742,2026-06-10T04:29:02Z,TVC:US10Y
,,,1.8605693790629745,,,0.5754758742806507,4.544,,1781065912,2026-06-10T04:31:52Z,TVC:US10Y
,,,1.815736381977124,,,0.5312084993359899,4.542,,1781066102,2026-06-10T04:35:02Z,TVC:US10Y
,,,1.815736381977124,,,0.5312084993359899,4.542,,1781066280,2026-06-10T04:38:00Z,TVC:US10Y
,,,1.815736381977124,,,0.5312084993359899,4.542,,1781066458,2026-06-10T04:40:58Z,TVC:US10Y
,,,1.8605693790629745,,,0.5754758742806507,4.544,,1781066643,2026-06-10T04:44:03Z,TVC:US10Y
,,,1.8605693790629745,,,0.5754758742806507,4.544,,1781066823,2026-06-10T04:47:03Z,TVC:US10Y
,,,1.815736381977124,,,0.5312084993359899,4.542,,1781066999,2026-06-10T04:49:59Z,TVC:US10Y
,,,1.815736381977124,,,0.5312084993359899,4.542,,1781067190,2026-06-10T04:53:10Z,TVC:US10Y
,,,1.815736381977124,,,0.5312084993359899,4.542,,1781067358,2026-06-10T04:55:58Z,TVC:US10Y
,,,1.8605693790629745,,,0.5754758742806507,4.544,,1781067544,2026-06-10T04:59:04Z,TVC:US10Y
,,,1.815736381977124,,,0.5312084993359899,4.542,,1781067720,2026-06-10T05:02:00Z,TVC:US10Y
,,,1.815736381977124,,,0.5312084993359899,4.542,,1781067902,2026-06-10T05:05:02Z,TVC:US10Y
,,,1.815736381977124,,,0.5312084993359899,4.542,,1781068083,2026-06-10T05:08:03Z,TVC:US10Y
,,,1.770903384891274,,,0.4869411243913289,4.54,,1781068260,2026-06-10T05:11:00Z,TVC:US10Y
,,,1.770903384891274,,,0.4869411243913289,4.54,,1781068441,2026-06-10T05:14:01Z,TVC:US10Y
,,,1.8605693790629745,,,0.5754758742806507,4.544,,1781068618,2026-06-10T05:16:58Z,TVC:US10Y
,,,1.770903384891274,,,0.4869411243913289,4.54,,1781068789,2026-06-10T05:19:49Z,TVC:US10Y
,,,1.770903384891274,,,0.4869411243913289,4.54,,1781068981,2026-06-10T05:23:01Z,TVC:US10Y
,,,1.770903384891274,,,0.4869411243913289,4.54,,1781069159,2026-06-10T05:25:59Z,TVC:US10Y
,,,1.6812373907195537,,,0.3984063745019875,4.536,,1781069341,2026-06-10T05:29:01Z,TVC:US10Y
,,,1.6812373907195537,,,0.3984063745019875,4.536,,1781069519,2026-06-10T05:31:59Z,TVC:US10Y
,,,1.6812373907195537,,,0.3984063745019875,4.536,,1781069704,2026-06-10T05:35:04Z,TVC:US10Y
,,,1.6812373907195537,,,0.3984063745019875,4.536,,1781069876,2026-06-10T05:37:56Z,TVC:US10Y
,,,1.6812373907195537,,,0.3984063745019875,4.536,,1781070062,2026-06-10T05:41:02Z,TVC:US10Y
,,,1.6812373907195537,,,0.3984063745019875,4.536,,1781070237,2026-06-10T05:43:57Z,TVC:US10Y
,,,1.6812373907195537,,,0.3984063745019875,4.536,,1781070423,2026-06-10T05:47:03Z,TVC:US10Y
,,,1.6812373907195537,,,0.3984063745019875,4.536,,1781070607,2026-06-10T05:50:07Z,TVC:US10Y
,,,1.6364043936337034,,,0.3541389995573266,4.534,,1781070783,2026-06-10T05:53:03Z,TVC:US10Y
,,,1.6364043936337034,,,0.3541389995573266,4.534,,1781070958,2026-06-10T05:55:58Z,TVC:US10Y
,,,1.591571396547853,,,0.3098716246126657,4.532,,1781071140,2026-06-10T05:59:00Z,TVC:US10Y
,,,1.591571396547853,,,0.3098716246126657,4.532,,1781071320,2026-06-10T06:02:00Z,TVC:US10Y
,,,1.591571396547853,,,0.3098716246126657,4.532,,1781071509,2026-06-10T06:05:09Z,TVC:US10Y
,,,1.591571396547853,,,0.3098716246126657,4.532,,1781071686,2026-06-10T06:08:06Z,TVC:US10Y
,,,1.6364043936337034,,,0.3541389995573266,4.534,,1781071860,2026-06-10T06:11:00Z,TVC:US10Y
,,,1.591571396547853,,,0.3098716246126657,4.532,,1781072043,2026-06-10T06:14:03Z,TVC:US10Y
,,,1.591571396547853,,,0.3098716246126657,4.532,,1781072214,2026-06-10T06:16:54Z,TVC:US10Y
,,,1.591571396547853,,,0.3098716246126657,4.532,,1781072396,2026-06-10T06:19:56Z,TVC:US10Y
,,,1.501905402376133,,,0.2213368747233242,4.528,,1781072575,2026-06-10T06:22:55Z,TVC:US10Y
,,,1.591571396547853,,,0.3098716246126657,4.532,,1781072761,2026-06-10T06:26:01Z,TVC:US10Y
,,,1.591571396547853,,,0.3098716246126657,4.532,,1781072945,2026-06-10T06:29:05Z,TVC:US10Y
,,,1.591571396547853,,,0.3098716246126657,4.532,,1781073121,2026-06-10T06:32:01Z,TVC:US10Y
,,,1.591571396547853,,,0.3098716246126657,4.532,,1781073303,2026-06-10T06:35:03Z,TVC:US10Y
,,,1.591571396547853,,,0.3098716246126657,4.532,,1781073485,2026-06-10T06:38:05Z,TVC:US10Y
,,,1.591571396547853,,,0.3098716246126657,4.532,,1781073657,2026-06-10T06:40:57Z,TVC:US10Y
,,,1.591571396547853,,,0.3098716246126657,4.532,,1781073844,2026-06-10T06:44:04Z,TVC:US10Y
,,,1.591571396547853,,,0.3098716246126657,4.532,,1781074023,2026-06-10T06:47:03Z,TVC:US10Y
,,,1.6364043936337034,,,0.3541389995573266,4.534,,1781074204,2026-06-10T06:50:04Z,TVC:US10Y
,,,1.6812373907195537,,,0.3984063745019875,4.536,,1781074385,2026-06-10T06:53:05Z,TVC:US10Y
,,,1.6812373907195537,,,0.3984063745019875,4.536,,1781074561,2026-06-10T06:56:01Z,TVC:US10Y
,,,1.6812373907195537,,,0.3984063745019875,4.536,,1781074745,2026-06-10T06:59:05Z,TVC:US10Y
,,,1.6812373907195537,,,0.3984063745019875,4.536,,1781074917,2026-06-10T07:01:57Z,TVC:US10Y
,,,1.6812373907195537,,,0.3984063745019875,4.536,,1781075102,2026-06-10T07:05:02Z,TVC:US10Y
,,,1.591571396547853,,,0.3098716246126657,4.532,,1781075282,2026-06-10T07:08:02Z,TVC:US10Y
,,,1.591571396547853,,,0.3098716246126657,4.532,,1781075457,2026-06-10T07:10:57Z,TVC:US10Y
,,,1.591571396547853,,,0.3098716246126657,4.532,,1781075640,2026-06-10T07:14:00Z,TVC:US10Y
,,,1.501905402376133,,,0.2213368747233242,4.528,,1781075815,2026-06-10T07:16:55Z,TVC:US10Y
,,,1.501905402376133,,,0.2213368747233242,4.528,,1781076003,2026-06-10T07:20:03Z,TVC:US10Y
,,,1.501905402376133,,,0.2213368747233242,4.528,,1781076183,2026-06-10T07:23:03Z,TVC:US10Y
,,,1.501905402376133,,,0.2213368747233242,4.528,,1781076364,2026-06-10T07:26:04Z,TVC:US10Y
,,,1.591571396547853,,,0.3098716246126657,4.532,,1781076546,2026-06-10T07:29:06Z,TVC:US10Y
,,,1.591571396547853,,,0.3098716246126657,4.532,,1781076715,2026-06-10T07:31:55Z,TVC:US10Y
,,,1.591571396547853,,,0.3098716246126657,4.532,,1781076903,2026-06-10T07:35:03Z,TVC:US10Y
,,,1.591571396547853,,,0.3098716246126657,4.532,,1781077078,2026-06-10T07:37:58Z,TVC:US10Y
,,,1.591571396547853,,,0.3098716246126657,4.532,,1781077261,2026-06-10T07:41:01Z,TVC:US10Y
,,,1.501905402376133,,,0.2213368747233242,4.528,,1781077441,2026-06-10T07:44:01Z,TVC:US10Y
,,,1.501905402376133,,,0.2213368747233242,4.528,,1781077619,2026-06-10T07:46:59Z,TVC:US10Y
,,,1.501905402376133,,,0.2213368747233242,4.528,,1781077795,2026-06-10T07:49:55Z,TVC:US10Y
,,,1.501905402376133,,,0.2213368747233242,4.528,,1781077978,2026-06-10T07:52:58Z,TVC:US10Y
,,,1.591571396547853,,,0.3098716246126657,4.532,,1781078162,2026-06-10T07:56:02Z,TVC:US10Y
,,,1.591571396547853,,,0.3098716246126657,4.532,,1781078341,2026-06-10T07:59:01Z,TVC:US10Y
,,,1.591571396547853,,,0.3098716246126657,4.532,,1781078526,2026-06-10T08:02:06Z,TVC:US10Y
,,,1.6812373907195537,,,0.3984063745019875,4.536,,1781078697,2026-06-10T08:04:57Z,TVC:US10Y
,,,1.6812373907195537,,,0.3984063745019875,4.536,,1781078883,2026-06-10T08:08:03Z,TVC:US10Y
,,,1.6812373907195537,,,0.3984063745019875,4.536,,1781079059,2026-06-10T08:10:59Z,TVC:US10Y
,,,1.591571396547853,,,0.3098716246126657,4.532,,1781079239,2026-06-10T08:13:59Z,TVC:US10Y
,,,1.591571396547853,,,0.3098716246126657,4.532,,1781079416,2026-06-10T08:16:56Z,TVC:US10Y
,,,1.591571396547853,,,0.3098716246126657,4.532,,1781079602,2026-06-10T08:20:02Z,TVC:US10Y
,,,1.6812373907195537,,,0.3984063745019875,4.536,,1781079776,2026-06-10T08:22:56Z,TVC:US10Y
,,,1.6812373907195537,,,0.3984063745019875,4.536,,1781079963,2026-06-10T08:26:03Z,TVC:US10Y
,,,1.6812373907195537,,,0.3984063745019875,4.536,,1781080137,2026-06-10T08:28:57Z,TVC:US10Y
,,,1.6812373907195537,,,0.3984063745019875,4.536,,1781080324,2026-06-10T08:32:04Z,TVC:US10Y
,,,1.6812373907195537,,,0.3984063745019875,4.536,,1781080495,2026-06-10T08:34:55Z,TVC:US10Y
,,,1.6812373907195537,,,0.3984063745019875,4.536,,1781080684,2026-06-10T08:38:04Z,TVC:US10Y
,,,1.6812373907195537,,,0.3984063745019875,4.536,,1781080863,2026-06-10T08:41:03Z,TVC:US10Y
,,,1.6812373907195537,,,0.3984063745019875,4.536,,1781081038,2026-06-10T08:43:58Z,TVC:US10Y
,,,1.6812373907195537,,,0.3984063745019875,4.536,,1781081223,2026-06-10T08:47:03Z,TVC:US10Y
,,,1.591571396547853,,,0.3098716246126657,4.532,,1781081400,2026-06-10T08:50:00Z,TVC:US10Y
,,,1.591571396547853,,,0.3098716246126657,4.532,,1781081574,2026-06-10T08:52:54Z,TVC:US10Y
,,,1.5467383994620028,,,0.2656042496680048,4.53,,1781081759,2026-06-10T08:55:59Z,TVC:US10Y
,,,1.591571396547853,,,0.3098716246126657,4.532,,1781081946,2026-06-10T08:59:06Z,TVC:US10Y
,,,1.5467383994620028,,,0.2656042496680048,4.53,,1781082110,2026-06-10T09:01:50Z,TVC:US10Y
,,,1.501905402376133,,,0.2213368747233242,4.528,,1781082302,2026-06-10T09:05:02Z,TVC:US10Y
,,,1.501905402376133,,,0.2213368747233242,4.528,,1781082481,2026-06-10T09:08:01Z,TVC:US10Y
,,,1.501905402376133,,,0.2213368747233242,4.528,,1781082656,2026-06-10T09:10:56Z,TVC:US10Y
,,,1.501905402376133,,,0.2213368747233242,4.528,,1781082835,2026-06-10T09:13:55Z,TVC:US10Y
,,,1.4570724052902824,,,0.1770694997786633,4.526,,1781083020,2026-06-10T09:17:00Z,TVC:US10Y
,,,1.501905402376133,,,0.2213368747233242,4.528,,1781083201,2026-06-10T09:20:01Z,TVC:US10Y
,,,1.501905402376133,,,0.2213368747233242,4.528,,1781083385,2026-06-10T09:23:05Z,TVC:US10Y
,,,1.501905402376133,,,0.2213368747233242,4.528,,1781083572,2026-06-10T09:26:12Z,TVC:US10Y
,,,1.501905402376133,,,0.2213368747233242,4.528,,1781083739,2026-06-10T09:28:59Z,TVC:US10Y
,,,1.591571396547853,,,0.3098716246126657,4.532,,1781083923,2026-06-10T09:32:03Z,TVC:US10Y
,,,1.591571396547853,,,0.3098716246126657,4.532,,1781084103,2026-06-10T09:35:03Z,TVC:US10Y
,,,1.591571396547853,,,0.3098716246126657,4.532,,1781084286,2026-06-10T09:38:06Z,TVC:US10Y
,,,1.6364043936337034,,,0.3541389995573266,4.534,,1781084460,2026-06-10T09:41:00Z,TVC:US10Y
,,,1.6812373907195537,,,0.3984063745019875,4.536,,1781084638,2026-06-10T09:43:58Z,TVC:US10Y
,,,1.6364043936337034,,,0.3541389995573266,4.534,,1781084821,2026-06-10T09:47:01Z,TVC:US10Y
,,,1.591571396547853,,,0.3098716246126657,4.532,,1781085005,2026-06-10T09:50:05Z,TVC:US10Y
,,,1.591571396547853,,,0.3098716246126657,4.532,,1781085181,2026-06-10T09:53:01Z,TVC:US10Y
,,,1.591571396547853,,,0.3098716246126657,4.532,,1781085360,2026-06-10T09:56:00Z,TVC:US10Y
,,,1.591571396547853,,,0.3098716246126657,4.532,,1781085540,2026-06-10T09:59:00Z,TVC:US10Y
,,,1.591571396547853,,,0.3098716246126657,4.532,,1781085723,2026-06-10T10:02:03Z,TVC:US10Y
,,,1.591571396547853,,,0.3098716246126657,4.532,,1781085912,2026-06-10T10:05:12Z,TVC:US10Y
,,,1.591571396547853,,,0.3098716246126657,4.532,,1781086085,2026-06-10T10:08:05Z,TVC:US10Y
,,,1.591571396547853,,,0.3098716246126657,4.532,,1781086257,2026-06-10T10:10:57Z,TVC:US10Y
,,,1.501905402376133,,,0.2213368747233242,4.528,,1781086436,2026-06-10T10:13:56Z,TVC:US10Y
,,,1.591571396547853,,,0.3098716246126657,4.532,,1781086617,2026-06-10T10:16:57Z,TVC:US10Y
,,,1.5467383994620028,,,0.2656042496680048,4.53,,1781086794,2026-06-10T10:19:54Z,TVC:US10Y
,,,1.501905402376133,,,0.2213368747233242,4.528,,1781086985,2026-06-10T10:23:05Z,TVC:US10Y
,,,1.501905402376133,,,0.2213368747233242,4.528,,1781087160,2026-06-10T10:26:00Z,TVC:US10Y
,,,1.501905402376133,,,0.2213368747233242,4.528,,1781087339,2026-06-10T10:28:59Z,TVC:US10Y
,,,1.501905402376133,,,0.2213368747233242,4.528,,1781087522,2026-06-10T10:32:02Z,TVC:US10Y
,,,1.501905402376133,,,0.2213368747233242,4.528,,1781087703,2026-06-10T10:35:03Z,TVC:US10Y
,,,1.4570724052902824,,,0.1770694997786633,4.526,,1781087872,2026-06-10T10:37:52Z,TVC:US10Y
,,,1.501905402376133,,,0.2213368747233242,4.528,,1781088062,2026-06-10T10:41:02Z,TVC:US10Y
,,,1.501905402376133,,,0.2213368747233242,4.528,,1781088240,2026-06-10T10:44:00Z,TVC:US10Y
,,,1.412239408204432,,,0.1328021248340024,4.524,,1781088424,2026-06-10T10:47:04Z,TVC:US10Y
,,,1.501905402376133,,,0.2213368747233242,4.528,,1781088601,2026-06-10T10:50:01Z,TVC:US10Y
,,,1.501905402376133,,,0.2213368747233242,4.528,,1781088778,2026-06-10T10:52:58Z,TVC:US10Y
,,,1.412239408204432,,,0.1328021248340024,4.524,,1781088967,2026-06-10T10:56:07Z,TVC:US10Y
,,,1.501905402376133,,,0.2213368747233242,4.528,,1781089142,2026-06-10T10:59:02Z,TVC:US10Y
,,,1.501905402376133,,,0.2213368747233242,4.528,,1781089325,2026-06-10T11:02:05Z,TVC:US10Y
,,,1.815736381977124,,,0.5312084993359899,4.542,,1781089502,2026-06-10T11:05:02Z,TVC:US10Y
,,,1.9054023761488448,,,0.6197432492253314,4.546,,1781089679,2026-06-10T11:07:59Z,TVC:US10Y
,,,1.8605693790629745,,,0.5754758742806507,4.544,,1781089856,2026-06-10T11:10:56Z,TVC:US10Y
,,,1.8605693790629745,,,0.5754758742806507,4.544,,1781090038,2026-06-10T11:13:58Z,TVC:US10Y
,,,1.770903384891274,,,0.4869411243913289,4.54,,1781090219,2026-06-10T11:16:59Z,TVC:US10Y
,,,1.770903384891274,,,0.4869411243913289,4.54,,1781090397,2026-06-10T11:19:57Z,TVC:US10Y
,,,1.6812373907195537,,,0.3984063745019875,4.536,,1781090579,2026-06-10T11:22:59Z,TVC:US10Y
,,,1.7260703878054238,,,0.5754758742806507,4.544,,1781090758,2026-06-10T11:25:58Z,TVC:US10Y
,,,1.8605693790629745,,,0.5754758742806507,4.544,,1781090952,2026-06-10T11:29:12Z,TVC:US10Y
,,,1.8605693790629745,,,0.5754758742806507,4.544,,1781091120,2026-06-10T11:32:00Z,TVC:US10Y
,,,1.770903384891274,,,0.4869411243913289,4.54,,1781091300,2026-06-10T11:35:00Z,TVC:US10Y
,,,1.770903384891274,,,0.4869411243913289,4.54,,1781091481,2026-06-10T11:38:01Z,TVC:US10Y
,,,1.8605693790629745,,,0.5754758742806507,4.544,,1781091660,2026-06-10T11:41:00Z,TVC:US10Y
,,,1.8605693790629745,,,0.5754758742806507,4.544,,1781091836,2026-06-10T11:43:56Z,TVC:US10Y
,,,1.8605693790629745,,,0.5754758742806507,4.544,,1781092015,2026-06-10T11:46:55Z,TVC:US10Y
,,,1.9054023761488448,,,0.6197432492253314,4.546,,1781092208,2026-06-10T11:50:08Z,TVC:US10Y
,,,1.770903384891274,,,0.4869411243913289,4.54,,1781092382,2026-06-10T11:53:02Z,TVC:US10Y
,,,1.770903384891274,,,0.4869411243913289,4.54,,1781092557,2026-06-10T11:55:57Z,TVC:US10Y
,,,1.770903384891274,,,0.4869411243913289,4.54,,1781092742,2026-06-10T11:59:02Z,TVC:US10Y
,,,1.6812373907195537,,,0.3984063745019875,4.536,,1781092921,2026-06-10T12:02:01Z,TVC:US10Y
,,,1.6812373907195537,,,0.3984063745019875,4.536,,1781093100,2026-06-10T12:05:00Z,TVC:US10Y
,,,1.6812373907195537,,,0.3984063745019875,4.536,,1781093282,2026-06-10T12:08:02Z,TVC:US10Y
,,,1.770903384891274,,,0.4869411243913289,4.54,,1781093458,2026-06-10T12:10:58Z,TVC:US10Y
,,,1.6812373907195537,,,0.3984063745019875,4.536,,1781093640,2026-06-10T12:14:00Z,TVC:US10Y
,,,1.591571396547853,,,0.3098716246126657,4.532,,1781093818,2026-06-10T12:16:58Z,TVC:US10Y
,,,1.6812373907195537,,,0.3984063745019875,4.536,,1781094009,2026-06-10T12:20:09Z,TVC:US10Y
,,,1.6812373907195537,,,0.3984063745019875,4.536,,1781094181,2026-06-10T12:23:01Z,TVC:US10Y
,,,1.591571396547853,,,0.3098716246126657,4.532,,1781094361,2026-06-10T12:26:01Z,TVC:US10Y
,,,1.591571396547853,,,0.3098716246126657,4.532,,1781094540,2026-06-10T12:29:00Z,TVC:US10Y
,,,1.591571396547853,,,0.3098716246126657,4.532,,1781094723,2026-06-10T12:32:03Z,TVC:US10Y
,,,1.412239408204432,,,0.1328021248340024,4.524,,1781094905,2026-06-10T12:35:05Z,TVC:US10Y
,,,1.501905402376133,,,0.2213368747233242,4.528,,1781095080,2026-06-10T12:38:00Z,TVC:US10Y
,,,1.5467383994620028,,,0.2656042496680048,4.53,,1781095260,2026-06-10T12:41:00Z,TVC:US10Y
,,,1.412239408204432,,,0.1328021248340024,4.524,,1781095440,2026-06-10T12:44:00Z,TVC:US10Y
,,,1.165657924232226,,,-0.1106684373616621,4.513,,1781095619,2026-06-10T12:46:59Z,TVC:US10Y
,,,1.3225734140327117,,,0.0442673749446609,4.52,,1781095795,2026-06-10T12:49:55Z,TVC:US10Y
,,,1.3225734140327117,,,0.0442673749446609,4.52,,1781095980,2026-06-10T12:53:00Z,TVC:US10Y
,,,1.3225734140327117,,,0.0442673749446609,4.52,,1781096153,2026-06-10T12:55:53Z,TVC:US10Y
,,,1.412239408204432,,,0.1328021248340024,4.524,,1781096336,2026-06-10T12:58:56Z,TVC:US10Y
,,,1.4570724052902824,,,0.1770694997786633,4.526,,1781096526,2026-06-10T13:02:06Z,TVC:US10Y
,,,1.501905402376133,,,0.2213368747233242,4.528,,1781096700,2026-06-10T13:05:00Z,TVC:US10Y
,,,1.591571396547853,,,0.3098716246126657,4.532,,1781096883,2026-06-10T13:08:03Z,TVC:US10Y
,,,1.501905402376133,,,0.2213368747233242,4.528,,1781097057,2026-06-10T13:10:57Z,TVC:US10Y
,,,1.412239408204432,,,0.1328021248340024,4.524,,1781097240,2026-06-10T13:14:00Z,TVC:US10Y
,,,1.412239408204432,,,0.1328021248340024,4.524,,1781097427,2026-06-10T13:17:07Z,TVC:US10Y
,,,1.4570724052902824,,,0.1770694997786633,4.526,,1781097598,2026-06-10T13:19:58Z,TVC:US10Y
,,,1.501905402376133,,,0.2213368747233242,4.528,,1781097780,2026-06-10T13:23:00Z,TVC:US10Y
,,,1.412239408204432,,,0.1328021248340024,4.524,,1781097962,2026-06-10T13:26:02Z,TVC:US10Y
,,,1.412239408204432,,,0.1328021248340024,4.524,,1781098145,2026-06-10T13:29:05Z,TVC:US10Y
,,,1.412239408204432,,,0.1328021248340024,4.524,,1781098320,2026-06-10T13:32:00Z,TVC:US10Y
,,,1.501905402376133,,,0.2213368747233242,4.528,,1781098500,2026-06-10T13:35:00Z,TVC:US10Y
,,,1.412239408204432,,,0.1328021248340024,4.524,,1781098681,2026-06-10T13:38:01Z,TVC:US10Y
,,,1.4570724052902824,,,0.1770694997786633,4.526,,1781098853,2026-06-10T13:40:53Z,TVC:US10Y
,,,1.412239408204432,,,0.1328021248340024,4.524,,1781099045,2026-06-10T13:44:05Z,TVC:US10Y
,,,1.2777404169468616,,,0.0,4.518,,1781099225,2026-06-10T13:47:05Z,TVC:US10Y
,,,1.2777404169468616,,,0.0,4.518,,1781099395,2026-06-10T13:49:55Z,TVC:US10Y
,,,1.4570724052902824,,,0.1770694997786633,4.526,,1781099585,2026-06-10T13:53:05Z,TVC:US10Y
,,,1.4570724052902824,,,0.1770694997786633,4.526,,1781099761,2026-06-10T13:56:01Z,TVC:US10Y
,,,1.4570724052902824,,,0.1770694997786633,4.526,,1781099940,2026-06-10T13:59:00Z,TVC:US10Y
,,,1.412239408204432,,,0.1328021248340024,4.524,,1781100130,2026-06-10T14:02:10Z,TVC:US10Y
,,,1.367406411118582,,,0.0885347498893414,4.522,,1781100304,2026-06-10T14:05:04Z,TVC:US10Y
,,,1.3225734140327117,,,0.0442673749446609,4.52,,1781100483,2026-06-10T14:08:03Z,TVC:US10Y
,,,1.412239408204432,,,0.1328021248340024,4.524,,1781100654,2026-06-10T14:10:54Z,TVC:US10Y
,,,1.2329074198610113,,,-0.0442673749446609,4.516,,1781100847,2026-06-10T14:14:07Z,TVC:US10Y
,,,1.2777404169468616,,,0.0,4.518,,1781101019,2026-06-10T14:16:59Z,TVC:US10Y
,,,1.3225734140327117,,,0.0442673749446609,4.52,,1781101204,2026-06-10T14:20:04Z,TVC:US10Y
,,,1.3225734140327117,,,0.0442673749446609,4.52,,1781101383,2026-06-10T14:23:03Z,TVC:US10Y
,,,1.367406411118582,,,0.0885347498893414,4.522,,1781101560,2026-06-10T14:26:00Z,TVC:US10Y
,,,1.412239408204432,,,0.1328021248340024,4.524,,1781101733,2026-06-10T14:28:53Z,TVC:US10Y
,,,1.412239408204432,,,0.1328021248340024,4.524,,1781101924,2026-06-10T14:32:04Z,TVC:US10Y
,,,1.412239408204432,,,0.1328021248340024,4.524,,1781102101,2026-06-10T14:35:01Z,TVC:US10Y
,,,1.412239408204432,,,0.1328021248340024,4.524,,1781102288,2026-06-10T14:38:08Z,TVC:US10Y
,,,1.3225734140327117,,,0.0442673749446609,4.52,,1781102456,2026-06-10T14:40:56Z,TVC:US10Y
,,,1.3225734140327117,,,0.0442673749446609,4.52,,1781102636,2026-06-10T14:43:56Z,TVC:US10Y
,,,1.2777404169468616,,,0.0,4.518,,1781102826,2026-06-10T14:47:06Z,TVC:US10Y
,,,1.3225734140327117,,,0.0442673749446609,4.52,,1781102998,2026-06-10T14:49:58Z,TVC:US10Y
,,,1.3225734140327117,,,0.0442673749446609,4.52,,1781103184,2026-06-10T14:53:04Z,TVC:US10Y
,,,1.412239408204432,,,0.1328021248340024,4.524,,1781103360,2026-06-10T14:56:00Z,TVC:US10Y
,,,1.412239408204432,,,0.1328021248340024,4.524,,1781103544,2026-06-10T14:59:04Z,TVC:US10Y
,,,1.412239408204432,,,0.1328021248340024,4.524,,1781103719,2026-06-10T15:01:59Z,TVC:US10Y
,,,1.412239408204432,,,0.1328021248340024,4.524,,1781103897,2026-06-10T15:04:57Z,TVC:US10Y
,,,1.412239408204432,,,0.1328021248340024,4.524,,1781104084,2026-06-10T15:08:04Z,TVC:US10Y
,,,1.412239408204432,,,0.1328021248340024,4.524,,1781104258,2026-06-10T15:10:58Z,TVC:US10Y
,,,1.412239408204432,,,0.1328021248340024,4.524,,1781104442,2026-06-10T15:14:02Z,TVC:US10Y
,,,1.412239408204432,,,0.1328021248340024,4.524,,1781104618,2026-06-10T15:16:58Z,TVC:US10Y
,,,1.412239408204432,,,0.1328021248340024,4.524,,1781104805,2026-06-10T15:20:05Z,TVC:US10Y
,,,1.412239408204432,,,0.1328021248340024,4.524,,1781104976,2026-06-10T15:22:56Z,TVC:US10Y
,,,1.412239408204432,,,0.1328021248340024,4.524,,1781105164,2026-06-10T15:26:04Z,TVC:US10Y
,,,1.412239408204432,,,0.1328021248340024,4.524,,1781105343,2026-06-10T15:29:03Z,TVC:US10Y
,,,1.3225734140327117,,,0.0442673749446609,4.52,,1781105518,2026-06-10T15:31:58Z,TVC:US10Y
,,,1.3225734140327117,,,0.0442673749446609,4.52,,1781105698,2026-06-10T15:34:58Z,TVC:US10Y
,,,1.3225734140327117,,,0.0442673749446609,4.52,,1781105882,2026-06-10T15:38:02Z,TVC:US10Y
,,,1.412239408204432,,,0.1328021248340024,4.524,,1781106063,2026-06-10T15:41:03Z,TVC:US10Y
,,,1.412239408204432,,,0.1328021248340024,4.524,,1781106243,2026-06-10T15:44:03Z,TVC:US10Y
,,,1.412239408204432,,,0.1328021248340024,4.524,,1781106414,2026-06-10T15:46:54Z,TVC:US10Y
,,,1.770903384891274,,,0.4869411243913289,4.54,,1781106598,2026-06-10T15:49:58Z,TVC:US10Y
,,,1.6812373907195537,,,0.3984063745019875,4.536,,1781106776,2026-06-10T15:52:56Z,TVC:US10Y
,,,1.591571396547853,,,0.3098716246126657,4.532,,1781106963,2026-06-10T15:56:03Z,TVC:US10Y
,,,1.5467383994620028,,,0.2656042496680048,4.53,,1781107135,2026-06-10T15:58:55Z,TVC:US10Y
,,,1.5467383994620028,,,0.2656042496680048,4.53,,1781107326,2026-06-10T16:02:06Z,TVC:US10Y
,,,1.501905402376133,,,0.2213368747233242,4.528,,1781107499,2026-06-10T16:04:59Z,TVC:US10Y
,,,1.501905402376133,,,0.2213368747233242,4.528,,1781107682,2026-06-10T16:08:02Z,TVC:US10Y
,,,1.501905402376133,,,0.2213368747233242,4.528,,1781107862,2026-06-10T16:11:02Z,TVC:US10Y
,,,1.501905402376133,,,0.2213368747233242,4.528,,1781108039,2026-06-10T16:13:59Z,TVC:US10Y
,,,1.501905402376133,,,0.2213368747233242,4.528,,1781108225,2026-06-10T16:17:05Z,TVC:US10Y
,,,1.501905402376133,,,0.2213368747233242,4.528,,1781108402,2026-06-10T16:20:02Z,TVC:US10Y
,,,1.5467383994620028,,,0.2656042496680048,4.53,,1781108581,2026-06-10T16:23:01Z,TVC:US10Y
,,,1.5467383994620028,,,0.2656042496680048,4.53,,1781108761,2026-06-10T16:26:01Z,TVC:US10Y
,,,1.501905402376133,,,0.2213368747233242,4.528,,1781108939,2026-06-10T16:28:59Z,TVC:US10Y
,,,1.501905402376133,,,0.2213368747233242,4.528,,1781109121,2026-06-10T16:32:01Z,TVC:US10Y
,,,1.501905402376133,,,0.2213368747233242,4.528,,1781109305,2026-06-10T16:35:05Z,TVC:US10Y
,,,1.501905402376133,,,0.2213368747233242,4.528,,1781109478,2026-06-10T16:37:58Z,TVC:US10Y
,,,1.591571396547853,,,0.3098716246126657,4.532,,1781109656,2026-06-10T16:40:56Z,TVC:US10Y
,,,1.591571396547853,,,0.3098716246126657,4.532,,1781109844,2026-06-10T16:44:04Z,TVC:US10Y
,,,1.6812373907195537,,,0.3984063745019875,4.536,,1781110024,2026-06-10T16:47:04Z,TVC:US10Y
,,,1.7260703878054238,,,0.442673749446668,4.538,,1781110201,2026-06-10T16:50:01Z,TVC:US10Y
,,,1.770903384891274,,,0.4869411243913289,4.54,,1781110373,2026-06-10T16:52:53Z,TVC:US10Y
,,,1.770903384891274,,,0.4869411243913289,4.54,,1781110555,2026-06-10T16:55:55Z,TVC:US10Y
,,,1.770903384891274,,,0.4869411243913289,4.54,,1781110741,2026-06-10T16:59:01Z,TVC:US10Y
,,,1.770903384891274,,,0.4869411243913289,4.54,,1781110923,2026-06-10T17:02:03Z,TVC:US10Y
,,,1.6812373907195537,,,0.3984063745019875,4.536,,1781111097,2026-06-10T17:04:57Z,TVC:US10Y
,,,1.7260703878054238,,,0.442673749446668,4.538,,1781111278,2026-06-10T17:07:58Z,TVC:US10Y
,,,1.770903384891274,,,0.4869411243913289,4.54,,1781111464,2026-06-10T17:11:04Z,TVC:US10Y
,,,1.770903384891274,,,0.4869411243913289,4.54,,1781111642,2026-06-10T17:14:02Z,TVC:US10Y
,,,1.770903384891274,,,0.4869411243913289,4.54,,1781111824,2026-06-10T17:17:04Z,TVC:US10Y
,,,1.9502353732346949,,,0.6640106241699922,4.548,,1781112005,2026-06-10T17:20:05Z,TVC:US10Y
,,,1.9502353732346949,,,0.6640106241699922,4.548,,1781112181,2026-06-10T17:23:01Z,TVC:US10Y
,,,1.9502353732346949,,,0.6640106241699922,4.548,,1781112364,2026-06-10T17:26:04Z,TVC:US10Y
,,,2.0399013674063955,,,0.752545374059314,4.552,,1781112543,2026-06-10T17:29:03Z,TVC:US10Y
,,,2.0399013674063955,,,0.752545374059314,4.552,,1781112722,2026-06-10T17:32:02Z,TVC:US10Y
,,,2.0399013674063955,,,0.752545374059314,4.552,,1781112893,2026-06-10T17:34:53Z,TVC:US10Y
,,,2.129567361578116,,,0.8410801239486555,4.556,,1781113084,2026-06-10T17:38:04Z,TVC:US10Y
,,,2.129567361578116,,,0.8410801239486555,4.556,,1781113258,2026-06-10T17:40:58Z,TVC:US10Y
,,,2.129567361578116,,,0.8410801239486555,4.556,,1781113446,2026-06-10T17:44:06Z,TVC:US10Y
,,,2.0399013674063955,,,0.752545374059314,4.552,,1781113616,2026-06-10T17:46:56Z,TVC:US10Y
,,,2.0399013674063955,,,0.752545374059314,4.552,,1781113795,2026-06-10T17:49:55Z,TVC:US10Y
,,,2.0399013674063955,,,0.752545374059314,4.552,,1781113977,2026-06-10T17:52:57Z,TVC:US10Y
,,,1.9950683703205447,,,0.7082779991146532,4.55,,1781114167,2026-06-10T17:56:07Z,TVC:US10Y
,,,1.9502353732346949,,,0.6640106241699922,4.548,,1781114337,2026-06-10T17:58:57Z,TVC:US10Y
,,,1.815736381977124,,,0.5312084993359899,4.542,,1781114523,2026-06-10T18:02:03Z,TVC:US10Y
,,,1.770903384891274,,,0.4869411243913289,4.54,,1781114697,2026-06-10T18:04:57Z,TVC:US10Y
,,,1.770903384891274,,,0.4869411243913289,4.54,,1781114884,2026-06-10T18:08:04Z,TVC:US10Y
,,,1.6812373907195537,,,0.3984063745019875,4.536,,1781115053,2026-06-10T18:10:53Z,TVC:US10Y
,,,1.6812373907195537,,,0.3984063745019875,4.536,,1781115237,2026-06-10T18:13:57Z,TVC:US10Y
,,,1.770903384891274,,,0.4869411243913289,4.54,,1781115419,2026-06-10T18:16:59Z,TVC:US10Y
,,,1.815736381977124,,,0.5312084993359899,4.542,,1781115600,2026-06-10T18:20:00Z,TVC:US10Y
,,,1.815736381977124,,,0.5312084993359899,4.542,,1781115782,2026-06-10T18:23:02Z,TVC:US10Y
,,,1.8605693790629745,,,0.5754758742806507,4.544,,1781115956,2026-06-10T18:25:56Z,TVC:US10Y
,,,1.770903384891274,,,0.4869411243913289,4.54,,1781116326,2026-06-10T18:32:06Z,TVC:US10Y
,,,1.770903384891274,,,0.4869411243913289,4.54,,1781116504,2026-06-10T18:35:04Z,TVC:US10Y
,,,1.770903384891274,,,0.4869411243913289,4.54,,1781116677,2026-06-10T18:37:57Z,TVC:US10Y
,,,1.770903384891274,,,0.4869411243913289,4.54,,1781116860,2026-06-10T18:41:00Z,TVC:US10Y
,,,1.6812373907195537,,,0.3984063745019875,4.536,,1781117036,2026-06-10T18:43:56Z,TVC:US10Y
,,,1.6812373907195537,,,0.3984063745019875,4.536,,1781117221,2026-06-10T18:47:01Z,TVC:US10Y
,,,1.6812373907195537,,,0.3984063745019875,4.536,,1781117402,2026-06-10T18:50:02Z,TVC:US10Y
,,,1.770903384891274,,,0.4869411243913289,4.54,,1781117578,2026-06-10T18:52:58Z,TVC:US10Y
,,,1.815736381977124,,,0.5312084993359899,4.542,,1781117764,2026-06-10T18:56:04Z,TVC:US10Y
,,,1.815736381977124,,,0.5312084993359899,4.542,,1781117937,2026-06-10T18:58:57Z,TVC:US10Y
,,,1.770903384891274,,,0.4869411243913289,4.54,,1781118117,2026-06-10T19:01:57Z,TVC:US10Y
,,,1.770903384891274,,,0.4869411243913289,4.54,,1781118299,2026-06-10T19:04:59Z,TVC:US10Y
,,,1.815736381977124,,,0.5312084993359899,4.542,,1781118472,2026-06-10T19:07:52Z,TVC:US10Y
,,,1.815736381977124,,,0.5312084993359899,4.542,,1781118657,2026-06-10T19:10:57Z,TVC:US10Y
,,,1.815736381977124,,,0.5312084993359899,4.542,,1781118846,2026-06-10T19:14:06Z,TVC:US10Y
,,,1.815736381977124,,,0.5312084993359899,4.542,,1781119024,2026-06-10T19:17:04Z,TVC:US10Y
,,,1.815736381977124,,,0.5312084993359899,4.542,,1781119197,2026-06-10T19:19:57Z,TVC:US10Y
,,,1.8605693790629745,,,0.5754758742806507,4.544,,1781119380,2026-06-10T19:23:00Z,TVC:US10Y
,,,1.8605693790629745,,,0.5754758742806507,4.544,,1781119555,2026-06-10T19:25:55Z,TVC:US10Y
,,,1.8605693790629745,,,0.5754758742806507,4.544,,1781119735,2026-06-10T19:28:55Z,TVC:US10Y
,,,1.9054023761488448,,,0.6197432492253314,4.546,,1781119925,2026-06-10T19:32:05Z,TVC:US10Y
,,,1.8605693790629745,,,0.5754758742806507,4.544,,1781120095,2026-06-10T19:34:55Z,TVC:US10Y
,,,1.8605693790629745,,,0.5754758742806507,4.544,,1781120286,2026-06-10T19:38:06Z,TVC:US10Y
,,,1.815736381977124,,,0.5312084993359899,4.542,,1781120459,2026-06-10T19:40:59Z,TVC:US10Y
,,,1.770903384891274,,,0.4869411243913289,4.54,,1781120640,2026-06-10T19:44:00Z,TVC:US10Y
,,,1.815736381977124,,,0.5312084993359899,4.542,,1781120818,2026-06-10T19:46:58Z,TVC:US10Y
,,,1.770903384891274,,,0.4869411243913289,4.54,,1781121010,2026-06-10T19:50:10Z,TVC:US10Y
,,,1.8605693790629745,,,0.5754758742806507,4.544,,1781121179,2026-06-10T19:52:59Z,TVC:US10Y
,,,1.8605693790629745,,,0.5754758742806507,4.544,,1781121353,2026-06-10T19:55:53Z,TVC:US10Y
,,,1.8605693790629745,,,0.5754758742806507,4.544,,1781121542,2026-06-10T19:59:02Z,TVC:US10Y
,,,1.9502353732346949,,,0.6640106241699922,4.548,,1781121716,2026-06-10T20:01:56Z,TVC:US10Y
,,,1.8605693790629745,,,0.5754758742806507,4.544,,1781121898,2026-06-10T20:04:58Z,TVC:US10Y
,,,1.8605693790629745,,,0.5754758742806507,4.544,,1781122085,2026-06-10T20:08:05Z,TVC:US10Y
,,,1.9502353732346949,,,0.6640106241699922,4.548,,1781122259,2026-06-10T20:10:59Z,TVC:US10Y
,,,1.9502353732346949,,,0.6640106241699922,4.548,,1781122436,2026-06-10T20:13:56Z,TVC:US10Y
,,,1.9502353732346949,,,0.6640106241699922,4.548,,1781122625,2026-06-10T20:17:05Z,TVC:US10Y
,,,1.9502353732346949,,,0.6640106241699922,4.548,,1781122797,2026-06-10T20:19:57Z,TVC:US10Y
,,,1.9502353732346949,,,0.6640106241699922,4.548,,1781122981,2026-06-10T20:23:01Z,TVC:US10Y
,,,1.9502353732346949,,,0.6640106241699922,4.548,,1781123162,2026-06-10T20:26:02Z,TVC:US10Y
,,,1.9502353732346949,,,0.6640106241699922,4.548,,1781123342,2026-06-10T20:29:02Z,TVC:US10Y
,,,1.9950683703205447,,,0.7082779991146532,4.55,,1781123527,2026-06-10T20:32:07Z,TVC:US10Y
,,,1.9502353732346949,,,0.6640106241699922,4.548,,1781123700,2026-06-10T20:35:00Z,TVC:US10Y
,,,1.9502353732346949,,,0.6640106241699922,4.548,,1781123879,2026-06-10T20:37:59Z,TVC:US10Y
,,,2.0399013674063955,,,0.752545374059314,4.552,,1781124058,2026-06-10T20:40:58Z,TVC:US10Y
,,,2.0399013674063955,,,0.752545374059314,4.552,,1781124245,2026-06-10T20:44:05Z,TVC:US10Y
,,,2.0399013674063955,,,0.752545374059314,4.552,,1781124420,2026-06-10T20:47:00Z,TVC:US10Y
,,,2.129567361578116,,,0.8410801239486555,4.556,,1781124607,2026-06-10T20:50:07Z,TVC:US10Y
,,,2.174400358663966,,,0.8853474988933164,4.558,,1781124776,2026-06-10T20:52:56Z,TVC:US10Y
,,,2.129567361578116,,,0.8410801239486555,4.556,,1781124967,2026-06-10T20:56:07Z,TVC:US10Y
,,,2.129567361578116,,,0.8410801239486555,4.556,,1781125134,2026-06-10T20:58:54Z,TVC:US10Y
,,,2.0847343644922653,,,0.7968127490039947,4.554,,1781125320,2026-06-10T21:02:00Z,TVC:US10Y
,,,2.0847343644922653,,,0.7968127490039947,4.554,,1781125503,2026-06-10T21:05:03Z,TVC:US10Y
,,,2.0847343644922653,,,0.7968127490039947,4.554,,1781125684,2026-06-10T21:08:04Z,TVC:US10Y
,,,2.0847343644922653,,,0.7968127490039947,4.554,,1781125864,2026-06-10T21:11:04Z,TVC:US10Y
,,,2.0847343644922653,,,0.7968127490039947,4.554,,1781126038,2026-06-10T21:13:58Z,TVC:US10Y
,,,2.0847343644922653,,,0.7968127490039947,4.554,,1781126224,2026-06-10T21:17:04Z,TVC:US10Y
,,,2.0847343644922653,,,0.7968127490039947,4.554,,1781126402,2026-06-10T21:20:02Z,TVC:US10Y
,,,2.0847343644922653,,,0.7968127490039947,4.554,,1781126579,2026-06-10T21:22:59Z,TVC:US10Y
,,,2.0847343644922653,,,0.7968127490039947,4.554,,1781126763,2026-06-10T21:26:03Z,TVC:US10Y
,,,2.0847343644922653,,,0.7968127490039947,4.554,,1781126950,2026-06-10T21:29:10Z,TVC:US10Y
,,,2.0847343644922653,,,0.7968127490039947,4.554,,1781127120,2026-06-10T21:32:00Z,TVC:US10Y
,,,2.0847343644922653,,,0.7968127490039947,4.554,,1781127295,2026-06-10T21:34:55Z,TVC:US10Y
,,,2.0847343644922653,,,0.7968127490039947,4.554,,1781127479,2026-06-10T21:37:59Z,TVC:US10Y
,,,2.0847343644922653,,,0.7968127490039947,4.554,,1781127655,2026-06-10T21:40:55Z,TVC:US10Y
,,,2.0847343644922653,,,0.7968127490039947,4.554,,1781127838,2026-06-10T21:43:58Z,TVC:US10Y
,,,2.0847343644922653,,,0.7968127490039947,4.554,,1781128021,2026-06-10T21:47:01Z,TVC:US10Y
,,,2.0847343644922653,,,0.7968127490039947,4.554,,1781128197,2026-06-10T21:49:57Z,TVC:US10Y
,,,2.0847343644922653,,,0.7968127490039947,4.554,,1781128383,2026-06-10T21:53:03Z,TVC:US10Y
,,,2.0847343644922653,,,0.7968127490039947,4.554,,1781128554,2026-06-10T21:55:54Z,TVC:US10Y
,,,2.0847343644922653,,,0.7968127490039947,4.554,,1781128740,2026-06-10T21:59:00Z,TVC:US10Y
,,,2.0847343644922653,,,0.7968127490039947,4.554,,1781128922,2026-06-10T22:02:02Z,TVC:US10Y
,,,2.0847343644922653,,,0.7968127490039947,4.554,,1781129102,2026-06-10T22:05:02Z,TVC:US10Y
,,,2.0847343644922653,,,0.7968127490039947,4.554,,1781129270,2026-06-10T22:07:50Z,TVC:US10Y
,,,2.0847343644922653,,,0.7968127490039947,4.554,,1781129460,2026-06-10T22:11:00Z,TVC:US10Y
,,,2.0847343644922653,,,0.7968127490039947,4.554,,1781129643,2026-06-10T22:14:03Z,TVC:US10Y
,,,2.0847343644922653,,,0.7968127490039947,4.554,,1781129817,2026-06-10T22:16:57Z,TVC:US10Y
,,,2.0847343644922653,,,0.7968127490039947,4.554,,1781130001,2026-06-10T22:20:01Z,TVC:US10Y
,,,2.0847343644922653,,,0.7968127490039947,4.554,,1781130181,2026-06-10T22:23:01Z,TVC:US10Y
,,,2.0847343644922653,,,0.7968127490039947,4.554,,1781130356,2026-06-10T22:25:56Z,TVC:US10Y
,,,2.0847343644922653,,,0.7968127490039947,4.554,,1781130542,2026-06-10T22:29:02Z,TVC:US10Y
,,,2.0847343644922653,,,0.7968127490039947,4.554,,1781130719,2026-06-10T22:31:59Z,TVC:US10Y
,,,2.0847343644922653,,,0.7968127490039947,4.554,,1781130902,2026-06-10T22:35:02Z,TVC:US10Y
,,,2.0847343644922653,,,0.7968127490039947,4.554,,1781131080,2026-06-10T22:38:00Z,TVC:US10Y
,,,2.0847343644922653,,,0.7968127490039947,4.554,,1781131262,2026-06-10T22:41:02Z,TVC:US10Y
,,,2.0847343644922653,,,0.7968127490039947,4.554,,1781131441,2026-06-10T22:44:01Z,TVC:US10Y
,,,2.0847343644922653,,,0.7968127490039947,4.554,,1781131620,2026-06-10T22:47:00Z,TVC:US10Y
,,,2.0847343644922653,,,0.7968127490039947,4.554,,1781131801,2026-06-10T22:50:01Z,TVC:US10Y
,,,2.0847343644922653,,,0.7968127490039947,4.554,,1781131981,2026-06-10T22:53:01Z,TVC:US10Y
,,,2.0847343644922653,,,0.7968127490039947,4.554,,1781132160,2026-06-10T22:56:00Z,TVC:US10Y
,,,2.0847343644922653,,,0.7968127490039947,4.554,,1781132344,2026-06-10T22:59:04Z,TVC:US10Y
,,,2.0847343644922653,,,0.7968127490039947,4.554,,1781132524,2026-06-10T23:02:04Z,TVC:US10Y
,,,2.0847343644922653,,,0.7968127490039947,4.554,,1781132698,2026-06-10T23:04:58Z,TVC:US10Y
,,,2.0847343644922653,,,0.7968127490039947,4.554,,1781132875,2026-06-10T23:07:55Z,TVC:US10Y
,,,2.0847343644922653,,,0.7968127490039947,4.554,,1781133063,2026-06-10T23:11:03Z,TVC:US10Y
,,,2.0847343644922653,,,0.7968127490039947,4.554,,1781133234,2026-06-10T23:13:54Z,TVC:US10Y
,,,2.0847343644922653,,,0.7968127490039947,4.554,,1781133417,2026-06-10T23:16:57Z,TVC:US10Y
,,,2.0847343644922653,,,0.7968127490039947,4.554,,1781133601,2026-06-10T23:20:01Z,TVC:US10Y
,,,2.0847343644922653,,,0.7968127490039947,4.554,,1781133792,2026-06-10T23:23:12Z,TVC:US10Y
,,,2.0847343644922653,,,0.7968127490039947,4.554,,1781133966,2026-06-10T23:26:06Z,TVC:US10Y
,,,2.0847343644922653,,,0.7968127490039947,4.554,,1781134142,2026-06-10T23:29:02Z,TVC:US10Y
,,,2.0847343644922653,,,0.7968127490039947,4.554,,1781134325,2026-06-10T23:32:05Z,TVC:US10Y
,,,2.0847343644922653,,,0.7968127490039947,4.554,,1781134504,2026-06-10T23:35:04Z,TVC:US10Y
,,,2.0847343644922653,,,0.7968127490039947,4.554,,1781134686,2026-06-10T23:38:06Z,TVC:US10Y
,,,2.0847343644922653,,,0.7968127490039947,4.554,,1781134865,2026-06-10T23:41:05Z,TVC:US10Y
,,,2.0847343644922653,,,0.7968127490039947,4.554,,1781135038,2026-06-10T23:43:58Z,TVC:US10Y
,,,2.0847343644922653,,,0.7968127490039947,4.554,,1781135227,2026-06-10T23:47:07Z,TVC:US10Y
,,,2.0847343644922653,,,0.7968127490039947,4.554,,1781135401,2026-06-10T23:50:01Z,TVC:US10Y
,,,2.0847343644922653,,,0.7968127490039947,4.554,,1781135586,2026-06-10T23:53:06Z,TVC:US10Y
,,,2.0847343644922653,,,0.7968127490039947,4.554,,1781135761,2026-06-10T23:56:01Z,TVC:US10Y
,,,2.0847343644922653,,,0.7968127490039947,4.554,,1781135939,2026-06-10T23:58:59Z,TVC:US10Y
,,,2.0847343644922653,,,0.7968127490039947,4.554,,1781136127,2026-06-11T00:02:07Z,TVC:US10Y
,,,2.0847343644922653,,,0.7968127490039947,4.554,,1781136301,2026-06-11T00:05:01Z,TVC:US10Y
,,,2.0847343644922653,,,0.7968127490039947,4.554,,1781136485,2026-06-11T00:08:05Z,TVC:US10Y
,,,1.9415309082793963,,,0.3074220465524669,4.568,,1781136664,2026-06-11T00:11:04Z,TVC:US10Y
,,,1.8522651193929969,,,0.2195871761089105,4.564,,1781136838,2026-06-11T00:13:58Z,TVC:US10Y
,,,1.8522651193929969,,,0.2195871761089105,4.564,,1781137024,2026-06-11T00:17:04Z,TVC:US10Y
,,,1.8076322249497967,,,0.1756697408871323,4.562,,1781137207,2026-06-11T00:20:07Z,TVC:US10Y
,,,1.8076322249497967,,,0.1756697408871323,4.562,,1781137377,2026-06-11T00:22:57Z,TVC:US10Y
,,,1.8522651193929969,,,0.2195871761089105,4.564,,1781137561,2026-06-11T00:26:01Z,TVC:US10Y
,,,1.8522651193929969,,,0.2195871761089105,4.564,,1781137736,2026-06-11T00:28:56Z,TVC:US10Y
,,,1.8522651193929969,,,0.2195871761089105,4.564,,1781137924,2026-06-11T00:32:04Z,TVC:US10Y
,,,1.8522651193929969,,,0.2195871761089105,4.564,,1781138106,2026-06-11T00:35:06Z,TVC:US10Y
,,,1.8522651193929969,,,0.2195871761089105,4.564,,1781138282,2026-06-11T00:38:02Z,TVC:US10Y
,,,1.8522651193929969,,,0.2195871761089105,4.564,,1781138463,2026-06-11T00:41:03Z,TVC:US10Y
,,,1.8522651193929969,,,0.2195871761089105,4.564,,1781138637,2026-06-11T00:43:57Z,TVC:US10Y
,,,1.8522651193929969,,,0.2195871761089105,4.564,,1781138821,2026-06-11T00:47:01Z,TVC:US10Y
,,,1.8522651193929969,,,0.2195871761089105,4.564,,1781139005,2026-06-11T00:50:05Z,TVC:US10Y
,,,1.8522651193929969,,,0.2195871761089105,4.564,,1781139181,2026-06-11T00:53:01Z,TVC:US10Y
,,,1.8522651193929969,,,0.2195871761089105,4.564,,1781139364,2026-06-11T00:56:04Z,TVC:US10Y
,,,1.7629993305065776,,,0.1317523056653346,4.56,,1781139538,2026-06-11T00:58:58Z,TVC:US10Y
,,,1.7629993305065776,,,0.1317523056653346,4.56,,1781139719,2026-06-11T01:01:59Z,TVC:US10Y
,,,1.8522651193929969,,,0.0439174352217782,4.556,,1781139906,2026-06-11T01:05:06Z,TVC:US10Y
,,,1.6737335416201782,,,0.0439174352217782,4.556,,1781140087,2026-06-11T01:08:07Z,TVC:US10Y
,,,1.6737335416201782,,,0.0439174352217782,4.556,,1781140258,2026-06-11T01:10:58Z,TVC:US10Y
,,,1.539834858290559,,,-0.0878348704435759,4.55,,1781140439,2026-06-11T01:13:59Z,TVC:US10Y
,,,1.539834858290559,,,-0.0878348704435759,4.55,,1781140619,2026-06-11T01:16:59Z,TVC:US10Y
,,,1.5844677527337587,,,-0.0439174352217977,4.552,,1781140794,2026-06-11T01:19:54Z,TVC:US10Y
,,,1.5844677527337587,,,-0.0878348704435759,4.55,,1781140985,2026-06-11T01:23:05Z,TVC:US10Y
,,,1.4952019638473593,,,-0.1317523056653541,4.548,,1781141161,2026-06-11T01:26:01Z,TVC:US10Y
,,,1.4952019638473593,,,-0.1317523056653541,4.548,,1781141344,2026-06-11T01:29:04Z,TVC:US10Y
,,,1.4505690694041595,,,-0.1756697408871323,4.546,,1781141524,2026-06-11T01:32:04Z,TVC:US10Y
,,,1.4952019638473593,,,-0.1317523056653541,4.548,,1781141703,2026-06-11T01:35:03Z,TVC:US10Y
,,,1.4952019638473593,,,-0.1317523056653541,4.548,,1781141883,2026-06-11T01:38:03Z,TVC:US10Y
,,,1.4952019638473593,,,-0.1317523056653541,4.548,,1781142068,2026-06-11T01:41:08Z,TVC:US10Y
,,,1.4952019638473593,,,-0.1317523056653541,4.548,,1781142245,2026-06-11T01:44:05Z,TVC:US10Y
,,,1.4952019638473593,,,-0.1317523056653541,4.548,,1781142416,2026-06-11T01:46:56Z,TVC:US10Y
,,,1.4952019638473593,,,-0.1317523056653541,4.548,,1781142607,2026-06-11T01:50:07Z,TVC:US10Y
,,,1.4952019638473593,,,-0.1317523056653541,4.548,,1781142780,2026-06-11T01:53:00Z,TVC:US10Y
,,,1.4952019638473593,,,-0.1317523056653541,4.548,,1781142961,2026-06-11T01:56:01Z,TVC:US10Y
,,,1.4952019638473593,,,-0.1317523056653541,4.548,,1781143140,2026-06-11T01:59:00Z,TVC:US10Y
,,,1.4952019638473593,,,-0.1317523056653541,4.548,,1781143323,2026-06-11T02:02:03Z,TVC:US10Y
,,,1.539834858290559,,,-0.0878348704435759,4.55,,1781143491,2026-06-11T02:04:51Z,TVC:US10Y
,,,1.4952019638473593,,,-0.1317523056653541,4.548,,1781143685,2026-06-11T02:08:05Z,TVC:US10Y
,,,1.4952019638473593,,,-0.1317523056653541,4.548,,1781143862,2026-06-11T02:11:02Z,TVC:US10Y
,,,1.4952019638473593,,,-0.1317523056653541,4.548,,1781144040,2026-06-11T02:14:00Z,TVC:US10Y
,,,1.4952019638473593,,,-0.1317523056653541,4.548,,1781144222,2026-06-11T02:17:02Z,TVC:US10Y
,,,1.4952019638473593,,,-0.1317523056653541,4.548,,1781144401,2026-06-11T02:20:01Z,TVC:US10Y
,,,1.4952019638473593,,,-0.1317523056653541,4.548,,1781144578,2026-06-11T02:22:58Z,TVC:US10Y
,,,1.4952019638473593,,,-0.1317523056653541,4.548,,1781144769,2026-06-11T02:26:09Z,TVC:US10Y
,,,1.4952019638473593,,,-0.1317523056653541,4.548,,1781144938,2026-06-11T02:28:58Z,TVC:US10Y
,,,1.4952019638473593,,,-0.1317523056653541,4.548,,1781145118,2026-06-11T02:31:58Z,TVC:US10Y
,,,1.4952019638473593,,,-0.1317523056653541,4.548,,1781145295,2026-06-11T02:34:55Z,TVC:US10Y
,,,1.4952019638473593,,,-0.1317523056653541,4.548,,1781145471,2026-06-11T02:37:51Z,TVC:US10Y
,,,1.4952019638473593,,,-0.1317523056653541,4.548,,1781145662,2026-06-11T02:41:02Z,TVC:US10Y
,,,1.4952019638473593,,,-0.1317523056653541,4.548,,1781145844,2026-06-11T02:44:04Z,TVC:US10Y
,,,1.5844677527337587,,,-0.0439174352217977,4.552,,1781146022,2026-06-11T02:47:02Z,TVC:US10Y
,,,1.5844677527337587,,,-0.0439174352217977,4.552,,1781146200,2026-06-11T02:50:00Z,TVC:US10Y
,,,1.5844677527337587,,,-0.0439174352217977,4.552,,1781146382,2026-06-11T02:53:02Z,TVC:US10Y
,,,1.5844677527337587,,,-0.0439174352217977,4.552,,1781146555,2026-06-11T02:55:55Z,TVC:US10Y
,,,1.4952019638473593,,,-0.1317523056653541,4.548,,1781146742,2026-06-11T02:59:02Z,TVC:US10Y
,,,1.4952019638473593,,,-0.1317523056653541,4.548,,1781146920,2026-06-11T03:02:00Z,TVC:US10Y
,,,1.4952019638473593,,,-0.1317523056653541,4.548,,1781147106,2026-06-11T03:05:06Z,TVC:US10Y
,,,1.4952019638473593,,,-0.1317523056653541,4.548,,1781147292,2026-06-11T03:08:12Z,TVC:US10Y
,,,1.5844677527337587,,,-0.0439174352217977,4.552,,1781147456,2026-06-11T03:10:56Z,TVC:US10Y
,,,1.5844677527337587,,,-0.0439174352217977,4.552,,1781147634,2026-06-11T03:13:54Z,TVC:US10Y
,,,1.5844677527337587,,,-0.0439174352217977,4.552,,1781147822,2026-06-11T03:17:02Z,TVC:US10Y
,,,1.5844677527337587,,,-0.0439174352217977,4.552,,1781147994,2026-06-11T03:19:54Z,TVC:US10Y
,,,1.5844677527337587,,,-0.0439174352217977,4.552,,1781148183,2026-06-11T03:23:03Z,TVC:US10Y
,,,1.6737335416201782,,,0.0439174352217782,4.556,,1781148358,2026-06-11T03:25:58Z,TVC:US10Y
,,,1.6737335416201782,,,0.0439174352217782,4.556,,1781148539,2026-06-11T03:28:59Z,TVC:US10Y
,,,1.6737335416201782,,,0.0439174352217782,4.556,,1781148717,2026-06-11T03:31:57Z,TVC:US10Y
,,,1.6737335416201782,,,0.0439174352217782,4.556,,1781148897,2026-06-11T03:34:57Z,TVC:US10Y
,,,1.6737335416201782,,,0.0439174352217782,4.556,,1781149086,2026-06-11T03:38:06Z,TVC:US10Y
,,,1.6291006471769784,,,0.0,4.554,,1781149261,2026-06-11T03:41:01Z,TVC:US10Y
,,,1.5844677527337587,,,-0.0439174352217977,4.552,,1781149445,2026-06-11T03:44:05Z,TVC:US10Y
,,,1.5844677527337587,,,-0.0439174352217977,4.552,,1781149615,2026-06-11T03:46:55Z,TVC:US10Y
,,,1.5844677527337587,,,-0.0439174352217977,4.552,,1781149800,2026-06-11T03:50:00Z,TVC:US10Y
,,,1.5844677527337587,,,-0.0439174352217977,4.552,,1781149981,2026-06-11T03:53:01Z,TVC:US10Y
,,,1.5844677527337587,,,-0.0439174352217977,4.552,,1781150165,2026-06-11T03:56:05Z,TVC:US10Y
,,,1.5844677527337587,,,-0.0439174352217977,4.552,,1781150342,2026-06-11T03:59:02Z,TVC:US10Y
,,,1.5844677527337587,,,-0.0439174352217977,4.552,,1781150522,2026-06-11T04:02:02Z,TVC:US10Y
,,,1.5844677527337587,,,-0.0439174352217977,4.552,,1781150702,2026-06-11T04:05:02Z,TVC:US10Y
,,,1.5844677527337587,,,-0.0439174352217977,4.552,,1781150884,2026-06-11T04:08:04Z,TVC:US10Y
,,,1.5844677527337587,,,-0.0439174352217977,4.552,,1781151058,2026-06-11T04:10:58Z,TVC:US10Y
,,,1.5844677527337587,,,-0.0439174352217977,4.552,,1781151237,2026-06-11T04:13:57Z,TVC:US10Y
,,,1.5844677527337587,,,-0.0439174352217977,4.552,,1781151425,2026-06-11T04:17:05Z,TVC:US10Y
,,,1.5844677527337587,,,-0.0439174352217977,4.552,,1781151613,2026-06-11T04:20:13Z,TVC:US10Y
,,,1.4952019638473593,,,-0.1317523056653541,4.548,,1781151782,2026-06-11T04:23:02Z,TVC:US10Y
,,,1.4952019638473593,,,-0.1317523056653541,4.548,,1781151955,2026-06-11T04:25:55Z,TVC:US10Y
,,,1.4952019638473593,,,-0.1317523056653541,4.548,,1781152147,2026-06-11T04:29:07Z,TVC:US10Y
,,,1.4505690694041595,,,-0.1756697408871323,4.546,,1781152322,2026-06-11T04:32:02Z,TVC:US10Y
,,,1.4505690694041595,,,-0.1756697408871323,4.546,,1781152499,2026-06-11T04:34:59Z,TVC:US10Y
,,,1.4952019638473593,,,-0.1317523056653541,4.548,,1781152677,2026-06-11T04:37:57Z,TVC:US10Y
,,,1.4952019638473593,,,-0.1317523056653541,4.548,,1781152857,2026-06-11T04:40:57Z,TVC:US10Y
,,,1.40593617496094,,,-0.21958717610893,4.544,,1781153042,2026-06-11T04:44:02Z,TVC:US10Y
,,,1.40593617496094,,,-0.21958717610893,4.544,,1781153222,2026-06-11T04:47:02Z,TVC:US10Y
,,,1.3166703860745406,,,-0.3074220465524864,4.54,,1781153402,2026-06-11T04:50:02Z,TVC:US10Y
,,,1.3166703860745406,,,-0.3074220465524864,4.54,,1781153578,2026-06-11T04:52:58Z,TVC:US10Y
,,,1.3166703860745406,,,-0.3074220465524864,4.54,,1781153763,2026-06-11T04:56:03Z,TVC:US10Y
,,,1.3166703860745406,,,-0.3074220465524864,4.54,,1781153938,2026-06-11T04:58:58Z,TVC:US10Y
,,,1.3166703860745406,,,-0.3074220465524864,4.54,,1781154129,2026-06-11T05:02:09Z,TVC:US10Y
,,,1.3166703860745406,,,-0.3074220465524864,4.54,,1781154296,2026-06-11T05:04:56Z,TVC:US10Y
,,,1.3166703860745406,,,-0.3074220465524864,4.54,,1781154478,2026-06-11T05:07:58Z,TVC:US10Y
,,,1.3166703860745406,,,-0.3074220465524864,4.54,,1781154660,2026-06-11T05:11:00Z,TVC:US10Y
,,,1.3166703860745406,,,-0.3074220465524864,4.54,,1781154839,2026-06-11T05:13:59Z,TVC:US10Y
,,,1.3166703860745406,,,-0.3074220465524864,4.54,,1781155022,2026-06-11T05:17:02Z,TVC:US10Y
,,,1.3166703860745406,,,-0.3074220465524864,4.54,,1781155198,2026-06-11T05:19:58Z,TVC:US10Y
,,,1.3166703860745406,,,-0.3074220465524864,4.54,,1781155385,2026-06-11T05:23:05Z,TVC:US10Y
,,,1.3166703860745406,,,-0.3074220465524864,4.54,,1781155559,2026-06-11T05:25:59Z,TVC:US10Y
,,,1.3166703860745406,,,-0.3074220465524864,4.54,,1781155745,2026-06-11T05:29:05Z,TVC:US10Y
,,,1.3166703860745406,,,-0.3074220465524864,4.54,,1781155924,2026-06-11T05:32:04Z,TVC:US10Y
,,,1.3613032805177403,,,-0.2635046113307083,4.542,,1781156104,2026-06-11T05:35:04Z,TVC:US10Y
,,,1.3166703860745406,,,-0.3074220465524864,4.54,,1781156284,2026-06-11T05:38:04Z,TVC:US10Y
,,,1.3166703860745406,,,-0.3074220465524864,4.54,,1781156456,2026-06-11T05:40:56Z,TVC:US10Y
,,,1.3166703860745406,,,-0.3074220465524864,4.54,,1781156638,2026-06-11T05:43:58Z,TVC:US10Y
,,,1.3613032805177403,,,-0.2635046113307083,4.542,,1781156815,2026-06-11T05:46:55Z,TVC:US10Y
,,,1.3613032805177403,,,-0.2635046113307083,4.542,,1781157001,2026-06-11T05:50:01Z,TVC:US10Y
,,,1.40593617496094,,,-0.21958717610893,4.544,,1781157173,2026-06-11T05:52:53Z,TVC:US10Y
,,,1.40593617496094,,,-0.21958717610893,4.544,,1781157357,2026-06-11T05:55:57Z,TVC:US10Y
,,,1.40593617496094,,,-0.21958717610893,4.544,,1781157542,2026-06-11T05:59:02Z,TVC:US10Y
,,,1.40593617496094,,,-0.21958717610893,4.544,,1781157719,2026-06-11T06:01:59Z,TVC:US10Y
,,,1.40593617496094,,,-0.21958717610893,4.544,,1781157899,2026-06-11T06:04:59Z,TVC:US10Y
,,,1.4505690694041595,,,-0.1756697408871323,4.546,,1781158084,2026-06-11T06:08:04Z,TVC:US10Y
,,,1.40593617496094,,,-0.21958717610893,4.544,,1781158257,2026-06-11T06:10:57Z,TVC:US10Y
,,,1.4505690694041595,,,-0.1756697408871323,4.546,,1781158433,2026-06-11T06:13:53Z,TVC:US10Y
,,,1.4505690694041595,,,-0.1756697408871323,4.546,,1781158620,2026-06-11T06:17:00Z,TVC:US10Y
,,,1.40593617496094,,,-0.21958717610893,4.544,,1781158796,2026-06-11T06:19:56Z,TVC:US10Y
,,,1.40593617496094,,,-0.21958717610893,4.544,,1781158979,2026-06-11T06:22:59Z,TVC:US10Y
,,,1.40593617496094,,,-0.21958717610893,4.544,,1781159161,2026-06-11T06:26:01Z,TVC:US10Y
,,,1.40593617496094,,,-0.21958717610893,4.544,,1781159335,2026-06-11T06:28:55Z,TVC:US10Y
,,,1.40593617496094,,,-0.21958717610893,4.544,,1781159521,2026-06-11T06:32:01Z,TVC:US10Y
,,,1.40593617496094,,,-0.21958717610893,4.544,,1781159702,2026-06-11T06:35:02Z,TVC:US10Y
,,,1.40593617496094,,,-0.21958717610893,4.544,,1781159879,2026-06-11T06:37:59Z,TVC:US10Y
,,,1.40593617496094,,,-0.21958717610893,4.544,,1781160056,2026-06-11T06:40:56Z,TVC:US10Y
,,,1.40593617496094,,,-0.21958717610893,4.544,,1781160247,2026-06-11T06:44:07Z,TVC:US10Y
,,,1.40593617496094,,,-0.21958717610893,4.544,,1781160415,2026-06-11T06:46:55Z,TVC:US10Y
,,,1.40593617496094,,,-0.21958717610893,4.544,,1781160607,2026-06-11T06:50:07Z,TVC:US10Y
,,,1.40593617496094,,,-0.21958717610893,4.544,,1781160776,2026-06-11T06:52:56Z,TVC:US10Y
,,,1.3613032805177403,,,-0.2635046113307083,4.542,,1781160961,2026-06-11T06:56:01Z,TVC:US10Y
,,,1.40593617496094,,,-0.21958717610893,4.544,,1781161138,2026-06-11T06:58:58Z,TVC:US10Y
,,,1.3166703860745406,,,-0.3074220465524864,4.54,,1781161320,2026-06-11T07:02:00Z,TVC:US10Y
,,,1.3166703860745406,,,-0.3074220465524864,4.54,,1781161503,2026-06-11T07:05:03Z,TVC:US10Y
,,,1.3166703860745406,,,-0.3074220465524864,4.54,,1781161676,2026-06-11T07:07:56Z,TVC:US10Y
,,,1.3166703860745406,,,-0.3074220465524864,4.54,,1781161859,2026-06-11T07:10:59Z,TVC:US10Y
,,,1.40593617496094,,,-0.21958717610893,4.544,,1781162037,2026-06-11T07:13:57Z,TVC:US10Y
,,,1.3613032805177403,,,-0.2635046113307083,4.542,,1781162218,2026-06-11T07:16:58Z,TVC:US10Y
,,,1.3166703860745406,,,-0.3074220465524864,4.54,,1781162398,2026-06-11T07:19:58Z,TVC:US10Y
,,,1.2720374916313408,,,-0.3513394817742646,4.538,,1781162576,2026-06-11T07:22:56Z,TVC:US10Y
,,,1.2274045971881211,,,-0.3952569169960624,4.536,,1781162759,2026-06-11T07:25:59Z,TVC:US10Y
,,,1.2720374916313408,,,-0.3513394817742646,4.538,,1781162946,2026-06-11T07:29:06Z,TVC:US10Y
,,,1.2720374916313408,,,-0.3513394817742646,4.538,,1781163115,2026-06-11T07:31:55Z,TVC:US10Y
,,,1.2720374916313408,,,-0.3513394817742646,4.538,,1781163301,2026-06-11T07:35:01Z,TVC:US10Y
,,,1.2274045971881211,,,-0.3952569169960624,4.536,,1781163480,2026-06-11T07:38:00Z,TVC:US10Y
,,,1.2274045971881211,,,-0.3952569169960624,4.536,,1781163663,2026-06-11T07:41:03Z,TVC:US10Y
,,,1.2274045971881211,,,-0.3952569169960624,4.536,,1781163838,2026-06-11T07:43:58Z,TVC:US10Y
,,,1.2274045971881211,,,-0.3952569169960624,4.536,,1781164016,2026-06-11T07:46:56Z,TVC:US10Y
,,,1.2274045971881211,,,-0.3952569169960624,4.536,,1781164196,2026-06-11T07:49:56Z,TVC:US10Y
,,,1.2274045971881211,,,-0.3952569169960624,4.536,,1781164379,2026-06-11T07:52:59Z,TVC:US10Y
,,,1.2274045971881211,,,-0.3952569169960624,4.536,,1781164555,2026-06-11T07:55:55Z,TVC:US10Y
,,,1.2274045971881211,,,-0.3952569169960624,4.536,,1781164746,2026-06-11T07:59:06Z,TVC:US10Y
,,,1.2274045971881211,,,-0.3952569169960624,4.536,,1781164921,2026-06-11T08:02:01Z,TVC:US10Y
,,,1.2274045971881211,,,-0.3952569169960624,4.536,,1781165102,2026-06-11T08:05:02Z,TVC:US10Y
,,,1.2274045971881211,,,-0.3952569169960624,4.536,,1781165278,2026-06-11T08:07:58Z,TVC:US10Y
,,,1.1827717027449216,,,-0.4391743522178405,4.534,,1781165457,2026-06-11T08:10:57Z,TVC:US10Y
,,,1.2274045971881211,,,-0.3952569169960624,4.536,,1781165636,2026-06-11T08:13:56Z,TVC:US10Y
,,,1.138138808301722,,,-0.4830917874396188,4.532,,1781165821,2026-06-11T08:17:01Z,TVC:US10Y
,,,1.138138808301722,,,-0.4830917874396188,4.532,,1781165999,2026-06-11T08:19:59Z,TVC:US10Y
,,,1.1827717027449216,,,-0.4391743522178405,4.534,,1781166179,2026-06-11T08:22:59Z,TVC:US10Y
,,,1.1827717027449216,,,-0.4391743522178405,4.534,,1781166366,2026-06-11T08:26:06Z,TVC:US10Y
,,,1.2274045971881211,,,-0.3952569169960624,4.536,,1781166541,2026-06-11T08:29:01Z,TVC:US10Y
,,,1.2274045971881211,,,-0.3952569169960624,4.536,,1781166718,2026-06-11T08:31:58Z,TVC:US10Y
,,,1.1827717027449216,,,-0.4391743522178405,4.534,,1781166899,2026-06-11T08:34:59Z,TVC:US10Y
,,,1.2274045971881211,,,-0.3952569169960624,4.536,,1781167081,2026-06-11T08:38:01Z,TVC:US10Y
,,,1.1827717027449216,,,-0.4391743522178405,4.534,,1781167259,2026-06-11T08:40:59Z,TVC:US10Y
,,,1.2274045971881211,,,-0.3952569169960624,4.536,,1781167443,2026-06-11T08:44:03Z,TVC:US10Y
,,,1.2274045971881211,,,-0.3952569169960624,4.536,,1781167618,2026-06-11T08:46:58Z,TVC:US10Y
,,,1.2274045971881211,,,-0.3952569169960624,4.536,,1781167805,2026-06-11T08:50:05Z,TVC:US10Y
,,,1.2274045971881211,,,-0.3952569169960624,4.536,,1781167979,2026-06-11T08:52:59Z,TVC:US10Y
,,,1.2274045971881211,,,-0.3952569169960624,4.536,,1781168159,2026-06-11T08:55:59Z,TVC:US10Y
,,,1.2274045971881211,,,-0.3952569169960624,4.536,,1781168344,2026-06-11T08:59:04Z,TVC:US10Y
,,,1.138138808301722,,,-0.4830917874396188,4.532,,1781168523,2026-06-11T09:02:03Z,TVC:US10Y
,,,1.138138808301722,,,-0.4830917874396188,4.532,,1781168698,2026-06-11T09:04:58Z,TVC:US10Y
,,,1.138138808301722,,,-0.4830917874396188,4.532,,1781168883,2026-06-11T09:08:03Z,TVC:US10Y
,,,1.138138808301722,,,-0.4830917874396188,4.532,,1781169060,2026-06-11T09:11:00Z,TVC:US10Y
,,,1.1827717027449216,,,-0.4391743522178405,4.534,,1781169247,2026-06-11T09:14:07Z,TVC:US10Y
,,,1.138138808301722,,,-0.4830917874396188,4.532,,1781169421,2026-06-11T09:17:01Z,TVC:US10Y
,,,1.138138808301722,,,-0.4830917874396188,4.532,,1781169601,2026-06-11T09:20:01Z,TVC:US10Y
,,,1.138138808301722,,,-0.4830917874396188,4.532,,1781169781,2026-06-11T09:23:01Z,TVC:US10Y
,,,1.138138808301722,,,-0.4830917874396188,4.532,,1781169959,2026-06-11T09:25:59Z,TVC:US10Y
,,,1.138138808301722,,,-0.4830917874396188,4.532,,1781170136,2026-06-11T09:28:56Z,TVC:US10Y
,,,1.138138808301722,,,-0.4830917874396188,4.532,,1781170316,2026-06-11T09:31:56Z,TVC:US10Y
,,,1.138138808301722,,,-0.4830917874396188,4.532,,1781170509,2026-06-11T09:35:09Z,TVC:US10Y
,,,1.138138808301722,,,-0.4830917874396188,4.532,,1781170675,2026-06-11T09:37:55Z,TVC:US10Y
,,,1.138138808301722,,,-0.4830917874396188,4.532,,1781170859,2026-06-11T09:40:59Z,TVC:US10Y
,,,1.138138808301722,,,-0.4830917874396188,4.532,,1781171041,2026-06-11T09:44:01Z,TVC:US10Y
,,,1.138138808301722,,,-0.4830917874396188,4.532,,1781171225,2026-06-11T09:47:05Z,TVC:US10Y
,,,1.093505913858522,,,-0.527009222661397,4.53,,1781171400,2026-06-11T09:50:00Z,TVC:US10Y
,,,1.0488730194153026,,,-0.5709266578831947,4.528,,1781171581,2026-06-11T09:53:01Z,TVC:US10Y
,,,0.9596072305289032,,,-0.6587615283267512,4.524,,1781171758,2026-06-11T09:55:58Z,TVC:US10Y
,,,1.0488730194153026,,,-0.5709266578831947,4.528,,1781171938,2026-06-11T09:58:58Z,TVC:US10Y
,,,1.0488730194153026,,,-0.5709266578831947,4.528,,1781172118,2026-06-11T10:01:58Z,TVC:US10Y
,,,1.0488730194153026,,,-0.5709266578831947,4.528,,1781172300,2026-06-11T10:05:00Z,TVC:US10Y
,,,1.0488730194153026,,,-0.5709266578831947,4.528,,1781172472,2026-06-11T10:07:52Z,TVC:US10Y
,,,1.0488730194153026,,,-0.5709266578831947,4.528,,1781172660,2026-06-11T10:11:00Z,TVC:US10Y
,,,1.0488730194153026,,,-0.5709266578831947,4.528,,1781172837,2026-06-11T10:13:57Z,TVC:US10Y
,,,1.0488730194153026,,,-0.5709266578831947,4.528,,1781173024,2026-06-11T10:17:04Z,TVC:US10Y
,,,1.0488730194153026,,,-0.5709266578831947,4.528,,1781173202,2026-06-11T10:20:02Z,TVC:US10Y
,,,1.0488730194153026,,,-0.5709266578831947,4.528,,1781173384,2026-06-11T10:23:04Z,TVC:US10Y
,,,1.0488730194153026,,,-0.5709266578831947,4.528,,1781173559,2026-06-11T10:25:59Z,TVC:US10Y
,,,1.0488730194153026,,,-0.5709266578831947,4.528,,1781173741,2026-06-11T10:29:01Z,TVC:US10Y
,,,1.0488730194153026,,,-0.5709266578831947,4.528,,1781173921,2026-06-11T10:32:01Z,TVC:US10Y
,,,0.9596072305289032,,,-0.6587615283267512,4.524,,1781174094,2026-06-11T10:34:54Z,TVC:US10Y
,,,0.9596072305289032,,,-0.6587615283267512,4.524,,1781174281,2026-06-11T10:38:01Z,TVC:US10Y
,,,0.9596072305289032,,,-0.6587615283267512,4.524,,1781174466,2026-06-11T10:41:06Z,TVC:US10Y
,,,0.9596072305289032,,,-0.6587615283267512,4.524,,1781174644,2026-06-11T10:44:04Z,TVC:US10Y
,,,0.9596072305289032,,,-0.6587615283267512,4.524,,1781174822,2026-06-11T10:47:02Z,TVC:US10Y
,,,0.9596072305289032,,,-0.6587615283267512,4.524,,1781174994,2026-06-11T10:49:54Z,TVC:US10Y
,,,1.0488730194153026,,,-0.5709266578831947,4.528,,1781175182,2026-06-11T10:53:02Z,TVC:US10Y
,,,1.0488730194153026,,,-0.5709266578831947,4.528,,1781175354,2026-06-11T10:55:54Z,TVC:US10Y
,,,1.0488730194153026,,,-0.5709266578831947,4.528,,1781175542,2026-06-11T10:59:02Z,TVC:US10Y
,,,0.9596072305289032,,,-0.6587615283267512,4.524,,1781175723,2026-06-11T11:02:03Z,TVC:US10Y
,,,0.9596072305289032,,,-0.6587615283267512,4.524,,1781175907,2026-06-11T11:05:07Z,TVC:US10Y
,,,1.0488730194153026,,,-0.5709266578831947,4.528,,1781176077,2026-06-11T11:07:57Z,TVC:US10Y
,,,1.0488730194153026,,,-0.5709266578831947,4.528,,1781176257,2026-06-11T11:10:57Z,TVC:US10Y
,,,1.093505913858522,,,-0.527009222661397,4.53,,1781176439,2026-06-11T11:13:59Z,TVC:US10Y
,,,1.0488730194153026,,,-0.5709266578831947,4.528,,1781176614,2026-06-11T11:16:54Z,TVC:US10Y
,,,1.0488730194153026,,,-0.5709266578831947,4.528,,1781176812,2026-06-11T11:20:12Z,TVC:US10Y
,,,1.0488730194153026,,,-0.5709266578831947,4.528,,1781176985,2026-06-11T11:23:05Z,TVC:US10Y
,,,1.004240124972103,,,-0.6148440931049729,4.526,,1781177157,2026-06-11T11:25:57Z,TVC:US10Y
,,,0.9596072305289032,,,-0.6587615283267512,4.524,,1781177345,2026-06-11T11:29:05Z,TVC:US10Y
,,,0.8703414416424838,,,-0.746596398770327,4.52,,1781177517,2026-06-11T11:31:57Z,TVC:US10Y
,,,0.9149743360857034,,,-0.7026789635485293,4.522,,1781177707,2026-06-11T11:35:07Z,TVC:US10Y
,,,0.848024994420894,,,-0.7685551163812064,4.519,,1781177883,2026-06-11T11:38:03Z,TVC:US10Y
,,,0.9149743360857034,,,-0.7026789635485293,4.522,,1781178065,2026-06-11T11:41:05Z,TVC:US10Y
,,,0.8703414416424838,,,-0.746596398770327,4.52,,1781178234,2026-06-11T11:43:54Z,TVC:US10Y
,,,0.9149743360857034,,,-0.7026789635485293,4.522,,1781178420,2026-06-11T11:47:00Z,TVC:US10Y
,,,0.8703414416424838,,,-0.746596398770327,4.52,,1781178604,2026-06-11T11:50:04Z,TVC:US10Y
,,,0.8703414416424838,,,-0.746596398770327,4.52,,1781178786,2026-06-11T11:53:06Z,TVC:US10Y
,,,0.8703414416424838,,,-0.746596398770327,4.52,,1781178958,2026-06-11T11:55:58Z,TVC:US10Y
,,,0.8703414416424838,,,-0.746596398770327,4.52,,1781179134,2026-06-11T11:58:54Z,TVC:US10Y
,,,0.8703414416424838,,,-0.746596398770327,4.52,,1781179322,2026-06-11T12:02:02Z,TVC:US10Y
,,,0.848024994420894,,,-0.7685551163812064,4.519,,1781179499,2026-06-11T12:04:59Z,TVC:US10Y
,,,0.8033920999776942,,,-0.8124725516029847,4.517,,1781179688,2026-06-11T12:08:08Z,TVC:US10Y
,,,0.8703414416424838,,,-0.746596398770327,4.52,,1781179867,2026-06-11T12:11:07Z,TVC:US10Y
,,,0.8703414416424838,,,-0.746596398770327,4.52,,1781180039,2026-06-11T12:13:59Z,TVC:US10Y
,,,0.8703414416424838,,,-0.746596398770327,4.52,,1781180218,2026-06-11T12:16:58Z,TVC:US10Y
,,,0.8703414416424838,,,-0.746596398770327,4.52,,1781180404,2026-06-11T12:20:04Z,TVC:US10Y
,,,1.093505913858522,,,-0.527009222661397,4.53,,1781180584,2026-06-11T12:23:04Z,TVC:US10Y
,,,1.093505913858522,,,-0.527009222661397,4.53,,1781180767,2026-06-11T12:26:07Z,TVC:US10Y
,,,1.138138808301722,,,-0.4830917874396188,4.532,,1781180948,2026-06-11T12:29:08Z,TVC:US10Y
,,,1.2720374916313408,,,-0.3513394817742646,4.538,,1781181123,2026-06-11T12:32:03Z,TVC:US10Y
,,,1.4505690694041595,,,-0.1756697408871323,4.546,,1781181297,2026-06-11T12:34:57Z,TVC:US10Y
,,,1.4952019638473593,,,-0.1317523056653541,4.548,,1781181474,2026-06-11T12:37:54Z,TVC:US10Y
,,,1.40593617496094,,,-0.21958717610893,4.544,,1781181659,2026-06-11T12:40:59Z,TVC:US10Y
,,,1.40593617496094,,,-0.21958717610893,4.544,,1781181846,2026-06-11T12:44:06Z,TVC:US10Y
,,,1.138138808301722,,,-0.4830917874396188,4.532,,1781182026,2026-06-11T12:47:06Z,TVC:US10Y
,,,1.138138808301722,,,-0.4830917874396188,4.532,,1781182201,2026-06-11T12:50:01Z,TVC:US10Y
,,,1.0488730194153026,,,-0.5709266578831947,4.528,,1781182378,2026-06-11T12:52:58Z,TVC:US10Y
,,,1.0488730194153026,,,-0.5709266578831947,4.528,,1781182567,2026-06-11T12:56:07Z,TVC:US10Y
,,,1.138138808301722,,,-0.5709266578831947,4.528,,1781182735,2026-06-11T12:58:55Z,TVC:US10Y
,,,1.0488730194153026,,,-0.5709266578831947,4.528,,1781182925,2026-06-11T13:02:05Z,TVC:US10Y
,,,1.0488730194153026,,,-0.5709266578831947,4.528,,1781183094,2026-06-11T13:04:54Z,TVC:US10Y
,,,1.138138808301722,,,-0.4830917874396188,4.532,,1781183287,2026-06-11T13:08:07Z,TVC:US10Y
,,,1.0488730194153026,,,-0.5709266578831947,4.528,,1781183463,2026-06-11T13:11:03Z,TVC:US10Y
,,,0.9596072305289032,,,-0.6587615283267512,4.524,,1781183641,2026-06-11T13:14:01Z,TVC:US10Y
,,,1.093505913858522,,,-0.527009222661397,4.53,,1781183820,2026-06-11T13:17:00Z,TVC:US10Y
,,,1.138138808301722,,,-0.4830917874396188,4.532,,1781183998,2026-06-11T13:19:58Z,TVC:US10Y
,,,1.138138808301722,,,-0.4830917874396188,4.532,,1781184178,2026-06-11T13:22:58Z,TVC:US10Y
,,,1.138138808301722,,,-0.4830917874396188,4.532,,1781184366,2026-06-11T13:26:06Z,TVC:US10Y
,,,1.093505913858522,,,-0.527009222661397,4.53,,1781184537,2026-06-11T13:28:57Z,TVC:US10Y
,,,1.0488730194153026,,,-0.5709266578831947,4.528,,1781184725,2026-06-11T13:32:05Z,TVC:US10Y
,,,1.004240124972103,,,-0.6148440931049729,4.526,,1781184899,2026-06-11T13:34:59Z,TVC:US10Y
,,,1.0488730194153026,,,-0.5709266578831947,4.528,,1781185077,2026-06-11T13:37:57Z,TVC:US10Y
,,,1.0488730194153026,,,-0.5709266578831947,4.528,,1781185262,2026-06-11T13:41:02Z,TVC:US10Y
,,,1.0488730194153026,,,-0.5709266578831947,4.528,,1781185438,2026-06-11T13:43:58Z,TVC:US10Y
,,,0.8033920999776942,,,-0.8124725516029847,4.517,,1781185617,2026-06-11T13:46:57Z,TVC:US10Y
,,,0.8033920999776942,,,-0.8124725516029847,4.517,,1781185799,2026-06-11T13:49:59Z,TVC:US10Y
,,,0.8033920999776942,,,-0.8124725516029847,4.517,,1781185979,2026-06-11T13:52:59Z,TVC:US10Y
,,,0.7141263110912749,,,-0.9003074220465606,4.513,,1781186157,2026-06-11T13:55:57Z,TVC:US10Y
,,,0.7141263110912749,,,-0.9003074220465606,4.513,,1781186336,2026-06-11T13:58:56Z,TVC:US10Y
,,,0.8033920999776942,,,-0.8124725516029847,4.517,,1781186521,2026-06-11T14:02:01Z,TVC:US10Y
,,,0.8033920999776942,,,-0.8124725516029847,4.517,,1781186703,2026-06-11T14:05:03Z,TVC:US10Y
,,,0.8033920999776942,,,-0.8124725516029847,4.517,,1781186874,2026-06-11T14:07:54Z,TVC:US10Y
,,,0.848024994420894,,,-0.7685551163812064,4.519,,1781187063,2026-06-11T14:11:03Z,TVC:US10Y
,,,0.8703414416424838,,,-0.7685551163812064,4.519,,1781187236,2026-06-11T14:13:56Z,TVC:US10Y
,,,0.8703414416424838,,,-0.746596398770327,4.52,,1781187426,2026-06-11T14:17:06Z,TVC:US10Y
,,,0.8703414416424838,,,-0.746596398770327,4.52,,1781187596,2026-06-11T14:19:56Z,TVC:US10Y
,,,0.9149743360857034,,,-0.7026789635485293,4.522,,1781187778,2026-06-11T14:22:58Z,TVC:US10Y
,,,0.9596072305289032,,,-0.6587615283267512,4.524,,1781187957,2026-06-11T14:25:57Z,TVC:US10Y
,,,1.004240124972103,,,-0.6148440931049729,4.526,,1781188147,2026-06-11T14:29:07Z,TVC:US10Y
,,,0.9596072305289032,,,-0.6587615283267512,4.524,,1781188321,2026-06-11T14:32:01Z,TVC:US10Y
,,,0.9596072305289032,,,-0.6587615283267512,4.524,,1781188499,2026-06-11T14:34:59Z,TVC:US10Y
,,,0.9596072305289032,,,-0.6587615283267512,4.524,,1781188686,2026-06-11T14:38:06Z,TVC:US10Y
,,,1.004240124972103,,,-0.6148440931049729,4.526,,1781188862,2026-06-11T14:41:02Z,TVC:US10Y
,,,0.9596072305289032,,,-0.6587615283267512,4.524,,1781189042,2026-06-11T14:44:02Z,TVC:US10Y
,,,1.0488730194153026,,,-0.5709266578831947,4.528,,1781189218,2026-06-11T14:46:58Z,TVC:US10Y
,,,1.0488730194153026,,,-0.5709266578831947,4.528,,1781189404,2026-06-11T14:50:04Z,TVC:US10Y
,,,0.9596072305289032,,,-0.6587615283267512,4.524,,1781189577,2026-06-11T14:52:57Z,TVC:US10Y
,,,0.9149743360857034,,,-0.7026789635485293,4.522,,1781189759,2026-06-11T14:55:59Z,TVC:US10Y
,,,0.8703414416424838,,,-0.746596398770327,4.52,,1781189941,2026-06-11T14:59:01Z,TVC:US10Y
,,,0.9596072305289032,,,-0.6587615283267512,4.524,,1781190125,2026-06-11T15:02:05Z,TVC:US10Y
,,,0.8703414416424838,,,-0.746596398770327,4.52,,1781190309,2026-06-11T15:05:09Z,TVC:US10Y
,,,0.9149743360857034,,,-0.7026789635485293,4.522,,1781190472,2026-06-11T15:07:52Z,TVC:US10Y
,,,0.8703414416424838,,,-0.746596398770327,4.52,,1781190662,2026-06-11T15:11:02Z,TVC:US10Y
,,,0.848024994420894,,,-0.7685551163812064,4.519,,1781190838,2026-06-11T15:13:58Z,TVC:US10Y
,,,0.9149743360857034,,,-0.7026789635485293,4.522,,1781191023,2026-06-11T15:17:03Z,TVC:US10Y
,,,0.9149743360857034,,,-0.7026789635485293,4.522,,1781191205,2026-06-11T15:20:05Z,TVC:US10Y
,,,0.8703414416424838,,,-0.746596398770327,4.52,,1781191380,2026-06-11T15:23:00Z,TVC:US10Y
,,,0.848024994420894,,,-0.7685551163812064,4.519,,1781191558,2026-06-11T15:25:58Z,TVC:US10Y
,,,0.8033920999776942,,,-0.8124725516029847,4.517,,1781191738,2026-06-11T15:28:58Z,TVC:US10Y
,,,0.848024994420894,,,-0.7685551163812064,4.519,,1781191921,2026-06-11T15:32:01Z,TVC:US10Y
,,,0.8703414416424838,,,-0.746596398770327,4.52,,1781192105,2026-06-11T15:35:05Z,TVC:US10Y
,,,0.9149743360857034,,,-0.7026789635485293,4.522,,1781192277,2026-06-11T15:37:57Z,TVC:US10Y
,,,0.8703414416424838,,,-0.746596398770327,4.52,,1781192452,2026-06-11T15:40:52Z,TVC:US10Y
,,,0.8703414416424838,,,-0.746596398770327,4.52,,1781192639,2026-06-11T15:43:59Z,TVC:US10Y
,,,0.9596072305289032,,,-0.6587615283267512,4.524,,1781192823,2026-06-11T15:47:03Z,TVC:US10Y
,,,0.9596072305289032,,,-0.6587615283267512,4.524,,1781193007,2026-06-11T15:50:07Z,TVC:US10Y
,,,0.9596072305289032,,,-0.6587615283267512,4.524,,1781193189,2026-06-11T15:53:09Z,TVC:US10Y
,,,0.9596072305289032,,,-0.6587615283267512,4.524,,1781193363,2026-06-11T15:56:03Z,TVC:US10Y
,,,1.0488730194153026,,,-0.5709266578831947,4.528,,1781193541,2026-06-11T15:59:01Z,TVC:US10Y
,,,1.0488730194153026,,,-0.5709266578831947,4.528,,1781193722,2026-06-11T16:02:02Z,TVC:US10Y
,,,1.0488730194153026,,,-0.5709266578831947,4.528,,1781193898,2026-06-11T16:04:58Z,TVC:US10Y
,,,1.0488730194153026,,,-0.5709266578831947,4.528,,1781194084,2026-06-11T16:08:04Z,TVC:US10Y
,,,1.004240124972103,,,-0.6148440931049729,4.526,,1781194263,2026-06-11T16:11:03Z,TVC:US10Y
,,,1.0488730194153026,,,-0.5709266578831947,4.528,,1781194443,2026-06-11T16:14:03Z,TVC:US10Y
,,,1.0488730194153026,,,-0.5709266578831947,4.528,,1781194627,2026-06-11T16:17:07Z,TVC:US10Y
,,,1.0488730194153026,,,-0.5709266578831947,4.528,,1781194797,2026-06-11T16:19:57Z,TVC:US10Y
,,,1.138138808301722,,,-0.4830917874396188,4.532,,1781194978,2026-06-11T16:22:58Z,TVC:US10Y
,,,1.0488730194153026,,,-0.5709266578831947,4.528,,1781195163,2026-06-11T16:26:03Z,TVC:US10Y
,,,1.0488730194153026,,,-0.4830917874396188,4.532,,1781195338,2026-06-11T16:28:58Z,TVC:US10Y
,,,1.093505913858522,,,-0.527009222661397,4.53,,1781195519,2026-06-11T16:31:59Z,TVC:US10Y
,,,1.093505913858522,,,-0.527009222661397,4.53,,1781195699,2026-06-11T16:34:59Z,TVC:US10Y
,,,1.138138808301722,,,-0.4830917874396188,4.532,,1781195884,2026-06-11T16:38:04Z,TVC:US10Y
,,,1.093505913858522,,,-0.527009222661397,4.53,,1781196057,2026-06-11T16:40:57Z,TVC:US10Y
,,,1.093505913858522,,,-0.527009222661397,4.53,,1781196248,2026-06-11T16:44:08Z,TVC:US10Y
,,,1.138138808301722,,,-0.4830917874396188,4.532,,1781196420,2026-06-11T16:47:00Z,TVC:US10Y
,,,1.138138808301722,,,-0.4830917874396188,4.532,,1781196597,2026-06-11T16:49:57Z,TVC:US10Y
,,,1.0488730194153026,,,-0.5709266578831947,4.528,,1781196785,2026-06-11T16:53:05Z,TVC:US10Y
,,,1.0488730194153026,,,-0.5709266578831947,4.528,,1781196952,2026-06-11T16:55:52Z,TVC:US10Y
,,,1.0488730194153026,,,-0.5709266578831947,4.528,,1781197149,2026-06-11T16:59:09Z,TVC:US10Y
,,,1.093505913858522,,,-0.527009222661397,4.53,,1781197326,2026-06-11T17:02:06Z,TVC:US10Y
,,,1.2274045971881211,,,-0.3952569169960624,4.536,,1781197505,2026-06-11T17:05:05Z,TVC:US10Y
,,,1.2274045971881211,,,-0.3952569169960624,4.536,,1781197682,2026-06-11T17:08:02Z,TVC:US10Y
,,,1.093505913858522,,,-0.527009222661397,4.53,,1781197857,2026-06-11T17:10:57Z,TVC:US10Y
,,,1.093505913858522,,,-0.527009222661397,4.53,,1781198040,2026-06-11T17:14:00Z,TVC:US10Y
,,,1.138138808301722,,,-0.4830917874396188,4.532,,1781198216,2026-06-11T17:16:56Z,TVC:US10Y
,,,1.0488730194153026,,,-0.5709266578831947,4.528,,1781198407,2026-06-11T17:20:07Z,TVC:US10Y
,,,1.0488730194153026,,,-0.5709266578831947,4.528,,1781198579,2026-06-11T17:22:59Z,TVC:US10Y
,,,1.0488730194153026,,,-0.5709266578831947,4.528,,1781198754,2026-06-11T17:25:54Z,TVC:US10Y
,,,1.0488730194153026,,,-0.5709266578831947,4.528,,1781198934,2026-06-11T17:28:54Z,TVC:US10Y
,,,0.4463289444320567,,,-1.1638120333772493,4.501,,1781199121,2026-06-11T17:32:01Z,TVC:US10Y
,,,0.267797366659238,,,-1.3394817742643816,4.493,,1781199302,2026-06-11T17:35:02Z,TVC:US10Y
,,,0.1785315777728187,,,-1.4273166447079575,4.489,,1781199480,2026-06-11T17:38:00Z,TVC:US10Y
,,,0.0,,,-1.60298638559509,4.481,,1781199655,2026-06-11T17:40:55Z,TVC:US10Y
,,,-0.1785315777728187,,,-1.7786561264822225,4.473,,1781199837,2026-06-11T17:43:57Z,TVC:US10Y
,,,-0.1785315777728187,,,-1.7786561264822225,4.473,,1781200019,2026-06-11T17:46:59Z,TVC:US10Y
,,,-0.0892657888863994,,,-1.6908212560386462,4.477,,1781200201,2026-06-11T17:50:01Z,TVC:US10Y
,,,-0.1785315777728187,,,-1.7786561264822225,4.473,,1781200376,2026-06-11T17:52:56Z,TVC:US10Y
,,,-0.1785315777728187,,,-1.7786561264822225,4.473,,1781200564,2026-06-11T17:56:04Z,TVC:US10Y
,,,-0.1785315777728187,,,-1.7786561264822225,4.473,,1781200742,2026-06-11T17:59:02Z,TVC:US10Y
,,,-0.0892657888863994,,,-1.6908212560386462,4.477,,1781200920,2026-06-11T18:02:00Z,TVC:US10Y
,,,0.0892657888864192,,,-1.515151515151514,4.485,,1781201100,2026-06-11T18:05:00Z,TVC:US10Y
,,,0.0892657888864192,,,-1.515151515151514,4.485,,1781201278,2026-06-11T18:07:58Z,TVC:US10Y
,,,0.0,,,-1.60298638559509,4.481,,1781201456,2026-06-11T18:10:56Z,TVC:US10Y
,,,-0.0892657888863994,,,-1.6908212560386462,4.477,,1781201636,2026-06-11T18:13:56Z,TVC:US10Y
,,,-0.3124302611024377,,,-1.9104084321475765,4.467,,1781201818,2026-06-11T18:16:58Z,TVC:US10Y
,,,-0.4016960499888372,,,-1.9982433025911328,4.463,,1781201996,2026-06-11T18:19:56Z,TVC:US10Y
,,,-0.3570631555456374,,,-1.9543258673693549,4.465,,1781202178,2026-06-11T18:22:58Z,TVC:US10Y
,,,-0.2677973666592181,,,-1.8664909969257784,4.469,,1781202361,2026-06-11T18:26:01Z,TVC:US10Y
,,,-0.2677973666592181,,,-1.8664909969257784,4.469,,1781202540,2026-06-11T18:29:00Z,TVC:US10Y
,,,-0.3570631555456374,,,-1.9543258673693549,4.465,,1781202730,2026-06-11T18:32:10Z,TVC:US10Y
,,,-0.2677973666592181,,,-1.8664909969257784,4.469,,1781202898,2026-06-11T18:34:58Z,TVC:US10Y
,,,-0.3570631555456374,,,-1.9543258673693549,4.465,,1781203083,2026-06-11T18:38:03Z,TVC:US10Y
,,,-0.3570631555456374,,,-1.9543258673693549,4.465,,1781203262,2026-06-11T18:41:02Z,TVC:US10Y
,,,-0.4016960499888372,,,-1.9982433025911328,4.463,,1781203449,2026-06-11T18:44:09Z,TVC:US10Y
,,,-0.4016960499888372,,,-1.9982433025911328,4.463,,1781203617,2026-06-11T18:46:57Z,TVC:US10Y
,,,-0.4463289444320369,,,-2.0421607378129107,4.461,,1781203799,2026-06-11T18:49:59Z,TVC:US10Y
,,,-0.5355947333184562,,,-2.129995608256487,4.457,,1781203980,2026-06-11T18:53:00Z,TVC:US10Y
,,,-0.4909618388752564,,,-2.086078173034709,4.459,,1781204163,2026-06-11T18:56:03Z,TVC:US10Y
,,,-0.4463289444320369,,,-2.0421607378129107,4.461,,1781204338,2026-06-11T18:58:58Z,TVC:US10Y
,,,-0.4463289444320369,,,-2.0421607378129107,4.461,,1781204520,2026-06-11T19:02:00Z,TVC:US10Y
,,,-0.4909618388752564,,,-2.086078173034709,4.459,,1781204698,2026-06-11T19:04:58Z,TVC:US10Y
,,,-0.3570631555456374,,,-1.9543258673693549,4.465,,1781204878,2026-06-11T19:07:58Z,TVC:US10Y
,,,-0.4909618388752564,,,-2.086078173034709,4.459,,1781205065,2026-06-11T19:11:05Z,TVC:US10Y
,,,-0.6248605222048557,,,-2.217830478700044,4.453,,1781205241,2026-06-11T19:14:01Z,TVC:US10Y
,,,-0.5802276277616559,,,-2.173913043478265,4.455,,1781205418,2026-06-11T19:16:58Z,TVC:US10Y
,,,-0.6248605222048557,,,-2.217830478700044,4.453,,1781205596,2026-06-11T19:19:56Z,TVC:US10Y
,,,-0.6248605222048557,,,-2.217830478700044,4.453,,1781205777,2026-06-11T19:22:57Z,TVC:US10Y
,,,-0.6248605222048557,,,-2.217830478700044,4.453,,1781205958,2026-06-11T19:25:58Z,TVC:US10Y
,,,-0.6248605222048557,,,-2.217830478700044,4.453,,1781206150,2026-06-11T19:29:10Z,TVC:US10Y
,,,-0.7587592055344746,,,-2.3495827843653974,4.447,,1781206325,2026-06-11T19:32:05Z,TVC:US10Y
,,,-0.6694934166480752,,,-2.261747913921841,4.451,,1781206500,2026-06-11T19:35:00Z,TVC:US10Y
,,,-0.7141263110912749,,,-2.305665349143619,4.449,,1781206682,2026-06-11T19:38:02Z,TVC:US10Y
,,,-0.7141263110912749,,,-2.305665349143619,4.449,,1781206863,2026-06-11T19:41:03Z,TVC:US10Y
,,,-0.7141263110912749,,,-2.305665349143619,4.449,,1781207041,2026-06-11T19:44:01Z,TVC:US10Y
,,,-0.6248605222048557,,,-2.217830478700044,4.453,,1781207220,2026-06-11T19:47:00Z,TVC:US10Y
,,,-0.6248605222048557,,,-2.217830478700044,4.453,,1781207396,2026-06-11T19:49:56Z,TVC:US10Y
,,,-0.6248605222048557,,,-2.217830478700044,4.453,,1781207577,2026-06-11T19:52:57Z,TVC:US10Y
,,,-0.6248605222048557,,,-2.217830478700044,4.453,,1781207760,2026-06-11T19:56:00Z,TVC:US10Y
,,,-0.6248605222048557,,,-2.217830478700044,4.453,,1781207939,2026-06-11T19:58:59Z,TVC:US10Y
,,,-0.6248605222048557,,,-2.217830478700044,4.453,,1781208122,2026-06-11T20:02:02Z,TVC:US10Y
,,,-0.6248605222048557,,,-2.217830478700044,4.453,,1781208301,2026-06-11T20:05:01Z,TVC:US10Y
,,,-0.5355947333184562,,,-2.129995608256487,4.457,,1781208484,2026-06-11T20:08:04Z,TVC:US10Y
,,,-0.6248605222048557,,,-2.217830478700044,4.453,,1781208655,2026-06-11T20:10:55Z,TVC:US10Y
,,,-0.5355947333184562,,,-2.129995608256487,4.457,,1781208839,2026-06-11T20:13:59Z,TVC:US10Y
,,,-0.5355947333184562,,,-2.129995608256487,4.457,,1781209026,2026-06-11T20:17:06Z,TVC:US10Y
,,,-0.5355947333184562,,,-2.129995608256487,4.457,,1781209198,2026-06-11T20:19:58Z,TVC:US10Y
,,,-0.5802276277616559,,,-2.173913043478265,4.455,,1781209377,2026-06-11T20:22:57Z,TVC:US10Y
,,,-0.6248605222048557,,,-2.217830478700044,4.453,,1781209553,2026-06-11T20:25:53Z,TVC:US10Y
,,,-0.5802276277616559,,,-2.173913043478265,4.455,,1781209743,2026-06-11T20:29:03Z,TVC:US10Y
,,,-0.5355947333184562,,,-2.129995608256487,4.457,,1781209912,2026-06-11T20:31:52Z,TVC:US10Y
,,,-0.5355947333184562,,,-2.129995608256487,4.457,,1781210092,2026-06-11T20:34:52Z,TVC:US10Y
,,,-0.4463289444320369,,,-2.0421607378129107,4.461,,1781210283,2026-06-11T20:38:03Z,TVC:US10Y
,,,-0.5355947333184562,,,-2.129995608256487,4.457,,1781210461,2026-06-11T20:41:01Z,TVC:US10Y
,,,-0.5355947333184562,,,-2.129995608256487,4.457,,1781210635,2026-06-11T20:43:55Z,TVC:US10Y
,,,-0.4463289444320369,,,-2.0421607378129107,4.461,,1781210825,2026-06-11T20:47:05Z,TVC:US10Y
,,,-0.5355947333184562,,,-2.129995608256487,4.457,,1781210997,2026-06-11T20:49:57Z,TVC:US10Y
,,,-0.4463289444320369,,,-2.0421607378129107,4.461,,1781211183,2026-06-11T20:53:03Z,TVC:US10Y
,,,-0.4016960499888372,,,-1.9982433025911328,4.463,,1781211358,2026-06-11T20:55:58Z,TVC:US10Y
,,,-0.4463289444320369,,,-2.0421607378129107,4.461,,1781211546,2026-06-11T20:59:06Z,TVC:US10Y
,,,-0.4463289444320369,,,-2.0421607378129107,4.461,,1781211722,2026-06-11T21:02:02Z,TVC:US10Y
,,,-0.4463289444320369,,,-2.0421607378129107,4.461,,1781211899,2026-06-11T21:04:59Z,TVC:US10Y
,,,-0.4909618388752564,,,-2.086078173034709,4.459,,1781212081,2026-06-11T21:08:01Z,TVC:US10Y
,,,-0.4909618388752564,,,-2.086078173034709,4.459,,1781212258,2026-06-11T21:10:58Z,TVC:US10Y
,,,-0.4909618388752564,,,-2.086078173034709,4.459,,1781212439,2026-06-11T21:13:59Z,TVC:US10Y
,,,-0.4909618388752564,,,-2.086078173034709,4.459,,1781212622,2026-06-11T21:17:02Z,TVC:US10Y
,,,-0.4909618388752564,,,-2.086078173034709,4.459,,1781212799,2026-06-11T21:19:59Z,TVC:US10Y
,,,-0.4909618388752564,,,-2.086078173034709,4.459,,1781212984,2026-06-11T21:23:04Z,TVC:US10Y
,,,-0.4909618388752564,,,-2.086078173034709,4.459,,1781213156,2026-06-11T21:25:56Z,TVC:US10Y
,,,-0.4909618388752564,,,-2.086078173034709,4.459,,1781213341,2026-06-11T21:29:01Z,TVC:US10Y
,,,-0.4909618388752564,,,-2.086078173034709,4.459,,1781213525,2026-06-11T21:32:05Z,TVC:US10Y
,,,-0.4909618388752564,,,-2.086078173034709,4.459,,1781213699,2026-06-11T21:34:59Z,TVC:US10Y
,,,-0.4909618388752564,,,-2.086078173034709,4.459,,1781213880,2026-06-11T21:38:00Z,TVC:US10Y
,,,-0.4909618388752564,,,-2.086078173034709,4.459,,1781214059,2026-06-11T21:40:59Z,TVC:US10Y
,,,-0.4909618388752564,,,-2.086078173034709,4.459,,1781214235,2026-06-11T21:43:55Z,TVC:US10Y
,,,-0.4909618388752564,,,-2.086078173034709,4.459,,1781214421,2026-06-11T21:47:01Z,TVC:US10Y
,,,-0.4909618388752564,,,-2.086078173034709,4.459,,1781214597,2026-06-11T21:49:57Z,TVC:US10Y
,,,-0.4909618388752564,,,-2.086078173034709,4.459,,1781214775,2026-06-11T21:52:55Z,TVC:US10Y
,,,-0.4909618388752564,,,-2.086078173034709,4.459,,1781214956,2026-06-11T21:55:56Z,TVC:US10Y
,,,-0.4909618388752564,,,-2.086078173034709,4.459,,1781215140,2026-06-11T21:59:00Z,TVC:US10Y
,,,-0.4909618388752564,,,-2.086078173034709,4.459,,1781215318,2026-06-11T22:01:58Z,TVC:US10Y
,,,-0.4909618388752564,,,-2.086078173034709,4.459,,1781215498,2026-06-11T22:04:58Z,TVC:US10Y
,,,-0.4909618388752564,,,-2.086078173034709,4.459,,1781215681,2026-06-11T22:08:01Z,TVC:US10Y
,,,-0.4909618388752564,,,-2.086078173034709,4.459,,1781215858,2026-06-11T22:10:58Z,TVC:US10Y
,,,-0.4909618388752564,,,-2.086078173034709,4.459,,1781216044,2026-06-11T22:14:04Z,TVC:US10Y
,,,-0.4909618388752564,,,-2.086078173034709,4.459,,1781216217,2026-06-11T22:16:57Z,TVC:US10Y
,,,-0.4909618388752564,,,-2.086078173034709,4.459,,1781216401,2026-06-11T22:20:01Z,TVC:US10Y
,,,-0.4909618388752564,,,-2.086078173034709,4.459,,1781216584,2026-06-11T22:23:04Z,TVC:US10Y
,,,-0.4909618388752564,,,-2.086078173034709,4.459,,1781216751,2026-06-11T22:25:51Z,TVC:US10Y
,,,-0.4909618388752564,,,-2.086078173034709,4.459,,1781216944,2026-06-11T22:29:04Z,TVC:US10Y
,,,-0.4909618388752564,,,-2.086078173034709,4.459,,1781217120,2026-06-11T22:32:00Z,TVC:US10Y
,,,-0.4909618388752564,,,-2.086078173034709,4.459,,1781217300,2026-06-11T22:35:00Z,TVC:US10Y
,,,-0.4909618388752564,,,-2.086078173034709,4.459,,1781217483,2026-06-11T22:38:03Z,TVC:US10Y
,,,-0.4909618388752564,,,-2.086078173034709,4.459,,1781217660,2026-06-11T22:41:00Z,TVC:US10Y
,,,-0.4909618388752564,,,-2.086078173034709,4.459,,1781217843,2026-06-11T22:44:03Z,TVC:US10Y
,,,-0.4909618388752564,,,-2.086078173034709,4.459,,1781218028,2026-06-11T22:47:08Z,TVC:US10Y
,,,-0.4909618388752564,,,-2.086078173034709,4.459,,1781218199,2026-06-11T22:49:59Z,TVC:US10Y
,,,-0.4909618388752564,,,-2.086078173034709,4.459,,1781218384,2026-06-11T22:53:04Z,TVC:US10Y
,,,-0.4909618388752564,,,-2.086078173034709,4.459,,1781218558,2026-06-11T22:55:58Z,TVC:US10Y
,,,-0.4909618388752564,,,-2.086078173034709,4.459,,1781218747,2026-06-11T22:59:07Z,TVC:US10Y
,,,-0.4909618388752564,,,-2.086078173034709,4.459,,1781218918,2026-06-11T23:01:58Z,TVC:US10Y
,,,-0.4909618388752564,,,-2.086078173034709,4.459,,1781219096,2026-06-11T23:04:56Z,TVC:US10Y
,,,-0.4909618388752564,,,-2.086078173034709,4.459,,1781219287,2026-06-11T23:08:07Z,TVC:US10Y
,,,-0.4909618388752564,,,-2.086078173034709,4.459,,1781219463,2026-06-11T23:11:03Z,TVC:US10Y
,,,-0.4909618388752564,,,-2.086078173034709,4.459,,1781219636,2026-06-11T23:13:56Z,TVC:US10Y
,,,-0.4909618388752564,,,-2.086078173034709,4.459,,1781219823,2026-06-11T23:17:03Z,TVC:US10Y
,,,-0.4909618388752564,,,-2.086078173034709,4.459,,1781220000,2026-06-11T23:20:00Z,TVC:US10Y
,,,-0.4909618388752564,,,-2.086078173034709,4.459,,1781220178,2026-06-11T23:22:58Z,TVC:US10Y
,,,-0.4909618388752564,,,-2.086078173034709,4.459,,1781220365,2026-06-11T23:26:05Z,TVC:US10Y
,,,-0.4909618388752564,,,-2.086078173034709,4.459,,1781220545,2026-06-11T23:29:05Z,TVC:US10Y
,,,-0.4909618388752564,,,-2.086078173034709,4.459,,1781220728,2026-06-11T23:32:08Z,TVC:US10Y
,,,-0.4909618388752564,,,-2.086078173034709,4.459,,1781220901,2026-06-11T23:35:01Z,TVC:US10Y
,,,-0.4909618388752564,,,-2.086078173034709,4.459,,1781221079,2026-06-11T23:37:59Z,TVC:US10Y
,,,-0.4909618388752564,,,-2.086078173034709,4.459,,1781221262,2026-06-11T23:41:02Z,TVC:US10Y
,,,-0.4909618388752564,,,-2.086078173034709,4.459,,1781221437,2026-06-11T23:43:57Z,TVC:US10Y
,,,-0.4909618388752564,,,-2.086078173034709,4.459,,1781221621,2026-06-11T23:47:01Z,TVC:US10Y
,,,-0.4909618388752564,,,-2.086078173034709,4.459,,1781221798,2026-06-11T23:49:58Z,TVC:US10Y
,,,-0.4909618388752564,,,-2.086078173034709,4.459,,1781221985,2026-06-11T23:53:05Z,TVC:US10Y
,,,-0.4909618388752564,,,-2.086078173034709,4.459,,1781222159,2026-06-11T23:55:59Z,TVC:US10Y
,,,-0.4909618388752564,,,-2.086078173034709,4.459,,1781222343,2026-06-11T23:59:03Z,TVC:US10Y
,,,-0.4909618388752564,,,-2.086078173034709,4.459,,1781222527,2026-06-12T00:02:07Z,TVC:US10Y
,,,-0.4909618388752564,,,-2.086078173034709,4.459,,1781222708,2026-06-12T00:05:08Z,TVC:US10Y
,,,-0.4909618388752564,,,-2.086078173034709,4.459,,1781222879,2026-06-12T00:07:59Z,TVC:US10Y
,,,-0.2680366316730054,,,0.1345593182327927,4.465,,1781223058,2026-06-12T00:10:58Z,TVC:US10Y
,,,-0.2233638597275111,,,0.1794124243103836,4.467,,1781223236,2026-06-12T00:13:56Z,TVC:US10Y
,,,-0.178691087781997,,,0.2242655303879945,4.469,,1781223417,2026-06-12T00:16:57Z,TVC:US10Y
,,,-0.2680366316730054,,,0.1345593182327927,4.465,,1781223605,2026-06-12T00:20:05Z,TVC:US10Y
,,,-0.2233638597275111,,,0.1794124243103836,4.467,,1781223781,2026-06-12T00:23:01Z,TVC:US10Y
,,,-0.2233638597275111,,,0.1794124243103836,4.467,,1781223964,2026-06-12T00:26:04Z,TVC:US10Y
,,,-0.2680366316730054,,,0.1345593182327927,4.465,,1781224139,2026-06-12T00:28:59Z,TVC:US10Y
,,,-0.2680366316730054,,,0.1345593182327927,4.465,,1781224323,2026-06-12T00:32:03Z,TVC:US10Y
,,,-0.2680366316730054,,,0.1345593182327927,4.465,,1781224499,2026-06-12T00:34:59Z,TVC:US10Y
,,,-0.178691087781997,,,0.2242655303879945,4.469,,1781224676,2026-06-12T00:37:56Z,TVC:US10Y
,,,-0.178691087781997,,,0.2242655303879945,4.469,,1781224860,2026-06-12T00:41:00Z,TVC:US10Y
,,,-0.0893455438910084,,,0.3139717425431764,4.473,,1781225039,2026-06-12T00:43:59Z,TVC:US10Y
,,,-0.0893455438910084,,,0.3139717425431764,4.473,,1781225217,2026-06-12T00:46:57Z,TVC:US10Y
,,,-0.0893455438910084,,,0.3139717425431764,4.473,,1781225404,2026-06-12T00:50:04Z,TVC:US10Y
,,,-0.0893455438910084,,,0.3139717425431764,4.473,,1781225573,2026-06-12T00:52:53Z,TVC:US10Y
,,,-0.0893455438910084,,,0.3139717425431764,4.473,,1781225758,2026-06-12T00:55:58Z,TVC:US10Y
,,,-0.0893455438910084,,,0.3139717425431764,4.473,,1781225942,2026-06-12T00:59:02Z,TVC:US10Y
,,,-0.0893455438910084,,,0.3139717425431764,4.473,,1781226113,2026-06-12T01:01:53Z,TVC:US10Y
,,,-0.0893455438910084,,,0.3139717425431764,4.473,,1781226299,2026-06-12T01:04:59Z,TVC:US10Y
,,,-0.0893455438910084,,,0.3139717425431764,4.473,,1781226476,2026-06-12T01:07:56Z,TVC:US10Y
,,,-0.0893455438910084,,,0.3139717425431764,4.473,,1781226665,2026-06-12T01:11:05Z,TVC:US10Y
,,,-0.0893455438910084,,,0.3139717425431764,4.473,,1781226840,2026-06-12T01:14:00Z,TVC:US10Y
,,,-0.0893455438910084,,,0.3139717425431764,4.473,,1781227018,2026-06-12T01:16:58Z,TVC:US10Y
,,,-0.1340183158365027,,,0.2691186364655854,4.471,,1781227201,2026-06-12T01:20:01Z,TVC:US10Y
,,,-0.1340183158365027,,,0.2691186364655854,4.471,,1781227381,2026-06-12T01:23:01Z,TVC:US10Y
,,,-0.0893455438910084,,,0.3139717425431764,4.473,,1781227556,2026-06-12T01:25:56Z,TVC:US10Y
,,,-0.0893455438910084,,,0.3139717425431764,4.473,,1781227743,2026-06-12T01:29:03Z,TVC:US10Y
,,,-0.0893455438910084,,,0.3139717425431764,4.473,,1781227922,2026-06-12T01:32:02Z,TVC:US10Y
,,,-0.0893455438910084,,,0.3139717425431764,4.473,,1781228102,2026-06-12T01:35:02Z,TVC:US10Y
,,,-0.0893455438910084,,,0.3139717425431764,4.473,,1781228272,2026-06-12T01:37:52Z,TVC:US10Y
,,,-0.0893455438910084,,,0.3139717425431764,4.473,,1781228461,2026-06-12T01:41:01Z,TVC:US10Y
,,,-0.0893455438910084,,,0.3139717425431764,4.473,,1781228642,2026-06-12T01:44:02Z,TVC:US10Y
,,,-0.0893455438910084,,,0.3139717425431764,4.473,,1781228816,2026-06-12T01:46:56Z,TVC:US10Y
,,,-0.0893455438910084,,,0.3139717425431764,4.473,,1781229002,2026-06-12T01:50:02Z,TVC:US10Y
,,,-0.0893455438910084,,,0.3139717425431764,4.473,,1781229181,2026-06-12T01:53:01Z,TVC:US10Y
,,,-0.0446727719455141,,,0.3588248486207673,4.475,,1781229353,2026-06-12T01:55:53Z,TVC:US10Y
,,,-0.0893455438910084,,,0.3139717425431764,4.473,,1781229541,2026-06-12T01:59:01Z,TVC:US10Y
,,,-0.0893455438910084,,,0.3139717425431764,4.473,,1781229723,2026-06-12T02:02:03Z,TVC:US10Y
,,,-0.0893455438910084,,,0.3139717425431764,4.473,,1781229896,2026-06-12T02:04:56Z,TVC:US10Y
,,,-0.0893455438910084,,,0.3139717425431764,4.473,,1781230083,2026-06-12T02:08:03Z,TVC:US10Y
,,,-0.0893455438910084,,,0.3139717425431764,4.473,,1781230264,2026-06-12T02:11:04Z,TVC:US10Y
,,,-0.0446727719455141,,,0.3588248486207673,4.475,,1781230447,2026-06-12T02:14:07Z,TVC:US10Y
,,,-0.0446727719455141,,,0.3588248486207673,4.475,,1781230626,2026-06-12T02:17:06Z,TVC:US10Y
,,,-0.0446727719455141,,,0.3588248486207673,4.475,,1781230803,2026-06-12T02:20:03Z,TVC:US10Y
,,,-0.0893455438910084,,,0.3139717425431764,4.473,,1781230981,2026-06-12T02:23:01Z,TVC:US10Y
,,,-0.0446727719455141,,,0.3588248486207673,4.475,,1781231154,2026-06-12T02:25:54Z,TVC:US10Y
,,,-0.0893455438910084,,,0.3139717425431764,4.473,,1781231343,2026-06-12T02:29:03Z,TVC:US10Y
,,,-0.0893455438910084,,,0.3139717425431764,4.473,,1781231521,2026-06-12T02:32:01Z,TVC:US10Y
,,,-0.0893455438910084,,,0.3139717425431764,4.473,,1781231697,2026-06-12T02:34:57Z,TVC:US10Y
,,,-0.0893455438910084,,,0.3139717425431764,4.473,,1781231881,2026-06-12T02:38:01Z,TVC:US10Y
,,,-0.0446727719455141,,,0.3588248486207673,4.475,,1781232063,2026-06-12T02:41:03Z,TVC:US10Y
,,,-0.0893455438910084,,,0.3139717425431764,4.473,,1781232240,2026-06-12T02:44:00Z,TVC:US10Y
,,,-0.0893455438910084,,,0.3139717425431764,4.473,,1781232421,2026-06-12T02:47:01Z,TVC:US10Y
,,,-0.0893455438910084,,,0.3139717425431764,4.473,,1781232602,2026-06-12T02:50:02Z,TVC:US10Y
,,,-0.0893455438910084,,,0.3139717425431764,4.473,,1781232781,2026-06-12T02:53:01Z,TVC:US10Y
,,,-0.0893455438910084,,,0.3139717425431764,4.473,,1781232962,2026-06-12T02:56:02Z,TVC:US10Y
,,,-0.0893455438910084,,,0.3139717425431764,4.473,,1781233145,2026-06-12T02:59:05Z,TVC:US10Y
,,,-0.0893455438910084,,,0.3139717425431764,4.473,,1781233316,2026-06-12T03:01:56Z,TVC:US10Y
,,,-0.0893455438910084,,,0.3139717425431764,4.473,,1781233502,2026-06-12T03:05:02Z,TVC:US10Y
,,,-0.0893455438910084,,,0.3139717425431764,4.473,,1781233686,2026-06-12T03:08:06Z,TVC:US10Y
,,,-0.0893455438910084,,,0.3139717425431764,4.473,,1781233860,2026-06-12T03:11:00Z,TVC:US10Y
,,,-0.0893455438910084,,,0.3139717425431764,4.473,,1781234041,2026-06-12T03:14:01Z,TVC:US10Y
,,,-0.0893455438910084,,,0.3139717425431764,4.473,,1781234222,2026-06-12T03:17:02Z,TVC:US10Y
,,,-0.0893455438910084,,,0.3139717425431764,4.473,,1781234402,2026-06-12T03:20:02Z,TVC:US10Y
,,,-0.0893455438910084,,,0.3139717425431764,4.473,,1781234583,2026-06-12T03:23:03Z,TVC:US10Y
,,,-0.0893455438910084,,,0.3139717425431764,4.473,,1781234756,2026-06-12T03:25:56Z,TVC:US10Y
,,,-0.0893455438910084,,,0.3139717425431764,4.473,,1781234944,2026-06-12T03:29:04Z,TVC:US10Y
,,,-0.178691087781997,,,0.2242655303879945,4.469,,1781235120,2026-06-12T03:32:00Z,TVC:US10Y
,,,-0.2680366316730054,,,0.1345593182327927,4.465,,1781235300,2026-06-12T03:35:00Z,TVC:US10Y
,,,-0.178691087781997,,,0.2242655303879945,4.469,,1781235481,2026-06-12T03:38:01Z,TVC:US10Y
,,,-0.178691087781997,,,0.2242655303879945,4.469,,1781235659,2026-06-12T03:40:59Z,TVC:US10Y
,,,-0.2680366316730054,,,0.1345593182327927,4.465,,1781235841,2026-06-12T03:44:01Z,TVC:US10Y
,,,-0.2233638597275111,,,0.1794124243103836,4.467,,1781236020,2026-06-12T03:47:00Z,TVC:US10Y
,,,-0.178691087781997,,,0.2242655303879945,4.469,,1781236207,2026-06-12T03:50:07Z,TVC:US10Y
,,,-0.2680366316730054,,,0.1345593182327927,4.465,,1781236380,2026-06-12T03:53:00Z,TVC:US10Y
,,,-0.2233638597275111,,,0.1794124243103836,4.467,,1781236557,2026-06-12T03:55:57Z,TVC:US10Y
,,,-0.2680366316730054,,,0.1345593182327927,4.465,,1781236748,2026-06-12T03:59:08Z,TVC:US10Y
,,,-0.178691087781997,,,0.2242655303879945,4.469,,1781236913,2026-06-12T04:01:53Z,TVC:US10Y
,,,-0.178691087781997,,,0.2242655303879945,4.469,,1781237098,2026-06-12T04:04:58Z,TVC:US10Y
,,,-0.178691087781997,,,0.2242655303879945,4.469,,1781237285,2026-06-12T04:08:05Z,TVC:US10Y
,,,-0.178691087781997,,,0.2242655303879945,4.469,,1781237457,2026-06-12T04:10:57Z,TVC:US10Y
,,,-0.178691087781997,,,0.2242655303879945,4.469,,1781237637,2026-06-12T04:13:57Z,TVC:US10Y
,,,-0.2233638597275111,,,0.1794124243103836,4.467,,1781237813,2026-06-12T04:16:53Z,TVC:US10Y
,,,-0.2233638597275111,,,0.1794124243103836,4.467,,1781238001,2026-06-12T04:20:01Z,TVC:US10Y
,,,-0.2233638597275111,,,0.1794124243103836,4.467,,1781238185,2026-06-12T04:23:05Z,TVC:US10Y
,,,-0.2233638597275111,,,0.1794124243103836,4.467,,1781238360,2026-06-12T04:26:00Z,TVC:US10Y
,,,-0.178691087781997,,,0.2242655303879945,4.469,,1781238539,2026-06-12T04:28:59Z,TVC:US10Y
,,,-0.178691087781997,,,0.2242655303879945,4.469,,1781238725,2026-06-12T04:32:05Z,TVC:US10Y
,,,-0.178691087781997,,,0.2242655303879945,4.469,,1781238893,2026-06-12T04:34:53Z,TVC:US10Y
,,,-0.178691087781997,,,0.2242655303879945,4.469,,1781239083,2026-06-12T04:38:03Z,TVC:US10Y
,,,-0.178691087781997,,,0.2242655303879945,4.469,,1781239255,2026-06-12T04:40:55Z,TVC:US10Y
,,,-0.178691087781997,,,0.2242655303879945,4.469,,1781239441,2026-06-12T04:44:01Z,TVC:US10Y
,,,-0.178691087781997,,,0.2242655303879945,4.469,,1781239619,2026-06-12T04:46:59Z,TVC:US10Y
,,,-0.178691087781997,,,0.2242655303879945,4.469,,1781239799,2026-06-12T04:49:59Z,TVC:US10Y
,,,-0.178691087781997,,,0.2242655303879945,4.469,,1781239983,2026-06-12T04:53:03Z,TVC:US10Y
,,,-0.178691087781997,,,0.2242655303879945,4.469,,1781240159,2026-06-12T04:55:59Z,TVC:US10Y
,,,-0.178691087781997,,,0.2242655303879945,4.469,,1781240342,2026-06-12T04:59:02Z,TVC:US10Y
,,,-0.178691087781997,,,0.2242655303879945,4.469,,1781240513,2026-06-12T05:01:53Z,TVC:US10Y
,,,-0.178691087781997,,,0.2242655303879945,4.469,,1781240705,2026-06-12T05:05:05Z,TVC:US10Y
,,,-0.178691087781997,,,0.2242655303879945,4.469,,1781240887,2026-06-12T05:08:07Z,TVC:US10Y
,,,-0.178691087781997,,,0.2242655303879945,4.469,,1781241057,2026-06-12T05:10:57Z,TVC:US10Y
,,,-0.0893455438910084,,,0.3139717425431764,4.473,,1781241241,2026-06-12T05:14:01Z,TVC:US10Y
,,,-0.0446727719455141,,,0.3588248486207673,4.475,,1781241421,2026-06-12T05:17:01Z,TVC:US10Y
,,,-0.0446727719455141,,,0.3588248486207673,4.475,,1781241606,2026-06-12T05:20:06Z,TVC:US10Y
,,,-0.0893455438910084,,,0.3139717425431764,4.473,,1781241778,2026-06-12T05:22:58Z,TVC:US10Y
,,,-0.0893455438910084,,,0.3139717425431764,4.473,,1781241959,2026-06-12T05:25:59Z,TVC:US10Y
,,,-0.0893455438910084,,,0.3139717425431764,4.473,,1781242134,2026-06-12T05:28:54Z,TVC:US10Y
,,,-0.0893455438910084,,,0.3139717425431764,4.473,,1781242323,2026-06-12T05:32:03Z,TVC:US10Y
,,,-0.0893455438910084,,,0.3139717425431764,4.473,,1781242498,2026-06-12T05:34:58Z,TVC:US10Y
,,,-0.178691087781997,,,0.2242655303879945,4.469,,1781242677,2026-06-12T05:37:57Z,TVC:US10Y
,,,-0.1340183158365027,,,0.2691186364655854,4.471,,1781242858,2026-06-12T05:40:58Z,TVC:US10Y
,,,-0.1340183158365027,,,0.2691186364655854,4.471,,1781243039,2026-06-12T05:43:59Z,TVC:US10Y
,,,-0.1340183158365027,,,0.2691186364655854,4.471,,1781243222,2026-06-12T05:47:02Z,TVC:US10Y
,,,-0.178691087781997,,,0.2242655303879945,4.469,,1781243400,2026-06-12T05:50:00Z,TVC:US10Y
,,,-0.0893455438910084,,,0.3139717425431764,4.473,,1781243580,2026-06-12T05:53:00Z,TVC:US10Y
,,,-0.178691087781997,,,0.2242655303879945,4.469,,1781243759,2026-06-12T05:55:59Z,TVC:US10Y
,,,-0.0893455438910084,,,0.3139717425431764,4.473,,1781243938,2026-06-12T05:58:58Z,TVC:US10Y
,,,-0.178691087781997,,,0.2242655303879945,4.469,,1781244117,2026-06-12T06:01:57Z,TVC:US10Y
,,,-0.178691087781997,,,0.2242655303879945,4.469,,1781244300,2026-06-12T06:05:00Z,TVC:US10Y
,,,-0.178691087781997,,,0.2242655303879945,4.469,,1781244477,2026-06-12T06:07:57Z,TVC:US10Y
,,,-0.2233638597275111,,,0.1794124243103836,4.467,,1781244660,2026-06-12T06:11:00Z,TVC:US10Y
,,,-0.178691087781997,,,0.2242655303879945,4.469,,1781244846,2026-06-12T06:14:06Z,TVC:US10Y
,,,-0.178691087781997,,,0.2242655303879945,4.469,,1781245018,2026-06-12T06:16:58Z,TVC:US10Y
,,,-0.178691087781997,,,0.2242655303879945,4.469,,1781245205,2026-06-12T06:20:05Z,TVC:US10Y
,,,-0.1340183158365027,,,0.2691186364655854,4.471,,1781245379,2026-06-12T06:22:59Z,TVC:US10Y
,,,-0.178691087781997,,,0.2242655303879945,4.469,,1781245561,2026-06-12T06:26:01Z,TVC:US10Y
,,,-0.178691087781997,,,0.2242655303879945,4.469,,1781245741,2026-06-12T06:29:01Z,TVC:US10Y
,,,-0.2233638597275111,,,0.1794124243103836,4.467,,1781245920,2026-06-12T06:32:00Z,TVC:US10Y
,,,-0.2680366316730054,,,0.1345593182327927,4.465,,1781246099,2026-06-12T06:34:59Z,TVC:US10Y
,,,-0.2680366316730054,,,0.1345593182327927,4.465,,1781246280,2026-06-12T06:38:00Z,TVC:US10Y
,,,-0.178691087781997,,,0.2242655303879945,4.469,,1781246459,2026-06-12T06:40:59Z,TVC:US10Y
,,,-0.178691087781997,,,0.2242655303879945,4.469,,1781246634,2026-06-12T06:43:54Z,TVC:US10Y
,,,-0.178691087781997,,,0.2242655303879945,4.469,,1781246817,2026-06-12T06:46:57Z,TVC:US10Y
,,,-0.0893455438910084,,,0.3139717425431764,4.473,,1781246999,2026-06-12T06:49:59Z,TVC:US10Y
,,,-0.178691087781997,,,0.2242655303879945,4.469,,1781247179,2026-06-12T06:52:59Z,TVC:US10Y
,,,-0.178691087781997,,,0.2242655303879945,4.469,,1781247360,2026-06-12T06:56:00Z,TVC:US10Y
,,,-0.178691087781997,,,0.2242655303879945,4.469,,1781247540,2026-06-12T06:59:00Z,TVC:US10Y
,,,-0.1340183158365027,,,0.2691186364655854,4.471,,1781247723,2026-06-12T07:02:03Z,TVC:US10Y
,,,-0.0893455438910084,,,0.3139717425431764,4.473,,1781247908,2026-06-12T07:05:08Z,TVC:US10Y
,,,-0.178691087781997,,,0.2242655303879945,4.469,,1781248077,2026-06-12T07:07:57Z,TVC:US10Y
,,,-0.1340183158365027,,,0.2691186364655854,4.471,,1781248261,2026-06-12T07:11:01Z,TVC:US10Y
,,,-0.178691087781997,,,0.2242655303879945,4.469,,1781248440,2026-06-12T07:14:00Z,TVC:US10Y
,,,-0.178691087781997,,,0.2242655303879945,4.469,,1781248616,2026-06-12T07:16:56Z,TVC:US10Y
,,,-0.178691087781997,,,0.2242655303879945,4.469,,1781248795,2026-06-12T07:19:55Z,TVC:US10Y
,,,-0.178691087781997,,,0.2242655303879945,4.469,,1781248979,2026-06-12T07:22:59Z,TVC:US10Y
,,,-0.178691087781997,,,0.2242655303879945,4.469,,1781249167,2026-06-12T07:26:07Z,TVC:US10Y
,,,-0.178691087781997,,,0.2242655303879945,4.469,,1781249335,2026-06-12T07:28:55Z,TVC:US10Y
,,,-0.178691087781997,,,0.2242655303879945,4.469,,1781249523,2026-06-12T07:32:03Z,TVC:US10Y
,,,-0.2680366316730054,,,0.1345593182327927,4.465,,1781249704,2026-06-12T07:35:04Z,TVC:US10Y
,,,-0.2680366316730054,,,0.1345593182327927,4.465,,1781249876,2026-06-12T07:37:56Z,TVC:US10Y
,,,-0.2233638597275111,,,0.1794124243103836,4.467,,1781250064,2026-06-12T07:41:04Z,TVC:US10Y
,,,-0.2680366316730054,,,0.1345593182327927,4.465,,1781250241,2026-06-12T07:44:01Z,TVC:US10Y
,,,-0.357382175563994,,,0.0448531060776108,4.461,,1781250419,2026-06-12T07:46:59Z,TVC:US10Y
,,,-0.2680366316730054,,,0.1345593182327927,4.465,,1781250596,2026-06-12T07:49:56Z,TVC:US10Y
,,,-0.357382175563994,,,0.0448531060776108,4.461,,1781250781,2026-06-12T07:53:01Z,TVC:US10Y
,,,-0.357382175563994,,,0.0448531060776108,4.461,,1781250956,2026-06-12T07:55:56Z,TVC:US10Y
,,,-0.6254188072369995,,,-0.2242655303879746,4.449,,1781251137,2026-06-12T07:58:57Z,TVC:US10Y
,,,-0.5807460352915051,,,-0.1794124243103836,4.451,,1781251321,2026-06-12T08:02:01Z,TVC:US10Y
,,,-0.5807460352915051,,,-0.1794124243103836,4.451,,1781251501,2026-06-12T08:05:01Z,TVC:US10Y
,,,-0.5807460352915051,,,-0.1794124243103836,4.451,,1781251680,2026-06-12T08:08:00Z,TVC:US10Y
,,,-0.7147643511279881,,,-0.3139717425431564,4.445,,1781251862,2026-06-12T08:11:02Z,TVC:US10Y
,,,-0.7147643511279881,,,-0.3139717425431564,4.445,,1781252040,2026-06-12T08:14:00Z,TVC:US10Y
,,,-0.6700915791824937,,,-0.2691186364655655,4.447,,1781252222,2026-06-12T08:17:02Z,TVC:US10Y
,,,-0.8487826669644908,,,-0.4485310607759492,4.439,,1781252402,2026-06-12T08:20:02Z,TVC:US10Y
,,,-0.8934554389099851,,,-0.4933841668535401,4.437,,1781252575,2026-06-12T08:22:55Z,TVC:US10Y
,,,-0.8934554389099851,,,-0.4933841668535401,4.437,,1781252762,2026-06-12T08:26:02Z,TVC:US10Y
,,,-0.8041098950189965,,,-0.4036779546983582,4.441,,1781252939,2026-06-12T08:28:59Z,TVC:US10Y
,,,-0.8934554389099851,,,-0.4933841668535401,4.437,,1781253115,2026-06-12T08:31:55Z,TVC:US10Y
,,,-0.8041098950189965,,,-0.4036779546983582,4.441,,1781253299,2026-06-12T08:34:59Z,TVC:US10Y
,,,-0.8041098950189965,,,-0.4036779546983582,4.441,,1781253480,2026-06-12T08:38:00Z,TVC:US10Y
,,,-0.7594371230735022,,,-0.3588248486207673,4.443,,1781253659,2026-06-12T08:40:59Z,TVC:US10Y
,,,-0.7594371230735022,,,-0.3588248486207673,4.443,,1781253843,2026-06-12T08:44:03Z,TVC:US10Y
,,,-0.7147643511279881,,,-0.3139717425431564,4.445,,1781254022,2026-06-12T08:47:02Z,TVC:US10Y
,,,-0.7594371230735022,,,-0.3588248486207673,4.443,,1781254199,2026-06-12T08:49:59Z,TVC:US10Y
,,,-0.6700915791824937,,,-0.2691186364655655,4.447,,1781254384,2026-06-12T08:53:04Z,TVC:US10Y
,,,-0.7147643511279881,,,-0.3139717425431564,4.445,,1781254554,2026-06-12T08:55:54Z,TVC:US10Y
,,,-0.7147643511279881,,,-0.3139717425431564,4.445,,1781254740,2026-06-12T08:59:00Z,TVC:US10Y
,,,-0.7147643511279881,,,-0.3139717425431564,4.445,,1781254915,2026-06-12T09:01:55Z,TVC:US10Y
,,,-0.7147643511279881,,,-0.3139717425431564,4.445,,1781255103,2026-06-12T09:05:03Z,TVC:US10Y
,,,-0.7147643511279881,,,-0.3139717425431564,4.445,,1781255280,2026-06-12T09:08:00Z,TVC:US10Y
,,,-0.6700915791824937,,,-0.2691186364655655,4.447,,1781255455,2026-06-12T09:10:55Z,TVC:US10Y
,,,-0.6700915791824937,,,-0.2691186364655655,4.447,,1781255646,2026-06-12T09:14:06Z,TVC:US10Y
,,,-0.7594371230735022,,,-0.3588248486207673,4.443,,1781255824,2026-06-12T09:17:04Z,TVC:US10Y
,,,-0.7594371230735022,,,-0.3588248486207673,4.443,,1781256000,2026-06-12T09:20:00Z,TVC:US10Y
,,,-0.7147643511279881,,,-0.3139717425431564,4.445,,1781256180,2026-06-12T09:23:00Z,TVC:US10Y
,,,-0.7147643511279881,,,-0.3139717425431564,4.445,,1781256362,2026-06-12T09:26:02Z,TVC:US10Y
,,,-0.7147643511279881,,,-0.3139717425431564,4.445,,1781256539,2026-06-12T09:28:59Z,TVC:US10Y
,,,-0.7147643511279881,,,-0.3139717425431564,4.445,,1781256718,2026-06-12T09:31:58Z,TVC:US10Y
,,,-0.8041098950189965,,,-0.4036779546983582,4.441,,1781256902,2026-06-12T09:35:02Z,TVC:US10Y
,,,-0.7147643511279881,,,-0.3139717425431564,4.445,,1781257082,2026-06-12T09:38:02Z,TVC:US10Y
,,,-0.7147643511279881,,,-0.3139717425431564,4.445,,1781257255,2026-06-12T09:40:55Z,TVC:US10Y
,,,-0.7147643511279881,,,-0.3139717425431564,4.445,,1781257440,2026-06-12T09:44:00Z,TVC:US10Y
,,,-0.7147643511279881,,,-0.3139717425431564,4.445,,1781257615,2026-06-12T09:46:55Z,TVC:US10Y
,,,-0.7147643511279881,,,-0.3139717425431564,4.445,,1781257804,2026-06-12T09:50:04Z,TVC:US10Y
,,,-0.6700915791824937,,,-0.2691186364655655,4.447,,1781257977,2026-06-12T09:52:57Z,TVC:US10Y
,,,-0.6700915791824937,,,-0.2691186364655655,4.447,,1781258161,2026-06-12T09:56:01Z,TVC:US10Y
,,,-0.6700915791824937,,,-0.2691186364655655,4.447,,1781258335,2026-06-12T09:58:55Z,TVC:US10Y
,,,-0.6254188072369995,,,-0.2242655303879746,4.449,,1781258514,2026-06-12T10:01:54Z,TVC:US10Y
,,,-0.6254188072369995,,,-0.2242655303879746,4.449,,1781258702,2026-06-12T10:05:02Z,TVC:US10Y
,,,-0.6700915791824937,,,-0.2691186364655655,4.447,,1781258874,2026-06-12T10:07:54Z,TVC:US10Y
,,,-0.6700915791824937,,,-0.2691186364655655,4.447,,1781259062,2026-06-12T10:11:02Z,TVC:US10Y
,,,-0.6254188072369995,,,-0.2242655303879746,4.449,,1781259238,2026-06-12T10:13:58Z,TVC:US10Y
,,,-0.5807460352915051,,,-0.1794124243103836,4.451,,1781259421,2026-06-12T10:17:01Z,TVC:US10Y
,,,-0.536073263345991,,,-0.1345593182327728,4.453,,1781259601,2026-06-12T10:20:01Z,TVC:US10Y
,,,-0.536073263345991,,,-0.1345593182327728,4.453,,1781259784,2026-06-12T10:23:04Z,TVC:US10Y
,,,-0.4020549475095081,,,0.0,4.459,,1781259964,2026-06-12T10:26:04Z,TVC:US10Y
,,,-0.3127094036184997,,,0.0897062121552017,4.463,,1781260140,2026-06-12T10:29:00Z,TVC:US10Y
,,,-0.4020549475095081,,,0.0,4.459,,1781260323,2026-06-12T10:32:03Z,TVC:US10Y
,,,-0.4467277194550024,,,-0.0448531060775909,4.457,,1781260502,2026-06-12T10:35:02Z,TVC:US10Y
,,,-0.4467277194550024,,,-0.0448531060775909,4.457,,1781260675,2026-06-12T10:37:55Z,TVC:US10Y
,,,-0.4467277194550024,,,-0.0448531060775909,4.457,,1781260865,2026-06-12T10:41:05Z,TVC:US10Y
,,,-0.4467277194550024,,,-0.0448531060775909,4.457,,1781261034,2026-06-12T10:43:54Z,TVC:US10Y
,,,-0.4914004914004967,,,-0.0897062121551818,4.455,,1781261219,2026-06-12T10:46:59Z,TVC:US10Y
,,,-0.4467277194550024,,,-0.0448531060775909,4.457,,1781261407,2026-06-12T10:50:07Z,TVC:US10Y
,,,-0.4020549475095081,,,0.0,4.459,,1781261573,2026-06-12T10:52:53Z,TVC:US10Y
,,,-0.4467277194550024,,,-0.0448531060775909,4.457,,1781261765,2026-06-12T10:56:05Z,TVC:US10Y
,,,-0.4467277194550024,,,-0.0448531060775909,4.457,,1781261937,2026-06-12T10:58:57Z,TVC:US10Y
,,,-0.357382175563994,,,0.0448531060776108,4.461,,1781262121,2026-06-12T11:02:01Z,TVC:US10Y
,,,-0.4467277194550024,,,-0.0448531060775909,4.457,,1781262303,2026-06-12T11:05:03Z,TVC:US10Y
,,,-0.357382175563994,,,0.0448531060776108,4.461,,1781262475,2026-06-12T11:07:55Z,TVC:US10Y
,,,-0.357382175563994,,,0.0448531060776108,4.461,,1781262660,2026-06-12T11:11:00Z,TVC:US10Y
,,,-0.4020549475095081,,,0.0,4.459,,1781262839,2026-06-12T11:13:59Z,TVC:US10Y
,,,-0.4467277194550024,,,-0.0448531060775909,4.457,,1781263028,2026-06-12T11:17:08Z,TVC:US10Y
,,,-0.4467277194550024,,,-0.0448531060775909,4.457,,1781263199,2026-06-12T11:19:59Z,TVC:US10Y
,,,-0.4467277194550024,,,-0.0448531060775909,4.457,,1781263374,2026-06-12T11:22:54Z,TVC:US10Y
,,,-0.4467277194550024,,,-0.0448531060775909,4.457,,1781263558,2026-06-12T11:25:58Z,TVC:US10Y
,,,-0.4467277194550024,,,-0.0448531060775909,4.457,,1781263742,2026-06-12T11:29:02Z,TVC:US10Y
,,,-0.4467277194550024,,,-0.0448531060775909,4.457,,1781263916,2026-06-12T11:31:56Z,TVC:US10Y
,,,-0.357382175563994,,,0.0448531060776108,4.461,,1781264102,2026-06-12T11:35:02Z,TVC:US10Y
,,,-0.357382175563994,,,0.0448531060776108,4.461,,1781264280,2026-06-12T11:38:00Z,TVC:US10Y
,,,-0.357382175563994,,,0.0448531060776108,4.461,,1781264459,2026-06-12T11:40:59Z,TVC:US10Y
,,,-0.357382175563994,,,0.0448531060776108,4.461,,1781264639,2026-06-12T11:43:59Z,TVC:US10Y
,,,-0.357382175563994,,,0.0448531060776108,4.461,,1781264812,2026-06-12T11:46:52Z,TVC:US10Y
,,,-0.2680366316730054,,,0.1345593182327927,4.465,,1781265002,2026-06-12T11:50:02Z,TVC:US10Y
,,,-0.3127094036184997,,,0.0897062121552017,4.463,,1781265184,2026-06-12T11:53:04Z,TVC:US10Y
,,,-0.2680366316730054,,,0.1345593182327927,4.465,,1781265361,2026-06-12T11:56:01Z,TVC:US10Y
,,,-0.2680366316730054,,,0.1345593182327927,4.465,,1781265544,2026-06-12T11:59:04Z,TVC:US10Y
,,,-0.0893455438910084,,,0.3139717425431764,4.473,,1781265719,2026-06-12T12:01:59Z,TVC:US10Y
,,,-0.0893455438910084,,,0.3139717425431764,4.473,,1781265901,2026-06-12T12:05:01Z,TVC:US10Y
,,,-0.0893455438910084,,,0.3139717425431764,4.473,,1781266080,2026-06-12T12:08:00Z,TVC:US10Y
,,,-0.1340183158365027,,,0.2691186364655854,4.471,,1781266261,2026-06-12T12:11:01Z,TVC:US10Y
,,,-0.1340183158365027,,,0.2691186364655854,4.471,,1781266441,2026-06-12T12:14:01Z,TVC:US10Y
,,,-0.0893455438910084,,,0.3139717425431764,4.473,,1781266626,2026-06-12T12:17:06Z,TVC:US10Y
,,,-0.1340183158365027,,,0.2691186364655854,4.471,,1781266803,2026-06-12T12:20:03Z,TVC:US10Y
,,,-0.1340183158365027,,,0.2691186364655854,4.471,,1781266977,2026-06-12T12:22:57Z,TVC:US10Y
,,,-0.0893455438910084,,,0.3139717425431764,4.473,,1781267161,2026-06-12T12:26:01Z,TVC:US10Y
,,,-0.0893455438910084,,,0.3139717425431764,4.473,,1781267344,2026-06-12T12:29:04Z,TVC:US10Y
,,,0.0,,,0.4036779546983782,4.477,,1781267519,2026-06-12T12:31:59Z,TVC:US10Y
,,,0.0,,,0.4036779546983782,4.477,,1781267700,2026-06-12T12:35:00Z,TVC:US10Y
,,,0.0446727719454942,,,0.49338416685356,4.481,,1781267875,2026-06-12T12:37:55Z,TVC:US10Y
,,,0.0446727719454942,,,0.4485310607759691,4.479,,1781268056,2026-06-12T12:40:56Z,TVC:US10Y
,,,0.0893455438909885,,,0.49338416685356,4.481,,1781268242,2026-06-12T12:44:02Z,TVC:US10Y
,,,0.178691087781997,,,0.5830903790087618,4.485,,1781268421,2026-06-12T12:47:01Z,TVC:US10Y
,,,0.1340183158364828,,,0.5382372729311511,4.483,,1781268600,2026-06-12T12:50:00Z,TVC:US10Y
,,,0.1340183158364828,,,0.5382372729311511,4.483,,1781268783,2026-06-12T12:53:03Z,TVC:US10Y
,,,0.2680366316729856,,,0.6727965911639437,4.489,,1781268962,2026-06-12T12:56:02Z,TVC:US10Y
,,,0.178691087781997,,,0.5830903790087618,4.485,,1781269139,2026-06-12T12:58:59Z,TVC:US10Y
,,,0.2680366316729856,,,0.6727965911639437,4.489,,1781269321,2026-06-12T13:02:01Z,TVC:US10Y
,,,0.2680366316729856,,,0.6727965911639437,4.489,,1781269499,2026-06-12T13:04:59Z,TVC:US10Y
,,,0.2680366316729856,,,0.6727965911639437,4.489,,1781269679,2026-06-12T13:07:59Z,TVC:US10Y
,,,0.357382175563994,,,0.7625028033191456,4.493,,1781269859,2026-06-12T13:10:59Z,TVC:US10Y
,,,0.3127094036184799,,,0.7176496972415347,4.491,,1781270042,2026-06-12T13:14:02Z,TVC:US10Y
,,,0.2233638597274913,,,0.6279434850863528,4.487,,1781270223,2026-06-12T13:17:03Z,TVC:US10Y
,,,0.178691087781997,,,0.5830903790087618,4.485,,1781270402,2026-06-12T13:20:02Z,TVC:US10Y
,,,0.178691087781997,,,0.5830903790087618,4.485,,1781270581,2026-06-12T13:23:01Z,TVC:US10Y
,,,0.2233638597274913,,,0.6279434850863528,4.487,,1781270762,2026-06-12T13:26:02Z,TVC:US10Y
,,,0.178691087781997,,,0.5830903790087618,4.485,,1781270940,2026-06-12T13:29:00Z,TVC:US10Y
,,,0.2233638597274913,,,0.6279434850863528,4.487,,1781271114,2026-06-12T13:31:54Z,TVC:US10Y
,,,0.2680366316729856,,,0.6727965911639437,4.489,,1781271302,2026-06-12T13:35:02Z,TVC:US10Y
,,,0.2680366316729856,,,0.6727965911639437,4.489,,1781271481,2026-06-12T13:38:01Z,TVC:US10Y
,,,0.2680366316729856,,,0.6727965911639437,4.489,,1781271659,2026-06-12T13:40:59Z,TVC:US10Y
,,,0.4914004914004769,,,0.8970621215519183,4.499,,1781271838,2026-06-12T13:43:58Z,TVC:US10Y
,,,0.4467277194549826,,,0.8522090154743274,4.497,,1781272025,2026-06-12T13:47:05Z,TVC:US10Y
,,,0.4020549475094883,,,0.8073559093967364,4.495,,1781272201,2026-06-12T13:50:01Z,TVC:US10Y
,,,0.357382175563994,,,0.7625028033191456,4.493,,1781272383,2026-06-12T13:53:03Z,TVC:US10Y
,,,0.4467277194549826,,,0.8522090154743274,4.497,,1781272563,2026-06-12T13:56:03Z,TVC:US10Y
,,,0.4467277194549826,,,0.8522090154743274,4.497,,1781272738,2026-06-12T13:58:58Z,TVC:US10Y
,,,0.4467277194549826,,,0.8522090154743274,4.497,,1781272923,2026-06-12T14:02:03Z,TVC:US10Y
,,,0.357382175563994,,,0.7625028033191456,4.493,,1781273105,2026-06-12T14:05:05Z,TVC:US10Y
,,,0.357382175563994,,,0.7625028033191456,4.493,,1781273285,2026-06-12T14:08:05Z,TVC:US10Y
,,,0.357382175563994,,,0.7625028033191456,4.493,,1781273460,2026-06-12T14:11:00Z,TVC:US10Y
,,,0.4467277194549826,,,0.8522090154743274,4.497,,1781273640,2026-06-12T14:14:00Z,TVC:US10Y
,,,0.357382175563994,,,0.7625028033191456,4.493,,1781273817,2026-06-12T14:16:57Z,TVC:US10Y
,,,0.4020549475094883,,,0.8073559093967364,4.495,,1781273999,2026-06-12T14:19:59Z,TVC:US10Y
,,,0.4914004914004769,,,0.8970621215519183,4.499,,1781274181,2026-06-12T14:23:01Z,TVC:US10Y
,,,0.4467277194549826,,,0.8522090154743274,4.497,,1781274371,2026-06-12T14:26:11Z,TVC:US10Y
,,,0.536073263345991,,,0.9419152276295292,4.501,,1781274541,2026-06-12T14:29:01Z,TVC:US10Y
,,,0.536073263345991,,,0.9419152276295292,4.501,,1781274721,2026-06-12T14:32:01Z,TVC:US10Y
,,,0.536073263345991,,,0.9419152276295292,4.501,,1781274902,2026-06-12T14:35:02Z,TVC:US10Y
,,,0.4467277194549826,,,0.8522090154743274,4.497,,1781275083,2026-06-12T14:38:03Z,TVC:US10Y
,,,0.4914004914004769,,,0.8970621215519183,4.499,,1781275254,2026-06-12T14:40:54Z,TVC:US10Y
,,,0.6254188072369796,,,1.031621439784711,4.505,,1781275443,2026-06-12T14:44:03Z,TVC:US10Y
,,,0.6254188072369796,,,1.031621439784711,4.505,,1781275621,2026-06-12T14:47:01Z,TVC:US10Y
,,,0.5807460352914854,,,0.98676833370712,4.503,,1781275797,2026-06-12T14:49:57Z,TVC:US10Y
,,,0.4020549475094883,,,0.8073559093967364,4.495,,1781275984,2026-06-12T14:53:04Z,TVC:US10Y
,,,0.357382175563994,,,0.7625028033191456,4.493,,1781276162,2026-06-12T14:56:02Z,TVC:US10Y
,,,0.178691087781997,,,0.5830903790087618,4.485,,1781276339,2026-06-12T14:58:59Z,TVC:US10Y
,,,0.178691087781997,,,0.5830903790087618,4.485,,1781276513,2026-06-12T15:01:53Z,TVC:US10Y
,,,0.178691087781997,,,0.5830903790087618,4.485,,1781276703,2026-06-12T15:05:03Z,TVC:US10Y
,,,0.178691087781997,,,0.5830903790087618,4.485,,1781276882,2026-06-12T15:08:02Z,TVC:US10Y
,,,0.178691087781997,,,0.49338416685356,4.481,,1781277063,2026-06-12T15:11:03Z,TVC:US10Y
,,,0.178691087781997,,,0.5830903790087618,4.485,,1781277244,2026-06-12T15:14:04Z,TVC:US10Y
,,,0.0893455438909885,,,0.49338416685356,4.481,,1781277426,2026-06-12T15:17:06Z,TVC:US10Y
,,,0.0893455438909885,,,0.49338416685356,4.481,,1781277600,2026-06-12T15:20:00Z,TVC:US10Y
,,,0.0,,,0.4036779546983782,4.477,,1781277786,2026-06-12T15:23:06Z,TVC:US10Y
,,,0.0,,,0.4036779546983782,4.477,,1781277964,2026-06-12T15:26:04Z,TVC:US10Y
,,,0.0893455438909885,,,0.49338416685356,4.481,,1781278142,2026-06-12T15:29:02Z,TVC:US10Y
,,,0.0893455438909885,,,0.49338416685356,4.481,,1781278330,2026-06-12T15:32:10Z,TVC:US10Y
,,,0.0446727719454942,,,0.4485310607759691,4.479,,1781278505,2026-06-12T15:35:05Z,TVC:US10Y
,,,0.0,,,0.4036779546983782,4.477,,1781278686,2026-06-12T15:38:06Z,TVC:US10Y
,,,0.0,,,0.4036779546983782,4.477,,1781278862,2026-06-12T15:41:02Z,TVC:US10Y
,,,-0.0446727719455141,,,0.3588248486207673,4.475,,1781279039,2026-06-12T15:43:59Z,TVC:US10Y
,,,0.0,,,0.4036779546983782,4.477,,1781279219,2026-06-12T15:46:59Z,TVC:US10Y
,,,0.0893455438909885,,,0.49338416685356,4.481,,1781279398,2026-06-12T15:49:58Z,TVC:US10Y
,,,0.0,,,0.4036779546983782,4.477,,1781279571,2026-06-12T15:52:51Z,TVC:US10Y
,,,0.0,,,0.4036779546983782,4.477,,1781279763,2026-06-12T15:56:03Z,TVC:US10Y
,,,0.0893455438909885,,,0.49338416685356,4.481,,1781279944,2026-06-12T15:59:04Z,TVC:US10Y
,,,0.1340183158364828,,,0.5382372729311511,4.483,,1781280117,2026-06-12T16:01:57Z,TVC:US10Y
,,,0.0893455438909885,,,0.49338416685356,4.481,,1781280302,2026-06-12T16:05:02Z,TVC:US10Y
,,,0.178691087781997,,,0.5830903790087618,4.485,,1781280484,2026-06-12T16:08:04Z,TVC:US10Y
,,,0.178691087781997,,,0.5830903790087618,4.485,,1781280665,2026-06-12T16:11:05Z,TVC:US10Y
,,,0.178691087781997,,,0.5830903790087618,4.485,,1781280831,2026-06-12T16:13:51Z,TVC:US10Y
,,,0.0,,,0.4036779546983782,4.477,,1781281019,2026-06-12T16:16:59Z,TVC:US10Y
,,,0.0,,,0.4036779546983782,4.477,,1781281196,2026-06-12T16:19:56Z,TVC:US10Y
,,,0.0,,,0.4036779546983782,4.477,,1781281383,2026-06-12T16:23:03Z,TVC:US10Y
,,,0.0893455438909885,,,0.49338416685356,4.481,,1781281557,2026-06-12T16:25:57Z,TVC:US10Y
,,,0.0893455438909885,,,0.49338416685356,4.481,,1781281732,2026-06-12T16:28:52Z,TVC:US10Y
,,,0.0893455438909885,,,0.49338416685356,4.481,,1781281918,2026-06-12T16:31:58Z,TVC:US10Y
,,,0.0893455438909885,,,0.49338416685356,4.481,,1781282104,2026-06-12T16:35:04Z,TVC:US10Y
,,,0.178691087781997,,,0.5830903790087618,4.485,,1781282275,2026-06-12T16:37:55Z,TVC:US10Y
,,,0.0893455438909885,,,0.49338416685356,4.481,,1781282460,2026-06-12T16:41:00Z,TVC:US10Y
,,,0.178691087781997,,,0.5830903790087618,4.485,,1781282642,2026-06-12T16:44:02Z,TVC:US10Y
,,,0.0893455438909885,,,0.49338416685356,4.481,,1781282822,2026-06-12T16:47:02Z,TVC:US10Y
,,,0.0893455438909885,,,0.49338416685356,4.481,,1781283003,2026-06-12T16:50:03Z,TVC:US10Y
,,,0.0893455438909885,,,0.49338416685356,4.481,,1781283177,2026-06-12T16:52:57Z,TVC:US10Y
,,,0.0893455438909885,,,0.49338416685356,4.481,,1781283365,2026-06-12T16:56:05Z,TVC:US10Y
,,,0.178691087781997,,,0.5830903790087618,4.485,,1781283541,2026-06-12T16:59:01Z,TVC:US10Y
,,,0.178691087781997,,,0.5830903790087618,4.485,,1781283724,2026-06-12T17:02:04Z,TVC:US10Y
,,,0.178691087781997,,,0.5830903790087618,4.485,,1781283901,2026-06-12T17:05:01Z,TVC:US10Y
,,,0.0893455438909885,,,0.49338416685356,4.481,,1781284078,2026-06-12T17:07:58Z,TVC:US10Y
,,,0.0893455438909885,,,0.49338416685356,4.481,,1781284264,2026-06-12T17:11:04Z,TVC:US10Y
,,,0.0893455438909885,,,0.49338416685356,4.481,,1781284443,2026-06-12T17:14:03Z,TVC:US10Y
,,,0.0893455438909885,,,0.49338416685356,4.481,,1781284621,2026-06-12T17:17:01Z,TVC:US10Y
,,,0.0893455438909885,,,0.49338416685356,4.481,,1781284801,2026-06-12T17:20:01Z,TVC:US10Y
,,,0.0446727719454942,,,0.4485310607759691,4.479,,1781284982,2026-06-12T17:23:02Z,TVC:US10Y
,,,0.0446727719454942,,,0.4485310607759691,4.479,,1781285161,2026-06-12T17:26:01Z,TVC:US10Y
,,,0.0446727719454942,,,0.4485310607759691,4.479,,1781285335,2026-06-12T17:28:55Z,TVC:US10Y
,,,0.0,,,0.4036779546983782,4.477,,1781285520,2026-06-12T17:32:00Z,TVC:US10Y
,,,0.0893455438909885,,,0.49338416685356,4.481,,1781285698,2026-06-12T17:34:58Z,TVC:US10Y
,,,0.0893455438909885,,,0.49338416685356,4.481,,1781285881,2026-06-12T17:38:01Z,TVC:US10Y
,,,0.0446727719454942,,,0.4485310607759691,4.479,,1781286061,2026-06-12T17:41:01Z,TVC:US10Y
,,,0.0446727719454942,,,0.4485310607759691,4.479,,1781286242,2026-06-12T17:44:02Z,TVC:US10Y
,,,0.0,,,0.4036779546983782,4.477,,1781286416,2026-06-12T17:46:56Z,TVC:US10Y
,,,0.0893455438909885,,,0.49338416685356,4.481,,1781286605,2026-06-12T17:50:05Z,TVC:US10Y
,,,0.0,,,0.4036779546983782,4.477,,1781286787,2026-06-12T17:53:07Z,TVC:US10Y
,,,0.0893455438909885,,,0.49338416685356,4.481,,1781286965,2026-06-12T17:56:05Z,TVC:US10Y
,,,0.0893455438909885,,,0.49338416685356,4.481,,1781287140,2026-06-12T17:59:00Z,TVC:US10Y
,,,0.1340183158364828,,,0.5382372729311511,4.483,,1781287322,2026-06-12T18:02:02Z,TVC:US10Y
,,,0.1340183158364828,,,0.5382372729311511,4.483,,1781287503,2026-06-12T18:05:03Z,TVC:US10Y
,,,0.0893455438909885,,,0.49338416685356,4.481,,1781287676,2026-06-12T18:07:56Z,TVC:US10Y
,,,0.0893455438909885,,,0.49338416685356,4.481,,1781287865,2026-06-12T18:11:05Z,TVC:US10Y
,,,0.0,,,0.4036779546983782,4.477,,1781288038,2026-06-12T18:13:58Z,TVC:US10Y
,,,0.0893455438909885,,,0.49338416685356,4.481,,1781288226,2026-06-12T18:17:06Z,TVC:US10Y
,,,0.0893455438909885,,,0.49338416685356,4.481,,1781288396,2026-06-12T18:19:56Z,TVC:US10Y
,,,0.0446727719454942,,,0.4485310607759691,4.479,,1781288577,2026-06-12T18:22:57Z,TVC:US10Y
,,,0.0446727719454942,,,0.4485310607759691,4.479,,1781288765,2026-06-12T18:26:05Z,TVC:US10Y
,,,0.0446727719454942,,,0.4485310607759691,4.479,,1781288945,2026-06-12T18:29:05Z,TVC:US10Y
,,,0.0,,,0.4036779546983782,4.477,,1781289123,2026-06-12T18:32:03Z,TVC:US10Y
,,,0.0,,,0.4036779546983782,4.477,,1781289302,2026-06-12T18:35:02Z,TVC:US10Y
,,,0.0,,,0.4036779546983782,4.477,,1781289481,2026-06-12T18:38:01Z,TVC:US10Y
,,,0.0,,,0.4036779546983782,4.477,,1781289659,2026-06-12T18:40:59Z,TVC:US10Y
,,,0.0,,,0.4036779546983782,4.477,,1781289839,2026-06-12T18:43:59Z,TVC:US10Y
,,,0.0,,,0.4036779546983782,4.477,,1781290023,2026-06-12T18:47:03Z,TVC:US10Y
,,,0.0,,,0.4036779546983782,4.477,,1781290194,2026-06-12T18:49:54Z,TVC:US10Y
,,,0.0,,,0.4036779546983782,4.477,,1781290380,2026-06-12T18:53:00Z,TVC:US10Y
,,,0.0446727719454942,,,0.4485310607759691,4.479,,1781290551,2026-06-12T18:55:51Z,TVC:US10Y
,,,0.1340183158364828,,,0.5382372729311511,4.483,,1781290745,2026-06-12T18:59:05Z,TVC:US10Y
,,,0.2680366316729856,,,0.6727965911639437,4.489,,1781290922,2026-06-12T19:02:02Z,TVC:US10Y
,,,0.178691087781997,,,0.5830903790087618,4.485,,1781291102,2026-06-12T19:05:02Z,TVC:US10Y
,,,0.2233638597274913,,,0.6279434850863528,4.487,,1781291283,2026-06-12T19:08:03Z,TVC:US10Y
,,,0.178691087781997,,,0.5830903790087618,4.485,,1781291463,2026-06-12T19:11:03Z,TVC:US10Y
,,,0.178691087781997,,,0.5830903790087618,4.485,,1781291635,2026-06-12T19:13:55Z,TVC:US10Y
,,,0.178691087781997,,,0.5382372729311511,4.483,,1781291813,2026-06-12T19:16:53Z,TVC:US10Y
,,,0.1340183158364828,,,0.5382372729311511,4.483,,1781292005,2026-06-12T19:20:05Z,TVC:US10Y
,,,0.1340183158364828,,,0.5382372729311511,4.483,,1781292176,2026-06-12T19:22:56Z,TVC:US10Y
,,,0.178691087781997,,,0.5830903790087618,4.485,,1781292353,2026-06-12T19:25:53Z,TVC:US10Y
,,,0.1340183158364828,,,0.5382372729311511,4.483,,1781292544,2026-06-12T19:29:04Z,TVC:US10Y
,,,0.178691087781997,,,0.5830903790087618,4.485,,1781292721,2026-06-12T19:32:01Z,TVC:US10Y
,,,0.178691087781997,,,0.5830903790087618,4.485,,1781292906,2026-06-12T19:35:06Z,TVC:US10Y
,,,0.0893455438909885,,,0.49338416685356,4.481,,1781293083,2026-06-12T19:38:03Z,TVC:US10Y
,,,0.178691087781997,,,0.5830903790087618,4.485,,1781293261,2026-06-12T19:41:01Z,TVC:US10Y
,,,0.1340183158364828,,,0.5382372729311511,4.483,,1781293441,2026-06-12T19:44:01Z,TVC:US10Y
,,,0.1340183158364828,,,0.5382372729311511,4.483,,1781293623,2026-06-12T19:47:03Z,TVC:US10Y
,,,0.178691087781997,,,0.5830903790087618,4.485,,1781293797,2026-06-12T19:49:57Z,TVC:US10Y
,,,0.178691087781997,,,0.5830903790087618,4.485,,1781293976,2026-06-12T19:52:56Z,TVC:US10Y
,,,0.178691087781997,,,0.5830903790087618,4.485,,1781294158,2026-06-12T19:55:58Z,TVC:US10Y
,,,0.1340183158364828,,,0.5382372729311511,4.483,,1781294337,2026-06-12T19:58:57Z,TVC:US10Y
,,,0.178691087781997,,,0.5830903790087618,4.485,,1781294516,2026-06-12T20:01:56Z,TVC:US10Y
,,,0.178691087781997,,,0.5830903790087618,4.485,,1781294696,2026-06-12T20:04:56Z,TVC:US10Y
,,,0.178691087781997,,,0.5830903790087618,4.485,,1781294883,2026-06-12T20:08:03Z,TVC:US10Y
,,,0.0893455438909885,,,0.49338416685356,4.481,,1781295063,2026-06-12T20:11:03Z,TVC:US10Y
,,,0.0893455438909885,,,0.49338416685356,4.481,,1781295246,2026-06-12T20:14:06Z,TVC:US10Y
,,,0.0893455438909885,,,0.49338416685356,4.481,,1781295417,2026-06-12T20:16:57Z,TVC:US10Y
,,,0.0446727719454942,,,0.4485310607759691,4.479,,1781295597,2026-06-12T20:19:57Z,TVC:US10Y
,,,0.0893455438909885,,,0.49338416685356,4.481,,1781295778,2026-06-12T20:22:58Z,TVC:US10Y
,,,0.178691087781997,,,0.5830903790087618,4.485,,1781295954,2026-06-12T20:25:54Z,TVC:US10Y
,,,0.1340183158364828,,,0.5382372729311511,4.483,,1781296138,2026-06-12T20:28:58Z,TVC:US10Y
,,,0.1340183158364828,,,0.5382372729311511,4.483,,1781296326,2026-06-12T20:32:06Z,TVC:US10Y
,,,0.0893455438909885,,,0.49338416685356,4.481,,1781296501,2026-06-12T20:35:01Z,TVC:US10Y
,,,0.0893455438909885,,,0.49338416685356,4.481,,1781296683,2026-06-12T20:38:03Z,TVC:US10Y
,,,0.1340183158364828,,,0.5382372729311511,4.483,,1781296851,2026-06-12T20:40:51Z,TVC:US10Y
,,,0.1340183158364828,,,0.5382372729311511,4.483,,1781297045,2026-06-12T20:44:05Z,TVC:US10Y
,,,0.1340183158364828,,,0.5382372729311511,4.483,,1781297227,2026-06-12T20:47:07Z,TVC:US10Y
,,,0.1340183158364828,,,0.5382372729311511,4.483,,1781297395,2026-06-12T20:49:55Z,TVC:US10Y
,,,0.178691087781997,,,0.5830903790087618,4.485,,1781297575,2026-06-12T20:52:55Z,TVC:US10Y
,,,0.178691087781997,,,0.5830903790087618,4.485,,1781297764,2026-06-12T20:56:04Z,TVC:US10Y
,,,0.178691087781997,,,0.5830903790087618,4.485,,1781297946,2026-06-12T20:59:06Z,TVC:US10Y
,,,0.0893455438909885,,,0.49338416685356,4.481,,1781298120,2026-06-12T21:02:00Z,TVC:US10Y
,,,0.0446727719454942,,,0.5382372729311511,4.483,,1781298302,2026-06-12T21:05:02Z,TVC:US10Y
,,,0.1340183158364828,,,0.5382372729311511,4.483,,1781298481,2026-06-12T21:08:01Z,TVC:US10Y
,,,0.1340183158364828,,,0.5382372729311511,4.483,,1781298658,2026-06-12T21:10:58Z,TVC:US10Y
,,,0.1340183158364828,,,0.5382372729311511,4.483,,1781298842,2026-06-12T21:14:02Z,TVC:US10Y
,,,0.1340183158364828,,,0.5382372729311511,4.483,,1781299021,2026-06-12T21:17:01Z,TVC:US10Y
,,,0.1340183158364828,,,0.5382372729311511,4.483,,1781299197,2026-06-12T21:19:57Z,TVC:US10Y
,,,0.1340183158364828,,,0.5382372729311511,4.483,,1781299379,2026-06-12T21:22:59Z,TVC:US10Y
,,,0.1340183158364828,,,0.5382372729311511,4.483,,1781299554,2026-06-12T21:25:54Z,TVC:US10Y
,,,0.1340183158364828,,,0.5382372729311511,4.483,,1781299738,2026-06-12T21:28:58Z,TVC:US10Y
,,,0.1340183158364828,,,0.5382372729311511,4.483,,1781299924,2026-06-12T21:32:04Z,TVC:US10Y
,,,0.1340183158364828,,,0.5382372729311511,4.483,,1781300099,2026-06-12T21:34:59Z,TVC:US10Y
,,,0.1340183158364828,,,0.5382372729311511,4.483,,1781300278,2026-06-12T21:37:58Z,TVC:US10Y
,,,0.1340183158364828,,,0.5382372729311511,4.483,,1781300463,2026-06-12T21:41:03Z,TVC:US10Y
,,,0.1340183158364828,,,0.5382372729311511,4.483,,1781300643,2026-06-12T21:44:03Z,TVC:US10Y
,,,0.1340183158364828,,,0.5382372729311511,4.483,,1781300815,2026-06-12T21:46:55Z,TVC:US10Y
,,,0.1340183158364828,,,0.5382372729311511,4.483,,1781300996,2026-06-12T21:49:56Z,TVC:US10Y
,,,0.1340183158364828,,,0.5382372729311511,4.483,,1781301181,2026-06-12T21:53:01Z,TVC:US10Y
,,,0.1340183158364828,,,0.5382372729311511,4.483,,1781301362,2026-06-12T21:56:02Z,TVC:US10Y
,,,0.1340183158364828,,,0.5382372729311511,4.483,,1781301537,2026-06-12T21:58:57Z,TVC:US10Y
,,,-2.508802816901406,,,-1.1822440330136057,4.43,,1781499721,2026-06-15T05:02:01Z,TVC:US10Y
,,,-2.5528169014084434,,,-1.2268570153914726,4.428,,1781499897,2026-06-15T05:04:57Z,TVC:US10Y
,,,-2.508802816901406,,,-1.1822440330136057,4.43,,1781500078,2026-06-15T05:07:58Z,TVC:US10Y
,,,-2.508802816901406,,,-1.1822440330136057,4.43,,1781500264,2026-06-15T05:11:04Z,TVC:US10Y
,,,-2.508802816901406,,,-1.1822440330136057,4.43,,1781500446,2026-06-15T05:14:06Z,TVC:US10Y
,,,-2.508802816901406,,,-1.1822440330136057,4.43,,1781500622,2026-06-15T05:17:02Z,TVC:US10Y
,,,-2.508802816901406,,,-1.1822440330136057,4.43,,1781500796,2026-06-15T05:19:56Z,TVC:US10Y
,,,-2.508802816901406,,,-1.1822440330136057,4.43,,1781500975,2026-06-15T05:22:55Z,TVC:US10Y
,,,-2.5528169014084434,,,-1.2268570153914726,4.428,,1781501156,2026-06-15T05:25:56Z,TVC:US10Y
,,,-2.508802816901406,,,-1.1822440330136057,4.43,,1781501339,2026-06-15T05:28:59Z,TVC:US10Y
,,,-2.508802816901406,,,-1.1822440330136057,4.43,,1781501524,2026-06-15T05:32:04Z,TVC:US10Y
,,,-2.464788732394349,,,-1.1376310506357188,4.432,,1781501695,2026-06-15T05:34:55Z,TVC:US10Y
,,,-2.508802816901406,,,-1.1822440330136057,4.43,,1781501884,2026-06-15T05:38:04Z,TVC:US10Y
,,,-2.508802816901406,,,-1.1822440330136057,4.43,,1781502065,2026-06-15T05:41:05Z,TVC:US10Y
,,,-2.508802816901406,,,-1.1822440330136057,4.43,,1781502250,2026-06-15T05:44:10Z,TVC:US10Y
,,,-2.3987676056338025,,,-1.0707115770689282,4.435,,1781502417,2026-06-15T05:46:57Z,TVC:US10Y
,,,-2.420774647887312,,,-1.0930180682578516,4.434,,1781502602,2026-06-15T05:50:02Z,TVC:US10Y
,,,-2.3987676056338025,,,-1.0707115770689282,4.435,,1781502783,2026-06-15T05:53:03Z,TVC:US10Y
,,,-2.3987676056338025,,,-1.0707115770689282,4.435,,1781502958,2026-06-15T05:55:58Z,TVC:US10Y
,,,-2.354753521126746,,,-1.026098594691041,4.437,,1781503141,2026-06-15T05:59:01Z,TVC:US10Y
,,,-2.354753521126746,,,-1.026098594691041,4.437,,1781503323,2026-06-15T06:02:03Z,TVC:US10Y
,,,-2.354753521126746,,,-1.026098594691041,4.437,,1781503497,2026-06-15T06:04:57Z,TVC:US10Y
,,,-2.354753521126746,,,-1.026098594691041,4.437,,1781503681,2026-06-15T06:08:01Z,TVC:US10Y
,,,-2.354753521126746,,,-1.026098594691041,4.437,,1781503868,2026-06-15T06:11:08Z,TVC:US10Y
,,,-2.354753521126746,,,-1.026098594691041,4.437,,1781504046,2026-06-15T06:14:06Z,TVC:US10Y
,,,-2.354753521126746,,,-1.026098594691041,4.437,,1781504220,2026-06-15T06:17:00Z,TVC:US10Y
,,,-2.3107394366197083,,,-0.981485612313174,4.439,,1781504397,2026-06-15T06:19:57Z,TVC:US10Y
,,,-2.354753521126746,,,-1.026098594691041,4.437,,1781504579,2026-06-15T06:22:59Z,TVC:US10Y
,,,-2.354753521126746,,,-1.026098594691041,4.437,,1781504756,2026-06-15T06:25:56Z,TVC:US10Y
,,,-2.354753521126746,,,-1.026098594691041,4.437,,1781504939,2026-06-15T06:28:59Z,TVC:US10Y
,,,-2.266725352112671,,,-0.9368726299353072,4.441,,1781505125,2026-06-15T06:32:05Z,TVC:US10Y
,,,-2.3107394366197083,,,-0.981485612313174,4.439,,1781505302,2026-06-15T06:35:02Z,TVC:US10Y
,,,-2.3107394366197083,,,-0.981485612313174,4.439,,1781505477,2026-06-15T06:37:57Z,TVC:US10Y
,,,-2.354753521126746,,,-1.026098594691041,4.437,,1781505664,2026-06-15T06:41:04Z,TVC:US10Y
,,,-2.354753521126746,,,-1.026098594691041,4.437,,1781505840,2026-06-15T06:44:00Z,TVC:US10Y
,,,-2.354753521126746,,,-1.026098594691041,4.437,,1781506021,2026-06-15T06:47:01Z,TVC:US10Y
,,,-2.354753521126746,,,-1.026098594691041,4.437,,1781506206,2026-06-15T06:50:06Z,TVC:US10Y
,,,-2.354753521126746,,,-1.026098594691041,4.437,,1781506382,2026-06-15T06:53:02Z,TVC:US10Y
,,,-2.354753521126746,,,-1.026098594691041,4.437,,1781506551,2026-06-15T06:55:51Z,TVC:US10Y
,,,-2.354753521126746,,,-1.026098594691041,4.437,,1781506738,2026-06-15T06:58:58Z,TVC:US10Y
,,,-2.354753521126746,,,-1.026098594691041,4.437,,1781506918,2026-06-15T07:01:58Z,TVC:US10Y
,,,-2.354753521126746,,,-1.026098594691041,4.437,,1781507095,2026-06-15T07:04:55Z,TVC:US10Y
,,,-2.354753521126746,,,-1.026098594691041,4.437,,1781507284,2026-06-15T07:08:04Z,TVC:US10Y
,,,-2.354753521126746,,,-1.026098594691041,4.437,,1781507466,2026-06-15T07:11:06Z,TVC:US10Y
,,,-2.354753521126746,,,-1.026098594691041,4.437,,1781507641,2026-06-15T07:14:01Z,TVC:US10Y
,,,-2.3987676056338025,,,-1.0707115770689282,4.435,,1781507815,2026-06-15T07:16:55Z,TVC:US10Y
,,,-2.354753521126746,,,-1.026098594691041,4.437,,1781507999,2026-06-15T07:19:59Z,TVC:US10Y
,,,-2.354753521126746,,,-1.026098594691041,4.437,,1781508182,2026-06-15T07:23:02Z,TVC:US10Y
,,,-2.354753521126746,,,-1.026098594691041,4.437,,1781508359,2026-06-15T07:25:59Z,TVC:US10Y
,,,-2.354753521126746,,,-1.026098594691041,4.437,,1781508537,2026-06-15T07:28:57Z,TVC:US10Y
,,,-2.354753521126746,,,-1.026098594691041,4.437,,1781508723,2026-06-15T07:32:03Z,TVC:US10Y
,,,-2.354753521126746,,,-1.026098594691041,4.437,,1781508903,2026-06-15T07:35:03Z,TVC:US10Y
,,,-2.354753521126746,,,-1.026098594691041,4.437,,1781509081,2026-06-15T07:38:01Z,TVC:US10Y
,,,-2.354753521126746,,,-1.026098594691041,4.437,,1781509263,2026-06-15T07:41:03Z,TVC:US10Y
,,,-2.354753521126746,,,-1.026098594691041,4.437,,1781509444,2026-06-15T07:44:04Z,TVC:US10Y
,,,-2.354753521126746,,,-1.026098594691041,4.437,,1781509615,2026-06-15T07:46:55Z,TVC:US10Y
,,,-2.354753521126746,,,-1.026098594691041,4.437,,1781509807,2026-06-15T07:50:07Z,TVC:US10Y
,,,-2.354753521126746,,,-1.026098594691041,4.437,,1781509977,2026-06-15T07:52:57Z,TVC:US10Y
,,,-2.354753521126746,,,-1.026098594691041,4.437,,1781510161,2026-06-15T07:56:01Z,TVC:US10Y
,,,-2.354753521126746,,,-1.026098594691041,4.437,,1781510335,2026-06-15T07:58:55Z,TVC:US10Y
,,,-2.354753521126746,,,-1.026098594691041,4.437,,1781510520,2026-06-15T08:02:00Z,TVC:US10Y
,,,-2.354753521126746,,,-1.026098594691041,4.437,,1781510688,2026-06-15T08:04:48Z,TVC:US10Y
,,,-2.354753521126746,,,-1.026098594691041,4.437,,1781510881,2026-06-15T08:08:01Z,TVC:US10Y
,,,-2.266725352112671,,,-0.9368726299353072,4.441,,1781511053,2026-06-15T08:10:53Z,TVC:US10Y
,,,-2.266725352112671,,,-0.9368726299353072,4.441,,1781511233,2026-06-15T08:13:53Z,TVC:US10Y
,,,-2.266725352112671,,,-0.9368726299353072,4.441,,1781511428,2026-06-15T08:17:08Z,TVC:US10Y
,,,-2.1786971830985764,,,-0.8476466651795532,4.445,,1781511598,2026-06-15T08:19:58Z,TVC:US10Y
,,,-2.1786971830985764,,,-0.8476466651795532,4.445,,1781511778,2026-06-15T08:22:58Z,TVC:US10Y
,,,-2.1786971830985764,,,-0.8476466651795532,4.445,,1781511961,2026-06-15T08:26:01Z,TVC:US10Y
,,,-2.1786971830985764,,,-0.8476466651795532,4.445,,1781512145,2026-06-15T08:29:05Z,TVC:US10Y
,,,-2.1786971830985764,,,-0.8476466651795532,4.445,,1781512326,2026-06-15T08:32:06Z,TVC:US10Y
,,,-2.222711267605633,,,-0.89225964755744,4.443,,1781512496,2026-06-15T08:34:56Z,TVC:US10Y
,,,-2.266725352112671,,,-0.9368726299353072,4.441,,1781512689,2026-06-15T08:38:09Z,TVC:US10Y
,,,-2.266725352112671,,,-0.9368726299353072,4.441,,1781512859,2026-06-15T08:40:59Z,TVC:US10Y
,,,-2.266725352112671,,,-0.9368726299353072,4.441,,1781513041,2026-06-15T08:44:01Z,TVC:US10Y
,,,-2.266725352112671,,,-0.9368726299353072,4.441,,1781513217,2026-06-15T08:46:57Z,TVC:US10Y
,,,-2.266725352112671,,,-0.9368726299353072,4.441,,1781513400,2026-06-15T08:50:00Z,TVC:US10Y
,,,-2.222711267605633,,,-0.89225964755744,4.443,,1781513583,2026-06-15T08:53:03Z,TVC:US10Y
,,,-2.222711267605633,,,-0.89225964755744,4.443,,1781513765,2026-06-15T08:56:05Z,TVC:US10Y
,,,-2.222711267605633,,,-0.89225964755744,4.443,,1781513942,2026-06-15T08:59:02Z,TVC:US10Y
,,,-2.266725352112671,,,-0.9368726299353072,4.441,,1781514122,2026-06-15T09:02:02Z,TVC:US10Y
,,,-2.266725352112671,,,-0.9368726299353072,4.441,,1781514297,2026-06-15T09:04:57Z,TVC:US10Y
,,,-2.354753521126746,,,-1.026098594691041,4.437,,1781514475,2026-06-15T09:07:55Z,TVC:US10Y
,,,-2.3107394366197083,,,-0.981485612313174,4.439,,1781514664,2026-06-15T09:11:04Z,TVC:US10Y
,,,-2.3107394366197083,,,-0.981485612313174,4.439,,1781514830,2026-06-15T09:13:50Z,TVC:US10Y
,,,-2.222711267605633,,,-0.89225964755744,4.443,,1781515020,2026-06-15T09:17:00Z,TVC:US10Y
,,,-2.222711267605633,,,-0.89225964755744,4.443,,1781515197,2026-06-15T09:19:57Z,TVC:US10Y
,,,-2.1786971830985764,,,-0.8476466651795532,4.445,,1781515382,2026-06-15T09:23:02Z,TVC:US10Y
,,,-2.222711267605633,,,-0.89225964755744,4.443,,1781515559,2026-06-15T09:25:59Z,TVC:US10Y
,,,-2.222711267605633,,,-0.89225964755744,4.443,,1781515738,2026-06-15T09:28:58Z,TVC:US10Y
,,,-2.1786971830985764,,,-0.8476466651795532,4.445,,1781515918,2026-06-15T09:31:58Z,TVC:US10Y
,,,-2.1786971830985764,,,-0.8476466651795532,4.445,,1781516099,2026-06-15T09:34:59Z,TVC:US10Y
,,,-2.1786971830985764,,,-0.8476466651795532,4.445,,1781516274,2026-06-15T09:37:54Z,TVC:US10Y
,,,-2.1786971830985764,,,-0.8476466651795532,4.445,,1781516456,2026-06-15T09:40:56Z,TVC:US10Y
,,,-2.13468309859154,,,-0.8030336828016862,4.447,,1781516643,2026-06-15T09:44:03Z,TVC:US10Y
,,,-2.0906690140845017,,,-0.7584207004238191,4.449,,1781516824,2026-06-15T09:47:04Z,TVC:US10Y
,,,-2.0906690140845017,,,-0.7584207004238191,4.449,,1781516999,2026-06-15T09:49:59Z,TVC:US10Y
,,,-2.0906690140845017,,,-0.7584207004238191,4.449,,1781517183,2026-06-15T09:53:03Z,TVC:US10Y
,,,-2.0906690140845017,,,-0.7584207004238191,4.449,,1781517354,2026-06-15T09:55:54Z,TVC:US10Y
,,,-2.0906690140845017,,,-0.7584207004238191,4.449,,1781517534,2026-06-15T09:58:54Z,TVC:US10Y
,,,-2.1786971830985764,,,-0.8476466651795532,4.445,,1781517728,2026-06-15T10:02:08Z,TVC:US10Y
,,,-2.1786971830985764,,,-0.8476466651795532,4.445,,1781517899,2026-06-15T10:04:59Z,TVC:US10Y
,,,-2.1786971830985764,,,-0.8476466651795532,4.445,,1781518081,2026-06-15T10:08:01Z,TVC:US10Y
,,,-2.1786971830985764,,,-0.8476466651795532,4.445,,1781518264,2026-06-15T10:11:04Z,TVC:US10Y
,,,-2.13468309859154,,,-0.8030336828016862,4.447,,1781518447,2026-06-15T10:14:07Z,TVC:US10Y
,,,-2.1786971830985764,,,-0.8476466651795532,4.445,,1781518621,2026-06-15T10:17:01Z,TVC:US10Y
,,,-2.13468309859154,,,-0.8030336828016862,4.447,,1781518798,2026-06-15T10:19:58Z,TVC:US10Y
,,,-2.13468309859154,,,-0.8030336828016862,4.447,,1781518972,2026-06-15T10:22:52Z,TVC:US10Y
,,,-2.1786971830985764,,,-0.8476466651795532,4.445,,1781519158,2026-06-15T10:25:58Z,TVC:US10Y
,,,-2.1786971830985764,,,-0.8476466651795532,4.445,,1781519335,2026-06-15T10:28:55Z,TVC:US10Y
,,,-2.1786971830985764,,,-0.8476466651795532,4.445,,1781519522,2026-06-15T10:32:02Z,TVC:US10Y
,,,-2.266725352112671,,,-0.9368726299353072,4.441,,1781519695,2026-06-15T10:34:55Z,TVC:US10Y
,,,-2.266725352112671,,,-0.9368726299353072,4.441,,1781519877,2026-06-15T10:37:57Z,TVC:US10Y
,,,-2.222711267605633,,,-0.89225964755744,4.443,,1781520059,2026-06-15T10:40:59Z,TVC:US10Y
,,,-2.266725352112671,,,-0.9368726299353072,4.441,,1781520239,2026-06-15T10:43:59Z,TVC:US10Y
,,,-2.266725352112671,,,-0.9368726299353072,4.441,,1781520420,2026-06-15T10:47:00Z,TVC:US10Y
,,,-2.266725352112671,,,-0.9368726299353072,4.441,,1781520597,2026-06-15T10:49:57Z,TVC:US10Y
,,,-2.266725352112671,,,-0.9368726299353072,4.441,,1781520783,2026-06-15T10:53:03Z,TVC:US10Y
,,,-2.222711267605633,,,-0.89225964755744,4.443,,1781520965,2026-06-15T10:56:05Z,TVC:US10Y
,,,-2.266725352112671,,,-0.9368726299353072,4.441,,1781521150,2026-06-15T10:59:10Z,TVC:US10Y
,,,-2.266725352112671,,,-0.9368726299353072,4.441,,1781521322,2026-06-15T11:02:02Z,TVC:US10Y
,,,-2.266725352112671,,,-0.9368726299353072,4.441,,1781521502,2026-06-15T11:05:02Z,TVC:US10Y
,,,-2.222711267605633,,,-0.89225964755744,4.443,,1781521686,2026-06-15T11:08:06Z,TVC:US10Y
,,,-2.266725352112671,,,-0.9368726299353072,4.441,,1781521862,2026-06-15T11:11:02Z,TVC:US10Y
,,,-2.222711267605633,,,-0.89225964755744,4.443,,1781522040,2026-06-15T11:14:00Z,TVC:US10Y
,,,-2.1786971830985764,,,-0.8476466651795532,4.445,,1781522219,2026-06-15T11:16:59Z,TVC:US10Y
,,,-2.1786971830985764,,,-0.8476466651795532,4.445,,1781522397,2026-06-15T11:19:57Z,TVC:US10Y
,,,-2.0906690140845017,,,-0.7584207004238191,4.449,,1781522580,2026-06-15T11:23:00Z,TVC:US10Y
,,,-2.0906690140845017,,,-0.7584207004238191,4.449,,1781522762,2026-06-15T11:26:02Z,TVC:US10Y
,,,-2.1786971830985764,,,-0.8476466651795532,4.445,,1781522937,2026-06-15T11:28:57Z,TVC:US10Y
,,,-2.1786971830985764,,,-0.8476466651795532,4.445,,1781523116,2026-06-15T11:31:56Z,TVC:US10Y
,,,-2.1786971830985764,,,-0.8476466651795532,4.445,,1781523301,2026-06-15T11:35:01Z,TVC:US10Y
,,,-2.0026408450704074,,,-0.6691947356680652,4.453,,1781523484,2026-06-15T11:38:04Z,TVC:US10Y
,,,-2.0026408450704074,,,-0.6691947356680652,4.453,,1781523655,2026-06-15T11:40:55Z,TVC:US10Y
,,,-1.8265845070422384,,,-0.4907428061565771,4.461,,1781523839,2026-06-15T11:43:59Z,TVC:US10Y
,,,-1.8265845070422384,,,-0.4907428061565771,4.461,,1781524023,2026-06-15T11:47:03Z,TVC:US10Y
,,,-1.914612676056333,,,-0.5799687709123311,4.457,,1781524198,2026-06-15T11:49:58Z,TVC:US10Y
,,,-1.914612676056333,,,-0.5799687709123311,4.457,,1781524385,2026-06-15T11:53:05Z,TVC:US10Y
,,,-1.95862676056337,,,-0.6245817532901982,4.455,,1781524557,2026-06-15T11:55:57Z,TVC:US10Y
,,,-1.914612676056333,,,-0.5799687709123311,4.457,,1781524745,2026-06-15T11:59:05Z,TVC:US10Y
,,,-1.8265845070422384,,,-0.4907428061565771,4.461,,1781524928,2026-06-15T12:02:08Z,TVC:US10Y
,,,-1.914612676056333,,,-0.5799687709123311,4.457,,1781525098,2026-06-15T12:04:58Z,TVC:US10Y
,,,-2.0026408450704074,,,-0.6691947356680652,4.453,,1781525282,2026-06-15T12:08:02Z,TVC:US10Y
,,,-2.0026408450704074,,,-0.6691947356680652,4.453,,1781525458,2026-06-15T12:10:58Z,TVC:US10Y
,,,-2.0466549295774645,,,-0.713807718045952,4.451,,1781525640,2026-06-15T12:14:00Z,TVC:US10Y
,,,-2.0026408450704074,,,-0.6691947356680652,4.453,,1781525814,2026-06-15T12:16:54Z,TVC:US10Y
,,,-1.914612676056333,,,-0.5799687709123311,4.457,,1781525995,2026-06-15T12:19:55Z,TVC:US10Y
,,,-1.95862676056337,,,-0.6245817532901982,4.455,,1781526181,2026-06-15T12:23:01Z,TVC:US10Y
,,,-2.0026408450704074,,,-0.6691947356680652,4.453,,1781526359,2026-06-15T12:25:59Z,TVC:US10Y
,,,-2.0026408450704074,,,-0.6691947356680652,4.453,,1781526539,2026-06-15T12:28:59Z,TVC:US10Y
,,,-2.0026408450704074,,,-0.6691947356680652,4.453,,1781526721,2026-06-15T12:32:01Z,TVC:US10Y
,,,-2.0026408450704074,,,-0.6691947356680652,4.453,,1781526904,2026-06-15T12:35:04Z,TVC:US10Y
,,,-2.0026408450704074,,,-0.6691947356680652,4.453,,1781527077,2026-06-15T12:37:57Z,TVC:US10Y
,,,-2.0026408450704074,,,-0.6691947356680652,4.453,,1781527255,2026-06-15T12:40:55Z,TVC:US10Y
,,,-2.0026408450704074,,,-0.6691947356680652,4.453,,1781527449,2026-06-15T12:44:09Z,TVC:US10Y
,,,-2.0026408450704074,,,-0.6691947356680652,4.453,,1781527623,2026-06-15T12:47:03Z,TVC:US10Y
,,,-2.0026408450704074,,,-0.6691947356680652,4.453,,1781527808,2026-06-15T12:50:08Z,TVC:US10Y
,,,-2.0906690140845017,,,-0.7584207004238191,4.449,,1781527975,2026-06-15T12:52:55Z,TVC:US10Y
,,,-2.0906690140845017,,,-0.7584207004238191,4.449,,1781528159,2026-06-15T12:55:59Z,TVC:US10Y
,,,-2.0026408450704074,,,-0.6691947356680652,4.453,,1781528343,2026-06-15T12:59:03Z,TVC:US10Y
,,,-2.0466549295774645,,,-0.713807718045952,4.451,,1781528517,2026-06-15T13:01:57Z,TVC:US10Y
,,,-2.0466549295774645,,,-0.713807718045952,4.451,,1781528703,2026-06-15T13:05:03Z,TVC:US10Y
,,,-2.0466549295774645,,,-0.713807718045952,4.451,,1781528878,2026-06-15T13:07:58Z,TVC:US10Y
,,,-2.0026408450704074,,,-0.6691947356680652,4.453,,1781529061,2026-06-15T13:11:01Z,TVC:US10Y
,,,-2.0466549295774645,,,-0.713807718045952,4.451,,1781529241,2026-06-15T13:14:01Z,TVC:US10Y
,,,-2.0906690140845017,,,-0.7584207004238191,4.449,,1781529433,2026-06-15T13:17:13Z,TVC:US10Y
,,,-2.0906690140845017,,,-0.7584207004238191,4.449,,1781529603,2026-06-15T13:20:03Z,TVC:US10Y
,,,-2.0026408450704074,,,-0.6691947356680652,4.453,,1781529774,2026-06-15T13:22:54Z,TVC:US10Y
,,,-2.0026408450704074,,,-0.6691947356680652,4.453,,1781529960,2026-06-15T13:26:00Z,TVC:US10Y
,,,-2.0026408450704074,,,-0.6691947356680652,4.453,,1781530142,2026-06-15T13:29:02Z,TVC:US10Y
,,,-2.0466549295774645,,,-0.713807718045952,4.451,,1781530324,2026-06-15T13:32:04Z,TVC:US10Y
,,,-2.0906690140845017,,,-0.7584207004238191,4.449,,1781530493,2026-06-15T13:34:53Z,TVC:US10Y
,,,-2.13468309859154,,,-0.8030336828016862,4.447,,1781530675,2026-06-15T13:37:55Z,TVC:US10Y
,,,-2.13468309859154,,,-0.8030336828016862,4.447,,1781530859,2026-06-15T13:40:59Z,TVC:US10Y
,,,-2.0906690140845017,,,-0.7584207004238191,4.449,,1781531042,2026-06-15T13:44:02Z,TVC:US10Y
,,,-2.0906690140845017,,,-0.7584207004238191,4.449,,1781531220,2026-06-15T13:47:00Z,TVC:US10Y
,,,-2.0906690140845017,,,-0.7584207004238191,4.449,,1781531400,2026-06-15T13:50:00Z,TVC:US10Y
,,,-2.0466549295774645,,,-0.713807718045952,4.451,,1781531585,2026-06-15T13:53:05Z,TVC:US10Y
,,,-2.0906690140845017,,,-0.7584207004238191,4.449,,1781531753,2026-06-15T13:55:53Z,TVC:US10Y
,,,-2.0906690140845017,,,-0.7584207004238191,4.449,,1781531944,2026-06-15T13:59:04Z,TVC:US10Y
,,,-2.1786971830985764,,,-0.8476466651795532,4.445,,1781532118,2026-06-15T14:01:58Z,TVC:US10Y
,,,-2.1786971830985764,,,-0.8476466651795532,4.445,,1781532301,2026-06-15T14:05:01Z,TVC:US10Y
,,,-2.222711267605633,,,-0.89225964755744,4.443,,1781532481,2026-06-15T14:08:01Z,TVC:US10Y
,,,-2.266725352112671,,,-0.9368726299353072,4.441,,1781532656,2026-06-15T14:10:56Z,TVC:US10Y
,,,-2.1786971830985764,,,-0.8476466651795532,4.445,,1781532838,2026-06-15T14:13:58Z,TVC:US10Y
,,,-2.222711267605633,,,-0.89225964755744,4.443,,1781533021,2026-06-15T14:17:01Z,TVC:US10Y
,,,-2.222711267605633,,,-0.89225964755744,4.443,,1781533197,2026-06-15T14:19:57Z,TVC:US10Y
,,,-2.266725352112671,,,-0.9368726299353072,4.441,,1781533379,2026-06-15T14:22:59Z,TVC:US10Y
,,,-2.1786971830985764,,,-0.8476466651795532,4.445,,1781533562,2026-06-15T14:26:02Z,TVC:US10Y
,,,-2.222711267605633,,,-0.89225964755744,4.443,,1781533743,2026-06-15T14:29:03Z,TVC:US10Y
,,,-2.1786971830985764,,,-0.8476466651795532,4.445,,1781533916,2026-06-15T14:31:56Z,TVC:US10Y
,,,-2.13468309859154,,,-0.8030336828016862,4.447,,1781534102,2026-06-15T14:35:02Z,TVC:US10Y
,,,-2.0906690140845017,,,-0.7584207004238191,4.449,,1781534281,2026-06-15T14:38:01Z,TVC:US10Y
,,,-2.0906690140845017,,,-0.7584207004238191,4.449,,1781534458,2026-06-15T14:40:58Z,TVC:US10Y
,,,-2.13468309859154,,,-0.8030336828016862,4.447,,1781534638,2026-06-15T14:43:58Z,TVC:US10Y
,,,-2.13468309859154,,,-0.8030336828016862,4.447,,1781534822,2026-06-15T14:47:02Z,TVC:US10Y
,,,-2.13468309859154,,,-0.8030336828016862,4.447,,1781534991,2026-06-15T14:49:51Z,TVC:US10Y
,,,-2.0026408450704074,,,-0.6691947356680652,4.453,,1781535177,2026-06-15T14:52:57Z,TVC:US10Y
,,,-1.914612676056333,,,-0.5799687709123311,4.457,,1781535364,2026-06-15T14:56:04Z,TVC:US10Y
,,,-1.914612676056333,,,-0.5799687709123311,4.457,,1781535539,2026-06-15T14:58:59Z,TVC:US10Y
,,,-1.870598591549295,,,-0.5353557885344641,4.459,,1781535717,2026-06-15T15:01:57Z,TVC:US10Y
,,,-1.870598591549295,,,-0.5353557885344641,4.459,,1781535896,2026-06-15T15:04:56Z,TVC:US10Y
,,,-1.8265845070422384,,,-0.4907428061565771,4.461,,1781536077,2026-06-15T15:07:57Z,TVC:US10Y
,,,-1.870598591549295,,,-0.5353557885344641,4.459,,1781536266,2026-06-15T15:11:06Z,TVC:US10Y
,,,-1.8265845070422384,,,-0.4907428061565771,4.461,,1781536441,2026-06-15T15:14:01Z,TVC:US10Y
,,,-1.8265845070422384,,,-0.4907428061565771,4.461,,1781536623,2026-06-15T15:17:03Z,TVC:US10Y
,,,-1.8265845070422384,,,-0.4907428061565771,4.461,,1781536801,2026-06-15T15:20:01Z,TVC:US10Y
,,,-1.8265845070422384,,,-0.4907428061565771,4.461,,1781536981,2026-06-15T15:23:01Z,TVC:US10Y
,,,-1.8265845070422384,,,-0.4907428061565771,4.461,,1781537162,2026-06-15T15:26:02Z,TVC:US10Y
,,,-1.8265845070422384,,,-0.4907428061565771,4.461,,1781537336,2026-06-15T15:28:56Z,TVC:US10Y
,,,-1.870598591549295,,,-0.5353557885344641,4.459,,1781537516,2026-06-15T15:31:56Z,TVC:US10Y
,,,-1.8265845070422384,,,-0.4907428061565771,4.461,,1781537701,2026-06-15T15:35:01Z,TVC:US10Y
,,,-1.8265845070422384,,,-0.4907428061565771,4.461,,1781537885,2026-06-15T15:38:05Z,TVC:US10Y
,,,-1.914612676056333,,,-0.5799687709123311,4.457,,1781538062,2026-06-15T15:41:02Z,TVC:US10Y
,,,-1.8265845070422384,,,-0.4907428061565771,4.461,,1781538235,2026-06-15T15:43:55Z,TVC:US10Y
,,,-1.914612676056333,,,-0.5799687709123311,4.457,,1781538422,2026-06-15T15:47:02Z,TVC:US10Y
,,,-1.914612676056333,,,-0.5799687709123311,4.457,,1781538599,2026-06-15T15:49:59Z,TVC:US10Y
,,,-1.914612676056333,,,-0.5799687709123311,4.457,,1781538783,2026-06-15T15:53:03Z,TVC:US10Y
,,,-1.914612676056333,,,-0.5799687709123311,4.457,,1781538956,2026-06-15T15:55:56Z,TVC:US10Y
,,,-1.95862676056337,,,-0.6245817532901982,4.455,,1781539139,2026-06-15T15:58:59Z,TVC:US10Y
,,,-1.95862676056337,,,-0.6245817532901982,4.455,,1781539320,2026-06-15T16:02:00Z,TVC:US10Y
,,,-1.914612676056333,,,-0.5799687709123311,4.457,,1781539505,2026-06-15T16:05:05Z,TVC:US10Y
,,,-1.914612676056333,,,-0.5799687709123311,4.457,,1781539686,2026-06-15T16:08:06Z,TVC:US10Y
,,,-1.914612676056333,,,-0.5799687709123311,4.457,,1781539857,2026-06-15T16:10:57Z,TVC:US10Y
,,,-1.914612676056333,,,-0.5799687709123311,4.457,,1781540037,2026-06-15T16:13:57Z,TVC:US10Y
,,,-1.914612676056333,,,-0.5799687709123311,4.457,,1781540230,2026-06-15T16:17:10Z,TVC:US10Y
,,,-1.8265845070422384,,,-0.4907428061565771,4.461,,1781540403,2026-06-15T16:20:03Z,TVC:US10Y
,,,-1.870598591549295,,,-0.5353557885344641,4.459,,1781540585,2026-06-15T16:23:05Z,TVC:US10Y
,,,-1.914612676056333,,,-0.5799687709123311,4.457,,1781540766,2026-06-15T16:26:06Z,TVC:US10Y
,,,-1.870598591549295,,,-0.5353557885344641,4.459,,1781540938,2026-06-15T16:28:58Z,TVC:US10Y
,,,-1.8265845070422384,,,-0.4907428061565771,4.461,,1781541125,2026-06-15T16:32:05Z,TVC:US10Y
,,,-1.7825704225352008,,,-0.4461298237787101,4.463,,1781541297,2026-06-15T16:34:57Z,TVC:US10Y
,,,-1.8265845070422384,,,-0.4907428061565771,4.461,,1781541483,2026-06-15T16:38:03Z,TVC:US10Y
,,,-1.8265845070422384,,,-0.4907428061565771,4.461,,1781541659,2026-06-15T16:40:59Z,TVC:US10Y
,,,-1.8265845070422384,,,-0.4907428061565771,4.461,,1781541837,2026-06-15T16:43:57Z,TVC:US10Y
,,,-1.7385563380281637,,,-0.4015168414008431,4.465,,1781542019,2026-06-15T16:46:59Z,TVC:US10Y
,,,-1.7385563380281637,,,-0.4015168414008431,4.465,,1781542205,2026-06-15T16:50:05Z,TVC:US10Y
,,,-1.694542253521126,,,-0.356903859022976,4.467,,1781542370,2026-06-15T16:52:50Z,TVC:US10Y
,,,-1.694542253521126,,,-0.356903859022976,4.467,,1781542565,2026-06-15T16:56:05Z,TVC:US10Y
,,,-1.650528169014069,,,-0.3122908766450891,4.469,,1781542742,2026-06-15T16:59:02Z,TVC:US10Y
,,,-1.6065140845070316,,,-0.2676778942672221,4.471,,1781542920,2026-06-15T17:02:00Z,TVC:US10Y
,,,-1.5624999999999942,,,-0.223064911889355,4.473,,1781543102,2026-06-15T17:05:02Z,TVC:US10Y
,,,-1.650528169014069,,,-0.3122908766450891,4.469,,1781543283,2026-06-15T17:08:03Z,TVC:US10Y
,,,-1.650528169014069,,,-0.3122908766450891,4.469,,1781543457,2026-06-15T17:10:57Z,TVC:US10Y
,,,-1.650528169014069,,,-0.3122908766450891,4.469,,1781543639,2026-06-15T17:13:59Z,TVC:US10Y
,,,-1.650528169014069,,,-0.3122908766450891,4.469,,1781543822,2026-06-15T17:17:02Z,TVC:US10Y
,,,-1.650528169014069,,,-0.3122908766450891,4.469,,1781543991,2026-06-15T17:19:51Z,TVC:US10Y
,,,-1.650528169014069,,,-0.3122908766450891,4.469,,1781544172,2026-06-15T17:22:52Z,TVC:US10Y
,,,-1.650528169014069,,,-0.3122908766450891,4.469,,1781544356,2026-06-15T17:25:56Z,TVC:US10Y
,,,-1.650528169014069,,,-0.3122908766450891,4.469,,1781544541,2026-06-15T17:29:01Z,TVC:US10Y
,,,-1.694542253521126,,,-0.356903859022976,4.467,,1781544713,2026-06-15T17:31:53Z,TVC:US10Y
,,,-1.7385563380281637,,,-0.4015168414008431,4.465,,1781544910,2026-06-15T17:35:10Z,TVC:US10Y
,,,-1.694542253521126,,,-0.356903859022976,4.467,,1781545080,2026-06-15T17:38:00Z,TVC:US10Y
,,,-1.650528169014069,,,-0.3122908766450891,4.469,,1781545256,2026-06-15T17:40:56Z,TVC:US10Y
,,,-1.650528169014069,,,-0.3122908766450891,4.469,,1781545440,2026-06-15T17:44:00Z,TVC:US10Y
,,,-1.650528169014069,,,-0.3122908766450891,4.469,,1781545618,2026-06-15T17:46:58Z,TVC:US10Y
,,,-1.650528169014069,,,-0.3122908766450891,4.469,,1781545796,2026-06-15T17:49:56Z,TVC:US10Y
,,,-1.650528169014069,,,-0.3122908766450891,4.469,,1781545976,2026-06-15T17:52:56Z,TVC:US10Y
,,,-1.7385563380281637,,,-0.4015168414008431,4.465,,1781546161,2026-06-15T17:56:01Z,TVC:US10Y
,,,-1.650528169014069,,,-0.3122908766450891,4.469,,1781546341,2026-06-15T17:59:01Z,TVC:US10Y
,,,-1.6065140845070316,,,-0.2676778942672221,4.471,,1781546514,2026-06-15T18:01:54Z,TVC:US10Y
,,,-1.650528169014069,,,-0.3122908766450891,4.469,,1781546699,2026-06-15T18:04:59Z,TVC:US10Y
,,,-1.650528169014069,,,-0.3122908766450891,4.469,,1781546880,2026-06-15T18:08:00Z,TVC:US10Y
,,,-1.650528169014069,,,-0.3122908766450891,4.469,,1781547058,2026-06-15T18:10:58Z,TVC:US10Y
,,,-1.650528169014069,,,-0.3122908766450891,4.469,,1781547245,2026-06-15T18:14:05Z,TVC:US10Y
,,,-1.650528169014069,,,-0.3122908766450891,4.469,,1781547419,2026-06-15T18:16:59Z,TVC:US10Y
,,,-1.650528169014069,,,-0.3122908766450891,4.469,,1781547604,2026-06-15T18:20:04Z,TVC:US10Y
,,,-1.650528169014069,,,-0.3122908766450891,4.469,,1781547777,2026-06-15T18:22:57Z,TVC:US10Y
,,,-1.650528169014069,,,-0.3122908766450891,4.469,,1781547959,2026-06-15T18:25:59Z,TVC:US10Y
,,,-1.650528169014069,,,-0.3122908766450891,4.469,,1781548147,2026-06-15T18:29:07Z,TVC:US10Y
,,,-1.650528169014069,,,-0.3122908766450891,4.469,,1781548319,2026-06-15T18:31:59Z,TVC:US10Y
,,,-1.650528169014069,,,-0.3122908766450891,4.469,,1781548500,2026-06-15T18:35:00Z,TVC:US10Y
,,,-1.5624999999999942,,,-0.223064911889355,4.473,,1781548682,2026-06-15T18:38:02Z,TVC:US10Y
,,,-1.5624999999999942,,,-0.223064911889355,4.473,,1781548863,2026-06-15T18:41:03Z,TVC:US10Y
,,,-1.5624999999999942,,,-0.223064911889355,4.473,,1781549039,2026-06-15T18:43:59Z,TVC:US10Y
,,,-1.650528169014069,,,-0.3122908766450891,4.469,,1781549219,2026-06-15T18:46:59Z,TVC:US10Y
,,,-1.650528169014069,,,-0.3122908766450891,4.469,,1781549402,2026-06-15T18:50:02Z,TVC:US10Y
,,,-1.6065140845070316,,,-0.2676778942672221,4.471,,1781549578,2026-06-15T18:52:58Z,TVC:US10Y
,,,-1.6065140845070316,,,-0.2676778942672221,4.471,,1781549762,2026-06-15T18:56:02Z,TVC:US10Y
,,,-1.6065140845070316,,,-0.2676778942672221,4.471,,1781549939,2026-06-15T18:58:59Z,TVC:US10Y
,,,-1.650528169014069,,,-0.3122908766450891,4.469,,1781550115,2026-06-15T19:01:55Z,TVC:US10Y
,,,-1.7385563380281637,,,-0.4015168414008431,4.465,,1781550306,2026-06-15T19:05:06Z,TVC:US10Y
,,,-1.7385563380281637,,,-0.4015168414008431,4.465,,1781550479,2026-06-15T19:07:59Z,TVC:US10Y
,,,-1.7385563380281637,,,-0.4015168414008431,4.465,,1781550658,2026-06-15T19:10:58Z,TVC:US10Y
,,,-1.7385563380281637,,,-0.4015168414008431,4.465,,1781550845,2026-06-15T19:14:05Z,TVC:US10Y
,,,-1.7385563380281637,,,-0.4015168414008431,4.465,,1781551022,2026-06-15T19:17:02Z,TVC:US10Y
,,,-1.7825704225352008,,,-0.4461298237787101,4.463,,1781551203,2026-06-15T19:20:03Z,TVC:US10Y
,,,-1.7825704225352008,,,-0.4461298237787101,4.463,,1781551376,2026-06-15T19:22:56Z,TVC:US10Y
,,,-1.7825704225352008,,,-0.4461298237787101,4.463,,1781551559,2026-06-15T19:25:59Z,TVC:US10Y
,,,-1.7385563380281637,,,-0.4015168414008431,4.465,,1781551746,2026-06-15T19:29:06Z,TVC:US10Y
,,,-1.694542253521126,,,-0.356903859022976,4.467,,1781551926,2026-06-15T19:32:06Z,TVC:US10Y
,,,-1.694542253521126,,,-0.356903859022976,4.467,,1781552098,2026-06-15T19:34:58Z,TVC:US10Y
,,,-1.694542253521126,,,-0.356903859022976,4.467,,1781552286,2026-06-15T19:38:06Z,TVC:US10Y
,,,-1.6065140845070316,,,-0.2676778942672221,4.471,,1781552463,2026-06-15T19:41:03Z,TVC:US10Y
,,,-1.6065140845070316,,,-0.2676778942672221,4.471,,1781552636,2026-06-15T19:43:56Z,TVC:US10Y
,,,-1.650528169014069,,,-0.3122908766450891,4.469,,1781552822,2026-06-15T19:47:02Z,TVC:US10Y
,,,-1.650528169014069,,,-0.3122908766450891,4.469,,1781553005,2026-06-15T19:50:05Z,TVC:US10Y
,,,-1.694542253521126,,,-0.356903859022976,4.467,,1781553183,2026-06-15T19:53:03Z,TVC:US10Y
,,,-1.7385563380281637,,,-0.4015168414008431,4.465,,1781553356,2026-06-15T19:55:56Z,TVC:US10Y
,,,-1.650528169014069,,,-0.3122908766450891,4.469,,1781553536,2026-06-15T19:58:56Z,TVC:US10Y
,,,-1.6065140845070316,,,-0.2676778942672221,4.471,,1781553717,2026-06-15T20:01:57Z,TVC:US10Y
,,,-1.4744718309858995,,,-0.1338389471336011,4.477,,1781553903,2026-06-15T20:05:03Z,TVC:US10Y
,,,-1.4744718309858995,,,-0.1338389471336011,4.477,,1781554087,2026-06-15T20:08:07Z,TVC:US10Y
,,,-1.4744718309858995,,,-0.1338389471336011,4.477,,1781554258,2026-06-15T20:10:58Z,TVC:US10Y
,,,-1.5624999999999942,,,-0.223064911889355,4.473,,1781554441,2026-06-15T20:14:01Z,TVC:US10Y
,,,-1.5624999999999942,,,-0.223064911889355,4.473,,1781554614,2026-06-15T20:16:54Z,TVC:US10Y
,,,-1.5624999999999942,,,-0.223064911889355,4.473,,1781554802,2026-06-15T20:20:02Z,TVC:US10Y
,,,-1.5624999999999942,,,-0.223064911889355,4.473,,1781554982,2026-06-15T20:23:02Z,TVC:US10Y
,,,-1.5624999999999942,,,-0.223064911889355,4.473,,1781555155,2026-06-15T20:25:55Z,TVC:US10Y
,,,-1.5624999999999942,,,-0.223064911889355,4.473,,1781555337,2026-06-15T20:28:57Z,TVC:US10Y
,,,-1.5624999999999942,,,-0.223064911889355,4.473,,1781555519,2026-06-15T20:31:59Z,TVC:US10Y
,,,-1.5184859154929569,,,-0.178451929511488,4.475,,1781555700,2026-06-15T20:35:00Z,TVC:US10Y
,,,-1.5184859154929569,,,-0.178451929511488,4.475,,1781555874,2026-06-15T20:37:54Z,TVC:US10Y
,,,-1.5624999999999942,,,-0.223064911889355,4.473,,1781556058,2026-06-15T20:40:58Z,TVC:US10Y
,,,-1.5624999999999942,,,-0.223064911889355,4.473,,1781556244,2026-06-15T20:44:04Z,TVC:US10Y
,,,-1.5624999999999942,,,-0.223064911889355,4.473,,1781556415,2026-06-15T20:46:55Z,TVC:US10Y
,,,-1.5184859154929569,,,-0.178451929511488,4.475,,1781556603,2026-06-15T20:50:03Z,TVC:US10Y
,,,-1.4744718309858995,,,-0.1338389471336011,4.477,,1781556782,2026-06-15T20:53:02Z,TVC:US10Y
,,,-1.4744718309858995,,,-0.1338389471336011,4.477,,1781556960,2026-06-15T20:56:00Z,TVC:US10Y
,,,-1.5184859154929569,,,-0.178451929511488,4.475,,1781557141,2026-06-15T20:59:01Z,TVC:US10Y
,,,-1.4744718309858995,,,-0.1338389471336011,4.477,,1781557321,2026-06-15T21:02:01Z,TVC:US10Y
,,,-1.4304577464788624,,,-0.0892259647557341,4.479,,1781557499,2026-06-15T21:04:59Z,TVC:US10Y
,,,-1.5624999999999942,,,-0.223064911889355,4.473,,1781557674,2026-06-15T21:07:54Z,TVC:US10Y
,,,-1.5624999999999942,,,-0.223064911889355,4.473,,1781557857,2026-06-15T21:10:57Z,TVC:US10Y
,,,-1.5624999999999942,,,-0.223064911889355,4.473,,1781558035,2026-06-15T21:13:55Z,TVC:US10Y
,,,-1.5624999999999942,,,-0.223064911889355,4.473,,1781558224,2026-06-15T21:17:04Z,TVC:US10Y
,,,-1.5624999999999942,,,-0.223064911889355,4.473,,1781558404,2026-06-15T21:20:04Z,TVC:US10Y
,,,-1.5624999999999942,,,-0.223064911889355,4.473,,1781558584,2026-06-15T21:23:04Z,TVC:US10Y
,,,-1.5624999999999942,,,-0.223064911889355,4.473,,1781558764,2026-06-15T21:26:04Z,TVC:US10Y
,,,-1.5624999999999942,,,-0.223064911889355,4.473,,1781558936,2026-06-15T21:28:56Z,TVC:US10Y
,,,-1.5624999999999942,,,-0.223064911889355,4.473,,1781559122,2026-06-15T21:32:02Z,TVC:US10Y
,,,-1.5624999999999942,,,-0.223064911889355,4.473,,1781559298,2026-06-15T21:34:58Z,TVC:US10Y
,,,-1.5624999999999942,,,-0.223064911889355,4.473,,1781559480,2026-06-15T21:38:00Z,TVC:US10Y
,,,-1.5624999999999942,,,-0.223064911889355,4.473,,1781559660,2026-06-15T21:41:00Z,TVC:US10Y
,,,-1.5624999999999942,,,-0.223064911889355,4.473,,1781559848,2026-06-15T21:44:08Z,TVC:US10Y
,,,-1.5624999999999942,,,-0.223064911889355,4.473,,1781560020,2026-06-15T21:47:00Z,TVC:US10Y
,,,-1.5624999999999942,,,-0.223064911889355,4.473,,1781560200,2026-06-15T21:50:00Z,TVC:US10Y
,,,-1.5624999999999942,,,-0.223064911889355,4.473,,1781560384,2026-06-15T21:53:04Z,TVC:US10Y
,,,-1.5624999999999942,,,-0.223064911889355,4.473,,1781560560,2026-06-15T21:56:00Z,TVC:US10Y
,,,-1.5624999999999942,,,-0.223064911889355,4.473,,1781560729,2026-06-15T21:58:49Z,TVC:US10Y
,,,-1.5624999999999942,,,-0.223064911889355,4.473,,1781560914,2026-06-15T22:01:54Z,TVC:US10Y
,,,-1.5624999999999942,,,-0.223064911889355,4.473,,1781561097,2026-06-15T22:04:57Z,TVC:US10Y
,,,-1.5624999999999942,,,-0.223064911889355,4.473,,1781561286,2026-06-15T22:08:06Z,TVC:US10Y
,,,-1.5624999999999942,,,-0.223064911889355,4.473,,1781561467,2026-06-15T22:11:07Z,TVC:US10Y
,,,-1.5624999999999942,,,-0.223064911889355,4.473,,1781561637,2026-06-15T22:13:57Z,TVC:US10Y
,,,-1.5624999999999942,,,-0.223064911889355,4.473,,1781561825,2026-06-15T22:17:05Z,TVC:US10Y
,,,-1.5624999999999942,,,-0.223064911889355,4.473,,1781561992,2026-06-15T22:19:52Z,TVC:US10Y
,,,-1.5624999999999942,,,-0.223064911889355,4.473,,1781562177,2026-06-15T22:22:57Z,TVC:US10Y
,,,-1.5624999999999942,,,-0.223064911889355,4.473,,1781562363,2026-06-15T22:26:03Z,TVC:US10Y
,,,-1.5624999999999942,,,-0.223064911889355,4.473,,1781562541,2026-06-15T22:29:01Z,TVC:US10Y
,,,-1.5624999999999942,,,-0.223064911889355,4.473,,1781562730,2026-06-15T22:32:10Z,TVC:US10Y
,,,-1.5624999999999942,,,-0.223064911889355,4.473,,1781562904,2026-06-15T22:35:04Z,TVC:US10Y
,,,-1.5624999999999942,,,-0.223064911889355,4.473,,1781563079,2026-06-15T22:37:59Z,TVC:US10Y
,,,-1.5624999999999942,,,-0.223064911889355,4.473,,1781563259,2026-06-15T22:40:59Z,TVC:US10Y
,,,-1.5624999999999942,,,-0.223064911889355,4.473,,1781563447,2026-06-15T22:44:07Z,TVC:US10Y
,,,-1.5624999999999942,,,-0.223064911889355,4.473,,1781563623,2026-06-15T22:47:03Z,TVC:US10Y
,,,-1.5624999999999942,,,-0.223064911889355,4.473,,1781563803,2026-06-15T22:50:03Z,TVC:US10Y
,,,-1.5624999999999942,,,-0.223064911889355,4.473,,1781563972,2026-06-15T22:52:52Z,TVC:US10Y
,,,-1.5624999999999942,,,-0.223064911889355,4.473,,1781564163,2026-06-15T22:56:03Z,TVC:US10Y
,,,-1.5624999999999942,,,-0.223064911889355,4.473,,1781564346,2026-06-15T22:59:06Z,TVC:US10Y
,,,-1.5624999999999942,,,-0.223064911889355,4.473,,1781564523,2026-06-15T23:02:03Z,TVC:US10Y
,,,-1.5624999999999942,,,-0.223064911889355,4.473,,1781564699,2026-06-15T23:04:59Z,TVC:US10Y
,,,-1.5624999999999942,,,-0.223064911889355,4.473,,1781564880,2026-06-15T23:08:00Z,TVC:US10Y
,,,-1.5624999999999942,,,-0.223064911889355,4.473,,1781565060,2026-06-15T23:11:00Z,TVC:US10Y
,,,-1.5624999999999942,,,-0.223064911889355,4.473,,1781565237,2026-06-15T23:13:57Z,TVC:US10Y
,,,-1.5624999999999942,,,-0.223064911889355,4.473,,1781565422,2026-06-15T23:17:02Z,TVC:US10Y
,,,-1.5624999999999942,,,-0.223064911889355,4.473,,1781565597,2026-06-15T23:19:57Z,TVC:US10Y
,,,-1.5624999999999942,,,-0.223064911889355,4.473,,1781565791,2026-06-15T23:23:11Z,TVC:US10Y
,,,-1.5624999999999942,,,-0.223064911889355,4.473,,1781565959,2026-06-15T23:25:59Z,TVC:US10Y
,,,-1.5624999999999942,,,-0.223064911889355,4.473,,1781566142,2026-06-15T23:29:02Z,TVC:US10Y
,,,-1.5624999999999942,,,-0.223064911889355,4.473,,1781566324,2026-06-15T23:32:04Z,TVC:US10Y
,,,-1.5624999999999942,,,-0.223064911889355,4.473,,1781566510,2026-06-15T23:35:10Z,TVC:US10Y
,,,-1.5624999999999942,,,-0.223064911889355,4.473,,1781566671,2026-06-15T23:37:51Z,TVC:US10Y
,,,-1.5624999999999942,,,-0.223064911889355,4.473,,1781566855,2026-06-15T23:40:55Z,TVC:US10Y
,,,-1.5624999999999942,,,-0.223064911889355,4.473,,1781567042,2026-06-15T23:44:02Z,TVC:US10Y
,,,-1.5624999999999942,,,-0.223064911889355,4.473,,1781567222,2026-06-15T23:47:02Z,TVC:US10Y
,,,-1.5624999999999942,,,-0.223064911889355,4.473,,1781567405,2026-06-15T23:50:05Z,TVC:US10Y
,,,-1.5624999999999942,,,-0.223064911889355,4.473,,1781567578,2026-06-15T23:52:58Z,TVC:US10Y
,,,-1.5624999999999942,,,-0.223064911889355,4.473,,1781567759,2026-06-15T23:55:59Z,TVC:US10Y
,,,-1.5624999999999942,,,-0.223064911889355,4.473,,1781567942,2026-06-15T23:59:02Z,TVC:US10Y
,,,-1.5624999999999942,,,-0.223064911889355,4.473,,1781568122,2026-06-16T00:02:02Z,TVC:US10Y
,,,-1.5624999999999942,,,-0.223064911889355,4.473,,1781568311,2026-06-16T00:05:11Z,TVC:US10Y
,,,-1.5624999999999942,,,-0.223064911889355,4.473,,1781568482,2026-06-16T00:08:02Z,TVC:US10Y
,,,-1.992119089316973,,,0.0894254415381276,4.477,,1781568661,2026-06-16T00:11:01Z,TVC:US10Y
,,,-2.0359019264448333,,,0.0447127207690538,4.475,,1781568843,2026-06-16T00:14:03Z,TVC:US10Y
,,,-1.992119089316973,,,0.0894254415381276,4.477,,1781569024,2026-06-16T00:17:04Z,TVC:US10Y
,,,-1.992119089316973,,,0.0894254415381276,4.477,,1781569203,2026-06-16T00:20:03Z,TVC:US10Y
,,,-1.992119089316973,,,0.0894254415381276,4.477,,1781569374,2026-06-16T00:22:54Z,TVC:US10Y
,,,-1.9045534150612904,,,0.1788508830762353,4.481,,1781569564,2026-06-16T00:26:04Z,TVC:US10Y
,,,-1.9045534150612904,,,0.1788508830762353,4.481,,1781569744,2026-06-16T00:29:04Z,TVC:US10Y
,,,-1.992119089316973,,,0.0894254415381276,4.477,,1781569920,2026-06-16T00:32:00Z,TVC:US10Y
,,,-1.992119089316973,,,0.0894254415381276,4.477,,1781570090,2026-06-16T00:34:50Z,TVC:US10Y
,,,-1.992119089316973,,,0.0894254415381276,4.477,,1781570276,2026-06-16T00:37:56Z,TVC:US10Y
,,,-1.992119089316973,,,0.0894254415381276,4.477,,1781570467,2026-06-16T00:41:07Z,TVC:US10Y
,,,-1.992119089316973,,,0.0894254415381276,4.477,,1781570634,2026-06-16T00:43:54Z,TVC:US10Y
,,,-1.992119089316973,,,0.0894254415381276,4.477,,1781570827,2026-06-16T00:47:07Z,TVC:US10Y
,,,-1.992119089316973,,,0.0894254415381276,4.477,,1781570999,2026-06-16T00:49:59Z,TVC:US10Y
,,,-1.992119089316973,,,0.0894254415381276,4.477,,1781571177,2026-06-16T00:52:57Z,TVC:US10Y
,,,-1.992119089316973,,,0.0894254415381276,4.477,,1781571355,2026-06-16T00:55:55Z,TVC:US10Y
,,,-1.992119089316973,,,0.0894254415381276,4.477,,1781571536,2026-06-16T00:58:56Z,TVC:US10Y
,,,-1.992119089316973,,,0.0894254415381276,4.477,,1781571715,2026-06-16T01:01:55Z,TVC:US10Y
,,,-2.0359019264448333,,,0.0447127207690538,4.475,,1781571896,2026-06-16T01:04:56Z,TVC:US10Y
,,,-2.0359019264448333,,,0.0447127207690538,4.475,,1781572072,2026-06-16T01:07:52Z,TVC:US10Y
,,,-1.992119089316973,,,0.0894254415381276,4.477,,1781572257,2026-06-16T01:10:57Z,TVC:US10Y
,,,-1.992119089316973,,,0.0894254415381276,4.477,,1781572438,2026-06-16T01:13:58Z,TVC:US10Y
,,,-1.992119089316973,,,0.0894254415381276,4.477,,1781572621,2026-06-16T01:17:01Z,TVC:US10Y
,,,-1.992119089316973,,,0.0894254415381276,4.477,,1781572798,2026-06-16T01:19:58Z,TVC:US10Y
,,,-1.992119089316973,,,0.0894254415381276,4.477,,1781572983,2026-06-16T01:23:03Z,TVC:US10Y
,,,-1.992119089316973,,,0.0894254415381276,4.477,,1781573160,2026-06-16T01:26:00Z,TVC:US10Y
,,,-1.992119089316973,,,0.0894254415381276,4.477,,1781573346,2026-06-16T01:29:06Z,TVC:US10Y
,,,-2.0796847635726743,,,0.0,4.473,,1781573518,2026-06-16T01:31:58Z,TVC:US10Y
,,,-2.0796847635726743,,,0.0,4.473,,1781573702,2026-06-16T01:35:02Z,TVC:US10Y
,,,-2.0796847635726743,,,0.0,4.473,,1781573877,2026-06-16T01:37:57Z,TVC:US10Y
,,,-2.0796847635726743,,,0.0,4.473,,1781574063,2026-06-16T01:41:03Z,TVC:US10Y
,,,-2.0796847635726743,,,0.0,4.473,,1781574237,2026-06-16T01:43:57Z,TVC:US10Y
,,,-2.0796847635726743,,,0.0,4.473,,1781574419,2026-06-16T01:46:59Z,TVC:US10Y
,,,-2.0796847635726743,,,0.0,4.473,,1781574605,2026-06-16T01:50:05Z,TVC:US10Y
,,,-2.0796847635726743,,,0.0,4.473,,1781574783,2026-06-16T01:53:03Z,TVC:US10Y
,,,-2.0796847635726743,,,0.0,4.473,,1781574961,2026-06-16T01:56:01Z,TVC:US10Y
,,,-2.0796847635726743,,,0.0,4.473,,1781575139,2026-06-16T01:58:59Z,TVC:US10Y
,,,-2.0796847635726743,,,0.0,4.473,,1781575321,2026-06-16T02:02:01Z,TVC:US10Y
,,,-2.0796847635726743,,,0.0,4.473,,1781575502,2026-06-16T02:05:02Z,TVC:US10Y
,,,-2.123467600700516,,,-0.0447127207690538,4.471,,1781575675,2026-06-16T02:07:55Z,TVC:US10Y
,,,-2.123467600700516,,,-0.0447127207690538,4.471,,1781575860,2026-06-16T02:11:00Z,TVC:US10Y
,,,-2.123467600700516,,,-0.0447127207690538,4.471,,1781576040,2026-06-16T02:14:00Z,TVC:US10Y
,,,-2.1672504378283564,,,-0.0894254415381077,4.469,,1781576217,2026-06-16T02:16:57Z,TVC:US10Y
,,,-2.1672504378283564,,,-0.0894254415381077,4.469,,1781576400,2026-06-16T02:20:00Z,TVC:US10Y
,,,-2.123467600700516,,,-0.0447127207690538,4.471,,1781576580,2026-06-16T02:23:00Z,TVC:US10Y
,,,-2.0796847635726743,,,0.0,4.473,,1781576764,2026-06-16T02:26:04Z,TVC:US10Y
,,,-2.0796847635726743,,,0.0,4.473,,1781576941,2026-06-16T02:29:01Z,TVC:US10Y
,,,-2.0796847635726743,,,0.0,4.473,,1781577116,2026-06-16T02:31:56Z,TVC:US10Y
,,,-2.0796847635726743,,,0.0,4.473,,1781577304,2026-06-16T02:35:04Z,TVC:US10Y
,,,-2.0796847635726743,,,0.0,4.473,,1781577477,2026-06-16T02:37:57Z,TVC:US10Y
,,,-2.0796847635726743,,,0.0,4.473,,1781577660,2026-06-16T02:41:00Z,TVC:US10Y
,,,-2.0796847635726743,,,0.0,4.473,,1781577838,2026-06-16T02:43:58Z,TVC:US10Y
,,,-2.0796847635726743,,,0.0,4.473,,1781578022,2026-06-16T02:47:02Z,TVC:US10Y
,,,-2.0796847635726743,,,0.0,4.473,,1781578199,2026-06-16T02:49:59Z,TVC:US10Y
,,,-2.123467600700516,,,-0.0447127207690538,4.471,,1781578378,2026-06-16T02:52:58Z,TVC:US10Y
,,,-2.0796847635726743,,,0.0,4.473,,1781578559,2026-06-16T02:55:59Z,TVC:US10Y
,,,-2.0796847635726743,,,0.0,4.473,,1781578749,2026-06-16T02:59:09Z,TVC:US10Y
,,,-2.0796847635726743,,,0.0,4.473,,1781578915,2026-06-16T03:01:55Z,TVC:US10Y
,,,-2.0796847635726743,,,0.0,4.473,,1781579100,2026-06-16T03:05:00Z,TVC:US10Y
,,,-2.0796847635726743,,,0.0,4.473,,1781579283,2026-06-16T03:08:03Z,TVC:US10Y
,,,-2.123467600700516,,,-0.0447127207690538,4.471,,1781579457,2026-06-16T03:10:57Z,TVC:US10Y
,,,-2.123467600700516,,,-0.0447127207690538,4.471,,1781579641,2026-06-16T03:14:01Z,TVC:US10Y
,,,-2.123467600700516,,,-0.0447127207690538,4.471,,1781579818,2026-06-16T03:16:58Z,TVC:US10Y
,,,-2.0796847635726743,,,0.0,4.473,,1781580002,2026-06-16T03:20:02Z,TVC:US10Y
,,,-2.0796847635726743,,,0.0,4.473,,1781580183,2026-06-16T03:23:03Z,TVC:US10Y
,,,-2.0796847635726743,,,0.0,4.473,,1781580356,2026-06-16T03:25:56Z,TVC:US10Y
,,,-2.1672504378283564,,,-0.0894254415381077,4.469,,1781580537,2026-06-16T03:28:57Z,TVC:US10Y
,,,-2.0796847635726743,,,0.0,4.473,,1781580720,2026-06-16T03:32:00Z,TVC:US10Y
,,,-2.0796847635726743,,,0.0,4.473,,1781580899,2026-06-16T03:34:59Z,TVC:US10Y
,,,-2.0796847635726743,,,0.0,4.473,,1781581080,2026-06-16T03:38:00Z,TVC:US10Y
,,,-2.0796847635726743,,,0.0,4.473,,1781581258,2026-06-16T03:40:58Z,TVC:US10Y
,,,-2.123467600700516,,,-0.0447127207690538,4.471,,1781581438,2026-06-16T03:43:58Z,TVC:US10Y
,,,-2.0796847635726743,,,0.0,4.473,,1781581620,2026-06-16T03:47:00Z,TVC:US10Y
,,,-2.0796847635726743,,,0.0,4.473,,1781581800,2026-06-16T03:50:00Z,TVC:US10Y
,,,-2.0796847635726743,,,0.0,4.473,,1781581981,2026-06-16T03:53:01Z,TVC:US10Y
,,,-2.0796847635726743,,,0.0,4.473,,1781582161,2026-06-16T03:56:01Z,TVC:US10Y
,,,-2.0796847635726743,,,0.0,4.473,,1781582340,2026-06-16T03:59:00Z,TVC:US10Y
,,,-2.0796847635726743,,,0.0,4.473,,1781582522,2026-06-16T04:02:02Z,TVC:US10Y
,,,-2.0359019264448333,,,0.0447127207690538,4.475,,1781582702,2026-06-16T04:05:02Z,TVC:US10Y
,,,-1.948336252189132,,,0.1341381623071814,4.479,,1781582885,2026-06-16T04:08:05Z,TVC:US10Y
,,,-1.992119089316973,,,0.0894254415381276,4.477,,1781583060,2026-06-16T04:11:00Z,TVC:US10Y
,,,-1.992119089316973,,,0.0894254415381276,4.477,,1781583243,2026-06-16T04:14:03Z,TVC:US10Y
,,,-1.992119089316973,,,0.0894254415381276,4.477,,1781583416,2026-06-16T04:16:56Z,TVC:US10Y
,,,-1.9045534150612904,,,0.1788508830762353,4.481,,1781583604,2026-06-16T04:20:04Z,TVC:US10Y
,,,-1.948336252189132,,,0.1341381623071814,4.479,,1781583779,2026-06-16T04:22:59Z,TVC:US10Y
,,,-1.9045534150612904,,,0.1788508830762353,4.481,,1781583959,2026-06-16T04:25:59Z,TVC:US10Y
,,,-1.948336252189132,,,0.1341381623071814,4.479,,1781584143,2026-06-16T04:29:03Z,TVC:US10Y
,,,-1.992119089316973,,,0.0894254415381276,4.477,,1781584323,2026-06-16T04:32:03Z,TVC:US10Y
,,,-1.992119089316973,,,0.0894254415381276,4.477,,1781584493,2026-06-16T04:34:53Z,TVC:US10Y
,,,-1.992119089316973,,,0.0894254415381276,4.477,,1781584679,2026-06-16T04:37:59Z,TVC:US10Y
,,,-1.992119089316973,,,0.0894254415381276,4.477,,1781584870,2026-06-16T04:41:10Z,TVC:US10Y
,,,-1.992119089316973,,,0.0894254415381276,4.477,,1781585044,2026-06-16T04:44:04Z,TVC:US10Y
,,,-1.992119089316973,,,0.0894254415381276,4.477,,1781585221,2026-06-16T04:47:01Z,TVC:US10Y
,,,-1.992119089316973,,,0.0894254415381276,4.477,,1781585589,2026-06-16T04:53:09Z,TVC:US10Y
,,,-1.992119089316973,,,0.0894254415381276,4.477,,1781585762,2026-06-16T04:56:02Z,TVC:US10Y
,,,-1.992119089316973,,,0.0894254415381276,4.477,,1781585939,2026-06-16T04:58:59Z,TVC:US10Y
,,,-1.992119089316973,,,0.0894254415381276,4.477,,1781586118,2026-06-16T05:01:58Z,TVC:US10Y
,,,-1.992119089316973,,,0.0894254415381276,4.477,,1781586293,2026-06-16T05:04:53Z,TVC:US10Y
,,,-1.992119089316973,,,0.0894254415381276,4.477,,1781586482,2026-06-16T05:08:02Z,TVC:US10Y
,,,-1.992119089316973,,,0.0894254415381276,4.477,,1781586660,2026-06-16T05:11:00Z,TVC:US10Y
,,,-2.0796847635726743,,,0.0,4.473,,1781586848,2026-06-16T05:14:08Z,TVC:US10Y
,,,-2.0796847635726743,,,0.0,4.473,,1781587023,2026-06-16T05:17:03Z,TVC:US10Y
,,,-2.0796847635726743,,,0.0,4.473,,1781587197,2026-06-16T05:19:57Z,TVC:US10Y
,,,-2.0796847635726743,,,0.0,4.473,,1781587377,2026-06-16T05:22:57Z,TVC:US10Y
,,,-2.0796847635726743,,,0.0,4.473,,1781587564,2026-06-16T05:26:04Z,TVC:US10Y
,,,-2.0796847635726743,,,0.0,4.473,,1781587743,2026-06-16T05:29:03Z,TVC:US10Y
,,,-2.0796847635726743,,,0.0,4.473,,1781587921,2026-06-16T05:32:01Z,TVC:US10Y
,,,-2.0796847635726743,,,0.0,4.473,,1781588103,2026-06-16T05:35:03Z,TVC:US10Y
,,,-2.0796847635726743,,,0.0,4.473,,1781588289,2026-06-16T05:38:09Z,TVC:US10Y
,,,-2.0796847635726743,,,0.0,4.473,,1781588464,2026-06-16T05:41:04Z,TVC:US10Y
,,,-2.0796847635726743,,,0.0,4.473,,1781588635,2026-06-16T05:43:55Z,TVC:US10Y
,,,-2.0796847635726743,,,0.0,4.473,,1781588816,2026-06-16T05:46:56Z,TVC:US10Y
,,,-2.1672504378283564,,,-0.0894254415381077,4.469,,1781589000,2026-06-16T05:50:00Z,TVC:US10Y
,,,-2.123467600700516,,,-0.0447127207690538,4.471,,1781589178,2026-06-16T05:52:58Z,TVC:US10Y
,,,-2.1672504378283564,,,-0.0894254415381077,4.469,,1781589363,2026-06-16T05:56:03Z,TVC:US10Y
,,,-2.1672504378283564,,,-0.0894254415381077,4.469,,1781589536,2026-06-16T05:58:56Z,TVC:US10Y
,,,-2.123467600700516,,,-0.0447127207690538,4.471,,1781589723,2026-06-16T06:02:03Z,TVC:US10Y
,,,-2.0796847635726743,,,0.0,4.473,,1781589897,2026-06-16T06:04:57Z,TVC:US10Y
,,,-2.0796847635726743,,,0.0,4.473,,1781590075,2026-06-16T06:07:55Z,TVC:US10Y
,,,-2.0796847635726743,,,0.0,4.473,,1781590262,2026-06-16T06:11:02Z,TVC:US10Y
,,,-2.0796847635726743,,,0.0,4.473,,1781590443,2026-06-16T06:14:03Z,TVC:US10Y
,,,-2.0796847635726743,,,0.0,4.473,,1781590617,2026-06-16T06:16:57Z,TVC:US10Y
,,,-2.0796847635726743,,,0.0,4.473,,1781590806,2026-06-16T06:20:06Z,TVC:US10Y
,,,-2.1672504378283564,,,-0.0894254415381077,4.469,,1781590982,2026-06-16T06:23:02Z,TVC:US10Y
,,,-2.1672504378283564,,,-0.0894254415381077,4.469,,1781591163,2026-06-16T06:26:03Z,TVC:US10Y
,,,-2.1672504378283564,,,-0.0894254415381077,4.469,,1781591343,2026-06-16T06:29:03Z,TVC:US10Y
,,,-2.1672504378283564,,,-0.0894254415381077,4.469,,1781591521,2026-06-16T06:32:01Z,TVC:US10Y
,,,-2.1672504378283564,,,-0.0894254415381077,4.469,,1781591704,2026-06-16T06:35:04Z,TVC:US10Y
,,,-2.123467600700516,,,-0.0447127207690538,4.471,,1781591885,2026-06-16T06:38:05Z,TVC:US10Y
,,,-2.123467600700516,,,-0.0447127207690538,4.471,,1781592058,2026-06-16T06:40:58Z,TVC:US10Y
,,,-2.1672504378283564,,,-0.0894254415381077,4.469,,1781592240,2026-06-16T06:44:00Z,TVC:US10Y
,,,-2.1672504378283564,,,-0.0894254415381077,4.469,,1781592419,2026-06-16T06:46:59Z,TVC:US10Y
,,,-2.1672504378283564,,,-0.0894254415381077,4.469,,1781592597,2026-06-16T06:49:57Z,TVC:US10Y
,,,-2.0796847635726743,,,0.0,4.473,,1781592784,2026-06-16T06:53:04Z,TVC:US10Y
,,,-2.1672504378283564,,,-0.0894254415381077,4.469,,1781592958,2026-06-16T06:55:58Z,TVC:US10Y
,,,-2.211033274956217,,,-0.1341381623071814,4.467,,1781593138,2026-06-16T06:58:58Z,TVC:US10Y
,,,-2.1672504378283564,,,-0.0894254415381077,4.469,,1781593324,2026-06-16T07:02:04Z,TVC:US10Y
,,,-2.1672504378283564,,,-0.0894254415381077,4.469,,1781593497,2026-06-16T07:04:57Z,TVC:US10Y
,,,-2.254816112084058,,,-0.1788508830762353,4.465,,1781593682,2026-06-16T07:08:02Z,TVC:US10Y
,,,-2.254816112084058,,,-0.1788508830762353,4.465,,1781593860,2026-06-16T07:11:00Z,TVC:US10Y
,,,-2.298598949211899,,,-0.2235636038452892,4.463,,1781594034,2026-06-16T07:13:54Z,TVC:US10Y
,,,-2.298598949211899,,,-0.2235636038452892,4.463,,1781594222,2026-06-16T07:17:02Z,TVC:US10Y
,,,-2.254816112084058,,,-0.1788508830762353,4.465,,1781594405,2026-06-16T07:20:05Z,TVC:US10Y
,,,-2.34238178633974,,,-0.2682763246143431,4.461,,1781594573,2026-06-16T07:22:53Z,TVC:US10Y
,,,-2.254816112084058,,,-0.1788508830762353,4.465,,1781594761,2026-06-16T07:26:01Z,TVC:US10Y
,,,-2.34238178633974,,,-0.2682763246143431,4.461,,1781594941,2026-06-16T07:29:01Z,TVC:US10Y
,,,-2.34238178633974,,,-0.2682763246143431,4.461,,1781595119,2026-06-16T07:31:59Z,TVC:US10Y
,,,-2.4299474605954416,,,-0.3577017661524707,4.457,,1781595298,2026-06-16T07:34:58Z,TVC:US10Y
,,,-2.3861646234676006,,,-0.3129890453834168,4.459,,1781595475,2026-06-16T07:37:55Z,TVC:US10Y
,,,-2.4737302977232827,,,-0.4024144869215246,4.455,,1781595658,2026-06-16T07:40:58Z,TVC:US10Y
,,,-2.4299474605954416,,,-0.3577017661524707,4.457,,1781595838,2026-06-16T07:43:58Z,TVC:US10Y
,,,-2.4299474605954416,,,-0.3577017661524707,4.457,,1781596031,2026-06-16T07:47:11Z,TVC:US10Y
,,,-2.517513134851124,,,-0.4471272076905784,4.453,,1781596214,2026-06-16T07:50:14Z,TVC:US10Y
,,,-2.517513134851124,,,-0.4471272076905784,4.453,,1781596380,2026-06-16T07:53:00Z,TVC:US10Y
,,,-2.517513134851124,,,-0.4471272076905784,4.453,,1781596568,2026-06-16T07:56:08Z,TVC:US10Y
,,,-2.517513134851124,,,-0.4471272076905784,4.453,,1781596744,2026-06-16T07:59:04Z,TVC:US10Y
,,,-2.517513134851124,,,-0.4471272076905784,4.453,,1781596916,2026-06-16T08:01:56Z,TVC:US10Y
,,,-2.6050788091068253,,,-0.536552649228706,4.449,,1781597101,2026-06-16T08:05:01Z,TVC:US10Y
,,,-2.6050788091068253,,,-0.536552649228706,4.449,,1781597283,2026-06-16T08:08:03Z,TVC:US10Y
,,,-2.6050788091068253,,,-0.536552649228706,4.449,,1781597459,2026-06-16T08:10:59Z,TVC:US10Y
,,,-2.6488616462346664,,,-0.5812653699977599,4.447,,1781597642,2026-06-16T08:14:02Z,TVC:US10Y
,,,-2.6050788091068253,,,-0.536552649228706,4.449,,1781597824,2026-06-16T08:17:04Z,TVC:US10Y
,,,-2.6050788091068253,,,-0.536552649228706,4.449,,1781597996,2026-06-16T08:19:56Z,TVC:US10Y
,,,-2.6050788091068253,,,-0.536552649228706,4.449,,1781598180,2026-06-16T08:23:00Z,TVC:US10Y
,,,-2.6050788091068253,,,-0.536552649228706,4.449,,1781598365,2026-06-16T08:26:05Z,TVC:US10Y
,,,-2.6050788091068253,,,-0.536552649228706,4.449,,1781598548,2026-06-16T08:29:08Z,TVC:US10Y
,,,-2.6926444833625074,,,-0.6259780907668138,4.445,,1781598720,2026-06-16T08:32:00Z,TVC:US10Y
,,,-2.6926444833625074,,,-0.6259780907668138,4.445,,1781598899,2026-06-16T08:34:59Z,TVC:US10Y
,,,-2.6926444833625074,,,-0.6259780907668138,4.445,,1781599084,2026-06-16T08:38:04Z,TVC:US10Y
,,,-2.6488616462346664,,,-0.5812653699977599,4.447,,1781599252,2026-06-16T08:40:52Z,TVC:US10Y
,,,-2.6926444833625074,,,-0.6259780907668138,4.445,,1781599440,2026-06-16T08:44:00Z,TVC:US10Y
,,,-2.6926444833625074,,,-0.6259780907668138,4.445,,1781599623,2026-06-16T08:47:03Z,TVC:US10Y
,,,-2.6926444833625074,,,-0.6259780907668138,4.445,,1781599802,2026-06-16T08:50:02Z,TVC:US10Y
,,,-2.6926444833625074,,,-0.6259780907668138,4.445,,1781599974,2026-06-16T08:52:54Z,TVC:US10Y
,,,-2.6926444833625074,,,-0.6259780907668138,4.445,,1781600158,2026-06-16T08:55:58Z,TVC:US10Y
,,,-2.6926444833625074,,,-0.6259780907668138,4.445,,1781600342,2026-06-16T08:59:02Z,TVC:US10Y
,,,-2.6488616462346664,,,-0.5812653699977599,4.447,,1781600516,2026-06-16T09:01:56Z,TVC:US10Y
,,,-2.6488616462346664,,,-0.5812653699977599,4.447,,1781600697,2026-06-16T09:04:57Z,TVC:US10Y
,,,-2.6488616462346664,,,-0.5812653699977599,4.447,,1781600880,2026-06-16T09:08:00Z,TVC:US10Y
,,,-2.6926444833625074,,,-0.6259780907668138,4.445,,1781601059,2026-06-16T09:10:59Z,TVC:US10Y
,,,-2.6926444833625074,,,-0.6259780907668138,4.445,,1781601242,2026-06-16T09:14:02Z,TVC:US10Y
,,,-2.6926444833625074,,,-0.6259780907668138,4.445,,1781601418,2026-06-16T09:16:58Z,TVC:US10Y
,,,-2.6926444833625074,,,-0.6259780907668138,4.445,,1781601603,2026-06-16T09:20:03Z,TVC:US10Y
,,,-2.6926444833625074,,,-0.6259780907668138,4.445,,1781601779,2026-06-16T09:22:59Z,TVC:US10Y
,,,-2.6926444833625074,,,-0.6259780907668138,4.445,,1781601958,2026-06-16T09:25:58Z,TVC:US10Y
,,,-2.6926444833625074,,,-0.6259780907668138,4.445,,1781602140,2026-06-16T09:29:00Z,TVC:US10Y
,,,-2.6926444833625074,,,-0.6259780907668138,4.445,,1781602319,2026-06-16T09:31:59Z,TVC:US10Y
,,,-2.6926444833625074,,,-0.6259780907668138,4.445,,1781602500,2026-06-16T09:35:00Z,TVC:US10Y
,,,-2.6926444833625074,,,-0.6259780907668138,4.445,,1781602679,2026-06-16T09:37:59Z,TVC:US10Y
,,,-2.6926444833625074,,,-0.6259780907668138,4.445,,1781602866,2026-06-16T09:41:06Z,TVC:US10Y
,,,-2.6488616462346664,,,-0.5812653699977599,4.447,,1781603037,2026-06-16T09:43:57Z,TVC:US10Y
,,,-2.6926444833625074,,,-0.6259780907668138,4.445,,1781603221,2026-06-16T09:47:01Z,TVC:US10Y
,,,-2.6926444833625074,,,-0.6259780907668138,4.445,,1781603402,2026-06-16T09:50:02Z,TVC:US10Y
,,,-2.6926444833625074,,,-0.6259780907668138,4.445,,1781603579,2026-06-16T09:52:59Z,TVC:US10Y
,,,-2.6926444833625074,,,-0.6259780907668138,4.445,,1781603760,2026-06-16T09:56:00Z,TVC:US10Y
,,,-2.6926444833625074,,,-0.6259780907668138,4.445,,1781603933,2026-06-16T09:58:53Z,TVC:US10Y
,,,-2.6926444833625074,,,-0.6259780907668138,4.445,,1781604117,2026-06-16T10:01:57Z,TVC:US10Y
,,,-2.6926444833625074,,,-0.6259780907668138,4.445,,1781604306,2026-06-16T10:05:06Z,TVC:US10Y
,,,-2.6926444833625074,,,-0.6259780907668138,4.445,,1781604491,2026-06-16T10:08:11Z,TVC:US10Y
,,,-2.6926444833625074,,,-0.6259780907668138,4.445,,1781604656,2026-06-16T10:10:56Z,TVC:US10Y
,,,-2.6926444833625074,,,-0.6259780907668138,4.445,,1781604839,2026-06-16T10:13:59Z,TVC:US10Y
,,,-2.780210157618209,,,-0.7154035323049414,4.441,,1781605016,2026-06-16T10:16:56Z,TVC:US10Y
,,,-2.780210157618209,,,-0.7154035323049414,4.441,,1781605198,2026-06-16T10:19:58Z,TVC:US10Y
,,,-2.780210157618209,,,-0.7154035323049414,4.441,,1781605381,2026-06-16T10:23:01Z,TVC:US10Y
,,,-2.780210157618209,,,-0.7154035323049414,4.441,,1781605559,2026-06-16T10:25:59Z,TVC:US10Y
,,,-2.780210157618209,,,-0.7154035323049414,4.441,,1781605737,2026-06-16T10:28:57Z,TVC:US10Y
,,,-2.736427320490368,,,-0.6706908115358875,4.443,,1781605925,2026-06-16T10:32:05Z,TVC:US10Y
,,,-2.780210157618209,,,-0.7154035323049414,4.441,,1781606100,2026-06-16T10:35:00Z,TVC:US10Y
,,,-2.780210157618209,,,-0.7154035323049414,4.441,,1781606279,2026-06-16T10:37:59Z,TVC:US10Y
,,,-2.780210157618209,,,-0.7154035323049414,4.441,,1781606456,2026-06-16T10:40:56Z,TVC:US10Y
,,,-2.780210157618209,,,-0.7154035323049414,4.441,,1781606644,2026-06-16T10:44:04Z,TVC:US10Y
,,,-2.780210157618209,,,-0.7154035323049414,4.441,,1781606817,2026-06-16T10:46:57Z,TVC:US10Y
,,,-2.736427320490368,,,-0.6706908115358875,4.443,,1781607002,2026-06-16T10:50:02Z,TVC:US10Y
,,,-2.780210157618209,,,-0.7154035323049414,4.441,,1781607182,2026-06-16T10:53:02Z,TVC:US10Y
,,,-2.82399299474605,,,-0.7601162530739952,4.439,,1781607358,2026-06-16T10:55:58Z,TVC:US10Y
,,,-2.867775831873891,,,-0.8048289738430492,4.437,,1781607542,2026-06-16T10:59:02Z,TVC:US10Y
,,,-2.82399299474605,,,-0.7601162530739952,4.439,,1781607719,2026-06-16T11:01:59Z,TVC:US10Y
,,,-2.780210157618209,,,-0.7154035323049414,4.441,,1781607905,2026-06-16T11:05:05Z,TVC:US10Y
,,,-2.780210157618209,,,-0.7154035323049414,4.441,,1781608080,2026-06-16T11:08:00Z,TVC:US10Y
,,,-2.780210157618209,,,-0.7154035323049414,4.441,,1781608257,2026-06-16T11:10:57Z,TVC:US10Y
,,,-2.780210157618209,,,-0.7154035323049414,4.441,,1781608442,2026-06-16T11:14:02Z,TVC:US10Y
,,,-2.780210157618209,,,-0.7154035323049414,4.441,,1781608627,2026-06-16T11:17:07Z,TVC:US10Y
,,,-2.6926444833625074,,,-0.6259780907668138,4.445,,1781608802,2026-06-16T11:20:02Z,TVC:US10Y
,,,-2.6926444833625074,,,-0.6259780907668138,4.445,,1781608979,2026-06-16T11:22:59Z,TVC:US10Y
,,,-2.6926444833625074,,,-0.6259780907668138,4.445,,1781609164,2026-06-16T11:26:04Z,TVC:US10Y
,,,-2.780210157618209,,,-0.7154035323049414,4.441,,1781609335,2026-06-16T11:28:55Z,TVC:US10Y
,,,-2.780210157618209,,,-0.7154035323049414,4.441,,1781609523,2026-06-16T11:32:03Z,TVC:US10Y
,,,-2.780210157618209,,,-0.7154035323049414,4.441,,1781609706,2026-06-16T11:35:06Z,TVC:US10Y
,,,-2.736427320490368,,,-0.6706908115358875,4.443,,1781609882,2026-06-16T11:38:02Z,TVC:US10Y
,,,-2.780210157618209,,,-0.7154035323049414,4.441,,1781610057,2026-06-16T11:40:57Z,TVC:US10Y
,,,-2.780210157618209,,,-0.7154035323049414,4.441,,1781610243,2026-06-16T11:44:03Z,TVC:US10Y
,,,-2.780210157618209,,,-0.7154035323049414,4.441,,1781610427,2026-06-16T11:47:07Z,TVC:US10Y
,,,-2.780210157618209,,,-0.7154035323049414,4.441,,1781610596,2026-06-16T11:49:56Z,TVC:US10Y
,,,-2.780210157618209,,,-0.7154035323049414,4.441,,1781610780,2026-06-16T11:53:00Z,TVC:US10Y
,,,-2.736427320490368,,,-0.6706908115358875,4.443,,1781610964,2026-06-16T11:56:04Z,TVC:US10Y
,,,-2.780210157618209,,,-0.7154035323049414,4.441,,1781611141,2026-06-16T11:59:01Z,TVC:US10Y
,,,-2.736427320490368,,,-0.6706908115358875,4.443,,1781611321,2026-06-16T12:02:01Z,TVC:US10Y
,,,-2.6926444833625074,,,-0.6259780907668138,4.445,,1781611503,2026-06-16T12:05:03Z,TVC:US10Y
,,,-2.6926444833625074,,,-0.6259780907668138,4.445,,1781611688,2026-06-16T12:08:08Z,TVC:US10Y
,,,-2.6926444833625074,,,-0.6259780907668138,4.445,,1781611861,2026-06-16T12:11:01Z,TVC:US10Y
,,,-2.6926444833625074,,,-0.6259780907668138,4.445,,1781612042,2026-06-16T12:14:02Z,TVC:US10Y
,,,-2.736427320490368,,,-0.6706908115358875,4.443,,1781612220,2026-06-16T12:17:00Z,TVC:US10Y
,,,-2.780210157618209,,,-0.7154035323049414,4.441,,1781612401,2026-06-16T12:20:01Z,TVC:US10Y
,,,-2.6050788091068253,,,-0.536552649228706,4.449,,1781612581,2026-06-16T12:23:01Z,TVC:US10Y
,,,-2.6926444833625074,,,-0.6259780907668138,4.445,,1781612753,2026-06-16T12:25:53Z,TVC:US10Y
,,,-2.6926444833625074,,,-0.6259780907668138,4.445,,1781612941,2026-06-16T12:29:01Z,TVC:US10Y
,,,-2.6926444833625074,,,-0.6259780907668138,4.445,,1781613119,2026-06-16T12:31:59Z,TVC:US10Y
,,,-2.6926444833625074,,,-0.6259780907668138,4.445,,1781613295,2026-06-16T12:34:55Z,TVC:US10Y
,,,-2.6926444833625074,,,-0.6259780907668138,4.445,,1781613478,2026-06-16T12:37:58Z,TVC:US10Y
,,,-2.736427320490368,,,-0.6706908115358875,4.443,,1781613661,2026-06-16T12:41:01Z,TVC:US10Y
,,,-2.780210157618209,,,-0.7154035323049414,4.441,,1781613836,2026-06-16T12:43:56Z,TVC:US10Y
,,,-2.867775831873891,,,-0.8048289738430492,4.437,,1781614015,2026-06-16T12:46:55Z,TVC:US10Y
,,,-2.911558669001752,,,-0.8495416946121228,4.435,,1781614198,2026-06-16T12:49:58Z,TVC:US10Y
,,,-2.867775831873891,,,-0.8048289738430492,4.437,,1781614378,2026-06-16T12:52:58Z,TVC:US10Y
,,,-2.867775831873891,,,-0.8048289738430492,4.437,,1781614563,2026-06-16T12:56:03Z,TVC:US10Y
,,,-2.867775831873891,,,-0.8048289738430492,4.437,,1781614744,2026-06-16T12:59:04Z,TVC:US10Y
,,,-2.780210157618209,,,-0.7154035323049414,4.441,,1781614925,2026-06-16T13:02:05Z,TVC:US10Y
,,,-2.780210157618209,,,-0.7154035323049414,4.441,,1781615103,2026-06-16T13:05:03Z,TVC:US10Y
,,,-2.6488616462346664,,,-0.5812653699977599,4.447,,1781615282,2026-06-16T13:08:02Z,TVC:US10Y
,,,-2.6926444833625074,,,-0.6259780907668138,4.445,,1781615460,2026-06-16T13:11:00Z,TVC:US10Y
,,,-2.6926444833625074,,,-0.6259780907668138,4.445,,1781615642,2026-06-16T13:14:02Z,TVC:US10Y
,,,-2.6926444833625074,,,-0.6259780907668138,4.445,,1781615817,2026-06-16T13:16:57Z,TVC:US10Y
,,,-2.6050788091068253,,,-0.536552649228706,4.449,,1781615998,2026-06-16T13:19:58Z,TVC:US10Y
,,,-2.6050788091068253,,,-0.536552649228706,4.449,,1781616179,2026-06-16T13:22:59Z,TVC:US10Y
,,,-2.517513134851124,,,-0.4471272076905784,4.453,,1781616356,2026-06-16T13:25:56Z,TVC:US10Y
,,,-2.4299474605954416,,,-0.3577017661524707,4.457,,1781616541,2026-06-16T13:29:01Z,TVC:US10Y
,,,-2.517513134851124,,,-0.4471272076905784,4.453,,1781616719,2026-06-16T13:31:59Z,TVC:US10Y
,,,-2.517513134851124,,,-0.4471272076905784,4.453,,1781616899,2026-06-16T13:34:59Z,TVC:US10Y
,,,-2.517513134851124,,,-0.4471272076905784,4.453,,1781617079,2026-06-16T13:37:59Z,TVC:US10Y
,,,-2.4737302977232827,,,-0.4024144869215246,4.455,,1781617253,2026-06-16T13:40:53Z,TVC:US10Y
,,,-2.4299474605954416,,,-0.3577017661524707,4.457,,1781617438,2026-06-16T13:43:58Z,TVC:US10Y
,,,-2.4299474605954416,,,-0.3577017661524707,4.457,,1781617615,2026-06-16T13:46:55Z,TVC:US10Y
,,,-2.4299474605954416,,,-0.3577017661524707,4.457,,1781617805,2026-06-16T13:50:05Z,TVC:US10Y
,,,-2.517513134851124,,,-0.4471272076905784,4.453,,1781617980,2026-06-16T13:53:00Z,TVC:US10Y
,,,-2.517513134851124,,,-0.4471272076905784,4.453,,1781618158,2026-06-16T13:55:58Z,TVC:US10Y
,,,-2.4737302977232827,,,-0.4024144869215246,4.455,,1781618341,2026-06-16T13:59:01Z,TVC:US10Y
,,,-2.517513134851124,,,-0.4471272076905784,4.453,,1781618521,2026-06-16T14:02:01Z,TVC:US10Y
,,,-2.517513134851124,,,-0.4471272076905784,4.453,,1781618698,2026-06-16T14:04:58Z,TVC:US10Y
,,,-2.4737302977232827,,,-0.4024144869215246,4.455,,1781618876,2026-06-16T14:07:56Z,TVC:US10Y
,,,-2.517513134851124,,,-0.4471272076905784,4.453,,1781619065,2026-06-16T14:11:05Z,TVC:US10Y
,,,-2.4737302977232827,,,-0.4024144869215246,4.455,,1781619241,2026-06-16T14:14:01Z,TVC:US10Y
,,,-2.517513134851124,,,-0.4471272076905784,4.453,,1781619421,2026-06-16T14:17:01Z,TVC:US10Y
,,,-2.517513134851124,,,-0.4471272076905784,4.453,,1781619604,2026-06-16T14:20:04Z,TVC:US10Y
,,,-2.5612959719789843,,,-0.4918399284596522,4.451,,1781619778,2026-06-16T14:22:58Z,TVC:US10Y
,,,-2.6050788091068253,,,-0.536552649228706,4.449,,1781619961,2026-06-16T14:26:01Z,TVC:US10Y
,,,-2.6050788091068253,,,-0.536552649228706,4.449,,1781620140,2026-06-16T14:29:00Z,TVC:US10Y
,,,-2.5612959719789843,,,-0.4918399284596522,4.451,,1781620319,2026-06-16T14:31:59Z,TVC:US10Y
,,,-2.6050788091068253,,,-0.536552649228706,4.449,,1781620501,2026-06-16T14:35:01Z,TVC:US10Y
,,,-2.6050788091068253,,,-0.536552649228706,4.449,,1781620682,2026-06-16T14:38:02Z,TVC:US10Y
,,,-2.6050788091068253,,,-0.536552649228706,4.449,,1781620862,2026-06-16T14:41:02Z,TVC:US10Y
,,,-2.6050788091068253,,,-0.536552649228706,4.449,,1781621046,2026-06-16T14:44:06Z,TVC:US10Y
,,,-2.517513134851124,,,-0.4471272076905784,4.453,,1781621223,2026-06-16T14:47:03Z,TVC:US10Y
,,,-2.6050788091068253,,,-0.536552649228706,4.449,,1781621403,2026-06-16T14:50:03Z,TVC:US10Y
,,,-2.517513134851124,,,-0.4471272076905784,4.453,,1781621588,2026-06-16T14:53:08Z,TVC:US10Y
,,,-2.517513134851124,,,-0.4471272076905784,4.453,,1781621754,2026-06-16T14:55:54Z,TVC:US10Y
,,,-2.6926444833625074,,,-0.6259780907668138,4.445,,1781621940,2026-06-16T14:59:00Z,TVC:US10Y
,,,-2.6488616462346664,,,-0.5812653699977599,4.447,,1781622121,2026-06-16T15:02:01Z,TVC:US10Y
,,,-2.6926444833625074,,,-0.6259780907668138,4.445,,1781622297,2026-06-16T15:04:57Z,TVC:US10Y
,,,-2.6050788091068253,,,-0.536552649228706,4.449,,1781622477,2026-06-16T15:07:57Z,TVC:US10Y
,,,-2.6050788091068253,,,-0.536552649228706,4.449,,1781622651,2026-06-16T15:10:51Z,TVC:US10Y
,,,-2.6050788091068253,,,-0.536552649228706,4.449,,1781622841,2026-06-16T15:14:01Z,TVC:US10Y
,,,-2.6050788091068253,,,-0.536552649228706,4.449,,1781623021,2026-06-16T15:17:01Z,TVC:US10Y
,,,-2.6926444833625074,,,-0.6259780907668138,4.445,,1781623202,2026-06-16T15:20:02Z,TVC:US10Y
,,,-2.6926444833625074,,,-0.6259780907668138,4.445,,1781623384,2026-06-16T15:23:04Z,TVC:US10Y
,,,-2.6926444833625074,,,-0.6259780907668138,4.445,,1781623559,2026-06-16T15:25:59Z,TVC:US10Y
,,,-2.6926444833625074,,,-0.6259780907668138,4.445,,1781623740,2026-06-16T15:29:00Z,TVC:US10Y
,,,-2.6926444833625074,,,-0.6259780907668138,4.445,,1781623923,2026-06-16T15:32:03Z,TVC:US10Y
,,,-2.780210157618209,,,-0.7154035323049414,4.441,,1781624092,2026-06-16T15:34:52Z,TVC:US10Y
,,,-2.780210157618209,,,-0.7154035323049414,4.441,,1781624283,2026-06-16T15:38:03Z,TVC:US10Y
,,,-2.780210157618209,,,-0.7154035323049414,4.441,,1781624463,2026-06-16T15:41:03Z,TVC:US10Y
,,,-2.82399299474605,,,-0.7601162530739952,4.439,,1781624645,2026-06-16T15:44:05Z,TVC:US10Y
,,,-2.780210157618209,,,-0.7154035323049414,4.441,,1781624815,2026-06-16T15:46:55Z,TVC:US10Y
,,,-2.82399299474605,,,-0.7601162530739952,4.439,,1781624998,2026-06-16T15:49:58Z,TVC:US10Y
,,,-2.9772329246935034,,,-0.9166107757656936,4.432,,1781625183,2026-06-16T15:53:03Z,TVC:US10Y
,,,-3.064798598949205,,,-1.006036217303821,4.428,,1781625358,2026-06-16T15:55:58Z,TVC:US10Y
,,,-3.108581436077046,,,-1.0507489380728752,4.426,,1781625541,2026-06-16T15:59:01Z,TVC:US10Y
,,,-3.108581436077046,,,-1.0507489380728752,4.426,,1781625727,2026-06-16T16:02:07Z,TVC:US10Y
,,,-3.021015761821364,,,-0.9613234965347676,4.43,,1781625899,2026-06-16T16:04:59Z,TVC:US10Y
,,,-3.021015761821364,,,-0.9613234965347676,4.43,,1781626074,2026-06-16T16:07:54Z,TVC:US10Y
,,,-3.021015761821364,,,-0.9613234965347676,4.43,,1781626251,2026-06-16T16:10:51Z,TVC:US10Y
,,,-3.064798598949205,,,-1.006036217303821,4.428,,1781626439,2026-06-16T16:13:59Z,TVC:US10Y
,,,-3.021015761821364,,,-0.9613234965347676,4.43,,1781626625,2026-06-16T16:17:05Z,TVC:US10Y
,,,-3.108581436077046,,,-1.0507489380728752,4.426,,1781626802,2026-06-16T16:20:02Z,TVC:US10Y
,,,-3.108581436077046,,,-1.0507489380728752,4.426,,1781626979,2026-06-16T16:22:59Z,TVC:US10Y
,,,-3.108581436077046,,,-1.0507489380728752,4.426,,1781627161,2026-06-16T16:26:01Z,TVC:US10Y
,,,-3.108581436077046,,,-1.0507489380728752,4.426,,1781627343,2026-06-16T16:29:03Z,TVC:US10Y
,,,-3.108581436077046,,,-1.0507489380728752,4.426,,1781627516,2026-06-16T16:31:56Z,TVC:US10Y
,,,-3.108581436077046,,,-1.0507489380728752,4.426,,1781627702,2026-06-16T16:35:02Z,TVC:US10Y
,,,-3.108581436077046,,,-1.0507489380728752,4.426,,1781627881,2026-06-16T16:38:01Z,TVC:US10Y
,,,-3.064798598949205,,,-1.006036217303821,4.428,,1781628059,2026-06-16T16:40:59Z,TVC:US10Y
,,,-3.021015761821364,,,-0.9613234965347676,4.43,,1781628233,2026-06-16T16:43:53Z,TVC:US10Y
,,,-3.064798598949205,,,-1.006036217303821,4.428,,1781628419,2026-06-16T16:46:59Z,TVC:US10Y
,,,-3.064798598949205,,,-1.006036217303821,4.428,,1781628597,2026-06-16T16:49:57Z,TVC:US10Y
,,,-3.108581436077046,,,-1.0507489380728752,4.426,,1781628780,2026-06-16T16:53:00Z,TVC:US10Y
,,,-3.108581436077046,,,-1.0507489380728752,4.426,,1781628962,2026-06-16T16:56:02Z,TVC:US10Y
,,,-3.108581436077046,,,-1.0507489380728752,4.426,,1781629143,2026-06-16T16:59:03Z,TVC:US10Y
,,,-3.064798598949205,,,-1.006036217303821,4.428,,1781629322,2026-06-16T17:02:02Z,TVC:US10Y
,,,-3.152364273204887,,,-1.095461658841929,4.424,,1781629499,2026-06-16T17:04:59Z,TVC:US10Y
,,,-3.108581436077046,,,-1.0507489380728752,4.426,,1781629675,2026-06-16T17:07:55Z,TVC:US10Y
,,,-3.108581436077046,,,-1.0507489380728752,4.426,,1781629861,2026-06-16T17:11:01Z,TVC:US10Y
,,,-3.108581436077046,,,-1.0507489380728752,4.426,,1781630037,2026-06-16T17:13:57Z,TVC:US10Y
,,,-3.108581436077046,,,-1.0507489380728752,4.426,,1781630222,2026-06-16T17:17:02Z,TVC:US10Y
,,,-3.108581436077046,,,-1.0507489380728752,4.426,,1781630398,2026-06-16T17:19:58Z,TVC:US10Y
,,,-3.108581436077046,,,-1.0507489380728752,4.426,,1781630582,2026-06-16T17:23:02Z,TVC:US10Y
,,,-3.108581436077046,,,-1.0507489380728752,4.426,,1781630764,2026-06-16T17:26:04Z,TVC:US10Y
,,,-3.108581436077046,,,-1.0507489380728752,4.426,,1781630936,2026-06-16T17:28:56Z,TVC:US10Y
,,,-3.108581436077046,,,-1.0507489380728752,4.426,,1781631124,2026-06-16T17:32:04Z,TVC:US10Y
,,,-3.108581436077046,,,-1.0507489380728752,4.426,,1781631300,2026-06-16T17:35:00Z,TVC:US10Y
,,,-3.108581436077046,,,-1.0507489380728752,4.426,,1781631472,2026-06-16T17:37:52Z,TVC:US10Y
,,,-3.108581436077046,,,-1.0507489380728752,4.426,,1781631663,2026-06-16T17:41:03Z,TVC:US10Y
,,,-3.108581436077046,,,-1.0507489380728752,4.426,,1781631840,2026-06-16T17:44:00Z,TVC:US10Y
,,,-3.152364273204887,,,-1.095461658841929,4.424,,1781632015,2026-06-16T17:46:55Z,TVC:US10Y
,,,-3.108581436077046,,,-1.0507489380728752,4.426,,1781632195,2026-06-16T17:49:55Z,TVC:US10Y
,,,-3.196147110332748,,,-1.1401743796110029,4.422,,1781632381,2026-06-16T17:53:01Z,TVC:US10Y
,,,-3.196147110332748,,,-1.1401743796110029,4.422,,1781632561,2026-06-16T17:56:01Z,TVC:US10Y
,,,-3.2399299474605887,,,-1.1848871003800567,4.42,,1781632744,2026-06-16T17:59:04Z,TVC:US10Y
,,,-3.196147110332748,,,-1.1401743796110029,4.422,,1781632926,2026-06-16T18:02:06Z,TVC:US10Y
,,,-3.152364273204887,,,-1.095461658841929,4.424,,1781633097,2026-06-16T18:04:57Z,TVC:US10Y
,,,-3.108581436077046,,,-1.0507489380728752,4.426,,1781633277,2026-06-16T18:07:57Z,TVC:US10Y
,,,-3.108581436077046,,,-1.0507489380728752,4.426,,1781633453,2026-06-16T18:10:53Z,TVC:US10Y
,,,-3.108581436077046,,,-1.0507489380728752,4.426,,1781633635,2026-06-16T18:13:55Z,TVC:US10Y
,,,-3.108581436077046,,,-1.0507489380728752,4.426,,1781633826,2026-06-16T18:17:06Z,TVC:US10Y
,,,-3.108581436077046,,,-1.0507489380728752,4.426,,1781634006,2026-06-16T18:20:06Z,TVC:US10Y
,,,-3.021015761821364,,,-0.9613234965347676,4.43,,1781634184,2026-06-16T18:23:04Z,TVC:US10Y
,,,-3.021015761821364,,,-0.9613234965347676,4.43,,1781634367,2026-06-16T18:26:07Z,TVC:US10Y
,,,-3.108581436077046,,,-1.0507489380728752,4.426,,1781634533,2026-06-16T18:28:53Z,TVC:US10Y
,,,-3.108581436077046,,,-1.0507489380728752,4.426,,1781634723,2026-06-16T18:32:03Z,TVC:US10Y
,,,-3.108581436077046,,,-1.0507489380728752,4.426,,1781634901,2026-06-16T18:35:01Z,TVC:US10Y
,,,-3.108581436077046,,,-1.0507489380728752,4.426,,1781635081,2026-06-16T18:38:01Z,TVC:US10Y
,,,-3.108581436077046,,,-1.0507489380728752,4.426,,1781635261,2026-06-16T18:41:01Z,TVC:US10Y
,,,-3.108581436077046,,,-1.0507489380728752,4.426,,1781635439,2026-06-16T18:43:59Z,TVC:US10Y
,,,-3.108581436077046,,,-1.0507489380728752,4.426,,1781635629,2026-06-16T18:47:09Z,TVC:US10Y
,,,-3.108581436077046,,,-1.0507489380728752,4.426,,1781635804,2026-06-16T18:50:04Z,TVC:US10Y
,,,-3.108581436077046,,,-1.0507489380728752,4.426,,1781635984,2026-06-16T18:53:04Z,TVC:US10Y
,,,-3.152364273204887,,,-1.095461658841929,4.424,,1781636158,2026-06-16T18:55:58Z,TVC:US10Y
,,,-3.108581436077046,,,-1.0507489380728752,4.426,,1781636342,2026-06-16T18:59:02Z,TVC:US10Y
,,,-3.108581436077046,,,-1.0507489380728752,4.426,,1781636520,2026-06-16T19:02:00Z,TVC:US10Y
,,,-3.064798598949205,,,-1.006036217303821,4.428,,1781636700,2026-06-16T19:05:00Z,TVC:US10Y
,,,-3.064798598949205,,,-1.006036217303821,4.428,,1781636881,2026-06-16T19:08:01Z,TVC:US10Y
,,,-3.108581436077046,,,-1.0507489380728752,4.426,,1781637057,2026-06-16T19:10:57Z,TVC:US10Y
,,,-3.108581436077046,,,-1.0507489380728752,4.426,,1781637240,2026-06-16T19:14:00Z,TVC:US10Y
,,,-3.108581436077046,,,-1.0507489380728752,4.426,,1781637425,2026-06-16T19:17:05Z,TVC:US10Y
,,,-3.108581436077046,,,-1.0507489380728752,4.426,,1781637593,2026-06-16T19:19:53Z,TVC:US10Y
,,,-3.108581436077046,,,-1.0507489380728752,4.426,,1781637787,2026-06-16T19:23:07Z,TVC:US10Y
,,,-3.152364273204887,,,-1.095461658841929,4.424,,1781637956,2026-06-16T19:25:56Z,TVC:US10Y
,,,-3.152364273204887,,,-1.095461658841929,4.424,,1781638140,2026-06-16T19:29:00Z,TVC:US10Y
,,,-3.152364273204887,,,-1.095461658841929,4.424,,1781638326,2026-06-16T19:32:06Z,TVC:US10Y
,,,-3.152364273204887,,,-1.095461658841929,4.424,,1781638500,2026-06-16T19:35:00Z,TVC:US10Y
,,,-3.108581436077046,,,-1.0507489380728752,4.426,,1781638680,2026-06-16T19:38:00Z,TVC:US10Y
,,,-3.108581436077046,,,-1.0507489380728752,4.426,,1781638862,2026-06-16T19:41:02Z,TVC:US10Y
,,,-3.108581436077046,,,-1.0507489380728752,4.426,,1781639040,2026-06-16T19:44:00Z,TVC:US10Y
,,,-3.108581436077046,,,-1.0507489380728752,4.426,,1781639222,2026-06-16T19:47:02Z,TVC:US10Y
,,,-3.108581436077046,,,-1.0507489380728752,4.426,,1781639409,2026-06-16T19:50:09Z,TVC:US10Y
,,,-3.108581436077046,,,-1.0507489380728752,4.426,,1781639582,2026-06-16T19:53:02Z,TVC:US10Y
,,,-3.021015761821364,,,-0.9613234965347676,4.43,,1781639755,2026-06-16T19:55:55Z,TVC:US10Y
,,,-2.9334500875656624,,,-0.8718980549966399,4.434,,1781639942,2026-06-16T19:59:02Z,TVC:US10Y
,,,-2.911558669001752,,,-0.8495416946121228,4.435,,1781640116,2026-06-16T20:01:56Z,TVC:US10Y
,,,-2.867775831873891,,,-0.8048289738430492,4.437,,1781640304,2026-06-16T20:05:04Z,TVC:US10Y
,,,-2.867775831873891,,,-0.8048289738430492,4.437,,1781640481,2026-06-16T20:08:01Z,TVC:US10Y
,,,-2.82399299474605,,,-0.7601162530739952,4.439,,1781640663,2026-06-16T20:11:03Z,TVC:US10Y
,,,-2.867775831873891,,,-0.8048289738430492,4.437,,1781640832,2026-06-16T20:13:52Z,TVC:US10Y
,,,-2.82399299474605,,,-0.7601162530739952,4.439,,1781641019,2026-06-16T20:16:59Z,TVC:US10Y
,,,-2.867775831873891,,,-0.8048289738430492,4.437,,1781641200,2026-06-16T20:20:00Z,TVC:US10Y
,,,-2.867775831873891,,,-0.8048289738430492,4.437,,1781641375,2026-06-16T20:22:55Z,TVC:US10Y
,,,-2.82399299474605,,,-0.7601162530739952,4.439,,1781641571,2026-06-16T20:26:11Z,TVC:US10Y
,,,-2.867775831873891,,,-0.8048289738430492,4.437,,1781641741,2026-06-16T20:29:01Z,TVC:US10Y
,,,-2.867775831873891,,,-0.8048289738430492,4.437,,1781641920,2026-06-16T20:32:00Z,TVC:US10Y
,,,-2.867775831873891,,,-0.8048289738430492,4.437,,1781642102,2026-06-16T20:35:02Z,TVC:US10Y
,,,-2.867775831873891,,,-0.8048289738430492,4.437,,1781642289,2026-06-16T20:38:09Z,TVC:US10Y
,,,-2.780210157618209,,,-0.7154035323049414,4.441,,1781642455,2026-06-16T20:40:55Z,TVC:US10Y
,,,-2.780210157618209,,,-0.7154035323049414,4.441,,1781642644,2026-06-16T20:44:04Z,TVC:US10Y
,,,-2.867775831873891,,,-0.8048289738430492,4.437,,1781642820,2026-06-16T20:47:00Z,TVC:US10Y
,,,-2.780210157618209,,,-0.7154035323049414,4.441,,1781643006,2026-06-16T20:50:06Z,TVC:US10Y
,,,-2.780210157618209,,,-0.7154035323049414,4.441,,1781643181,2026-06-16T20:53:01Z,TVC:US10Y
,,,-2.780210157618209,,,-0.7154035323049414,4.441,,1781643363,2026-06-16T20:56:03Z,TVC:US10Y
,,,-2.736427320490368,,,-0.6706908115358875,4.443,,1781643548,2026-06-16T20:59:08Z,TVC:US10Y
,,,-2.736427320490368,,,-0.6706908115358875,4.443,,1781643725,2026-06-16T21:02:05Z,TVC:US10Y
,,,-2.736427320490368,,,-0.6706908115358875,4.443,,1781643907,2026-06-16T21:05:07Z,TVC:US10Y
,,,-2.82399299474605,,,-0.7601162530739952,4.439,,1781644078,2026-06-16T21:07:58Z,TVC:US10Y
,,,-2.82399299474605,,,-0.7601162530739952,4.439,,1781644264,2026-06-16T21:11:04Z,TVC:US10Y
,,,-2.82399299474605,,,-0.7601162530739952,4.439,,1781644436,2026-06-16T21:13:56Z,TVC:US10Y
,,,-2.82399299474605,,,-0.7601162530739952,4.439,,1781644629,2026-06-16T21:17:09Z,TVC:US10Y
,,,-2.82399299474605,,,-0.7601162530739952,4.439,,1781644805,2026-06-16T21:20:05Z,TVC:US10Y
,,,-2.82399299474605,,,-0.7601162530739952,4.439,,1781644970,2026-06-16T21:22:50Z,TVC:US10Y
,,,-2.82399299474605,,,-0.7601162530739952,4.439,,1781645166,2026-06-16T21:26:06Z,TVC:US10Y
,,,-2.82399299474605,,,-0.7601162530739952,4.439,,1781645337,2026-06-16T21:28:57Z,TVC:US10Y
,,,-2.82399299474605,,,-0.7601162530739952,4.439,,1781645518,2026-06-16T21:31:58Z,TVC:US10Y
,,,-2.82399299474605,,,-0.7601162530739952,4.439,,1781645700,2026-06-16T21:35:00Z,TVC:US10Y
,,,-2.82399299474605,,,-0.7601162530739952,4.439,,1781645883,2026-06-16T21:38:03Z,TVC:US10Y
,,,-2.82399299474605,,,-0.7601162530739952,4.439,,1781646061,2026-06-16T21:41:01Z,TVC:US10Y
,,,-2.82399299474605,,,-0.7601162530739952,4.439,,1781646237,2026-06-16T21:43:57Z,TVC:US10Y
,,,-2.82399299474605,,,-0.7601162530739952,4.439,,1781646419,2026-06-16T21:46:59Z,TVC:US10Y
,,,-2.82399299474605,,,-0.7601162530739952,4.439,,1781646606,2026-06-16T21:50:06Z,TVC:US10Y
,,,-2.82399299474605,,,-0.7601162530739952,4.439,,1781646777,2026-06-16T21:52:57Z,TVC:US10Y
,,,-2.82399299474605,,,-0.7601162530739952,4.439,,1781646965,2026-06-16T21:56:05Z,TVC:US10Y
,,,-2.82399299474605,,,-0.7601162530739952,4.439,,1781647129,2026-06-16T21:58:49Z,TVC:US10Y
,,,-2.82399299474605,,,-0.7601162530739952,4.439,,1781647327,2026-06-16T22:02:07Z,TVC:US10Y
,,,-2.82399299474605,,,-0.7601162530739952,4.439,,1781647502,2026-06-16T22:05:02Z,TVC:US10Y
,,,-2.82399299474605,,,-0.7601162530739952,4.439,,1781647682,2026-06-16T22:08:02Z,TVC:US10Y
,,,-2.82399299474605,,,-0.7601162530739952,4.439,,1781647858,2026-06-16T22:10:58Z,TVC:US10Y
,,,-2.82399299474605,,,-0.7601162530739952,4.439,,1781648037,2026-06-16T22:13:57Z,TVC:US10Y
,,,-2.82399299474605,,,-0.7601162530739952,4.439,,1781648228,2026-06-16T22:17:08Z,TVC:US10Y
,,,-2.82399299474605,,,-0.7601162530739952,4.439,,1781648399,2026-06-16T22:19:59Z,TVC:US10Y
,,,-2.82399299474605,,,-0.7601162530739952,4.439,,1781648580,2026-06-16T22:23:00Z,TVC:US10Y
,,,-2.82399299474605,,,-0.7601162530739952,4.439,,1781648758,2026-06-16T22:25:58Z,TVC:US10Y
,,,-2.82399299474605,,,-0.7601162530739952,4.439,,1781648940,2026-06-16T22:29:00Z,TVC:US10Y
,,,-2.82399299474605,,,-0.7601162530739952,4.439,,1781649120,2026-06-16T22:32:00Z,TVC:US10Y
,,,-2.82399299474605,,,-0.7601162530739952,4.439,,1781649293,2026-06-16T22:34:53Z,TVC:US10Y
,,,-2.82399299474605,,,-0.7601162530739952,4.439,,1781649479,2026-06-16T22:37:59Z,TVC:US10Y
,,,-2.82399299474605,,,-0.7601162530739952,4.439,,1781649661,2026-06-16T22:41:01Z,TVC:US10Y
,,,-2.82399299474605,,,-0.7601162530739952,4.439,,1781649840,2026-06-16T22:44:00Z,TVC:US10Y
,,,-2.82399299474605,,,-0.7601162530739952,4.439,,1781650019,2026-06-16T22:46:59Z,TVC:US10Y
,,,-2.82399299474605,,,-0.7601162530739952,4.439,,1781650202,2026-06-16T22:50:02Z,TVC:US10Y
,,,-2.82399299474605,,,-0.7601162530739952,4.439,,1781650372,2026-06-16T22:52:52Z,TVC:US10Y
,,,-2.82399299474605,,,-0.7601162530739952,4.439,,1781650560,2026-06-16T22:56:00Z,TVC:US10Y
,,,-2.82399299474605,,,-0.7601162530739952,4.439,,1781650742,2026-06-16T22:59:02Z,TVC:US10Y
,,,-2.82399299474605,,,-0.7601162530739952,4.439,,1781650922,2026-06-16T23:02:02Z,TVC:US10Y
,,,-2.82399299474605,,,-0.7601162530739952,4.439,,1781651097,2026-06-16T23:04:57Z,TVC:US10Y
,,,-2.82399299474605,,,-0.7601162530739952,4.439,,1781651278,2026-06-16T23:07:58Z,TVC:US10Y
,,,-2.82399299474605,,,-0.7601162530739952,4.439,,1781651464,2026-06-16T23:11:04Z,TVC:US10Y
,,,-2.82399299474605,,,-0.7601162530739952,4.439,,1781651639,2026-06-16T23:13:59Z,TVC:US10Y
,,,-2.82399299474605,,,-0.7601162530739952,4.439,,1781651814,2026-06-16T23:16:54Z,TVC:US10Y
,,,-2.82399299474605,,,-0.7601162530739952,4.439,,1781651995,2026-06-16T23:19:55Z,TVC:US10Y
,,,-2.82399299474605,,,-0.7601162530739952,4.439,,1781652175,2026-06-16T23:22:55Z,TVC:US10Y
,,,-2.82399299474605,,,-0.7601162530739952,4.439,,1781652361,2026-06-16T23:26:01Z,TVC:US10Y
,,,-2.82399299474605,,,-0.7601162530739952,4.439,,1781652541,2026-06-16T23:29:01Z,TVC:US10Y
,,,-2.82399299474605,,,-0.7601162530739952,4.439,,1781652721,2026-06-16T23:32:01Z,TVC:US10Y
,,,-2.82399299474605,,,-0.7601162530739952,4.439,,1781652901,2026-06-16T23:35:01Z,TVC:US10Y
,,,-2.82399299474605,,,-0.7601162530739952,4.439,,1781653084,2026-06-16T23:38:04Z,TVC:US10Y
,,,-2.82399299474605,,,-0.7601162530739952,4.439,,1781653264,2026-06-16T23:41:04Z,TVC:US10Y
,,,-2.82399299474605,,,-0.7601162530739952,4.439,,1781653440,2026-06-16T23:44:00Z,TVC:US10Y
,,,-2.82399299474605,,,-0.7601162530739952,4.439,,1781653625,2026-06-16T23:47:05Z,TVC:US10Y
,,,-2.82399299474605,,,-0.7601162530739952,4.439,,1781653795,2026-06-16T23:49:55Z,TVC:US10Y
,,,-2.82399299474605,,,-0.7601162530739952,4.439,,1781653985,2026-06-16T23:53:05Z,TVC:US10Y
,,,-2.82399299474605,,,-0.7601162530739952,4.439,,1781654159,2026-06-16T23:55:59Z,TVC:US10Y
,,,-2.82399299474605,,,-0.7601162530739952,4.439,,1781654340,2026-06-16T23:59:00Z,TVC:US10Y
,,,-2.82399299474605,,,-0.7601162530739952,4.439,,1781654518,2026-06-17T00:01:58Z,TVC:US10Y
,,,-2.82399299474605,,,-0.7601162530739952,4.439,,1781654696,2026-06-17T00:04:56Z,TVC:US10Y
,,,-2.009717314487617,,,-0.0450551926109434,4.437,,1781654873,2026-06-17T00:07:53Z,TVC:US10Y
,,,-1.9655477031802016,,,0.0,4.439,,1781655062,2026-06-17T00:11:02Z,TVC:US10Y
,,,-1.9655477031802016,,,0.0,4.439,,1781655240,2026-06-17T00:14:00Z,TVC:US10Y
,,,-1.9655477031802016,,,0.0,4.439,,1781655424,2026-06-17T00:17:04Z,TVC:US10Y
,,,-2.009717314487617,,,-0.0450551926109434,4.437,,1781655597,2026-06-17T00:19:57Z,TVC:US10Y
,,,-2.009717314487617,,,-0.0450551926109434,4.437,,1781655775,2026-06-17T00:22:55Z,TVC:US10Y
,,,-2.009717314487617,,,-0.0450551926109434,4.437,,1781655959,2026-06-17T00:25:59Z,TVC:US10Y
,,,-2.009717314487617,,,-0.0450551926109434,4.437,,1781656144,2026-06-17T00:29:04Z,TVC:US10Y
,,,-2.009717314487617,,,-0.0450551926109434,4.437,,1781656325,2026-06-17T00:32:05Z,TVC:US10Y
,,,-2.009717314487617,,,-0.0450551926109434,4.437,,1781656502,2026-06-17T00:35:02Z,TVC:US10Y
,,,-2.009717314487617,,,-0.0450551926109434,4.437,,1781656682,2026-06-17T00:38:02Z,TVC:US10Y
,,,-2.009717314487617,,,-0.0450551926109434,4.437,,1781656870,2026-06-17T00:41:10Z,TVC:US10Y
,,,-2.009717314487617,,,-0.0450551926109434,4.437,,1781657044,2026-06-17T00:44:04Z,TVC:US10Y
,,,-2.009717314487617,,,-0.0450551926109434,4.437,,1781657224,2026-06-17T00:47:04Z,TVC:US10Y
,,,-2.009717314487617,,,-0.0450551926109434,4.437,,1781657404,2026-06-17T00:50:04Z,TVC:US10Y
,,,-2.009717314487617,,,-0.0450551926109434,4.437,,1781657579,2026-06-17T00:52:59Z,TVC:US10Y
,,,-2.009717314487617,,,-0.0450551926109434,4.437,,1781657757,2026-06-17T00:55:57Z,TVC:US10Y
,,,-2.009717314487617,,,-0.0450551926109434,4.437,,1781657934,2026-06-17T00:58:54Z,TVC:US10Y
,,,-2.0759717314487505,,,-0.1126379815273686,4.434,,1781658125,2026-06-17T01:02:05Z,TVC:US10Y
,,,-2.0759717314487505,,,-0.1126379815273686,4.434,,1781658301,2026-06-17T01:05:01Z,TVC:US10Y
,,,-2.0759717314487505,,,-0.1126379815273686,4.434,,1781658469,2026-06-17T01:07:49Z,TVC:US10Y
,,,-2.0759717314487505,,,-0.1126379815273686,4.434,,1781658662,2026-06-17T01:11:02Z,TVC:US10Y
,,,-2.0759717314487505,,,-0.1126379815273686,4.434,,1781658839,2026-06-17T01:13:59Z,TVC:US10Y
,,,-2.0759717314487505,,,-0.1126379815273686,4.434,,1781659019,2026-06-17T01:16:59Z,TVC:US10Y
,,,-2.0759717314487505,,,-0.1126379815273686,4.434,,1781659200,2026-06-17T01:20:00Z,TVC:US10Y
,,,-2.0759717314487505,,,-0.1126379815273686,4.434,,1781659375,2026-06-17T01:22:55Z,TVC:US10Y
,,,-2.0759717314487505,,,-0.1126379815273686,4.434,,1781659566,2026-06-17T01:26:06Z,TVC:US10Y
,,,-2.1643109540636014,,,-0.2027483667492755,4.43,,1781659745,2026-06-17T01:29:05Z,TVC:US10Y
,,,-2.0759717314487505,,,-0.1126379815273686,4.434,,1781659926,2026-06-17T01:32:06Z,TVC:US10Y
,,,-2.0759717314487505,,,-0.1126379815273686,4.434,,1781660098,2026-06-17T01:34:58Z,TVC:US10Y
,,,-2.0759717314487505,,,-0.1126379815273686,4.434,,1781660281,2026-06-17T01:38:01Z,TVC:US10Y
,,,-2.0759717314487505,,,-0.1126379815273686,4.434,,1781660466,2026-06-17T01:41:06Z,TVC:US10Y
,,,-2.0759717314487505,,,-0.1126379815273686,4.434,,1781660645,2026-06-17T01:44:05Z,TVC:US10Y
,,,-2.0759717314487505,,,-0.1126379815273686,4.434,,1781660831,2026-06-17T01:47:11Z,TVC:US10Y
,,,-2.009717314487617,,,-0.0450551926109434,4.437,,1781660999,2026-06-17T01:49:59Z,TVC:US10Y
,,,-2.009717314487617,,,-0.0450551926109434,4.437,,1781661177,2026-06-17T01:52:57Z,TVC:US10Y
,,,-2.0759717314487505,,,-0.1126379815273686,4.434,,1781661358,2026-06-17T01:55:58Z,TVC:US10Y
,,,-2.0759717314487505,,,-0.1126379815273686,4.434,,1781661537,2026-06-17T01:58:57Z,TVC:US10Y
,,,-2.0759717314487505,,,-0.1126379815273686,4.434,,1781661723,2026-06-17T02:02:03Z,TVC:US10Y
,,,-2.0759717314487505,,,-0.1126379815273686,4.434,,1781661899,2026-06-17T02:04:59Z,TVC:US10Y
,,,-2.0759717314487505,,,-0.1126379815273686,4.434,,1781662086,2026-06-17T02:08:06Z,TVC:US10Y
,,,-2.0759717314487505,,,-0.1126379815273686,4.434,,1781662262,2026-06-17T02:11:02Z,TVC:US10Y
,,,-2.0759717314487505,,,-0.1126379815273686,4.434,,1781662440,2026-06-17T02:14:00Z,TVC:US10Y
,,,-2.0759717314487505,,,-0.1126379815273686,4.434,,1781662620,2026-06-17T02:17:00Z,TVC:US10Y
,,,-2.0759717314487505,,,-0.1126379815273686,4.434,,1781662800,2026-06-17T02:20:00Z,TVC:US10Y
,,,-2.0759717314487505,,,-0.1126379815273686,4.434,,1781662983,2026-06-17T02:23:03Z,TVC:US10Y
,,,-2.0759717314487505,,,-0.1126379815273686,4.434,,1781663165,2026-06-17T02:26:05Z,TVC:US10Y
,,,-2.0538869257950525,,,-0.0901103852219069,4.435,,1781663338,2026-06-17T02:28:58Z,TVC:US10Y
,,,-2.0538869257950525,,,-0.0901103852219069,4.435,,1781663522,2026-06-17T02:32:02Z,TVC:US10Y
,,,-2.0538869257950525,,,-0.0901103852219069,4.435,,1781663699,2026-06-17T02:34:59Z,TVC:US10Y
,,,-2.0538869257950525,,,-0.0901103852219069,4.435,,1781663880,2026-06-17T02:38:00Z,TVC:US10Y
,,,-2.0538869257950525,,,-0.0901103852219069,4.435,,1781664048,2026-06-17T02:40:48Z,TVC:US10Y
,,,-2.0538869257950525,,,-0.0901103852219069,4.435,,1781664238,2026-06-17T02:43:58Z,TVC:US10Y
,,,-2.0538869257950525,,,-0.0901103852219069,4.435,,1781664418,2026-06-17T02:46:58Z,TVC:US10Y
,,,-2.009717314487617,,,-0.0450551926109434,4.437,,1781664600,2026-06-17T02:50:00Z,TVC:US10Y
,,,-2.009717314487617,,,-0.0450551926109434,4.437,,1781664783,2026-06-17T02:53:03Z,TVC:US10Y
,,,-2.009717314487617,,,-0.0450551926109434,4.437,,1781664954,2026-06-17T02:55:54Z,TVC:US10Y
,,,-2.009717314487617,,,-0.0450551926109434,4.437,,1781665145,2026-06-17T02:59:05Z,TVC:US10Y
,,,-2.009717314487617,,,-0.0450551926109434,4.437,,1781665315,2026-06-17T03:01:55Z,TVC:US10Y
,,,-2.009717314487617,,,-0.0450551926109434,4.437,,1781665514,2026-06-17T03:05:14Z,TVC:US10Y
,,,-2.009717314487617,,,-0.0450551926109434,4.437,,1781665679,2026-06-17T03:07:59Z,TVC:US10Y
,,,-2.009717314487617,,,-0.0450551926109434,4.437,,1781665859,2026-06-17T03:10:59Z,TVC:US10Y
,,,-2.0538869257950525,,,-0.0901103852219069,4.435,,1781666037,2026-06-17T03:13:57Z,TVC:US10Y
,,,-2.0538869257950525,,,-0.0901103852219069,4.435,,1781666212,2026-06-17T03:16:52Z,TVC:US10Y
,,,-2.0538869257950525,,,-0.0901103852219069,4.435,,1781666398,2026-06-17T03:19:58Z,TVC:US10Y
,,,-2.0538869257950525,,,-0.0901103852219069,4.435,,1781666582,2026-06-17T03:23:02Z,TVC:US10Y
,,,-2.009717314487617,,,-0.0450551926109434,4.437,,1781666760,2026-06-17T03:26:00Z,TVC:US10Y
,,,-2.009717314487617,,,-0.0450551926109434,4.437,,1781666939,2026-06-17T03:28:59Z,TVC:US10Y
,,,-2.009717314487617,,,-0.0450551926109434,4.437,,1781667119,2026-06-17T03:31:59Z,TVC:US10Y
,,,-2.009717314487617,,,-0.0450551926109434,4.437,,1781667303,2026-06-17T03:35:03Z,TVC:US10Y
,,,-2.009717314487617,,,-0.0450551926109434,4.437,,1781667478,2026-06-17T03:37:58Z,TVC:US10Y
,,,-2.009717314487617,,,-0.0450551926109434,4.437,,1781667667,2026-06-17T03:41:07Z,TVC:US10Y
,,,-2.009717314487617,,,-0.0450551926109434,4.437,,1781667848,2026-06-17T03:44:08Z,TVC:US10Y
,,,-2.009717314487617,,,-0.0450551926109434,4.437,,1781668015,2026-06-17T03:46:55Z,TVC:US10Y
,,,-2.0759717314487505,,,-0.1126379815273686,4.434,,1781668195,2026-06-17T03:49:55Z,TVC:US10Y
,,,-2.0759717314487505,,,-0.1126379815273686,4.434,,1781668375,2026-06-17T03:52:55Z,TVC:US10Y
,,,-2.0759717314487505,,,-0.1126379815273686,4.434,,1781668563,2026-06-17T03:56:03Z,TVC:US10Y
,,,-2.0759717314487505,,,-0.1126379815273686,4.434,,1781668743,2026-06-17T03:59:03Z,TVC:US10Y
,,,-2.0759717314487505,,,-0.1126379815273686,4.434,,1781668923,2026-06-17T04:02:03Z,TVC:US10Y
,,,-2.0759717314487505,,,-0.1126379815273686,4.434,,1781669109,2026-06-17T04:05:09Z,TVC:US10Y
,,,-2.0759717314487505,,,-0.1126379815273686,4.434,,1781669282,2026-06-17T04:08:02Z,TVC:US10Y
,,,-2.0759717314487505,,,-0.1126379815273686,4.434,,1781669460,2026-06-17T04:11:00Z,TVC:US10Y
,,,-2.0759717314487505,,,-0.1126379815273686,4.434,,1781669644,2026-06-17T04:14:04Z,TVC:US10Y
,,,-2.0759717314487505,,,-0.1126379815273686,4.434,,1781669820,2026-06-17T04:17:00Z,TVC:US10Y
,,,-2.0759717314487505,,,-0.1126379815273686,4.434,,1781669998,2026-06-17T04:19:58Z,TVC:US10Y
,,,-2.0759717314487505,,,-0.1126379815273686,4.434,,1781670184,2026-06-17T04:23:04Z,TVC:US10Y
,,,-2.0759717314487505,,,-0.1126379815273686,4.434,,1781670361,2026-06-17T04:26:01Z,TVC:US10Y
,,,-2.0759717314487505,,,-0.1126379815273686,4.434,,1781670533,2026-06-17T04:28:53Z,TVC:US10Y
,,,-2.0759717314487505,,,-0.1126379815273686,4.434,,1781670722,2026-06-17T04:32:02Z,TVC:US10Y
,,,-2.0759717314487505,,,-0.1126379815273686,4.434,,1781670900,2026-06-17T04:35:00Z,TVC:US10Y
,,,-2.0759717314487505,,,-0.1126379815273686,4.434,,1781671082,2026-06-17T04:38:02Z,TVC:US10Y
,,,-2.0759717314487505,,,-0.1126379815273686,4.434,,1781671268,2026-06-17T04:41:08Z,TVC:US10Y
,,,-2.0759717314487505,,,-0.1126379815273686,4.434,,1781671438,2026-06-17T04:43:58Z,TVC:US10Y
,,,-2.0538869257950525,,,-0.0901103852219069,4.435,,1781671619,2026-06-17T04:46:59Z,TVC:US10Y
,,,-2.0759717314487505,,,-0.1126379815273686,4.434,,1781671808,2026-06-17T04:50:08Z,TVC:US10Y
,,,-2.0759717314487505,,,-0.1126379815273686,4.434,,1781671982,2026-06-17T04:53:02Z,TVC:US10Y
,,,-2.0759717314487505,,,-0.1126379815273686,4.434,,1781672159,2026-06-17T04:55:59Z,TVC:US10Y
,,,-2.0759717314487505,,,-0.1126379815273686,4.434,,1781672343,2026-06-17T04:59:03Z,TVC:US10Y
,,,-2.0759717314487505,,,-0.1126379815273686,4.434,,1781672516,2026-06-17T05:01:56Z,TVC:US10Y
,,,-2.0759717314487505,,,-0.1126379815273686,4.434,,1781672702,2026-06-17T05:05:02Z,TVC:US10Y
,,,-2.0759717314487505,,,-0.1126379815273686,4.434,,1781672885,2026-06-17T05:08:05Z,TVC:US10Y
,,,-2.0759717314487505,,,-0.1126379815273686,4.434,,1781673054,2026-06-17T05:10:54Z,TVC:US10Y
,,,-2.0759717314487505,,,-0.1126379815273686,4.434,,1781673242,2026-06-17T05:14:02Z,TVC:US10Y
,,,-2.0759717314487505,,,-0.1126379815273686,4.434,,1781673416,2026-06-17T05:16:56Z,TVC:US10Y
,,,-2.0759717314487505,,,-0.1126379815273686,4.434,,1781673598,2026-06-17T05:19:58Z,TVC:US10Y
,,,-2.0759717314487505,,,-0.1126379815273686,4.434,,1781673781,2026-06-17T05:23:01Z,TVC:US10Y
,,,-2.0759717314487505,,,-0.1126379815273686,4.434,,1781673955,2026-06-17T05:25:55Z,TVC:US10Y
,,,-2.1201413427561664,,,-0.157693174138312,4.432,,1781674143,2026-06-17T05:29:03Z,TVC:US10Y
,,,-2.1201413427561664,,,-0.157693174138312,4.432,,1781674316,2026-06-17T05:31:56Z,TVC:US10Y
,,,-2.1201413427561664,,,-0.157693174138312,4.432,,1781674503,2026-06-17T05:35:03Z,TVC:US10Y
,,,-2.1201413427561664,,,-0.157693174138312,4.432,,1781674679,2026-06-17T05:37:59Z,TVC:US10Y
,,,-2.1201413427561664,,,-0.157693174138312,4.432,,1781674850,2026-06-17T05:40:50Z,TVC:US10Y
,,,-2.1201413427561664,,,-0.157693174138312,4.432,,1781675040,2026-06-17T05:44:00Z,TVC:US10Y
,,,-2.1201413427561664,,,-0.157693174138312,4.432,,1781675221,2026-06-17T05:47:01Z,TVC:US10Y
,,,-2.1201413427561664,,,-0.157693174138312,4.432,,1781675402,2026-06-17T05:50:02Z,TVC:US10Y
,,,-2.1201413427561664,,,-0.157693174138312,4.432,,1781675571,2026-06-17T05:52:51Z,TVC:US10Y
,,,-2.0759717314487505,,,-0.1126379815273686,4.434,,1781675759,2026-06-17T05:55:59Z,TVC:US10Y
,,,-2.0759717314487505,,,-0.1126379815273686,4.434,,1781675943,2026-06-17T05:59:03Z,TVC:US10Y
,,,-2.0759717314487505,,,-0.1126379815273686,4.434,,1781676119,2026-06-17T06:01:59Z,TVC:US10Y
,,,-2.0759717314487505,,,-0.1126379815273686,4.434,,1781676300,2026-06-17T06:05:00Z,TVC:US10Y
,,,-2.0759717314487505,,,-0.1126379815273686,4.434,,1781676483,2026-06-17T06:08:03Z,TVC:US10Y
,,,-2.0759717314487505,,,-0.1126379815273686,4.434,,1781676657,2026-06-17T06:10:57Z,TVC:US10Y
,,,-2.0759717314487505,,,-0.1126379815273686,4.434,,1781676841,2026-06-17T06:14:01Z,TVC:US10Y
,,,-2.0759717314487505,,,-0.1126379815273686,4.434,,1781677028,2026-06-17T06:17:08Z,TVC:US10Y
,,,-2.0759717314487505,,,-0.1126379815273686,4.434,,1781677200,2026-06-17T06:20:00Z,TVC:US10Y
,,,-2.1201413427561664,,,-0.157693174138312,4.432,,1781677380,2026-06-17T06:23:00Z,TVC:US10Y
,,,-2.0759717314487505,,,-0.1126379815273686,4.434,,1781677559,2026-06-17T06:25:59Z,TVC:US10Y
,,,-2.0759717314487505,,,-0.1126379815273686,4.434,,1781677737,2026-06-17T06:28:57Z,TVC:US10Y
,,,-2.0759717314487505,,,-0.1126379815273686,4.434,,1781677923,2026-06-17T06:32:03Z,TVC:US10Y
,,,-2.0759717314487505,,,-0.1126379815273686,4.434,,1781678097,2026-06-17T06:34:57Z,TVC:US10Y
,,,-2.0759717314487505,,,-0.1126379815273686,4.434,,1781678283,2026-06-17T06:38:03Z,TVC:US10Y
,,,-2.0759717314487505,,,-0.1126379815273686,4.434,,1781678465,2026-06-17T06:41:05Z,TVC:US10Y
,,,-2.0759717314487505,,,-0.1126379815273686,4.434,,1781678638,2026-06-17T06:43:58Z,TVC:US10Y
,,,-2.0759717314487505,,,-0.1126379815273686,4.434,,1781678818,2026-06-17T06:46:58Z,TVC:US10Y
,,,-2.1643109540636014,,,-0.2027483667492755,4.43,,1781679003,2026-06-17T06:50:03Z,TVC:US10Y
,,,-2.1643109540636014,,,-0.2027483667492755,4.43,,1781679179,2026-06-17T06:52:59Z,TVC:US10Y
,,,-2.1643109540636014,,,-0.2027483667492755,4.43,,1781679363,2026-06-17T06:56:03Z,TVC:US10Y
,,,-2.1643109540636014,,,-0.2027483667492755,4.43,,1781679538,2026-06-17T06:58:58Z,TVC:US10Y
,,,-2.1643109540636014,,,-0.2027483667492755,4.43,,1781679722,2026-06-17T07:02:02Z,TVC:US10Y
,,,-2.1643109540636014,,,-0.2027483667492755,4.43,,1781679893,2026-06-17T07:04:53Z,TVC:US10Y
,,,-2.1643109540636014,,,-0.2027483667492755,4.43,,1781680080,2026-06-17T07:08:00Z,TVC:US10Y
,,,-2.1643109540636014,,,-0.2027483667492755,4.43,,1781680257,2026-06-17T07:10:57Z,TVC:US10Y
,,,-2.1643109540636014,,,-0.2027483667492755,4.43,,1781680445,2026-06-17T07:14:05Z,TVC:US10Y
,,,-2.1643109540636014,,,-0.2027483667492755,4.43,,1781680619,2026-06-17T07:16:59Z,TVC:US10Y
,,,-2.1643109540636014,,,-0.2027483667492755,4.43,,1781680797,2026-06-17T07:19:57Z,TVC:US10Y
,,,-2.1643109540636014,,,-0.2027483667492755,4.43,,1781680972,2026-06-17T07:22:52Z,TVC:US10Y
,,,-2.1643109540636014,,,-0.2027483667492755,4.43,,1781681161,2026-06-17T07:26:01Z,TVC:US10Y
,,,-2.0759717314487505,,,-0.1126379815273686,4.434,,1781681346,2026-06-17T07:29:06Z,TVC:US10Y
,,,-2.0759717314487505,,,-0.1126379815273686,4.434,,1781681518,2026-06-17T07:31:58Z,TVC:US10Y
,,,-2.0759717314487505,,,-0.1126379815273686,4.434,,1781681706,2026-06-17T07:35:06Z,TVC:US10Y
,,,-2.0759717314487505,,,-0.1126379815273686,4.434,,1781681881,2026-06-17T07:38:01Z,TVC:US10Y
,,,-2.1201413427561664,,,-0.157693174138312,4.432,,1781682063,2026-06-17T07:41:03Z,TVC:US10Y
,,,-2.1201413427561664,,,-0.157693174138312,4.432,,1781682240,2026-06-17T07:44:00Z,TVC:US10Y
,,,-2.1201413427561664,,,-0.157693174138312,4.432,,1781682426,2026-06-17T07:47:06Z,TVC:US10Y
,,,-2.0759717314487505,,,-0.1126379815273686,4.434,,1781682606,2026-06-17T07:50:06Z,TVC:US10Y
,,,-2.1643109540636014,,,-0.2027483667492755,4.43,,1781682776,2026-06-17T07:52:56Z,TVC:US10Y
,,,-2.1643109540636014,,,-0.2027483667492755,4.43,,1781682960,2026-06-17T07:56:00Z,TVC:US10Y
,,,-2.1643109540636014,,,-0.2027483667492755,4.43,,1781683138,2026-06-17T07:58:58Z,TVC:US10Y
,,,-2.1643109540636014,,,-0.2027483667492755,4.43,,1781683320,2026-06-17T08:02:00Z,TVC:US10Y
,,,-2.1643109540636014,,,-0.2027483667492755,4.43,,1781683492,2026-06-17T08:04:52Z,TVC:US10Y
,,,-2.1201413427561664,,,-0.157693174138312,4.432,,1781683688,2026-06-17T08:08:08Z,TVC:US10Y
,,,-2.1201413427561664,,,-0.157693174138312,4.432,,1781683864,2026-06-17T08:11:04Z,TVC:US10Y
,,,-2.009717314487617,,,-0.0450551926109434,4.437,,1781684036,2026-06-17T08:13:56Z,TVC:US10Y
,,,-1.921378091872786,,,0.0450551926109434,4.441,,1781684221,2026-06-17T08:17:01Z,TVC:US10Y
,,,-1.9655477031802016,,,0.0,4.439,,1781684400,2026-06-17T08:20:00Z,TVC:US10Y
,,,-2.009717314487617,,,-0.0450551926109434,4.437,,1781684579,2026-06-17T08:22:59Z,TVC:US10Y
,,,-2.009717314487617,,,-0.0450551926109434,4.437,,1781684764,2026-06-17T08:26:04Z,TVC:US10Y
,,,-2.009717314487617,,,-0.0450551926109434,4.437,,1781684932,2026-06-17T08:28:52Z,TVC:US10Y
,,,-1.921378091872786,,,0.0450551926109434,4.441,,1781685126,2026-06-17T08:32:06Z,TVC:US10Y
,,,-1.9655477031802016,,,0.0,4.439,,1781685297,2026-06-17T08:34:57Z,TVC:US10Y
,,,-1.9655477031802016,,,0.0,4.439,,1781685482,2026-06-17T08:38:02Z,TVC:US10Y
,,,-1.921378091872786,,,0.0450551926109434,4.441,,1781685659,2026-06-17T08:40:59Z,TVC:US10Y
,,,-1.9655477031802016,,,0.0,4.439,,1781685847,2026-06-17T08:44:07Z,TVC:US10Y
,,,-2.009717314487617,,,-0.0450551926109434,4.437,,1781686016,2026-06-17T08:46:56Z,TVC:US10Y
,,,-2.009717314487617,,,-0.0450551926109434,4.437,,1781686207,2026-06-17T08:50:07Z,TVC:US10Y
,,,-2.009717314487617,,,-0.0450551926109434,4.437,,1781686385,2026-06-17T08:53:05Z,TVC:US10Y
,,,-2.009717314487617,,,-0.0450551926109434,4.437,,1781686557,2026-06-17T08:55:57Z,TVC:US10Y
,,,-2.009717314487617,,,-0.0450551926109434,4.437,,1781686743,2026-06-17T08:59:03Z,TVC:US10Y
,,,-2.009717314487617,,,-0.0450551926109434,4.437,,1781686917,2026-06-17T09:01:57Z,TVC:US10Y
,,,-1.9655477031802016,,,0.0,4.439,,1781687098,2026-06-17T09:04:58Z,TVC:US10Y
,,,-2.009717314487617,,,-0.0450551926109434,4.437,,1781687279,2026-06-17T09:07:59Z,TVC:US10Y
,,,-2.009717314487617,,,-0.0450551926109434,4.437,,1781687462,2026-06-17T09:11:02Z,TVC:US10Y
,,,-2.0538869257950525,,,-0.0901103852219069,4.435,,1781687632,2026-06-17T09:13:52Z,TVC:US10Y
,,,-2.009717314487617,,,-0.0450551926109434,4.437,,1781687821,2026-06-17T09:17:01Z,TVC:US10Y
,,,-2.009717314487617,,,-0.0450551926109434,4.437,,1781688004,2026-06-17T09:20:04Z,TVC:US10Y
,,,-2.0759717314487505,,,-0.1126379815273686,4.434,,1781688184,2026-06-17T09:23:04Z,TVC:US10Y
,,,-2.0759717314487505,,,-0.1126379815273686,4.434,,1781688364,2026-06-17T09:26:04Z,TVC:US10Y
,,,-2.0538869257950525,,,-0.0901103852219069,4.435,,1781688544,2026-06-17T09:29:04Z,TVC:US10Y
,,,-2.0759717314487505,,,-0.1126379815273686,4.434,,1781688719,2026-06-17T09:31:59Z,TVC:US10Y
,,,-2.0759717314487505,,,-0.1126379815273686,4.434,,1781688891,2026-06-17T09:34:51Z,TVC:US10Y
,,,-2.0759717314487505,,,-0.1126379815273686,4.434,,1781689079,2026-06-17T09:37:59Z,TVC:US10Y
,,,-2.0759717314487505,,,-0.1126379815273686,4.434,,1781689264,2026-06-17T09:41:04Z,TVC:US10Y
,,,-2.0538869257950525,,,-0.0901103852219069,4.435,,1781689439,2026-06-17T09:43:59Z,TVC:US10Y
,,,-2.0538869257950525,,,-0.0901103852219069,4.435,,1781689629,2026-06-17T09:47:09Z,TVC:US10Y
,,,-2.1201413427561664,,,-0.157693174138312,4.432,,1781689796,2026-06-17T09:49:56Z,TVC:US10Y
,,,-2.0759717314487505,,,-0.1126379815273686,4.434,,1781689978,2026-06-17T09:52:58Z,TVC:US10Y
,,,-2.1201413427561664,,,-0.157693174138312,4.432,,1781690155,2026-06-17T09:55:55Z,TVC:US10Y
,,,-2.0759717314487505,,,-0.1126379815273686,4.434,,1781690340,2026-06-17T09:59:00Z,TVC:US10Y
,,,-2.0759717314487505,,,-0.1126379815273686,4.434,,1781690520,2026-06-17T10:02:00Z,TVC:US10Y
,,,-2.0759717314487505,,,-0.1126379815273686,4.434,,1781690703,2026-06-17T10:05:03Z,TVC:US10Y
,,,-2.0538869257950525,,,-0.0901103852219069,4.435,,1781690875,2026-06-17T10:07:55Z,TVC:US10Y
,,,-2.0538869257950525,,,-0.0901103852219069,4.435,,1781691061,2026-06-17T10:11:01Z,TVC:US10Y
,,,-2.009717314487617,,,-0.0450551926109434,4.437,,1781691238,2026-06-17T10:13:58Z,TVC:US10Y
,,,-2.009717314487617,,,-0.0450551926109434,4.437,,1781691416,2026-06-17T10:16:56Z,TVC:US10Y
,,,-2.0759717314487505,,,-0.1126379815273686,4.434,,1781691598,2026-06-17T10:19:58Z,TVC:US10Y
,,,-2.0759717314487505,,,-0.1126379815273686,4.434,,1781691777,2026-06-17T10:22:57Z,TVC:US10Y
,,,-2.0759717314487505,,,-0.1126379815273686,4.434,,1781691966,2026-06-17T10:26:06Z,TVC:US10Y
,,,-2.0759717314487505,,,-0.1126379815273686,4.434,,1781692143,2026-06-17T10:29:03Z,TVC:US10Y
,,,-2.009717314487617,,,-0.0450551926109434,4.437,,1781692324,2026-06-17T10:32:04Z,TVC:US10Y
,,,-2.0538869257950525,,,-0.0901103852219069,4.435,,1781692493,2026-06-17T10:34:53Z,TVC:US10Y
,,,-2.0538869257950525,,,-0.0901103852219069,4.435,,1781692685,2026-06-17T10:38:05Z,TVC:US10Y
,,,-2.0538869257950525,,,-0.0901103852219069,4.435,,1781692866,2026-06-17T10:41:06Z,TVC:US10Y
,,,-2.0759717314487505,,,-0.1126379815273686,4.434,,1781693042,2026-06-17T10:44:02Z,TVC:US10Y
,,,-2.0759717314487505,,,-0.1126379815273686,4.434,,1781693221,2026-06-17T10:47:01Z,TVC:US10Y
,,,-2.0759717314487505,,,-0.1126379815273686,4.434,,1781693404,2026-06-17T10:50:04Z,TVC:US10Y
,,,-2.0759717314487505,,,-0.1126379815273686,4.434,,1781693585,2026-06-17T10:53:05Z,TVC:US10Y
,,,-2.009717314487617,,,-0.0450551926109434,4.437,,1781693762,2026-06-17T10:56:02Z,TVC:US10Y
,,,-2.009717314487617,,,-0.0450551926109434,4.437,,1781693948,2026-06-17T10:59:08Z,TVC:US10Y
,,,-2.009717314487617,,,-0.0450551926109434,4.437,,1781694116,2026-06-17T11:01:56Z,TVC:US10Y
,,,-2.009717314487617,,,-0.0450551926109434,4.437,,1781694295,2026-06-17T11:04:55Z,TVC:US10Y
,,,-2.0538869257950525,,,-0.0901103852219069,4.435,,1781694475,2026-06-17T11:07:55Z,TVC:US10Y
,,,-2.009717314487617,,,-0.0450551926109434,4.437,,1781694666,2026-06-17T11:11:06Z,TVC:US10Y
,,,-2.009717314487617,,,-0.0450551926109434,4.437,,1781694841,2026-06-17T11:14:01Z,TVC:US10Y
,,,-2.009717314487617,,,-0.0450551926109434,4.437,,1781695023,2026-06-17T11:17:03Z,TVC:US10Y
,,,-2.009717314487617,,,-0.0450551926109434,4.437,,1781695203,2026-06-17T11:20:03Z,TVC:US10Y
,,,-1.921378091872786,,,0.0450551926109434,4.441,,1781695375,2026-06-17T11:22:55Z,TVC:US10Y
,,,-1.921378091872786,,,0.0450551926109434,4.441,,1781695561,2026-06-17T11:26:01Z,TVC:US10Y
,,,-1.921378091872786,,,0.0450551926109434,4.441,,1781695740,2026-06-17T11:29:00Z,TVC:US10Y
,,,-2.009717314487617,,,-0.0450551926109434,4.437,,1781695925,2026-06-17T11:32:05Z,TVC:US10Y
,,,-1.921378091872786,,,0.0450551926109434,4.441,,1781696099,2026-06-17T11:34:59Z,TVC:US10Y
,,,-1.921378091872786,,,0.0450551926109434,4.441,,1781696285,2026-06-17T11:38:05Z,TVC:US10Y
,,,-1.921378091872786,,,0.0450551926109434,4.441,,1781696457,2026-06-17T11:40:57Z,TVC:US10Y
,,,-1.8330388692579351,,,0.1351655778328503,4.445,,1781696642,2026-06-17T11:44:02Z,TVC:US10Y
,,,-1.8772084805653704,,,0.0901103852218869,4.443,,1781696820,2026-06-17T11:47:00Z,TVC:US10Y
,,,-1.921378091872786,,,0.0450551926109434,4.441,,1781697001,2026-06-17T11:50:01Z,TVC:US10Y
,,,-1.8772084805653704,,,0.0901103852218869,4.443,,1781697187,2026-06-17T11:53:07Z,TVC:US10Y
,,,-1.8330388692579351,,,0.1351655778328503,4.445,,1781697360,2026-06-17T11:56:00Z,TVC:US10Y
,,,-1.744699646643104,,,0.2252759630547372,4.449,,1781697539,2026-06-17T11:58:59Z,TVC:US10Y
,,,-1.8330388692579351,,,0.1351655778328503,4.445,,1781697722,2026-06-17T12:02:02Z,TVC:US10Y
,,,-1.8330388692579351,,,0.1351655778328503,4.445,,1781697905,2026-06-17T12:05:05Z,TVC:US10Y
,,,-1.8330388692579351,,,0.1351655778328503,4.445,,1781698075,2026-06-17T12:07:55Z,TVC:US10Y
,,,-1.8772084805653704,,,0.0901103852218869,4.443,,1781698257,2026-06-17T12:10:57Z,TVC:US10Y
,,,-1.921378091872786,,,0.0450551926109434,4.441,,1781698441,2026-06-17T12:14:01Z,TVC:US10Y
,,,-1.8330388692579351,,,0.1351655778328503,4.445,,1781698626,2026-06-17T12:17:06Z,TVC:US10Y
,,,-1.8330388692579351,,,0.1351655778328503,4.445,,1781698808,2026-06-17T12:20:08Z,TVC:US10Y
,,,-1.921378091872786,,,0.0450551926109434,4.441,,1781698975,2026-06-17T12:22:55Z,TVC:US10Y
,,,-1.921378091872786,,,0.0450551926109434,4.441,,1781699156,2026-06-17T12:25:56Z,TVC:US10Y
,,,-1.921378091872786,,,0.0450551926109434,4.441,,1781699340,2026-06-17T12:29:00Z,TVC:US10Y
,,,-1.8330388692579351,,,0.1351655778328503,4.445,,1781699520,2026-06-17T12:32:00Z,TVC:US10Y
,,,-1.921378091872786,,,0.0450551926109434,4.441,,1781699701,2026-06-17T12:35:01Z,TVC:US10Y
,,,-2.009717314487617,,,-0.0450551926109434,4.437,,1781699888,2026-06-17T12:38:08Z,TVC:US10Y
,,,-2.009717314487617,,,-0.0450551926109434,4.437,,1781700062,2026-06-17T12:41:02Z,TVC:US10Y
,,,-2.0759717314487505,,,-0.1126379815273686,4.434,,1781700245,2026-06-17T12:44:05Z,TVC:US10Y
,,,-2.0759717314487505,,,-0.1126379815273686,4.434,,1781700423,2026-06-17T12:47:03Z,TVC:US10Y
,,,-2.0759717314487505,,,-0.1126379815273686,4.434,,1781700597,2026-06-17T12:49:57Z,TVC:US10Y
,,,-2.1201413427561664,,,-0.157693174138312,4.432,,1781700778,2026-06-17T12:52:58Z,TVC:US10Y
,,,-2.0759717314487505,,,-0.1126379815273686,4.434,,1781700958,2026-06-17T12:55:58Z,TVC:US10Y
,,,-2.0759717314487505,,,-0.1126379815273686,4.434,,1781701138,2026-06-17T12:58:58Z,TVC:US10Y
,,,-2.0759717314487505,,,-0.1126379815273686,4.434,,1781701312,2026-06-17T13:01:52Z,TVC:US10Y
,,,-2.0538869257950525,,,-0.0901103852219069,4.435,,1781701504,2026-06-17T13:05:04Z,TVC:US10Y
,,,-2.0759717314487505,,,-0.1126379815273686,4.434,,1781701687,2026-06-17T13:08:07Z,TVC:US10Y
,,,-2.0759717314487505,,,-0.1126379815273686,4.434,,1781701863,2026-06-17T13:11:03Z,TVC:US10Y
,,,-2.1201413427561664,,,-0.157693174138312,4.432,,1781702042,2026-06-17T13:14:02Z,TVC:US10Y
,,,-2.1643109540636014,,,-0.2027483667492755,4.43,,1781702222,2026-06-17T13:17:02Z,TVC:US10Y
,,,-2.1643109540636014,,,-0.2027483667492755,4.43,,1781702398,2026-06-17T13:19:58Z,TVC:US10Y
,,,-2.1201413427561664,,,-0.157693174138312,4.432,,1781702578,2026-06-17T13:22:58Z,TVC:US10Y
,,,-2.1201413427561664,,,-0.157693174138312,4.432,,1781702761,2026-06-17T13:26:01Z,TVC:US10Y
,,,-2.0759717314487505,,,-0.1126379815273686,4.434,,1781702939,2026-06-17T13:28:59Z,TVC:US10Y
,,,-2.0759717314487505,,,-0.1126379815273686,4.434,,1781703116,2026-06-17T13:31:56Z,TVC:US10Y
,,,-2.0759717314487505,,,-0.1126379815273686,4.434,,1781703300,2026-06-17T13:35:00Z,TVC:US10Y
,,,-2.0759717314487505,,,-0.1126379815273686,4.434,,1781703483,2026-06-17T13:38:03Z,TVC:US10Y
,,,-1.9655477031802016,,,0.0,4.439,,1781703661,2026-06-17T13:41:01Z,TVC:US10Y
,,,-2.009717314487617,,,-0.0450551926109434,4.437,,1781703843,2026-06-17T13:44:03Z,TVC:US10Y
,,,-2.0538869257950525,,,-0.0901103852219069,4.435,,1781704028,2026-06-17T13:47:08Z,TVC:US10Y
,,,-2.0759717314487505,,,-0.1126379815273686,4.434,,1781704199,2026-06-17T13:49:59Z,TVC:US10Y
,,,-2.0759717314487505,,,-0.1126379815273686,4.434,,1781704381,2026-06-17T13:53:01Z,TVC:US10Y
,,,-2.252650176678433,,,-0.2928587519711624,4.426,,1781704559,2026-06-17T13:55:59Z,TVC:US10Y
,,,-2.1643109540636014,,,-0.2027483667492755,4.43,,1781704740,2026-06-17T13:59:00Z,TVC:US10Y
,,,-2.1643109540636014,,,-0.2027483667492755,4.43,,1781704918,2026-06-17T14:01:58Z,TVC:US10Y
,,,-2.0759717314487505,,,-0.1126379815273686,4.434,,1781705090,2026-06-17T14:04:50Z,TVC:US10Y
,,,-2.1643109540636014,,,-0.2027483667492755,4.43,,1781705283,2026-06-17T14:08:03Z,TVC:US10Y
,,,-2.0759717314487505,,,-0.1126379815273686,4.434,,1781705467,2026-06-17T14:11:07Z,TVC:US10Y
,,,-2.009717314487617,,,-0.0450551926109434,4.437,,1781705644,2026-06-17T14:14:04Z,TVC:US10Y
,,,-2.009717314487617,,,-0.0450551926109434,4.437,,1781705819,2026-06-17T14:16:59Z,TVC:US10Y
,,,-2.0759717314487505,,,-0.1126379815273686,4.434,,1781706002,2026-06-17T14:20:02Z,TVC:US10Y
,,,-2.0759717314487505,,,-0.1126379815273686,4.434,,1781706179,2026-06-17T14:22:59Z,TVC:US10Y
,,,-2.1643109540636014,,,-0.2027483667492755,4.43,,1781706362,2026-06-17T14:26:02Z,TVC:US10Y
,,,-2.0759717314487505,,,-0.1126379815273686,4.434,,1781706542,2026-06-17T14:29:02Z,TVC:US10Y
,,,-2.0759717314487505,,,-0.1126379815273686,4.434,,1781706719,2026-06-17T14:31:59Z,TVC:US10Y
,,,-2.0759717314487505,,,-0.1126379815273686,4.434,,1781706904,2026-06-17T14:35:04Z,TVC:US10Y
,,,-2.0759717314487505,,,-0.1126379815273686,4.434,,1781707078,2026-06-17T14:37:58Z,TVC:US10Y
,,,-2.0538869257950525,,,-0.0901103852219069,4.435,,1781707254,2026-06-17T14:40:54Z,TVC:US10Y
,,,-2.009717314487617,,,-0.0450551926109434,4.437,,1781707439,2026-06-17T14:43:59Z,TVC:US10Y
,,,-2.009717314487617,,,-0.0450551926109434,4.437,,1781707619,2026-06-17T14:46:59Z,TVC:US10Y
,,,-1.921378091872786,,,0.0450551926109434,4.441,,1781707802,2026-06-17T14:50:02Z,TVC:US10Y
,,,-2.009717314487617,,,-0.0450551926109434,4.437,,1781707991,2026-06-17T14:53:11Z,TVC:US10Y
,,,-1.921378091872786,,,0.0450551926109434,4.441,,1781708158,2026-06-17T14:55:58Z,TVC:US10Y
,,,-1.921378091872786,,,0.0450551926109434,4.441,,1781708336,2026-06-17T14:58:56Z,TVC:US10Y
,,,-1.921378091872786,,,0.0450551926109434,4.441,,1781708520,2026-06-17T15:02:00Z,TVC:US10Y
,,,-1.921378091872786,,,0.0450551926109434,4.441,,1781708695,2026-06-17T15:04:55Z,TVC:US10Y
,,,-2.009717314487617,,,-0.0450551926109434,4.437,,1781708888,2026-06-17T15:08:08Z,TVC:US10Y
,,,-2.009717314487617,,,-0.0450551926109434,4.437,,1781709068,2026-06-17T15:11:08Z,TVC:US10Y
,,,-1.921378091872786,,,0.0450551926109434,4.441,,1781709246,2026-06-17T15:14:06Z,TVC:US10Y
,,,-2.009717314487617,,,-0.0450551926109434,4.437,,1781709425,2026-06-17T15:17:05Z,TVC:US10Y
,,,-2.1201413427561664,,,-0.157693174138312,4.432,,1781709591,2026-06-17T15:19:51Z,TVC:US10Y
,,,-2.0759717314487505,,,-0.1126379815273686,4.434,,1781709780,2026-06-17T15:23:00Z,TVC:US10Y
,,,-2.1643109540636014,,,-0.2027483667492755,4.43,,1781709967,2026-06-17T15:26:07Z,TVC:US10Y
,,,-2.1643109540636014,,,-0.2027483667492755,4.43,,1781710138,2026-06-17T15:28:58Z,TVC:US10Y
,,,-2.1643109540636014,,,-0.2027483667492755,4.43,,1781710319,2026-06-17T15:31:59Z,TVC:US10Y
,,,-2.1643109540636014,,,-0.2027483667492755,4.43,,1781710495,2026-06-17T15:34:55Z,TVC:US10Y
,,,-2.0759717314487505,,,-0.1126379815273686,4.434,,1781710680,2026-06-17T15:38:00Z,TVC:US10Y
,,,-2.0759717314487505,,,-0.1126379815273686,4.434,,1781710865,2026-06-17T15:41:05Z,TVC:US10Y
,,,-2.0759717314487505,,,-0.1126379815273686,4.434,,1781711041,2026-06-17T15:44:01Z,TVC:US10Y
,,,-2.0759717314487505,,,-0.1126379815273686,4.434,,1781711225,2026-06-17T15:47:05Z,TVC:US10Y
,,,-2.0759717314487505,,,-0.1126379815273686,4.434,,1781711401,2026-06-17T15:50:01Z,TVC:US10Y
,,,-2.009717314487617,,,-0.0450551926109434,4.437,,1781711582,2026-06-17T15:53:02Z,TVC:US10Y
,,,-2.0538869257950525,,,-0.0901103852219069,4.435,,1781711762,2026-06-17T15:56:02Z,TVC:US10Y
,,,-2.0538869257950525,,,-0.0901103852219069,4.435,,1781711942,2026-06-17T15:59:02Z,TVC:US10Y
,,,-2.0538869257950525,,,-0.0901103852219069,4.435,,1781712123,2026-06-17T16:02:03Z,TVC:US10Y
,,,-2.009717314487617,,,-0.0450551926109434,4.437,,1781712306,2026-06-17T16:05:06Z,TVC:US10Y
,,,-2.0759717314487505,,,-0.1126379815273686,4.434,,1781712476,2026-06-17T16:07:56Z,TVC:US10Y
,,,-2.0759717314487505,,,-0.1126379815273686,4.434,,1781712659,2026-06-17T16:10:59Z,TVC:US10Y
,,,-2.1201413427561664,,,-0.157693174138312,4.432,,1781712835,2026-06-17T16:13:55Z,TVC:US10Y
,,,-2.1201413427561664,,,-0.157693174138312,4.432,,1781713014,2026-06-17T16:16:54Z,TVC:US10Y
,,,-2.1201413427561664,,,-0.157693174138312,4.432,,1781713200,2026-06-17T16:20:00Z,TVC:US10Y
,,,-2.1643109540636014,,,-0.2027483667492755,4.43,,1781713381,2026-06-17T16:23:01Z,TVC:US10Y
,,,-2.252650176678433,,,-0.2928587519711624,4.426,,1781713560,2026-06-17T16:26:00Z,TVC:US10Y
,,,-2.1643109540636014,,,-0.2027483667492755,4.43,,1781713743,2026-06-17T16:29:03Z,TVC:US10Y
,,,-2.208480565371017,,,-0.247803559360219,4.428,,1781713919,2026-06-17T16:31:59Z,TVC:US10Y
,,,-2.1643109540636014,,,-0.2027483667492755,4.43,,1781714102,2026-06-17T16:35:02Z,TVC:US10Y
,,,-2.1643109540636014,,,-0.2027483667492755,4.43,,1781714281,2026-06-17T16:38:01Z,TVC:US10Y
,,,-2.208480565371017,,,-0.247803559360219,4.428,,1781714452,2026-06-17T16:40:52Z,TVC:US10Y
,,,-2.208480565371017,,,-0.247803559360219,4.428,,1781714639,2026-06-17T16:43:59Z,TVC:US10Y
,,,-2.208480565371017,,,-0.247803559360219,4.428,,1781714811,2026-06-17T16:46:51Z,TVC:US10Y
,,,-2.208480565371017,,,-0.247803559360219,4.428,,1781714998,2026-06-17T16:49:58Z,TVC:US10Y
,,,-2.1643109540636014,,,-0.2027483667492755,4.43,,1781715182,2026-06-17T16:53:02Z,TVC:US10Y
,,,-2.1643109540636014,,,-0.2027483667492755,4.43,,1781715362,2026-06-17T16:56:02Z,TVC:US10Y
,,,-2.1643109540636014,,,-0.2027483667492755,4.43,,1781715537,2026-06-17T16:58:57Z,TVC:US10Y
,,,-2.1643109540636014,,,-0.2027483667492755,4.43,,1781715730,2026-06-17T17:02:10Z,TVC:US10Y
,,,-2.1643109540636014,,,-0.2027483667492755,4.43,,1781715898,2026-06-17T17:04:58Z,TVC:US10Y
,,,-2.1643109540636014,,,-0.2027483667492755,4.43,,1781716077,2026-06-17T17:07:57Z,TVC:US10Y
,,,-2.1201413427561664,,,-0.157693174138312,4.432,,1781716264,2026-06-17T17:11:04Z,TVC:US10Y
,,,-2.0759717314487505,,,-0.1126379815273686,4.434,,1781716438,2026-06-17T17:13:58Z,TVC:US10Y
,,,-2.1201413427561664,,,-0.157693174138312,4.432,,1781716622,2026-06-17T17:17:02Z,TVC:US10Y
,,,-2.0759717314487505,,,-0.1126379815273686,4.434,,1781716801,2026-06-17T17:20:01Z,TVC:US10Y
,,,-2.1201413427561664,,,-0.157693174138312,4.432,,1781716986,2026-06-17T17:23:06Z,TVC:US10Y
,,,-2.0759717314487505,,,-0.1126379815273686,4.434,,1781717159,2026-06-17T17:25:59Z,TVC:US10Y
,,,-2.0759717314487505,,,-0.1126379815273686,4.434,,1781717338,2026-06-17T17:28:58Z,TVC:US10Y
,,,-2.0759717314487505,,,-0.1126379815273686,4.434,,1781717520,2026-06-17T17:32:00Z,TVC:US10Y
,,,-2.1643109540636014,,,-0.2027483667492755,4.43,,1781717706,2026-06-17T17:35:06Z,TVC:US10Y
,,,-2.0759717314487505,,,-0.1126379815273686,4.434,,1781717881,2026-06-17T17:38:01Z,TVC:US10Y
,,,-2.0759717314487505,,,-0.1126379815273686,4.434,,1781718058,2026-06-17T17:40:58Z,TVC:US10Y
,,,-2.1201413427561664,,,-0.157693174138312,4.432,,1781718246,2026-06-17T17:44:06Z,TVC:US10Y
,,,-2.1643109540636014,,,-0.2027483667492755,4.43,,1781718417,2026-06-17T17:46:57Z,TVC:US10Y
,,,-2.1643109540636014,,,-0.2027483667492755,4.43,,1781718601,2026-06-17T17:50:01Z,TVC:US10Y
,,,-2.208480565371017,,,-0.247803559360219,4.428,,1781718782,2026-06-17T17:53:02Z,TVC:US10Y
,,,-2.1643109540636014,,,-0.2027483667492755,4.43,,1781718952,2026-06-17T17:55:52Z,TVC:US10Y
,,,-2.1643109540636014,,,-0.2027483667492755,4.43,,1781719138,2026-06-17T17:58:58Z,TVC:US10Y
,,,-1.347173144876324,,,0.6307726965532683,4.467,,1781719330,2026-06-17T18:02:10Z,TVC:US10Y
,,,-1.258833922261473,,,0.7208830817751752,4.471,,1781719497,2026-06-17T18:04:57Z,TVC:US10Y
,,,-1.347173144876324,,,0.6307726965532683,4.467,,1781719679,2026-06-17T18:07:59Z,TVC:US10Y
,,,-1.3913427561837397,,,0.5857175039423248,4.465,,1781719852,2026-06-17T18:10:52Z,TVC:US10Y
,,,-1.4796819787985709,,,0.495607118720438,4.461,,1781720042,2026-06-17T18:14:02Z,TVC:US10Y
,,,-1.656360424028253,,,0.3153863482766442,4.453,,1781720221,2026-06-17T18:17:01Z,TVC:US10Y
,,,-1.656360424028253,,,0.3153863482766442,4.453,,1781720397,2026-06-17T18:19:57Z,TVC:US10Y
,,,-1.6121908127208373,,,0.3604415408875876,4.455,,1781720575,2026-06-17T18:22:55Z,TVC:US10Y
,,,-1.5680212014134218,,,0.4054967334985311,4.457,,1781720753,2026-06-17T18:25:53Z,TVC:US10Y
,,,-1.5680212014134218,,,0.4054967334985311,4.457,,1781720945,2026-06-17T18:29:05Z,TVC:US10Y
,,,-1.7005300353356885,,,0.2703311556656806,4.451,,1781721120,2026-06-17T18:32:00Z,TVC:US10Y
,,,-1.3913427561837397,,,0.5857175039423248,4.465,,1781721300,2026-06-17T18:35:00Z,TVC:US10Y
,,,-1.4796819787985709,,,0.495607118720438,4.461,,1781721485,2026-06-17T18:38:05Z,TVC:US10Y
,,,-1.656360424028253,,,0.3153863482766442,4.453,,1781721661,2026-06-17T18:41:01Z,TVC:US10Y
,,,-1.744699646643104,,,0.2252759630547372,4.449,,1781721843,2026-06-17T18:44:03Z,TVC:US10Y
,,,-1.921378091872786,,,0.0450551926109434,4.441,,1781722019,2026-06-17T18:46:59Z,TVC:US10Y
,,,-1.921378091872786,,,0.0450551926109434,4.441,,1781722197,2026-06-17T18:49:57Z,TVC:US10Y
,,,-1.921378091872786,,,0.0450551926109434,4.441,,1781722375,2026-06-17T18:52:55Z,TVC:US10Y
,,,-1.656360424028253,,,0.3153863482766442,4.453,,1781722556,2026-06-17T18:55:56Z,TVC:US10Y
,,,-1.3913427561837397,,,0.5857175039423248,4.465,,1781722733,2026-06-17T18:58:53Z,TVC:US10Y
,,,-1.3913427561837397,,,0.5857175039423248,4.465,,1781722930,2026-06-17T19:02:10Z,TVC:US10Y
,,,-1.3913427561837397,,,0.5857175039423248,4.465,,1781723094,2026-06-17T19:04:54Z,TVC:US10Y
,,,-1.3030035335688888,,,0.6758278891642318,4.469,,1781723271,2026-06-17T19:07:51Z,TVC:US10Y
,,,-1.1263250883392066,,,0.8560486596080256,4.477,,1781723459,2026-06-17T19:10:59Z,TVC:US10Y
,,,-1.3030035335688888,,,0.6758278891642318,4.469,,1781723639,2026-06-17T19:13:59Z,TVC:US10Y
,,,-1.3913427561837397,,,0.5857175039423248,4.465,,1781723829,2026-06-17T19:17:09Z,TVC:US10Y
,,,-1.3030035335688888,,,0.6758278891642318,4.469,,1781724001,2026-06-17T19:20:01Z,TVC:US10Y
,,,-1.0379858657243752,,,0.9461590448299124,4.481,,1781724187,2026-06-17T19:23:07Z,TVC:US10Y
,,,-0.9496466431095244,,,1.0362694300518194,4.485,,1781724356,2026-06-17T19:25:56Z,TVC:US10Y
,,,-0.9938162544169596,,,0.991214237440856,4.483,,1781724545,2026-06-17T19:29:05Z,TVC:US10Y
,,,-0.8613074204946931,,,1.1263798152737063,4.489,,1781724718,2026-06-17T19:31:58Z,TVC:US10Y
,,,-0.8613074204946931,,,1.1263798152737063,4.489,,1781724911,2026-06-17T19:35:11Z,TVC:US10Y
,,,-0.8613074204946931,,,1.1263798152737063,4.489,,1781725086,2026-06-17T19:38:06Z,TVC:US10Y
,,,-0.7729681978798423,,,1.216490200495613,4.493,,1781725256,2026-06-17T19:40:56Z,TVC:US10Y
,,,-0.8613074204946931,,,1.1263798152737063,4.489,,1781725442,2026-06-17T19:44:02Z,TVC:US10Y
,,,-0.8613074204946931,,,1.1263798152737063,4.489,,1781725624,2026-06-17T19:47:04Z,TVC:US10Y
,,,-0.684628975265011,,,1.3066005857175,4.497,,1781725797,2026-06-17T19:49:57Z,TVC:US10Y
,,,-0.684628975265011,,,1.3066005857175,4.497,,1781725981,2026-06-17T19:53:01Z,TVC:US10Y
,,,-0.7729681978798423,,,1.216490200495613,4.493,,1781726163,2026-06-17T19:56:03Z,TVC:US10Y
,,,-0.7287985865724266,,,1.2615453931065568,4.495,,1781726343,2026-06-17T19:59:03Z,TVC:US10Y
,,,-0.5962897526501602,,,1.396710970939407,4.501,,1781726517,2026-06-17T20:01:57Z,TVC:US10Y
,,,-0.7287985865724266,,,1.2615453931065568,4.495,,1781726691,2026-06-17T20:04:51Z,TVC:US10Y
,,,-0.7729681978798423,,,1.216490200495613,4.493,,1781726886,2026-06-17T20:08:06Z,TVC:US10Y
,,,-0.7729681978798423,,,1.216490200495613,4.493,,1781727063,2026-06-17T20:11:03Z,TVC:US10Y
,,,-0.7729681978798423,,,1.216490200495613,4.493,,1781727237,2026-06-17T20:13:57Z,TVC:US10Y
,,,-0.7287985865724266,,,1.2615453931065568,4.495,,1781727413,2026-06-17T20:16:53Z,TVC:US10Y
,,,-0.7729681978798423,,,1.216490200495613,4.493,,1781727603,2026-06-17T20:20:03Z,TVC:US10Y
,,,-0.7729681978798423,,,1.216490200495613,4.493,,1781727785,2026-06-17T20:23:05Z,TVC:US10Y
,,,-0.8171378091872775,,,1.1714350078846496,4.491,,1781727963,2026-06-17T20:26:03Z,TVC:US10Y
,,,-0.8613074204946931,,,1.1263798152737063,4.489,,1781728136,2026-06-17T20:28:56Z,TVC:US10Y
,,,-0.9496466431095244,,,1.0362694300518194,4.485,,1781728313,2026-06-17T20:31:53Z,TVC:US10Y
,,,-0.8613074204946931,,,1.1263798152737063,4.489,,1781728502,2026-06-17T20:35:02Z,TVC:US10Y
,,,-0.8613074204946931,,,1.1263798152737063,4.489,,1781728674,2026-06-17T20:37:54Z,TVC:US10Y
,,,-0.8613074204946931,,,1.1263798152737063,4.489,,1781728859,2026-06-17T20:40:59Z,TVC:US10Y
,,,-0.9054770318021088,,,1.0813246226627629,4.487,,1781729035,2026-06-17T20:43:55Z,TVC:US10Y
,,,-0.9496466431095244,,,1.0362694300518194,4.485,,1781729220,2026-06-17T20:47:00Z,TVC:US10Y
,,,-0.9496466431095244,,,1.0362694300518194,4.485,,1781729403,2026-06-17T20:50:03Z,TVC:US10Y
,,,-0.9496466431095244,,,1.0362694300518194,4.485,,1781729580,2026-06-17T20:53:00Z,TVC:US10Y
,,,-0.9496466431095244,,,1.0362694300518194,4.485,,1781729765,2026-06-17T20:56:05Z,TVC:US10Y
,,,-0.8613074204946931,,,1.1263798152737063,4.489,,1781729941,2026-06-17T20:59:01Z,TVC:US10Y
,,,-0.8171378091872775,,,1.1714350078846496,4.491,,1781730110,2026-06-17T21:01:50Z,TVC:US10Y
,,,-0.8171378091872775,,,1.1714350078846496,4.491,,1781730302,2026-06-17T21:05:02Z,TVC:US10Y
,,,-0.9054770318021088,,,1.0813246226627629,4.487,,1781730480,2026-06-17T21:08:00Z,TVC:US10Y
,,,-0.9054770318021088,,,1.0813246226627629,4.487,,1781730657,2026-06-17T21:10:57Z,TVC:US10Y
,,,-0.9054770318021088,,,1.0813246226627629,4.487,,1781730838,2026-06-17T21:13:58Z,TVC:US10Y
,,,-0.9054770318021088,,,1.0813246226627629,4.487,,1781731025,2026-06-17T21:17:05Z,TVC:US10Y
,,,-0.9054770318021088,,,1.0813246226627629,4.487,,1781731201,2026-06-17T21:20:01Z,TVC:US10Y
,,,-0.9054770318021088,,,1.0813246226627629,4.487,,1781731376,2026-06-17T21:22:56Z,TVC:US10Y
,,,-0.9054770318021088,,,1.0813246226627629,4.487,,1781731563,2026-06-17T21:26:03Z,TVC:US10Y
,,,-0.9054770318021088,,,1.0813246226627629,4.487,,1781731747,2026-06-17T21:29:07Z,TVC:US10Y
,,,-0.9054770318021088,,,1.0813246226627629,4.487,,1781731912,2026-06-17T21:31:52Z,TVC:US10Y
,,,-0.9054770318021088,,,1.0813246226627629,4.487,,1781732102,2026-06-17T21:35:02Z,TVC:US10Y
,,,-0.9054770318021088,,,1.0813246226627629,4.487,,1781732278,2026-06-17T21:37:58Z,TVC:US10Y
,,,-0.9054770318021088,,,1.0813246226627629,4.487,,1781732459,2026-06-17T21:40:59Z,TVC:US10Y
,,,-0.9054770318021088,,,1.0813246226627629,4.487,,1781732637,2026-06-17T21:43:57Z,TVC:US10Y
,,,-0.9054770318021088,,,1.0813246226627629,4.487,,1781732819,2026-06-17T21:46:59Z,TVC:US10Y
,,,-0.9054770318021088,,,1.0813246226627629,4.487,,1781732999,2026-06-17T21:49:59Z,TVC:US10Y
,,,-0.9054770318021088,,,1.0813246226627629,4.487,,1781733174,2026-06-17T21:52:54Z,TVC:US10Y
,,,-0.9054770318021088,,,1.0813246226627629,4.487,,1781733360,2026-06-17T21:56:00Z,TVC:US10Y
,,,-0.9054770318021088,,,1.0813246226627629,4.487,,1781733544,2026-06-17T21:59:04Z,TVC:US10Y
,,,-0.9054770318021088,,,1.0813246226627629,4.487,,1781733719,2026-06-17T22:01:59Z,TVC:US10Y
,,,-0.9054770318021088,,,1.0813246226627629,4.487,,1781733900,2026-06-17T22:05:00Z,TVC:US10Y
,,,-0.9054770318021088,,,1.0813246226627629,4.487,,1781734076,2026-06-17T22:07:56Z,TVC:US10Y
,,,-0.9054770318021088,,,1.0813246226627629,4.487,,1781734251,2026-06-17T22:10:51Z,TVC:US10Y
,,,-0.9054770318021088,,,1.0813246226627629,4.487,,1781734436,2026-06-17T22:13:56Z,TVC:US10Y
,,,-0.9054770318021088,,,1.0813246226627629,4.487,,1781734618,2026-06-17T22:16:58Z,TVC:US10Y
,,,-0.9054770318021088,,,1.0813246226627629,4.487,,1781734795,2026-06-17T22:19:55Z,TVC:US10Y
,,,-0.9054770318021088,,,1.0813246226627629,4.487,,1781734983,2026-06-17T22:23:03Z,TVC:US10Y
,,,-0.9054770318021088,,,1.0813246226627629,4.487,,1781735164,2026-06-17T22:26:04Z,TVC:US10Y
,,,-0.9054770318021088,,,1.0813246226627629,4.487,,1781735350,2026-06-17T22:29:10Z,TVC:US10Y
,,,-0.9054770318021088,,,1.0813246226627629,4.487,,1781735524,2026-06-17T22:32:04Z,TVC:US10Y
,,,-0.9054770318021088,,,1.0813246226627629,4.487,,1781735697,2026-06-17T22:34:57Z,TVC:US10Y
,,,-0.9054770318021088,,,1.0813246226627629,4.487,,1781735884,2026-06-17T22:38:04Z,TVC:US10Y
,,,-0.9054770318021088,,,1.0813246226627629,4.487,,1781736061,2026-06-17T22:41:01Z,TVC:US10Y
,,,-0.9054770318021088,,,1.0813246226627629,4.487,,1781736236,2026-06-17T22:43:56Z,TVC:US10Y
,,,-0.9054770318021088,,,1.0813246226627629,4.487,,1781736418,2026-06-17T22:46:58Z,TVC:US10Y
,,,-0.9054770318021088,,,1.0813246226627629,4.487,,1781736603,2026-06-17T22:50:03Z,TVC:US10Y
,,,-0.9054770318021088,,,1.0813246226627629,4.487,,1781736779,2026-06-17T22:52:59Z,TVC:US10Y
,,,-0.9054770318021088,,,1.0813246226627629,4.487,,1781736964,2026-06-17T22:56:04Z,TVC:US10Y
,,,-0.9054770318021088,,,1.0813246226627629,4.487,,1781737144,2026-06-17T22:59:04Z,TVC:US10Y
,,,-0.9054770318021088,,,1.0813246226627629,4.487,,1781737323,2026-06-17T23:02:03Z,TVC:US10Y
,,,-0.9054770318021088,,,1.0813246226627629,4.487,,1781737502,2026-06-17T23:05:02Z,TVC:US10Y
,,,-0.9054770318021088,,,1.0813246226627629,4.487,,1781737682,2026-06-17T23:08:02Z,TVC:US10Y
,,,-0.9054770318021088,,,1.0813246226627629,4.487,,1781737866,2026-06-17T23:11:06Z,TVC:US10Y
,,,-0.9054770318021088,,,1.0813246226627629,4.487,,1781738041,2026-06-17T23:14:01Z,TVC:US10Y
,,,-0.9054770318021088,,,1.0813246226627629,4.487,,1781738223,2026-06-17T23:17:03Z,TVC:US10Y
,,,-0.9054770318021088,,,1.0813246226627629,4.487,,1781738401,2026-06-17T23:20:01Z,TVC:US10Y
,,,-0.9054770318021088,,,1.0813246226627629,4.487,,1781738586,2026-06-17T23:23:06Z,TVC:US10Y
,,,-0.9054770318021088,,,1.0813246226627629,4.487,,1781738762,2026-06-17T23:26:02Z,TVC:US10Y
,,,-0.9054770318021088,,,1.0813246226627629,4.487,,1781738948,2026-06-17T23:29:08Z,TVC:US10Y
,,,-0.9054770318021088,,,1.0813246226627629,4.487,,1781739121,2026-06-17T23:32:01Z,TVC:US10Y
,,,-0.9054770318021088,,,1.0813246226627629,4.487,,1781739301,2026-06-17T23:35:01Z,TVC:US10Y
,,,-0.9054770318021088,,,1.0813246226627629,4.487,,1781739485,2026-06-17T23:38:05Z,TVC:US10Y
,,,-0.9054770318021088,,,1.0813246226627629,4.487,,1781739659,2026-06-17T23:40:59Z,TVC:US10Y
,,,-0.9054770318021088,,,1.0813246226627629,4.487,,1781739843,2026-06-17T23:44:03Z,TVC:US10Y
,,,-0.9054770318021088,,,1.0813246226627629,4.487,,1781740024,2026-06-17T23:47:04Z,TVC:US10Y
,,,-0.9054770318021088,,,1.0813246226627629,4.487,,1781740201,2026-06-17T23:50:01Z,TVC:US10Y
,,,-0.9054770318021088,,,1.0813246226627629,4.487,,1781740382,2026-06-17T23:53:02Z,TVC:US10Y
,,,-0.9054770318021088,,,1.0813246226627629,4.487,,1781740565,2026-06-17T23:56:05Z,TVC:US10Y
,,,-0.9054770318021088,,,1.0813246226627629,4.487,,1781740741,2026-06-17T23:59:01Z,TVC:US10Y
,,,-0.9054770318021088,,,1.0813246226627629,4.487,,1781740929,2026-06-18T00:02:09Z,TVC:US10Y
,,,-0.9054770318021088,,,1.0813246226627629,4.487,,1781741101,2026-06-18T00:05:01Z,TVC:US10Y
,,,-0.9054770318021088,,,1.0813246226627629,4.487,,1781741284,2026-06-18T00:08:04Z,TVC:US10Y
,,,-2.0796847635726743,,,-0.3120124804992252,4.473,,1781741458,2026-06-18T00:10:58Z,TVC:US10Y
,,,-2.0796847635726743,,,-0.3120124804992252,4.473,,1781741637,2026-06-18T00:13:57Z,TVC:US10Y
,,,-2.1672504378283564,,,-0.4011589034989925,4.469,,1781741820,2026-06-18T00:17:00Z,TVC:US10Y
,,,-2.1672504378283564,,,-0.4011589034989925,4.469,,1781742002,2026-06-18T00:20:02Z,TVC:US10Y
,,,-2.1672504378283564,,,-0.4011589034989925,4.469,,1781742176,2026-06-18T00:22:56Z,TVC:US10Y
,,,-2.123467600700516,,,-0.3565856919991088,4.471,,1781742352,2026-06-18T00:25:52Z,TVC:US10Y
,,,-2.1672504378283564,,,-0.4011589034989925,4.469,,1781742539,2026-06-18T00:28:59Z,TVC:US10Y
,,,-2.123467600700516,,,-0.3565856919991088,4.471,,1781742720,2026-06-18T00:32:00Z,TVC:US10Y
,,,-2.123467600700516,,,-0.3565856919991088,4.471,,1781742894,2026-06-18T00:34:54Z,TVC:US10Y
,,,-2.1672504378283564,,,-0.4011589034989925,4.469,,1781743081,2026-06-18T00:38:01Z,TVC:US10Y
,,,-2.1672504378283564,,,-0.4011589034989925,4.469,,1781743263,2026-06-18T00:41:03Z,TVC:US10Y
,,,-2.123467600700516,,,-0.3565856919991088,4.471,,1781743445,2026-06-18T00:44:05Z,TVC:US10Y
,,,-2.123467600700516,,,-0.3565856919991088,4.471,,1781743620,2026-06-18T00:47:00Z,TVC:US10Y
,,,-2.1672504378283564,,,-0.4011589034989925,4.469,,1781743797,2026-06-18T00:49:57Z,TVC:US10Y
,,,-2.1672504378283564,,,-0.4011589034989925,4.469,,1781743981,2026-06-18T00:53:01Z,TVC:US10Y
,,,-2.0796847635726743,,,-0.3120124804992252,4.473,,1781744162,2026-06-18T00:56:02Z,TVC:US10Y
,,,-2.1672504378283564,,,-0.4011589034989925,4.469,,1781744341,2026-06-18T00:59:01Z,TVC:US10Y
,,,-2.1672504378283564,,,-0.4011589034989925,4.469,,1781744518,2026-06-18T01:01:58Z,TVC:US10Y
,,,-2.1672504378283564,,,-0.4011589034989925,4.469,,1781744699,2026-06-18T01:04:59Z,TVC:US10Y
,,,-2.1672504378283564,,,-0.4011589034989925,4.469,,1781744882,2026-06-18T01:08:02Z,TVC:US10Y
,,,-2.1672504378283564,,,-0.4011589034989925,4.469,,1781745058,2026-06-18T01:10:58Z,TVC:US10Y
,,,-2.254816112084058,,,-0.4903053264987795,4.465,,1781745243,2026-06-18T01:14:03Z,TVC:US10Y
,,,-2.254816112084058,,,-0.4903053264987795,4.465,,1781745423,2026-06-18T01:17:03Z,TVC:US10Y
,,,-2.254816112084058,,,-0.4903053264987795,4.465,,1781745598,2026-06-18T01:19:58Z,TVC:US10Y
,,,-2.34238178633974,,,-0.5794517494985469,4.461,,1781745788,2026-06-18T01:23:08Z,TVC:US10Y
,,,-2.34238178633974,,,-0.5794517494985469,4.461,,1781745962,2026-06-18T01:26:02Z,TVC:US10Y
,,,-2.34238178633974,,,-0.5794517494985469,4.461,,1781746142,2026-06-18T01:29:02Z,TVC:US10Y
,,,-2.34238178633974,,,-0.5794517494985469,4.461,,1781746324,2026-06-18T01:32:04Z,TVC:US10Y
,,,-2.298598949211899,,,-0.5348785379986633,4.463,,1781746503,2026-06-18T01:35:03Z,TVC:US10Y
,,,-2.34238178633974,,,-0.5794517494985469,4.461,,1781746681,2026-06-18T01:38:01Z,TVC:US10Y
,,,-2.298598949211899,,,-0.5348785379986633,4.463,,1781746854,2026-06-18T01:40:54Z,TVC:US10Y
,,,-2.34238178633974,,,-0.5794517494985469,4.461,,1781747038,2026-06-18T01:43:58Z,TVC:US10Y
,,,-2.34238178633974,,,-0.5794517494985469,4.461,,1781747218,2026-06-18T01:46:58Z,TVC:US10Y
,,,-2.34238178633974,,,-0.5794517494985469,4.461,,1781747401,2026-06-18T01:50:01Z,TVC:US10Y
,,,-2.34238178633974,,,-0.5794517494985469,4.461,,1781747582,2026-06-18T01:53:02Z,TVC:US10Y
,,,-2.298598949211899,,,-0.5348785379986633,4.463,,1781747754,2026-06-18T01:55:54Z,TVC:US10Y
,,,-2.34238178633974,,,-0.5794517494985469,4.461,,1781747944,2026-06-18T01:59:04Z,TVC:US10Y
,,,-2.34238178633974,,,-0.5794517494985469,4.461,,1781748117,2026-06-18T02:01:57Z,TVC:US10Y
,,,-2.34238178633974,,,-0.5794517494985469,4.461,,1781748300,2026-06-18T02:05:00Z,TVC:US10Y
,,,-2.34238178633974,,,-0.5794517494985469,4.461,,1781748480,2026-06-18T02:08:00Z,TVC:US10Y
,,,-2.34238178633974,,,-0.5794517494985469,4.461,,1781748658,2026-06-18T02:10:58Z,TVC:US10Y
,,,-2.34238178633974,,,-0.5794517494985469,4.461,,1781748849,2026-06-18T02:14:09Z,TVC:US10Y
,,,-2.34238178633974,,,-0.5794517494985469,4.461,,1781749016,2026-06-18T02:16:56Z,TVC:US10Y
,,,-2.34238178633974,,,-0.5794517494985469,4.461,,1781749201,2026-06-18T02:20:01Z,TVC:US10Y
,,,-2.34238178633974,,,-0.5794517494985469,4.461,,1781749376,2026-06-18T02:22:56Z,TVC:US10Y
,,,-2.34238178633974,,,-0.5794517494985469,4.461,,1781749556,2026-06-18T02:25:56Z,TVC:US10Y
,,,-2.34238178633974,,,-0.5794517494985469,4.461,,1781749739,2026-06-18T02:28:59Z,TVC:US10Y
,,,-2.34238178633974,,,-0.5794517494985469,4.461,,1781749922,2026-06-18T02:32:02Z,TVC:US10Y
,,,-2.34238178633974,,,-0.5794517494985469,4.461,,1781750101,2026-06-18T02:35:01Z,TVC:US10Y
,,,-2.34238178633974,,,-0.5794517494985469,4.461,,1781750278,2026-06-18T02:37:58Z,TVC:US10Y
,,,-2.34238178633974,,,-0.5794517494985469,4.461,,1781750457,2026-06-18T02:40:57Z,TVC:US10Y
,,,-2.34238178633974,,,-0.5794517494985469,4.461,,1781750649,2026-06-18T02:44:09Z,TVC:US10Y
,,,-2.34238178633974,,,-0.5794517494985469,4.461,,1781750822,2026-06-18T02:47:02Z,TVC:US10Y
,,,-2.3861646234676006,,,-0.6240249609984504,4.459,,1781751001,2026-06-18T02:50:01Z,TVC:US10Y
,,,-2.34238178633974,,,-0.5794517494985469,4.461,,1781751182,2026-06-18T02:53:02Z,TVC:US10Y
,,,-2.3861646234676006,,,-0.6240249609984504,4.459,,1781751365,2026-06-18T02:56:05Z,TVC:US10Y
,,,-2.3861646234676006,,,-0.6240249609984504,4.459,,1781751540,2026-06-18T02:59:00Z,TVC:US10Y
,,,-2.34238178633974,,,-0.5794517494985469,4.461,,1781751724,2026-06-18T03:02:04Z,TVC:US10Y
,,,-2.3861646234676006,,,-0.6240249609984504,4.459,,1781751892,2026-06-18T03:04:52Z,TVC:US10Y
,,,-2.3861646234676006,,,-0.6240249609984504,4.459,,1781752079,2026-06-18T03:07:59Z,TVC:US10Y
,,,-2.3861646234676006,,,-0.6240249609984504,4.459,,1781752259,2026-06-18T03:10:59Z,TVC:US10Y
,,,-2.4299474605954416,,,-0.6685981724983341,4.457,,1781752443,2026-06-18T03:14:03Z,TVC:US10Y
,,,-2.4299474605954416,,,-0.6685981724983341,4.457,,1781752621,2026-06-18T03:17:01Z,TVC:US10Y
,,,-2.4299474605954416,,,-0.6685981724983341,4.457,,1781752802,2026-06-18T03:20:02Z,TVC:US10Y
,,,-2.517513134851124,,,-0.7577445954981012,4.453,,1781752981,2026-06-18T03:23:01Z,TVC:US10Y
,,,-2.4299474605954416,,,-0.6685981724983341,4.457,,1781753160,2026-06-18T03:26:00Z,TVC:US10Y
,,,-2.517513134851124,,,-0.7577445954981012,4.453,,1781753330,2026-06-18T03:28:50Z,TVC:US10Y
,,,-2.517513134851124,,,-0.7577445954981012,4.453,,1781753518,2026-06-18T03:31:58Z,TVC:US10Y
,,,-2.517513134851124,,,-0.7577445954981012,4.453,,1781753701,2026-06-18T03:35:01Z,TVC:US10Y
,,,-2.4299474605954416,,,-0.6685981724983341,4.457,,1781753881,2026-06-18T03:38:01Z,TVC:US10Y
,,,-2.4299474605954416,,,-0.6685981724983341,4.457,,1781754059,2026-06-18T03:40:59Z,TVC:US10Y
,,,-2.4299474605954416,,,-0.6685981724983341,4.457,,1781754238,2026-06-18T03:43:58Z,TVC:US10Y
,,,-2.4737302977232827,,,-0.7131713839982177,4.455,,1781754417,2026-06-18T03:46:57Z,TVC:US10Y
,,,-2.4737302977232827,,,-0.7131713839982177,4.455,,1781754598,2026-06-18T03:49:58Z,TVC:US10Y
,,,-2.517513134851124,,,-0.7577445954981012,4.453,,1781754784,2026-06-18T03:53:04Z,TVC:US10Y
,,,-2.517513134851124,,,-0.7577445954981012,4.453,,1781754962,2026-06-18T03:56:02Z,TVC:US10Y
,,,-2.517513134851124,,,-0.7577445954981012,4.453,,1781755144,2026-06-18T03:59:04Z,TVC:US10Y
,,,-2.517513134851124,,,-0.7577445954981012,4.453,,1781755322,2026-06-18T04:02:02Z,TVC:US10Y
,,,-2.517513134851124,,,-0.7577445954981012,4.453,,1781755496,2026-06-18T04:04:56Z,TVC:US10Y
,,,-2.517513134851124,,,-0.7577445954981012,4.453,,1781755679,2026-06-18T04:07:59Z,TVC:US10Y
,,,-2.517513134851124,,,-0.7577445954981012,4.453,,1781755859,2026-06-18T04:10:59Z,TVC:US10Y
,,,-2.517513134851124,,,-0.7577445954981012,4.453,,1781756052,2026-06-18T04:14:12Z,TVC:US10Y
,,,-2.517513134851124,,,-0.7577445954981012,4.453,,1781756224,2026-06-18T04:17:04Z,TVC:US10Y
,,,-2.517513134851124,,,-0.7577445954981012,4.453,,1781756401,2026-06-18T04:20:01Z,TVC:US10Y
,,,-2.517513134851124,,,-0.7577445954981012,4.453,,1781756589,2026-06-18T04:23:09Z,TVC:US10Y
,,,-2.517513134851124,,,-0.7577445954981012,4.453,,1781756755,2026-06-18T04:25:55Z,TVC:US10Y
,,,-2.517513134851124,,,-0.7577445954981012,4.453,,1781756935,2026-06-18T04:28:55Z,TVC:US10Y
,,,-2.517513134851124,,,-0.7577445954981012,4.453,,1781757126,2026-06-18T04:32:06Z,TVC:US10Y
,,,-2.517513134851124,,,-0.7577445954981012,4.453,,1781757300,2026-06-18T04:35:00Z,TVC:US10Y
,,,-2.517513134851124,,,-0.7577445954981012,4.453,,1781757480,2026-06-18T04:38:00Z,TVC:US10Y
,,,-2.6050788091068253,,,-0.8468910184978884,4.449,,1781757672,2026-06-18T04:41:12Z,TVC:US10Y
,,,-2.6050788091068253,,,-0.8468910184978884,4.449,,1781757843,2026-06-18T04:44:03Z,TVC:US10Y
,,,-2.6926444833625074,,,-0.9360374414976558,4.445,,1781758021,2026-06-18T04:47:01Z,TVC:US10Y
,,,-2.6926444833625074,,,-0.9360374414976558,4.445,,1781758196,2026-06-18T04:49:56Z,TVC:US10Y
,,,-2.6926444833625074,,,-0.9360374414976558,4.445,,1781758377,2026-06-18T04:52:57Z,TVC:US10Y
,,,-2.6926444833625074,,,-0.9360374414976558,4.445,,1781758563,2026-06-18T04:56:03Z,TVC:US10Y
,,,-2.6926444833625074,,,-0.9360374414976558,4.445,,1781758738,2026-06-18T04:58:58Z,TVC:US10Y
,,,-2.6488616462346664,,,-0.8914642299977722,4.447,,1781758923,2026-06-18T05:02:03Z,TVC:US10Y
,,,-2.6926444833625074,,,-0.9360374414976558,4.445,,1781759101,2026-06-18T05:05:01Z,TVC:US10Y
,,,-2.6926444833625074,,,-0.9360374414976558,4.445,,1781759286,2026-06-18T05:08:06Z,TVC:US10Y
,,,-2.6926444833625074,,,-0.9360374414976558,4.445,,1781759463,2026-06-18T05:11:03Z,TVC:US10Y
,,,-2.6926444833625074,,,-0.9360374414976558,4.445,,1781759638,2026-06-18T05:13:58Z,TVC:US10Y
,,,-2.6488616462346664,,,-0.8914642299977722,4.447,,1781759820,2026-06-18T05:17:00Z,TVC:US10Y
,,,-2.6488616462346664,,,-0.8914642299977722,4.447,,1781759997,2026-06-18T05:19:57Z,TVC:US10Y
,,,-2.6488616462346664,,,-0.8914642299977722,4.447,,1781760183,2026-06-18T05:23:03Z,TVC:US10Y
,,,-2.6926444833625074,,,-0.9360374414976558,4.445,,1781760353,2026-06-18T05:25:53Z,TVC:US10Y
,,,-2.6926444833625074,,,-0.9360374414976558,4.445,,1781760540,2026-06-18T05:29:00Z,TVC:US10Y
,,,-2.6926444833625074,,,-0.9360374414976558,4.445,,1781760716,2026-06-18T05:31:56Z,TVC:US10Y
,,,-2.6050788091068253,,,-0.8468910184978884,4.449,,1781760898,2026-06-18T05:34:58Z,TVC:US10Y
,,,-2.6050788091068253,,,-0.8468910184978884,4.449,,1781761084,2026-06-18T05:38:04Z,TVC:US10Y
,,,-2.6050788091068253,,,-0.8468910184978884,4.449,,1781761262,2026-06-18T05:41:02Z,TVC:US10Y
,,,-2.6050788091068253,,,-0.8468910184978884,4.449,,1781761441,2026-06-18T05:44:01Z,TVC:US10Y
,,,-2.6050788091068253,,,-0.8468910184978884,4.449,,1781761619,2026-06-18T05:46:59Z,TVC:US10Y
,,,-2.5612959719789843,,,-0.8023178069980048,4.451,,1781761799,2026-06-18T05:49:59Z,TVC:US10Y
,,,-2.517513134851124,,,-0.7577445954981012,4.453,,1781761985,2026-06-18T05:53:05Z,TVC:US10Y
,,,-2.517513134851124,,,-0.7577445954981012,4.453,,1781762156,2026-06-18T05:55:56Z,TVC:US10Y
,,,-2.517513134851124,,,-0.7577445954981012,4.453,,1781762343,2026-06-18T05:59:03Z,TVC:US10Y
,,,-2.4299474605954416,,,-0.6685981724983341,4.457,,1781762515,2026-06-18T06:01:55Z,TVC:US10Y
,,,-2.517513134851124,,,-0.7577445954981012,4.453,,1781762703,2026-06-18T06:05:03Z,TVC:US10Y
,,,-2.4737302977232827,,,-0.7131713839982177,4.455,,1781762877,2026-06-18T06:07:57Z,TVC:US10Y
,,,-2.4737302977232827,,,-0.7131713839982177,4.455,,1781763067,2026-06-18T06:11:07Z,TVC:US10Y
,,,-2.5612959719789843,,,-0.8023178069980048,4.451,,1781763235,2026-06-18T06:13:55Z,TVC:US10Y
,,,-2.517513134851124,,,-0.7577445954981012,4.453,,1781763423,2026-06-18T06:17:03Z,TVC:US10Y
,,,-2.517513134851124,,,-0.7577445954981012,4.453,,1781763605,2026-06-18T06:20:05Z,TVC:US10Y
,,,-2.5612959719789843,,,-0.8023178069980048,4.451,,1781763780,2026-06-18T06:23:00Z,TVC:US10Y
,,,-2.517513134851124,,,-0.7577445954981012,4.453,,1781763961,2026-06-18T06:26:01Z,TVC:US10Y
,,,-2.517513134851124,,,-0.7577445954981012,4.453,,1781764142,2026-06-18T06:29:02Z,TVC:US10Y
,,,-2.517513134851124,,,-0.7577445954981012,4.453,,1781764324,2026-06-18T06:32:04Z,TVC:US10Y
,,,-2.517513134851124,,,-0.7577445954981012,4.453,,1781764505,2026-06-18T06:35:05Z,TVC:US10Y
,,,-2.4737302977232827,,,-0.7131713839982177,4.455,,1781764683,2026-06-18T06:38:03Z,TVC:US10Y
,,,-2.4299474605954416,,,-0.6685981724983341,4.457,,1781764854,2026-06-18T06:40:54Z,TVC:US10Y
,,,-2.4299474605954416,,,-0.6685981724983341,4.457,,1781765038,2026-06-18T06:43:58Z,TVC:US10Y
,,,-2.4737302977232827,,,-0.7131713839982177,4.455,,1781765219,2026-06-18T06:46:59Z,TVC:US10Y
,,,-2.517513134851124,,,-0.7577445954981012,4.453,,1781765394,2026-06-18T06:49:54Z,TVC:US10Y
,,,-2.517513134851124,,,-0.7577445954981012,4.453,,1781765581,2026-06-18T06:53:01Z,TVC:US10Y
,,,-2.4737302977232827,,,-0.7131713839982177,4.455,,1781765761,2026-06-18T06:56:01Z,TVC:US10Y
,,,-2.517513134851124,,,-0.7577445954981012,4.453,,1781765942,2026-06-18T06:59:02Z,TVC:US10Y
,,,-2.6050788091068253,,,-0.8468910184978884,4.449,,1781766123,2026-06-18T07:02:03Z,TVC:US10Y
,,,-2.6050788091068253,,,-0.8468910184978884,4.449,,1781766302,2026-06-18T07:05:02Z,TVC:US10Y
,,,-2.6926444833625074,,,-0.9360374414976558,4.445,,1781766482,2026-06-18T07:08:02Z,TVC:US10Y
,,,-2.6926444833625074,,,-0.9360374414976558,4.445,,1781766670,2026-06-18T07:11:10Z,TVC:US10Y
,,,-2.736427320490368,,,-0.9806106529975592,4.443,,1781766844,2026-06-18T07:14:04Z,TVC:US10Y
,,,-2.6926444833625074,,,-0.9360374414976558,4.445,,1781767027,2026-06-18T07:17:07Z,TVC:US10Y
,,,-2.6926444833625074,,,-0.9360374414976558,4.445,,1781767195,2026-06-18T07:19:55Z,TVC:US10Y
,,,-2.6488616462346664,,,-0.8914642299977722,4.447,,1781767380,2026-06-18T07:23:00Z,TVC:US10Y
,,,-2.6926444833625074,,,-0.9360374414976558,4.445,,1781767564,2026-06-18T07:26:04Z,TVC:US10Y
,,,-2.780210157618209,,,-1.025183864497443,4.441,,1781767743,2026-06-18T07:29:03Z,TVC:US10Y
,,,-2.780210157618209,,,-1.025183864497443,4.441,,1781767913,2026-06-18T07:31:53Z,TVC:US10Y
,,,-2.6926444833625074,,,-0.9360374414976558,4.445,,1781768100,2026-06-18T07:35:00Z,TVC:US10Y
,,,-2.736427320490368,,,-0.9806106529975592,4.443,,1781768278,2026-06-18T07:37:58Z,TVC:US10Y
,,,-2.780210157618209,,,-1.025183864497443,4.441,,1781768458,2026-06-18T07:40:58Z,TVC:US10Y
,,,-2.780210157618209,,,-1.025183864497443,4.441,,1781768647,2026-06-18T07:44:07Z,TVC:US10Y
,,,-2.780210157618209,,,-1.025183864497443,4.441,,1781768815,2026-06-18T07:46:55Z,TVC:US10Y
,,,-2.780210157618209,,,-1.025183864497443,4.441,,1781769001,2026-06-18T07:50:01Z,TVC:US10Y
,,,-2.780210157618209,,,-1.025183864497443,4.441,,1781769175,2026-06-18T07:52:55Z,TVC:US10Y
,,,-2.6926444833625074,,,-0.9360374414976558,4.445,,1781769360,2026-06-18T07:56:00Z,TVC:US10Y
,,,-2.6488616462346664,,,-0.8914642299977722,4.447,,1781769541,2026-06-18T07:59:01Z,TVC:US10Y
,,,-2.6926444833625074,,,-0.9360374414976558,4.445,,1781769722,2026-06-18T08:02:02Z,TVC:US10Y
,,,-2.6926444833625074,,,-0.9360374414976558,4.445,,1781769898,2026-06-18T08:04:58Z,TVC:US10Y
,,,-2.6926444833625074,,,-0.9360374414976558,4.445,,1781770079,2026-06-18T08:07:59Z,TVC:US10Y
,,,-2.6926444833625074,,,-0.9360374414976558,4.445,,1781770261,2026-06-18T08:11:01Z,TVC:US10Y
,,,-2.6050788091068253,,,-0.8468910184978884,4.449,,1781770442,2026-06-18T08:14:02Z,TVC:US10Y
,,,-2.6050788091068253,,,-0.8468910184978884,4.449,,1781770618,2026-06-18T08:16:58Z,TVC:US10Y
,,,-2.6488616462346664,,,-0.8914642299977722,4.447,,1781770802,2026-06-18T08:20:02Z,TVC:US10Y
,,,-2.6488616462346664,,,-0.8914642299977722,4.447,,1781770971,2026-06-18T08:22:51Z,TVC:US10Y
,,,-2.6488616462346664,,,-0.8914642299977722,4.447,,1781771161,2026-06-18T08:26:01Z,TVC:US10Y
,,,-2.6050788091068253,,,-0.8468910184978884,4.449,,1781771340,2026-06-18T08:29:00Z,TVC:US10Y
,,,-2.6050788091068253,,,-0.8468910184978884,4.449,,1781771519,2026-06-18T08:31:59Z,TVC:US10Y
,,,-2.6050788091068253,,,-0.8468910184978884,4.449,,1781771694,2026-06-18T08:34:54Z,TVC:US10Y
,,,-2.6050788091068253,,,-0.8468910184978884,4.449,,1781771881,2026-06-18T08:38:01Z,TVC:US10Y
,,,-2.6926444833625074,,,-0.9360374414976558,4.445,,1781772065,2026-06-18T08:41:05Z,TVC:US10Y
,,,-2.6050788091068253,,,-0.8468910184978884,4.449,,1781772240,2026-06-18T08:44:00Z,TVC:US10Y
,,,-2.5612959719789843,,,-0.8023178069980048,4.451,,1781772426,2026-06-18T08:47:06Z,TVC:US10Y
,,,-2.6050788091068253,,,-0.8468910184978884,4.449,,1781772601,2026-06-18T08:50:01Z,TVC:US10Y
,,,-2.6050788091068253,,,-0.8468910184978884,4.449,,1781772777,2026-06-18T08:52:57Z,TVC:US10Y
,,,-2.6050788091068253,,,-0.8468910184978884,4.449,,1781772955,2026-06-18T08:55:55Z,TVC:US10Y
,,,-2.6050788091068253,,,-0.8468910184978884,4.449,,1781773141,2026-06-18T08:59:01Z,TVC:US10Y
,,,-2.6050788091068253,,,-0.8468910184978884,4.449,,1781773325,2026-06-18T09:02:05Z,TVC:US10Y
,,,-2.6050788091068253,,,-0.8468910184978884,4.449,,1781773500,2026-06-18T09:05:00Z,TVC:US10Y
,,,-2.6050788091068253,,,-0.8468910184978884,4.449,,1781773678,2026-06-18T09:07:58Z,TVC:US10Y
,,,-2.5612959719789843,,,-0.8023178069980048,4.451,,1781773858,2026-06-18T09:10:58Z,TVC:US10Y
,,,-2.6050788091068253,,,-0.8468910184978884,4.449,,1781774042,2026-06-18T09:14:02Z,TVC:US10Y
,,,-2.6050788091068253,,,-0.8468910184978884,4.449,,1781774223,2026-06-18T09:17:03Z,TVC:US10Y
,,,-2.6050788091068253,,,-0.8468910184978884,4.449,,1781774399,2026-06-18T09:19:59Z,TVC:US10Y
,,,-2.6488616462346664,,,-0.8914642299977722,4.447,,1781774584,2026-06-18T09:23:04Z,TVC:US10Y
,,,-2.6926444833625074,,,-0.9360374414976558,4.445,,1781774760,2026-06-18T09:26:00Z,TVC:US10Y
,,,-2.6926444833625074,,,-0.9360374414976558,4.445,,1781774936,2026-06-18T09:28:56Z,TVC:US10Y
,,,-2.6050788091068253,,,-0.8468910184978884,4.449,,1781775127,2026-06-18T09:32:07Z,TVC:US10Y
,,,-2.6050788091068253,,,-0.8468910184978884,4.449,,1781775295,2026-06-18T09:34:55Z,TVC:US10Y
,,,-2.6050788091068253,,,-0.8468910184978884,4.449,,1781775484,2026-06-18T09:38:04Z,TVC:US10Y
,,,-2.5612959719789843,,,-0.8023178069980048,4.451,,1781775653,2026-06-18T09:40:53Z,TVC:US10Y
,,,-2.6050788091068253,,,-0.8468910184978884,4.449,,1781775840,2026-06-18T09:44:00Z,TVC:US10Y
,,,-2.517513134851124,,,-0.7577445954981012,4.453,,1781776017,2026-06-18T09:46:57Z,TVC:US10Y
,,,-2.4299474605954416,,,-0.6685981724983341,4.457,,1781776205,2026-06-18T09:50:05Z,TVC:US10Y
,,,-2.4737302977232827,,,-0.7131713839982177,4.455,,1781776381,2026-06-18T09:53:01Z,TVC:US10Y
,,,-2.4299474605954416,,,-0.6685981724983341,4.457,,1781776567,2026-06-18T09:56:07Z,TVC:US10Y
,,,-2.4737302977232827,,,-0.7131713839982177,4.455,,1781776741,2026-06-18T09:59:01Z,TVC:US10Y
,,,-2.3861646234676006,,,-0.6240249609984504,4.459,,1781776918,2026-06-18T10:01:58Z,TVC:US10Y
,,,-2.4299474605954416,,,-0.6685981724983341,4.457,,1781777098,2026-06-18T10:04:58Z,TVC:US10Y
,,,-2.4299474605954416,,,-0.6685981724983341,4.457,,1781777283,2026-06-18T10:08:03Z,TVC:US10Y
,,,-2.3861646234676006,,,-0.6240249609984504,4.459,,1781777455,2026-06-18T10:10:55Z,TVC:US10Y
,,,-2.4299474605954416,,,-0.6685981724983341,4.457,,1781777666,2026-06-18T10:14:26Z,TVC:US10Y
,,,-2.4299474605954416,,,-0.6685981724983341,4.457,,1781777815,2026-06-18T10:16:55Z,TVC:US10Y
,,,-2.4299474605954416,,,-0.6685981724983341,4.457,,1781778001,2026-06-18T10:20:01Z,TVC:US10Y
,,,-2.4299474605954416,,,-0.6685981724983341,4.457,,1781778182,2026-06-18T10:23:02Z,TVC:US10Y
,,,-2.4299474605954416,,,-0.6685981724983341,4.457,,1781778359,2026-06-18T10:25:59Z,TVC:US10Y
,,,-2.4299474605954416,,,-0.6685981724983341,4.457,,1781778540,2026-06-18T10:29:00Z,TVC:US10Y
,,,-2.4299474605954416,,,-0.6685981724983341,4.457,,1781778715,2026-06-18T10:31:55Z,TVC:US10Y
,,,-2.4299474605954416,,,-0.6685981724983341,4.457,,1781778905,2026-06-18T10:35:05Z,TVC:US10Y
,,,-2.4299474605954416,,,-0.6685981724983341,4.457,,1781779080,2026-06-18T10:38:00Z,TVC:US10Y
,,,-2.4299474605954416,,,-0.6685981724983341,4.457,,1781779259,2026-06-18T10:40:59Z,TVC:US10Y
,,,-2.3861646234676006,,,-0.6240249609984504,4.459,,1781779442,2026-06-18T10:44:02Z,TVC:US10Y
,,,-2.34238178633974,,,-0.5794517494985469,4.461,,1781779623,2026-06-18T10:47:03Z,TVC:US10Y
,,,-2.34238178633974,,,-0.5794517494985469,4.461,,1781779797,2026-06-18T10:49:57Z,TVC:US10Y
,,,-2.34238178633974,,,-0.5794517494985469,4.461,,1781779981,2026-06-18T10:53:01Z,TVC:US10Y
,,,-2.34238178633974,,,-0.5794517494985469,4.461,,1781780161,2026-06-18T10:56:01Z,TVC:US10Y
,,,-2.34238178633974,,,-0.5794517494985469,4.461,,1781780337,2026-06-18T10:58:57Z,TVC:US10Y
,,,-2.34238178633974,,,-0.5794517494985469,4.461,,1781780529,2026-06-18T11:02:09Z,TVC:US10Y
,,,-2.4299474605954416,,,-0.6685981724983341,4.457,,1781780699,2026-06-18T11:04:59Z,TVC:US10Y
,,,-2.34238178633974,,,-0.5794517494985469,4.461,,1781780883,2026-06-18T11:08:03Z,TVC:US10Y
,,,-2.254816112084058,,,-0.4903053264987795,4.465,,1781781062,2026-06-18T11:11:02Z,TVC:US10Y
,,,-2.298598949211899,,,-0.5348785379986633,4.463,,1781781242,2026-06-18T11:14:02Z,TVC:US10Y
,,,-2.254816112084058,,,-0.4903053264987795,4.465,,1781781418,2026-06-18T11:16:58Z,TVC:US10Y
,,,-2.298598949211899,,,-0.5348785379986633,4.463,,1781781601,2026-06-18T11:20:01Z,TVC:US10Y
,,,-2.34238178633974,,,-0.5794517494985469,4.461,,1781781783,2026-06-18T11:23:03Z,TVC:US10Y
,,,-2.34238178633974,,,-0.5794517494985469,4.461,,1781781962,2026-06-18T11:26:02Z,TVC:US10Y
,,,-2.34238178633974,,,-0.5794517494985469,4.461,,1781782142,2026-06-18T11:29:02Z,TVC:US10Y
,,,-2.4299474605954416,,,-0.6685981724983341,4.457,,1781782321,2026-06-18T11:32:01Z,TVC:US10Y
,,,-2.4299474605954416,,,-0.6685981724983341,4.457,,1781782499,2026-06-18T11:34:59Z,TVC:US10Y
,,,-2.4299474605954416,,,-0.6685981724983341,4.457,,1781782683,2026-06-18T11:38:03Z,TVC:US10Y
,,,-2.4299474605954416,,,-0.6685981724983341,4.457,,1781782860,2026-06-18T11:41:00Z,TVC:US10Y
,,,-2.34238178633974,,,-0.5794517494985469,4.461,,1781783036,2026-06-18T11:43:56Z,TVC:US10Y
,,,-2.3861646234676006,,,-0.6240249609984504,4.459,,1781783218,2026-06-18T11:46:58Z,TVC:US10Y
,,,-2.4299474605954416,,,-0.6685981724983341,4.457,,1781783404,2026-06-18T11:50:04Z,TVC:US10Y
,,,-2.4299474605954416,,,-0.6685981724983341,4.457,,1781783578,2026-06-18T11:52:58Z,TVC:US10Y
,,,-2.4299474605954416,,,-0.6685981724983341,4.457,,1781783768,2026-06-18T11:56:08Z,TVC:US10Y
,,,-2.3861646234676006,,,-0.6240249609984504,4.459,,1781783938,2026-06-18T11:58:58Z,TVC:US10Y
,,,-2.3861646234676006,,,-0.6240249609984504,4.459,,1781784120,2026-06-18T12:02:00Z,TVC:US10Y
,,,-2.4299474605954416,,,-0.6685981724983341,4.457,,1781784300,2026-06-18T12:05:00Z,TVC:US10Y
,,,-2.4299474605954416,,,-0.6685981724983341,4.457,,1781784481,2026-06-18T12:08:01Z,TVC:US10Y
,,,-2.517513134851124,,,-0.7577445954981012,4.453,,1781784663,2026-06-18T12:11:03Z,TVC:US10Y
,,,-2.5612959719789843,,,-0.8023178069980048,4.451,,1781784843,2026-06-18T12:14:03Z,TVC:US10Y
,,,-2.517513134851124,,,-0.7577445954981012,4.453,,1781785022,2026-06-18T12:17:02Z,TVC:US10Y
,,,-2.517513134851124,,,-0.7577445954981012,4.453,,1781785198,2026-06-18T12:19:58Z,TVC:US10Y
,,,-2.6050788091068253,,,-0.8468910184978884,4.449,,1781785380,2026-06-18T12:23:00Z,TVC:US10Y
,,,-2.780210157618209,,,-1.025183864497443,4.441,,1781785560,2026-06-18T12:26:00Z,TVC:US10Y
,,,-2.6926444833625074,,,-0.9360374414976558,4.445,,1781785744,2026-06-18T12:29:04Z,TVC:US10Y
,,,-2.780210157618209,,,-1.025183864497443,4.441,,1781785916,2026-06-18T12:31:56Z,TVC:US10Y
,,,-2.6926444833625074,,,-0.9360374414976558,4.445,,1781786105,2026-06-18T12:35:05Z,TVC:US10Y
,,,-2.780210157618209,,,-1.025183864497443,4.441,,1781786287,2026-06-18T12:38:07Z,TVC:US10Y
,,,-2.780210157618209,,,-1.025183864497443,4.441,,1781786464,2026-06-18T12:41:04Z,TVC:US10Y
,,,-2.82399299474605,,,-1.0697570759973265,4.439,,1781786642,2026-06-18T12:44:02Z,TVC:US10Y
,,,-2.780210157618209,,,-1.025183864497443,4.441,,1781786826,2026-06-18T12:47:06Z,TVC:US10Y
,,,-2.867775831873891,,,-1.1143302874972103,4.437,,1781786997,2026-06-18T12:49:57Z,TVC:US10Y
,,,-2.82399299474605,,,-1.0697570759973265,4.439,,1781787174,2026-06-18T12:52:54Z,TVC:US10Y
,,,-2.780210157618209,,,-1.025183864497443,4.441,,1781787361,2026-06-18T12:56:01Z,TVC:US10Y
,,,-2.6926444833625074,,,-0.9360374414976558,4.445,,1781787540,2026-06-18T12:59:00Z,TVC:US10Y
,,,-2.6926444833625074,,,-0.9360374414976558,4.445,,1781787723,2026-06-18T13:02:03Z,TVC:US10Y
,,,-2.6926444833625074,,,-0.9360374414976558,4.445,,1781787901,2026-06-18T13:05:01Z,TVC:US10Y
,,,-2.6926444833625074,,,-0.9360374414976558,4.445,,1781788077,2026-06-18T13:07:57Z,TVC:US10Y
,,,-2.6926444833625074,,,-0.9360374414976558,4.445,,1781788261,2026-06-18T13:11:01Z,TVC:US10Y
,,,-2.6926444833625074,,,-0.9360374414976558,4.445,,1781788444,2026-06-18T13:14:04Z,TVC:US10Y
,,,-2.6926444833625074,,,-0.9360374414976558,4.445,,1781788620,2026-06-18T13:17:00Z,TVC:US10Y
,,,-2.6926444833625074,,,-0.9360374414976558,4.445,,1781788803,2026-06-18T13:20:03Z,TVC:US10Y
,,,-2.6926444833625074,,,-0.9360374414976558,4.445,,1781788984,2026-06-18T13:23:04Z,TVC:US10Y
,,,-2.6926444833625074,,,-0.9360374414976558,4.445,,1781789160,2026-06-18T13:26:00Z,TVC:US10Y
,,,-2.82399299474605,,,-1.0697570759973265,4.439,,1781789341,2026-06-18T13:29:01Z,TVC:US10Y
,,,-3.021015761821364,,,-1.2703365277468328,4.43,,1781789520,2026-06-18T13:32:00Z,TVC:US10Y
,,,-2.9334500875656624,,,-1.1811901047470457,4.434,,1781789706,2026-06-18T13:35:06Z,TVC:US10Y
,,,-3.021015761821364,,,-1.2703365277468328,4.43,,1781789885,2026-06-18T13:38:05Z,TVC:US10Y
,,,-2.9772329246935034,,,-1.2257633162469292,4.432,,1781790054,2026-06-18T13:40:54Z,TVC:US10Y
,,,-3.021015761821364,,,-1.2703365277468328,4.43,,1781790237,2026-06-18T13:43:57Z,TVC:US10Y
,,,-3.021015761821364,,,-1.2703365277468328,4.43,,1781790422,2026-06-18T13:47:02Z,TVC:US10Y
,,,-2.9772329246935034,,,-1.2257633162469292,4.432,,1781790603,2026-06-18T13:50:03Z,TVC:US10Y
,,,-3.021015761821364,,,-1.2703365277468328,4.43,,1781790783,2026-06-18T13:53:03Z,TVC:US10Y
,,,-2.9334500875656624,,,-1.1811901047470457,4.434,,1781790967,2026-06-18T13:56:07Z,TVC:US10Y
,,,-2.9334500875656624,,,-1.1811901047470457,4.434,,1781791137,2026-06-18T13:58:57Z,TVC:US10Y
,,,-2.9334500875656624,,,-1.1811901047470457,4.434,,1781791322,2026-06-18T14:02:02Z,TVC:US10Y
,,,-2.867775831873891,,,-1.1143302874972103,4.437,,1781791504,2026-06-18T14:05:04Z,TVC:US10Y
,,,-2.867775831873891,,,-1.1143302874972103,4.437,,1781791685,2026-06-18T14:08:05Z,TVC:US10Y
,,,-2.867775831873891,,,-1.1143302874972103,4.437,,1781791857,2026-06-18T14:10:57Z,TVC:US10Y
,,,-2.9334500875656624,,,-1.1811901047470457,4.434,,1781792044,2026-06-18T14:14:04Z,TVC:US10Y
,,,-2.9334500875656624,,,-1.1811901047470457,4.434,,1781792223,2026-06-18T14:17:03Z,TVC:US10Y
,,,-3.021015761821364,,,-1.2703365277468328,4.43,,1781792400,2026-06-18T14:20:00Z,TVC:US10Y
,,,-2.9772329246935034,,,-1.2257633162469292,4.432,,1781792582,2026-06-18T14:23:02Z,TVC:US10Y
,,,-3.021015761821364,,,-1.2703365277468328,4.43,,1781792761,2026-06-18T14:26:01Z,TVC:US10Y
,,,-3.021015761821364,,,-1.2703365277468328,4.43,,1781792938,2026-06-18T14:28:58Z,TVC:US10Y
,,,-3.021015761821364,,,-1.2703365277468328,4.43,,1781793121,2026-06-18T14:32:01Z,TVC:US10Y
,,,-3.021015761821364,,,-1.2703365277468328,4.43,,1781793296,2026-06-18T14:34:56Z,TVC:US10Y
,,,-3.064798598949205,,,-1.3149097392467164,4.428,,1781793479,2026-06-18T14:37:59Z,TVC:US10Y
,,,-3.064798598949205,,,-1.3149097392467164,4.428,,1781793665,2026-06-18T14:41:05Z,TVC:US10Y
,,,-3.021015761821364,,,-1.2703365277468328,4.43,,1781793849,2026-06-18T14:44:09Z,TVC:US10Y
,,,-3.064798598949205,,,-1.3149097392467164,4.428,,1781794022,2026-06-18T14:47:02Z,TVC:US10Y
,,,-3.021015761821364,,,-1.2703365277468328,4.43,,1781794201,2026-06-18T14:50:01Z,TVC:US10Y
,,,-3.021015761821364,,,-1.2703365277468328,4.43,,1781794388,2026-06-18T14:53:08Z,TVC:US10Y
,,,-3.021015761821364,,,-1.2703365277468328,4.43,,1781794554,2026-06-18T14:55:54Z,TVC:US10Y
,,,-3.021015761821364,,,-1.2703365277468328,4.43,,1781794736,2026-06-18T14:58:56Z,TVC:US10Y
,,,-3.021015761821364,,,-1.2703365277468328,4.43,,1781794924,2026-06-18T15:02:04Z,TVC:US10Y
,,,-3.021015761821364,,,-1.2703365277468328,4.43,,1781795102,2026-06-18T15:05:02Z,TVC:US10Y
,,,-3.108581436077046,,,-1.3594829507466,4.426,,1781795276,2026-06-18T15:07:56Z,TVC:US10Y
,,,-3.152364273204887,,,-1.4040561622464836,4.424,,1781795463,2026-06-18T15:11:03Z,TVC:US10Y
,,,-3.196147110332748,,,-1.4486293737463871,4.422,,1781795634,2026-06-18T15:13:54Z,TVC:US10Y
,,,-3.196147110332748,,,-1.4486293737463871,4.422,,1781795823,2026-06-18T15:17:03Z,TVC:US10Y
,,,-3.196147110332748,,,-1.4486293737463871,4.422,,1781796004,2026-06-18T15:20:04Z,TVC:US10Y
,,,-3.196147110332748,,,-1.4486293737463871,4.422,,1781796187,2026-06-18T15:23:07Z,TVC:US10Y
,,,-3.196147110332748,,,-1.4486293737463871,4.422,,1781796354,2026-06-18T15:25:54Z,TVC:US10Y
,,,-3.196147110332748,,,-1.4486293737463871,4.422,,1781796541,2026-06-18T15:29:01Z,TVC:US10Y
,,,-3.196147110332748,,,-1.4486293737463871,4.422,,1781796726,2026-06-18T15:32:06Z,TVC:US10Y
,,,-2.9334500875656624,,,-1.1811901047470457,4.434,,1781796906,2026-06-18T15:35:06Z,TVC:US10Y
,,,-2.9334500875656624,,,-1.1811901047470457,4.434,,1781797086,2026-06-18T15:38:06Z,TVC:US10Y
,,,-2.867775831873891,,,-1.1143302874972103,4.437,,1781797257,2026-06-18T15:40:57Z,TVC:US10Y
,,,-2.867775831873891,,,-1.1143302874972103,4.437,,1781797438,2026-06-18T15:43:58Z,TVC:US10Y
,,,-2.867775831873891,,,-1.1143302874972103,4.437,,1781797619,2026-06-18T15:46:59Z,TVC:US10Y
,,,-2.867775831873891,,,-1.1143302874972103,4.437,,1781797800,2026-06-18T15:50:00Z,TVC:US10Y
,,,-2.8896672504378214,,,-1.136616893247162,4.436,,1781797977,2026-06-18T15:52:57Z,TVC:US10Y
,,,-2.8896672504378214,,,-1.136616893247162,4.436,,1781798162,2026-06-18T15:56:02Z,TVC:US10Y
,,,-2.780210157618209,,,-1.025183864497443,4.441,,1781798344,2026-06-18T15:59:04Z,TVC:US10Y
,,,-2.780210157618209,,,-1.025183864497443,4.441,,1781798521,2026-06-18T16:02:01Z,TVC:US10Y
,,,-2.6926444833625074,,,-0.9360374414976558,4.445,,1781798698,2026-06-18T16:04:58Z,TVC:US10Y
,,,-2.780210157618209,,,-1.025183864497443,4.441,,1781798883,2026-06-18T16:08:03Z,TVC:US10Y
,,,-2.736427320490368,,,-0.9806106529975592,4.443,,1781799056,2026-06-18T16:10:56Z,TVC:US10Y
,,,-2.780210157618209,,,-1.025183864497443,4.441,,1781799247,2026-06-18T16:14:07Z,TVC:US10Y
,,,-2.780210157618209,,,-1.025183864497443,4.441,,1781799425,2026-06-18T16:17:05Z,TVC:US10Y
,,,-2.6926444833625074,,,-0.9360374414976558,4.445,,1781799603,2026-06-18T16:20:03Z,TVC:US10Y
,,,-2.736427320490368,,,-0.9806106529975592,4.443,,1781799784,2026-06-18T16:23:04Z,TVC:US10Y
,,,-2.780210157618209,,,-1.025183864497443,4.441,,1781799961,2026-06-18T16:26:01Z,TVC:US10Y
,,,-2.82399299474605,,,-1.0697570759973265,4.439,,1781800138,2026-06-18T16:28:58Z,TVC:US10Y
,,,-2.867775831873891,,,-1.1143302874972103,4.437,,1781800318,2026-06-18T16:31:58Z,TVC:US10Y
,,,-2.6926444833625074,,,-0.9360374414976558,4.445,,1781800506,2026-06-18T16:35:06Z,TVC:US10Y
,,,-2.780210157618209,,,-1.025183864497443,4.441,,1781800682,2026-06-18T16:38:02Z,TVC:US10Y
,,,-2.6926444833625074,,,-0.9360374414976558,4.445,,1781800858,2026-06-18T16:40:58Z,TVC:US10Y
,,,-2.82399299474605,,,-1.0697570759973265,4.439,,1781801042,2026-06-18T16:44:02Z,TVC:US10Y
,,,-2.780210157618209,,,-1.025183864497443,4.441,,1781801219,2026-06-18T16:46:59Z,TVC:US10Y
,,,-2.780210157618209,,,-1.025183864497443,4.441,,1781801400,2026-06-18T16:50:00Z,TVC:US10Y
,,,-2.6926444833625074,,,-0.9360374414976558,4.445,,1781801588,2026-06-18T16:53:08Z,TVC:US10Y
,,,-2.736427320490368,,,-0.9806106529975592,4.443,,1781801755,2026-06-18T16:55:55Z,TVC:US10Y
,,,-2.780210157618209,,,-1.025183864497443,4.441,,1781801937,2026-06-18T16:58:57Z,TVC:US10Y
,,,-2.6926444833625074,,,-0.9360374414976558,4.445,,1781802125,2026-06-18T17:02:05Z,TVC:US10Y
,,,-2.780210157618209,,,-1.025183864497443,4.441,,1781802300,2026-06-18T17:05:00Z,TVC:US10Y
,,,-2.780210157618209,,,-1.025183864497443,4.441,,1781802483,2026-06-18T17:08:03Z,TVC:US10Y
,,,-2.780210157618209,,,-1.025183864497443,4.441,,1781802655,2026-06-18T17:10:55Z,TVC:US10Y
,,,-2.780210157618209,,,-1.025183864497443,4.441,,1781802840,2026-06-18T17:14:00Z,TVC:US10Y
,,,-2.780210157618209,,,-1.025183864497443,4.441,,1781803020,2026-06-18T17:17:00Z,TVC:US10Y
,,,-2.780210157618209,,,-1.025183864497443,4.441,,1781803209,2026-06-18T17:20:09Z,TVC:US10Y
,,,-2.867775831873891,,,-1.1143302874972103,4.437,,1781803377,2026-06-18T17:22:57Z,TVC:US10Y
,,,-2.8896672504378214,,,-1.136616893247162,4.436,,1781803555,2026-06-18T17:25:55Z,TVC:US10Y
,,,-2.8896672504378214,,,-1.136616893247162,4.436,,1781803742,2026-06-18T17:29:02Z,TVC:US10Y
,,,-2.867775831873891,,,-1.1143302874972103,4.437,,1781803914,2026-06-18T17:31:54Z,TVC:US10Y
,,,-2.8896672504378214,,,-1.136616893247162,4.436,,1781804099,2026-06-18T17:34:59Z,TVC:US10Y
,,,-2.8896672504378214,,,-1.136616893247162,4.436,,1781804281,2026-06-18T17:38:01Z,TVC:US10Y
,,,-2.867775831873891,,,-1.1143302874972103,4.437,,1781804456,2026-06-18T17:40:56Z,TVC:US10Y
,,,-2.867775831873891,,,-1.1143302874972103,4.437,,1781804641,2026-06-18T17:44:01Z,TVC:US10Y
,,,-2.867775831873891,,,-1.1143302874972103,4.437,,1781804823,2026-06-18T17:47:03Z,TVC:US10Y
,,,-2.867775831873891,,,-1.1143302874972103,4.437,,1781805004,2026-06-18T17:50:04Z,TVC:US10Y
,,,-2.867775831873891,,,-1.1143302874972103,4.437,,1781805181,2026-06-18T17:53:01Z,TVC:US10Y
,,,-2.867775831873891,,,-1.1143302874972103,4.437,,1781805357,2026-06-18T17:55:57Z,TVC:US10Y
,,,-2.867775831873891,,,-1.1143302874972103,4.437,,1781805537,2026-06-18T17:58:57Z,TVC:US10Y
,,,-2.867775831873891,,,-1.1143302874972103,4.437,,1781805718,2026-06-18T18:01:58Z,TVC:US10Y
,,,-2.867775831873891,,,-1.1143302874972103,4.437,,1781805904,2026-06-18T18:05:04Z,TVC:US10Y
,,,-2.780210157618209,,,-1.025183864497443,4.441,,1781806086,2026-06-18T18:08:06Z,TVC:US10Y
,,,-2.867775831873891,,,-1.1143302874972103,4.437,,1781806261,2026-06-18T18:11:01Z,TVC:US10Y
,,,-2.867775831873891,,,-1.1143302874972103,4.437,,1781806440,2026-06-18T18:14:00Z,TVC:US10Y
,,,-2.867775831873891,,,-1.1143302874972103,4.437,,1781806624,2026-06-18T18:17:04Z,TVC:US10Y
,,,-2.867775831873891,,,-1.1143302874972103,4.437,,1781806799,2026-06-18T18:19:59Z,TVC:US10Y
,,,-2.867775831873891,,,-1.1143302874972103,4.437,,1781806979,2026-06-18T18:22:59Z,TVC:US10Y
,,,-2.867775831873891,,,-1.1143302874972103,4.437,,1781807162,2026-06-18T18:26:02Z,TVC:US10Y
,,,-2.780210157618209,,,-1.025183864497443,4.441,,1781807342,2026-06-18T18:29:02Z,TVC:US10Y
,,,-2.6926444833625074,,,-0.9360374414976558,4.445,,1781807525,2026-06-18T18:32:05Z,TVC:US10Y
,,,-2.780210157618209,,,-1.025183864497443,4.441,,1781807702,2026-06-18T18:35:02Z,TVC:US10Y
,,,-2.6926444833625074,,,-0.9360374414976558,4.445,,1781807870,2026-06-18T18:37:50Z,TVC:US10Y
,,,-2.6926444833625074,,,-0.9360374414976558,4.445,,1781808063,2026-06-18T18:41:03Z,TVC:US10Y
,,,-2.6926444833625074,,,-0.9360374414976558,4.445,,1781808235,2026-06-18T18:43:55Z,TVC:US10Y
,,,-2.6926444833625074,,,-0.9360374414976558,4.445,,1781808419,2026-06-18T18:46:59Z,TVC:US10Y
,,,-2.6926444833625074,,,-0.9360374414976558,4.445,,1781808597,2026-06-18T18:49:57Z,TVC:US10Y
,,,-2.6926444833625074,,,-0.9360374414976558,4.445,,1781808779,2026-06-18T18:52:59Z,TVC:US10Y
,,,-2.6926444833625074,,,-0.9360374414976558,4.445,,1781808960,2026-06-18T18:56:00Z,TVC:US10Y
,,,-2.6926444833625074,,,-0.9360374414976558,4.445,,1781809141,2026-06-18T18:59:01Z,TVC:US10Y
,,,-2.517513134851124,,,-0.7577445954981012,4.453,,1781809326,2026-06-18T19:02:06Z,TVC:US10Y
,,,-2.517513134851124,,,-0.7577445954981012,4.453,,1781809509,2026-06-18T19:05:09Z,TVC:US10Y
,,,-2.517513134851124,,,-0.7577445954981012,4.453,,1781809686,2026-06-18T19:08:06Z,TVC:US10Y
,,,-2.517513134851124,,,-0.7577445954981012,4.453,,1781809859,2026-06-18T19:10:59Z,TVC:US10Y
,,,-2.5612959719789843,,,-0.8023178069980048,4.451,,1781810043,2026-06-18T19:14:03Z,TVC:US10Y
,,,-2.517513134851124,,,-0.7577445954981012,4.453,,1781810219,2026-06-18T19:16:59Z,TVC:US10Y
,,,-2.517513134851124,,,-0.7577445954981012,4.453,,1781810393,2026-06-18T19:19:53Z,TVC:US10Y
,,,-2.517513134851124,,,-0.7577445954981012,4.453,,1781810582,2026-06-18T19:23:02Z,TVC:US10Y
,,,-2.4737302977232827,,,-0.7131713839982177,4.455,,1781810764,2026-06-18T19:26:04Z,TVC:US10Y
,,,-2.4737302977232827,,,-0.7131713839982177,4.455,,1781810940,2026-06-18T19:29:00Z,TVC:US10Y
,,,-2.4299474605954416,,,-0.6685981724983341,4.457,,1781811119,2026-06-18T19:31:59Z,TVC:US10Y
,,,-2.4299474605954416,,,-0.6685981724983341,4.457,,1781811306,2026-06-18T19:35:06Z,TVC:US10Y
,,,-2.4299474605954416,,,-0.6685981724983341,4.457,,1781811478,2026-06-18T19:37:58Z,TVC:US10Y
,,,-2.4737302977232827,,,-0.7131713839982177,4.455,,1781811663,2026-06-18T19:41:03Z,TVC:US10Y
,,,-2.4299474605954416,,,-0.6685981724983341,4.457,,1781811846,2026-06-18T19:44:06Z,TVC:US10Y
,,,-2.4737302977232827,,,-0.7131713839982177,4.455,,1781812026,2026-06-18T19:47:06Z,TVC:US10Y
,,,-2.4737302977232827,,,-0.7131713839982177,4.455,,1781812200,2026-06-18T19:50:00Z,TVC:US10Y
,,,-2.4737302977232827,,,-0.7131713839982177,4.455,,1781812381,2026-06-18T19:53:01Z,TVC:US10Y
,,,-2.4737302977232827,,,-0.7131713839982177,4.455,,1781812564,2026-06-18T19:56:04Z,TVC:US10Y
,,,-2.4299474605954416,,,-0.6685981724983341,4.457,,1781812741,2026-06-18T19:59:01Z,TVC:US10Y
,,,-2.4737302977232827,,,-0.7131713839982177,4.455,,1781812917,2026-06-18T20:01:57Z,TVC:US10Y
,,,-2.517513134851124,,,-0.7577445954981012,4.453,,1781813098,2026-06-18T20:04:58Z,TVC:US10Y
,,,-2.517513134851124,,,-0.7577445954981012,4.453,,1781813283,2026-06-18T20:08:03Z,TVC:US10Y
,,,-2.5612959719789843,,,-0.8023178069980048,4.451,,1781813460,2026-06-18T20:11:00Z,TVC:US10Y
,,,-2.517513134851124,,,-0.7577445954981012,4.453,,1781813641,2026-06-18T20:14:01Z,TVC:US10Y
,,,-2.517513134851124,,,-0.7577445954981012,4.453,,1781813819,2026-06-18T20:16:59Z,TVC:US10Y
,,,-2.517513134851124,,,-0.7577445954981012,4.453,,1781814006,2026-06-18T20:20:06Z,TVC:US10Y
,,,-2.517513134851124,,,-0.7577445954981012,4.453,,1781814187,2026-06-18T20:23:07Z,TVC:US10Y
,,,-2.517513134851124,,,-0.7577445954981012,4.453,,1781814363,2026-06-18T20:26:03Z,TVC:US10Y
,,,-2.517513134851124,,,-0.7577445954981012,4.453,,1781814536,2026-06-18T20:28:56Z,TVC:US10Y
,,,-2.517513134851124,,,-0.7577445954981012,4.453,,1781814719,2026-06-18T20:31:59Z,TVC:US10Y
,,,-2.517513134851124,,,-0.7577445954981012,4.453,,1781814901,2026-06-18T20:35:01Z,TVC:US10Y
,,,-2.517513134851124,,,-0.7577445954981012,4.453,,1781815085,2026-06-18T20:38:05Z,TVC:US10Y
,,,-2.517513134851124,,,-0.7577445954981012,4.453,,1781815267,2026-06-18T20:41:07Z,TVC:US10Y
,,,-2.517513134851124,,,-0.7577445954981012,4.453,,1781815447,2026-06-18T20:44:07Z,TVC:US10Y
,,,-2.4737302977232827,,,-0.7131713839982177,4.455,,1781815617,2026-06-18T20:46:57Z,TVC:US10Y
,,,-2.4299474605954416,,,-0.6685981724983341,4.457,,1781815809,2026-06-18T20:50:09Z,TVC:US10Y
,,,-2.4299474605954416,,,-0.6685981724983341,4.457,,1781815980,2026-06-18T20:53:00Z,TVC:US10Y
,,,-2.4299474605954416,,,-0.6685981724983341,4.457,,1781816160,2026-06-18T20:56:00Z,TVC:US10Y
,,,-2.4299474605954416,,,-0.6685981724983341,4.457,,1781816343,2026-06-18T20:59:03Z,TVC:US10Y
,,,-2.4299474605954416,,,-0.6685981724983341,4.457,,1781816523,2026-06-18T21:02:03Z,TVC:US10Y
,,,-2.4299474605954416,,,-0.6685981724983341,4.457,,1781816703,2026-06-18T21:05:03Z,TVC:US10Y
,,,-2.4737302977232827,,,-0.7131713839982177,4.455,,1781816878,2026-06-18T21:07:58Z,TVC:US10Y
,,,-2.4737302977232827,,,-0.7131713839982177,4.455,,1781817062,2026-06-18T21:11:02Z,TVC:US10Y
,,,-2.4737302977232827,,,-0.7131713839982177,4.455,,1781817241,2026-06-18T21:14:01Z,TVC:US10Y
,,,-2.4737302977232827,,,-0.7131713839982177,4.455,,1781817422,2026-06-18T21:17:02Z,TVC:US10Y
,,,-2.4737302977232827,,,-0.7131713839982177,4.455,,1781817598,2026-06-18T21:19:58Z,TVC:US10Y
,,,-2.4737302977232827,,,-0.7131713839982177,4.455,,1781817778,2026-06-18T21:22:58Z,TVC:US10Y
,,,-2.4737302977232827,,,-0.7131713839982177,4.455,,1781817972,2026-06-18T21:26:12Z,TVC:US10Y
,,,-2.4737302977232827,,,-0.7131713839982177,4.455,,1781818147,2026-06-18T21:29:07Z,TVC:US10Y
,,,-2.4737302977232827,,,-0.7131713839982177,4.455,,1781818320,2026-06-18T21:32:00Z,TVC:US10Y
,,,-2.4737302977232827,,,-0.7131713839982177,4.455,,1781818501,2026-06-18T21:35:01Z,TVC:US10Y
,,,-2.4737302977232827,,,-0.7131713839982177,4.455,,1781818686,2026-06-18T21:38:06Z,TVC:US10Y
,,,-2.4737302977232827,,,-0.7131713839982177,4.455,,1781818862,2026-06-18T21:41:02Z,TVC:US10Y
,,,-2.4737302977232827,,,-0.7131713839982177,4.455,,1781819037,2026-06-18T21:43:57Z,TVC:US10Y
,,,-2.4737302977232827,,,-0.7131713839982177,4.455,,1781819227,2026-06-18T21:47:07Z,TVC:US10Y
,,,-2.4737302977232827,,,-0.7131713839982177,4.455,,1781819397,2026-06-18T21:49:57Z,TVC:US10Y
,,,-2.4737302977232827,,,-0.7131713839982177,4.455,,1781819579,2026-06-18T21:52:59Z,TVC:US10Y
,,,-2.4737302977232827,,,-0.7131713839982177,4.455,,1781819761,2026-06-18T21:56:01Z,TVC:US10Y
,,,-2.4737302977232827,,,-0.7131713839982177,4.455,,1781819943,2026-06-18T21:59:03Z,TVC:US10Y
,,,-2.4737302977232827,,,-0.7131713839982177,4.455,,1781820124,2026-06-18T22:02:04Z,TVC:US10Y
,,,-2.4737302977232827,,,-0.7131713839982177,4.455,,1781820290,2026-06-18T22:04:50Z,TVC:US10Y
,,,-2.4737302977232827,,,-0.7131713839982177,4.455,,1781870511,2026-06-19T12:01:51Z,TVC:US10Y
,,,-2.4737302977232827,,,-0.7131713839982177,4.455,,1781870698,2026-06-19T12:04:58Z,TVC:US10Y
,,,-2.4737302977232827,,,-0.7131713839982177,4.455,,1781870874,2026-06-19T12:07:54Z,TVC:US10Y
,,,-2.4737302977232827,,,-0.7131713839982177,4.455,,1781871061,2026-06-19T12:11:01Z,TVC:US10Y
,,,-2.4737302977232827,,,-0.7131713839982177,4.455,,1781871237,2026-06-19T12:13:57Z,TVC:US10Y
,,,-2.4737302977232827,,,-0.7131713839982177,4.455,,1781871424,2026-06-19T12:17:04Z,TVC:US10Y
,,,-2.4737302977232827,,,-0.7131713839982177,4.455,,1781871591,2026-06-19T12:19:51Z,TVC:US10Y
,,,-2.4737302977232827,,,-0.7131713839982177,4.455,,1781871782,2026-06-19T12:23:02Z,TVC:US10Y
,,,-2.4737302977232827,,,-0.7131713839982177,4.455,,1781871959,2026-06-19T12:25:59Z,TVC:US10Y
,,,-2.4737302977232827,,,-0.7131713839982177,4.455,,1781872138,2026-06-19T12:28:58Z,TVC:US10Y
,,,-2.4737302977232827,,,-0.7131713839982177,4.455,,1781872312,2026-06-19T12:31:52Z,TVC:US10Y
,,,-2.4737302977232827,,,-0.7131713839982177,4.455,,1781872504,2026-06-19T12:35:04Z,TVC:US10Y
,,,-2.4737302977232827,,,-0.7131713839982177,4.455,,1781872682,2026-06-19T12:38:02Z,TVC:US10Y
,,,-2.4737302977232827,,,-0.7131713839982177,4.455,,1781872858,2026-06-19T12:40:58Z,TVC:US10Y
,,,-2.4737302977232827,,,-0.7131713839982177,4.455,,1781873032,2026-06-19T12:43:52Z,TVC:US10Y
,,,-2.4737302977232827,,,-0.7131713839982177,4.455,,1781873221,2026-06-19T12:47:01Z,TVC:US10Y
,,,-2.4737302977232827,,,-0.7131713839982177,4.455,,1781873398,2026-06-19T12:49:58Z,TVC:US10Y
,,,-2.4737302977232827,,,-0.7131713839982177,4.455,,1781873583,2026-06-19T12:53:03Z,TVC:US10Y
,,,-2.4737302977232827,,,-0.7131713839982177,4.455,,1781873762,2026-06-19T12:56:02Z,TVC:US10Y
,,,-2.4737302977232827,,,-0.7131713839982177,4.455,,1781873951,2026-06-19T12:59:11Z,TVC:US10Y
,,,-2.4737302977232827,,,-0.7131713839982177,4.455,,1781874121,2026-06-19T13:02:01Z,TVC:US10Y
,,,-2.4737302977232827,,,-0.7131713839982177,4.455,,1781874301,2026-06-19T13:05:01Z,TVC:US10Y
,,,-2.4737302977232827,,,-0.7131713839982177,4.455,,1781874479,2026-06-19T13:07:59Z,TVC:US10Y
,,,-2.4737302977232827,,,-0.7131713839982177,4.455,,1781874656,2026-06-19T13:10:56Z,TVC:US10Y
,,,-2.4737302977232827,,,-0.7131713839982177,4.455,,1781874841,2026-06-19T13:14:01Z,TVC:US10Y
,,,-2.4737302977232827,,,-0.7131713839982177,4.455,,1781875020,2026-06-19T13:17:00Z,TVC:US10Y
,,,-2.4737302977232827,,,-0.7131713839982177,4.455,,1781875198,2026-06-19T13:19:58Z,TVC:US10Y
,,,-2.4737302977232827,,,-0.7131713839982177,4.455,,1781875379,2026-06-19T13:22:59Z,TVC:US10Y
,,,-2.4737302977232827,,,-0.7131713839982177,4.455,,1781875561,2026-06-19T13:26:01Z,TVC:US10Y
,,,-2.4737302977232827,,,-0.7131713839982177,4.455,,1781875743,2026-06-19T13:29:03Z,TVC:US10Y
,,,-2.4737302977232827,,,-0.7131713839982177,4.455,,1781875920,2026-06-19T13:32:00Z,TVC:US10Y
,,,-2.4737302977232827,,,-0.7131713839982177,4.455,,1781876099,2026-06-19T13:34:59Z,TVC:US10Y
,,,-2.4737302977232827,,,-0.7131713839982177,4.455,,1781876280,2026-06-19T13:38:00Z,TVC:US10Y
,,,-2.4737302977232827,,,-0.7131713839982177,4.455,,1781876462,2026-06-19T13:41:02Z,TVC:US10Y
,,,-2.4737302977232827,,,-0.7131713839982177,4.455,,1781876645,2026-06-19T13:44:05Z,TVC:US10Y
,,,-2.4737302977232827,,,-0.7131713839982177,4.455,,1781876812,2026-06-19T13:46:52Z,TVC:US10Y
,,,-2.4737302977232827,,,-0.7131713839982177,4.455,,1781876994,2026-06-19T13:49:54Z,TVC:US10Y
,,,-2.4737302977232827,,,-0.7131713839982177,4.455,,1781877184,2026-06-19T13:53:04Z,TVC:US10Y
,,,-2.4737302977232827,,,-0.7131713839982177,4.455,,1781877358,2026-06-19T13:55:58Z,TVC:US10Y
,,,-2.4737302977232827,,,-0.7131713839982177,4.455,,1781877543,2026-06-19T13:59:03Z,TVC:US10Y
,,,-2.4737302977232827,,,-0.7131713839982177,4.455,,1781877722,2026-06-19T14:02:02Z,TVC:US10Y
,,,-2.4737302977232827,,,-0.7131713839982177,4.455,,1781877899,2026-06-19T14:04:59Z,TVC:US10Y
,,,-2.4737302977232827,,,-0.7131713839982177,4.455,,1781878082,2026-06-19T14:08:02Z,TVC:US10Y
,,,-2.4737302977232827,,,-0.7131713839982177,4.455,,1781878258,2026-06-19T14:10:58Z,TVC:US10Y
,,,-2.4737302977232827,,,-0.7131713839982177,4.455,,1781878431,2026-06-19T14:13:51Z,TVC:US10Y
,,,-2.4737302977232827,,,-0.7131713839982177,4.455,,1781878621,2026-06-19T14:17:01Z,TVC:US10Y
,,,-2.4737302977232827,,,-0.7131713839982177,4.455,,1781878794,2026-06-19T14:19:54Z,TVC:US10Y
,,,-2.4737302977232827,,,-0.7131713839982177,4.455,,1781878984,2026-06-19T14:23:04Z,TVC:US10Y
,,,-2.4737302977232827,,,-0.7131713839982177,4.455,,1781879153,2026-06-19T14:25:53Z,TVC:US10Y
,,,-2.4737302977232827,,,-0.7131713839982177,4.455,,1781879343,2026-06-19T14:29:03Z,TVC:US10Y
,,,-2.4737302977232827,,,-0.7131713839982177,4.455,,1781879525,2026-06-19T14:32:05Z,TVC:US10Y
,,,-2.4737302977232827,,,-0.7131713839982177,4.455,,1781879698,2026-06-19T14:34:58Z,TVC:US10Y
,,,-2.4737302977232827,,,-0.7131713839982177,4.455,,1781879880,2026-06-19T14:38:00Z,TVC:US10Y
,,,-2.4737302977232827,,,-0.7131713839982177,4.455,,1781880062,2026-06-19T14:41:02Z,TVC:US10Y
,,,-2.4737302977232827,,,-0.7131713839982177,4.455,,1781880238,2026-06-19T14:43:58Z,TVC:US10Y
,,,-2.4737302977232827,,,-0.7131713839982177,4.455,,1781880418,2026-06-19T14:46:58Z,TVC:US10Y
,,,-2.4737302977232827,,,-0.7131713839982177,4.455,,1781880600,2026-06-19T14:50:00Z,TVC:US10Y
,,,-2.4737302977232827,,,-0.7131713839982177,4.455,,1781880788,2026-06-19T14:53:08Z,TVC:US10Y
,,,-2.4737302977232827,,,-0.7131713839982177,4.455,,1781880963,2026-06-19T14:56:03Z,TVC:US10Y
,,,-2.4737302977232827,,,-0.7131713839982177,4.455,,1781881134,2026-06-19T14:58:54Z,TVC:US10Y
,,,-2.4737302977232827,,,-0.7131713839982177,4.455,,1781881325,2026-06-19T15:02:05Z,TVC:US10Y
,,,-2.4737302977232827,,,-0.7131713839982177,4.455,,1781881499,2026-06-19T15:04:59Z,TVC:US10Y
,,,-2.4737302977232827,,,-0.7131713839982177,4.455,,1781881675,2026-06-19T15:07:55Z,TVC:US10Y
,,,-2.4737302977232827,,,-0.7131713839982177,4.455,,1781881853,2026-06-19T15:10:53Z,TVC:US10Y
,,,-2.4737302977232827,,,-0.7131713839982177,4.455,,1781882037,2026-06-19T15:13:57Z,TVC:US10Y
,,,-2.4737302977232827,,,-0.7131713839982177,4.455,,1781882221,2026-06-19T15:17:01Z,TVC:US10Y
,,,-2.4737302977232827,,,-0.7131713839982177,4.455,,1781882393,2026-06-19T15:19:53Z,TVC:US10Y
,,,-2.4737302977232827,,,-0.7131713839982177,4.455,,1781882578,2026-06-19T15:22:58Z,TVC:US10Y
,,,-2.4737302977232827,,,-0.7131713839982177,4.455,,1781882757,2026-06-19T15:25:57Z,TVC:US10Y
,,,-2.4737302977232827,,,-0.7131713839982177,4.455,,1781882932,2026-06-19T15:28:52Z,TVC:US10Y
,,,-2.4737302977232827,,,-0.7131713839982177,4.455,,1781883116,2026-06-19T15:31:56Z,TVC:US10Y
,,,-2.4737302977232827,,,-0.7131713839982177,4.455,,1781883298,2026-06-19T15:34:58Z,TVC:US10Y
,,,-2.4737302977232827,,,-0.7131713839982177,4.455,,1781883480,2026-06-19T15:38:00Z,TVC:US10Y
,,,-2.4737302977232827,,,-0.7131713839982177,4.455,,1781883663,2026-06-19T15:41:03Z,TVC:US10Y
,,,-2.4737302977232827,,,-0.7131713839982177,4.455,,1781883840,2026-06-19T15:44:00Z,TVC:US10Y
,,,-2.4737302977232827,,,-0.7131713839982177,4.455,,1781884027,2026-06-19T15:47:07Z,TVC:US10Y
,,,-2.4737302977232827,,,-0.7131713839982177,4.455,,1781884198,2026-06-19T15:49:58Z,TVC:US10Y
,,,-2.4737302977232827,,,-0.7131713839982177,4.455,,1781884381,2026-06-19T15:53:01Z,TVC:US10Y
,,,-2.4737302977232827,,,-0.7131713839982177,4.455,,1781884567,2026-06-19T15:56:07Z,TVC:US10Y
,,,-2.4737302977232827,,,-0.7131713839982177,4.455,,1781884743,2026-06-19T15:59:03Z,TVC:US10Y
,,,-2.4737302977232827,,,-0.7131713839982177,4.455,,1781884925,2026-06-19T16:02:05Z,TVC:US10Y
,,,-2.4737302977232827,,,-0.7131713839982177,4.455,,1781885095,2026-06-19T16:04:55Z,TVC:US10Y
,,,-2.4737302977232827,,,-0.7131713839982177,4.455,,1781885276,2026-06-19T16:07:56Z,TVC:US10Y
,,,-2.4737302977232827,,,-0.7131713839982177,4.455,,1781885463,2026-06-19T16:11:03Z,TVC:US10Y
,,,-2.4737302977232827,,,-0.7131713839982177,4.455,,1781885643,2026-06-19T16:14:03Z,TVC:US10Y
,,,-2.4737302977232827,,,-0.7131713839982177,4.455,,1781885827,2026-06-19T16:17:07Z,TVC:US10Y
,,,-2.4737302977232827,,,-0.7131713839982177,4.455,,1781886003,2026-06-19T16:20:03Z,TVC:US10Y
,,,-2.4737302977232827,,,-0.7131713839982177,4.455,,1781886178,2026-06-19T16:22:58Z,TVC:US10Y
,,,-2.4737302977232827,,,-0.7131713839982177,4.455,,1781886357,2026-06-19T16:25:57Z,TVC:US10Y
,,,-2.4737302977232827,,,-0.7131713839982177,4.455,,1781886541,2026-06-19T16:29:01Z,TVC:US10Y
,,,-2.4737302977232827,,,-0.7131713839982177,4.455,,1781886723,2026-06-19T16:32:03Z,TVC:US10Y
,,,-2.4737302977232827,,,-0.7131713839982177,4.455,,1781886901,2026-06-19T16:35:01Z,TVC:US10Y
,,,-2.4737302977232827,,,-0.7131713839982177,4.455,,1781887082,2026-06-19T16:38:02Z,TVC:US10Y
,,,-2.4737302977232827,,,-0.7131713839982177,4.455,,1781887268,2026-06-19T16:41:08Z,TVC:US10Y
,,,-2.4737302977232827,,,-0.7131713839982177,4.455,,1781887436,2026-06-19T16:43:56Z,TVC:US10Y
,,,-2.4737302977232827,,,-0.7131713839982177,4.455,,1781887618,2026-06-19T16:46:58Z,TVC:US10Y
,,,-2.4737302977232827,,,-0.7131713839982177,4.455,,1781887801,2026-06-19T16:50:01Z,TVC:US10Y
,,,-2.4737302977232827,,,-0.7131713839982177,4.455,,1781887982,2026-06-19T16:53:02Z,TVC:US10Y
,,,-2.4737302977232827,,,-0.7131713839982177,4.455,,1781888156,2026-06-19T16:55:56Z,TVC:US10Y
,,,-2.4737302977232827,,,-0.7131713839982177,4.455,,1781888345,2026-06-19T16:59:05Z,TVC:US10Y
,,,-2.4737302977232827,,,-0.7131713839982177,4.455,,1781888523,2026-06-19T17:02:03Z,TVC:US10Y
,,,-2.4737302977232827,,,-0.7131713839982177,4.455,,1781888698,2026-06-19T17:04:58Z,TVC:US10Y
,,,1.331828442437927,,,0.7631874298540923,4.489,,1782104516,2026-06-22T05:01:56Z,TVC:US10Y
,,,1.2866817155756296,,,0.7182940516273856,4.487,,1782104703,2026-06-22T05:05:03Z,TVC:US10Y
,,,1.2866817155756296,,,0.7182940516273856,4.487,,1782104877,2026-06-22T05:07:57Z,TVC:US10Y
,,,1.2866817155756296,,,0.7182940516273856,4.487,,1782105065,2026-06-22T05:11:05Z,TVC:US10Y
,,,1.2866817155756296,,,0.7182940516273856,4.487,,1782105239,2026-06-22T05:13:59Z,TVC:US10Y
,,,1.241534988713332,,,0.673400673400679,4.485,,1782105425,2026-06-22T05:17:05Z,TVC:US10Y
,,,1.241534988713332,,,0.673400673400679,4.485,,1782105596,2026-06-22T05:19:56Z,TVC:US10Y
,,,1.241534988713332,,,0.673400673400679,4.485,,1782105775,2026-06-22T05:22:55Z,TVC:US10Y
,,,1.241534988713332,,,0.673400673400679,4.485,,1782105963,2026-06-22T05:26:03Z,TVC:US10Y
,,,1.241534988713332,,,0.673400673400679,4.485,,1782106138,2026-06-22T05:28:58Z,TVC:US10Y
,,,1.1512415349887168,,,0.5836139169472458,4.481,,1782106320,2026-06-22T05:32:00Z,TVC:US10Y
,,,1.241534988713332,,,0.673400673400679,4.485,,1782106498,2026-06-22T05:34:58Z,TVC:US10Y
,,,1.241534988713332,,,0.673400673400679,4.485,,1782106673,2026-06-22T05:37:53Z,TVC:US10Y
,,,1.241534988713332,,,0.673400673400679,4.485,,1782106862,2026-06-22T05:41:02Z,TVC:US10Y
,,,1.241534988713332,,,0.673400673400679,4.485,,1782107041,2026-06-22T05:44:01Z,TVC:US10Y
,,,1.241534988713332,,,0.673400673400679,4.485,,1782107218,2026-06-22T05:46:58Z,TVC:US10Y
,,,1.1963882618510144,,,0.6285072951739524,4.483,,1782107407,2026-06-22T05:50:07Z,TVC:US10Y
,,,1.241534988713332,,,0.673400673400679,4.485,,1782107575,2026-06-22T05:52:55Z,TVC:US10Y
,,,1.241534988713332,,,0.673400673400679,4.485,,1782107762,2026-06-22T05:56:02Z,TVC:US10Y
,,,1.241534988713332,,,0.673400673400679,4.485,,1782107938,2026-06-22T05:58:58Z,TVC:US10Y
,,,1.1512415349887168,,,0.5836139169472458,4.481,,1782108114,2026-06-22T06:01:54Z,TVC:US10Y
,,,1.1512415349887168,,,0.5836139169472458,4.481,,1782108306,2026-06-22T06:05:06Z,TVC:US10Y
,,,1.1512415349887168,,,0.5836139169472458,4.481,,1782108480,2026-06-22T06:08:00Z,TVC:US10Y
,,,1.1512415349887168,,,0.5836139169472458,4.481,,1782108659,2026-06-22T06:10:59Z,TVC:US10Y
,,,1.241534988713332,,,0.673400673400679,4.485,,1782108842,2026-06-22T06:14:02Z,TVC:US10Y
,,,1.1512415349887168,,,0.5836139169472458,4.481,,1782109017,2026-06-22T06:16:57Z,TVC:US10Y
,,,1.1963882618510144,,,0.6285072951739524,4.483,,1782109196,2026-06-22T06:19:56Z,TVC:US10Y
,,,1.1512415349887168,,,0.5836139169472458,4.481,,1782109376,2026-06-22T06:22:56Z,TVC:US10Y
,,,1.1512415349887168,,,0.5836139169472458,4.481,,1782109558,2026-06-22T06:25:58Z,TVC:US10Y
,,,1.1512415349887168,,,0.5836139169472458,4.481,,1782109747,2026-06-22T06:29:07Z,TVC:US10Y
,,,1.1512415349887168,,,0.5836139169472458,4.481,,1782109920,2026-06-22T06:32:00Z,TVC:US10Y
,,,1.1512415349887168,,,0.5836139169472458,4.481,,1782110099,2026-06-22T06:34:59Z,TVC:US10Y
,,,1.1512415349887168,,,0.5836139169472458,4.481,,1782110275,2026-06-22T06:37:55Z,TVC:US10Y
,,,1.1512415349887168,,,0.5836139169472458,4.481,,1782110460,2026-06-22T06:41:00Z,TVC:US10Y
,,,1.1512415349887168,,,0.5836139169472458,4.481,,1782110636,2026-06-22T06:43:56Z,TVC:US10Y
,,,1.1512415349887168,,,0.5836139169472458,4.481,,1782110813,2026-06-22T06:46:53Z,TVC:US10Y
,,,1.1512415349887168,,,0.5836139169472458,4.481,,1782111010,2026-06-22T06:50:10Z,TVC:US10Y
,,,1.060948081264122,,,0.4938271604938326,4.477,,1782111186,2026-06-22T06:53:06Z,TVC:US10Y
,,,1.1512415349887168,,,0.5836139169472458,4.481,,1782111354,2026-06-22T06:55:54Z,TVC:US10Y
,,,1.1512415349887168,,,0.5836139169472458,4.481,,1782111538,2026-06-22T06:58:58Z,TVC:US10Y
,,,1.1512415349887168,,,0.5836139169472458,4.481,,1782111721,2026-06-22T07:02:01Z,TVC:US10Y
,,,1.1512415349887168,,,0.5836139169472458,4.481,,1782111902,2026-06-22T07:05:02Z,TVC:US10Y
,,,1.1512415349887168,,,0.5836139169472458,4.481,,1782112082,2026-06-22T07:08:02Z,TVC:US10Y
,,,1.1963882618510144,,,0.6285072951739524,4.483,,1782112260,2026-06-22T07:11:00Z,TVC:US10Y
,,,1.241534988713332,,,0.673400673400679,4.485,,1782112438,2026-06-22T07:13:58Z,TVC:US10Y
,,,1.1512415349887168,,,0.5836139169472458,4.481,,1782112628,2026-06-22T07:17:08Z,TVC:US10Y
,,,1.1963882618510144,,,0.6285072951739524,4.483,,1782112797,2026-06-22T07:19:57Z,TVC:US10Y
,,,1.1512415349887168,,,0.5836139169472458,4.481,,1782112979,2026-06-22T07:22:59Z,TVC:US10Y
,,,1.1512415349887168,,,0.5836139169472458,4.481,,1782113157,2026-06-22T07:25:57Z,TVC:US10Y
,,,1.241534988713332,,,0.673400673400679,4.485,,1782113336,2026-06-22T07:28:56Z,TVC:US10Y
,,,1.241534988713332,,,0.673400673400679,4.485,,1782113518,2026-06-22T07:31:58Z,TVC:US10Y
,,,1.241534988713332,,,0.673400673400679,4.485,,1782113700,2026-06-22T07:35:00Z,TVC:US10Y
,,,1.331828442437927,,,0.7631874298540923,4.489,,1782113878,2026-06-22T07:37:58Z,TVC:US10Y
,,,1.331828442437927,,,0.7631874298540923,4.489,,1782114061,2026-06-22T07:41:01Z,TVC:US10Y
,,,1.331828442437927,,,0.7631874298540923,4.489,,1782114251,2026-06-22T07:44:11Z,TVC:US10Y
,,,1.331828442437927,,,0.7631874298540923,4.489,,1782114423,2026-06-22T07:47:03Z,TVC:US10Y
,,,1.2866817155756296,,,0.7182940516273856,4.487,,1782114605,2026-06-22T07:50:05Z,TVC:US10Y
,,,1.331828442437927,,,0.7631874298540923,4.489,,1782114783,2026-06-22T07:53:03Z,TVC:US10Y
,,,1.331828442437927,,,0.7631874298540923,4.489,,1782114957,2026-06-22T07:55:57Z,TVC:US10Y
,,,1.331828442437927,,,0.7631874298540923,4.489,,1782115139,2026-06-22T07:58:59Z,TVC:US10Y
,,,1.331828442437927,,,0.7631874298540923,4.489,,1782115320,2026-06-22T08:02:00Z,TVC:US10Y
,,,1.331828442437927,,,0.7631874298540923,4.489,,1782115503,2026-06-22T08:05:03Z,TVC:US10Y
,,,1.422121896162542,,,0.8529741863075254,4.493,,1782115681,2026-06-22T08:08:01Z,TVC:US10Y
,,,1.422121896162542,,,0.8529741863075254,4.493,,1782115859,2026-06-22T08:10:59Z,TVC:US10Y
,,,1.4672686230248395,,,0.897867564534232,4.495,,1782116039,2026-06-22T08:13:59Z,TVC:US10Y
,,,1.512415349887137,,,0.9427609427609386,4.497,,1782116221,2026-06-22T08:17:01Z,TVC:US10Y
,,,1.422121896162542,,,0.8529741863075254,4.493,,1782116397,2026-06-22T08:19:57Z,TVC:US10Y
,,,1.422121896162542,,,0.8529741863075254,4.493,,1782116584,2026-06-22T08:23:04Z,TVC:US10Y
,,,1.422121896162542,,,0.8529741863075254,4.493,,1782116764,2026-06-22T08:26:04Z,TVC:US10Y
,,,1.422121896162542,,,0.8529741863075254,4.493,,1782116936,2026-06-22T08:28:56Z,TVC:US10Y
,,,1.3769751693002246,,,0.8080808080807989,4.491,,1782117119,2026-06-22T08:31:59Z,TVC:US10Y
,,,1.3769751693002246,,,0.8080808080807989,4.491,,1782117301,2026-06-22T08:35:01Z,TVC:US10Y
,,,1.422121896162542,,,0.8529741863075254,4.493,,1782117482,2026-06-22T08:38:02Z,TVC:US10Y
,,,1.512415349887137,,,0.9427609427609386,4.497,,1782117663,2026-06-22T08:41:03Z,TVC:US10Y
,,,1.422121896162542,,,0.8529741863075254,4.493,,1782117847,2026-06-22T08:44:07Z,TVC:US10Y
,,,1.422121896162542,,,0.8529741863075254,4.493,,1782118019,2026-06-22T08:46:59Z,TVC:US10Y
,,,1.422121896162542,,,0.8529741863075254,4.493,,1782118200,2026-06-22T08:50:00Z,TVC:US10Y
,,,1.3769751693002246,,,0.8080808080807989,4.491,,1782118390,2026-06-22T08:53:10Z,TVC:US10Y
,,,1.3769751693002246,,,0.8080808080807989,4.491,,1782118563,2026-06-22T08:56:03Z,TVC:US10Y
,,,1.3769751693002246,,,0.8080808080807989,4.491,,1782118745,2026-06-22T08:59:05Z,TVC:US10Y
,,,1.422121896162542,,,0.8529741863075254,4.493,,1782118920,2026-06-22T09:02:00Z,TVC:US10Y
,,,1.331828442437927,,,0.7631874298540923,4.489,,1782119104,2026-06-22T09:05:04Z,TVC:US10Y
,,,1.2866817155756296,,,0.7182940516273856,4.487,,1782119280,2026-06-22T09:08:00Z,TVC:US10Y
,,,1.241534988713332,,,0.673400673400679,4.485,,1782119465,2026-06-22T09:11:05Z,TVC:US10Y
,,,1.241534988713332,,,0.673400673400679,4.485,,1782119636,2026-06-22T09:13:56Z,TVC:US10Y
,,,1.241534988713332,,,0.673400673400679,4.485,,1782119822,2026-06-22T09:17:02Z,TVC:US10Y
,,,1.1963882618510144,,,0.6285072951739524,4.483,,1782119999,2026-06-22T09:19:59Z,TVC:US10Y
,,,1.241534988713332,,,0.673400673400679,4.485,,1782120177,2026-06-22T09:22:57Z,TVC:US10Y
,,,1.241534988713332,,,0.673400673400679,4.485,,1782120359,2026-06-22T09:25:59Z,TVC:US10Y
,,,1.241534988713332,,,0.673400673400679,4.485,,1782120536,2026-06-22T09:28:56Z,TVC:US10Y
,,,1.241534988713332,,,0.673400673400679,4.485,,1782120719,2026-06-22T09:31:59Z,TVC:US10Y
,,,1.1963882618510144,,,0.6285072951739524,4.483,,1782120900,2026-06-22T09:35:00Z,TVC:US10Y
,,,1.241534988713332,,,0.673400673400679,4.485,,1782121076,2026-06-22T09:37:56Z,TVC:US10Y
,,,1.241534988713332,,,0.673400673400679,4.485,,1782121257,2026-06-22T09:40:57Z,TVC:US10Y
,,,1.331828442437927,,,0.7631874298540923,4.489,,1782121440,2026-06-22T09:44:00Z,TVC:US10Y
,,,1.3769751693002246,,,0.8080808080807989,4.491,,1782121615,2026-06-22T09:46:55Z,TVC:US10Y
,,,1.331828442437927,,,0.7631874298540923,4.489,,1782121800,2026-06-22T09:50:00Z,TVC:US10Y
,,,1.2866817155756296,,,0.7182940516273856,4.487,,1782121981,2026-06-22T09:53:01Z,TVC:US10Y
,,,1.331828442437927,,,0.7631874298540923,4.489,,1782122163,2026-06-22T09:56:03Z,TVC:US10Y
,,,1.331828442437927,,,0.7631874298540923,4.489,,1782122339,2026-06-22T09:58:59Z,TVC:US10Y
,,,1.331828442437927,,,0.7631874298540923,4.489,,1782122516,2026-06-22T10:01:56Z,TVC:US10Y
,,,1.241534988713332,,,0.673400673400679,4.485,,1782122693,2026-06-22T10:04:53Z,TVC:US10Y
,,,1.1512415349887168,,,0.5836139169472458,4.481,,1782122876,2026-06-22T10:07:56Z,TVC:US10Y
,,,1.1512415349887168,,,0.5836139169472458,4.481,,1782123061,2026-06-22T10:11:01Z,TVC:US10Y
,,,1.241534988713332,,,0.673400673400679,4.485,,1782123236,2026-06-22T10:13:56Z,TVC:US10Y
,,,1.1963882618510144,,,0.6285072951739524,4.483,,1782123415,2026-06-22T10:16:55Z,TVC:US10Y
,,,1.1963882618510144,,,0.6285072951739524,4.483,,1782123595,2026-06-22T10:19:55Z,TVC:US10Y
,,,1.1963882618510144,,,0.6285072951739524,4.483,,1782123782,2026-06-22T10:23:02Z,TVC:US10Y
,,,1.1963882618510144,,,0.6285072951739524,4.483,,1782123960,2026-06-22T10:26:00Z,TVC:US10Y
,,,1.1963882618510144,,,0.6285072951739524,4.483,,1782124129,2026-06-22T10:28:49Z,TVC:US10Y
,,,1.1512415349887168,,,0.5836139169472458,4.481,,1782124326,2026-06-22T10:32:06Z,TVC:US10Y
,,,1.1512415349887168,,,0.5836139169472458,4.481,,1782124499,2026-06-22T10:34:59Z,TVC:US10Y
,,,1.241534988713332,,,0.673400673400679,4.485,,1782124681,2026-06-22T10:38:01Z,TVC:US10Y
,,,1.331828442437927,,,0.7631874298540923,4.489,,1782124857,2026-06-22T10:40:57Z,TVC:US10Y
,,,1.241534988713332,,,0.673400673400679,4.485,,1782125044,2026-06-22T10:44:04Z,TVC:US10Y
,,,1.331828442437927,,,0.7631874298540923,4.489,,1782125227,2026-06-22T10:47:07Z,TVC:US10Y
,,,1.331828442437927,,,0.7631874298540923,4.489,,1782125402,2026-06-22T10:50:02Z,TVC:US10Y
,,,1.2866817155756296,,,0.7182940516273856,4.487,,1782125579,2026-06-22T10:52:59Z,TVC:US10Y
,,,1.331828442437927,,,0.7631874298540923,4.489,,1782125765,2026-06-22T10:56:05Z,TVC:US10Y
,,,1.331828442437927,,,0.7631874298540923,4.489,,1782125939,2026-06-22T10:58:59Z,TVC:US10Y
,,,1.3769751693002246,,,0.8080808080807989,4.491,,1782126124,2026-06-22T11:02:04Z,TVC:US10Y
,,,1.331828442437927,,,0.7631874298540923,4.489,,1782126294,2026-06-22T11:04:54Z,TVC:US10Y
,,,1.1963882618510144,,,0.6285072951739524,4.483,,1782126484,2026-06-22T11:08:04Z,TVC:US10Y
,,,1.1512415349887168,,,0.5836139169472458,4.481,,1782126656,2026-06-22T11:10:56Z,TVC:US10Y
,,,1.241534988713332,,,0.673400673400679,4.485,,1782126843,2026-06-22T11:14:03Z,TVC:US10Y
,,,1.241534988713332,,,0.673400673400679,4.485,,1782127016,2026-06-22T11:16:56Z,TVC:US10Y
,,,1.241534988713332,,,0.673400673400679,4.485,,1782127202,2026-06-22T11:20:02Z,TVC:US10Y
,,,1.331828442437927,,,0.7631874298540923,4.489,,1782127385,2026-06-22T11:23:05Z,TVC:US10Y
,,,1.331828442437927,,,0.7631874298540923,4.489,,1782127560,2026-06-22T11:26:00Z,TVC:US10Y
,,,1.331828442437927,,,0.7631874298540923,4.489,,1782127740,2026-06-22T11:29:00Z,TVC:US10Y
,,,1.3769751693002246,,,0.8080808080807989,4.491,,1782127921,2026-06-22T11:32:01Z,TVC:US10Y
,,,1.2866817155756296,,,0.7182940516273856,4.487,,1782128099,2026-06-22T11:34:59Z,TVC:US10Y
,,,1.331828442437927,,,0.7631874298540923,4.489,,1782128273,2026-06-22T11:37:53Z,TVC:US10Y
,,,1.331828442437927,,,0.7631874298540923,4.489,,1782128454,2026-06-22T11:40:54Z,TVC:US10Y
,,,1.331828442437927,,,0.7631874298540923,4.489,,1782128634,2026-06-22T11:43:54Z,TVC:US10Y
,,,1.331828442437927,,,0.7631874298540923,4.489,,1782128820,2026-06-22T11:47:00Z,TVC:US10Y
,,,1.331828442437927,,,0.7631874298540923,4.489,,1782128998,2026-06-22T11:49:58Z,TVC:US10Y
,,,1.2866817155756296,,,0.7182940516273856,4.487,,1782129176,2026-06-22T11:52:56Z,TVC:US10Y
,,,1.331828442437927,,,0.7631874298540923,4.489,,1782129365,2026-06-22T11:56:05Z,TVC:US10Y
,,,1.331828442437927,,,0.7631874298540923,4.489,,1782129541,2026-06-22T11:59:01Z,TVC:US10Y
,,,1.3769751693002246,,,0.8080808080807989,4.491,,1782129725,2026-06-22T12:02:05Z,TVC:US10Y
,,,1.4672686230248395,,,0.897867564534232,4.495,,1782129897,2026-06-22T12:04:57Z,TVC:US10Y
,,,1.3769751693002246,,,0.8080808080807989,4.491,,1782130082,2026-06-22T12:08:02Z,TVC:US10Y
,,,1.512415349887137,,,0.9427609427609386,4.497,,1782130256,2026-06-22T12:10:56Z,TVC:US10Y
,,,1.4672686230248395,,,0.897867564534232,4.495,,1782130436,2026-06-22T12:13:56Z,TVC:US10Y
,,,1.422121896162542,,,0.8529741863075254,4.493,,1782130625,2026-06-22T12:17:05Z,TVC:US10Y
,,,1.4672686230248395,,,0.897867564534232,4.495,,1782130802,2026-06-22T12:20:02Z,TVC:US10Y
,,,1.241534988713332,,,0.673400673400679,4.485,,1782130981,2026-06-22T12:23:01Z,TVC:US10Y
,,,1.241534988713332,,,0.673400673400679,4.485,,1782131161,2026-06-22T12:26:01Z,TVC:US10Y
,,,1.241534988713332,,,0.673400673400679,4.485,,1782131341,2026-06-22T12:29:01Z,TVC:US10Y
,,,1.422121896162542,,,0.8529741863075254,4.493,,1782131517,2026-06-22T12:31:57Z,TVC:US10Y
,,,1.422121896162542,,,0.8529741863075254,4.493,,1782131692,2026-06-22T12:34:52Z,TVC:US10Y
,,,1.422121896162542,,,0.8529741863075254,4.493,,1782131883,2026-06-22T12:38:03Z,TVC:US10Y
,,,1.422121896162542,,,0.8529741863075254,4.493,,1782132060,2026-06-22T12:41:00Z,TVC:US10Y
,,,1.422121896162542,,,0.8529741863075254,4.493,,1782132246,2026-06-22T12:44:06Z,TVC:US10Y
,,,1.3769751693002246,,,0.8080808080807989,4.491,,1782132421,2026-06-22T12:47:01Z,TVC:US10Y
,,,1.422121896162542,,,0.8529741863075254,4.493,,1782132596,2026-06-22T12:49:56Z,TVC:US10Y
,,,1.422121896162542,,,0.8529741863075254,4.493,,1782132781,2026-06-22T12:53:01Z,TVC:US10Y
,,,1.3769751693002246,,,0.8080808080807989,4.491,,1782132959,2026-06-22T12:55:59Z,TVC:US10Y
,,,1.512415349887137,,,0.9427609427609386,4.497,,1782133147,2026-06-22T12:59:07Z,TVC:US10Y
,,,1.3769751693002246,,,0.8080808080807989,4.491,,1782133320,2026-06-22T13:02:00Z,TVC:US10Y
,,,1.3769751693002246,,,0.8080808080807989,4.491,,1782133503,2026-06-22T13:05:03Z,TVC:US10Y
,,,1.512415349887137,,,0.9427609427609386,4.497,,1782133679,2026-06-22T13:07:59Z,TVC:US10Y
,,,1.6027088036117525,,,1.0325476992143718,4.501,,1782133859,2026-06-22T13:10:59Z,TVC:US10Y
,,,1.512415349887137,,,0.9427609427609386,4.497,,1782134042,2026-06-22T13:14:02Z,TVC:US10Y
,,,1.512415349887137,,,0.9427609427609386,4.497,,1782134221,2026-06-22T13:17:01Z,TVC:US10Y
,,,1.5575620767494347,,,0.9876543209876452,4.499,,1782134402,2026-06-22T13:20:02Z,TVC:US10Y
,,,1.422121896162542,,,0.8529741863075254,4.493,,1782134577,2026-06-22T13:22:57Z,TVC:US10Y
,,,1.512415349887137,,,0.9427609427609386,4.497,,1782134757,2026-06-22T13:25:57Z,TVC:US10Y
,,,1.4672686230248395,,,0.897867564534232,4.495,,1782134943,2026-06-22T13:29:03Z,TVC:US10Y
,,,1.3769751693002246,,,0.8080808080807989,4.491,,1782135130,2026-06-22T13:32:10Z,TVC:US10Y
,,,1.331828442437927,,,0.7631874298540923,4.489,,1782135303,2026-06-22T13:35:03Z,TVC:US10Y
,,,1.512415349887137,,,0.9427609427609386,4.497,,1782135482,2026-06-22T13:38:02Z,TVC:US10Y
,,,1.4672686230248395,,,0.897867564534232,4.495,,1782135659,2026-06-22T13:40:59Z,TVC:US10Y
,,,1.6930022573363472,,,1.122334455667785,4.505,,1782135835,2026-06-22T13:43:55Z,TVC:US10Y
,,,1.5575620767494347,,,0.9876543209876452,4.499,,1782136021,2026-06-22T13:47:01Z,TVC:US10Y
,,,1.422121896162542,,,0.8529741863075254,4.493,,1782136205,2026-06-22T13:50:05Z,TVC:US10Y
,,,1.5575620767494347,,,0.9876543209876452,4.499,,1782136376,2026-06-22T13:52:56Z,TVC:US10Y
,,,1.6027088036117525,,,1.0325476992143718,4.501,,1782136560,2026-06-22T13:56:00Z,TVC:US10Y
,,,1.6478555304740496,,,1.0774410774410783,4.503,,1782136733,2026-06-22T13:58:53Z,TVC:US10Y
,,,1.6930022573363472,,,1.122334455667785,4.505,,1782136921,2026-06-22T14:02:01Z,TVC:US10Y
,,,1.6027088036117525,,,1.0325476992143718,4.501,,1782137093,2026-06-22T14:04:53Z,TVC:US10Y
,,,1.5575620767494347,,,0.9876543209876452,4.499,,1782137280,2026-06-22T14:08:00Z,TVC:US10Y
,,,1.5575620767494347,,,0.9876543209876452,4.499,,1782137463,2026-06-22T14:11:03Z,TVC:US10Y
,,,1.422121896162542,,,0.8529741863075254,4.493,,1782137636,2026-06-22T14:13:56Z,TVC:US10Y
,,,1.3769751693002246,,,0.8080808080807989,4.491,,1782137825,2026-06-22T14:17:05Z,TVC:US10Y
,,,1.422121896162542,,,0.8529741863075254,4.493,,1782138007,2026-06-22T14:20:07Z,TVC:US10Y
,,,1.422121896162542,,,0.8529741863075254,4.493,,1782138186,2026-06-22T14:23:06Z,TVC:US10Y
,,,1.4672686230248395,,,0.897867564534232,4.495,,1782138353,2026-06-22T14:25:53Z,TVC:US10Y
,,,1.512415349887137,,,0.9427609427609386,4.497,,1782138535,2026-06-22T14:28:55Z,TVC:US10Y
,,,1.6027088036117525,,,1.0325476992143718,4.501,,1782138725,2026-06-22T14:32:05Z,TVC:US10Y
,,,1.6027088036117525,,,1.0325476992143718,4.501,,1782138906,2026-06-22T14:35:06Z,TVC:US10Y
,,,1.6027088036117525,,,1.0325476992143718,4.501,,1782139083,2026-06-22T14:38:03Z,TVC:US10Y
,,,1.6027088036117525,,,1.0325476992143718,4.501,,1782139264,2026-06-22T14:41:04Z,TVC:US10Y
,,,1.512415349887137,,,0.9427609427609386,4.497,,1782139442,2026-06-22T14:44:02Z,TVC:US10Y
,,,1.4672686230248395,,,0.897867564534232,4.495,,1782139619,2026-06-22T14:46:59Z,TVC:US10Y
,,,1.512415349887137,,,0.9427609427609386,4.497,,1782139805,2026-06-22T14:50:05Z,TVC:US10Y
,,,1.512415349887137,,,0.9427609427609386,4.497,,1782139982,2026-06-22T14:53:02Z,TVC:US10Y
,,,1.512415349887137,,,0.9427609427609386,4.497,,1782140162,2026-06-22T14:56:02Z,TVC:US10Y
,,,1.5575620767494347,,,0.9876543209876452,4.499,,1782140341,2026-06-22T14:59:01Z,TVC:US10Y
,,,1.512415349887137,,,0.9427609427609386,4.497,,1782140523,2026-06-22T15:02:03Z,TVC:US10Y
,,,1.512415349887137,,,0.9427609427609386,4.497,,1782140701,2026-06-22T15:05:01Z,TVC:US10Y
,,,1.512415349887137,,,0.9427609427609386,4.497,,1782140880,2026-06-22T15:08:00Z,TVC:US10Y
,,,1.422121896162542,,,0.8529741863075254,4.493,,1782141055,2026-06-22T15:10:55Z,TVC:US10Y
,,,1.422121896162542,,,0.8529741863075254,4.493,,1782141240,2026-06-22T15:14:00Z,TVC:US10Y
,,,1.422121896162542,,,0.8529741863075254,4.493,,1782141422,2026-06-22T15:17:02Z,TVC:US10Y
,,,1.422121896162542,,,0.8529741863075254,4.493,,1782141607,2026-06-22T15:20:07Z,TVC:US10Y
,,,1.422121896162542,,,0.8529741863075254,4.493,,1782141780,2026-06-22T15:23:00Z,TVC:US10Y
,,,1.422121896162542,,,0.8529741863075254,4.493,,1782141959,2026-06-22T15:25:59Z,TVC:US10Y
,,,1.512415349887137,,,0.9427609427609386,4.497,,1782142135,2026-06-22T15:28:55Z,TVC:US10Y
,,,1.6027088036117525,,,1.0325476992143718,4.501,,1782142317,2026-06-22T15:31:57Z,TVC:US10Y
,,,1.5575620767494347,,,0.9876543209876452,4.499,,1782142494,2026-06-22T15:34:54Z,TVC:US10Y
,,,1.512415349887137,,,0.9427609427609386,4.497,,1782142682,2026-06-22T15:38:02Z,TVC:US10Y
,,,1.512415349887137,,,0.9427609427609386,4.497,,1782142859,2026-06-22T15:40:59Z,TVC:US10Y
,,,1.512415349887137,,,0.9427609427609386,4.497,,1782143036,2026-06-22T15:43:56Z,TVC:US10Y
,,,1.6027088036117525,,,1.0325476992143718,4.501,,1782143217,2026-06-22T15:46:57Z,TVC:US10Y
,,,1.7832957110609624,,,1.2121212121212182,4.509,,1782143392,2026-06-22T15:49:52Z,TVC:US10Y
,,,1.6930022573363472,,,1.122334455667785,4.505,,1782143588,2026-06-22T15:53:08Z,TVC:US10Y
,,,1.6930022573363472,,,1.122334455667785,4.505,,1782143760,2026-06-22T15:56:00Z,TVC:US10Y
,,,1.6930022573363472,,,1.122334455667785,4.505,,1782143933,2026-06-22T15:58:53Z,TVC:US10Y
,,,1.7832957110609624,,,1.2121212121212182,4.509,,1782144123,2026-06-22T16:02:03Z,TVC:US10Y
,,,1.7832957110609624,,,1.2121212121212182,4.509,,1782144299,2026-06-22T16:04:59Z,TVC:US10Y
,,,1.7832957110609624,,,1.2121212121212182,4.509,,1782144479,2026-06-22T16:07:59Z,TVC:US10Y
,,,1.7832957110609624,,,1.2121212121212182,4.509,,1782144659,2026-06-22T16:10:59Z,TVC:US10Y
,,,1.7832957110609624,,,1.2121212121212182,4.509,,1782144841,2026-06-22T16:14:01Z,TVC:US10Y
,,,1.7381489841986448,,,1.1672278338944917,4.507,,1782145026,2026-06-22T16:17:06Z,TVC:US10Y
,,,1.7832957110609624,,,1.2121212121212182,4.509,,1782145205,2026-06-22T16:20:05Z,TVC:US10Y
,,,1.82844243792326,,,1.2570145903479248,4.511,,1782145378,2026-06-22T16:22:58Z,TVC:US10Y
,,,1.7832957110609624,,,1.2121212121212182,4.509,,1782145561,2026-06-22T16:26:01Z,TVC:US10Y
,,,1.7832957110609624,,,1.2121212121212182,4.509,,1782145741,2026-06-22T16:29:01Z,TVC:US10Y
,,,1.7832957110609624,,,1.2121212121212182,4.509,,1782145923,2026-06-22T16:32:03Z,TVC:US10Y
,,,1.82844243792326,,,1.2570145903479248,4.511,,1782146098,2026-06-22T16:34:58Z,TVC:US10Y
,,,1.7832957110609624,,,1.2121212121212182,4.509,,1782146277,2026-06-22T16:37:57Z,TVC:US10Y
,,,1.7832957110609624,,,1.2121212121212182,4.509,,1782146465,2026-06-22T16:41:05Z,TVC:US10Y
,,,1.7832957110609624,,,1.2121212121212182,4.509,,1782146643,2026-06-22T16:44:03Z,TVC:US10Y
,,,1.7832957110609624,,,1.2121212121212182,4.509,,1782146819,2026-06-22T16:46:59Z,TVC:US10Y
,,,1.7832957110609624,,,1.2121212121212182,4.509,,1782146995,2026-06-22T16:49:55Z,TVC:US10Y
,,,1.7832957110609624,,,1.2121212121212182,4.509,,1782147180,2026-06-22T16:53:00Z,TVC:US10Y
,,,1.7381489841986448,,,1.1672278338944917,4.507,,1782147358,2026-06-22T16:55:58Z,TVC:US10Y
,,,1.6930022573363472,,,1.122334455667785,4.505,,1782147543,2026-06-22T16:59:03Z,TVC:US10Y
,,,1.7381489841986448,,,1.1672278338944917,4.507,,1782147717,2026-06-22T17:01:57Z,TVC:US10Y
,,,1.7381489841986448,,,1.1672278338944917,4.507,,1782147898,2026-06-22T17:04:58Z,TVC:US10Y
,,,1.7381489841986448,,,1.1672278338944917,4.507,,1782148088,2026-06-22T17:08:08Z,TVC:US10Y
,,,1.7832957110609624,,,1.2121212121212182,4.509,,1782148257,2026-06-22T17:10:57Z,TVC:US10Y
,,,1.7832957110609624,,,1.2121212121212182,4.509,,1782148437,2026-06-22T17:13:57Z,TVC:US10Y
,,,1.7832957110609624,,,1.2121212121212182,4.509,,1782148618,2026-06-22T17:16:58Z,TVC:US10Y
,,,1.7832957110609624,,,1.2121212121212182,4.509,,1782148791,2026-06-22T17:19:51Z,TVC:US10Y
,,,1.7832957110609624,,,1.2121212121212182,4.509,,1782148983,2026-06-22T17:23:03Z,TVC:US10Y
,,,1.7832957110609624,,,1.2121212121212182,4.509,,1782149156,2026-06-22T17:25:56Z,TVC:US10Y
,,,1.7832957110609624,,,1.2121212121212182,4.509,,1782149341,2026-06-22T17:29:01Z,TVC:US10Y
,,,1.8735891647855567,,,1.301907968574631,4.513,,1782149519,2026-06-22T17:31:59Z,TVC:US10Y
,,,1.8735891647855567,,,1.301907968574631,4.513,,1782149706,2026-06-22T17:35:06Z,TVC:US10Y
,,,1.8735891647855567,,,1.301907968574631,4.513,,1782149881,2026-06-22T17:38:01Z,TVC:US10Y
,,,1.8735891647855567,,,1.301907968574631,4.513,,1782150059,2026-06-22T17:40:59Z,TVC:US10Y
,,,1.8735891647855567,,,1.301907968574631,4.513,,1782150249,2026-06-22T17:44:09Z,TVC:US10Y
,,,1.8735891647855567,,,1.301907968574631,4.513,,1782150421,2026-06-22T17:47:01Z,TVC:US10Y
,,,1.8735891647855567,,,1.301907968574631,4.513,,1782150602,2026-06-22T17:50:02Z,TVC:US10Y
,,,1.8735891647855567,,,1.301907968574631,4.513,,1782150771,2026-06-22T17:52:51Z,TVC:US10Y
,,,1.8735891647855567,,,1.301907968574631,4.513,,1782150968,2026-06-22T17:56:08Z,TVC:US10Y
,,,1.82844243792326,,,1.2570145903479248,4.511,,1782151135,2026-06-22T17:58:55Z,TVC:US10Y
,,,1.7832957110609624,,,1.2121212121212182,4.509,,1782151315,2026-06-22T18:01:55Z,TVC:US10Y
,,,1.7832957110609624,,,1.2121212121212182,4.509,,1782151507,2026-06-22T18:05:07Z,TVC:US10Y
,,,1.6930022573363472,,,1.122334455667785,4.505,,1782151680,2026-06-22T18:08:00Z,TVC:US10Y
,,,1.6930022573363472,,,1.122334455667785,4.505,,1782151860,2026-06-22T18:11:00Z,TVC:US10Y
,,,1.7381489841986448,,,1.1672278338944917,4.507,,1782152042,2026-06-22T18:14:02Z,TVC:US10Y
,,,1.6930022573363472,,,1.122334455667785,4.505,,1782152221,2026-06-22T18:17:01Z,TVC:US10Y
,,,1.7832957110609624,,,1.2121212121212182,4.509,,1782152400,2026-06-22T18:20:00Z,TVC:US10Y
,,,1.82844243792326,,,1.2570145903479248,4.511,,1782152583,2026-06-22T18:23:03Z,TVC:US10Y
,,,1.7832957110609624,,,1.2121212121212182,4.509,,1782152763,2026-06-22T18:26:03Z,TVC:US10Y
,,,1.82844243792326,,,1.2570145903479248,4.511,,1782152945,2026-06-22T18:29:05Z,TVC:US10Y
,,,1.7832957110609624,,,1.2121212121212182,4.509,,1782153115,2026-06-22T18:31:55Z,TVC:US10Y
,,,1.7832957110609624,,,1.2121212121212182,4.509,,1782153307,2026-06-22T18:35:07Z,TVC:US10Y
,,,1.7832957110609624,,,1.2121212121212182,4.509,,1782153480,2026-06-22T18:38:00Z,TVC:US10Y
,,,1.82844243792326,,,1.2570145903479248,4.511,,1782153660,2026-06-22T18:41:00Z,TVC:US10Y
,,,1.7832957110609624,,,1.2121212121212182,4.509,,1782153839,2026-06-22T18:43:59Z,TVC:US10Y
,,,1.7381489841986448,,,1.1672278338944917,4.507,,1782154022,2026-06-22T18:47:02Z,TVC:US10Y
,,,1.7832957110609624,,,1.2121212121212182,4.509,,1782154195,2026-06-22T18:49:55Z,TVC:US10Y
,,,1.7381489841986448,,,1.1672278338944917,4.507,,1782154386,2026-06-22T18:53:06Z,TVC:US10Y
,,,1.7832957110609624,,,1.2121212121212182,4.509,,1782154564,2026-06-22T18:56:04Z,TVC:US10Y
,,,1.7832957110609624,,,1.2121212121212182,4.509,,1782154742,2026-06-22T18:59:02Z,TVC:US10Y
,,,1.7832957110609624,,,1.2121212121212182,4.509,,1782154917,2026-06-22T19:01:57Z,TVC:US10Y
,,,1.7832957110609624,,,1.2121212121212182,4.509,,1782155100,2026-06-22T19:05:00Z,TVC:US10Y
,,,1.7832957110609624,,,1.2121212121212182,4.509,,1782155286,2026-06-22T19:08:06Z,TVC:US10Y
,,,1.7832957110609624,,,1.2121212121212182,4.509,,1782155459,2026-06-22T19:10:59Z,TVC:US10Y
,,,1.7832957110609624,,,1.2121212121212182,4.509,,1782155637,2026-06-22T19:13:57Z,TVC:US10Y
,,,1.7832957110609624,,,1.2121212121212182,4.509,,1782155824,2026-06-22T19:17:04Z,TVC:US10Y
,,,1.7832957110609624,,,1.2121212121212182,4.509,,1782156000,2026-06-22T19:20:00Z,TVC:US10Y
,,,1.7832957110609624,,,1.2121212121212182,4.509,,1782156183,2026-06-22T19:23:03Z,TVC:US10Y
,,,1.7832957110609624,,,1.2121212121212182,4.509,,1782156361,2026-06-22T19:26:01Z,TVC:US10Y
,,,1.7832957110609624,,,1.2121212121212182,4.509,,1782156538,2026-06-22T19:28:58Z,TVC:US10Y
,,,1.7832957110609624,,,1.2121212121212182,4.509,,1782156720,2026-06-22T19:32:00Z,TVC:US10Y
,,,1.7832957110609624,,,1.2121212121212182,4.509,,1782156896,2026-06-22T19:34:56Z,TVC:US10Y
,,,1.7832957110609624,,,1.2121212121212182,4.509,,1782157076,2026-06-22T19:37:56Z,TVC:US10Y
,,,1.7832957110609624,,,1.2121212121212182,4.509,,1782157256,2026-06-22T19:40:56Z,TVC:US10Y
,,,1.7832957110609624,,,1.2121212121212182,4.509,,1782157442,2026-06-22T19:44:02Z,TVC:US10Y
,,,1.7832957110609624,,,1.2121212121212182,4.509,,1782157625,2026-06-22T19:47:05Z,TVC:US10Y
,,,1.7832957110609624,,,1.2121212121212182,4.509,,1782157799,2026-06-22T19:49:59Z,TVC:US10Y
,,,1.7832957110609624,,,1.2121212121212182,4.509,,1782157979,2026-06-22T19:52:59Z,TVC:US10Y
,,,1.7832957110609624,,,1.2121212121212182,4.509,,1782158166,2026-06-22T19:56:06Z,TVC:US10Y
,,,1.7381489841986448,,,1.1672278338944917,4.507,,1782158340,2026-06-22T19:59:00Z,TVC:US10Y
,,,1.7381489841986448,,,1.1672278338944917,4.507,,1782158515,2026-06-22T20:01:55Z,TVC:US10Y
,,,1.7832957110609624,,,1.2121212121212182,4.509,,1782158699,2026-06-22T20:04:59Z,TVC:US10Y
,,,1.7832957110609624,,,1.2121212121212182,4.509,,1782158878,2026-06-22T20:07:58Z,TVC:US10Y
,,,1.7832957110609624,,,1.2121212121212182,4.509,,1782159064,2026-06-22T20:11:04Z,TVC:US10Y
,,,1.7832957110609624,,,1.2121212121212182,4.509,,1782159248,2026-06-22T20:14:08Z,TVC:US10Y
,,,1.7381489841986448,,,1.1672278338944917,4.507,,1782159420,2026-06-22T20:17:00Z,TVC:US10Y
,,,1.7832957110609624,,,1.2121212121212182,4.509,,1782159600,2026-06-22T20:20:00Z,TVC:US10Y
,,,1.7832957110609624,,,1.2121212121212182,4.509,,1782159784,2026-06-22T20:23:04Z,TVC:US10Y
,,,1.7832957110609624,,,1.2121212121212182,4.509,,1782159959,2026-06-22T20:25:59Z,TVC:US10Y
,,,1.7832957110609624,,,1.2121212121212182,4.509,,1782160139,2026-06-22T20:28:59Z,TVC:US10Y
,,,1.7832957110609624,,,1.2121212121212182,4.509,,1782160316,2026-06-22T20:31:56Z,TVC:US10Y
,,,1.7832957110609624,,,1.2121212121212182,4.509,,1782160499,2026-06-22T20:34:59Z,TVC:US10Y
,,,1.7381489841986448,,,1.1672278338944917,4.507,,1782160674,2026-06-22T20:37:54Z,TVC:US10Y
,,,1.7832957110609624,,,1.2121212121212182,4.509,,1782160861,2026-06-22T20:41:01Z,TVC:US10Y
,,,1.7832957110609624,,,1.2121212121212182,4.509,,1782161036,2026-06-22T20:43:56Z,TVC:US10Y
,,,1.7832957110609624,,,1.2121212121212182,4.509,,1782161220,2026-06-22T20:47:00Z,TVC:US10Y
,,,1.7832957110609624,,,1.2121212121212182,4.509,,1782161398,2026-06-22T20:49:58Z,TVC:US10Y
,,,1.7832957110609624,,,1.2121212121212182,4.509,,1782161579,2026-06-22T20:52:59Z,TVC:US10Y
,,,1.7832957110609624,,,1.2121212121212182,4.509,,1782161756,2026-06-22T20:55:56Z,TVC:US10Y
,,,1.8735891647855567,,,1.301907968574631,4.513,,1782161938,2026-06-22T20:58:58Z,TVC:US10Y
,,,1.8735891647855567,,,1.301907968574631,4.513,,1782162114,2026-06-22T21:01:54Z,TVC:US10Y
,,,1.8735891647855567,,,1.301907968574631,4.513,,1782162299,2026-06-22T21:04:59Z,TVC:US10Y
,,,1.7832957110609624,,,1.2121212121212182,4.509,,1782162480,2026-06-22T21:08:00Z,TVC:US10Y
,,,1.7832957110609624,,,1.2121212121212182,4.509,,1782162665,2026-06-22T21:11:05Z,TVC:US10Y
,,,1.7832957110609624,,,1.2121212121212182,4.509,,1782162839,2026-06-22T21:13:59Z,TVC:US10Y
,,,1.7832957110609624,,,1.2121212121212182,4.509,,1782163016,2026-06-22T21:16:56Z,TVC:US10Y
,,,1.7832957110609624,,,1.2121212121212182,4.509,,1782163200,2026-06-22T21:20:00Z,TVC:US10Y
,,,1.7832957110609624,,,1.2121212121212182,4.509,,1782163380,2026-06-22T21:23:00Z,TVC:US10Y
,,,1.7832957110609624,,,1.2121212121212182,4.509,,1782163555,2026-06-22T21:25:55Z,TVC:US10Y
,,,1.7832957110609624,,,1.2121212121212182,4.509,,1782163742,2026-06-22T21:29:02Z,TVC:US10Y
,,,1.7832957110609624,,,1.2121212121212182,4.509,,1782163916,2026-06-22T21:31:56Z,TVC:US10Y
,,,1.7832957110609624,,,1.2121212121212182,4.509,,1782164094,2026-06-22T21:34:54Z,TVC:US10Y
,,,1.7832957110609624,,,1.2121212121212182,4.509,,1782164281,2026-06-22T21:38:01Z,TVC:US10Y
,,,1.7832957110609624,,,1.2121212121212182,4.509,,1782164460,2026-06-22T21:41:00Z,TVC:US10Y
,,,1.7832957110609624,,,1.2121212121212182,4.509,,1782164639,2026-06-22T21:43:59Z,TVC:US10Y
,,,1.7832957110609624,,,1.2121212121212182,4.509,,1782164825,2026-06-22T21:47:05Z,TVC:US10Y
,,,1.7832957110609624,,,1.2121212121212182,4.509,,1782164995,2026-06-22T21:49:55Z,TVC:US10Y
,,,1.7832957110609624,,,1.2121212121212182,4.509,,1782165179,2026-06-22T21:52:59Z,TVC:US10Y
,,,1.7832957110609624,,,1.2121212121212182,4.509,,1782165359,2026-06-22T21:55:59Z,TVC:US10Y
,,,1.7832957110609624,,,1.2121212121212182,4.509,,1782165535,2026-06-22T21:58:55Z,TVC:US10Y
,,,1.7832957110609624,,,1.2121212121212182,4.509,,1782165720,2026-06-22T22:02:00Z,TVC:US10Y
,,,1.7832957110609624,,,1.2121212121212182,4.509,,1782165908,2026-06-22T22:05:08Z,TVC:US10Y
,,,1.7832957110609624,,,1.2121212121212182,4.509,,1782166077,2026-06-22T22:07:57Z,TVC:US10Y
,,,1.7832957110609624,,,1.2121212121212182,4.509,,1782166257,2026-06-22T22:10:57Z,TVC:US10Y
,,,1.7832957110609624,,,1.2121212121212182,4.509,,1782166441,2026-06-22T22:14:01Z,TVC:US10Y
,,,1.7832957110609624,,,1.2121212121212182,4.509,,1782166612,2026-06-22T22:16:52Z,TVC:US10Y
,,,1.7832957110609624,,,1.2121212121212182,4.509,,1782166799,2026-06-22T22:19:59Z,TVC:US10Y
,,,1.7832957110609624,,,1.2121212121212182,4.509,,1782166980,2026-06-22T22:23:00Z,TVC:US10Y
,,,1.7832957110609624,,,1.2121212121212182,4.509,,1782167154,2026-06-22T22:25:54Z,TVC:US10Y
,,,1.7832957110609624,,,1.2121212121212182,4.509,,1782167340,2026-06-22T22:29:00Z,TVC:US10Y
,,,1.7832957110609624,,,1.2121212121212182,4.509,,1782167517,2026-06-22T22:31:57Z,TVC:US10Y
,,,1.7832957110609624,,,1.2121212121212182,4.509,,1782167701,2026-06-22T22:35:01Z,TVC:US10Y
,,,1.7832957110609624,,,1.2121212121212182,4.509,,1782167877,2026-06-22T22:37:57Z,TVC:US10Y
,,,1.7832957110609624,,,1.2121212121212182,4.509,,1782168064,2026-06-22T22:41:04Z,TVC:US10Y
,,,1.7832957110609624,,,1.2121212121212182,4.509,,1782168234,2026-06-22T22:43:54Z,TVC:US10Y
,,,1.7832957110609624,,,1.2121212121212182,4.509,,1782168420,2026-06-22T22:47:00Z,TVC:US10Y
,,,1.7832957110609624,,,1.2121212121212182,4.509,,1782168597,2026-06-22T22:49:57Z,TVC:US10Y
,,,1.7832957110609624,,,1.2121212121212182,4.509,,1782168777,2026-06-22T22:52:57Z,TVC:US10Y
,,,1.7832957110609624,,,1.2121212121212182,4.509,,1782168959,2026-06-22T22:55:59Z,TVC:US10Y
,,,1.7832957110609624,,,1.2121212121212182,4.509,,1782169143,2026-06-22T22:59:03Z,TVC:US10Y
,,,1.7832957110609624,,,1.2121212121212182,4.509,,1782169323,2026-06-22T23:02:03Z,TVC:US10Y
,,,1.7832957110609624,,,1.2121212121212182,4.509,,1782169498,2026-06-22T23:04:58Z,TVC:US10Y
,,,1.7832957110609624,,,1.2121212121212182,4.509,,1782169688,2026-06-22T23:08:08Z,TVC:US10Y
,,,1.7832957110609624,,,1.2121212121212182,4.509,,1782169857,2026-06-22T23:10:57Z,TVC:US10Y
,,,1.7832957110609624,,,1.2121212121212182,4.509,,1782170035,2026-06-22T23:13:55Z,TVC:US10Y
,,,1.7832957110609624,,,1.2121212121212182,4.509,,1782170224,2026-06-22T23:17:04Z,TVC:US10Y
,,,1.7832957110609624,,,1.2121212121212182,4.509,,1782170398,2026-06-22T23:19:58Z,TVC:US10Y
,,,1.7832957110609624,,,1.2121212121212182,4.509,,1782170580,2026-06-22T23:23:00Z,TVC:US10Y
,,,1.7832957110609624,,,1.2121212121212182,4.509,,1782170760,2026-06-22T23:26:00Z,TVC:US10Y
,,,1.7832957110609624,,,1.2121212121212182,4.509,,1782170939,2026-06-22T23:28:59Z,TVC:US10Y
,,,1.7832957110609624,,,1.2121212121212182,4.509,,1782171123,2026-06-22T23:32:03Z,TVC:US10Y
,,,1.7832957110609624,,,1.2121212121212182,4.509,,1782171305,2026-06-22T23:35:05Z,TVC:US10Y
,,,1.7832957110609624,,,1.2121212121212182,4.509,,1782171483,2026-06-22T23:38:03Z,TVC:US10Y
,,,1.7832957110609624,,,1.2121212121212182,4.509,,1782171665,2026-06-22T23:41:05Z,TVC:US10Y
,,,1.7832957110609624,,,1.2121212121212182,4.509,,1782171848,2026-06-22T23:44:08Z,TVC:US10Y
,,,1.7832957110609624,,,1.2121212121212182,4.509,,1782172022,2026-06-22T23:47:02Z,TVC:US10Y
,,,1.7832957110609624,,,1.2121212121212182,4.509,,1782172197,2026-06-22T23:49:57Z,TVC:US10Y
,,,1.7832957110609624,,,1.2121212121212182,4.509,,1782172379,2026-06-22T23:52:59Z,TVC:US10Y
,,,1.7832957110609624,,,1.2121212121212182,4.509,,1782172551,2026-06-22T23:55:51Z,TVC:US10Y
,,,1.7832957110609624,,,1.2121212121212182,4.509,,1782172741,2026-06-22T23:59:01Z,TVC:US10Y
,,,1.7832957110609624,,,1.2121212121212182,4.509,,1782172923,2026-06-23T00:02:03Z,TVC:US10Y
,,,1.7832957110609624,,,1.2121212121212182,4.509,,1782173098,2026-06-23T00:04:58Z,TVC:US10Y
,,,0.7147643511279881,,,0.0,4.509,,1782173284,2026-06-23T00:08:04Z,TVC:US10Y
,,,0.7147643511279881,,,0.0,4.509,,1782173464,2026-06-23T00:11:04Z,TVC:US10Y
,,,0.7147643511279881,,,0.0,4.509,,1782173645,2026-06-23T00:14:05Z,TVC:US10Y
,,,0.6254188072369796,,,-0.0887114659569848,4.505,,1782173818,2026-06-23T00:16:58Z,TVC:US10Y
,,,0.6254188072369796,,,-0.0887114659569848,4.505,,1782174000,2026-06-23T00:20:00Z,TVC:US10Y
,,,0.6254188072369796,,,-0.0887114659569848,4.505,,1782174174,2026-06-23T00:22:54Z,TVC:US10Y
,,,0.5807460352914854,,,-0.1330671989354674,4.503,,1782174363,2026-06-23T00:26:03Z,TVC:US10Y
,,,0.536073263345991,,,-0.17742293191395,4.501,,1782174537,2026-06-23T00:28:57Z,TVC:US10Y
,,,0.536073263345991,,,-0.17742293191395,4.501,,1782174720,2026-06-23T00:32:00Z,TVC:US10Y
,,,0.6254188072369796,,,-0.0887114659569848,4.505,,1782174906,2026-06-23T00:35:06Z,TVC:US10Y
,,,0.6254188072369796,,,-0.0887114659569848,4.505,,1782175080,2026-06-23T00:38:00Z,TVC:US10Y
,,,0.6254188072369796,,,-0.0887114659569848,4.505,,1782175261,2026-06-23T00:41:01Z,TVC:US10Y
,,,0.6254188072369796,,,-0.0887114659569848,4.505,,1782175441,2026-06-23T00:44:01Z,TVC:US10Y
,,,0.6254188072369796,,,-0.0887114659569848,4.505,,1782175621,2026-06-23T00:47:01Z,TVC:US10Y
,,,0.6254188072369796,,,-0.0887114659569848,4.505,,1782175799,2026-06-23T00:49:59Z,TVC:US10Y
,,,0.6254188072369796,,,-0.0887114659569848,4.505,,1782175980,2026-06-23T00:53:00Z,TVC:US10Y
,,,0.6254188072369796,,,-0.0887114659569848,4.505,,1782176161,2026-06-23T00:56:01Z,TVC:US10Y
,,,0.6254188072369796,,,-0.0887114659569848,4.505,,1782176343,2026-06-23T00:59:03Z,TVC:US10Y
,,,0.6254188072369796,,,-0.0887114659569848,4.505,,1782176512,2026-06-23T01:01:52Z,TVC:US10Y
,,,0.6254188072369796,,,-0.0887114659569848,4.505,,1782176696,2026-06-23T01:04:56Z,TVC:US10Y
,,,0.6254188072369796,,,-0.0887114659569848,4.505,,1782176881,2026-06-23T01:08:01Z,TVC:US10Y
,,,0.670091579182474,,,-0.0443557329785022,4.507,,1782177055,2026-06-23T01:10:55Z,TVC:US10Y
,,,0.670091579182474,,,-0.0443557329785022,4.507,,1782177239,2026-06-23T01:13:59Z,TVC:US10Y
,,,0.670091579182474,,,-0.0443557329785022,4.507,,1782177417,2026-06-23T01:16:57Z,TVC:US10Y
,,,0.670091579182474,,,-0.0443557329785022,4.507,,1782177598,2026-06-23T01:19:58Z,TVC:US10Y
,,,0.7147643511279881,,,0.0,4.509,,1782177778,2026-06-23T01:22:58Z,TVC:US10Y
,,,0.6254188072369796,,,-0.0887114659569848,4.505,,1782177955,2026-06-23T01:25:55Z,TVC:US10Y
,,,0.670091579182474,,,-0.0443557329785022,4.507,,1782178144,2026-06-23T01:29:04Z,TVC:US10Y
,,,0.6254188072369796,,,-0.0887114659569848,4.505,,1782178323,2026-06-23T01:32:03Z,TVC:US10Y
,,,0.6254188072369796,,,-0.0887114659569848,4.505,,1782178497,2026-06-23T01:34:57Z,TVC:US10Y
,,,0.6254188072369796,,,-0.0887114659569848,4.505,,1782178678,2026-06-23T01:37:58Z,TVC:US10Y
,,,0.6254188072369796,,,-0.0887114659569848,4.505,,1782178858,2026-06-23T01:40:58Z,TVC:US10Y
,,,0.6254188072369796,,,-0.0887114659569848,4.505,,1782179044,2026-06-23T01:44:04Z,TVC:US10Y
,,,0.6254188072369796,,,-0.0887114659569848,4.505,,1782179225,2026-06-23T01:47:05Z,TVC:US10Y
,,,0.536073263345991,,,-0.17742293191395,4.501,,1782179390,2026-06-23T01:49:50Z,TVC:US10Y
,,,0.536073263345991,,,-0.17742293191395,4.501,,1782179585,2026-06-23T01:53:05Z,TVC:US10Y
,,,0.536073263345991,,,-0.17742293191395,4.501,,1782179763,2026-06-23T01:56:03Z,TVC:US10Y
,,,0.536073263345991,,,-0.17742293191395,4.501,,1782179939,2026-06-23T01:58:59Z,TVC:US10Y
,,,0.536073263345991,,,-0.17742293191395,4.501,,1782180124,2026-06-23T02:02:04Z,TVC:US10Y
,,,0.4914004914004769,,,-0.2217786648924523,4.499,,1782180308,2026-06-23T02:05:08Z,TVC:US10Y
,,,0.536073263345991,,,-0.17742293191395,4.501,,1782180483,2026-06-23T02:08:03Z,TVC:US10Y
,,,0.536073263345991,,,-0.17742293191395,4.501,,1782180653,2026-06-23T02:10:53Z,TVC:US10Y
,,,0.536073263345991,,,-0.17742293191395,4.501,,1782180839,2026-06-23T02:13:59Z,TVC:US10Y
,,,0.536073263345991,,,-0.17742293191395,4.501,,1782181018,2026-06-23T02:16:58Z,TVC:US10Y
,,,0.536073263345991,,,-0.17742293191395,4.501,,1782181209,2026-06-23T02:20:09Z,TVC:US10Y
,,,0.536073263345991,,,-0.17742293191395,4.501,,1782181384,2026-06-23T02:23:04Z,TVC:US10Y
,,,0.536073263345991,,,-0.17742293191395,4.501,,1782181552,2026-06-23T02:25:52Z,TVC:US10Y
,,,0.536073263345991,,,-0.17742293191395,4.501,,1782181737,2026-06-23T02:28:57Z,TVC:US10Y
,,,0.536073263345991,,,-0.17742293191395,4.501,,1782181921,2026-06-23T02:32:01Z,TVC:US10Y
,,,0.5807460352914854,,,-0.1330671989354674,4.503,,1782182100,2026-06-23T02:35:00Z,TVC:US10Y
,,,0.5807460352914854,,,-0.1330671989354674,4.503,,1782182284,2026-06-23T02:38:04Z,TVC:US10Y
,,,0.536073263345991,,,-0.17742293191395,4.501,,1782182465,2026-06-23T02:41:05Z,TVC:US10Y
,,,0.536073263345991,,,-0.17742293191395,4.501,,1782182637,2026-06-23T02:43:57Z,TVC:US10Y
,,,0.536073263345991,,,-0.17742293191395,4.501,,1782182821,2026-06-23T02:47:01Z,TVC:US10Y
,,,0.536073263345991,,,-0.17742293191395,4.501,,1782183001,2026-06-23T02:50:01Z,TVC:US10Y
,,,0.536073263345991,,,-0.17742293191395,4.501,,1782183189,2026-06-23T02:53:09Z,TVC:US10Y
,,,0.536073263345991,,,-0.17742293191395,4.501,,1782183362,2026-06-23T02:56:02Z,TVC:US10Y
,,,0.536073263345991,,,-0.17742293191395,4.501,,1782183534,2026-06-23T02:58:54Z,TVC:US10Y
,,,0.4914004914004769,,,-0.2217786648924523,4.499,,1782183726,2026-06-23T03:02:06Z,TVC:US10Y
,,,0.4914004914004769,,,-0.2217786648924523,4.499,,1782183903,2026-06-23T03:05:03Z,TVC:US10Y
,,,0.536073263345991,,,-0.17742293191395,4.501,,1782184082,2026-06-23T03:08:02Z,TVC:US10Y
,,,0.536073263345991,,,-0.17742293191395,4.501,,1782184255,2026-06-23T03:10:55Z,TVC:US10Y
,,,0.536073263345991,,,-0.17742293191395,4.501,,1782184433,2026-06-23T03:13:53Z,TVC:US10Y
,,,0.536073263345991,,,-0.17742293191395,4.501,,1782184619,2026-06-23T03:16:59Z,TVC:US10Y
,,,0.536073263345991,,,-0.17742293191395,4.501,,1782184805,2026-06-23T03:20:05Z,TVC:US10Y
,,,0.536073263345991,,,-0.17742293191395,4.501,,1782184984,2026-06-23T03:23:04Z,TVC:US10Y
,,,0.536073263345991,,,-0.17742293191395,4.501,,1782185158,2026-06-23T03:25:58Z,TVC:US10Y
,,,0.536073263345991,,,-0.17742293191395,4.501,,1782185343,2026-06-23T03:29:03Z,TVC:US10Y
,,,0.536073263345991,,,-0.17742293191395,4.501,,1782185514,2026-06-23T03:31:54Z,TVC:US10Y
,,,0.4914004914004769,,,-0.2217786648924523,4.499,,1782185696,2026-06-23T03:34:56Z,TVC:US10Y
,,,0.4914004914004769,,,-0.2217786648924523,4.499,,1782185875,2026-06-23T03:37:55Z,TVC:US10Y
,,,0.4914004914004769,,,-0.2217786648924523,4.499,,1782186058,2026-06-23T03:40:58Z,TVC:US10Y
,,,0.4467277194549826,,,-0.2661343978709349,4.497,,1782186242,2026-06-23T03:44:02Z,TVC:US10Y
,,,0.4467277194549826,,,-0.2661343978709349,4.497,,1782186423,2026-06-23T03:47:03Z,TVC:US10Y
,,,0.4467277194549826,,,-0.2661343978709349,4.497,,1782186599,2026-06-23T03:49:59Z,TVC:US10Y
,,,0.4020549475094883,,,-0.3104901308494174,4.495,,1782186782,2026-06-23T03:53:02Z,TVC:US10Y
,,,0.4020549475094883,,,-0.3104901308494174,4.495,,1782186963,2026-06-23T03:56:03Z,TVC:US10Y
,,,0.4467277194549826,,,-0.2661343978709349,4.497,,1782187139,2026-06-23T03:58:59Z,TVC:US10Y
,,,0.4467277194549826,,,-0.2661343978709349,4.497,,1782187320,2026-06-23T04:02:00Z,TVC:US10Y
,,,0.4467277194549826,,,-0.2661343978709349,4.497,,1782187493,2026-06-23T04:04:53Z,TVC:US10Y
,,,0.4467277194549826,,,-0.2661343978709349,4.497,,1782187677,2026-06-23T04:07:57Z,TVC:US10Y
,,,0.4467277194549826,,,-0.2661343978709349,4.497,,1782187858,2026-06-23T04:10:58Z,TVC:US10Y
,,,0.4467277194549826,,,-0.2661343978709349,4.497,,1782188034,2026-06-23T04:13:54Z,TVC:US10Y
,,,0.4914004914004769,,,-0.2217786648924523,4.499,,1782188223,2026-06-23T04:17:03Z,TVC:US10Y
,,,0.4914004914004769,,,-0.2217786648924523,4.499,,1782188405,2026-06-23T04:20:05Z,TVC:US10Y
,,,0.4914004914004769,,,-0.2217786648924523,4.499,,1782188586,2026-06-23T04:23:06Z,TVC:US10Y
,,,0.4467277194549826,,,-0.2661343978709349,4.497,,1782188758,2026-06-23T04:25:58Z,TVC:US10Y
,,,0.4914004914004769,,,-0.2217786648924523,4.499,,1782188942,2026-06-23T04:29:02Z,TVC:US10Y
,,,0.4467277194549826,,,-0.2661343978709349,4.497,,1782189125,2026-06-23T04:32:05Z,TVC:US10Y
,,,0.4467277194549826,,,-0.2661343978709349,4.497,,1782189303,2026-06-23T04:35:03Z,TVC:US10Y
,,,0.536073263345991,,,-0.17742293191395,4.501,,1782189482,2026-06-23T04:38:02Z,TVC:US10Y
,,,0.536073263345991,,,-0.17742293191395,4.501,,1782189660,2026-06-23T04:41:00Z,TVC:US10Y
,,,0.536073263345991,,,-0.17742293191395,4.501,,1782189841,2026-06-23T04:44:01Z,TVC:US10Y
,,,0.5807460352914854,,,-0.1330671989354674,4.503,,1782190019,2026-06-23T04:46:59Z,TVC:US10Y
,,,0.536073263345991,,,-0.17742293191395,4.501,,1782190198,2026-06-23T04:49:58Z,TVC:US10Y
,,,0.536073263345991,,,-0.17742293191395,4.501,,1782190380,2026-06-23T04:53:00Z,TVC:US10Y
,,,0.6254188072369796,,,-0.0887114659569848,4.505,,1782190559,2026-06-23T04:55:59Z,TVC:US10Y
,,,0.6254188072369796,,,-0.0887114659569848,4.505,,1782190742,2026-06-23T04:59:02Z,TVC:US10Y
,,,0.6254188072369796,,,-0.0887114659569848,4.505,,1782190924,2026-06-23T05:02:04Z,TVC:US10Y
,,,0.6254188072369796,,,-0.0887114659569848,4.505,,1782191100,2026-06-23T05:05:00Z,TVC:US10Y
,,,0.6254188072369796,,,-0.0887114659569848,4.505,,1782191279,2026-06-23T05:07:59Z,TVC:US10Y
,,,0.6254188072369796,,,-0.0887114659569848,4.505,,1782191463,2026-06-23T05:11:03Z,TVC:US10Y
,,,0.6254188072369796,,,-0.0887114659569848,4.505,,1782191634,2026-06-23T05:13:54Z,TVC:US10Y
,,,0.6254188072369796,,,-0.0887114659569848,4.505,,1782191823,2026-06-23T05:17:03Z,TVC:US10Y
,,,0.536073263345991,,,-0.17742293191395,4.501,,1782192004,2026-06-23T05:20:04Z,TVC:US10Y
,,,0.536073263345991,,,-0.17742293191395,4.501,,1782192181,2026-06-23T05:23:01Z,TVC:US10Y
,,,0.536073263345991,,,-0.17742293191395,4.501,,1782192363,2026-06-23T05:26:03Z,TVC:US10Y
,,,0.536073263345991,,,-0.17742293191395,4.501,,1782192540,2026-06-23T05:29:00Z,TVC:US10Y
,,,0.536073263345991,,,-0.17742293191395,4.501,,1782192713,2026-06-23T05:31:53Z,TVC:US10Y
,,,0.536073263345991,,,-0.17742293191395,4.501,,1782192904,2026-06-23T05:35:04Z,TVC:US10Y
,,,0.536073263345991,,,-0.17742293191395,4.501,,1782193068,2026-06-23T05:37:48Z,TVC:US10Y
,,,0.536073263345991,,,-0.17742293191395,4.501,,1782193263,2026-06-23T05:41:03Z,TVC:US10Y
,,,0.536073263345991,,,-0.17742293191395,4.501,,1782193443,2026-06-23T05:44:03Z,TVC:US10Y
,,,0.536073263345991,,,-0.17742293191395,4.501,,1782193623,2026-06-23T05:47:03Z,TVC:US10Y
,,,0.536073263345991,,,-0.17742293191395,4.501,,1782193799,2026-06-23T05:49:59Z,TVC:US10Y
,,,0.536073263345991,,,-0.17742293191395,4.501,,1782193984,2026-06-23T05:53:04Z,TVC:US10Y
,,,0.4914004914004769,,,-0.2217786648924523,4.499,,1782194160,2026-06-23T05:56:00Z,TVC:US10Y
,,,0.4914004914004769,,,-0.2217786648924523,4.499,,1782194340,2026-06-23T05:59:00Z,TVC:US10Y
,,,0.4467277194549826,,,-0.2661343978709349,4.497,,1782194524,2026-06-23T06:02:04Z,TVC:US10Y
,,,0.4467277194549826,,,-0.2661343978709349,4.497,,1782194702,2026-06-23T06:05:02Z,TVC:US10Y
,,,0.4467277194549826,,,-0.2661343978709349,4.497,,1782194879,2026-06-23T06:07:59Z,TVC:US10Y
,,,0.357382175563994,,,-0.3548458638279,4.493,,1782195061,2026-06-23T06:11:01Z,TVC:US10Y
,,,0.357382175563994,,,-0.3548458638279,4.493,,1782195236,2026-06-23T06:13:56Z,TVC:US10Y
,,,0.357382175563994,,,-0.3548458638279,4.493,,1782195416,2026-06-23T06:16:56Z,TVC:US10Y
,,,0.3127094036184799,,,-0.3992015968064022,4.491,,1782195600,2026-06-23T06:20:00Z,TVC:US10Y
,,,0.3127094036184799,,,-0.3992015968064022,4.491,,1782195792,2026-06-23T06:23:12Z,TVC:US10Y
,,,0.2680366316729856,,,-0.4435573297848849,4.489,,1782195955,2026-06-23T06:25:55Z,TVC:US10Y
,,,0.2680366316729856,,,-0.4435573297848849,4.489,,1782196139,2026-06-23T06:28:59Z,TVC:US10Y
,,,0.178691087781997,,,-0.53226879574185,4.485,,1782196319,2026-06-23T06:31:59Z,TVC:US10Y
,,,0.178691087781997,,,-0.53226879574185,4.485,,1782196501,2026-06-23T06:35:01Z,TVC:US10Y
,,,0.178691087781997,,,-0.53226879574185,4.485,,1782196682,2026-06-23T06:38:02Z,TVC:US10Y
,,,0.178691087781997,,,-0.53226879574185,4.485,,1782196860,2026-06-23T06:41:00Z,TVC:US10Y
,,,0.2233638597274913,,,-0.4879130627633675,4.487,,1782197038,2026-06-23T06:43:58Z,TVC:US10Y
,,,0.178691087781997,,,-0.53226879574185,4.485,,1782197217,2026-06-23T06:46:57Z,TVC:US10Y
,,,0.178691087781997,,,-0.53226879574185,4.485,,1782197400,2026-06-23T06:50:00Z,TVC:US10Y
,,,0.178691087781997,,,-0.53226879574185,4.485,,1782197580,2026-06-23T06:53:00Z,TVC:US10Y
,,,0.178691087781997,,,-0.53226879574185,4.485,,1782197767,2026-06-23T06:56:07Z,TVC:US10Y
,,,0.2233638597274913,,,-0.4879130627633675,4.487,,1782197939,2026-06-23T06:58:59Z,TVC:US10Y
,,,0.178691087781997,,,-0.53226879574185,4.485,,1782198118,2026-06-23T07:01:58Z,TVC:US10Y
,,,0.2233638597274913,,,-0.4879130627633675,4.487,,1782198300,2026-06-23T07:05:00Z,TVC:US10Y
,,,0.178691087781997,,,-0.53226879574185,4.485,,1782198484,2026-06-23T07:08:04Z,TVC:US10Y
,,,0.178691087781997,,,-0.53226879574185,4.485,,1782198657,2026-06-23T07:10:57Z,TVC:US10Y
,,,0.178691087781997,,,-0.53226879574185,4.485,,1782198841,2026-06-23T07:14:01Z,TVC:US10Y
,,,0.2233638597274913,,,-0.4879130627633675,4.487,,1782199023,2026-06-23T07:17:03Z,TVC:US10Y
,,,0.2233638597274913,,,-0.4879130627633675,4.487,,1782199199,2026-06-23T07:19:59Z,TVC:US10Y
,,,0.0893455438909885,,,-0.6209802616988349,4.481,,1782199374,2026-06-23T07:22:54Z,TVC:US10Y
,,,0.1340183158364828,,,-0.5766245287203524,4.483,,1782199558,2026-06-23T07:25:58Z,TVC:US10Y
,,,0.0893455438909885,,,-0.6209802616988349,4.481,,1782199741,2026-06-23T07:29:01Z,TVC:US10Y
,,,0.0893455438909885,,,-0.6209802616988349,4.481,,1782199915,2026-06-23T07:31:55Z,TVC:US10Y
,,,0.0893455438909885,,,-0.6209802616988349,4.481,,1782200094,2026-06-23T07:34:54Z,TVC:US10Y
,,,0.0893455438909885,,,-0.6209802616988349,4.481,,1782200280,2026-06-23T07:38:00Z,TVC:US10Y
,,,0.0893455438909885,,,-0.6209802616988349,4.481,,1782200458,2026-06-23T07:40:58Z,TVC:US10Y
,,,0.1340183158364828,,,-0.5766245287203524,4.483,,1782200635,2026-06-23T07:43:55Z,TVC:US10Y
,,,0.0893455438909885,,,-0.6209802616988349,4.481,,1782200819,2026-06-23T07:46:59Z,TVC:US10Y
,,,0.178691087781997,,,-0.53226879574185,4.485,,1782200996,2026-06-23T07:49:56Z,TVC:US10Y
,,,0.178691087781997,,,-0.53226879574185,4.485,,1782201179,2026-06-23T07:52:59Z,TVC:US10Y
,,,0.178691087781997,,,-0.53226879574185,4.485,,1782201363,2026-06-23T07:56:03Z,TVC:US10Y
,,,0.178691087781997,,,-0.53226879574185,4.485,,1782201541,2026-06-23T07:59:01Z,TVC:US10Y
,,,0.178691087781997,,,-0.53226879574185,4.485,,1782201722,2026-06-23T08:02:02Z,TVC:US10Y
,,,0.178691087781997,,,-0.53226879574185,4.485,,1782201905,2026-06-23T08:05:05Z,TVC:US10Y
,,,0.178691087781997,,,-0.53226879574185,4.485,,1782202083,2026-06-23T08:08:03Z,TVC:US10Y
,,,0.178691087781997,,,-0.53226879574185,4.485,,1782202259,2026-06-23T08:10:59Z,TVC:US10Y
,,,0.178691087781997,,,-0.53226879574185,4.485,,1782202443,2026-06-23T08:14:03Z,TVC:US10Y
,,,0.1340183158364828,,,-0.5766245287203524,4.483,,1782202626,2026-06-23T08:17:06Z,TVC:US10Y
,,,0.178691087781997,,,-0.53226879574185,4.485,,1782202798,2026-06-23T08:19:58Z,TVC:US10Y
,,,0.1340183158364828,,,-0.5766245287203524,4.483,,1782202976,2026-06-23T08:22:56Z,TVC:US10Y
,,,0.178691087781997,,,-0.53226879574185,4.485,,1782203165,2026-06-23T08:26:05Z,TVC:US10Y
,,,0.178691087781997,,,-0.53226879574185,4.485,,1782203348,2026-06-23T08:29:08Z,TVC:US10Y
,,,0.0893455438909885,,,-0.6209802616988349,4.481,,1782203525,2026-06-23T08:32:05Z,TVC:US10Y
,,,0.0893455438909885,,,-0.6209802616988349,4.481,,1782203705,2026-06-23T08:35:05Z,TVC:US10Y
,,,0.178691087781997,,,-0.53226879574185,4.485,,1782203876,2026-06-23T08:37:56Z,TVC:US10Y
,,,0.0893455438909885,,,-0.6209802616988349,4.481,,1782204061,2026-06-23T08:41:01Z,TVC:US10Y
,,,0.0893455438909885,,,-0.6209802616988349,4.481,,1782204243,2026-06-23T08:44:03Z,TVC:US10Y
,,,0.1340183158364828,,,-0.5766245287203524,4.483,,1782204421,2026-06-23T08:47:01Z,TVC:US10Y
,,,0.0893455438909885,,,-0.6209802616988349,4.481,,1782204605,2026-06-23T08:50:05Z,TVC:US10Y
,,,0.0893455438909885,,,-0.6209802616988349,4.481,,1782204780,2026-06-23T08:53:00Z,TVC:US10Y
,,,0.0446727719454942,,,-0.6653359946773175,4.479,,1782204967,2026-06-23T08:56:07Z,TVC:US10Y
,,,0.0446727719454942,,,-0.6653359946773175,4.479,,1782205141,2026-06-23T08:59:01Z,TVC:US10Y
,,,0.0893455438909885,,,-0.6209802616988349,4.481,,1782205325,2026-06-23T09:02:05Z,TVC:US10Y
,,,0.0893455438909885,,,-0.6209802616988349,4.481,,1782205502,2026-06-23T09:05:02Z,TVC:US10Y
,,,0.0893455438909885,,,-0.6209802616988349,4.481,,1782205683,2026-06-23T09:08:03Z,TVC:US10Y
,,,0.0893455438909885,,,-0.6209802616988349,4.481,,1782205858,2026-06-23T09:10:58Z,TVC:US10Y
,,,0.0893455438909885,,,-0.6209802616988349,4.481,,1782206049,2026-06-23T09:14:09Z,TVC:US10Y
,,,0.0893455438909885,,,-0.6209802616988349,4.481,,1782206214,2026-06-23T09:16:54Z,TVC:US10Y
,,,0.178691087781997,,,-0.53226879574185,4.485,,1782206404,2026-06-23T09:20:04Z,TVC:US10Y
,,,0.178691087781997,,,-0.53226879574185,4.485,,1782206584,2026-06-23T09:23:04Z,TVC:US10Y
,,,0.178691087781997,,,-0.53226879574185,4.485,,1782206770,2026-06-23T09:26:10Z,TVC:US10Y
,,,0.178691087781997,,,-0.53226879574185,4.485,,1782206934,2026-06-23T09:28:54Z,TVC:US10Y
,,,0.178691087781997,,,-0.53226879574185,4.485,,1782207115,2026-06-23T09:31:55Z,TVC:US10Y
,,,0.1340183158364828,,,-0.5766245287203524,4.483,,1782207298,2026-06-23T09:34:58Z,TVC:US10Y
,,,0.178691087781997,,,-0.53226879574185,4.485,,1782207480,2026-06-23T09:38:00Z,TVC:US10Y
,,,0.178691087781997,,,-0.53226879574185,4.485,,1782207661,2026-06-23T09:41:01Z,TVC:US10Y
,,,0.1340183158364828,,,-0.53226879574185,4.485,,1782207842,2026-06-23T09:44:02Z,TVC:US10Y
,,,0.0893455438909885,,,-0.6209802616988349,4.481,,1782208021,2026-06-23T09:47:01Z,TVC:US10Y
,,,0.0893455438909885,,,-0.6209802616988349,4.481,,1782208195,2026-06-23T09:49:55Z,TVC:US10Y
,,,0.0893455438909885,,,-0.6209802616988349,4.481,,1782208377,2026-06-23T09:52:57Z,TVC:US10Y
,,,0.178691087781997,,,-0.53226879574185,4.485,,1782208559,2026-06-23T09:55:59Z,TVC:US10Y
,,,0.178691087781997,,,-0.53226879574185,4.485,,1782208743,2026-06-23T09:59:03Z,TVC:US10Y
,,,0.1340183158364828,,,-0.5766245287203524,4.483,,1782208925,2026-06-23T10:02:05Z,TVC:US10Y
,,,0.1340183158364828,,,-0.5766245287203524,4.483,,1782209098,2026-06-23T10:04:58Z,TVC:US10Y
,,,0.178691087781997,,,-0.53226879574185,4.485,,1782209284,2026-06-23T10:08:04Z,TVC:US10Y
,,,0.178691087781997,,,-0.53226879574185,4.485,,1782209464,2026-06-23T10:11:04Z,TVC:US10Y
,,,0.1340183158364828,,,-0.5766245287203524,4.483,,1782209642,2026-06-23T10:14:02Z,TVC:US10Y
,,,0.1340183158364828,,,-0.5766245287203524,4.483,,1782209816,2026-06-23T10:16:56Z,TVC:US10Y
,,,0.178691087781997,,,-0.53226879574185,4.485,,1782209997,2026-06-23T10:19:57Z,TVC:US10Y
,,,0.178691087781997,,,-0.53226879574185,4.485,,1782210176,2026-06-23T10:22:56Z,TVC:US10Y
,,,0.178691087781997,,,-0.53226879574185,4.485,,1782210358,2026-06-23T10:25:58Z,TVC:US10Y
,,,0.178691087781997,,,-0.53226879574185,4.485,,1782210537,2026-06-23T10:28:57Z,TVC:US10Y
,,,0.0893455438909885,,,-0.6209802616988349,4.481,,1782210712,2026-06-23T10:31:52Z,TVC:US10Y
,,,0.0446727719454942,,,-0.6653359946773175,4.479,,1782210902,2026-06-23T10:35:02Z,TVC:US10Y
,,,0.178691087781997,,,-0.53226879574185,4.485,,1782211083,2026-06-23T10:38:03Z,TVC:US10Y
,,,0.178691087781997,,,-0.53226879574185,4.485,,1782211262,2026-06-23T10:41:02Z,TVC:US10Y
,,,0.1340183158364828,,,-0.5766245287203524,4.483,,1782211436,2026-06-23T10:43:56Z,TVC:US10Y
,,,0.0893455438909885,,,-0.6209802616988349,4.481,,1782211620,2026-06-23T10:47:00Z,TVC:US10Y
,,,0.0893455438909885,,,-0.6209802616988349,4.481,,1782211799,2026-06-23T10:49:59Z,TVC:US10Y
,,,0.178691087781997,,,-0.53226879574185,4.485,,1782211977,2026-06-23T10:52:57Z,TVC:US10Y
,,,0.178691087781997,,,-0.53226879574185,4.485,,1782212168,2026-06-23T10:56:08Z,TVC:US10Y
,,,0.2233638597274913,,,-0.4879130627633675,4.487,,1782212343,2026-06-23T10:59:03Z,TVC:US10Y
,,,0.178691087781997,,,-0.53226879574185,4.485,,1782212521,2026-06-23T11:02:01Z,TVC:US10Y
,,,0.178691087781997,,,-0.53226879574185,4.485,,1782212696,2026-06-23T11:04:56Z,TVC:US10Y
,,,0.178691087781997,,,-0.53226879574185,4.485,,1782212883,2026-06-23T11:08:03Z,TVC:US10Y
,,,0.178691087781997,,,-0.53226879574185,4.485,,1782213051,2026-06-23T11:10:51Z,TVC:US10Y
,,,0.178691087781997,,,-0.53226879574185,4.485,,1782213237,2026-06-23T11:13:57Z,TVC:US10Y
,,,0.1340183158364828,,,-0.5766245287203524,4.483,,1782213420,2026-06-23T11:17:00Z,TVC:US10Y
,,,0.0893455438909885,,,-0.6209802616988349,4.481,,1782213600,2026-06-23T11:20:00Z,TVC:US10Y
,,,0.1340183158364828,,,-0.5766245287203524,4.483,,1782213785,2026-06-23T11:23:05Z,TVC:US10Y
,,,0.178691087781997,,,-0.53226879574185,4.485,,1782213953,2026-06-23T11:25:53Z,TVC:US10Y
,,,0.2233638597274913,,,-0.53226879574185,4.485,,1782214150,2026-06-23T11:29:10Z,TVC:US10Y
,,,0.2680366316729856,,,-0.4435573297848849,4.489,,1782214321,2026-06-23T11:32:01Z,TVC:US10Y
,,,0.2680366316729856,,,-0.4435573297848849,4.489,,1782214494,2026-06-23T11:34:54Z,TVC:US10Y
,,,0.2680366316729856,,,-0.4435573297848849,4.489,,1782214685,2026-06-23T11:38:05Z,TVC:US10Y
,,,0.3127094036184799,,,-0.3992015968064022,4.491,,1782214858,2026-06-23T11:40:58Z,TVC:US10Y
,,,0.2680366316729856,,,-0.4435573297848849,4.489,,1782215039,2026-06-23T11:43:59Z,TVC:US10Y
,,,0.2680366316729856,,,-0.4435573297848849,4.489,,1782215215,2026-06-23T11:46:55Z,TVC:US10Y
,,,0.2680366316729856,,,-0.4435573297848849,4.489,,1782215400,2026-06-23T11:50:00Z,TVC:US10Y
,,,0.2680366316729856,,,-0.4435573297848849,4.489,,1782215578,2026-06-23T11:52:58Z,TVC:US10Y
,,,0.2680366316729856,,,-0.4435573297848849,4.489,,1782215760,2026-06-23T11:56:00Z,TVC:US10Y
,,,0.2680366316729856,,,-0.4435573297848849,4.489,,1782215943,2026-06-23T11:59:03Z,TVC:US10Y
,,,0.2680366316729856,,,-0.4435573297848849,4.489,,1782216126,2026-06-23T12:02:06Z,TVC:US10Y
,,,0.2680366316729856,,,-0.4435573297848849,4.489,,1782216306,2026-06-23T12:05:06Z,TVC:US10Y
,,,0.2680366316729856,,,-0.4435573297848849,4.489,,1782216473,2026-06-23T12:07:53Z,TVC:US10Y
,,,0.2233638597274913,,,-0.4879130627633675,4.487,,1782216654,2026-06-23T12:10:54Z,TVC:US10Y
,,,0.2680366316729856,,,-0.4435573297848849,4.489,,1782216839,2026-06-23T12:13:59Z,TVC:US10Y
,,,0.2680366316729856,,,-0.4435573297848849,4.489,,1782217014,2026-06-23T12:16:54Z,TVC:US10Y
,,,0.2680366316729856,,,-0.4435573297848849,4.489,,1782217202,2026-06-23T12:20:02Z,TVC:US10Y
,,,0.2680366316729856,,,-0.4435573297848849,4.489,,1782217378,2026-06-23T12:22:58Z,TVC:US10Y
,,,0.357382175563994,,,-0.3548458638279,4.493,,1782217562,2026-06-23T12:26:02Z,TVC:US10Y
,,,0.357382175563994,,,-0.3548458638279,4.493,,1782217740,2026-06-23T12:29:00Z,TVC:US10Y
,,,0.2680366316729856,,,-0.4435573297848849,4.489,,1782217917,2026-06-23T12:31:57Z,TVC:US10Y
,,,0.2680366316729856,,,-0.4435573297848849,4.489,,1782218104,2026-06-23T12:35:04Z,TVC:US10Y
,,,0.2680366316729856,,,-0.4435573297848849,4.489,,1782218282,2026-06-23T12:38:02Z,TVC:US10Y
,,,0.2680366316729856,,,-0.4435573297848849,4.489,,1782218456,2026-06-23T12:40:56Z,TVC:US10Y
,,,0.2233638597274913,,,-0.4879130627633675,4.487,,1782218634,2026-06-23T12:43:54Z,TVC:US10Y
,,,0.2233638597274913,,,-0.4879130627633675,4.487,,1782218819,2026-06-23T12:46:59Z,TVC:US10Y
,,,0.2680366316729856,,,-0.4435573297848849,4.489,,1782219004,2026-06-23T12:50:04Z,TVC:US10Y
,,,0.2680366316729856,,,-0.4435573297848849,4.489,,1782219176,2026-06-23T12:52:56Z,TVC:US10Y
,,,0.3127094036184799,,,-0.3992015968064022,4.491,,1782219353,2026-06-23T12:55:53Z,TVC:US10Y
,,,0.357382175563994,,,-0.3548458638279,4.493,,1782219543,2026-06-23T12:59:03Z,TVC:US10Y
,,,0.4020549475094883,,,-0.3104901308494174,4.495,,1782219720,2026-06-23T13:02:00Z,TVC:US10Y
,,,0.357382175563994,,,-0.3548458638279,4.493,,1782219903,2026-06-23T13:05:03Z,TVC:US10Y
,,,0.357382175563994,,,-0.3548458638279,4.493,,1782220083,2026-06-23T13:08:03Z,TVC:US10Y
,,,0.357382175563994,,,-0.3548458638279,4.493,,1782220255,2026-06-23T13:10:55Z,TVC:US10Y
,,,0.357382175563994,,,-0.3548458638279,4.493,,1782220438,2026-06-23T13:13:58Z,TVC:US10Y
,,,0.357382175563994,,,-0.3548458638279,4.493,,1782220626,2026-06-23T13:17:06Z,TVC:US10Y
,,,0.357382175563994,,,-0.3548458638279,4.493,,1782220792,2026-06-23T13:19:52Z,TVC:US10Y
,,,0.357382175563994,,,-0.3548458638279,4.493,,1782220983,2026-06-23T13:23:03Z,TVC:US10Y
,,,0.357382175563994,,,-0.3548458638279,4.493,,1782221154,2026-06-23T13:25:54Z,TVC:US10Y
,,,0.3127094036184799,,,-0.3992015968064022,4.491,,1782221350,2026-06-23T13:29:10Z,TVC:US10Y
,,,0.2680366316729856,,,-0.4435573297848849,4.489,,1782221516,2026-06-23T13:31:56Z,TVC:US10Y
,,,0.178691087781997,,,-0.53226879574185,4.485,,1782221703,2026-06-23T13:35:03Z,TVC:US10Y
,,,0.0893455438909885,,,-0.6209802616988349,4.481,,1782221881,2026-06-23T13:38:01Z,TVC:US10Y
,,,0.178691087781997,,,-0.53226879574185,4.485,,1782222055,2026-06-23T13:40:55Z,TVC:US10Y
,,,0.178691087781997,,,-0.53226879574185,4.485,,1782222240,2026-06-23T13:44:00Z,TVC:US10Y
,,,0.178691087781997,,,-0.53226879574185,4.485,,1782222425,2026-06-23T13:47:05Z,TVC:US10Y
,,,0.0893455438909885,,,-0.6209802616988349,4.481,,1782222601,2026-06-23T13:50:01Z,TVC:US10Y
,,,0.0893455438909885,,,-0.6209802616988349,4.481,,1782222780,2026-06-23T13:53:00Z,TVC:US10Y
,,,0.0893455438909885,,,-0.6209802616988349,4.481,,1782222961,2026-06-23T13:56:01Z,TVC:US10Y
,,,0.0893455438909885,,,-0.6209802616988349,4.481,,1782223141,2026-06-23T13:59:01Z,TVC:US10Y
,,,0.0893455438909885,,,-0.6209802616988349,4.481,,1782223314,2026-06-23T14:01:54Z,TVC:US10Y
,,,0.0,,,-0.7096917276558001,4.477,,1782223500,2026-06-23T14:05:00Z,TVC:US10Y
,,,0.0,,,-0.7096917276558001,4.477,,1782223687,2026-06-23T14:08:07Z,TVC:US10Y
,,,0.0893455438909885,,,-0.6209802616988349,4.481,,1782223860,2026-06-23T14:11:00Z,TVC:US10Y
,,,0.0893455438909885,,,-0.6209802616988349,4.481,,1782224038,2026-06-23T14:13:58Z,TVC:US10Y
,,,0.0446727719454942,,,-0.6653359946773175,4.479,,1782224223,2026-06-23T14:17:03Z,TVC:US10Y
,,,0.0893455438909885,,,-0.6209802616988349,4.481,,1782224398,2026-06-23T14:19:58Z,TVC:US10Y
,,,0.0893455438909885,,,-0.6209802616988349,4.481,,1782224581,2026-06-23T14:23:01Z,TVC:US10Y
,,,0.0893455438909885,,,-0.6209802616988349,4.481,,1782224764,2026-06-23T14:26:04Z,TVC:US10Y
,,,0.0446727719454942,,,-0.6653359946773175,4.479,,1782224936,2026-06-23T14:28:56Z,TVC:US10Y
,,,0.0893455438909885,,,-0.6209802616988349,4.481,,1782225129,2026-06-23T14:32:09Z,TVC:US10Y
,,,0.1340183158364828,,,-0.5766245287203524,4.483,,1782225295,2026-06-23T14:34:55Z,TVC:US10Y
,,,0.178691087781997,,,-0.53226879574185,4.485,,1782225479,2026-06-23T14:37:59Z,TVC:US10Y
,,,0.178691087781997,,,-0.53226879574185,4.485,,1782225659,2026-06-23T14:40:59Z,TVC:US10Y
,,,0.178691087781997,,,-0.53226879574185,4.485,,1782225844,2026-06-23T14:44:04Z,TVC:US10Y
,,,0.178691087781997,,,-0.53226879574185,4.485,,1782226020,2026-06-23T14:47:00Z,TVC:US10Y
,,,0.178691087781997,,,-0.53226879574185,4.485,,1782226202,2026-06-23T14:50:02Z,TVC:US10Y
,,,0.178691087781997,,,-0.53226879574185,4.485,,1782226386,2026-06-23T14:53:06Z,TVC:US10Y
,,,0.1340183158364828,,,-0.5766245287203524,4.483,,1782226557,2026-06-23T14:55:57Z,TVC:US10Y
,,,0.2233638597274913,,,-0.4879130627633675,4.487,,1782226744,2026-06-23T14:59:04Z,TVC:US10Y
,,,0.2233638597274913,,,-0.4879130627633675,4.487,,1782226919,2026-06-23T15:01:59Z,TVC:US10Y
,,,0.2233638597274913,,,-0.4879130627633675,4.487,,1782227098,2026-06-23T15:04:58Z,TVC:US10Y
,,,0.2680366316729856,,,-0.4435573297848849,4.489,,1782227278,2026-06-23T15:07:58Z,TVC:US10Y
,,,0.2680366316729856,,,-0.4435573297848849,4.489,,1782227461,2026-06-23T15:11:01Z,TVC:US10Y
,,,0.2680366316729856,,,-0.4435573297848849,4.489,,1782227637,2026-06-23T15:13:57Z,TVC:US10Y
,,,0.178691087781997,,,-0.53226879574185,4.485,,1782227821,2026-06-23T15:17:01Z,TVC:US10Y
,,,0.178691087781997,,,-0.53226879574185,4.485,,1782227992,2026-06-23T15:19:52Z,TVC:US10Y
,,,0.2233638597274913,,,-0.4879130627633675,4.487,,1782228182,2026-06-23T15:23:02Z,TVC:US10Y
,,,0.178691087781997,,,-0.53226879574185,4.485,,1782228364,2026-06-23T15:26:04Z,TVC:US10Y
,,,0.1340183158364828,,,-0.5766245287203524,4.483,,1782228545,2026-06-23T15:29:05Z,TVC:US10Y
,,,0.1340183158364828,,,-0.5766245287203524,4.483,,1782228728,2026-06-23T15:32:08Z,TVC:US10Y
,,,0.0893455438909885,,,-0.6209802616988349,4.481,,1782228904,2026-06-23T15:35:04Z,TVC:US10Y
,,,0.0893455438909885,,,-0.6209802616988349,4.481,,1782229081,2026-06-23T15:38:01Z,TVC:US10Y
,,,0.1340183158364828,,,-0.5766245287203524,4.483,,1782229268,2026-06-23T15:41:08Z,TVC:US10Y
,,,0.0893455438909885,,,-0.6209802616988349,4.481,,1782229437,2026-06-23T15:43:57Z,TVC:US10Y
,,,0.0893455438909885,,,-0.6209802616988349,4.481,,1782229618,2026-06-23T15:46:58Z,TVC:US10Y
,,,0.0,,,-0.7096917276558001,4.477,,1782229808,2026-06-23T15:50:08Z,TVC:US10Y
,,,0.0,,,-0.7096917276558001,4.477,,1782229985,2026-06-23T15:53:05Z,TVC:US10Y
,,,0.0446727719454942,,,-0.6653359946773175,4.479,,1782230162,2026-06-23T15:56:02Z,TVC:US10Y
,,,0.0446727719454942,,,-0.6653359946773175,4.479,,1782230338,2026-06-23T15:58:58Z,TVC:US10Y
,,,0.0,,,-0.7096917276558001,4.477,,1782230523,2026-06-23T16:02:03Z,TVC:US10Y
,,,0.0446727719454942,,,-0.6653359946773175,4.479,,1782230703,2026-06-23T16:05:03Z,TVC:US10Y
,,,0.0446727719454942,,,-0.6653359946773175,4.479,,1782230883,2026-06-23T16:08:03Z,TVC:US10Y
,,,0.0446727719454942,,,-0.6653359946773175,4.479,,1782231063,2026-06-23T16:11:03Z,TVC:US10Y
,,,0.0,,,-0.7096917276558001,4.477,,1782231248,2026-06-23T16:14:08Z,TVC:US10Y
,,,0.0,,,-0.7096917276558001,4.477,,1782231420,2026-06-23T16:17:00Z,TVC:US10Y
,,,0.0,,,-0.7096917276558001,4.477,,1782231599,2026-06-23T16:19:59Z,TVC:US10Y
,,,0.0893455438909885,,,-0.6209802616988349,4.481,,1782231783,2026-06-23T16:23:03Z,TVC:US10Y
,,,0.0,,,-0.7096917276558001,4.477,,1782231967,2026-06-23T16:26:07Z,TVC:US10Y
,,,0.0,,,-0.7096917276558001,4.477,,1782232141,2026-06-23T16:29:01Z,TVC:US10Y
,,,0.0,,,-0.7096917276558001,4.477,,1782232324,2026-06-23T16:32:04Z,TVC:US10Y
,,,0.0446727719454942,,,-0.6653359946773175,4.479,,1782232498,2026-06-23T16:34:58Z,TVC:US10Y
,,,0.0,,,-0.7096917276558001,4.477,,1782232674,2026-06-23T16:37:54Z,TVC:US10Y
,,,0.0,,,-0.7096917276558001,4.477,,1782232861,2026-06-23T16:41:01Z,TVC:US10Y
,,,0.0,,,-0.7096917276558001,4.477,,1782233042,2026-06-23T16:44:02Z,TVC:US10Y
,,,0.0,,,-0.7096917276558001,4.477,,1782233219,2026-06-23T16:46:59Z,TVC:US10Y
,,,0.0446727719454942,,,-0.6653359946773175,4.479,,1782233399,2026-06-23T16:49:59Z,TVC:US10Y
,,,0.0,,,-0.7096917276558001,4.477,,1782233583,2026-06-23T16:53:03Z,TVC:US10Y
,,,0.0,,,-0.7096917276558001,4.477,,1782233755,2026-06-23T16:55:55Z,TVC:US10Y
,,,0.0893455438909885,,,-0.6209802616988349,4.481,,1782233934,2026-06-23T16:58:54Z,TVC:US10Y
,,,0.1340183158364828,,,-0.5766245287203524,4.483,,1782234127,2026-06-23T17:02:07Z,TVC:US10Y
,,,0.1340183158364828,,,-0.5766245287203524,4.483,,1782234297,2026-06-23T17:04:57Z,TVC:US10Y
,,,0.1340183158364828,,,-0.5766245287203524,4.483,,1782234486,2026-06-23T17:08:06Z,TVC:US10Y
,,,0.178691087781997,,,-0.53226879574185,4.485,,1782234659,2026-06-23T17:10:59Z,TVC:US10Y
,,,0.178691087781997,,,-0.53226879574185,4.485,,1782234837,2026-06-23T17:13:57Z,TVC:US10Y
,,,0.178691087781997,,,-0.53226879574185,4.485,,1782235019,2026-06-23T17:16:59Z,TVC:US10Y
,,,0.1340183158364828,,,-0.5766245287203524,4.483,,1782235202,2026-06-23T17:20:02Z,TVC:US10Y
,,,0.178691087781997,,,-0.53226879574185,4.485,,1782235382,2026-06-23T17:23:02Z,TVC:US10Y
,,,0.2233638597274913,,,-0.4879130627633675,4.487,,1782235559,2026-06-23T17:25:59Z,TVC:US10Y
,,,0.2233638597274913,,,-0.4879130627633675,4.487,,1782235746,2026-06-23T17:29:06Z,TVC:US10Y
,,,0.2680366316729856,,,-0.4435573297848849,4.489,,1782235915,2026-06-23T17:31:55Z,TVC:US10Y
,,,0.178691087781997,,,-0.53226879574185,4.485,,1782236110,2026-06-23T17:35:10Z,TVC:US10Y
,,,0.178691087781997,,,-0.53226879574185,4.485,,1782236284,2026-06-23T17:38:04Z,TVC:US10Y
,,,0.178691087781997,,,-0.53226879574185,4.485,,1782236467,2026-06-23T17:41:07Z,TVC:US10Y
,,,0.3127094036184799,,,-0.3992015968064022,4.491,,1782236641,2026-06-23T17:44:01Z,TVC:US10Y
,,,0.3127094036184799,,,-0.3992015968064022,4.491,,1782236818,2026-06-23T17:46:58Z,TVC:US10Y
,,,0.2680366316729856,,,-0.4435573297848849,4.489,,1782236990,2026-06-23T17:49:50Z,TVC:US10Y
,,,0.2680366316729856,,,-0.4435573297848849,4.489,,1782237177,2026-06-23T17:52:57Z,TVC:US10Y
,,,0.2680366316729856,,,-0.4435573297848849,4.489,,1782237357,2026-06-23T17:55:57Z,TVC:US10Y
,,,0.2680366316729856,,,-0.4435573297848849,4.489,,1782237540,2026-06-23T17:59:00Z,TVC:US10Y
,,,0.357382175563994,,,-0.3548458638279,4.493,,1782237721,2026-06-23T18:02:01Z,TVC:US10Y
,,,0.357382175563994,,,-0.3548458638279,4.493,,1782237905,2026-06-23T18:05:05Z,TVC:US10Y
,,,0.357382175563994,,,-0.3548458638279,4.493,,1782238083,2026-06-23T18:08:03Z,TVC:US10Y
,,,0.4020549475094883,,,-0.3104901308494174,4.495,,1782238265,2026-06-23T18:11:05Z,TVC:US10Y
,,,0.4467277194549826,,,-0.2661343978709349,4.497,,1782238440,2026-06-23T18:14:00Z,TVC:US10Y
,,,0.3127094036184799,,,-0.3992015968064022,4.491,,1782238618,2026-06-23T18:16:58Z,TVC:US10Y
,,,0.3127094036184799,,,-0.3992015968064022,4.491,,1782238798,2026-06-23T18:19:58Z,TVC:US10Y
,,,0.3127094036184799,,,-0.3992015968064022,4.491,,1782238977,2026-06-23T18:22:57Z,TVC:US10Y
,,,0.357382175563994,,,-0.3548458638279,4.493,,1782239161,2026-06-23T18:26:01Z,TVC:US10Y
,,,0.357382175563994,,,-0.3548458638279,4.493,,1782239338,2026-06-23T18:28:58Z,TVC:US10Y
,,,0.357382175563994,,,-0.3548458638279,4.493,,1782239522,2026-06-23T18:32:02Z,TVC:US10Y
,,,0.357382175563994,,,-0.3548458638279,4.493,,1782239700,2026-06-23T18:35:00Z,TVC:US10Y
,,,0.4020549475094883,,,-0.3104901308494174,4.495,,1782239875,2026-06-23T18:37:55Z,TVC:US10Y
,,,0.4020549475094883,,,-0.3104901308494174,4.495,,1782240062,2026-06-23T18:41:02Z,TVC:US10Y
,,,0.357382175563994,,,-0.3548458638279,4.493,,1782240242,2026-06-23T18:44:02Z,TVC:US10Y
,,,0.357382175563994,,,-0.3548458638279,4.493,,1782240427,2026-06-23T18:47:07Z,TVC:US10Y
,,,0.357382175563994,,,-0.3548458638279,4.493,,1782240607,2026-06-23T18:50:07Z,TVC:US10Y
,,,0.3127094036184799,,,-0.3992015968064022,4.491,,1782240777,2026-06-23T18:52:57Z,TVC:US10Y
,,,0.2680366316729856,,,-0.4435573297848849,4.489,,1782240955,2026-06-23T18:55:55Z,TVC:US10Y
,,,0.357382175563994,,,-0.3548458638279,4.493,,1782241137,2026-06-23T18:58:57Z,TVC:US10Y
,,,0.3127094036184799,,,-0.3992015968064022,4.491,,1782241320,2026-06-23T19:02:00Z,TVC:US10Y
,,,0.3127094036184799,,,-0.3992015968064022,4.491,,1782241503,2026-06-23T19:05:03Z,TVC:US10Y
,,,0.3127094036184799,,,-0.3992015968064022,4.491,,1782241674,2026-06-23T19:07:54Z,TVC:US10Y
,,,0.357382175563994,,,-0.3548458638279,4.493,,1782241860,2026-06-23T19:11:00Z,TVC:US10Y
,,,0.357382175563994,,,-0.3548458638279,4.493,,1782242041,2026-06-23T19:14:01Z,TVC:US10Y
,,,0.4020549475094883,,,-0.3104901308494174,4.495,,1782242217,2026-06-23T19:16:57Z,TVC:US10Y
,,,0.4467277194549826,,,-0.2661343978709349,4.497,,1782242405,2026-06-23T19:20:05Z,TVC:US10Y
,,,0.4467277194549826,,,-0.2661343978709349,4.497,,1782242579,2026-06-23T19:22:59Z,TVC:US10Y
,,,0.4467277194549826,,,-0.2661343978709349,4.497,,1782242766,2026-06-23T19:26:06Z,TVC:US10Y
,,,0.4914004914004769,,,-0.2217786648924523,4.499,,1782242940,2026-06-23T19:29:00Z,TVC:US10Y
,,,0.4467277194549826,,,-0.2661343978709349,4.497,,1782243121,2026-06-23T19:32:01Z,TVC:US10Y
,,,0.4467277194549826,,,-0.2661343978709349,4.497,,1782243307,2026-06-23T19:35:07Z,TVC:US10Y
,,,0.357382175563994,,,-0.3548458638279,4.493,,1782243476,2026-06-23T19:37:56Z,TVC:US10Y
,,,0.357382175563994,,,-0.3548458638279,4.493,,1782243660,2026-06-23T19:41:00Z,TVC:US10Y
,,,0.357382175563994,,,-0.3548458638279,4.493,,1782243841,2026-06-23T19:44:01Z,TVC:US10Y
,,,0.357382175563994,,,-0.3548458638279,4.493,,1782244019,2026-06-23T19:46:59Z,TVC:US10Y
,,,0.357382175563994,,,-0.3548458638279,4.493,,1782244203,2026-06-23T19:50:03Z,TVC:US10Y
,,,0.357382175563994,,,-0.3548458638279,4.493,,1782244373,2026-06-23T19:52:53Z,TVC:US10Y
,,,0.357382175563994,,,-0.3548458638279,4.493,,1782244559,2026-06-23T19:55:59Z,TVC:US10Y
,,,0.357382175563994,,,-0.3548458638279,4.493,,1782244743,2026-06-23T19:59:03Z,TVC:US10Y
,,,0.4467277194549826,,,-0.2661343978709349,4.497,,1782244919,2026-06-23T20:01:59Z,TVC:US10Y
,,,0.4467277194549826,,,-0.2661343978709349,4.497,,1782245102,2026-06-23T20:05:02Z,TVC:US10Y
,,,0.4467277194549826,,,-0.2661343978709349,4.497,,1782245283,2026-06-23T20:08:03Z,TVC:US10Y
,,,0.4467277194549826,,,-0.2661343978709349,4.497,,1782245453,2026-06-23T20:10:53Z,TVC:US10Y
,,,0.4467277194549826,,,-0.2661343978709349,4.497,,1782245641,2026-06-23T20:14:01Z,TVC:US10Y
,,,0.4467277194549826,,,-0.2661343978709349,4.497,,1782245819,2026-06-23T20:16:59Z,TVC:US10Y
,,,0.4467277194549826,,,-0.2661343978709349,4.497,,1782245999,2026-06-23T20:19:59Z,TVC:US10Y
,,,0.4467277194549826,,,-0.2661343978709349,4.497,,1782246184,2026-06-23T20:23:04Z,TVC:US10Y
,,,0.4467277194549826,,,-0.2661343978709349,4.497,,1782246367,2026-06-23T20:26:07Z,TVC:US10Y
,,,0.4914004914004769,,,-0.2217786648924523,4.499,,1782246549,2026-06-23T20:29:09Z,TVC:US10Y
,,,0.4914004914004769,,,-0.2217786648924523,4.499,,1782246721,2026-06-23T20:32:01Z,TVC:US10Y
,,,0.536073263345991,,,-0.17742293191395,4.501,,1782246904,2026-06-23T20:35:04Z,TVC:US10Y
,,,0.536073263345991,,,-0.17742293191395,4.501,,1782247079,2026-06-23T20:37:59Z,TVC:US10Y
,,,0.4914004914004769,,,-0.2217786648924523,4.499,,1782247264,2026-06-23T20:41:04Z,TVC:US10Y
,,,0.4467277194549826,,,-0.2661343978709349,4.497,,1782247444,2026-06-23T20:44:04Z,TVC:US10Y
,,,0.536073263345991,,,-0.17742293191395,4.501,,1782247615,2026-06-23T20:46:55Z,TVC:US10Y
,,,0.536073263345991,,,-0.17742293191395,4.501,,1782247801,2026-06-23T20:50:01Z,TVC:US10Y
,,,0.536073263345991,,,-0.17742293191395,4.501,,1782247983,2026-06-23T20:53:03Z,TVC:US10Y
,,,0.536073263345991,,,-0.17742293191395,4.501,,1782248164,2026-06-23T20:56:04Z,TVC:US10Y
,,,0.4467277194549826,,,-0.2661343978709349,4.497,,1782248340,2026-06-23T20:59:00Z,TVC:US10Y
,,,0.4914004914004769,,,-0.2217786648924523,4.499,,1782248526,2026-06-23T21:02:06Z,TVC:US10Y
,,,0.4914004914004769,,,-0.2217786648924523,4.499,,1782248703,2026-06-23T21:05:03Z,TVC:US10Y
,,,0.4914004914004769,,,-0.2217786648924523,4.499,,1782248881,2026-06-23T21:08:01Z,TVC:US10Y
,,,0.4914004914004769,,,-0.2217786648924523,4.499,,1782249056,2026-06-23T21:10:56Z,TVC:US10Y
,,,0.4914004914004769,,,-0.2217786648924523,4.499,,1782249242,2026-06-23T21:14:02Z,TVC:US10Y
,,,0.4914004914004769,,,-0.2217786648924523,4.499,,1782249419,2026-06-23T21:16:59Z,TVC:US10Y
,,,0.4914004914004769,,,-0.2217786648924523,4.499,,1782249598,2026-06-23T21:19:58Z,TVC:US10Y
,,,0.4914004914004769,,,-0.2217786648924523,4.499,,1782249779,2026-06-23T21:22:59Z,TVC:US10Y
,,,0.4914004914004769,,,-0.2217786648924523,4.499,,1782249950,2026-06-23T21:25:50Z,TVC:US10Y
,,,0.4914004914004769,,,-0.2217786648924523,4.499,,1782250146,2026-06-23T21:29:06Z,TVC:US10Y
,,,0.4914004914004769,,,-0.2217786648924523,4.499,,1782250315,2026-06-23T21:31:55Z,TVC:US10Y
,,,0.4914004914004769,,,-0.2217786648924523,4.499,,1782250493,2026-06-23T21:34:53Z,TVC:US10Y
,,,0.4914004914004769,,,-0.2217786648924523,4.499,,1782250673,2026-06-23T21:37:53Z,TVC:US10Y
,,,0.4914004914004769,,,-0.2217786648924523,4.499,,1782250858,2026-06-23T21:40:58Z,TVC:US10Y
,,,0.4914004914004769,,,-0.2217786648924523,4.499,,1782251041,2026-06-23T21:44:01Z,TVC:US10Y
,,,0.4914004914004769,,,-0.2217786648924523,4.499,,1782251226,2026-06-23T21:47:06Z,TVC:US10Y
,,,0.4914004914004769,,,-0.2217786648924523,4.499,,1782251404,2026-06-23T21:50:04Z,TVC:US10Y
,,,0.4914004914004769,,,-0.2217786648924523,4.499,,1782251580,2026-06-23T21:53:00Z,TVC:US10Y
,,,0.4914004914004769,,,-0.2217786648924523,4.499,,1782251756,2026-06-23T21:55:56Z,TVC:US10Y
,,,0.4914004914004769,,,-0.2217786648924523,4.499,,1782251941,2026-06-23T21:59:01Z,TVC:US10Y
,,,0.4914004914004769,,,-0.2217786648924523,4.499,,1782252127,2026-06-23T22:02:07Z,TVC:US10Y
,,,0.4914004914004769,,,-0.2217786648924523,4.499,,1782252306,2026-06-23T22:05:06Z,TVC:US10Y
,,,0.4914004914004769,,,-0.2217786648924523,4.499,,1782252479,2026-06-23T22:07:59Z,TVC:US10Y
,,,0.4914004914004769,,,-0.2217786648924523,4.499,,1782252663,2026-06-23T22:11:03Z,TVC:US10Y
,,,0.4914004914004769,,,-0.2217786648924523,4.499,,1782252841,2026-06-23T22:14:01Z,TVC:US10Y
,,,0.4914004914004769,,,-0.2217786648924523,4.499,,1782253025,2026-06-23T22:17:05Z,TVC:US10Y
,,,0.4914004914004769,,,-0.2217786648924523,4.499,,1782253202,2026-06-23T22:20:02Z,TVC:US10Y
,,,0.4914004914004769,,,-0.2217786648924523,4.499,,1782253384,2026-06-23T22:23:04Z,TVC:US10Y
,,,0.4914004914004769,,,-0.2217786648924523,4.499,,1782253563,2026-06-23T22:26:03Z,TVC:US10Y
,,,0.4914004914004769,,,-0.2217786648924523,4.499,,1782253738,2026-06-23T22:28:58Z,TVC:US10Y
,,,0.4914004914004769,,,-0.2217786648924523,4.499,,1782253920,2026-06-23T22:32:00Z,TVC:US10Y
,,,0.4914004914004769,,,-0.2217786648924523,4.499,,1782254102,2026-06-23T22:35:02Z,TVC:US10Y
,,,0.4914004914004769,,,-0.2217786648924523,4.499,,1782254280,2026-06-23T22:38:00Z,TVC:US10Y
,,,0.4914004914004769,,,-0.2217786648924523,4.499,,1782254453,2026-06-23T22:40:53Z,TVC:US10Y
,,,0.4914004914004769,,,-0.2217786648924523,4.499,,1782254643,2026-06-23T22:44:03Z,TVC:US10Y
,,,0.4914004914004769,,,-0.2217786648924523,4.499,,1782254829,2026-06-23T22:47:09Z,TVC:US10Y
,,,0.4914004914004769,,,-0.2217786648924523,4.499,,1782255000,2026-06-23T22:50:00Z,TVC:US10Y
,,,0.4914004914004769,,,-0.2217786648924523,4.499,,1782255186,2026-06-23T22:53:06Z,TVC:US10Y
,,,0.4914004914004769,,,-0.2217786648924523,4.499,,1782255365,2026-06-23T22:56:05Z,TVC:US10Y
,,,0.4914004914004769,,,-0.2217786648924523,4.499,,1782255548,2026-06-23T22:59:08Z,TVC:US10Y
,,,0.4914004914004769,,,-0.2217786648924523,4.499,,1782255716,2026-06-23T23:01:56Z,TVC:US10Y
,,,0.4914004914004769,,,-0.2217786648924523,4.499,,1782255904,2026-06-23T23:05:04Z,TVC:US10Y
,,,0.4914004914004769,,,-0.2217786648924523,4.499,,1782256085,2026-06-23T23:08:05Z,TVC:US10Y
,,,0.4914004914004769,,,-0.2217786648924523,4.499,,1782256251,2026-06-23T23:10:51Z,TVC:US10Y
,,,0.4914004914004769,,,-0.2217786648924523,4.499,,1782256438,2026-06-23T23:13:58Z,TVC:US10Y
,,,0.4914004914004769,,,-0.2217786648924523,4.499,,1782256627,2026-06-23T23:17:07Z,TVC:US10Y
,,,0.4914004914004769,,,-0.2217786648924523,4.499,,1782256801,2026-06-23T23:20:01Z,TVC:US10Y
,,,0.4914004914004769,,,-0.2217786648924523,4.499,,1782256984,2026-06-23T23:23:04Z,TVC:US10Y
,,,0.4914004914004769,,,-0.2217786648924523,4.499,,1782257163,2026-06-23T23:26:03Z,TVC:US10Y
,,,0.4914004914004769,,,-0.2217786648924523,4.499,,1782257339,2026-06-23T23:28:59Z,TVC:US10Y
,,,0.4914004914004769,,,-0.2217786648924523,4.499,,1782257518,2026-06-23T23:31:58Z,TVC:US10Y
,,,0.4914004914004769,,,-0.2217786648924523,4.499,,1782257707,2026-06-23T23:35:07Z,TVC:US10Y
,,,0.4914004914004769,,,-0.2217786648924523,4.499,,1782257886,2026-06-23T23:38:06Z,TVC:US10Y
,,,0.4914004914004769,,,-0.2217786648924523,4.499,,1782258058,2026-06-23T23:40:58Z,TVC:US10Y
,,,0.4914004914004769,,,-0.2217786648924523,4.499,,1782258238,2026-06-23T23:43:58Z,TVC:US10Y
,,,0.4914004914004769,,,-0.2217786648924523,4.499,,1782258417,2026-06-23T23:46:57Z,TVC:US10Y
,,,0.4914004914004769,,,-0.2217786648924523,4.499,,1782258597,2026-06-23T23:49:57Z,TVC:US10Y
,,,0.4914004914004769,,,-0.2217786648924523,4.499,,1782258783,2026-06-23T23:53:03Z,TVC:US10Y
,,,0.4914004914004769,,,-0.2217786648924523,4.499,,1782258954,2026-06-23T23:55:54Z,TVC:US10Y
,,,0.4914004914004769,,,-0.2217786648924523,4.499,,1782259146,2026-06-23T23:59:06Z,TVC:US10Y
,,,0.4914004914004769,,,-0.2217786648924523,4.499,,1782259313,2026-06-24T00:01:53Z,TVC:US10Y
,,,0.4914004914004769,,,-0.2217786648924523,4.499,,1782259497,2026-06-24T00:04:57Z,TVC:US10Y
,,,0.4914004914004769,,,-0.2217786648924523,4.499,,1782259686,2026-06-24T00:08:06Z,TVC:US10Y
,,,1.2621140410187073,,,-0.1333629695487739,4.493,,1782259864,2026-06-24T00:11:04Z,TVC:US10Y
,,,1.352265043948605,,,-0.0444543231829246,4.497,,1782260043,2026-06-24T00:14:03Z,TVC:US10Y
,,,1.352265043948605,,,-0.0444543231829246,4.497,,1782260215,2026-06-24T00:16:55Z,TVC:US10Y
,,,1.352265043948605,,,-0.0444543231829246,4.497,,1782260405,2026-06-24T00:20:05Z,TVC:US10Y
,,,1.397340545413554,,,0.0,4.499,,1782260576,2026-06-24T00:22:56Z,TVC:US10Y
,,,1.352265043948605,,,-0.0444543231829246,4.497,,1782260762,2026-06-24T00:26:02Z,TVC:US10Y
,,,1.352265043948605,,,-0.0444543231829246,4.497,,1782260937,2026-06-24T00:28:57Z,TVC:US10Y
,,,1.352265043948605,,,-0.0444543231829246,4.497,,1782261127,2026-06-24T00:32:07Z,TVC:US10Y
,,,1.352265043948605,,,-0.0444543231829246,4.497,,1782261304,2026-06-24T00:35:04Z,TVC:US10Y
,,,1.352265043948605,,,-0.0444543231829246,4.497,,1782261480,2026-06-24T00:38:00Z,TVC:US10Y
,,,1.352265043948605,,,-0.0444543231829246,4.497,,1782261659,2026-06-24T00:40:59Z,TVC:US10Y
,,,1.352265043948605,,,-0.0444543231829246,4.497,,1782261848,2026-06-24T00:44:08Z,TVC:US10Y
,,,1.352265043948605,,,-0.0444543231829246,4.497,,1782262026,2026-06-24T00:47:06Z,TVC:US10Y
,,,1.352265043948605,,,-0.0444543231829246,4.497,,1782262194,2026-06-24T00:49:54Z,TVC:US10Y
,,,1.352265043948605,,,-0.0444543231829246,4.497,,1782262379,2026-06-24T00:52:59Z,TVC:US10Y
,,,1.352265043948605,,,-0.0444543231829246,4.497,,1782262558,2026-06-24T00:55:58Z,TVC:US10Y
,,,1.352265043948605,,,-0.0444543231829246,4.497,,1782262743,2026-06-24T00:59:03Z,TVC:US10Y
,,,1.352265043948605,,,-0.0444543231829246,4.497,,1782262925,2026-06-24T01:02:05Z,TVC:US10Y
,,,1.2621140410187073,,,-0.1333629695487739,4.493,,1782263101,2026-06-24T01:05:01Z,TVC:US10Y
,,,1.2621140410187073,,,-0.1333629695487739,4.493,,1782263278,2026-06-24T01:07:58Z,TVC:US10Y
,,,1.2621140410187073,,,-0.1333629695487739,4.493,,1782263463,2026-06-24T01:11:03Z,TVC:US10Y
,,,1.2621140410187073,,,-0.1333629695487739,4.493,,1782263637,2026-06-24T01:13:57Z,TVC:US10Y
,,,1.2621140410187073,,,-0.1333629695487739,4.493,,1782263822,2026-06-24T01:17:02Z,TVC:US10Y
,,,1.2621140410187073,,,-0.1333629695487739,4.493,,1782264002,2026-06-24T01:20:02Z,TVC:US10Y
,,,1.2621140410187073,,,-0.1333629695487739,4.493,,1782264176,2026-06-24T01:22:56Z,TVC:US10Y
,,,1.2621140410187073,,,-0.1333629695487739,4.493,,1782264363,2026-06-24T01:26:03Z,TVC:US10Y
,,,1.2621140410187073,,,-0.1333629695487739,4.493,,1782264534,2026-06-24T01:28:54Z,TVC:US10Y
,,,1.1719630380887898,,,-0.222271615914643,4.489,,1782264719,2026-06-24T01:31:59Z,TVC:US10Y
,,,1.2170385395537384,,,-0.1778172927317183,4.491,,1782264898,2026-06-24T01:34:58Z,TVC:US10Y
,,,1.2621140410187073,,,-0.1333629695487739,4.493,,1782265079,2026-06-24T01:37:59Z,TVC:US10Y
,,,1.2621140410187073,,,-0.1333629695487739,4.493,,1782265258,2026-06-24T01:40:58Z,TVC:US10Y
,,,1.1719630380887898,,,-0.222271615914643,4.489,,1782265437,2026-06-24T01:43:57Z,TVC:US10Y
,,,1.1719630380887898,,,-0.222271615914643,4.489,,1782265613,2026-06-24T01:46:53Z,TVC:US10Y
,,,1.1719630380887898,,,-0.222271615914643,4.489,,1782265808,2026-06-24T01:50:08Z,TVC:US10Y
,,,1.1719630380887898,,,-0.222271615914643,4.489,,1782265978,2026-06-24T01:52:58Z,TVC:US10Y
,,,1.1719630380887898,,,-0.222271615914643,4.489,,1782266166,2026-06-24T01:56:06Z,TVC:US10Y
,,,1.2170385395537384,,,-0.1778172927317183,4.491,,1782266341,2026-06-24T01:59:01Z,TVC:US10Y
,,,1.2621140410187073,,,-0.1333629695487739,4.493,,1782266518,2026-06-24T02:01:58Z,TVC:US10Y
,,,1.2621140410187073,,,-0.1333629695487739,4.493,,1782266701,2026-06-24T02:05:01Z,TVC:US10Y
,,,1.2621140410187073,,,-0.1333629695487739,4.493,,1782266879,2026-06-24T02:07:59Z,TVC:US10Y
,,,1.2621140410187073,,,-0.1333629695487739,4.493,,1782267060,2026-06-24T02:11:00Z,TVC:US10Y
,,,1.2621140410187073,,,-0.1333629695487739,4.493,,1782267245,2026-06-24T02:14:05Z,TVC:US10Y
,,,1.2621140410187073,,,-0.1333629695487739,4.493,,1782267419,2026-06-24T02:16:59Z,TVC:US10Y
,,,1.2621140410187073,,,-0.1333629695487739,4.493,,1782267600,2026-06-24T02:20:00Z,TVC:US10Y
,,,1.2621140410187073,,,-0.1333629695487739,4.493,,1782267784,2026-06-24T02:23:04Z,TVC:US10Y
,,,1.2621140410187073,,,-0.1333629695487739,4.493,,1782267960,2026-06-24T02:26:00Z,TVC:US10Y
,,,1.2621140410187073,,,-0.1333629695487739,4.493,,1782268145,2026-06-24T02:29:05Z,TVC:US10Y
,,,1.1719630380887898,,,-0.222271615914643,4.489,,1782268322,2026-06-24T02:32:02Z,TVC:US10Y
,,,1.1719630380887898,,,-0.222271615914643,4.489,,1782268502,2026-06-24T02:35:02Z,TVC:US10Y
,,,1.2170385395537384,,,-0.1778172927317183,4.491,,1782268678,2026-06-24T02:37:58Z,TVC:US10Y
,,,1.1719630380887898,,,-0.222271615914643,4.489,,1782268857,2026-06-24T02:40:57Z,TVC:US10Y
,,,1.1719630380887898,,,-0.222271615914643,4.489,,1782269047,2026-06-24T02:44:07Z,TVC:US10Y
,,,1.1719630380887898,,,-0.222271615914643,4.489,,1782269220,2026-06-24T02:47:00Z,TVC:US10Y
,,,1.081812035158892,,,-0.3111802622804922,4.485,,1782269403,2026-06-24T02:50:03Z,TVC:US10Y
,,,1.081812035158892,,,-0.3111802622804922,4.485,,1782269580,2026-06-24T02:53:00Z,TVC:US10Y
,,,1.081812035158892,,,-0.3111802622804922,4.485,,1782269757,2026-06-24T02:55:57Z,TVC:US10Y
,,,1.081812035158892,,,-0.3111802622804922,4.485,,1782269944,2026-06-24T02:59:04Z,TVC:US10Y
,,,1.081812035158892,,,-0.3111802622804922,4.485,,1782270122,2026-06-24T03:02:02Z,TVC:US10Y
,,,1.081812035158892,,,-0.3111802622804922,4.485,,1782270301,2026-06-24T03:05:01Z,TVC:US10Y
,,,1.081812035158892,,,-0.3111802622804922,4.485,,1782270475,2026-06-24T03:07:55Z,TVC:US10Y
,,,1.081812035158892,,,-0.3111802622804922,4.485,,1782270660,2026-06-24T03:11:00Z,TVC:US10Y
,,,1.1719630380887898,,,-0.222271615914643,4.489,,1782270841,2026-06-24T03:14:01Z,TVC:US10Y
,,,1.1719630380887898,,,-0.222271615914643,4.489,,1782271018,2026-06-24T03:16:58Z,TVC:US10Y
,,,1.1719630380887898,,,-0.222271615914643,4.489,,1782271200,2026-06-24T03:20:00Z,TVC:US10Y
,,,1.1719630380887898,,,-0.222271615914643,4.489,,1782271386,2026-06-24T03:23:06Z,TVC:US10Y
,,,1.1719630380887898,,,-0.222271615914643,4.489,,1782271562,2026-06-24T03:26:02Z,TVC:US10Y
,,,1.1719630380887898,,,-0.222271615914643,4.489,,1782271742,2026-06-24T03:29:02Z,TVC:US10Y
,,,1.1719630380887898,,,-0.222271615914643,4.489,,1782271917,2026-06-24T03:31:57Z,TVC:US10Y
,,,1.1719630380887898,,,-0.222271615914643,4.489,,1782272096,2026-06-24T03:34:56Z,TVC:US10Y
,,,1.1719630380887898,,,-0.222271615914643,4.489,,1782272283,2026-06-24T03:38:03Z,TVC:US10Y
,,,1.1719630380887898,,,-0.222271615914643,4.489,,1782272460,2026-06-24T03:41:00Z,TVC:US10Y
,,,1.126887536623841,,,-0.2667259390975676,4.487,,1782272638,2026-06-24T03:43:58Z,TVC:US10Y
,,,1.126887536623841,,,-0.2667259390975676,4.487,,1782272820,2026-06-24T03:47:00Z,TVC:US10Y
,,,1.126887536623841,,,-0.2667259390975676,4.487,,1782273008,2026-06-24T03:50:08Z,TVC:US10Y
,,,1.126887536623841,,,-0.2667259390975676,4.487,,1782273185,2026-06-24T03:53:05Z,TVC:US10Y
,,,1.126887536623841,,,-0.2667259390975676,4.487,,1782273354,2026-06-24T03:55:54Z,TVC:US10Y
,,,1.081812035158892,,,-0.3111802622804922,4.485,,1782273544,2026-06-24T03:59:04Z,TVC:US10Y
,,,1.081812035158892,,,-0.3111802622804922,4.485,,1782273720,2026-06-24T04:02:00Z,TVC:US10Y
,,,1.081812035158892,,,-0.3111802622804922,4.485,,1782273897,2026-06-24T04:04:57Z,TVC:US10Y
,,,1.081812035158892,,,-0.3111802622804922,4.485,,1782274080,2026-06-24T04:08:00Z,TVC:US10Y
,,,1.081812035158892,,,-0.3111802622804922,4.485,,1782274262,2026-06-24T04:11:02Z,TVC:US10Y
,,,1.081812035158892,,,-0.3111802622804922,4.485,,1782274435,2026-06-24T04:13:55Z,TVC:US10Y
,,,1.081812035158892,,,-0.3111802622804922,4.485,,1782274623,2026-06-24T04:17:03Z,TVC:US10Y
,,,1.1719630380887898,,,-0.222271615914643,4.489,,1782274802,2026-06-24T04:20:02Z,TVC:US10Y
,,,1.1719630380887898,,,-0.222271615914643,4.489,,1782274983,2026-06-24T04:23:03Z,TVC:US10Y
,,,1.1719630380887898,,,-0.222271615914643,4.489,,1782275158,2026-06-24T04:25:58Z,TVC:US10Y
,,,1.1719630380887898,,,-0.222271615914643,4.489,,1782275348,2026-06-24T04:29:08Z,TVC:US10Y
,,,1.1719630380887898,,,-0.222271615914643,4.489,,1782275519,2026-06-24T04:31:59Z,TVC:US10Y
,,,1.126887536623841,,,-0.2667259390975676,4.487,,1782275696,2026-06-24T04:34:56Z,TVC:US10Y
,,,1.081812035158892,,,-0.3111802622804922,4.485,,1782275874,2026-06-24T04:37:54Z,TVC:US10Y
,,,1.1719630380887898,,,-0.222271615914643,4.489,,1782276056,2026-06-24T04:40:56Z,TVC:US10Y
,,,1.1719630380887898,,,-0.222271615914643,4.489,,1782276242,2026-06-24T04:44:02Z,TVC:US10Y
,,,1.1719630380887898,,,-0.222271615914643,4.489,,1782276424,2026-06-24T04:47:04Z,TVC:US10Y
,,,1.1719630380887898,,,-0.222271615914643,4.489,,1782276590,2026-06-24T04:49:50Z,TVC:US10Y
,,,1.1719630380887898,,,-0.222271615914643,4.489,,1782276778,2026-06-24T04:52:58Z,TVC:US10Y
,,,1.1719630380887898,,,-0.222271615914643,4.489,,1782276965,2026-06-24T04:56:05Z,TVC:US10Y
,,,1.1719630380887898,,,-0.222271615914643,4.489,,1782277143,2026-06-24T04:59:03Z,TVC:US10Y
,,,1.1719630380887898,,,-0.222271615914643,4.489,,1782277317,2026-06-24T05:01:57Z,TVC:US10Y
,,,1.2621140410187073,,,-0.1333629695487739,4.493,,1782277498,2026-06-24T05:04:58Z,TVC:US10Y
,,,1.2621140410187073,,,-0.1333629695487739,4.493,,1782277680,2026-06-24T05:08:00Z,TVC:US10Y
,,,1.2621140410187073,,,-0.1333629695487739,4.493,,1782277860,2026-06-24T05:11:00Z,TVC:US10Y
,,,1.2621140410187073,,,-0.1333629695487739,4.493,,1782278042,2026-06-24T05:14:02Z,TVC:US10Y
,,,1.2621140410187073,,,-0.1333629695487739,4.493,,1782278218,2026-06-24T05:16:58Z,TVC:US10Y
,,,1.2621140410187073,,,-0.1333629695487739,4.493,,1782278399,2026-06-24T05:19:59Z,TVC:US10Y
,,,1.3071895424836562,,,-0.0889086463658493,4.495,,1782278581,2026-06-24T05:23:01Z,TVC:US10Y
,,,1.3071895424836562,,,-0.0889086463658493,4.495,,1782278761,2026-06-24T05:26:01Z,TVC:US10Y
,,,1.352265043948605,,,-0.0444543231829246,4.497,,1782278940,2026-06-24T05:29:00Z,TVC:US10Y
,,,1.352265043948605,,,-0.0444543231829246,4.497,,1782279125,2026-06-24T05:32:05Z,TVC:US10Y
,,,1.352265043948605,,,-0.0444543231829246,4.497,,1782279306,2026-06-24T05:35:06Z,TVC:US10Y
,,,1.352265043948605,,,-0.0444543231829246,4.497,,1782279480,2026-06-24T05:38:00Z,TVC:US10Y
,,,1.4424160468785228,,,0.0444543231829443,4.501,,1782279655,2026-06-24T05:40:55Z,TVC:US10Y
,,,1.4424160468785228,,,0.0444543231829443,4.501,,1782279836,2026-06-24T05:43:56Z,TVC:US10Y
,,,1.352265043948605,,,-0.0444543231829246,4.497,,1782280024,2026-06-24T05:47:04Z,TVC:US10Y
,,,1.352265043948605,,,-0.0444543231829246,4.497,,1782280198,2026-06-24T05:49:58Z,TVC:US10Y
,,,1.352265043948605,,,-0.0444543231829246,4.497,,1782280377,2026-06-24T05:52:57Z,TVC:US10Y
,,,1.352265043948605,,,-0.0444543231829246,4.497,,1782280558,2026-06-24T05:55:58Z,TVC:US10Y
,,,1.3071895424836562,,,-0.0889086463658493,4.495,,1782280743,2026-06-24T05:59:03Z,TVC:US10Y
,,,1.3071895424836562,,,-0.0889086463658493,4.495,,1782280925,2026-06-24T06:02:05Z,TVC:US10Y
,,,1.352265043948605,,,-0.0444543231829246,4.497,,1782281098,2026-06-24T06:04:58Z,TVC:US10Y
,,,1.352265043948605,,,-0.0444543231829246,4.497,,1782281280,2026-06-24T06:08:00Z,TVC:US10Y
,,,1.2621140410187073,,,-0.1333629695487739,4.493,,1782281460,2026-06-24T06:11:00Z,TVC:US10Y
,,,1.2621140410187073,,,-0.1333629695487739,4.493,,1782281638,2026-06-24T06:13:58Z,TVC:US10Y
,,,1.2170385395537384,,,-0.1778172927317183,4.491,,1782281826,2026-06-24T06:17:06Z,TVC:US10Y
,,,1.2621140410187073,,,-0.1333629695487739,4.493,,1782281996,2026-06-24T06:19:56Z,TVC:US10Y
,,,1.2170385395537384,,,-0.1333629695487739,4.493,,1782282178,2026-06-24T06:22:58Z,TVC:US10Y
,,,1.2621140410187073,,,-0.1333629695487739,4.493,,1782282364,2026-06-24T06:26:04Z,TVC:US10Y
,,,1.2621140410187073,,,-0.1333629695487739,4.493,,1782282539,2026-06-24T06:28:59Z,TVC:US10Y
,,,1.1719630380887898,,,-0.222271615914643,4.489,,1782282728,2026-06-24T06:32:08Z,TVC:US10Y
,,,1.2170385395537384,,,-0.1778172927317183,4.491,,1782282899,2026-06-24T06:34:59Z,TVC:US10Y
,,,1.1719630380887898,,,-0.222271615914643,4.489,,1782283078,2026-06-24T06:37:58Z,TVC:US10Y
,,,1.2170385395537384,,,-0.1778172927317183,4.491,,1782283266,2026-06-24T06:41:06Z,TVC:US10Y
,,,1.1719630380887898,,,-0.222271615914643,4.489,,1782283438,2026-06-24T06:43:58Z,TVC:US10Y
,,,1.1719630380887898,,,-0.222271615914643,4.489,,1782283620,2026-06-24T06:47:00Z,TVC:US10Y
,,,1.1719630380887898,,,-0.222271615914643,4.489,,1782283795,2026-06-24T06:49:55Z,TVC:US10Y
,,,1.1719630380887898,,,-0.222271615914643,4.489,,1782283979,2026-06-24T06:52:59Z,TVC:US10Y
,,,1.1719630380887898,,,-0.222271615914643,4.489,,1782284167,2026-06-24T06:56:07Z,TVC:US10Y
,,,1.1719630380887898,,,-0.222271615914643,4.489,,1782284337,2026-06-24T06:58:57Z,TVC:US10Y
,,,1.081812035158892,,,-0.3111802622804922,4.485,,1782284525,2026-06-24T07:02:05Z,TVC:US10Y
,,,1.126887536623841,,,-0.2667259390975676,4.487,,1782284705,2026-06-24T07:05:05Z,TVC:US10Y
,,,0.9916610322289744,,,-0.4000889086463612,4.481,,1782284886,2026-06-24T07:08:06Z,TVC:US10Y
,,,0.9916610322289744,,,-0.4000889086463612,4.481,,1782285047,2026-06-24T07:10:47Z,TVC:US10Y
,,,0.9916610322289744,,,-0.4000889086463612,4.481,,1782285247,2026-06-24T07:14:07Z,TVC:US10Y
,,,0.9916610322289744,,,-0.4000889086463612,4.481,,1782285422,2026-06-24T07:17:02Z,TVC:US10Y
,,,0.9916610322289744,,,-0.4000889086463612,4.481,,1782285604,2026-06-24T07:20:04Z,TVC:US10Y
,,,0.9916610322289744,,,-0.4000889086463612,4.481,,1782285775,2026-06-24T07:22:55Z,TVC:US10Y
,,,0.9916610322289744,,,-0.4000889086463612,4.481,,1782285959,2026-06-24T07:25:59Z,TVC:US10Y
,,,1.0367365336939232,,,-0.3556345854634367,4.483,,1782286140,2026-06-24T07:29:00Z,TVC:US10Y
,,,0.9916610322289744,,,-0.4000889086463612,4.481,,1782286319,2026-06-24T07:31:59Z,TVC:US10Y
,,,1.081812035158892,,,-0.3111802622804922,4.485,,1782286499,2026-06-24T07:34:59Z,TVC:US10Y
,,,0.9916610322289744,,,-0.4000889086463612,4.481,,1782286680,2026-06-24T07:38:00Z,TVC:US10Y
,,,0.9916610322289744,,,-0.4000889086463612,4.481,,1782286864,2026-06-24T07:41:04Z,TVC:US10Y
,,,1.0367365336939232,,,-0.3556345854634367,4.483,,1782287038,2026-06-24T07:43:58Z,TVC:US10Y
,,,1.0367365336939232,,,-0.3556345854634367,4.483,,1782287215,2026-06-24T07:46:55Z,TVC:US10Y
,,,1.0367365336939232,,,-0.3556345854634367,4.483,,1782287402,2026-06-24T07:50:02Z,TVC:US10Y
,,,1.0367365336939232,,,-0.3556345854634367,4.483,,1782287577,2026-06-24T07:52:57Z,TVC:US10Y
,,,0.9916610322289744,,,-0.4000889086463612,4.481,,1782287758,2026-06-24T07:55:58Z,TVC:US10Y
,,,0.9916610322289744,,,-0.4000889086463612,4.481,,1782287935,2026-06-24T07:58:55Z,TVC:US10Y
,,,0.9916610322289744,,,-0.4000889086463612,4.481,,1782288124,2026-06-24T08:02:04Z,TVC:US10Y
,,,0.9465855307640256,,,-0.444543231829286,4.479,,1782288299,2026-06-24T08:04:59Z,TVC:US10Y
,,,0.9015100292990766,,,-0.4889975550122106,4.477,,1782288480,2026-06-24T08:08:00Z,TVC:US10Y
,,,0.9015100292990766,,,-0.4889975550122106,4.477,,1782288655,2026-06-24T08:10:55Z,TVC:US10Y
,,,0.9916610322289744,,,-0.4000889086463612,4.481,,1782288841,2026-06-24T08:14:01Z,TVC:US10Y
,,,0.9916610322289744,,,-0.4000889086463612,4.481,,1782289021,2026-06-24T08:17:01Z,TVC:US10Y
,,,0.9916610322289744,,,-0.4000889086463612,4.481,,1782289201,2026-06-24T08:20:01Z,TVC:US10Y
,,,0.9015100292990766,,,-0.4889975550122106,4.477,,1782289374,2026-06-24T08:22:54Z,TVC:US10Y
,,,0.9015100292990766,,,-0.4889975550122106,4.477,,1782289561,2026-06-24T08:26:01Z,TVC:US10Y
,,,0.9015100292990766,,,-0.4889975550122106,4.477,,1782289740,2026-06-24T08:29:00Z,TVC:US10Y
,,,0.9916610322289744,,,-0.4000889086463612,4.481,,1782289919,2026-06-24T08:31:59Z,TVC:US10Y
,,,0.9916610322289744,,,-0.4000889086463612,4.481,,1782290097,2026-06-24T08:34:57Z,TVC:US10Y
,,,0.9916610322289744,,,-0.4000889086463612,4.481,,1782290276,2026-06-24T08:37:56Z,TVC:US10Y
,,,0.9916610322289744,,,-0.4000889086463612,4.481,,1782290465,2026-06-24T08:41:05Z,TVC:US10Y
,,,0.9916610322289744,,,-0.4000889086463612,4.481,,1782290636,2026-06-24T08:43:56Z,TVC:US10Y
,,,0.9916610322289744,,,-0.4000889086463612,4.481,,1782290825,2026-06-24T08:47:05Z,TVC:US10Y
,,,0.9916610322289744,,,-0.4000889086463612,4.481,,1782291002,2026-06-24T08:50:02Z,TVC:US10Y
,,,0.9465855307640256,,,-0.444543231829286,4.479,,1782291187,2026-06-24T08:53:07Z,TVC:US10Y
,,,0.9465855307640256,,,-0.444543231829286,4.479,,1782291363,2026-06-24T08:56:03Z,TVC:US10Y
,,,0.9916610322289744,,,-0.4000889086463612,4.481,,1782291534,2026-06-24T08:58:54Z,TVC:US10Y
,,,0.9916610322289744,,,-0.4000889086463612,4.481,,1782291714,2026-06-24T09:01:54Z,TVC:US10Y
,,,0.9916610322289744,,,-0.4000889086463612,4.481,,1782291900,2026-06-24T09:05:00Z,TVC:US10Y
,,,0.9916610322289744,,,-0.4000889086463612,4.481,,1782292083,2026-06-24T09:08:03Z,TVC:US10Y
,,,0.9916610322289744,,,-0.4000889086463612,4.481,,1782292254,2026-06-24T09:10:54Z,TVC:US10Y
,,,0.9916610322289744,,,-0.4000889086463612,4.481,,1782292448,2026-06-24T09:14:08Z,TVC:US10Y
,,,0.9916610322289744,,,-0.4000889086463612,4.481,,1782292621,2026-06-24T09:17:01Z,TVC:US10Y
,,,0.9916610322289744,,,-0.4000889086463612,4.481,,1782292799,2026-06-24T09:19:59Z,TVC:US10Y
,,,0.9015100292990766,,,-0.4889975550122106,4.477,,1782292980,2026-06-24T09:23:00Z,TVC:US10Y
,,,0.9015100292990766,,,-0.4889975550122106,4.477,,1782293160,2026-06-24T09:26:00Z,TVC:US10Y
,,,0.9465855307640256,,,-0.444543231829286,4.479,,1782293343,2026-06-24T09:29:03Z,TVC:US10Y
,,,0.9916610322289744,,,-0.4000889086463612,4.481,,1782293526,2026-06-24T09:32:06Z,TVC:US10Y
,,,1.0367365336939232,,,-0.3556345854634367,4.483,,1782293707,2026-06-24T09:35:07Z,TVC:US10Y
,,,0.9916610322289744,,,-0.4000889086463612,4.481,,1782293873,2026-06-24T09:37:53Z,TVC:US10Y
,,,0.9916610322289744,,,-0.4000889086463612,4.481,,1782294059,2026-06-24T09:40:59Z,TVC:US10Y
,,,0.9916610322289744,,,-0.4000889086463612,4.481,,1782294241,2026-06-24T09:44:01Z,TVC:US10Y
,,,0.9916610322289744,,,-0.4000889086463612,4.481,,1782294421,2026-06-24T09:47:01Z,TVC:US10Y
,,,1.0367365336939232,,,-0.3556345854634367,4.483,,1782294597,2026-06-24T09:49:57Z,TVC:US10Y
,,,0.9916610322289744,,,-0.4000889086463612,4.481,,1782294777,2026-06-24T09:52:57Z,TVC:US10Y
,,,0.9916610322289744,,,-0.4000889086463612,4.481,,1782294959,2026-06-24T09:55:59Z,TVC:US10Y
,,,1.081812035158892,,,-0.3111802622804922,4.485,,1782295140,2026-06-24T09:59:00Z,TVC:US10Y
,,,0.9916610322289744,,,-0.4000889086463612,4.481,,1782295322,2026-06-24T10:02:02Z,TVC:US10Y
,,,0.9916610322289744,,,-0.4000889086463612,4.481,,1782295502,2026-06-24T10:05:02Z,TVC:US10Y
,,,0.9916610322289744,,,-0.4000889086463612,4.481,,1782295681,2026-06-24T10:08:01Z,TVC:US10Y
,,,1.0367365336939232,,,-0.3556345854634367,4.483,,1782295867,2026-06-24T10:11:07Z,TVC:US10Y
,,,1.0367365336939232,,,-0.3556345854634367,4.483,,1782296040,2026-06-24T10:14:00Z,TVC:US10Y
,,,1.0367365336939232,,,-0.3556345854634367,4.483,,1782296227,2026-06-24T10:17:07Z,TVC:US10Y
,,,0.9916610322289744,,,-0.4000889086463612,4.481,,1782296404,2026-06-24T10:20:04Z,TVC:US10Y
,,,1.0367365336939232,,,-0.3556345854634367,4.483,,1782296579,2026-06-24T10:22:59Z,TVC:US10Y
,,,1.081812035158892,,,-0.3111802622804922,4.485,,1782296768,2026-06-24T10:26:08Z,TVC:US10Y
,,,1.081812035158892,,,-0.3111802622804922,4.485,,1782296946,2026-06-24T10:29:06Z,TVC:US10Y
,,,1.081812035158892,,,-0.3111802622804922,4.485,,1782297122,2026-06-24T10:32:02Z,TVC:US10Y
,,,1.081812035158892,,,-0.3111802622804922,4.485,,1782297294,2026-06-24T10:34:54Z,TVC:US10Y
,,,1.0367365336939232,,,-0.3556345854634367,4.483,,1782297483,2026-06-24T10:38:03Z,TVC:US10Y
,,,1.081812035158892,,,-0.3111802622804922,4.485,,1782297657,2026-06-24T10:40:57Z,TVC:US10Y
,,,1.081812035158892,,,-0.3111802622804922,4.485,,1782297839,2026-06-24T10:43:59Z,TVC:US10Y
,,,1.081812035158892,,,-0.3111802622804922,4.485,,1782298018,2026-06-24T10:46:58Z,TVC:US10Y
,,,1.081812035158892,,,-0.3111802622804922,4.485,,1782298201,2026-06-24T10:50:01Z,TVC:US10Y
,,,1.081812035158892,,,-0.3111802622804922,4.485,,1782298377,2026-06-24T10:52:57Z,TVC:US10Y
,,,1.081812035158892,,,-0.3111802622804922,4.485,,1782298563,2026-06-24T10:56:03Z,TVC:US10Y
,,,1.0367365336939232,,,-0.3556345854634367,4.483,,1782298736,2026-06-24T10:58:56Z,TVC:US10Y
,,,1.0367365336939232,,,-0.3556345854634367,4.483,,1782298925,2026-06-24T11:02:05Z,TVC:US10Y
,,,1.081812035158892,,,-0.3111802622804922,4.485,,1782299101,2026-06-24T11:05:01Z,TVC:US10Y
,,,1.081812035158892,,,-0.3111802622804922,4.485,,1782299270,2026-06-24T11:07:50Z,TVC:US10Y
,,,1.081812035158892,,,-0.3111802622804922,4.485,,1782299455,2026-06-24T11:10:55Z,TVC:US10Y
,,,1.081812035158892,,,-0.3111802622804922,4.485,,1782299637,2026-06-24T11:13:57Z,TVC:US10Y
,,,1.126887536623841,,,-0.2667259390975676,4.487,,1782299816,2026-06-24T11:16:56Z,TVC:US10Y
,,,1.1719630380887898,,,-0.222271615914643,4.489,,1782299997,2026-06-24T11:19:57Z,TVC:US10Y
,,,1.1719630380887898,,,-0.222271615914643,4.489,,1782300183,2026-06-24T11:23:03Z,TVC:US10Y
,,,1.1719630380887898,,,-0.222271615914643,4.489,,1782300366,2026-06-24T11:26:06Z,TVC:US10Y
,,,0.9916610322289744,,,-0.4000889086463612,4.481,,1782300544,2026-06-24T11:29:04Z,TVC:US10Y
,,,0.9916610322289744,,,-0.4000889086463612,4.481,,1782300725,2026-06-24T11:32:05Z,TVC:US10Y
,,,0.9916610322289744,,,-0.4000889086463612,4.481,,1782300902,2026-06-24T11:35:02Z,TVC:US10Y
,,,0.9916610322289744,,,-0.4000889086463612,4.481,,1782301083,2026-06-24T11:38:03Z,TVC:US10Y
,,,0.9916610322289744,,,-0.4000889086463612,4.481,,1782301256,2026-06-24T11:40:56Z,TVC:US10Y
,,,0.9465855307640256,,,-0.444543231829286,4.479,,1782301442,2026-06-24T11:44:02Z,TVC:US10Y
,,,0.9015100292990766,,,-0.4889975550122106,4.477,,1782301622,2026-06-24T11:47:02Z,TVC:US10Y
,,,0.811359026369159,,,-0.5779062013780797,4.473,,1782301799,2026-06-24T11:49:59Z,TVC:US10Y
,,,0.7212080234392614,,,-0.666814847743929,4.469,,1782301974,2026-06-24T11:52:54Z,TVC:US10Y
,,,0.7212080234392614,,,-0.666814847743929,4.469,,1782302159,2026-06-24T11:55:59Z,TVC:US10Y
,,,0.7212080234392614,,,-0.666814847743929,4.469,,1782302339,2026-06-24T11:58:59Z,TVC:US10Y
,,,0.7212080234392614,,,-0.666814847743929,4.469,,1782302523,2026-06-24T12:02:03Z,TVC:US10Y
,,,0.6310570205093436,,,-0.7557234941097979,4.465,,1782302697,2026-06-24T12:04:57Z,TVC:US10Y
,,,0.4507550146495283,,,-0.9335407868415164,4.457,,1782302881,2026-06-24T12:08:01Z,TVC:US10Y
,,,0.4507550146495283,,,-0.9335407868415164,4.457,,1782303056,2026-06-24T12:10:56Z,TVC:US10Y
,,,0.4507550146495283,,,-0.9335407868415164,4.457,,1782303241,2026-06-24T12:14:01Z,TVC:US10Y
,,,0.4507550146495283,,,-0.9335407868415164,4.457,,1782303426,2026-06-24T12:17:06Z,TVC:US10Y
,,,0.4056795131845795,,,-0.9779951100244412,4.455,,1782303599,2026-06-24T12:19:59Z,TVC:US10Y
,,,0.3155285102546618,,,-1.06690375639031,4.451,,1782303776,2026-06-24T12:22:56Z,TVC:US10Y
,,,0.270453008789713,,,-1.1113580795732343,4.449,,1782303962,2026-06-24T12:26:02Z,TVC:US10Y
,,,0.1803020058598153,,,-1.2002667259390838,4.445,,1782304131,2026-06-24T12:28:51Z,TVC:US10Y
,,,0.2253775073247641,,,-1.1558124027561594,4.447,,1782304323,2026-06-24T12:32:03Z,TVC:US10Y
,,,0.1803020058598153,,,-1.2002667259390838,4.445,,1782304501,2026-06-24T12:35:01Z,TVC:US10Y
,,,0.0901510029298976,,,-1.2891753723049528,4.441,,1782304673,2026-06-24T12:37:53Z,TVC:US10Y
,,,0.1352265043948465,,,-1.2447210491220284,4.443,,1782304855,2026-06-24T12:40:55Z,TVC:US10Y
,,,0.1352265043948465,,,-1.2447210491220284,4.443,,1782305038,2026-06-24T12:43:58Z,TVC:US10Y
,,,0.0901510029298976,,,-1.2891753723049528,4.441,,1782305220,2026-06-24T12:47:00Z,TVC:US10Y
,,,0.1803020058598153,,,-1.2002667259390838,4.445,,1782305398,2026-06-24T12:49:58Z,TVC:US10Y
,,,0.0901510029298976,,,-1.2891753723049528,4.441,,1782305578,2026-06-24T12:52:58Z,TVC:US10Y
,,,0.0,,,-1.3780840186708023,4.437,,1782305762,2026-06-24T12:56:02Z,TVC:US10Y
,,,-0.0225377507324844,,,-1.4003111802622743,4.436,,1782305930,2026-06-24T12:58:50Z,TVC:US10Y
,,,-0.0676132521974332,,,-1.4447655034451992,4.434,,1782306123,2026-06-24T13:02:03Z,TVC:US10Y
,,,-0.112688753662382,,,-1.4892198266281238,4.432,,1782306301,2026-06-24T13:05:01Z,TVC:US10Y
,,,-0.112688753662382,,,-1.4892198266281238,4.432,,1782306481,2026-06-24T13:08:01Z,TVC:US10Y
,,,-0.1577642551273509,,,-1.5336741498110682,4.43,,1782306663,2026-06-24T13:11:03Z,TVC:US10Y
,,,-0.0676132521974332,,,-1.4447655034451992,4.434,,1782306841,2026-06-24T13:14:01Z,TVC:US10Y
,,,-0.0676132521974332,,,-1.4447655034451992,4.434,,1782307019,2026-06-24T13:16:59Z,TVC:US10Y
,,,-0.0676132521974332,,,-1.4447655034451992,4.434,,1782307198,2026-06-24T13:19:58Z,TVC:US10Y
,,,-0.0676132521974332,,,-1.4447655034451992,4.434,,1782307383,2026-06-24T13:23:03Z,TVC:US10Y
,,,-0.1577642551273509,,,-1.5336741498110682,4.43,,1782307561,2026-06-24T13:26:01Z,TVC:US10Y
,,,-0.1577642551273509,,,-1.5336741498110682,4.43,,1782307735,2026-06-24T13:28:55Z,TVC:US10Y
,,,-0.2479152580572486,,,-1.6225827961769173,4.426,,1782307925,2026-06-24T13:32:05Z,TVC:US10Y
,,,-0.1577642551273509,,,-1.5336741498110682,4.43,,1782308103,2026-06-24T13:35:03Z,TVC:US10Y
,,,-0.2028397565922997,,,-1.5781284729939928,4.428,,1782308280,2026-06-24T13:38:00Z,TVC:US10Y
,,,-0.2929907595221974,,,-1.667037119359842,4.424,,1782308464,2026-06-24T13:41:04Z,TVC:US10Y
,,,-0.3380662609871662,,,-1.7114914425427863,4.422,,1782308649,2026-06-24T13:44:09Z,TVC:US10Y
,,,-0.1577642551273509,,,-1.5336741498110682,4.43,,1782308823,2026-06-24T13:47:03Z,TVC:US10Y
,,,-0.2929907595221974,,,-1.667037119359842,4.424,,1782309000,2026-06-24T13:50:00Z,TVC:US10Y
,,,-0.3380662609871662,,,-1.7114914425427863,4.422,,1782309182,2026-06-24T13:53:02Z,TVC:US10Y
,,,-0.3380662609871662,,,-1.7114914425427863,4.422,,1782309364,2026-06-24T13:56:04Z,TVC:US10Y
,,,-0.3380662609871662,,,-1.7114914425427863,4.422,,1782309543,2026-06-24T13:59:03Z,TVC:US10Y
,,,-0.4282172639170639,,,-1.800400088908636,4.418,,1782309722,2026-06-24T14:02:02Z,TVC:US10Y
,,,-0.5183682668469816,,,-1.8893087352745048,4.414,,1782309900,2026-06-24T14:05:00Z,TVC:US10Y
,,,-0.5183682668469816,,,-1.8893087352745048,4.414,,1782310085,2026-06-24T14:08:05Z,TVC:US10Y
,,,-0.5183682668469816,,,-1.8893087352745048,4.414,,1782310258,2026-06-24T14:10:58Z,TVC:US10Y
,,,-0.5634437683119304,,,-1.9337630584574288,4.412,,1782310441,2026-06-24T14:14:01Z,TVC:US10Y
,,,-0.5183682668469816,,,-1.8893087352745048,4.414,,1782310626,2026-06-24T14:17:06Z,TVC:US10Y
,,,-0.4282172639170639,,,-1.800400088908636,4.418,,1782310800,2026-06-24T14:20:00Z,TVC:US10Y
,,,-0.4732927653820127,,,-1.8448544120915604,4.416,,1782310981,2026-06-24T14:23:01Z,TVC:US10Y
,,,-0.5183682668469816,,,-1.8893087352745048,4.414,,1782311150,2026-06-24T14:25:50Z,TVC:US10Y
,,,-0.5183682668469816,,,-1.8893087352745048,4.414,,1782311344,2026-06-24T14:29:04Z,TVC:US10Y
,,,-0.5183682668469816,,,-1.8893087352745048,4.414,,1782311521,2026-06-24T14:32:01Z,TVC:US10Y
,,,-0.5183682668469816,,,-1.8893087352745048,4.414,,1782311697,2026-06-24T14:34:57Z,TVC:US10Y
,,,-0.5183682668469816,,,-1.8893087352745048,4.414,,1782311876,2026-06-24T14:37:56Z,TVC:US10Y
,,,-0.6085192697768793,,,-1.9782173816403543,4.41,,1782312063,2026-06-24T14:41:03Z,TVC:US10Y
,,,-0.6085192697768793,,,-1.9782173816403543,4.41,,1782312243,2026-06-24T14:44:03Z,TVC:US10Y
,,,-0.6535947712418281,,,-2.0226717048232787,4.408,,1782312424,2026-06-24T14:47:04Z,TVC:US10Y
,,,-0.6535947712418281,,,-2.0226717048232787,4.408,,1782312609,2026-06-24T14:50:09Z,TVC:US10Y
,,,-0.6986702727067969,,,-2.067126028006223,4.406,,1782312781,2026-06-24T14:53:01Z,TVC:US10Y
,,,-0.6986702727067969,,,-2.067126028006223,4.406,,1782312957,2026-06-24T14:55:57Z,TVC:US10Y
,,,-0.6986702727067969,,,-2.067126028006223,4.406,,1782313135,2026-06-24T14:58:55Z,TVC:US10Y
,,,-0.6986702727067969,,,-2.067126028006223,4.406,,1782313325,2026-06-24T15:02:05Z,TVC:US10Y
,,,-0.6986702727067969,,,-2.067126028006223,4.406,,1782313499,2026-06-24T15:04:59Z,TVC:US10Y
,,,-0.6986702727067969,,,-1.9782173816403543,4.41,,1782313679,2026-06-24T15:07:59Z,TVC:US10Y
,,,-0.6085192697768793,,,-1.9782173816403543,4.41,,1782313849,2026-06-24T15:10:49Z,TVC:US10Y
,,,-0.5183682668469816,,,-1.8893087352745048,4.414,,1782314042,2026-06-24T15:14:02Z,TVC:US10Y
,,,-0.6085192697768793,,,-1.9782173816403543,4.41,,1782314217,2026-06-24T15:16:57Z,TVC:US10Y
,,,-0.6535947712418281,,,-2.0226717048232787,4.408,,1782314397,2026-06-24T15:19:57Z,TVC:US10Y
,,,-0.6085192697768793,,,-1.9782173816403543,4.41,,1782314582,2026-06-24T15:23:02Z,TVC:US10Y
,,,-0.6085192697768793,,,-1.9782173816403543,4.41,,1782314758,2026-06-24T15:25:58Z,TVC:US10Y
,,,-0.7437457741717458,,,-2.111580351189148,4.404,,1782314938,2026-06-24T15:28:58Z,TVC:US10Y
,,,-0.6986702727067969,,,-2.067126028006223,4.406,,1782315130,2026-06-24T15:32:10Z,TVC:US10Y
,,,-0.6535947712418281,,,-2.0226717048232787,4.408,,1782315299,2026-06-24T15:34:59Z,TVC:US10Y
,,,-0.6986702727067969,,,-2.067126028006223,4.406,,1782315481,2026-06-24T15:38:01Z,TVC:US10Y
,,,-0.6986702727067969,,,-2.067126028006223,4.406,,1782315662,2026-06-24T15:41:02Z,TVC:US10Y
,,,-0.6986702727067969,,,-2.067126028006223,4.406,,1782315843,2026-06-24T15:44:03Z,TVC:US10Y
,,,-0.7437457741717458,,,-2.111580351189148,4.404,,1782316023,2026-06-24T15:47:03Z,TVC:US10Y
,,,-0.6986702727067969,,,-2.067126028006223,4.406,,1782316199,2026-06-24T15:49:59Z,TVC:US10Y
,,,-0.7437457741717458,,,-2.111580351189148,4.404,,1782316379,2026-06-24T15:52:59Z,TVC:US10Y
,,,-0.6986702727067969,,,-2.067126028006223,4.406,,1782316563,2026-06-24T15:56:03Z,TVC:US10Y
,,,-0.6986702727067969,,,-2.067126028006223,4.406,,1782316738,2026-06-24T15:58:58Z,TVC:US10Y
,,,-0.6986702727067969,,,-2.067126028006223,4.406,,1782316926,2026-06-24T16:02:06Z,TVC:US10Y
,,,-0.7888212756366946,,,-2.1560346743720724,4.402,,1782317098,2026-06-24T16:04:58Z,TVC:US10Y
,,,-0.7888212756366946,,,-2.1560346743720724,4.402,,1782317280,2026-06-24T16:08:00Z,TVC:US10Y
,,,-0.8338967771016434,,,-2.200488997554997,4.4,,1782317458,2026-06-24T16:10:58Z,TVC:US10Y
,,,-0.8338967771016434,,,-2.200488997554997,4.4,,1782317650,2026-06-24T16:14:10Z,TVC:US10Y
,,,-0.7437457741717458,,,-2.111580351189148,4.404,,1782317818,2026-06-24T16:16:58Z,TVC:US10Y
,,,-0.7888212756366946,,,-2.1560346743720724,4.402,,1782318002,2026-06-24T16:20:02Z,TVC:US10Y
,,,-0.7888212756366946,,,-2.1560346743720724,4.402,,1782318180,2026-06-24T16:23:00Z,TVC:US10Y
,,,-0.7888212756366946,,,-2.1560346743720724,4.402,,1782318364,2026-06-24T16:26:04Z,TVC:US10Y
,,,-0.6986702727067969,,,-2.067126028006223,4.406,,1782318546,2026-06-24T16:29:06Z,TVC:US10Y
,,,-0.6986702727067969,,,-2.067126028006223,4.406,,1782318716,2026-06-24T16:31:56Z,TVC:US10Y
,,,-0.6986702727067969,,,-2.067126028006223,4.406,,1782318901,2026-06-24T16:35:01Z,TVC:US10Y
,,,-0.6986702727067969,,,-2.067126028006223,4.406,,1782319082,2026-06-24T16:38:02Z,TVC:US10Y
,,,-0.6986702727067969,,,-2.067126028006223,4.406,,1782319258,2026-06-24T16:40:58Z,TVC:US10Y
,,,-0.6085192697768793,,,-1.9782173816403543,4.41,,1782319453,2026-06-24T16:44:13Z,TVC:US10Y
,,,-0.6085192697768793,,,-1.9782173816403543,4.41,,1782319623,2026-06-24T16:47:03Z,TVC:US10Y
,,,-0.6085192697768793,,,-1.9782173816403543,4.41,,1782319802,2026-06-24T16:50:02Z,TVC:US10Y
,,,-0.6085192697768793,,,-1.9782173816403543,4.41,,1782319980,2026-06-24T16:53:00Z,TVC:US10Y
,,,-0.7888212756366946,,,-2.1560346743720724,4.402,,1782325380,2026-06-24T18:23:00Z,TVC:US10Y
,,,-0.7888212756366946,,,-2.1560346743720724,4.402,,1782325565,2026-06-24T18:26:05Z,TVC:US10Y
,,,-0.7888212756366946,,,-2.1560346743720724,4.402,,1782325738,2026-06-24T18:28:58Z,TVC:US10Y
,,,-0.7888212756366946,,,-2.1560346743720724,4.402,,1782325923,2026-06-24T18:32:03Z,TVC:US10Y
,,,-0.7888212756366946,,,-2.1560346743720724,4.402,,1782326097,2026-06-24T18:34:57Z,TVC:US10Y
,,,-0.7888212756366946,,,-2.1560346743720724,4.402,,1782326279,2026-06-24T18:37:59Z,TVC:US10Y
,,,-0.7888212756366946,,,-2.1560346743720724,4.402,,1782326461,2026-06-24T18:41:01Z,TVC:US10Y
,,,-0.7888212756366946,,,-2.1560346743720724,4.402,,1782326639,2026-06-24T18:43:59Z,TVC:US10Y
,,,-0.7888212756366946,,,-2.1560346743720724,4.402,,1782326824,2026-06-24T18:47:04Z,TVC:US10Y
,,,-0.8338967771016434,,,-2.200488997554997,4.4,,1782327001,2026-06-24T18:50:01Z,TVC:US10Y
,,,-0.8789722785666123,,,-2.244943320737941,4.398,,1782327181,2026-06-24T18:53:01Z,TVC:US10Y
,,,-0.8338967771016434,,,-2.200488997554997,4.4,,1782327366,2026-06-24T18:56:06Z,TVC:US10Y
,,,-0.8338967771016434,,,-2.200488997554997,4.4,,1782327546,2026-06-24T18:59:06Z,TVC:US10Y
,,,-0.8338967771016434,,,-2.200488997554997,4.4,,1782327720,2026-06-24T19:02:00Z,TVC:US10Y
,,,-0.7888212756366946,,,-2.1560346743720724,4.402,,1782327904,2026-06-24T19:05:04Z,TVC:US10Y
,,,-0.7888212756366946,,,-2.1560346743720724,4.402,,1782328081,2026-06-24T19:08:01Z,TVC:US10Y
,,,-0.7888212756366946,,,-2.1560346743720724,4.402,,1782328260,2026-06-24T19:11:00Z,TVC:US10Y
,,,-0.7888212756366946,,,-2.1560346743720724,4.402,,1782328440,2026-06-24T19:14:00Z,TVC:US10Y
,,,-0.7888212756366946,,,-2.1560346743720724,4.402,,1782328616,2026-06-24T19:16:56Z,TVC:US10Y
,,,-0.6986702727067969,,,-2.067126028006223,4.406,,1782328801,2026-06-24T19:20:01Z,TVC:US10Y
,,,-0.7437457741717458,,,-2.111580351189148,4.404,,1782328982,2026-06-24T19:23:02Z,TVC:US10Y
,,,-0.6986702727067969,,,-2.067126028006223,4.406,,1782329159,2026-06-24T19:25:59Z,TVC:US10Y
,,,-0.6986702727067969,,,-2.067126028006223,4.406,,1782329334,2026-06-24T19:28:54Z,TVC:US10Y
,,,-0.6986702727067969,,,-2.067126028006223,4.406,,1782329520,2026-06-24T19:32:00Z,TVC:US10Y
,,,-0.6986702727067969,,,-2.067126028006223,4.406,,1782329698,2026-06-24T19:34:58Z,TVC:US10Y
,,,-0.6986702727067969,,,-2.067126028006223,4.406,,1782329881,2026-06-24T19:38:01Z,TVC:US10Y
,,,-0.6986702727067969,,,-2.067126028006223,4.406,,1782330060,2026-06-24T19:41:00Z,TVC:US10Y
,,,-0.7437457741717458,,,-2.111580351189148,4.404,,1782330241,2026-06-24T19:44:01Z,TVC:US10Y
,,,-0.6986702727067969,,,-2.067126028006223,4.406,,1782330416,2026-06-24T19:46:56Z,TVC:US10Y
,,,-0.7437457741717458,,,-2.111580351189148,4.404,,1782330607,2026-06-24T19:50:07Z,TVC:US10Y
,,,-0.7888212756366946,,,-2.1560346743720724,4.402,,1782330788,2026-06-24T19:53:08Z,TVC:US10Y
,,,-0.6986702727067969,,,-2.067126028006223,4.406,,1782330961,2026-06-24T19:56:01Z,TVC:US10Y
,,,-0.7437457741717458,,,-2.111580351189148,4.404,,1782331139,2026-06-24T19:58:59Z,TVC:US10Y
,,,-0.6986702727067969,,,-2.067126028006223,4.406,,1782331316,2026-06-24T20:01:56Z,TVC:US10Y
,,,-0.6986702727067969,,,-2.067126028006223,4.406,,1782331505,2026-06-24T20:05:05Z,TVC:US10Y
,,,-0.7437457741717458,,,-2.111580351189148,4.404,,1782331675,2026-06-24T20:07:55Z,TVC:US10Y
,,,-0.6986702727067969,,,-2.067126028006223,4.406,,1782331858,2026-06-24T20:10:58Z,TVC:US10Y
,,,-0.7437457741717458,,,-2.111580351189148,4.404,,1782332042,2026-06-24T20:14:02Z,TVC:US10Y
,,,-0.6986702727067969,,,-2.067126028006223,4.406,,1782332224,2026-06-24T20:17:04Z,TVC:US10Y
,,,-0.6986702727067969,,,-2.067126028006223,4.406,,1782332399,2026-06-24T20:19:59Z,TVC:US10Y
,,,-0.6986702727067969,,,-2.067126028006223,4.406,,1782332580,2026-06-24T20:23:00Z,TVC:US10Y
,,,-0.6986702727067969,,,-2.067126028006223,4.406,,1782332759,2026-06-24T20:25:59Z,TVC:US10Y
,,,-0.7888212756366946,,,-2.1560346743720724,4.402,,1782332940,2026-06-24T20:29:00Z,TVC:US10Y
,,,-0.8338967771016434,,,-2.200488997554997,4.4,,1782333123,2026-06-24T20:32:03Z,TVC:US10Y
,,,-0.8789722785666123,,,-2.244943320737941,4.398,,1782333295,2026-06-24T20:34:55Z,TVC:US10Y
,,,-0.8789722785666123,,,-2.244943320737941,4.398,,1782333476,2026-06-24T20:37:56Z,TVC:US10Y
,,,-0.9240477800315612,,,-2.289397643920866,4.396,,1782333668,2026-06-24T20:41:08Z,TVC:US10Y
,,,-0.8789722785666123,,,-2.244943320737941,4.398,,1782333836,2026-06-24T20:43:56Z,TVC:US10Y
,,,-0.9240477800315612,,,-2.289397643920866,4.396,,1782334017,2026-06-24T20:46:57Z,TVC:US10Y
,,,-0.9240477800315612,,,-2.289397643920866,4.396,,1782334200,2026-06-24T20:50:00Z,TVC:US10Y
,,,-0.9240477800315612,,,-2.289397643920866,4.396,,1782334380,2026-06-24T20:53:00Z,TVC:US10Y
,,,-0.9240477800315612,,,-2.289397643920866,4.396,,1782334570,2026-06-24T20:56:10Z,TVC:US10Y
,,,-0.96912328149651,,,-2.333851967103791,4.394,,1782334739,2026-06-24T20:58:59Z,TVC:US10Y
,,,-0.96912328149651,,,-2.333851967103791,4.394,,1782334920,2026-06-24T21:02:00Z,TVC:US10Y
,,,-0.96912328149651,,,-2.333851967103791,4.394,,1782335098,2026-06-24T21:04:58Z,TVC:US10Y
,,,-0.8789722785666123,,,-2.244943320737941,4.398,,1782335282,2026-06-24T21:08:02Z,TVC:US10Y
,,,-0.8789722785666123,,,-2.244943320737941,4.398,,1782335466,2026-06-24T21:11:06Z,TVC:US10Y
,,,-0.8789722785666123,,,-2.244943320737941,4.398,,1782335645,2026-06-24T21:14:05Z,TVC:US10Y
,,,-0.8789722785666123,,,-2.244943320737941,4.398,,1782335821,2026-06-24T21:17:01Z,TVC:US10Y
,,,-0.8789722785666123,,,-2.244943320737941,4.398,,1782335996,2026-06-24T21:19:56Z,TVC:US10Y
,,,-0.8789722785666123,,,-2.244943320737941,4.398,,1782336176,2026-06-24T21:22:56Z,TVC:US10Y
,,,-0.8789722785666123,,,-2.244943320737941,4.398,,1782336358,2026-06-24T21:25:58Z,TVC:US10Y
,,,-0.8789722785666123,,,-2.244943320737941,4.398,,1782336539,2026-06-24T21:28:59Z,TVC:US10Y
,,,-0.8789722785666123,,,-2.244943320737941,4.398,,1782336722,2026-06-24T21:32:02Z,TVC:US10Y
,,,-0.8789722785666123,,,-2.244943320737941,4.398,,1782336890,2026-06-24T21:34:50Z,TVC:US10Y
,,,-0.8789722785666123,,,-2.244943320737941,4.398,,1782337081,2026-06-24T21:38:01Z,TVC:US10Y
,,,-0.8789722785666123,,,-2.244943320737941,4.398,,1782337259,2026-06-24T21:40:59Z,TVC:US10Y
,,,-0.8789722785666123,,,-2.244943320737941,4.398,,1782337442,2026-06-24T21:44:02Z,TVC:US10Y
,,,-0.8789722785666123,,,-2.244943320737941,4.398,,1782337615,2026-06-24T21:46:55Z,TVC:US10Y
,,,-0.8789722785666123,,,-2.244943320737941,4.398,,1782337809,2026-06-24T21:50:09Z,TVC:US10Y
,,,-0.8789722785666123,,,-2.244943320737941,4.398,,1782337973,2026-06-24T21:52:53Z,TVC:US10Y
,,,-0.8789722785666123,,,-2.244943320737941,4.398,,1782338160,2026-06-24T21:56:00Z,TVC:US10Y
,,,-0.8789722785666123,,,-2.244943320737941,4.398,,1782338334,2026-06-24T21:58:54Z,TVC:US10Y
,,,-0.8789722785666123,,,-2.244943320737941,4.398,,1782338525,2026-06-24T22:02:05Z,TVC:US10Y
,,,-0.8789722785666123,,,-2.244943320737941,4.398,,1782338701,2026-06-24T22:05:01Z,TVC:US10Y
,,,-0.8789722785666123,,,-2.244943320737941,4.398,,1782338876,2026-06-24T22:07:56Z,TVC:US10Y
,,,-0.8789722785666123,,,-2.244943320737941,4.398,,1782339066,2026-06-24T22:11:06Z,TVC:US10Y
,,,-0.8789722785666123,,,-2.244943320737941,4.398,,1782339238,2026-06-24T22:13:58Z,TVC:US10Y
,,,-0.8789722785666123,,,-2.244943320737941,4.398,,1782339415,2026-06-24T22:16:55Z,TVC:US10Y
,,,-0.8789722785666123,,,-2.244943320737941,4.398,,1782339602,2026-06-24T22:20:02Z,TVC:US10Y
,,,-0.8789722785666123,,,-2.244943320737941,4.398,,1782339777,2026-06-24T22:22:57Z,TVC:US10Y
,,,-0.8789722785666123,,,-2.244943320737941,4.398,,1782339956,2026-06-24T22:25:56Z,TVC:US10Y
,,,-0.8789722785666123,,,-2.244943320737941,4.398,,1782340140,2026-06-24T22:29:00Z,TVC:US10Y
,,,-0.8789722785666123,,,-2.244943320737941,4.398,,1782340319,2026-06-24T22:31:59Z,TVC:US10Y
,,,-0.8789722785666123,,,-2.244943320737941,4.398,,1782340501,2026-06-24T22:35:01Z,TVC:US10Y
,,,-0.8789722785666123,,,-2.244943320737941,4.398,,1782340679,2026-06-24T22:37:59Z,TVC:US10Y
,,,-0.8789722785666123,,,-2.244943320737941,4.398,,1782340860,2026-06-24T22:41:00Z,TVC:US10Y
,,,-0.8789722785666123,,,-2.244943320737941,4.398,,1782341042,2026-06-24T22:44:02Z,TVC:US10Y
,,,-0.8789722785666123,,,-2.244943320737941,4.398,,1782341219,2026-06-24T22:46:59Z,TVC:US10Y
,,,-0.8789722785666123,,,-2.244943320737941,4.398,,1782341402,2026-06-24T22:50:02Z,TVC:US10Y
,,,-0.8789722785666123,,,-2.244943320737941,4.398,,1782341582,2026-06-24T22:53:02Z,TVC:US10Y
,,,-0.8789722785666123,,,-2.244943320737941,4.398,,1782341760,2026-06-24T22:56:00Z,TVC:US10Y
,,,-0.8789722785666123,,,-2.244943320737941,4.398,,1782341941,2026-06-24T22:59:01Z,TVC:US10Y
,,,-0.8789722785666123,,,-2.244943320737941,4.398,,1782342123,2026-06-24T23:02:03Z,TVC:US10Y
,,,-0.8789722785666123,,,-2.244943320737941,4.398,,1782342300,2026-06-24T23:05:00Z,TVC:US10Y
,,,-0.8789722785666123,,,-2.244943320737941,4.398,,1782342479,2026-06-24T23:07:59Z,TVC:US10Y
,,,-0.8789722785666123,,,-2.244943320737941,4.398,,1782342658,2026-06-24T23:10:58Z,TVC:US10Y
,,,-0.8789722785666123,,,-2.244943320737941,4.398,,1782342840,2026-06-24T23:14:00Z,TVC:US10Y
,,,-0.8789722785666123,,,-2.244943320737941,4.398,,1782343019,2026-06-24T23:16:59Z,TVC:US10Y
,,,-0.8789722785666123,,,-2.244943320737941,4.398,,1782343201,2026-06-24T23:20:01Z,TVC:US10Y
,,,-0.8789722785666123,,,-2.244943320737941,4.398,,1782343384,2026-06-24T23:23:04Z,TVC:US10Y
,,,-0.8789722785666123,,,-2.244943320737941,4.398,,1782343551,2026-06-24T23:25:51Z,TVC:US10Y
,,,-0.8789722785666123,,,-2.244943320737941,4.398,,1782343741,2026-06-24T23:29:01Z,TVC:US10Y
,,,-0.8789722785666123,,,-2.244943320737941,4.398,,1782343920,2026-06-24T23:32:00Z,TVC:US10Y
,,,-0.8789722785666123,,,-2.244943320737941,4.398,,1782344098,2026-06-24T23:34:58Z,TVC:US10Y
,,,-0.8789722785666123,,,-2.244943320737941,4.398,,1782344285,2026-06-24T23:38:05Z,TVC:US10Y
,,,-0.8789722785666123,,,-2.244943320737941,4.398,,1782344466,2026-06-24T23:41:06Z,TVC:US10Y
,,,-0.8789722785666123,,,-2.244943320737941,4.398,,1782344640,2026-06-24T23:44:00Z,TVC:US10Y
,,,-0.8789722785666123,,,-2.244943320737941,4.398,,1782344830,2026-06-24T23:47:10Z,TVC:US10Y
,,,-0.8789722785666123,,,-2.244943320737941,4.398,,1782344993,2026-06-24T23:49:53Z,TVC:US10Y
,,,-0.8789722785666123,,,-2.244943320737941,4.398,,1782345182,2026-06-24T23:53:02Z,TVC:US10Y
,,,-0.8789722785666123,,,-2.244943320737941,4.398,,1782345358,2026-06-24T23:55:58Z,TVC:US10Y
,,,-0.8789722785666123,,,-2.244943320737941,4.398,,1782345547,2026-06-24T23:59:07Z,TVC:US10Y
,,,-0.8789722785666123,,,-2.244943320737941,4.398,,1782345722,2026-06-25T00:02:02Z,TVC:US10Y
,,,-0.8789722785666123,,,-2.244943320737941,4.398,,1782345891,2026-06-25T00:04:51Z,TVC:US10Y
,,,-0.8789722785666123,,,-2.244943320737941,4.398,,1782346077,2026-06-25T00:07:57Z,TVC:US10Y
,,,-1.4544640859252715,,,0.1364256480218333,4.404,,1782346259,2026-06-25T00:10:59Z,TVC:US10Y
,,,-1.4544640859252715,,,0.1364256480218333,4.404,,1782346440,2026-06-25T00:14:00Z,TVC:US10Y
,,,-1.4097113448198837,,,0.1819008640291043,4.406,,1782346627,2026-06-25T00:17:07Z,TVC:US10Y
,,,-1.4097113448198837,,,0.1819008640291043,4.406,,1782346807,2026-06-25T00:20:07Z,TVC:US10Y
,,,-1.4097113448198837,,,0.1819008640291043,4.406,,1782346975,2026-06-25T00:22:55Z,TVC:US10Y
,,,-1.364958603714476,,,0.2273760800363955,4.408,,1782347161,2026-06-25T00:26:01Z,TVC:US10Y
,,,-1.364958603714476,,,0.2273760800363955,4.408,,1782347344,2026-06-25T00:29:04Z,TVC:US10Y
,,,-1.364958603714476,,,0.2273760800363955,4.408,,1782347524,2026-06-25T00:32:04Z,TVC:US10Y
,,,-1.2754531215037006,,,0.3183265120509376,4.412,,1782347707,2026-06-25T00:35:07Z,TVC:US10Y
,,,-1.3202058626090885,,,0.2728512960436666,4.41,,1782347874,2026-06-25T00:37:54Z,TVC:US10Y
,,,-1.3202058626090885,,,0.2728512960436666,4.41,,1782348059,2026-06-25T00:40:59Z,TVC:US10Y
,,,-1.3202058626090885,,,0.2728512960436666,4.41,,1782348241,2026-06-25T00:44:01Z,TVC:US10Y
,,,-1.3202058626090885,,,0.2728512960436666,4.41,,1782348431,2026-06-25T00:47:11Z,TVC:US10Y
,,,-1.3202058626090885,,,0.2728512960436666,4.41,,1782348598,2026-06-25T00:49:58Z,TVC:US10Y
,,,-1.3202058626090885,,,0.2728512960436666,4.41,,1782348781,2026-06-25T00:53:01Z,TVC:US10Y
,,,-1.3202058626090885,,,0.2728512960436666,4.41,,1782348961,2026-06-25T00:56:01Z,TVC:US10Y
,,,-1.3202058626090885,,,0.2728512960436666,4.41,,1782349139,2026-06-25T00:58:59Z,TVC:US10Y
,,,-1.4097113448198837,,,0.1819008640291043,4.406,,1782349323,2026-06-25T01:02:03Z,TVC:US10Y
,,,-1.4097113448198837,,,0.1819008640291043,4.406,,1782349504,2026-06-25T01:05:04Z,TVC:US10Y
,,,-1.4097113448198837,,,0.1819008640291043,4.406,,1782349678,2026-06-25T01:07:58Z,TVC:US10Y
,,,-1.4097113448198837,,,0.1819008640291043,4.406,,1782349861,2026-06-25T01:11:01Z,TVC:US10Y
,,,-1.4097113448198837,,,0.1819008640291043,4.406,,1782350034,2026-06-25T01:13:54Z,TVC:US10Y
,,,-1.364958603714476,,,0.2273760800363955,4.408,,1782350223,2026-06-25T01:17:03Z,TVC:US10Y
,,,-1.3202058626090885,,,0.2728512960436666,4.41,,1782350397,2026-06-25T01:19:57Z,TVC:US10Y
,,,-1.4097113448198837,,,0.1819008640291043,4.406,,1782350580,2026-06-25T01:23:00Z,TVC:US10Y
,,,-1.4097113448198837,,,0.1819008640291043,4.406,,1782350760,2026-06-25T01:26:00Z,TVC:US10Y
,,,-1.4097113448198837,,,0.1819008640291043,4.406,,1782350940,2026-06-25T01:29:00Z,TVC:US10Y
,,,-1.4097113448198837,,,0.1819008640291043,4.406,,1782351125,2026-06-25T01:32:05Z,TVC:US10Y
,,,-1.4544640859252715,,,0.1364256480218333,4.404,,1782351306,2026-06-25T01:35:06Z,TVC:US10Y
,,,-1.4992168270306594,,,0.0909504320145622,4.402,,1782351478,2026-06-25T01:37:58Z,TVC:US10Y
,,,-1.4992168270306594,,,0.0909504320145622,4.402,,1782351660,2026-06-25T01:41:00Z,TVC:US10Y
,,,-1.4992168270306594,,,0.0909504320145622,4.402,,1782351845,2026-06-25T01:44:05Z,TVC:US10Y
,,,-1.4992168270306594,,,0.0909504320145622,4.402,,1782352023,2026-06-25T01:47:03Z,TVC:US10Y
,,,-1.4992168270306594,,,0.0909504320145622,4.402,,1782352200,2026-06-25T01:50:00Z,TVC:US10Y
,,,-1.4992168270306594,,,0.0909504320145622,4.402,,1782352382,2026-06-25T01:53:02Z,TVC:US10Y
,,,-1.4992168270306594,,,0.0909504320145622,4.402,,1782352558,2026-06-25T01:55:58Z,TVC:US10Y
,,,-1.4992168270306594,,,0.0909504320145622,4.402,,1782352738,2026-06-25T01:58:58Z,TVC:US10Y
,,,-1.4992168270306594,,,0.0909504320145622,4.402,,1782352918,2026-06-25T02:01:58Z,TVC:US10Y
,,,-1.4992168270306594,,,0.0909504320145622,4.402,,1782353093,2026-06-25T02:04:53Z,TVC:US10Y
,,,-1.4992168270306594,,,0.0909504320145622,4.402,,1782353284,2026-06-25T02:08:04Z,TVC:US10Y
,,,-1.4992168270306594,,,0.0909504320145622,4.402,,1782353462,2026-06-25T02:11:02Z,TVC:US10Y
,,,-1.4992168270306594,,,0.0909504320145622,4.402,,1782353633,2026-06-25T02:13:53Z,TVC:US10Y
,,,-1.4544640859252715,,,0.1364256480218333,4.404,,1782353817,2026-06-25T02:16:57Z,TVC:US10Y
,,,-1.4992168270306594,,,0.0909504320145622,4.402,,1782354013,2026-06-25T02:20:13Z,TVC:US10Y
,,,-1.4992168270306594,,,0.0909504320145622,4.402,,1782354180,2026-06-25T02:23:00Z,TVC:US10Y
,,,-1.4992168270306594,,,0.0909504320145622,4.402,,1782354362,2026-06-25T02:26:02Z,TVC:US10Y
,,,-1.4992168270306594,,,0.0909504320145622,4.402,,1782354538,2026-06-25T02:28:58Z,TVC:US10Y
,,,-1.4992168270306594,,,0.0909504320145622,4.402,,1782354722,2026-06-25T02:32:02Z,TVC:US10Y
,,,-1.4992168270306594,,,0.0909504320145622,4.402,,1782354905,2026-06-25T02:35:05Z,TVC:US10Y
,,,-1.4992168270306594,,,0.0909504320145622,4.402,,1782355081,2026-06-25T02:38:01Z,TVC:US10Y
,,,-1.4544640859252715,,,0.1364256480218333,4.404,,1782355259,2026-06-25T02:40:59Z,TVC:US10Y
,,,-1.4992168270306594,,,0.0909504320145622,4.402,,1782355444,2026-06-25T02:44:04Z,TVC:US10Y
,,,-1.4992168270306594,,,0.0909504320145622,4.402,,1782355625,2026-06-25T02:47:05Z,TVC:US10Y
,,,-1.4992168270306594,,,0.0909504320145622,4.402,,1782355797,2026-06-25T02:49:57Z,TVC:US10Y
,,,-1.4992168270306594,,,0.0909504320145622,4.402,,1782355983,2026-06-25T02:53:03Z,TVC:US10Y
,,,-1.4097113448198837,,,0.1819008640291043,4.406,,1782356166,2026-06-25T02:56:06Z,TVC:US10Y
,,,-1.4097113448198837,,,0.1819008640291043,4.406,,1782356344,2026-06-25T02:59:04Z,TVC:US10Y
,,,-1.4097113448198837,,,0.1819008640291043,4.406,,1782356522,2026-06-25T03:02:02Z,TVC:US10Y
,,,-1.4097113448198837,,,0.1819008640291043,4.406,,1782356701,2026-06-25T03:05:01Z,TVC:US10Y
,,,-1.4097113448198837,,,0.1819008640291043,4.406,,1782356879,2026-06-25T03:07:59Z,TVC:US10Y
,,,-1.4097113448198837,,,0.1819008640291043,4.406,,1782357061,2026-06-25T03:11:01Z,TVC:US10Y
,,,-1.4097113448198837,,,0.1819008640291043,4.406,,1782357244,2026-06-25T03:14:04Z,TVC:US10Y
,,,-1.364958603714476,,,0.2273760800363955,4.408,,1782357419,2026-06-25T03:16:59Z,TVC:US10Y
,,,-1.3202058626090885,,,0.2728512960436666,4.41,,1782357604,2026-06-25T03:20:04Z,TVC:US10Y
,,,-1.3202058626090885,,,0.2728512960436666,4.41,,1782357783,2026-06-25T03:23:03Z,TVC:US10Y
,,,-1.3202058626090885,,,0.2728512960436666,4.41,,1782357960,2026-06-25T03:26:00Z,TVC:US10Y
,,,-1.3202058626090885,,,0.2728512960436666,4.41,,1782358143,2026-06-25T03:29:03Z,TVC:US10Y
,,,-1.364958603714476,,,0.2273760800363955,4.408,,1782358323,2026-06-25T03:32:03Z,TVC:US10Y
,,,-1.364958603714476,,,0.2273760800363955,4.408,,1782358502,2026-06-25T03:35:02Z,TVC:US10Y
,,,-1.3202058626090885,,,0.2728512960436666,4.41,,1782358685,2026-06-25T03:38:05Z,TVC:US10Y
,,,-1.3202058626090885,,,0.2728512960436666,4.41,,1782358861,2026-06-25T03:41:01Z,TVC:US10Y
,,,-1.4097113448198837,,,0.1819008640291043,4.406,,1782359045,2026-06-25T03:44:05Z,TVC:US10Y
,,,-1.4097113448198837,,,0.1819008640291043,4.406,,1782359218,2026-06-25T03:46:58Z,TVC:US10Y
,,,-1.4097113448198837,,,0.1819008640291043,4.406,,1782359403,2026-06-25T03:50:03Z,TVC:US10Y
,,,-1.364958603714476,,,0.2273760800363955,4.408,,1782359578,2026-06-25T03:52:58Z,TVC:US10Y
,,,-1.364958603714476,,,0.2273760800363955,4.408,,1782359766,2026-06-25T03:56:06Z,TVC:US10Y
,,,-1.3202058626090885,,,0.2728512960436666,4.41,,1782359940,2026-06-25T03:59:00Z,TVC:US10Y
,,,-1.364958603714476,,,0.2273760800363955,4.408,,1782360121,2026-06-25T04:02:01Z,TVC:US10Y
,,,-1.3202058626090885,,,0.2728512960436666,4.41,,1782360302,2026-06-25T04:05:02Z,TVC:US10Y
,,,-1.3202058626090885,,,0.2728512960436666,4.41,,1782360483,2026-06-25T04:08:03Z,TVC:US10Y
,,,-1.3202058626090885,,,0.2728512960436666,4.41,,1782360659,2026-06-25T04:10:59Z,TVC:US10Y
,,,-1.3202058626090885,,,0.2728512960436666,4.41,,1782360836,2026-06-25T04:13:56Z,TVC:US10Y
,,,-1.3202058626090885,,,0.2728512960436666,4.41,,1782361028,2026-06-25T04:17:08Z,TVC:US10Y
,,,-1.3202058626090885,,,0.2728512960436666,4.41,,1782361199,2026-06-25T04:19:59Z,TVC:US10Y
,,,-1.3202058626090885,,,0.2728512960436666,4.41,,1782361372,2026-06-25T04:22:52Z,TVC:US10Y
,,,-1.3202058626090885,,,0.2728512960436666,4.41,,1782361565,2026-06-25T04:26:05Z,TVC:US10Y
,,,-1.364958603714476,,,0.2273760800363955,4.408,,1782361733,2026-06-25T04:28:53Z,TVC:US10Y
,,,-1.3202058626090885,,,0.2728512960436666,4.41,,1782361921,2026-06-25T04:32:01Z,TVC:US10Y
,,,-1.3202058626090885,,,0.2728512960436666,4.41,,1782362107,2026-06-25T04:35:07Z,TVC:US10Y
,,,-1.364958603714476,,,0.2273760800363955,4.408,,1782362286,2026-06-25T04:38:06Z,TVC:US10Y
,,,-1.3202058626090885,,,0.2728512960436666,4.41,,1782362459,2026-06-25T04:40:59Z,TVC:US10Y
,,,-1.3202058626090885,,,0.2728512960436666,4.41,,1782362636,2026-06-25T04:43:56Z,TVC:US10Y
,,,-1.3202058626090885,,,0.2728512960436666,4.41,,1782362817,2026-06-25T04:46:57Z,TVC:US10Y
,,,-1.3202058626090885,,,0.2728512960436666,4.41,,1782363002,2026-06-25T04:50:02Z,TVC:US10Y
,,,-1.3202058626090885,,,0.2728512960436666,4.41,,1782363174,2026-06-25T04:52:54Z,TVC:US10Y
,,,-1.3202058626090885,,,0.2728512960436666,4.41,,1782363365,2026-06-25T04:56:05Z,TVC:US10Y
,,,-1.2754531215037006,,,0.3183265120509376,4.412,,1782363542,2026-06-25T04:59:02Z,TVC:US10Y
,,,-1.2754531215037006,,,0.3183265120509376,4.412,,1782363720,2026-06-25T05:02:00Z,TVC:US10Y
,,,-1.2754531215037006,,,0.3183265120509376,4.412,,1782363897,2026-06-25T05:04:57Z,TVC:US10Y
,,,-1.3202058626090885,,,0.2728512960436666,4.41,,1782364082,2026-06-25T05:08:02Z,TVC:US10Y
,,,-1.3202058626090885,,,0.2728512960436666,4.41,,1782364265,2026-06-25T05:11:05Z,TVC:US10Y
,,,-1.3202058626090885,,,0.2728512960436666,4.41,,1782364432,2026-06-25T05:13:52Z,TVC:US10Y
,,,-1.3202058626090885,,,0.2728512960436666,4.41,,1782364622,2026-06-25T05:17:02Z,TVC:US10Y
,,,-1.3202058626090885,,,0.2728512960436666,4.41,,1782364809,2026-06-25T05:20:09Z,TVC:US10Y
,,,-1.3202058626090885,,,0.2728512960436666,4.41,,1782364980,2026-06-25T05:23:00Z,TVC:US10Y
,,,-1.3202058626090885,,,0.2728512960436666,4.41,,1782365151,2026-06-25T05:25:51Z,TVC:US10Y
,,,-1.3202058626090885,,,0.2728512960436666,4.41,,1782365349,2026-06-25T05:29:09Z,TVC:US10Y
,,,-1.3202058626090885,,,0.2728512960436666,4.41,,1782365520,2026-06-25T05:32:00Z,TVC:US10Y
,,,-1.364958603714476,,,0.2273760800363955,4.408,,1782365697,2026-06-25T05:34:57Z,TVC:US10Y
,,,-1.3202058626090885,,,0.2728512960436666,4.41,,1782365880,2026-06-25T05:38:00Z,TVC:US10Y
,,,-1.3202058626090885,,,0.2728512960436666,4.41,,1782366066,2026-06-25T05:41:06Z,TVC:US10Y
,,,-1.3202058626090885,,,0.2728512960436666,4.41,,1782366249,2026-06-25T05:44:09Z,TVC:US10Y
,,,-1.3202058626090885,,,0.2728512960436666,4.41,,1782366419,2026-06-25T05:46:59Z,TVC:US10Y
,,,-1.3202058626090885,,,0.2728512960436666,4.41,,1782366598,2026-06-25T05:49:58Z,TVC:US10Y
,,,-1.3202058626090885,,,0.2728512960436666,4.41,,1782366780,2026-06-25T05:53:00Z,TVC:US10Y
,,,-1.3202058626090885,,,0.2728512960436666,4.41,,1782366957,2026-06-25T05:55:57Z,TVC:US10Y
,,,-1.3202058626090885,,,0.2728512960436666,4.41,,1782367128,2026-06-25T05:58:48Z,TVC:US10Y
,,,-1.3202058626090885,,,0.2728512960436666,4.41,,1782367323,2026-06-25T06:02:03Z,TVC:US10Y
,,,-1.3202058626090885,,,0.2728512960436666,4.41,,1782367499,2026-06-25T06:04:59Z,TVC:US10Y
,,,-1.3202058626090885,,,0.2728512960436666,4.41,,1782367679,2026-06-25T06:07:59Z,TVC:US10Y
,,,-1.3202058626090885,,,0.2728512960436666,4.41,,1782367864,2026-06-25T06:11:04Z,TVC:US10Y
,,,-1.3202058626090885,,,0.2728512960436666,4.41,,1782368044,2026-06-25T06:14:04Z,TVC:US10Y
,,,-1.2307003803983128,,,0.3638017280582086,4.414,,1782368219,2026-06-25T06:16:59Z,TVC:US10Y
,,,-1.2307003803983128,,,0.3638017280582086,4.414,,1782368400,2026-06-25T06:20:00Z,TVC:US10Y
,,,-1.2754531215037006,,,0.3183265120509376,4.412,,1782368576,2026-06-25T06:22:56Z,TVC:US10Y
,,,-1.2754531215037006,,,0.3183265120509376,4.412,,1782368761,2026-06-25T06:26:01Z,TVC:US10Y
,,,-1.2754531215037006,,,0.3183265120509376,4.412,,1782368944,2026-06-25T06:29:04Z,TVC:US10Y
,,,-1.2754531215037006,,,0.3183265120509376,4.412,,1782369112,2026-06-25T06:31:52Z,TVC:US10Y
,,,-1.2754531215037006,,,0.3183265120509376,4.412,,1782369298,2026-06-25T06:34:58Z,TVC:US10Y
,,,-1.2307003803983128,,,0.3638017280582086,4.414,,1782369480,2026-06-25T06:38:00Z,TVC:US10Y
,,,-1.1859476392929051,,,0.4092769440654998,4.416,,1782369662,2026-06-25T06:41:02Z,TVC:US10Y
,,,-1.2307003803983128,,,0.3638017280582086,4.414,,1782369832,2026-06-25T06:43:52Z,TVC:US10Y
,,,-1.2754531215037006,,,0.3183265120509376,4.412,,1782370022,2026-06-25T06:47:02Z,TVC:US10Y
,,,-1.2307003803983128,,,0.3638017280582086,4.414,,1782370195,2026-06-25T06:49:55Z,TVC:US10Y
,,,-1.2307003803983128,,,0.3638017280582086,4.414,,1782370378,2026-06-25T06:52:58Z,TVC:US10Y
,,,-1.2307003803983128,,,0.3638017280582086,4.414,,1782370560,2026-06-25T06:56:00Z,TVC:US10Y
,,,-1.2754531215037006,,,0.3183265120509376,4.412,,1782370736,2026-06-25T06:58:56Z,TVC:US10Y
,,,-1.2754531215037006,,,0.3183265120509376,4.412,,1782370921,2026-06-25T07:02:01Z,TVC:US10Y
,,,-1.2307003803983128,,,0.3638017280582086,4.414,,1782371107,2026-06-25T07:05:07Z,TVC:US10Y
,,,-1.1859476392929051,,,0.4092769440654998,4.416,,1782371280,2026-06-25T07:08:00Z,TVC:US10Y
,,,-1.2307003803983128,,,0.3638017280582086,4.414,,1782371454,2026-06-25T07:10:54Z,TVC:US10Y
,,,-1.2307003803983128,,,0.3638017280582086,4.414,,1782371639,2026-06-25T07:13:59Z,TVC:US10Y
,,,-1.1411948981875175,,,0.4547521600727708,4.418,,1782371823,2026-06-25T07:17:03Z,TVC:US10Y
,,,-1.1411948981875175,,,0.4547521600727708,4.418,,1782372002,2026-06-25T07:20:02Z,TVC:US10Y
,,,-1.2307003803983128,,,0.3638017280582086,4.414,,1782372179,2026-06-25T07:22:59Z,TVC:US10Y
,,,-1.2307003803983128,,,0.3638017280582086,4.414,,1782372357,2026-06-25T07:25:57Z,TVC:US10Y
,,,-1.2307003803983128,,,0.3638017280582086,4.414,,1782372536,2026-06-25T07:28:56Z,TVC:US10Y
,,,-1.2307003803983128,,,0.3638017280582086,4.414,,1782372722,2026-06-25T07:32:02Z,TVC:US10Y
,,,-1.2307003803983128,,,0.3638017280582086,4.414,,1782372893,2026-06-25T07:34:53Z,TVC:US10Y
,,,-1.2307003803983128,,,0.3638017280582086,4.414,,1782373088,2026-06-25T07:38:08Z,TVC:US10Y
,,,-1.2307003803983128,,,0.3638017280582086,4.414,,1782373259,2026-06-25T07:40:59Z,TVC:US10Y
,,,-1.1411948981875175,,,0.4547521600727708,4.418,,1782373434,2026-06-25T07:43:54Z,TVC:US10Y
,,,-1.1411948981875175,,,0.4547521600727708,4.418,,1782373624,2026-06-25T07:47:04Z,TVC:US10Y
,,,-1.1411948981875175,,,0.4547521600727708,4.418,,1782373800,2026-06-25T07:50:00Z,TVC:US10Y
,,,-1.1859476392929051,,,0.4092769440654998,4.416,,1782373980,2026-06-25T07:53:00Z,TVC:US10Y
,,,-1.1411948981875175,,,0.4547521600727708,4.418,,1782374158,2026-06-25T07:55:58Z,TVC:US10Y
,,,-1.1859476392929051,,,0.4092769440654998,4.416,,1782374347,2026-06-25T07:59:07Z,TVC:US10Y
,,,-1.1859476392929051,,,0.4092769440654998,4.416,,1782374522,2026-06-25T08:02:02Z,TVC:US10Y
,,,-1.1411948981875175,,,0.4547521600727708,4.418,,1782374699,2026-06-25T08:04:59Z,TVC:US10Y
,,,-1.1859476392929051,,,0.4092769440654998,4.416,,1782374885,2026-06-25T08:08:05Z,TVC:US10Y
,,,-1.2307003803983128,,,0.3638017280582086,4.414,,1782375059,2026-06-25T08:10:59Z,TVC:US10Y
,,,-1.2307003803983128,,,0.3638017280582086,4.414,,1782375234,2026-06-25T08:13:54Z,TVC:US10Y
,,,-1.2307003803983128,,,0.3638017280582086,4.414,,1782375423,2026-06-25T08:17:03Z,TVC:US10Y
,,,-1.2307003803983128,,,0.3638017280582086,4.414,,1782375600,2026-06-25T08:20:00Z,TVC:US10Y
,,,-1.2754531215037006,,,0.3183265120509376,4.412,,1782375780,2026-06-25T08:23:00Z,TVC:US10Y
,,,-1.3202058626090885,,,0.2728512960436666,4.41,,1782375962,2026-06-25T08:26:02Z,TVC:US10Y
,,,-1.3202058626090885,,,0.2728512960436666,4.41,,1782376138,2026-06-25T08:28:58Z,TVC:US10Y
,,,-1.3202058626090885,,,0.2728512960436666,4.41,,1782376314,2026-06-25T08:31:54Z,TVC:US10Y
,,,-1.3202058626090885,,,0.2728512960436666,4.41,,1782376499,2026-06-25T08:34:59Z,TVC:US10Y
,,,-1.4097113448198837,,,0.1819008640291043,4.406,,1782376679,2026-06-25T08:37:59Z,TVC:US10Y
,,,-1.3202058626090885,,,0.2728512960436666,4.41,,1782376857,2026-06-25T08:40:57Z,TVC:US10Y
,,,-1.3202058626090885,,,0.2728512960436666,4.41,,1782377035,2026-06-25T08:43:55Z,TVC:US10Y
,,,-1.3202058626090885,,,0.2728512960436666,4.41,,1782377223,2026-06-25T08:47:03Z,TVC:US10Y
,,,-1.3202058626090885,,,0.2728512960436666,4.41,,1782377399,2026-06-25T08:49:59Z,TVC:US10Y
,,,-1.3202058626090885,,,0.2728512960436666,4.41,,1782377576,2026-06-25T08:52:56Z,TVC:US10Y
,,,-1.3202058626090885,,,0.2728512960436666,4.41,,1782377755,2026-06-25T08:55:55Z,TVC:US10Y
,,,-1.2754531215037006,,,0.3183265120509376,4.412,,1782377940,2026-06-25T08:59:00Z,TVC:US10Y
,,,-1.3202058626090885,,,0.2728512960436666,4.41,,1782378121,2026-06-25T09:02:01Z,TVC:US10Y
,,,-1.3202058626090885,,,0.2728512960436666,4.41,,1782378296,2026-06-25T09:04:56Z,TVC:US10Y
,,,-1.2307003803983128,,,0.3638017280582086,4.414,,1782378476,2026-06-25T09:07:56Z,TVC:US10Y
,,,-1.2307003803983128,,,0.3638017280582086,4.414,,1782378659,2026-06-25T09:10:59Z,TVC:US10Y
,,,-1.2307003803983128,,,0.3638017280582086,4.414,,1782378844,2026-06-25T09:14:04Z,TVC:US10Y
,,,-1.3202058626090885,,,0.2728512960436666,4.41,,1782379025,2026-06-25T09:17:05Z,TVC:US10Y
,,,-1.2307003803983128,,,0.3638017280582086,4.414,,1782379203,2026-06-25T09:20:03Z,TVC:US10Y
,,,-1.2307003803983128,,,0.3638017280582086,4.414,,1782379382,2026-06-25T09:23:02Z,TVC:US10Y
,,,-1.2307003803983128,,,0.3638017280582086,4.414,,1782379563,2026-06-25T09:26:03Z,TVC:US10Y
,,,-1.2307003803983128,,,0.3638017280582086,4.414,,1782379740,2026-06-25T09:29:00Z,TVC:US10Y
,,,-1.3202058626090885,,,0.2728512960436666,4.41,,1782379922,2026-06-25T09:32:02Z,TVC:US10Y
,,,-1.2754531215037006,,,0.3183265120509376,4.412,,1782380093,2026-06-25T09:34:53Z,TVC:US10Y
,,,-1.2754531215037006,,,0.3183265120509376,4.412,,1782380278,2026-06-25T09:37:58Z,TVC:US10Y
,,,-1.3202058626090885,,,0.2728512960436666,4.41,,1782380458,2026-06-25T09:40:58Z,TVC:US10Y
,,,-1.3202058626090885,,,0.2728512960436666,4.41,,1782380638,2026-06-25T09:43:58Z,TVC:US10Y
,,,-1.2754531215037006,,,0.3183265120509376,4.412,,1782380820,2026-06-25T09:47:00Z,TVC:US10Y
,,,-1.3202058626090885,,,0.2728512960436666,4.41,,1782381002,2026-06-25T09:50:02Z,TVC:US10Y
,,,-1.3202058626090885,,,0.2728512960436666,4.41,,1782381183,2026-06-25T09:53:03Z,TVC:US10Y
,,,-1.3202058626090885,,,0.2728512960436666,4.41,,1782381363,2026-06-25T09:56:03Z,TVC:US10Y
,,,-1.3202058626090885,,,0.2728512960436666,4.41,,1782381546,2026-06-25T09:59:06Z,TVC:US10Y
,,,-1.3202058626090885,,,0.2728512960436666,4.41,,1782381722,2026-06-25T10:02:02Z,TVC:US10Y
,,,-1.3202058626090885,,,0.2728512960436666,4.41,,1782381904,2026-06-25T10:05:04Z,TVC:US10Y
,,,-1.3202058626090885,,,0.2728512960436666,4.41,,1782382083,2026-06-25T10:08:03Z,TVC:US10Y
,,,-1.3202058626090885,,,0.2728512960436666,4.41,,1782382252,2026-06-25T10:10:52Z,TVC:US10Y
,,,-1.3202058626090885,,,0.2728512960436666,4.41,,1782382436,2026-06-25T10:13:56Z,TVC:US10Y
,,,-1.364958603714476,,,0.2273760800363955,4.408,,1782382616,2026-06-25T10:16:56Z,TVC:US10Y
,,,-1.364958603714476,,,0.2273760800363955,4.408,,1782382798,2026-06-25T10:19:58Z,TVC:US10Y
,,,-1.3202058626090885,,,0.2728512960436666,4.41,,1782382977,2026-06-25T10:22:57Z,TVC:US10Y
,,,-1.364958603714476,,,0.2273760800363955,4.408,,1782383155,2026-06-25T10:25:55Z,TVC:US10Y
,,,-1.3202058626090885,,,0.2728512960436666,4.41,,1782383341,2026-06-25T10:29:01Z,TVC:US10Y
,,,-1.3202058626090885,,,0.2728512960436666,4.41,,1782383529,2026-06-25T10:32:09Z,TVC:US10Y
,,,-1.3202058626090885,,,0.2728512960436666,4.41,,1782383705,2026-06-25T10:35:05Z,TVC:US10Y
,,,-1.3202058626090885,,,0.2728512960436666,4.41,,1782383883,2026-06-25T10:38:03Z,TVC:US10Y
,,,-1.3202058626090885,,,0.2728512960436666,4.41,,1782384064,2026-06-25T10:41:04Z,TVC:US10Y
,,,-1.3202058626090885,,,0.2728512960436666,4.41,,1782384240,2026-06-25T10:44:00Z,TVC:US10Y
,,,-1.3202058626090885,,,0.2728512960436666,4.41,,1782384419,2026-06-25T10:46:59Z,TVC:US10Y
,,,-1.3202058626090885,,,0.2728512960436666,4.41,,1782384603,2026-06-25T10:50:03Z,TVC:US10Y
,,,-1.3202058626090885,,,0.2728512960436666,4.41,,1782384783,2026-06-25T10:53:03Z,TVC:US10Y
,,,-1.2307003803983128,,,0.3638017280582086,4.414,,1782384954,2026-06-25T10:55:54Z,TVC:US10Y
,,,-1.2307003803983128,,,0.3638017280582086,4.414,,1782385140,2026-06-25T10:59:00Z,TVC:US10Y
,,,-1.2307003803983128,,,0.3638017280582086,4.414,,1782385313,2026-06-25T11:01:53Z,TVC:US10Y
,,,-1.3202058626090885,,,0.2728512960436666,4.41,,1782385504,2026-06-25T11:05:04Z,TVC:US10Y
,,,-1.364958603714476,,,0.2273760800363955,4.408,,1782385686,2026-06-25T11:08:06Z,TVC:US10Y
,,,-1.4097113448198837,,,0.1819008640291043,4.406,,1782385867,2026-06-25T11:11:07Z,TVC:US10Y
,,,-1.4097113448198837,,,0.1819008640291043,4.406,,1782386042,2026-06-25T11:14:02Z,TVC:US10Y
,,,-1.3202058626090885,,,0.2728512960436666,4.41,,1782386218,2026-06-25T11:16:58Z,TVC:US10Y
,,,-1.3202058626090885,,,0.2728512960436666,4.41,,1782386408,2026-06-25T11:20:08Z,TVC:US10Y
,,,-1.3202058626090885,,,0.2728512960436666,4.41,,1782386582,2026-06-25T11:23:02Z,TVC:US10Y
,,,-1.3202058626090885,,,0.2728512960436666,4.41,,1782386765,2026-06-25T11:26:05Z,TVC:US10Y
,,,-1.3202058626090885,,,0.2728512960436666,4.41,,1782386940,2026-06-25T11:29:00Z,TVC:US10Y
,,,-1.3202058626090885,,,0.2728512960436666,4.41,,1782387121,2026-06-25T11:32:01Z,TVC:US10Y
,,,-1.2754531215037006,,,0.3183265120509376,4.412,,1782387300,2026-06-25T11:35:00Z,TVC:US10Y
,,,-1.2307003803983128,,,0.3638017280582086,4.414,,1782387488,2026-06-25T11:38:08Z,TVC:US10Y
,,,-1.2307003803983128,,,0.3638017280582086,4.414,,1782387661,2026-06-25T11:41:01Z,TVC:US10Y
,,,-1.2307003803983128,,,0.3638017280582086,4.414,,1782387845,2026-06-25T11:44:05Z,TVC:US10Y
,,,-1.2307003803983128,,,0.3638017280582086,4.414,,1782388021,2026-06-25T11:47:01Z,TVC:US10Y
,,,-1.1859476392929051,,,0.4092769440654998,4.416,,1782388202,2026-06-25T11:50:02Z,TVC:US10Y
,,,-1.1859476392929051,,,0.4092769440654998,4.416,,1782388377,2026-06-25T11:52:57Z,TVC:US10Y
,,,-1.1411948981875175,,,0.4547521600727708,4.418,,1782388559,2026-06-25T11:55:59Z,TVC:US10Y
,,,-1.1859476392929051,,,0.4092769440654998,4.416,,1782388739,2026-06-25T11:58:59Z,TVC:US10Y
,,,-1.1411948981875175,,,0.4547521600727708,4.418,,1782388920,2026-06-25T12:02:00Z,TVC:US10Y
,,,-1.1411948981875175,,,0.4547521600727708,4.418,,1782389106,2026-06-25T12:05:06Z,TVC:US10Y
,,,-1.1859476392929051,,,0.4092769440654998,4.416,,1782389278,2026-06-25T12:07:58Z,TVC:US10Y
,,,-1.2307003803983128,,,0.3638017280582086,4.414,,1782389457,2026-06-25T12:10:57Z,TVC:US10Y
,,,-1.2307003803983128,,,0.3638017280582086,4.414,,1782389639,2026-06-25T12:13:59Z,TVC:US10Y
,,,-1.2754531215037006,,,0.3183265120509376,4.412,,1782389829,2026-06-25T12:17:09Z,TVC:US10Y
,,,-1.2307003803983128,,,0.3638017280582086,4.414,,1782390001,2026-06-25T12:20:01Z,TVC:US10Y
,,,-1.2307003803983128,,,0.3638017280582086,4.414,,1782390178,2026-06-25T12:22:58Z,TVC:US10Y
,,,-1.3202058626090885,,,0.2728512960436666,4.41,,1782390360,2026-06-25T12:26:00Z,TVC:US10Y
,,,-1.2307003803983128,,,0.3638017280582086,4.414,,1782390536,2026-06-25T12:28:56Z,TVC:US10Y
,,,-1.6782277914522303,,,-0.090950432014542,4.394,,1782390718,2026-06-25T12:31:58Z,TVC:US10Y
,,,-1.7677332736630258,,,-0.1819008640291043,4.39,,1782390905,2026-06-25T12:35:05Z,TVC:US10Y
,,,-2.0362497202953724,,,-0.4547521600727506,4.378,,1782391074,2026-06-25T12:37:54Z,TVC:US10Y
,,,-2.148131573058852,,,-0.5684402000909383,4.373,,1782391253,2026-06-25T12:40:53Z,TVC:US10Y
,,,-2.3271425374804227,,,-0.7503410641200426,4.365,,1782391439,2026-06-25T12:43:59Z,TVC:US10Y
,,,-2.19288431416424,,,-0.6139154160982094,4.371,,1782391615,2026-06-25T12:46:55Z,TVC:US10Y
,,,-2.125755202506168,,,-0.545702592087313,4.374,,1782391803,2026-06-25T12:50:03Z,TVC:US10Y
,,,-2.125755202506168,,,-0.545702592087313,4.374,,1782391983,2026-06-25T12:53:03Z,TVC:US10Y
,,,-2.125755202506168,,,-0.545702592087313,4.374,,1782392154,2026-06-25T12:55:54Z,TVC:US10Y
,,,-2.0362497202953724,,,-0.4547521600727506,4.378,,1782392338,2026-06-25T12:58:58Z,TVC:US10Y
,,,-2.125755202506168,,,-0.545702592087313,4.374,,1782392525,2026-06-25T13:02:05Z,TVC:US10Y
,,,-2.125755202506168,,,-0.545702592087313,4.374,,1782392696,2026-06-25T13:04:56Z,TVC:US10Y
,,,-1.9467442380845967,,,-0.3638017280582086,4.382,,1782392886,2026-06-25T13:08:06Z,TVC:US10Y
,,,-1.9467442380845967,,,-0.3638017280582086,4.382,,1782393066,2026-06-25T13:11:06Z,TVC:US10Y
,,,-1.8572387558738013,,,-0.2728512960436464,4.386,,1782393240,2026-06-25T13:14:00Z,TVC:US10Y
,,,-1.8572387558738013,,,-0.2728512960436464,4.386,,1782393425,2026-06-25T13:17:05Z,TVC:US10Y
,,,-1.7677332736630258,,,-0.1819008640291043,4.39,,1782393601,2026-06-25T13:20:01Z,TVC:US10Y
,,,-1.8572387558738013,,,-0.2728512960436464,4.386,,1782393781,2026-06-25T13:23:01Z,TVC:US10Y
,,,-1.9467442380845967,,,-0.3638017280582086,4.382,,1782393963,2026-06-25T13:26:03Z,TVC:US10Y
,,,-1.901991496979189,,,-0.3183265120509174,4.384,,1782394143,2026-06-25T13:29:03Z,TVC:US10Y
,,,-1.901991496979189,,,-0.3183265120509174,4.384,,1782394322,2026-06-25T13:32:02Z,TVC:US10Y
,,,-1.9467442380845967,,,-0.3638017280582086,4.382,,1782394506,2026-06-25T13:35:06Z,TVC:US10Y
,,,-1.9467442380845967,,,-0.3638017280582086,4.382,,1782394678,2026-06-25T13:37:58Z,TVC:US10Y
,,,-1.9467442380845967,,,-0.3638017280582086,4.382,,1782394864,2026-06-25T13:41:04Z,TVC:US10Y
,,,-2.125755202506168,,,-0.545702592087313,4.374,,1782395048,2026-06-25T13:44:08Z,TVC:US10Y
,,,-2.125755202506168,,,-0.545702592087313,4.374,,1782395217,2026-06-25T13:46:57Z,TVC:US10Y
,,,-2.19288431416424,,,-0.6139154160982094,4.371,,1782395403,2026-06-25T13:50:03Z,TVC:US10Y
,,,-2.19288431416424,,,-0.6139154160982094,4.371,,1782395577,2026-06-25T13:52:57Z,TVC:US10Y
,,,-2.237637055269647,,,-0.6593906321055006,4.369,,1782395755,2026-06-25T13:55:55Z,TVC:US10Y
,,,-2.19288431416424,,,-0.6139154160982094,4.371,,1782395947,2026-06-25T13:59:07Z,TVC:US10Y
,,,-2.3271425374804227,,,-0.7503410641200426,4.365,,1782396127,2026-06-25T14:02:07Z,TVC:US10Y
,,,-2.19288431416424,,,-0.6139154160982094,4.371,,1782396293,2026-06-25T14:04:53Z,TVC:US10Y
,,,-2.282389796375035,,,-0.7048658481127716,4.367,,1782396486,2026-06-25T14:08:06Z,TVC:US10Y
,,,-2.282389796375035,,,-0.7048658481127716,4.367,,1782396663,2026-06-25T14:11:03Z,TVC:US10Y
,,,-2.148131573058852,,,-0.5684402000909383,4.373,,1782396836,2026-06-25T14:13:56Z,TVC:US10Y
,,,-2.19288431416424,,,-0.6139154160982094,4.371,,1782397029,2026-06-25T14:17:09Z,TVC:US10Y
,,,-2.125755202506168,,,-0.545702592087313,4.374,,1782397207,2026-06-25T14:20:07Z,TVC:US10Y
,,,-2.125755202506168,,,-0.545702592087313,4.374,,1782397381,2026-06-25T14:23:01Z,TVC:US10Y
,,,-2.125755202506168,,,-0.545702592087313,4.374,,1782397550,2026-06-25T14:25:50Z,TVC:US10Y
,,,-2.125755202506168,,,-0.545702592087313,4.374,,1782397742,2026-06-25T14:29:02Z,TVC:US10Y
,,,-2.125755202506168,,,-0.545702592087313,4.374,,1782397918,2026-06-25T14:31:58Z,TVC:US10Y
,,,-2.148131573058852,,,-0.5684402000909383,4.373,,1782398101,2026-06-25T14:35:01Z,TVC:US10Y
,,,-2.19288431416424,,,-0.6139154160982094,4.371,,1782398285,2026-06-25T14:38:05Z,TVC:US10Y
,,,-2.19288431416424,,,-0.6139154160982094,4.371,,1782398467,2026-06-25T14:41:07Z,TVC:US10Y
,,,-2.19288431416424,,,-0.6139154160982094,4.371,,1782398637,2026-06-25T14:43:57Z,TVC:US10Y
,,,-2.19288431416424,,,-0.6139154160982094,4.371,,1782398819,2026-06-25T14:46:59Z,TVC:US10Y
,,,-2.125755202506168,,,-0.545702592087313,4.374,,1782399002,2026-06-25T14:50:02Z,TVC:US10Y
,,,-2.125755202506168,,,-0.545702592087313,4.374,,1782399177,2026-06-25T14:52:57Z,TVC:US10Y
,,,-2.125755202506168,,,-0.545702592087313,4.374,,1782399365,2026-06-25T14:56:05Z,TVC:US10Y
,,,-2.0362497202953724,,,-0.4547521600727506,4.378,,1782399544,2026-06-25T14:59:04Z,TVC:US10Y
,,,-2.0362497202953724,,,-0.4547521600727506,4.378,,1782399898,2026-06-25T15:04:58Z,TVC:US10Y
,,,-1.8572387558738013,,,-0.2728512960436464,4.386,,1782400083,2026-06-25T15:08:03Z,TVC:US10Y
,,,-1.9467442380845967,,,-0.3638017280582086,4.382,,1782400261,2026-06-25T15:11:01Z,TVC:US10Y
,,,-1.9467442380845967,,,-0.3638017280582086,4.382,,1782400442,2026-06-25T15:14:02Z,TVC:US10Y
,,,-1.901991496979189,,,-0.3183265120509174,4.384,,1782400628,2026-06-25T15:17:08Z,TVC:US10Y
,,,-1.8572387558738013,,,-0.2728512960436464,4.386,,1782400796,2026-06-25T15:19:56Z,TVC:US10Y
,,,-1.8572387558738013,,,-0.2728512960436464,4.386,,1782400979,2026-06-25T15:22:59Z,TVC:US10Y
,,,-1.8572387558738013,,,-0.2728512960436464,4.386,,1782401168,2026-06-25T15:26:08Z,TVC:US10Y
,,,-1.8572387558738013,,,-0.2728512960436464,4.386,,1782401343,2026-06-25T15:29:03Z,TVC:US10Y
,,,-1.8572387558738013,,,-0.2728512960436464,4.386,,1782401519,2026-06-25T15:31:59Z,TVC:US10Y
,,,-1.9467442380845967,,,-0.3638017280582086,4.382,,1782401708,2026-06-25T15:35:08Z,TVC:US10Y
,,,-1.9467442380845967,,,-0.3638017280582086,4.382,,1782401877,2026-06-25T15:37:57Z,TVC:US10Y
,,,-1.8572387558738013,,,-0.2728512960436464,4.386,,1782402063,2026-06-25T15:41:03Z,TVC:US10Y
,,,-1.9467442380845967,,,-0.3638017280582086,4.382,,1782402232,2026-06-25T15:43:52Z,TVC:US10Y
,,,-1.9914969791899844,,,-0.4092769440654797,4.38,,1782402420,2026-06-25T15:47:00Z,TVC:US10Y
,,,-2.0362497202953724,,,-0.4547521600727506,4.378,,1782402602,2026-06-25T15:50:02Z,TVC:US10Y
,,,-2.0362497202953724,,,-0.4547521600727506,4.378,,1782402782,2026-06-25T15:53:02Z,TVC:US10Y
,,,-1.9467442380845967,,,-0.3638017280582086,4.382,,1782402961,2026-06-25T15:56:01Z,TVC:US10Y
,,,-2.0362497202953724,,,-0.4547521600727506,4.378,,1782403141,2026-06-25T15:59:01Z,TVC:US10Y
,,,-1.9914969791899844,,,-0.4092769440654797,4.38,,1782403315,2026-06-25T16:01:55Z,TVC:US10Y
,,,-1.9467442380845967,,,-0.3638017280582086,4.382,,1782403498,2026-06-25T16:04:58Z,TVC:US10Y
,,,-1.9467442380845967,,,-0.3638017280582086,4.382,,1782403684,2026-06-25T16:08:04Z,TVC:US10Y
,,,-1.9467442380845967,,,-0.3638017280582086,4.382,,1782403864,2026-06-25T16:11:04Z,TVC:US10Y
,,,-1.8572387558738013,,,-0.2728512960436464,4.386,,1782404037,2026-06-25T16:13:57Z,TVC:US10Y
,,,-1.901991496979189,,,-0.3183265120509174,4.384,,1782404216,2026-06-25T16:16:56Z,TVC:US10Y
,,,-2.0362497202953724,,,-0.4547521600727506,4.378,,1782404400,2026-06-25T16:20:00Z,TVC:US10Y
,,,-1.9914969791899844,,,-0.4092769440654797,4.38,,1782404584,2026-06-25T16:23:04Z,TVC:US10Y
,,,-2.0362497202953724,,,-0.4547521600727506,4.378,,1782404760,2026-06-25T16:26:00Z,TVC:US10Y
,,,-2.0362497202953724,,,-0.4547521600727506,4.378,,1782404947,2026-06-25T16:29:07Z,TVC:US10Y
,,,-1.9914969791899844,,,-0.4092769440654797,4.38,,1782405116,2026-06-25T16:31:56Z,TVC:US10Y
,,,-2.0362497202953724,,,-0.4547521600727506,4.378,,1782405299,2026-06-25T16:34:59Z,TVC:US10Y
,,,-2.0362497202953724,,,-0.4547521600727506,4.378,,1782405478,2026-06-25T16:37:58Z,TVC:US10Y
,,,-2.0362497202953724,,,-0.4547521600727506,4.378,,1782405654,2026-06-25T16:40:54Z,TVC:US10Y
,,,-2.0362497202953724,,,-0.4547521600727506,4.378,,1782405844,2026-06-25T16:44:04Z,TVC:US10Y
,,,-1.901991496979189,,,-0.3183265120509174,4.384,,1782406021,2026-06-25T16:47:01Z,TVC:US10Y
,,,-1.9467442380845967,,,-0.3638017280582086,4.382,,1782406203,2026-06-25T16:50:03Z,TVC:US10Y
,,,-1.9467442380845967,,,-0.3638017280582086,4.382,,1782406381,2026-06-25T16:53:01Z,TVC:US10Y
,,,-1.8572387558738013,,,-0.2728512960436464,4.386,,1782406569,2026-06-25T16:56:09Z,TVC:US10Y
,,,-1.8572387558738013,,,-0.2728512960436464,4.386,,1782406739,2026-06-25T16:58:59Z,TVC:US10Y
,,,-1.8572387558738013,,,-0.2728512960436464,4.386,,1782406917,2026-06-25T17:01:57Z,TVC:US10Y
,,,-1.9467442380845967,,,-0.3638017280582086,4.382,,1782407101,2026-06-25T17:05:01Z,TVC:US10Y
,,,-1.9467442380845967,,,-0.3638017280582086,4.382,,1782407283,2026-06-25T17:08:03Z,TVC:US10Y
,,,-1.9467442380845967,,,-0.3638017280582086,4.382,,1782407463,2026-06-25T17:11:03Z,TVC:US10Y
,,,-1.9467442380845967,,,-0.3638017280582086,4.382,,1782407640,2026-06-25T17:14:00Z,TVC:US10Y
,,,-1.9467442380845967,,,-0.3638017280582086,4.382,,1782407827,2026-06-25T17:17:07Z,TVC:US10Y
,,,-1.8572387558738013,,,-0.2728512960436464,4.386,,1782408002,2026-06-25T17:20:02Z,TVC:US10Y
,,,-1.9467442380845967,,,-0.3638017280582086,4.382,,1782408177,2026-06-25T17:22:57Z,TVC:US10Y
,,,-1.8572387558738013,,,-0.2728512960436464,4.386,,1782408362,2026-06-25T17:26:02Z,TVC:US10Y
,,,-1.901991496979189,,,-0.3183265120509174,4.384,,1782408544,2026-06-25T17:29:04Z,TVC:US10Y
,,,-1.901991496979189,,,-0.3183265120509174,4.384,,1782408720,2026-06-25T17:32:00Z,TVC:US10Y
,,,-1.8572387558738013,,,-0.2728512960436464,4.386,,1782408903,2026-06-25T17:35:03Z,TVC:US10Y
,,,-1.8572387558738013,,,-0.2728512960436464,4.386,,1782409074,2026-06-25T17:37:54Z,TVC:US10Y
,,,-1.901991496979189,,,-0.3183265120509174,4.384,,1782409263,2026-06-25T17:41:03Z,TVC:US10Y
,,,-1.901991496979189,,,-0.3183265120509174,4.384,,1782409448,2026-06-25T17:44:08Z,TVC:US10Y
,,,-1.8572387558738013,,,-0.2728512960436464,4.386,,1782409628,2026-06-25T17:47:08Z,TVC:US10Y
,,,-1.9467442380845967,,,-0.3638017280582086,4.382,,1782409799,2026-06-25T17:49:59Z,TVC:US10Y
,,,-1.9467442380845967,,,-0.3638017280582086,4.382,,1782409977,2026-06-25T17:52:57Z,TVC:US10Y
,,,-1.9467442380845967,,,-0.3638017280582086,4.382,,1782410159,2026-06-25T17:55:59Z,TVC:US10Y
,,,-1.8572387558738013,,,-0.2728512960436464,4.386,,1782410350,2026-06-25T17:59:10Z,TVC:US10Y
,,,-1.7677332736630258,,,-0.1819008640291043,4.39,,1782410515,2026-06-25T18:01:55Z,TVC:US10Y
,,,-1.543969568136047,,,0.0454752160072912,4.4,,1782410698,2026-06-25T18:04:58Z,TVC:US10Y
,,,-1.6334750503468425,,,-0.045475216007271,4.396,,1782410891,2026-06-25T18:08:11Z,TVC:US10Y
,,,-1.6334750503468425,,,-0.045475216007271,4.396,,1782411057,2026-06-25T18:10:57Z,TVC:US10Y
,,,-1.6782277914522303,,,-0.090950432014542,4.394,,1782411238,2026-06-25T18:13:58Z,TVC:US10Y
,,,-1.7229805325576182,,,-0.1364256480218131,4.392,,1782411425,2026-06-25T18:17:05Z,TVC:US10Y
,,,-1.6782277914522303,,,-0.090950432014542,4.394,,1782411609,2026-06-25T18:20:09Z,TVC:US10Y
,,,-1.6782277914522303,,,-0.090950432014542,4.394,,1782411783,2026-06-25T18:23:03Z,TVC:US10Y
,,,-1.6782277914522303,,,-0.090950432014542,4.394,,1782411960,2026-06-25T18:26:00Z,TVC:US10Y
,,,-1.6782277914522303,,,-0.090950432014542,4.394,,1782412145,2026-06-25T18:29:05Z,TVC:US10Y
,,,-1.6782277914522303,,,-0.090950432014542,4.394,,1782412319,2026-06-25T18:31:59Z,TVC:US10Y
,,,-1.6782277914522303,,,-0.090950432014542,4.394,,1782412498,2026-06-25T18:34:58Z,TVC:US10Y
,,,-1.6782277914522303,,,-0.090950432014542,4.394,,1782412675,2026-06-25T18:37:55Z,TVC:US10Y
,,,-1.6334750503468425,,,-0.045475216007271,4.396,,1782412860,2026-06-25T18:41:00Z,TVC:US10Y
,,,-1.6782277914522303,,,-0.090950432014542,4.394,,1782413045,2026-06-25T18:44:05Z,TVC:US10Y
,,,-1.5887223092414549,,,0.0,4.398,,1782413219,2026-06-25T18:46:59Z,TVC:US10Y
,,,-1.6334750503468425,,,-0.045475216007271,4.396,,1782413402,2026-06-25T18:50:02Z,TVC:US10Y
,,,-1.6334750503468425,,,-0.045475216007271,4.396,,1782413580,2026-06-25T18:53:00Z,TVC:US10Y
,,,-1.7229805325576182,,,-0.1364256480218131,4.392,,1782413756,2026-06-25T18:55:56Z,TVC:US10Y
,,,-1.7229805325576182,,,-0.1364256480218131,4.392,,1782413939,2026-06-25T18:58:59Z,TVC:US10Y
,,,-1.6782277914522303,,,-0.090950432014542,4.394,,1782414124,2026-06-25T19:02:04Z,TVC:US10Y
,,,-1.6782277914522303,,,-0.090950432014542,4.394,,1782414304,2026-06-25T19:05:04Z,TVC:US10Y
,,,-1.6782277914522303,,,-0.090950432014542,4.394,,1782414481,2026-06-25T19:08:01Z,TVC:US10Y
,,,-1.6782277914522303,,,-0.090950432014542,4.394,,1782414662,2026-06-25T19:11:02Z,TVC:US10Y
,,,-1.6334750503468425,,,-0.045475216007271,4.396,,1782414840,2026-06-25T19:14:00Z,TVC:US10Y
,,,-1.5887223092414549,,,0.0,4.398,,1782415024,2026-06-25T19:17:04Z,TVC:US10Y
,,,-1.5887223092414549,,,0.0,4.398,,1782415206,2026-06-25T19:20:06Z,TVC:US10Y
,,,-1.6782277914522303,,,-0.090950432014542,4.394,,1782415377,2026-06-25T19:22:57Z,TVC:US10Y
,,,-1.6782277914522303,,,-0.090950432014542,4.394,,1782415563,2026-06-25T19:26:03Z,TVC:US10Y
,,,-1.6782277914522303,,,-0.090950432014542,4.394,,1782415740,2026-06-25T19:29:00Z,TVC:US10Y
,,,-1.6782277914522303,,,-0.090950432014542,4.394,,1782415925,2026-06-25T19:32:05Z,TVC:US10Y
,,,-1.7677332736630258,,,-0.1819008640291043,4.39,,1782416101,2026-06-25T19:35:01Z,TVC:US10Y
,,,-1.7677332736630258,,,-0.1819008640291043,4.39,,1782416279,2026-06-25T19:37:59Z,TVC:US10Y
,,,-1.7677332736630258,,,-0.1819008640291043,4.39,,1782416460,2026-06-25T19:41:00Z,TVC:US10Y
,,,-1.5887223092414549,,,0.0,4.398,,1782416637,2026-06-25T19:43:57Z,TVC:US10Y
,,,-1.5887223092414549,,,0.0,4.398,,1782416815,2026-06-25T19:46:55Z,TVC:US10Y
,,,-1.5887223092414549,,,0.0,4.398,,1782417002,2026-06-25T19:50:02Z,TVC:US10Y
,,,-1.6334750503468425,,,-0.045475216007271,4.396,,1782417174,2026-06-25T19:52:54Z,TVC:US10Y
,,,-1.5887223092414549,,,0.0,4.398,,1782417360,2026-06-25T19:56:00Z,TVC:US10Y
,,,-1.5887223092414549,,,0.0,4.398,,1782417539,2026-06-25T19:58:59Z,TVC:US10Y
,,,-1.5887223092414549,,,0.0,4.398,,1782417718,2026-06-25T20:01:58Z,TVC:US10Y
,,,-1.7229805325576182,,,-0.1364256480218131,4.392,,1782417905,2026-06-25T20:05:05Z,TVC:US10Y
,,,-1.7229805325576182,,,-0.1364256480218131,4.392,,1782418078,2026-06-25T20:07:58Z,TVC:US10Y
,,,-1.7229805325576182,,,-0.1364256480218131,4.392,,1782418259,2026-06-25T20:10:59Z,TVC:US10Y
,,,-1.6782277914522303,,,-0.090950432014542,4.394,,1782418443,2026-06-25T20:14:03Z,TVC:US10Y
,,,-1.6782277914522303,,,-0.090950432014542,4.394,,1782418627,2026-06-25T20:17:07Z,TVC:US10Y
,,,-1.7677332736630258,,,-0.1819008640291043,4.39,,1782418799,2026-06-25T20:19:59Z,TVC:US10Y
,,,-1.7677332736630258,,,-0.1819008640291043,4.39,,1782418981,2026-06-25T20:23:01Z,TVC:US10Y
,,,-1.7677332736630258,,,-0.1819008640291043,4.39,,1782419160,2026-06-25T20:26:00Z,TVC:US10Y
,,,-1.6782277914522303,,,-0.090950432014542,4.394,,1782419345,2026-06-25T20:29:05Z,TVC:US10Y
,,,-1.7229805325576182,,,-0.1364256480218131,4.392,,1782419526,2026-06-25T20:32:06Z,TVC:US10Y
,,,-1.7229805325576182,,,-0.1364256480218131,4.392,,1782419702,2026-06-25T20:35:02Z,TVC:US10Y
,,,-1.7677332736630258,,,-0.1819008640291043,4.39,,1782419879,2026-06-25T20:37:59Z,TVC:US10Y
,,,-1.7677332736630258,,,-0.1819008640291043,4.39,,1782420060,2026-06-25T20:41:00Z,TVC:US10Y
,,,-1.7677332736630258,,,-0.1819008640291043,4.39,,1782420242,2026-06-25T20:44:02Z,TVC:US10Y
,,,-1.7677332736630258,,,-0.1819008640291043,4.39,,1782420429,2026-06-25T20:47:09Z,TVC:US10Y
,,,-1.7677332736630258,,,-0.1819008640291043,4.39,,1782420630,2026-06-25T20:50:30Z,TVC:US10Y
,,,-1.7677332736630258,,,-0.1819008640291043,4.39,,1782420798,2026-06-25T20:53:18Z,TVC:US10Y
,,,-1.7229805325576182,,,-0.1364256480218131,4.392,,1782420974,2026-06-25T20:56:14Z,TVC:US10Y
,,,-1.6782277914522303,,,-0.090950432014542,4.394,,1782421142,2026-06-25T20:59:02Z,TVC:US10Y
,,,-1.6334750503468425,,,-0.045475216007271,4.396,,1782421319,2026-06-25T21:01:59Z,TVC:US10Y
,,,-1.6334750503468425,,,-0.045475216007271,4.396,,1782421499,2026-06-25T21:04:59Z,TVC:US10Y
,,,-1.7677332736630258,,,-0.1819008640291043,4.39,,1782421685,2026-06-25T21:08:05Z,TVC:US10Y
,,,-1.7677332736630258,,,-0.1819008640291043,4.39,,1782421862,2026-06-25T21:11:02Z,TVC:US10Y
,,,-1.7677332736630258,,,-0.1819008640291043,4.39,,1782422035,2026-06-25T21:13:55Z,TVC:US10Y
,,,-1.7677332736630258,,,-0.1819008640291043,4.39,,1782422216,2026-06-25T21:16:56Z,TVC:US10Y
,,,-1.7677332736630258,,,-0.1819008640291043,4.39,,1782422403,2026-06-25T21:20:03Z,TVC:US10Y
,,,-1.7677332736630258,,,-0.1819008640291043,4.39,,1782422583,2026-06-25T21:23:03Z,TVC:US10Y
,,,-1.7677332736630258,,,-0.1819008640291043,4.39,,1782422760,2026-06-25T21:26:00Z,TVC:US10Y
,,,-1.7677332736630258,,,-0.1819008640291043,4.39,,1782422935,2026-06-25T21:28:55Z,TVC:US10Y
,,,-1.7677332736630258,,,-0.1819008640291043,4.39,,1782423118,2026-06-25T21:31:58Z,TVC:US10Y
,,,-1.7677332736630258,,,-0.1819008640291043,4.39,,1782423300,2026-06-25T21:35:00Z,TVC:US10Y
,,,-1.7677332736630258,,,-0.1819008640291043,4.39,,1782423481,2026-06-25T21:38:01Z,TVC:US10Y
,,,-1.7677332736630258,,,-0.1819008640291043,4.39,,1782423665,2026-06-25T21:41:05Z,TVC:US10Y
,,,-1.7677332736630258,,,-0.1819008640291043,4.39,,1782423845,2026-06-25T21:44:05Z,TVC:US10Y
,,,-1.7677332736630258,,,-0.1819008640291043,4.39,,1782424022,2026-06-25T21:47:02Z,TVC:US10Y
,,,-1.7677332736630258,,,-0.1819008640291043,4.39,,1782424197,2026-06-25T21:49:57Z,TVC:US10Y
,,,-1.7677332736630258,,,-0.1819008640291043,4.39,,1782424376,2026-06-25T21:52:56Z,TVC:US10Y
,,,-1.7677332736630258,,,-0.1819008640291043,4.39,,1782424566,2026-06-25T21:56:06Z,TVC:US10Y
,,,-1.7677332736630258,,,-0.1819008640291043,4.39,,1782424741,2026-06-25T21:59:01Z,TVC:US10Y
,,,-1.7677332736630258,,,-0.1819008640291043,4.39,,1782424919,2026-06-25T22:01:59Z,TVC:US10Y
,,,-1.7677332736630258,,,-0.1819008640291043,4.39,,1782425107,2026-06-25T22:05:07Z,TVC:US10Y
,,,-1.7677332736630258,,,-0.1819008640291043,4.39,,1782425279,2026-06-25T22:07:59Z,TVC:US10Y
,,,-1.7677332736630258,,,-0.1819008640291043,4.39,,1782425461,2026-06-25T22:11:01Z,TVC:US10Y
,,,-1.7677332736630258,,,-0.1819008640291043,4.39,,1782425645,2026-06-25T22:14:05Z,TVC:US10Y
,,,-1.7677332736630258,,,-0.1819008640291043,4.39,,1782425814,2026-06-25T22:16:54Z,TVC:US10Y
,,,-1.7677332736630258,,,-0.1819008640291043,4.39,,1782426002,2026-06-25T22:20:02Z,TVC:US10Y
,,,-1.7677332736630258,,,-0.1819008640291043,4.39,,1782426182,2026-06-25T22:23:02Z,TVC:US10Y
,,,-1.7677332736630258,,,-0.1819008640291043,4.39,,1782426364,2026-06-25T22:26:04Z,TVC:US10Y
,,,-1.7677332736630258,,,-0.1819008640291043,4.39,,1782426549,2026-06-25T22:29:09Z,TVC:US10Y
,,,-1.7677332736630258,,,-0.1819008640291043,4.39,,1782426717,2026-06-25T22:31:57Z,TVC:US10Y
,,,-1.7677332736630258,,,-0.1819008640291043,4.39,,1782426903,2026-06-25T22:35:03Z,TVC:US10Y
,,,-1.7677332736630258,,,-0.1819008640291043,4.39,,1782427078,2026-06-25T22:37:58Z,TVC:US10Y
,,,-1.7677332736630258,,,-0.1819008640291043,4.39,,1782427263,2026-06-25T22:41:03Z,TVC:US10Y
,,,-1.7677332736630258,,,-0.1819008640291043,4.39,,1782427435,2026-06-25T22:43:55Z,TVC:US10Y
,,,-1.7677332736630258,,,-0.1819008640291043,4.39,,1782427623,2026-06-25T22:47:03Z,TVC:US10Y
,,,-1.7677332736630258,,,-0.1819008640291043,4.39,,1782427807,2026-06-25T22:50:07Z,TVC:US10Y
,,,-1.7677332736630258,,,-0.1819008640291043,4.39,,1782427985,2026-06-25T22:53:05Z,TVC:US10Y
,,,-1.7677332736630258,,,-0.1819008640291043,4.39,,1782428162,2026-06-25T22:56:02Z,TVC:US10Y
,,,-1.7677332736630258,,,-0.1819008640291043,4.39,,1782428338,2026-06-25T22:58:58Z,TVC:US10Y
,,,-1.7677332736630258,,,-0.1819008640291043,4.39,,1782428520,2026-06-25T23:02:00Z,TVC:US10Y
,,,-1.7677332736630258,,,-0.1819008640291043,4.39,,1782428698,2026-06-25T23:04:58Z,TVC:US10Y
,,,-1.7677332736630258,,,-0.1819008640291043,4.39,,1782428885,2026-06-25T23:08:05Z,TVC:US10Y
,,,-1.7677332736630258,,,-0.1819008640291043,4.39,,1782429064,2026-06-25T23:11:04Z,TVC:US10Y
,,,-1.7677332736630258,,,-0.1819008640291043,4.39,,1782429239,2026-06-25T23:13:59Z,TVC:US10Y
,,,-1.7677332736630258,,,-0.1819008640291043,4.39,,1782429423,2026-06-25T23:17:03Z,TVC:US10Y
,,,-1.7677332736630258,,,-0.1819008640291043,4.39,,1782429604,2026-06-25T23:20:04Z,TVC:US10Y
,,,-1.7677332736630258,,,-0.1819008640291043,4.39,,1782429783,2026-06-25T23:23:03Z,TVC:US10Y
,,,-1.7677332736630258,,,-0.1819008640291043,4.39,,1782429959,2026-06-25T23:25:59Z,TVC:US10Y
,,,-1.7677332736630258,,,-0.1819008640291043,4.39,,1782430135,2026-06-25T23:28:55Z,TVC:US10Y
,,,-1.7677332736630258,,,-0.1819008640291043,4.39,,1782430322,2026-06-25T23:32:02Z,TVC:US10Y
,,,-1.7677332736630258,,,-0.1819008640291043,4.39,,1782430500,2026-06-25T23:35:00Z,TVC:US10Y
,,,-1.7677332736630258,,,-0.1819008640291043,4.39,,1782430673,2026-06-25T23:37:53Z,TVC:US10Y
,,,-1.7677332736630258,,,-0.1819008640291043,4.39,,1782430862,2026-06-25T23:41:02Z,TVC:US10Y
,,,-1.7677332736630258,,,-0.1819008640291043,4.39,,1782431042,2026-06-25T23:44:02Z,TVC:US10Y
,,,-1.7677332736630258,,,-0.1819008640291043,4.39,,1782431224,2026-06-25T23:47:04Z,TVC:US10Y
,,,-1.7677332736630258,,,-0.1819008640291043,4.39,,1782431396,2026-06-25T23:49:56Z,TVC:US10Y
,,,-1.7677332736630258,,,-0.1819008640291043,4.39,,1782431582,2026-06-25T23:53:02Z,TVC:US10Y
,,,-1.7677332736630258,,,-0.1819008640291043,4.39,,1782431765,2026-06-25T23:56:05Z,TVC:US10Y
,,,-1.7677332736630258,,,-0.1819008640291043,4.39,,1782431944,2026-06-25T23:59:04Z,TVC:US10Y
,,,-1.7677332736630258,,,-0.1819008640291043,4.39,,1782432125,2026-06-26T00:02:05Z,TVC:US10Y
,,,-1.7677332736630258,,,-0.1819008640291043,4.39,,1782432307,2026-06-26T00:05:07Z,TVC:US10Y
,,,-1.7677332736630258,,,-0.1819008640291043,4.39,,1782432476,2026-06-26T00:07:56Z,TVC:US10Y
,,,-1.543969568136047,,,0.2277904328018377,4.4,,1782432665,2026-06-26T00:11:05Z,TVC:US10Y
,,,-1.543969568136047,,,0.2277904328018377,4.4,,1782432846,2026-06-26T00:14:06Z,TVC:US10Y
,,,-1.5887223092414549,,,0.182232346241458,4.398,,1782433020,2026-06-26T00:17:00Z,TVC:US10Y
,,,-1.5887223092414549,,,0.182232346241458,4.398,,1782433201,2026-06-26T00:20:01Z,TVC:US10Y
,,,-1.5887223092414549,,,0.182232346241458,4.398,,1782433378,2026-06-26T00:22:58Z,TVC:US10Y
,,,-1.5887223092414549,,,0.182232346241458,4.398,,1782433563,2026-06-26T00:26:03Z,TVC:US10Y
,,,-1.5887223092414549,,,0.182232346241458,4.398,,1782433744,2026-06-26T00:29:04Z,TVC:US10Y
,,,-1.5887223092414549,,,0.182232346241458,4.398,,1782433924,2026-06-26T00:32:04Z,TVC:US10Y
,,,-1.5887223092414549,,,0.182232346241458,4.398,,1782434094,2026-06-26T00:34:54Z,TVC:US10Y
,,,-1.5887223092414549,,,0.182232346241458,4.398,,1782434288,2026-06-26T00:38:08Z,TVC:US10Y
,,,-1.5887223092414549,,,0.182232346241458,4.398,,1782434462,2026-06-26T00:41:02Z,TVC:US10Y
,,,-1.5887223092414549,,,0.182232346241458,4.398,,1782434643,2026-06-26T00:44:03Z,TVC:US10Y
,,,-1.5887223092414549,,,0.182232346241458,4.398,,1782434813,2026-06-26T00:46:53Z,TVC:US10Y
,,,-1.5887223092414549,,,0.182232346241458,4.398,,1782435003,2026-06-26T00:50:03Z,TVC:US10Y
,,,-1.543969568136047,,,0.2277904328018377,4.4,,1782435179,2026-06-26T00:52:59Z,TVC:US10Y
,,,-1.4992168270306594,,,0.2733485193621972,4.402,,1782435360,2026-06-26T00:56:00Z,TVC:US10Y
,,,-1.543969568136047,,,0.2277904328018377,4.4,,1782435542,2026-06-26T00:59:02Z,TVC:US10Y
,,,-1.4992168270306594,,,0.2733485193621972,4.402,,1782435716,2026-06-26T01:01:56Z,TVC:US10Y
,,,-1.4992168270306594,,,0.2733485193621972,4.402,,1782435899,2026-06-26T01:04:59Z,TVC:US10Y
,,,-1.4992168270306594,,,0.2733485193621972,4.402,,1782436083,2026-06-26T01:08:03Z,TVC:US10Y
,,,-1.4992168270306594,,,0.2733485193621972,4.402,,1782436255,2026-06-26T01:10:55Z,TVC:US10Y
,,,-1.4992168270306594,,,0.2733485193621972,4.402,,1782436447,2026-06-26T01:14:07Z,TVC:US10Y
,,,-1.4992168270306594,,,0.2733485193621972,4.402,,1782436620,2026-06-26T01:17:00Z,TVC:US10Y
,,,-1.4992168270306594,,,0.2733485193621972,4.402,,1782436800,2026-06-26T01:20:00Z,TVC:US10Y
,,,-1.543969568136047,,,0.2277904328018377,4.4,,1782436978,2026-06-26T01:22:58Z,TVC:US10Y
,,,-1.4992168270306594,,,0.2733485193621972,4.402,,1782437166,2026-06-26T01:26:06Z,TVC:US10Y
,,,-1.4992168270306594,,,0.2733485193621972,4.402,,1782437344,2026-06-26T01:29:04Z,TVC:US10Y
,,,-1.5887223092414549,,,0.182232346241458,4.398,,1782437514,2026-06-26T01:31:54Z,TVC:US10Y
,,,-1.5887223092414549,,,0.182232346241458,4.398,,1782437700,2026-06-26T01:35:00Z,TVC:US10Y
,,,-1.5887223092414549,,,0.182232346241458,4.398,,1782437881,2026-06-26T01:38:01Z,TVC:US10Y
,,,-1.5887223092414549,,,0.182232346241458,4.398,,1782438059,2026-06-26T01:40:59Z,TVC:US10Y
,,,-1.5887223092414549,,,0.182232346241458,4.398,,1782438243,2026-06-26T01:44:03Z,TVC:US10Y
,,,-1.6782277914522303,,,0.0911161731207391,4.394,,1782438420,2026-06-26T01:47:00Z,TVC:US10Y
,,,-1.7229805325576182,,,0.0455580865603796,4.392,,1782438599,2026-06-26T01:49:59Z,TVC:US10Y
,,,-1.7229805325576182,,,0.0455580865603796,4.392,,1782438782,2026-06-26T01:53:02Z,TVC:US10Y
,,,-1.6782277914522303,,,0.0911161731207391,4.394,,1782438966,2026-06-26T01:56:06Z,TVC:US10Y
,,,-1.6782277914522303,,,0.0911161731207391,4.394,,1782439149,2026-06-26T01:59:09Z,TVC:US10Y
,,,-1.6782277914522303,,,0.0911161731207391,4.394,,1782439321,2026-06-26T02:02:01Z,TVC:US10Y
,,,-1.7677332736630258,,,0.0,4.39,,1782439501,2026-06-26T02:05:01Z,TVC:US10Y
,,,-1.6782277914522303,,,0.0911161731207391,4.394,,1782439682,2026-06-26T02:08:02Z,TVC:US10Y
,,,-1.7229805325576182,,,0.0455580865603796,4.392,,1782439858,2026-06-26T02:10:58Z,TVC:US10Y
,,,-1.6782277914522303,,,0.0911161731207391,4.394,,1782440045,2026-06-26T02:14:05Z,TVC:US10Y
,,,-1.6782277914522303,,,0.0911161731207391,4.394,,1782440218,2026-06-26T02:16:58Z,TVC:US10Y
,,,-1.6782277914522303,,,0.0911161731207391,4.394,,1782440398,2026-06-26T02:19:58Z,TVC:US10Y
,,,-1.6782277914522303,,,0.0911161731207391,4.394,,1782440584,2026-06-26T02:23:04Z,TVC:US10Y
,,,-1.6782277914522303,,,0.0911161731207391,4.394,,1782440761,2026-06-26T02:26:01Z,TVC:US10Y
,,,-1.6782277914522303,,,0.0911161731207391,4.394,,1782440938,2026-06-26T02:28:58Z,TVC:US10Y
,,,-1.6782277914522303,,,0.0911161731207391,4.394,,1782441122,2026-06-26T02:32:02Z,TVC:US10Y
,,,-1.6782277914522303,,,0.0911161731207391,4.394,,1782441310,2026-06-26T02:35:10Z,TVC:US10Y
,,,-1.6782277914522303,,,0.0911161731207391,4.394,,1782441483,2026-06-26T02:38:03Z,TVC:US10Y
,,,-1.6782277914522303,,,0.0911161731207391,4.394,,1782441661,2026-06-26T02:41:01Z,TVC:US10Y
,,,-1.6782277914522303,,,0.0911161731207391,4.394,,1782441839,2026-06-26T02:43:59Z,TVC:US10Y
,,,-1.7229805325576182,,,0.0455580865603796,4.392,,1782442024,2026-06-26T02:47:04Z,TVC:US10Y
,,,-1.7229805325576182,,,0.0455580865603796,4.392,,1782442216,2026-06-26T02:50:16Z,TVC:US10Y
,,,-1.6782277914522303,,,0.0911161731207391,4.394,,1782442461,2026-06-26T02:54:21Z,TVC:US10Y
,,,-1.6782277914522303,,,0.0911161731207391,4.394,,1782442599,2026-06-26T02:56:39Z,TVC:US10Y
,,,-1.6782277914522303,,,0.0911161731207391,4.394,,1782442779,2026-06-26T02:59:39Z,TVC:US10Y
,,,-1.7677332736630258,,,0.0,4.39,,1782442965,2026-06-26T03:02:45Z,TVC:US10Y
,,,-1.7677332736630258,,,0.0,4.39,,1782443143,2026-06-26T03:05:43Z,TVC:US10Y
,,,-1.7677332736630258,,,0.0,4.39,,1782443322,2026-06-26T03:08:42Z,TVC:US10Y
,,,-1.8572387558738013,,,-0.0911161731207189,4.386,,1782443506,2026-06-26T03:11:46Z,TVC:US10Y
,,,-1.8572387558738013,,,-0.0911161731207189,4.386,,1782443709,2026-06-26T03:15:09Z,TVC:US10Y
,,,-1.8572387558738013,,,-0.0911161731207189,4.386,,1782443859,2026-06-26T03:17:39Z,TVC:US10Y
,,,-1.8572387558738013,,,-0.0911161731207189,4.386,,1782444067,2026-06-26T03:21:07Z,TVC:US10Y
,,,-1.8572387558738013,,,-0.0911161731207189,4.386,,1782444235,2026-06-26T03:23:55Z,TVC:US10Y
,,,-1.8572387558738013,,,-0.0911161731207189,4.386,,1782444397,2026-06-26T03:26:37Z,TVC:US10Y
,,,-1.8572387558738013,,,-0.0911161731207189,4.386,,1782444568,2026-06-26T03:29:28Z,TVC:US10Y
,,,-1.8572387558738013,,,-0.0911161731207189,4.386,,1782444716,2026-06-26T03:31:56Z,TVC:US10Y
,,,-1.8572387558738013,,,-0.0911161731207189,4.386,,1782444902,2026-06-26T03:35:02Z,TVC:US10Y
,,,-2.0362497202953724,,,-0.2733485193621769,4.378,,1782445079,2026-06-26T03:37:59Z,TVC:US10Y
,,,-2.0362497202953724,,,-0.2733485193621769,4.378,,1782445261,2026-06-26T03:41:01Z,TVC:US10Y
,,,-2.125755202506168,,,-0.3644646924829161,4.374,,1782445447,2026-06-26T03:44:07Z,TVC:US10Y
,,,-2.125755202506168,,,-0.3644646924829161,4.374,,1782445622,2026-06-26T03:47:02Z,TVC:US10Y
,,,-2.125755202506168,,,-0.3644646924829161,4.374,,1782445808,2026-06-26T03:50:08Z,TVC:US10Y
,,,-2.0362497202953724,,,-0.2733485193621769,4.378,,1782445980,2026-06-26T03:53:00Z,TVC:US10Y
,,,-2.0362497202953724,,,-0.2733485193621769,4.378,,1782446161,2026-06-26T03:56:01Z,TVC:US10Y
,,,-2.0362497202953724,,,-0.2733485193621769,4.378,,1782446334,2026-06-26T03:58:54Z,TVC:US10Y
,,,-2.0362497202953724,,,-0.2733485193621769,4.378,,1782446520,2026-06-26T04:02:00Z,TVC:US10Y
,,,-2.0362497202953724,,,-0.2733485193621769,4.378,,1782446704,2026-06-26T04:05:04Z,TVC:US10Y
,,,-2.08100246140076,,,-0.3189066059225364,4.376,,1782446879,2026-06-26T04:07:59Z,TVC:US10Y
,,,-2.125755202506168,,,-0.3644646924829161,4.374,,1782447055,2026-06-26T04:10:55Z,TVC:US10Y
,,,-2.125755202506168,,,-0.3644646924829161,4.374,,1782447234,2026-06-26T04:13:54Z,TVC:US10Y
,,,-2.125755202506168,,,-0.3644646924829161,4.374,,1782447419,2026-06-26T04:16:59Z,TVC:US10Y
,,,-2.125755202506168,,,-0.3644646924829161,4.374,,1782447597,2026-06-26T04:19:57Z,TVC:US10Y
,,,-2.125755202506168,,,-0.3644646924829161,4.374,,1782447780,2026-06-26T04:23:00Z,TVC:US10Y
,,,-2.125755202506168,,,-0.3644646924829161,4.374,,1782447962,2026-06-26T04:26:02Z,TVC:US10Y
,,,-2.170507943611556,,,-0.4100227790432755,4.372,,1782448133,2026-06-26T04:28:53Z,TVC:US10Y
,,,-2.125755202506168,,,-0.3644646924829161,4.374,,1782448314,2026-06-26T04:31:54Z,TVC:US10Y
,,,-2.125755202506168,,,-0.3644646924829161,4.374,,1782448491,2026-06-26T04:34:51Z,TVC:US10Y
,,,-2.125755202506168,,,-0.3644646924829161,4.374,,1782448676,2026-06-26T04:37:56Z,TVC:US10Y
,,,-2.125755202506168,,,-0.3644646924829161,4.374,,1782448863,2026-06-26T04:41:03Z,TVC:US10Y
,,,-2.125755202506168,,,-0.3644646924829161,4.374,,1782449042,2026-06-26T04:44:02Z,TVC:US10Y
,,,-2.125755202506168,,,-0.3644646924829161,4.374,,1782449218,2026-06-26T04:46:58Z,TVC:US10Y
,,,-2.170507943611556,,,-0.4100227790432755,4.372,,1782449402,2026-06-26T04:50:02Z,TVC:US10Y
,,,-2.170507943611556,,,-0.4100227790432755,4.372,,1782449578,2026-06-26T04:52:58Z,TVC:US10Y
,,,-2.19288431416424,,,-0.4328018223234451,4.371,,1782449762,2026-06-26T04:56:02Z,TVC:US10Y
,,,-2.19288431416424,,,-0.4328018223234451,4.371,,1782449939,2026-06-26T04:58:59Z,TVC:US10Y
,,,-2.19288431416424,,,-0.4328018223234451,4.371,,1782450122,2026-06-26T05:02:02Z,TVC:US10Y
,,,-2.19288431416424,,,-0.4328018223234451,4.371,,1782450299,2026-06-26T05:04:59Z,TVC:US10Y
,,,-2.19288431416424,,,-0.4328018223234451,4.371,,1782450483,2026-06-26T05:08:03Z,TVC:US10Y
,,,-2.19288431416424,,,-0.4328018223234451,4.371,,1782450658,2026-06-26T05:10:58Z,TVC:US10Y
,,,-2.19288431416424,,,-0.4328018223234451,4.371,,1782450844,2026-06-26T05:14:04Z,TVC:US10Y
,,,-2.19288431416424,,,-0.4328018223234451,4.371,,1782451019,2026-06-26T05:16:59Z,TVC:US10Y
,,,-2.19288431416424,,,-0.4328018223234451,4.371,,1782451207,2026-06-26T05:20:07Z,TVC:US10Y
,,,-2.19288431416424,,,-0.4328018223234451,4.371,,1782451377,2026-06-26T05:22:57Z,TVC:US10Y
,,,-2.19288431416424,,,-0.4328018223234451,4.371,,1782451559,2026-06-26T05:25:59Z,TVC:US10Y
,,,-2.170507943611556,,,-0.4100227790432755,4.372,,1782451740,2026-06-26T05:29:00Z,TVC:US10Y
,,,-2.125755202506168,,,-0.3644646924829161,4.374,,1782451921,2026-06-26T05:32:01Z,TVC:US10Y
,,,-2.08100246140076,,,-0.3189066059225364,4.376,,1782452097,2026-06-26T05:34:57Z,TVC:US10Y
,,,-2.0362497202953724,,,-0.2733485193621769,4.378,,1782452285,2026-06-26T05:38:05Z,TVC:US10Y
,,,-2.0362497202953724,,,-0.2733485193621769,4.378,,1782452459,2026-06-26T05:40:59Z,TVC:US10Y
,,,-2.0362497202953724,,,-0.2733485193621769,4.378,,1782452646,2026-06-26T05:44:06Z,TVC:US10Y
,,,-2.0362497202953724,,,-0.2733485193621769,4.378,,1782452815,2026-06-26T05:46:55Z,TVC:US10Y
,,,-1.9914969791899844,,,-0.2277904328018175,4.38,,1782452999,2026-06-26T05:49:59Z,TVC:US10Y
,,,-1.9467442380845967,,,-0.182232346241458,4.382,,1782453175,2026-06-26T05:52:55Z,TVC:US10Y
,,,-1.9914969791899844,,,-0.2277904328018175,4.38,,1782453353,2026-06-26T05:55:53Z,TVC:US10Y
,,,-2.0362497202953724,,,-0.2733485193621769,4.378,,1782453541,2026-06-26T05:59:01Z,TVC:US10Y
,,,-2.0362497202953724,,,-0.2733485193621769,4.378,,1782453723,2026-06-26T06:02:03Z,TVC:US10Y
,,,-1.9914969791899844,,,-0.2277904328018175,4.38,,1782453897,2026-06-26T06:04:57Z,TVC:US10Y
,,,-2.0362497202953724,,,-0.2733485193621769,4.378,,1782454080,2026-06-26T06:08:00Z,TVC:US10Y
,,,-1.9914969791899844,,,-0.2277904328018175,4.38,,1782454255,2026-06-26T06:10:55Z,TVC:US10Y
,,,-1.9914969791899844,,,-0.2277904328018175,4.38,,1782454442,2026-06-26T06:14:02Z,TVC:US10Y
,,,-2.08100246140076,,,-0.3189066059225364,4.376,,1782454621,2026-06-26T06:17:01Z,TVC:US10Y
,,,-2.08100246140076,,,-0.3189066059225364,4.376,,1782454804,2026-06-26T06:20:04Z,TVC:US10Y
,,,-2.08100246140076,,,-0.3189066059225364,4.376,,1782454979,2026-06-26T06:22:59Z,TVC:US10Y
,,,-2.08100246140076,,,-0.3189066059225364,4.376,,1782455154,2026-06-26T06:25:54Z,TVC:US10Y
,,,-2.08100246140076,,,-0.3189066059225364,4.376,,1782455341,2026-06-26T06:29:01Z,TVC:US10Y
,,,-2.08100246140076,,,-0.3189066059225364,4.376,,1782455522,2026-06-26T06:32:02Z,TVC:US10Y
,,,-1.9914969791899844,,,-0.2277904328018175,4.38,,1782455699,2026-06-26T06:34:59Z,TVC:US10Y
,,,-1.9914969791899844,,,-0.2277904328018175,4.38,,1782455877,2026-06-26T06:37:57Z,TVC:US10Y
,,,-1.9914969791899844,,,-0.2277904328018175,4.38,,1782456060,2026-06-26T06:41:00Z,TVC:US10Y
,,,-2.0362497202953724,,,-0.2733485193621769,4.378,,1782456245,2026-06-26T06:44:05Z,TVC:US10Y
,,,-2.0362497202953724,,,-0.2733485193621769,4.378,,1782456416,2026-06-26T06:46:56Z,TVC:US10Y
,,,-2.0362497202953724,,,-0.2733485193621769,4.378,,1782456594,2026-06-26T06:49:54Z,TVC:US10Y
,,,-2.0362497202953724,,,-0.2733485193621769,4.378,,1782456777,2026-06-26T06:52:57Z,TVC:US10Y
,,,-1.9467442380845967,,,-0.182232346241458,4.382,,1782456955,2026-06-26T06:55:55Z,TVC:US10Y
,,,-1.9467442380845967,,,-0.182232346241458,4.382,,1782457134,2026-06-26T06:58:54Z,TVC:US10Y
,,,-2.0362497202953724,,,-0.2733485193621769,4.378,,1782457318,2026-06-26T07:01:58Z,TVC:US10Y
,,,-1.9467442380845967,,,-0.182232346241458,4.382,,1782457495,2026-06-26T07:04:55Z,TVC:US10Y
,,,-1.9467442380845967,,,-0.182232346241458,4.382,,1782457681,2026-06-26T07:08:01Z,TVC:US10Y
,,,-1.9467442380845967,,,-0.182232346241458,4.382,,1782457861,2026-06-26T07:11:01Z,TVC:US10Y
,,,-1.9467442380845967,,,-0.182232346241458,4.382,,1782458035,2026-06-26T07:13:55Z,TVC:US10Y
,,,-1.9467442380845967,,,-0.182232346241458,4.382,,1782458228,2026-06-26T07:17:08Z,TVC:US10Y
,,,-1.9467442380845967,,,-0.182232346241458,4.382,,1782458404,2026-06-26T07:20:04Z,TVC:US10Y
,,,-1.9467442380845967,,,-0.182232346241458,4.382,,1782458581,2026-06-26T07:23:01Z,TVC:US10Y
,,,-2.0362497202953724,,,-0.2733485193621769,4.378,,1782458752,2026-06-26T07:25:52Z,TVC:US10Y
,,,-2.0362497202953724,,,-0.2733485193621769,4.378,,1782458939,2026-06-26T07:28:59Z,TVC:US10Y
,,,-1.9914969791899844,,,-0.2277904328018175,4.38,,1782459118,2026-06-26T07:31:58Z,TVC:US10Y
,,,-1.9914969791899844,,,-0.2277904328018175,4.38,,1782459297,2026-06-26T07:34:57Z,TVC:US10Y
,,,-2.0362497202953724,,,-0.2733485193621769,4.378,,1782459478,2026-06-26T07:37:58Z,TVC:US10Y
,,,-2.0362497202953724,,,-0.2733485193621769,4.378,,1782459663,2026-06-26T07:41:03Z,TVC:US10Y
,,,-2.0362497202953724,,,-0.2733485193621769,4.378,,1782459833,2026-06-26T07:43:53Z,TVC:US10Y
,,,-1.9914969791899844,,,-0.2277904328018175,4.38,,1782460021,2026-06-26T07:47:01Z,TVC:US10Y
,,,-1.9914969791899844,,,-0.2277904328018175,4.38,,1782460200,2026-06-26T07:50:00Z,TVC:US10Y
,,,-2.0362497202953724,,,-0.2733485193621769,4.378,,1782460375,2026-06-26T07:52:55Z,TVC:US10Y
,,,-2.0362497202953724,,,-0.2733485193621769,4.378,,1782460561,2026-06-26T07:56:01Z,TVC:US10Y
,,,-2.0362497202953724,,,-0.2733485193621769,4.378,,1782460744,2026-06-26T07:59:04Z,TVC:US10Y
,,,-2.08100246140076,,,-0.3189066059225364,4.376,,1782460918,2026-06-26T08:01:58Z,TVC:US10Y
,,,-2.0362497202953724,,,-0.2733485193621769,4.378,,1782461098,2026-06-26T08:04:58Z,TVC:US10Y
,,,-2.125755202506168,,,-0.3644646924829161,4.374,,1782461275,2026-06-26T08:07:55Z,TVC:US10Y
,,,-2.19288431416424,,,-0.4328018223234451,4.371,,1782461456,2026-06-26T08:10:56Z,TVC:US10Y
,,,-2.170507943611556,,,-0.4100227790432755,4.372,,1782461639,2026-06-26T08:13:59Z,TVC:US10Y
,,,-2.170507943611556,,,-0.4100227790432755,4.372,,1782461815,2026-06-26T08:16:55Z,TVC:US10Y
,,,-2.170507943611556,,,-0.4100227790432755,4.372,,1782462010,2026-06-26T08:20:10Z,TVC:US10Y
,,,-2.125755202506168,,,-0.3644646924829161,4.374,,1782462180,2026-06-26T08:23:00Z,TVC:US10Y
,,,-2.125755202506168,,,-0.3644646924829161,4.374,,1782462358,2026-06-26T08:25:58Z,TVC:US10Y
,,,-2.19288431416424,,,-0.4328018223234451,4.371,,1782462538,2026-06-26T08:28:58Z,TVC:US10Y
,,,-2.19288431416424,,,-0.4328018223234451,4.371,,1782462712,2026-06-26T08:31:52Z,TVC:US10Y
,,,-2.170507943611556,,,-0.4100227790432755,4.372,,1782462898,2026-06-26T08:34:58Z,TVC:US10Y
,,,-2.125755202506168,,,-0.3644646924829161,4.374,,1782463081,2026-06-26T08:38:01Z,TVC:US10Y
,,,-2.125755202506168,,,-0.3644646924829161,4.374,,1782463259,2026-06-26T08:40:59Z,TVC:US10Y
,,,-2.125755202506168,,,-0.3644646924829161,4.374,,1782463437,2026-06-26T08:43:57Z,TVC:US10Y
,,,-2.08100246140076,,,-0.3189066059225364,4.376,,1782463619,2026-06-26T08:46:59Z,TVC:US10Y
,,,-2.0362497202953724,,,-0.2733485193621769,4.378,,1782463798,2026-06-26T08:49:58Z,TVC:US10Y
,,,-2.08100246140076,,,-0.3189066059225364,4.376,,1782463983,2026-06-26T08:53:03Z,TVC:US10Y
,,,-2.0362497202953724,,,-0.2733485193621769,4.378,,1782464164,2026-06-26T08:56:04Z,TVC:US10Y
,,,-2.0362497202953724,,,-0.2733485193621769,4.378,,1782464340,2026-06-26T08:59:00Z,TVC:US10Y
,,,-2.0362497202953724,,,-0.2733485193621769,4.378,,1782464522,2026-06-26T09:02:02Z,TVC:US10Y
,,,-2.0362497202953724,,,-0.2733485193621769,4.378,,1782464704,2026-06-26T09:05:04Z,TVC:US10Y
,,,-2.0362497202953724,,,-0.2733485193621769,4.378,,1782464872,2026-06-26T09:07:52Z,TVC:US10Y
,,,-2.0362497202953724,,,-0.2733485193621769,4.378,,1782465057,2026-06-26T09:10:57Z,TVC:US10Y
,,,-2.0362497202953724,,,-0.2733485193621769,4.378,,1782465238,2026-06-26T09:13:58Z,TVC:US10Y
,,,-2.0362497202953724,,,-0.2733485193621769,4.378,,1782465422,2026-06-26T09:17:02Z,TVC:US10Y
,,,-1.9914969791899844,,,-0.2277904328018175,4.38,,1782465604,2026-06-26T09:20:04Z,TVC:US10Y
,,,-1.9914969791899844,,,-0.2277904328018175,4.38,,1782465784,2026-06-26T09:23:04Z,TVC:US10Y
,,,-1.9914969791899844,,,-0.2277904328018175,4.38,,1782465964,2026-06-26T09:26:04Z,TVC:US10Y
,,,-2.0362497202953724,,,-0.2733485193621769,4.378,,1782466138,2026-06-26T09:28:58Z,TVC:US10Y
,,,-2.0362497202953724,,,-0.2733485193621769,4.378,,1782466322,2026-06-26T09:32:02Z,TVC:US10Y
,,,-1.9467442380845967,,,-0.182232346241458,4.382,,1782466503,2026-06-26T09:35:03Z,TVC:US10Y
,,,-1.9914969791899844,,,-0.2277904328018175,4.38,,1782466684,2026-06-26T09:38:04Z,TVC:US10Y
,,,-1.9914969791899844,,,-0.2277904328018175,4.38,,1782466866,2026-06-26T09:41:06Z,TVC:US10Y
,,,-1.9914969791899844,,,-0.2277904328018175,4.38,,1782467046,2026-06-26T09:44:06Z,TVC:US10Y
,,,-1.9914969791899844,,,-0.2277904328018175,4.38,,1782467221,2026-06-26T09:47:01Z,TVC:US10Y
,,,-2.0362497202953724,,,-0.2733485193621769,4.378,,1782467394,2026-06-26T09:49:54Z,TVC:US10Y
,,,-2.0362497202953724,,,-0.2733485193621769,4.378,,1782467580,2026-06-26T09:53:00Z,TVC:US10Y
,,,-2.0362497202953724,,,-0.2733485193621769,4.378,,1782467763,2026-06-26T09:56:03Z,TVC:US10Y
,,,-1.9467442380845967,,,-0.182232346241458,4.382,,1782467940,2026-06-26T09:59:00Z,TVC:US10Y
,,,-2.0362497202953724,,,-0.2733485193621769,4.378,,1782468119,2026-06-26T10:01:59Z,TVC:US10Y
,,,-1.9914969791899844,,,-0.2277904328018175,4.38,,1782468304,2026-06-26T10:05:04Z,TVC:US10Y
,,,-1.9914969791899844,,,-0.2277904328018175,4.38,,1782468487,2026-06-26T10:08:07Z,TVC:US10Y
,,,-2.0362497202953724,,,-0.2733485193621769,4.378,,1782468664,2026-06-26T10:11:04Z,TVC:US10Y
,,,-2.0362497202953724,,,-0.2733485193621769,4.378,,1782468843,2026-06-26T10:14:03Z,TVC:US10Y
,,,-2.0362497202953724,,,-0.2733485193621769,4.378,,1782469015,2026-06-26T10:16:55Z,TVC:US10Y
,,,-1.9914969791899844,,,-0.2277904328018175,4.38,,1782469202,2026-06-26T10:20:02Z,TVC:US10Y
,,,-1.9467442380845967,,,-0.182232346241458,4.382,,1782469383,2026-06-26T10:23:03Z,TVC:US10Y
,,,-1.9467442380845967,,,-0.182232346241458,4.382,,1782469564,2026-06-26T10:26:04Z,TVC:US10Y
,,,-1.9467442380845967,,,-0.182232346241458,4.382,,1782469737,2026-06-26T10:28:57Z,TVC:US10Y
,,,-1.9914969791899844,,,-0.2277904328018175,4.38,,1782469918,2026-06-26T10:31:58Z,TVC:US10Y
,,,-2.0362497202953724,,,-0.2733485193621769,4.378,,1782470095,2026-06-26T10:34:55Z,TVC:US10Y
,,,-2.0362497202953724,,,-0.2733485193621769,4.378,,1782470276,2026-06-26T10:37:56Z,TVC:US10Y
,,,-2.0362497202953724,,,-0.2733485193621769,4.378,,1782470463,2026-06-26T10:41:03Z,TVC:US10Y
,,,-2.0362497202953724,,,-0.2733485193621769,4.378,,1782470637,2026-06-26T10:43:57Z,TVC:US10Y
,,,-2.0362497202953724,,,-0.2733485193621769,4.378,,1782470821,2026-06-26T10:47:01Z,TVC:US10Y
,,,-2.0362497202953724,,,-0.2733485193621769,4.378,,1782470996,2026-06-26T10:49:56Z,TVC:US10Y
,,,-2.0362497202953724,,,-0.2733485193621769,4.378,,1782471178,2026-06-26T10:52:58Z,TVC:US10Y
,,,-2.0362497202953724,,,-0.2733485193621769,4.378,,1782471356,2026-06-26T10:55:56Z,TVC:US10Y
,,,-2.0362497202953724,,,-0.2733485193621769,4.378,,1782471540,2026-06-26T10:59:00Z,TVC:US10Y
,,,-2.125755202506168,,,-0.3644646924829161,4.374,,1782471720,2026-06-26T11:02:00Z,TVC:US10Y
,,,-2.125755202506168,,,-0.3644646924829161,4.374,,1782471899,2026-06-26T11:04:59Z,TVC:US10Y
,,,-2.125755202506168,,,-0.3644646924829161,4.374,,1782472085,2026-06-26T11:08:05Z,TVC:US10Y
,,,-2.125755202506168,,,-0.3644646924829161,4.374,,1782472253,2026-06-26T11:10:53Z,TVC:US10Y
,,,-2.08100246140076,,,-0.3189066059225364,4.376,,1782472443,2026-06-26T11:14:03Z,TVC:US10Y
,,,-2.125755202506168,,,-0.3644646924829161,4.374,,1782472620,2026-06-26T11:17:00Z,TVC:US10Y
,,,-2.125755202506168,,,-0.3644646924829161,4.374,,1782472797,2026-06-26T11:19:57Z,TVC:US10Y
,,,-2.125755202506168,,,-0.3644646924829161,4.374,,1782472966,2026-06-26T11:22:46Z,TVC:US10Y
,,,-2.125755202506168,,,-0.3644646924829161,4.374,,1782473162,2026-06-26T11:26:02Z,TVC:US10Y
,,,-2.125755202506168,,,-0.3644646924829161,4.374,,1782473342,2026-06-26T11:29:02Z,TVC:US10Y
,,,-2.125755202506168,,,-0.3644646924829161,4.374,,1782473525,2026-06-26T11:32:05Z,TVC:US10Y
,,,-2.125755202506168,,,-0.3644646924829161,4.374,,1782473693,2026-06-26T11:34:53Z,TVC:US10Y
,,,-2.0362497202953724,,,-0.2733485193621769,4.378,,1782473878,2026-06-26T11:37:58Z,TVC:US10Y
,,,-2.0362497202953724,,,-0.2733485193621769,4.378,,1782474057,2026-06-26T11:40:57Z,TVC:US10Y
,,,-1.9467442380845967,,,-0.182232346241458,4.382,,1782474236,2026-06-26T11:43:56Z,TVC:US10Y
,,,-1.901991496979189,,,-0.1366742596810783,4.384,,1782474426,2026-06-26T11:47:06Z,TVC:US10Y
,,,-1.901991496979189,,,-0.1366742596810783,4.384,,1782474608,2026-06-26T11:50:08Z,TVC:US10Y
,,,-1.7677332736630258,,,0.0,4.39,,1782474781,2026-06-26T11:53:01Z,TVC:US10Y
,,,-1.7677332736630258,,,0.0,4.39,,1782474956,2026-06-26T11:55:56Z,TVC:US10Y
,,,-1.7677332736630258,,,0.0,4.39,,1782475143,2026-06-26T11:59:03Z,TVC:US10Y
,,,-1.8572387558738013,,,-0.0911161731207189,4.386,,1782475315,2026-06-26T12:01:55Z,TVC:US10Y
,,,-1.8572387558738013,,,-0.0911161731207189,4.386,,1782475494,2026-06-26T12:04:54Z,TVC:US10Y
,,,-1.9467442380845967,,,-0.182232346241458,4.382,,1782475682,2026-06-26T12:08:02Z,TVC:US10Y
,,,-1.9467442380845967,,,-0.182232346241458,4.382,,1782475857,2026-06-26T12:10:57Z,TVC:US10Y
,,,-1.901991496979189,,,-0.1366742596810783,4.384,,1782476041,2026-06-26T12:14:01Z,TVC:US10Y
,,,-1.9467442380845967,,,-0.182232346241458,4.382,,1782476223,2026-06-26T12:17:03Z,TVC:US10Y
,,,-1.7677332736630258,,,0.0,4.39,,1782476407,2026-06-26T12:20:07Z,TVC:US10Y
,,,-1.8124860147684128,,,-0.0455580865603594,4.388,,1782476575,2026-06-26T12:22:55Z,TVC:US10Y
,,,-1.7677332736630258,,,0.0,4.39,,1782476758,2026-06-26T12:25:58Z,TVC:US10Y
,,,-1.7677332736630258,,,0.0,4.39,,1782476944,2026-06-26T12:29:04Z,TVC:US10Y
,,,-1.6782277914522303,,,0.0911161731207391,4.394,,1782477121,2026-06-26T12:32:01Z,TVC:US10Y
,,,-1.7229805325576182,,,0.0455580865603796,4.392,,1782477302,2026-06-26T12:35:02Z,TVC:US10Y
,,,-1.6782277914522303,,,0.0911161731207391,4.394,,1782477478,2026-06-26T12:37:58Z,TVC:US10Y
,,,-1.6782277914522303,,,0.0911161731207391,4.394,,1782477656,2026-06-26T12:40:56Z,TVC:US10Y
,,,-1.6782277914522303,,,0.0911161731207391,4.394,,1782477846,2026-06-26T12:44:06Z,TVC:US10Y
,,,-1.6782277914522303,,,0.0911161731207391,4.394,,1782478019,2026-06-26T12:46:59Z,TVC:US10Y
,,,-1.6782277914522303,,,0.0911161731207391,4.394,,1782478202,2026-06-26T12:50:02Z,TVC:US10Y
,,,-1.6782277914522303,,,0.0911161731207391,4.394,,1782478383,2026-06-26T12:53:03Z,TVC:US10Y
,,,-1.6782277914522303,,,0.0911161731207391,4.394,,1782478558,2026-06-26T12:55:58Z,TVC:US10Y
,,,-1.6782277914522303,,,0.0911161731207391,4.394,,1782478734,2026-06-26T12:58:54Z,TVC:US10Y
,,,-1.5887223092414549,,,0.182232346241458,4.398,,1782478917,2026-06-26T13:01:57Z,TVC:US10Y
,,,-1.6782277914522303,,,0.0911161731207391,4.394,,1782479090,2026-06-26T13:04:50Z,TVC:US10Y
,,,-1.6334750503468425,,,0.1366742596810986,4.396,,1782479286,2026-06-26T13:08:06Z,TVC:US10Y
,,,-1.5887223092414549,,,0.182232346241458,4.398,,1782479459,2026-06-26T13:10:59Z,TVC:US10Y
,,,-1.6782277914522303,,,0.0911161731207391,4.394,,1782479647,2026-06-26T13:14:07Z,TVC:US10Y
,,,-1.5887223092414549,,,0.182232346241458,4.398,,1782479819,2026-06-26T13:16:59Z,TVC:US10Y
,,,-1.4097113448198837,,,0.3644646924829161,4.406,,1782479999,2026-06-26T13:19:59Z,TVC:US10Y
,,,-1.5887223092414549,,,0.182232346241458,4.398,,1782480186,2026-06-26T13:23:06Z,TVC:US10Y
,,,-1.543969568136047,,,0.2277904328018377,4.4,,1782480358,2026-06-26T13:25:58Z,TVC:US10Y
,,,-1.4992168270306594,,,0.2733485193621972,4.402,,1782480536,2026-06-26T13:28:56Z,TVC:US10Y
,,,-1.5887223092414549,,,0.182232346241458,4.398,,1782480718,2026-06-26T13:31:58Z,TVC:US10Y
,,,-1.5887223092414549,,,0.182232346241458,4.398,,1782480899,2026-06-26T13:34:59Z,TVC:US10Y
,,,-1.6782277914522303,,,0.0911161731207391,4.394,,1782481092,2026-06-26T13:38:12Z,TVC:US10Y
,,,-1.7229805325576182,,,0.0455580865603796,4.392,,1782481259,2026-06-26T13:40:59Z,TVC:US10Y
,,,-1.7677332736630258,,,0.0,4.39,,1782481441,2026-06-26T13:44:01Z,TVC:US10Y
,,,-1.7677332736630258,,,0.0,4.39,,1782481610,2026-06-26T13:46:50Z,TVC:US10Y
,,,-1.8124860147684128,,,-0.0455580865603594,4.388,,1782481807,2026-06-26T13:50:07Z,TVC:US10Y
,,,-1.8572387558738013,,,-0.0911161731207189,4.386,,1782481985,2026-06-26T13:53:05Z,TVC:US10Y
,,,-1.8572387558738013,,,-0.0911161731207189,4.386,,1782482163,2026-06-26T13:56:03Z,TVC:US10Y
,,,-1.8572387558738013,,,-0.0911161731207189,4.386,,1782482339,2026-06-26T13:58:59Z,TVC:US10Y
,,,-1.8572387558738013,,,-0.0911161731207189,4.386,,1782482523,2026-06-26T14:02:03Z,TVC:US10Y
,,,-1.9467442380845967,,,-0.182232346241458,4.382,,1782482701,2026-06-26T14:05:01Z,TVC:US10Y
,,,-1.9467442380845967,,,-0.182232346241458,4.382,,1782482878,2026-06-26T14:07:58Z,TVC:US10Y
,,,-1.901991496979189,,,-0.1366742596810783,4.384,,1782483065,2026-06-26T14:11:05Z,TVC:US10Y
,,,-1.8572387558738013,,,-0.0911161731207189,4.386,,1782483241,2026-06-26T14:14:01Z,TVC:US10Y
,,,-1.9467442380845967,,,-0.182232346241458,4.382,,1782483419,2026-06-26T14:16:59Z,TVC:US10Y
,,,-1.9467442380845967,,,-0.182232346241458,4.382,,1782483598,2026-06-26T14:19:58Z,TVC:US10Y
,,,-1.9467442380845967,,,-0.182232346241458,4.382,,1782483784,2026-06-26T14:23:04Z,TVC:US10Y
,,,-1.9467442380845967,,,-0.182232346241458,4.382,,1782483957,2026-06-26T14:25:57Z,TVC:US10Y
,,,-1.9467442380845967,,,-0.182232346241458,4.382,,1782484141,2026-06-26T14:29:01Z,TVC:US10Y
,,,-1.9467442380845967,,,-0.182232346241458,4.382,,1782484323,2026-06-26T14:32:03Z,TVC:US10Y
,,,-1.9467442380845967,,,-0.182232346241458,4.382,,1782484495,2026-06-26T14:34:55Z,TVC:US10Y
,,,-1.9467442380845967,,,-0.182232346241458,4.382,,1782484675,2026-06-26T14:37:55Z,TVC:US10Y
,,,-2.0362497202953724,,,-0.2733485193621769,4.378,,1782484860,2026-06-26T14:41:00Z,TVC:US10Y
,,,-1.9467442380845967,,,-0.182232346241458,4.382,,1782485045,2026-06-26T14:44:05Z,TVC:US10Y
,,,-2.0362497202953724,,,-0.2733485193621769,4.378,,1782485220,2026-06-26T14:47:00Z,TVC:US10Y
,,,-2.19288431416424,,,-0.4328018223234451,4.371,,1782485402,2026-06-26T14:50:02Z,TVC:US10Y
,,,-2.125755202506168,,,-0.3644646924829161,4.374,,1782485584,2026-06-26T14:53:04Z,TVC:US10Y
,,,-2.125755202506168,,,-0.3644646924829161,4.374,,1782485765,2026-06-26T14:56:05Z,TVC:US10Y
,,,-2.08100246140076,,,-0.3189066059225364,4.376,,1782485935,2026-06-26T14:58:55Z,TVC:US10Y
,,,-2.170507943611556,,,-0.4100227790432755,4.372,,1782486123,2026-06-26T15:02:03Z,TVC:US10Y
,,,-2.125755202506168,,,-0.3644646924829161,4.374,,1782486301,2026-06-26T15:05:01Z,TVC:US10Y
,,,-2.125755202506168,,,-0.3644646924829161,4.374,,1782486489,2026-06-26T15:08:09Z,TVC:US10Y
,,,-2.19288431416424,,,-0.4328018223234451,4.371,,1782486660,2026-06-26T15:11:00Z,TVC:US10Y
,,,-2.19288431416424,,,-0.4328018223234451,4.371,,1782486829,2026-06-26T15:13:49Z,TVC:US10Y
,,,-2.19288431416424,,,-0.4100227790432755,4.372,,1782487018,2026-06-26T15:16:58Z,TVC:US10Y
,,,-2.19288431416424,,,-0.4328018223234451,4.371,,1782487196,2026-06-26T15:19:56Z,TVC:US10Y
,,,-2.19288431416424,,,-0.4328018223234451,4.371,,1782487378,2026-06-26T15:22:58Z,TVC:US10Y
,,,-2.19288431416424,,,-0.4328018223234451,4.371,,1782487563,2026-06-26T15:26:03Z,TVC:US10Y
,,,-2.19288431416424,,,-0.4328018223234451,4.371,,1782487746,2026-06-26T15:29:06Z,TVC:US10Y
,,,-2.237637055269647,,,-0.4783599088838248,4.369,,1782487908,2026-06-26T15:31:48Z,TVC:US10Y
,,,-2.237637055269647,,,-0.4783599088838248,4.369,,1782488102,2026-06-26T15:35:02Z,TVC:US10Y
,,,-2.19288431416424,,,-0.4328018223234451,4.371,,1782488283,2026-06-26T15:38:03Z,TVC:US10Y
,,,-2.282389796375035,,,-0.5239179954441843,4.367,,1782488464,2026-06-26T15:41:04Z,TVC:US10Y
,,,-2.19288431416424,,,-0.4328018223234451,4.371,,1782488639,2026-06-26T15:43:59Z,TVC:US10Y
,,,-2.19288431416424,,,-0.4328018223234451,4.371,,1782488817,2026-06-26T15:46:57Z,TVC:US10Y
,,,-2.19288431416424,,,-0.4328018223234451,4.371,,1782488990,2026-06-26T15:49:50Z,TVC:US10Y
,,,-2.0362497202953724,,,-0.2733485193621769,4.378,,1782489183,2026-06-26T15:53:03Z,TVC:US10Y
,,,-2.0362497202953724,,,-0.2733485193621769,4.378,,1782489368,2026-06-26T15:56:08Z,TVC:US10Y
,,,-2.08100246140076,,,-0.3189066059225364,4.376,,1782489537,2026-06-26T15:58:57Z,TVC:US10Y
,,,-2.125755202506168,,,-0.3644646924829161,4.374,,1782489716,2026-06-26T16:01:56Z,TVC:US10Y
,,,-2.08100246140076,,,-0.3189066059225364,4.376,,1782489901,2026-06-26T16:05:01Z,TVC:US10Y
,,,-2.125755202506168,,,-0.3644646924829161,4.374,,1782490081,2026-06-26T16:08:01Z,TVC:US10Y
,,,-2.0362497202953724,,,-0.2733485193621769,4.378,,1782490257,2026-06-26T16:10:57Z,TVC:US10Y
,,,-2.125755202506168,,,-0.3644646924829161,4.374,,1782490445,2026-06-26T16:14:05Z,TVC:US10Y
,,,-2.0362497202953724,,,-0.2733485193621769,4.378,,1782490624,2026-06-26T16:17:04Z,TVC:US10Y
,,,-2.0362497202953724,,,-0.2733485193621769,4.378,,1782490802,2026-06-26T16:20:02Z,TVC:US10Y
,,,-2.0362497202953724,,,-0.2733485193621769,4.378,,1782490978,2026-06-26T16:22:58Z,TVC:US10Y
,,,-2.0362497202953724,,,-0.2733485193621769,4.378,,1782491168,2026-06-26T16:26:08Z,TVC:US10Y
,,,-2.0362497202953724,,,-0.2733485193621769,4.378,,1782491339,2026-06-26T16:28:59Z,TVC:US10Y
,,,-2.08100246140076,,,-0.3189066059225364,4.376,,1782491521,2026-06-26T16:32:01Z,TVC:US10Y
,,,-2.19288431416424,,,-0.4328018223234451,4.371,,1782491696,2026-06-26T16:34:56Z,TVC:US10Y
,,,-2.125755202506168,,,-0.3644646924829161,4.374,,1782491879,2026-06-26T16:37:59Z,TVC:US10Y
,,,-2.170507943611556,,,-0.4100227790432755,4.372,,1782492064,2026-06-26T16:41:04Z,TVC:US10Y
,,,-2.125755202506168,,,-0.3644646924829161,4.374,,1782492234,2026-06-26T16:43:54Z,TVC:US10Y
,,,-2.125755202506168,,,-0.3644646924829161,4.374,,1782492429,2026-06-26T16:47:09Z,TVC:US10Y
,,,-2.125755202506168,,,-0.3644646924829161,4.374,,1782492600,2026-06-26T16:50:00Z,TVC:US10Y
,,,-2.125755202506168,,,-0.3644646924829161,4.374,,1782492784,2026-06-26T16:53:04Z,TVC:US10Y
,,,-2.170507943611556,,,-0.4100227790432755,4.372,,1782492960,2026-06-26T16:56:00Z,TVC:US10Y
,,,-2.170507943611556,,,-0.4100227790432755,4.372,,1782493149,2026-06-26T16:59:09Z,TVC:US10Y
,,,-2.19288431416424,,,-0.4328018223234451,4.371,,1782493319,2026-06-26T17:01:59Z,TVC:US10Y
,,,-2.19288431416424,,,-0.4328018223234451,4.371,,1782493500,2026-06-26T17:05:00Z,TVC:US10Y
,,,-2.19288431416424,,,-0.4328018223234451,4.371,,1782493682,2026-06-26T17:08:02Z,TVC:US10Y
,,,-2.19288431416424,,,-0.4328018223234451,4.371,,1782493857,2026-06-26T17:10:57Z,TVC:US10Y
,,,-2.125755202506168,,,-0.3644646924829161,4.374,,1782494038,2026-06-26T17:13:58Z,TVC:US10Y
,,,-2.170507943611556,,,-0.4100227790432755,4.372,,1782494219,2026-06-26T17:16:59Z,TVC:US10Y
,,,-2.170507943611556,,,-0.4100227790432755,4.372,,1782494402,2026-06-26T17:20:02Z,TVC:US10Y
,,,-2.125755202506168,,,-0.3644646924829161,4.374,,1782494581,2026-06-26T17:23:01Z,TVC:US10Y
,,,-2.125755202506168,,,-0.3644646924829161,4.374,,1782494756,2026-06-26T17:25:56Z,TVC:US10Y
,,,-2.125755202506168,,,-0.3644646924829161,4.374,,1782494934,2026-06-26T17:28:54Z,TVC:US10Y
,,,-2.08100246140076,,,-0.3189066059225364,4.376,,1782495121,2026-06-26T17:32:01Z,TVC:US10Y
,,,-2.0362497202953724,,,-0.2733485193621769,4.378,,1782495292,2026-06-26T17:34:52Z,TVC:US10Y
,,,-2.0362497202953724,,,-0.2733485193621769,4.378,,1782495483,2026-06-26T17:38:03Z,TVC:US10Y
,,,-2.0362497202953724,,,-0.2733485193621769,4.378,,1782495660,2026-06-26T17:41:00Z,TVC:US10Y
,,,-2.125755202506168,,,-0.3644646924829161,4.374,,1782495841,2026-06-26T17:44:01Z,TVC:US10Y
,,,-2.125755202506168,,,-0.3644646924829161,4.374,,1782496024,2026-06-26T17:47:04Z,TVC:US10Y
,,,-2.125755202506168,,,-0.3644646924829161,4.374,,1782496205,2026-06-26T17:50:05Z,TVC:US10Y
,,,-2.170507943611556,,,-0.4100227790432755,4.372,,1782496379,2026-06-26T17:52:59Z,TVC:US10Y
,,,-2.125755202506168,,,-0.3644646924829161,4.374,,1782496565,2026-06-26T17:56:05Z,TVC:US10Y
,,,-2.08100246140076,,,-0.3189066059225364,4.376,,1782496739,2026-06-26T17:58:59Z,TVC:US10Y
,,,-2.125755202506168,,,-0.3644646924829161,4.374,,1782496922,2026-06-26T18:02:02Z,TVC:US10Y
,,,-2.125755202506168,,,-0.3644646924829161,4.374,,1782497097,2026-06-26T18:04:57Z,TVC:US10Y
,,,-2.125755202506168,,,-0.3644646924829161,4.374,,1782497274,2026-06-26T18:07:54Z,TVC:US10Y
,,,-2.125755202506168,,,-0.3644646924829161,4.374,,1782497454,2026-06-26T18:10:54Z,TVC:US10Y
,,,-2.125755202506168,,,-0.3644646924829161,4.374,,1782497636,2026-06-26T18:13:56Z,TVC:US10Y
,,,-2.125755202506168,,,-0.3644646924829161,4.374,,1782497823,2026-06-26T18:17:03Z,TVC:US10Y
,,,-2.125755202506168,,,-0.3644646924829161,4.374,,1782498004,2026-06-26T18:20:04Z,TVC:US10Y
,,,-2.125755202506168,,,-0.3644646924829161,4.374,,1782498182,2026-06-26T18:23:02Z,TVC:US10Y
,,,-2.125755202506168,,,-0.3644646924829161,4.374,,1782498355,2026-06-26T18:25:55Z,TVC:US10Y
,,,-2.125755202506168,,,-0.3644646924829161,4.374,,1782498535,2026-06-26T18:28:55Z,TVC:US10Y
,,,-2.170507943611556,,,-0.4100227790432755,4.372,,1782498717,2026-06-26T18:31:57Z,TVC:US10Y
,,,-2.19288431416424,,,-0.4328018223234451,4.371,,1782498895,2026-06-26T18:34:55Z,TVC:US10Y
,,,-2.19288431416424,,,-0.4328018223234451,4.371,,1782499074,2026-06-26T18:37:54Z,TVC:US10Y
,,,-2.19288431416424,,,-0.4328018223234451,4.371,,1782499261,2026-06-26T18:41:01Z,TVC:US10Y
,,,-2.19288431416424,,,-0.4328018223234451,4.371,,1782499443,2026-06-26T18:44:03Z,TVC:US10Y
,,,-2.19288431416424,,,-0.4328018223234451,4.371,,1782499620,2026-06-26T18:47:00Z,TVC:US10Y
,,,-2.125755202506168,,,-0.3644646924829161,4.374,,1782499790,2026-06-26T18:49:50Z,TVC:US10Y
,,,-2.125755202506168,,,-0.3644646924829161,4.374,,1782499982,2026-06-26T18:53:02Z,TVC:US10Y
,,,-2.08100246140076,,,-0.3189066059225364,4.376,,1782500163,2026-06-26T18:56:03Z,TVC:US10Y
,,,-2.170507943611556,,,-0.4100227790432755,4.372,,1782500337,2026-06-26T18:58:57Z,TVC:US10Y
,,,-2.125755202506168,,,-0.3644646924829161,4.374,,1782500526,2026-06-26T19:02:06Z,TVC:US10Y
,,,-2.125755202506168,,,-0.3644646924829161,4.374,,1782500699,2026-06-26T19:04:59Z,TVC:US10Y
,,,-2.125755202506168,,,-0.3644646924829161,4.374,,1782500877,2026-06-26T19:07:57Z,TVC:US10Y
,,,-2.125755202506168,,,-0.3644646924829161,4.374,,1782501055,2026-06-26T19:10:55Z,TVC:US10Y
,,,-2.125755202506168,,,-0.3644646924829161,4.374,,1782501243,2026-06-26T19:14:03Z,TVC:US10Y
,,,-2.125755202506168,,,-0.3644646924829161,4.374,,1782501420,2026-06-26T19:17:00Z,TVC:US10Y
,,,-2.170507943611556,,,-0.4100227790432755,4.372,,1782501598,2026-06-26T19:19:58Z,TVC:US10Y
,,,-2.170507943611556,,,-0.4100227790432755,4.372,,1782501783,2026-06-26T19:23:03Z,TVC:US10Y
,,,-2.170507943611556,,,-0.4100227790432755,4.372,,1782501965,2026-06-26T19:26:05Z,TVC:US10Y
,,,-2.170507943611556,,,-0.4100227790432755,4.372,,1782502141,2026-06-26T19:29:01Z,TVC:US10Y
,,,-2.125755202506168,,,-0.3644646924829161,4.374,,1782502321,2026-06-26T19:32:01Z,TVC:US10Y
,,,-2.170507943611556,,,-0.4100227790432755,4.372,,1782502507,2026-06-26T19:35:07Z,TVC:US10Y
,,,-2.125755202506168,,,-0.3644646924829161,4.374,,1782502682,2026-06-26T19:38:02Z,TVC:US10Y
,,,-2.125755202506168,,,-0.3644646924829161,4.374,,1782502863,2026-06-26T19:41:03Z,TVC:US10Y
,,,-2.125755202506168,,,-0.3644646924829161,4.374,,1782503038,2026-06-26T19:43:58Z,TVC:US10Y
,,,-2.125755202506168,,,-0.3644646924829161,4.374,,1782503217,2026-06-26T19:46:57Z,TVC:US10Y
,,,-2.125755202506168,,,-0.3644646924829161,4.374,,1782503395,2026-06-26T19:49:55Z,TVC:US10Y
,,,-2.170507943611556,,,-0.4100227790432755,4.372,,1782503581,2026-06-26T19:53:01Z,TVC:US10Y
,,,-2.125755202506168,,,-0.3644646924829161,4.374,,1782503770,2026-06-26T19:56:10Z,TVC:US10Y
,,,-2.125755202506168,,,-0.3644646924829161,4.374,,1782503940,2026-06-26T19:59:00Z,TVC:US10Y
,,,-2.125755202506168,,,-0.3644646924829161,4.374,,1782504121,2026-06-26T20:02:01Z,TVC:US10Y
,,,-2.125755202506168,,,-0.3644646924829161,4.374,,1782504305,2026-06-26T20:05:05Z,TVC:US10Y
,,,-2.125755202506168,,,-0.3644646924829161,4.374,,1782504479,2026-06-26T20:07:59Z,TVC:US10Y
,,,-2.19288431416424,,,-0.4328018223234451,4.371,,1782504661,2026-06-26T20:11:01Z,TVC:US10Y
,,,-2.19288431416424,,,-0.4328018223234451,4.371,,1782504842,2026-06-26T20:14:02Z,TVC:US10Y
,,,-2.19288431416424,,,-0.4328018223234451,4.371,,1782505021,2026-06-26T20:17:01Z,TVC:US10Y
,,,-2.19288431416424,,,-0.4328018223234451,4.371,,1782505201,2026-06-26T20:20:01Z,TVC:US10Y
,,,-2.19288431416424,,,-0.4328018223234451,4.371,,1782505381,2026-06-26T20:23:01Z,TVC:US10Y
,,,-2.125755202506168,,,-0.3644646924829161,4.374,,1782505564,2026-06-26T20:26:04Z,TVC:US10Y
,,,-2.125755202506168,,,-0.3644646924829161,4.374,,1782505738,2026-06-26T20:28:58Z,TVC:US10Y
,,,-2.125755202506168,,,-0.3644646924829161,4.374,,1782505925,2026-06-26T20:32:05Z,TVC:US10Y
,,,-2.0362497202953724,,,-0.2733485193621769,4.378,,1782506105,2026-06-26T20:35:05Z,TVC:US10Y
,,,-1.9914969791899844,,,-0.2277904328018175,4.38,,1782506285,2026-06-26T20:38:05Z,TVC:US10Y
,,,-2.0362497202953724,,,-0.2733485193621769,4.378,,1782506463,2026-06-26T20:41:03Z,TVC:US10Y
,,,-2.0362497202953724,,,-0.2733485193621769,4.378,,1782506641,2026-06-26T20:44:01Z,TVC:US10Y
,,,-2.08100246140076,,,-0.3189066059225364,4.376,,1782506818,2026-06-26T20:46:58Z,TVC:US10Y
,,,-2.125755202506168,,,-0.3644646924829161,4.374,,1782507000,2026-06-26T20:50:00Z,TVC:US10Y
,,,-2.08100246140076,,,-0.3189066059225364,4.376,,1782507176,2026-06-26T20:52:56Z,TVC:US10Y
,,,-2.125755202506168,,,-0.3644646924829161,4.374,,1782507361,2026-06-26T20:56:01Z,TVC:US10Y
,,,-2.125755202506168,,,-0.3644646924829161,4.374,,1782507540,2026-06-26T20:59:00Z,TVC:US10Y
,,,-2.19288431416424,,,-0.4328018223234451,4.371,,1782507718,2026-06-26T21:01:58Z,TVC:US10Y
,,,-2.19288431416424,,,-0.4328018223234451,4.371,,1782507898,2026-06-26T21:04:58Z,TVC:US10Y
,,,-2.08100246140076,,,-0.3189066059225364,4.376,,1782508082,2026-06-26T21:08:02Z,TVC:US10Y
,,,-2.08100246140076,,,-0.3189066059225364,4.376,,1782508257,2026-06-26T21:10:57Z,TVC:US10Y
,,,-2.08100246140076,,,-0.3189066059225364,4.376,,1782508439,2026-06-26T21:13:59Z,TVC:US10Y
,,,-2.08100246140076,,,-0.3189066059225364,4.376,,1782508624,2026-06-26T21:17:04Z,TVC:US10Y
,,,-2.08100246140076,,,-0.3189066059225364,4.376,,1782508805,2026-06-26T21:20:05Z,TVC:US10Y
,,,-2.08100246140076,,,-0.3189066059225364,4.376,,1782508983,2026-06-26T21:23:03Z,TVC:US10Y
,,,-2.08100246140076,,,-0.3189066059225364,4.376,,1782509169,2026-06-26T21:26:09Z,TVC:US10Y
,,,-2.08100246140076,,,-0.3189066059225364,4.376,,1782509332,2026-06-26T21:28:52Z,TVC:US10Y
,,,-2.08100246140076,,,-0.3189066059225364,4.376,,1782509511,2026-06-26T21:31:51Z,TVC:US10Y
,,,-2.08100246140076,,,-0.3189066059225364,4.376,,1782509696,2026-06-26T21:34:56Z,TVC:US10Y
,,,-2.08100246140076,,,-0.3189066059225364,4.376,,1782509880,2026-06-26T21:38:00Z,TVC:US10Y
,,,-2.08100246140076,,,-0.3189066059225364,4.376,,1782510057,2026-06-26T21:40:57Z,TVC:US10Y
,,,-2.08100246140076,,,-0.3189066059225364,4.376,,1782510240,2026-06-26T21:44:00Z,TVC:US10Y
,,,-2.08100246140076,,,-0.3189066059225364,4.376,,1782510417,2026-06-26T21:46:57Z,TVC:US10Y
,,,-2.08100246140076,,,-0.3189066059225364,4.376,,1782510598,2026-06-26T21:49:58Z,TVC:US10Y
,,,-2.08100246140076,,,-0.3189066059225364,4.376,,1782510780,2026-06-26T21:53:00Z,TVC:US10Y
,,,-2.08100246140076,,,-0.3189066059225364,4.376,,1782510960,2026-06-26T21:56:00Z,TVC:US10Y
,,,-2.08100246140076,,,-0.3189066059225364,4.376,,1782511133,2026-06-26T21:58:53Z,TVC:US10Y
,,,-2.7315123251165936,,,0.0914076782449625,4.38,,1782751078,2026-06-29T16:37:58Z,TVC:US10Y
,,,-2.687097490561857,,,0.1371115173674437,4.382,,1782751259,2026-06-29T16:40:59Z,TVC:US10Y
,,,-2.7315123251165936,,,0.0914076782449625,4.38,,1782751437,2026-06-29T16:43:57Z,TVC:US10Y
,,,-2.77592715967133,,,0.0457038391224812,4.378,,1782751620,2026-06-29T16:47:00Z,TVC:US10Y
,,,-2.77592715967133,,,0.0457038391224812,4.378,,1782751803,2026-06-29T16:50:03Z,TVC:US10Y
,,,-2.77592715967133,,,0.0457038391224812,4.378,,1782751993,2026-06-29T16:53:13Z,TVC:US10Y
,,,-2.77592715967133,,,0.0457038391224812,4.378,,1782752156,2026-06-29T16:55:56Z,TVC:US10Y
,,,-2.77592715967133,,,0.0457038391224812,4.378,,1782752339,2026-06-29T16:58:59Z,TVC:US10Y
,,,-2.77592715967133,,,0.0457038391224812,4.378,,1782752524,2026-06-29T17:02:04Z,TVC:US10Y
,,,-2.8203419942260664,,,0.0,4.376,,1782752706,2026-06-29T17:05:06Z,TVC:US10Y
,,,-2.77592715967133,,,0.0457038391224812,4.378,,1782752879,2026-06-29T17:07:59Z,TVC:US10Y
,,,-2.77592715967133,,,0.0457038391224812,4.378,,1782753061,2026-06-29T17:11:01Z,TVC:US10Y
,,,-2.77592715967133,,,0.0457038391224812,4.378,,1782753254,2026-06-29T17:14:14Z,TVC:US10Y
,,,-2.8647568287808225,,,-0.0457038391225015,4.374,,1782753420,2026-06-29T17:17:00Z,TVC:US10Y
,,,-2.8647568287808225,,,-0.0457038391225015,4.374,,1782753599,2026-06-29T17:19:59Z,TVC:US10Y
,,,-2.8203419942260664,,,0.0,4.376,,1782753787,2026-06-29T17:23:07Z,TVC:US10Y
,,,-2.77592715967133,,,0.0457038391224812,4.378,,1782753966,2026-06-29T17:26:06Z,TVC:US10Y
,,,-2.7315123251165936,,,0.0914076782449625,4.38,,1782754145,2026-06-29T17:29:05Z,TVC:US10Y
,,,-2.77592715967133,,,0.0457038391224812,4.378,,1782754322,2026-06-29T17:32:02Z,TVC:US10Y
,,,-2.8647568287808225,,,-0.0457038391225015,4.374,,1782754498,2026-06-29T17:34:58Z,TVC:US10Y
,,,-2.9313790806129174,,,-0.1142595978062132,4.371,,1782754677,2026-06-29T17:37:57Z,TVC:US10Y
,,,-2.9313790806129174,,,-0.1142595978062132,4.371,,1782754863,2026-06-29T17:41:03Z,TVC:US10Y
,,,-2.9313790806129174,,,-0.1142595978062132,4.371,,1782755039,2026-06-29T17:43:59Z,TVC:US10Y
,,,-2.9313790806129174,,,-0.1142595978062132,4.371,,1782755225,2026-06-29T17:47:05Z,TVC:US10Y
,,,-2.9313790806129174,,,-0.1142595978062132,4.371,,1782755403,2026-06-29T17:50:03Z,TVC:US10Y
,,,-2.8647568287808225,,,-0.0457038391225015,4.374,,1782755597,2026-06-29T17:53:17Z,TVC:US10Y
,,,-2.8647568287808225,,,-0.0457038391225015,4.374,,1782755767,2026-06-29T17:56:07Z,TVC:US10Y
,,,-2.8647568287808225,,,-0.0457038391225015,4.374,,1782755952,2026-06-29T17:59:12Z,TVC:US10Y
,,,-2.77592715967133,,,0.0457038391224812,4.378,,1782756122,2026-06-29T18:02:02Z,TVC:US10Y
,,,-2.8647568287808225,,,-0.0457038391225015,4.374,,1782756299,2026-06-29T18:04:59Z,TVC:US10Y
,,,-2.8647568287808225,,,-0.0457038391225015,4.374,,1782756476,2026-06-29T18:07:56Z,TVC:US10Y
,,,-2.77592715967133,,,0.0457038391224812,4.378,,1782756662,2026-06-29T18:11:02Z,TVC:US10Y
,,,-2.77592715967133,,,0.0457038391224812,4.378,,1782756843,2026-06-29T18:14:03Z,TVC:US10Y
,,,-2.8647568287808225,,,-0.0457038391225015,4.374,,1782757027,2026-06-29T18:17:07Z,TVC:US10Y
,,,-2.8647568287808225,,,-0.0457038391225015,4.374,,1782757204,2026-06-29T18:20:04Z,TVC:US10Y
,,,-2.77592715967133,,,0.0457038391224812,4.378,,1782757378,2026-06-29T18:22:58Z,TVC:US10Y
,,,-2.77592715967133,,,0.0457038391224812,4.378,,1782757569,2026-06-29T18:26:09Z,TVC:US10Y
,,,-2.7315123251165936,,,0.0914076782449625,4.38,,1782757745,2026-06-29T18:29:05Z,TVC:US10Y
,,,-2.687097490561857,,,0.1371115173674437,4.382,,1782757924,2026-06-29T18:32:04Z,TVC:US10Y
,,,-2.77592715967133,,,0.0457038391224812,4.378,,1782758107,2026-06-29T18:35:07Z,TVC:US10Y
,,,-2.77592715967133,,,0.0457038391224812,4.378,,1782758281,2026-06-29T18:38:01Z,TVC:US10Y
,,,-2.77592715967133,,,0.0457038391224812,4.378,,1782758470,2026-06-29T18:41:10Z,TVC:US10Y
,,,-2.7315123251165936,,,0.0914076782449625,4.38,,1782758639,2026-06-29T18:43:59Z,TVC:US10Y
,,,-2.7315123251165936,,,0.0914076782449625,4.38,,1782758821,2026-06-29T18:47:01Z,TVC:US10Y
,,,-2.77592715967133,,,0.0457038391224812,4.378,,1782758997,2026-06-29T18:49:57Z,TVC:US10Y
,,,-2.77592715967133,,,0.0457038391224812,4.378,,1782759178,2026-06-29T18:52:58Z,TVC:US10Y
,,,-2.77592715967133,,,0.0457038391224812,4.378,,1782759363,2026-06-29T18:56:03Z,TVC:US10Y
,,,-2.8203419942260664,,,0.0,4.376,,1782759537,2026-06-29T18:58:57Z,TVC:US10Y
,,,-2.909171663335559,,,-0.0914076782449828,4.372,,1782759722,2026-06-29T19:02:02Z,TVC:US10Y
,,,-2.8647568287808225,,,-0.0457038391225015,4.374,,1782759900,2026-06-29T19:05:00Z,TVC:US10Y
,,,-2.8647568287808225,,,-0.0457038391225015,4.374,,1782760086,2026-06-29T19:08:06Z,TVC:US10Y
,,,-2.8647568287808225,,,-0.0457038391225015,4.374,,1782760265,2026-06-29T19:11:05Z,TVC:US10Y
,,,-2.8203419942260664,,,0.0,4.376,,1782760438,2026-06-29T19:13:58Z,TVC:US10Y
,,,-2.8647568287808225,,,-0.0457038391225015,4.374,,1782760623,2026-06-29T19:17:03Z,TVC:US10Y
,,,-2.8647568287808225,,,-0.0457038391225015,4.374,,1782760794,2026-06-29T19:19:54Z,TVC:US10Y
,,,-2.8647568287808225,,,-0.0457038391225015,4.374,,1782760979,2026-06-29T19:22:59Z,TVC:US10Y
,,,-2.8647568287808225,,,-0.0457038391225015,4.374,,1782761162,2026-06-29T19:26:02Z,TVC:US10Y
,,,-2.8647568287808225,,,-0.0457038391225015,4.374,,1782761338,2026-06-29T19:28:58Z,TVC:US10Y
,,,-2.909171663335559,,,-0.0914076782449828,4.372,,1782761528,2026-06-29T19:32:08Z,TVC:US10Y
,,,-2.9313790806129174,,,-0.1142595978062132,4.371,,1782761700,2026-06-29T19:35:00Z,TVC:US10Y
,,,-2.9313790806129174,,,-0.1142595978062132,4.371,,1782761873,2026-06-29T19:37:53Z,TVC:US10Y
,,,-2.9757939151676736,,,-0.1599634369287148,4.369,,1782762055,2026-06-29T19:40:55Z,TVC:US10Y
,,,-3.0202087497224097,,,-0.205667276051196,4.367,,1782762230,2026-06-29T19:43:50Z,TVC:US10Y
,,,-3.0202087497224097,,,-0.205667276051196,4.367,,1782762416,2026-06-29T19:46:56Z,TVC:US10Y
,,,-2.9313790806129174,,,-0.1142595978062132,4.371,,1782762604,2026-06-29T19:50:04Z,TVC:US10Y
,,,-3.0202087497224097,,,-0.205667276051196,4.367,,1782762785,2026-06-29T19:53:05Z,TVC:US10Y
,,,-3.0202087497224097,,,-0.205667276051196,4.367,,1782762955,2026-06-29T19:55:55Z,TVC:US10Y
,,,-3.0646235842771463,,,-0.2513711151736773,4.365,,1782763136,2026-06-29T19:58:56Z,TVC:US10Y
,,,-2.9313790806129174,,,-0.1142595978062132,4.371,,1782763316,2026-06-29T20:01:56Z,TVC:US10Y
,,,-2.8647568287808225,,,-0.0457038391225015,4.374,,1782763504,2026-06-29T20:05:04Z,TVC:US10Y
,,,-2.8647568287808225,,,-0.0457038391225015,4.374,,1782763678,2026-06-29T20:07:58Z,TVC:US10Y
,,,-2.9313790806129174,,,-0.1142595978062132,4.371,,1782763858,2026-06-29T20:10:58Z,TVC:US10Y
,,,-2.8647568287808225,,,-0.0457038391225015,4.374,,1782764038,2026-06-29T20:13:58Z,TVC:US10Y
,,,-2.8647568287808225,,,-0.0457038391225015,4.374,,1782764223,2026-06-29T20:17:03Z,TVC:US10Y
,,,-2.8647568287808225,,,-0.0457038391225015,4.374,,1782764402,2026-06-29T20:20:02Z,TVC:US10Y
,,,-2.8647568287808225,,,-0.0457038391225015,4.374,,1782764586,2026-06-29T20:23:06Z,TVC:US10Y
,,,-2.8647568287808225,,,-0.0457038391225015,4.374,,1782764761,2026-06-29T20:26:01Z,TVC:US10Y
,,,-2.8647568287808225,,,-0.0457038391225015,4.374,,1782764946,2026-06-29T20:29:06Z,TVC:US10Y
,,,-2.8203419942260664,,,0.0,4.376,,1782765122,2026-06-29T20:32:02Z,TVC:US10Y
,,,-2.8203419942260664,,,0.0,4.376,,1782765297,2026-06-29T20:34:57Z,TVC:US10Y
,,,-2.77592715967133,,,0.0457038391224812,4.378,,1782765477,2026-06-29T20:37:57Z,TVC:US10Y
,,,-2.77592715967133,,,0.0457038391224812,4.378,,1782765669,2026-06-29T20:41:09Z,TVC:US10Y
,,,-2.77592715967133,,,0.0457038391224812,4.378,,1782765851,2026-06-29T20:44:11Z,TVC:US10Y
,,,-2.77592715967133,,,0.0457038391224812,4.378,,1782766029,2026-06-29T20:47:09Z,TVC:US10Y
,,,-2.77592715967133,,,0.0457038391224812,4.378,,1782766203,2026-06-29T20:50:03Z,TVC:US10Y
,,,-2.77592715967133,,,0.0457038391224812,4.378,,1782766382,2026-06-29T20:53:02Z,TVC:US10Y
,,,-2.8203419942260664,,,0.0,4.376,,1782766556,2026-06-29T20:55:56Z,TVC:US10Y
,,,-2.8647568287808225,,,-0.0457038391225015,4.374,,1782766741,2026-06-29T20:59:01Z,TVC:US10Y
,,,-2.77592715967133,,,0.0457038391224812,4.378,,1782766926,2026-06-29T21:02:06Z,TVC:US10Y
,,,-2.8203419942260664,,,0.0,4.376,,1782767096,2026-06-29T21:04:56Z,TVC:US10Y
,,,-2.8203419942260664,,,0.0,4.376,,1782767287,2026-06-29T21:08:07Z,TVC:US10Y
,,,-2.8203419942260664,,,0.0,4.376,,1782767466,2026-06-29T21:11:06Z,TVC:US10Y
,,,-2.8203419942260664,,,0.0,4.376,,1782767638,2026-06-29T21:13:58Z,TVC:US10Y
,,,-2.8203419942260664,,,0.0,4.376,,1782767825,2026-06-29T21:17:05Z,TVC:US10Y
,,,-2.8203419942260664,,,0.0,4.376,,1782767998,2026-06-29T21:19:58Z,TVC:US10Y
,,,-2.8203419942260664,,,0.0,4.376,,1782768181,2026-06-29T21:23:01Z,TVC:US10Y
,,,-2.8203419942260664,,,0.0,4.376,,1782768359,2026-06-29T21:25:59Z,TVC:US10Y
,,,-2.8203419942260664,,,0.0,4.376,,1782768537,2026-06-29T21:28:57Z,TVC:US10Y
,,,-2.8203419942260664,,,0.0,4.376,,1782768724,2026-06-29T21:32:04Z,TVC:US10Y
,,,-2.8203419942260664,,,0.0,4.376,,1782768901,2026-06-29T21:35:01Z,TVC:US10Y
,,,-2.8203419942260664,,,0.0,4.376,,1782769085,2026-06-29T21:38:05Z,TVC:US10Y
,,,-2.8203419942260664,,,0.0,4.376,,1782769257,2026-06-29T21:40:57Z,TVC:US10Y
,,,-2.8203419942260664,,,0.0,4.376,,1782769438,2026-06-29T21:43:58Z,TVC:US10Y
,,,-2.8203419942260664,,,0.0,4.376,,1782769620,2026-06-29T21:47:00Z,TVC:US10Y
,,,-2.8203419942260664,,,0.0,4.376,,1782769801,2026-06-29T21:50:01Z,TVC:US10Y
,,,-2.8203419942260664,,,0.0,4.376,,1782769984,2026-06-29T21:53:04Z,TVC:US10Y
,,,-2.8203419942260664,,,0.0,4.376,,1782770164,2026-06-29T21:56:04Z,TVC:US10Y
,,,-2.8203419942260664,,,0.0,4.376,,1782770343,2026-06-29T21:59:03Z,TVC:US10Y
,,,-2.8203419942260664,,,0.0,4.376,,1782770517,2026-06-29T22:01:57Z,TVC:US10Y
,,,-2.8203419942260664,,,0.0,4.376,,1782770709,2026-06-29T22:05:09Z,TVC:US10Y
,,,-2.8203419942260664,,,0.0,4.376,,1782770886,2026-06-29T22:08:06Z,TVC:US10Y
,,,-2.8203419942260664,,,0.0,4.376,,1782771054,2026-06-29T22:10:54Z,TVC:US10Y
,,,-2.8203419942260664,,,0.0,4.376,,1782771244,2026-06-29T22:14:04Z,TVC:US10Y
,,,-2.8203419942260664,,,0.0,4.376,,1782771422,2026-06-29T22:17:02Z,TVC:US10Y
,,,-2.8203419942260664,,,0.0,4.376,,1782771600,2026-06-29T22:20:00Z,TVC:US10Y
,,,-2.8203419942260664,,,0.0,4.376,,1782771781,2026-06-29T22:23:01Z,TVC:US10Y
,,,-2.8203419942260664,,,0.0,4.376,,1782771960,2026-06-29T22:26:00Z,TVC:US10Y
,,,-2.8203419942260664,,,0.0,4.376,,1782772141,2026-06-29T22:29:01Z,TVC:US10Y
,,,-2.8203419942260664,,,0.0,4.376,,1782772321,2026-06-29T22:32:01Z,TVC:US10Y
,,,-2.8203419942260664,,,0.0,4.376,,1782772496,2026-06-29T22:34:56Z,TVC:US10Y
,,,-2.8203419942260664,,,0.0,4.376,,1782772682,2026-06-29T22:38:02Z,TVC:US10Y
,,,-2.8203419942260664,,,0.0,4.376,,1782772856,2026-06-29T22:40:56Z,TVC:US10Y
,,,-2.8203419942260664,,,0.0,4.376,,1782773036,2026-06-29T22:43:56Z,TVC:US10Y
,,,-2.8203419942260664,,,0.0,4.376,,1782773219,2026-06-29T22:46:59Z,TVC:US10Y
,,,-2.8203419942260664,,,0.0,4.376,,1782773406,2026-06-29T22:50:06Z,TVC:US10Y
,,,-2.8203419942260664,,,0.0,4.376,,1782773582,2026-06-29T22:53:02Z,TVC:US10Y
,,,-2.8203419942260664,,,0.0,4.376,,1782773763,2026-06-29T22:56:03Z,TVC:US10Y
,,,-2.8203419942260664,,,0.0,4.376,,1782773943,2026-06-29T22:59:03Z,TVC:US10Y
,,,-2.8203419942260664,,,0.0,4.376,,1782774121,2026-06-29T23:02:01Z,TVC:US10Y
,,,-2.8203419942260664,,,0.0,4.376,,1782774301,2026-06-29T23:05:01Z,TVC:US10Y
,,,-2.8203419942260664,,,0.0,4.376,,1782774482,2026-06-29T23:08:02Z,TVC:US10Y
,,,-2.8203419942260664,,,0.0,4.376,,1782774665,2026-06-29T23:11:05Z,TVC:US10Y
,,,-2.8203419942260664,,,0.0,4.376,,1782774847,2026-06-29T23:14:07Z,TVC:US10Y
,,,-2.8203419942260664,,,0.0,4.376,,1782775020,2026-06-29T23:17:00Z,TVC:US10Y
,,,-2.8203419942260664,,,0.0,4.376,,1782775198,2026-06-29T23:19:58Z,TVC:US10Y
,,,-2.8203419942260664,,,0.0,4.376,,1782775383,2026-06-29T23:23:03Z,TVC:US10Y
,,,-2.8203419942260664,,,0.0,4.376,,1782775558,2026-06-29T23:25:58Z,TVC:US10Y
,,,-2.8203419942260664,,,0.0,4.376,,1782775739,2026-06-29T23:28:59Z,TVC:US10Y
,,,-2.8203419942260664,,,0.0,4.376,,1782775927,2026-06-29T23:32:07Z,TVC:US10Y
,,,-2.8203419942260664,,,0.0,4.376,,1782776101,2026-06-29T23:35:01Z,TVC:US10Y
,,,-2.8203419942260664,,,0.0,4.376,,1782776284,2026-06-29T23:38:04Z,TVC:US10Y
,,,-2.8203419942260664,,,0.0,4.376,,1782776468,2026-06-29T23:41:08Z,TVC:US10Y
,,,-2.8203419942260664,,,0.0,4.376,,1782776642,2026-06-29T23:44:02Z,TVC:US10Y
,,,-2.8203419942260664,,,0.0,4.376,,1782776825,2026-06-29T23:47:05Z,TVC:US10Y
,,,-2.8203419942260664,,,0.0,4.376,,1782777003,2026-06-29T23:50:03Z,TVC:US10Y
,,,-2.8203419942260664,,,0.0,4.376,,1782777189,2026-06-29T23:53:09Z,TVC:US10Y
,,,-2.8203419942260664,,,0.0,4.376,,1782777363,2026-06-29T23:56:03Z,TVC:US10Y
,,,-2.8203419942260664,,,0.0,4.376,,1782777543,2026-06-29T23:59:03Z,TVC:US10Y
,,,-2.8203419942260664,,,0.0,4.376,,1782777724,2026-06-30T00:02:04Z,TVC:US10Y
,,,-2.8203419942260664,,,0.0,4.376,,1782777899,2026-06-30T00:04:59Z,TVC:US10Y
,,,-2.994011976047919,,,-0.0457038391225015,4.374,,1782778082,2026-06-30T00:08:02Z,TVC:US10Y
,,,-2.994011976047919,,,-0.0457038391225015,4.374,,1782778265,2026-06-30T00:11:05Z,TVC:US10Y
,,,-2.905300510090934,,,0.0457038391224812,4.378,,1782778440,2026-06-30T00:14:00Z,TVC:US10Y
,,,-2.905300510090934,,,0.0457038391224812,4.378,,1782778627,2026-06-30T00:17:07Z,TVC:US10Y
,,,-2.905300510090934,,,0.0457038391224812,4.378,,1782778802,2026-06-30T00:20:02Z,TVC:US10Y
,,,-2.905300510090934,,,0.0457038391224812,4.378,,1782778978,2026-06-30T00:22:58Z,TVC:US10Y
,,,-2.905300510090934,,,0.0457038391224812,4.378,,1782779151,2026-06-30T00:25:51Z,TVC:US10Y
,,,-2.905300510090934,,,0.0457038391224812,4.378,,1782779393,2026-06-30T00:29:53Z,TVC:US10Y
,,,-2.994011976047919,,,-0.0457038391225015,4.374,,1782779516,2026-06-30T00:31:56Z,TVC:US10Y
,,,-2.994011976047919,,,-0.0457038391225015,4.374,,1782779708,2026-06-30T00:35:08Z,TVC:US10Y
,,,-2.994011976047919,,,-0.0457038391225015,4.374,,1782779881,2026-06-30T00:38:01Z,TVC:US10Y
,,,-2.9496562430694167,,,0.0,4.376,,1782780061,2026-06-30T00:41:01Z,TVC:US10Y
,,,-2.994011976047919,,,-0.0457038391225015,4.374,,1782780237,2026-06-30T00:43:57Z,TVC:US10Y
,,,-2.994011976047919,,,-0.0457038391225015,4.374,,1782780429,2026-06-30T00:47:09Z,TVC:US10Y
,,,-2.994011976047919,,,-0.0457038391225015,4.374,,1782780609,2026-06-30T00:50:09Z,TVC:US10Y
,,,-2.994011976047919,,,-0.0457038391225015,4.374,,1782780783,2026-06-30T00:53:03Z,TVC:US10Y
,,,-2.994011976047919,,,-0.0457038391225015,4.374,,1782780961,2026-06-30T00:56:01Z,TVC:US10Y
,,,-2.994011976047919,,,-0.0457038391225015,4.374,,1782781146,2026-06-30T00:59:06Z,TVC:US10Y
,,,-2.994011976047919,,,-0.0457038391225015,4.374,,1782781321,2026-06-30T01:02:01Z,TVC:US10Y
,,,-3.0383677090264016,,,-0.0914076782449828,4.372,,1782781504,2026-06-30T01:05:04Z,TVC:US10Y
,,,-2.994011976047919,,,-0.0457038391225015,4.374,,1782781679,2026-06-30T01:07:59Z,TVC:US10Y
,,,-2.994011976047919,,,-0.0457038391225015,4.374,,1782781858,2026-06-30T01:10:58Z,TVC:US10Y
,,,-2.994011976047919,,,-0.0457038391225015,4.374,,1782782042,2026-06-30T01:14:02Z,TVC:US10Y
,,,-2.994011976047919,,,-0.0457038391225015,4.374,,1782782220,2026-06-30T01:17:00Z,TVC:US10Y
,,,-2.994011976047919,,,-0.0457038391225015,4.374,,1782782402,2026-06-30T01:20:02Z,TVC:US10Y
,,,-2.994011976047919,,,-0.0457038391225015,4.374,,1782782581,2026-06-30T01:23:01Z,TVC:US10Y
,,,-2.994011976047919,,,-0.0457038391225015,4.374,,1782782765,2026-06-30T01:26:05Z,TVC:US10Y
,,,-2.994011976047919,,,-0.0457038391225015,4.374,,1782782948,2026-06-30T01:29:08Z,TVC:US10Y
,,,-2.994011976047919,,,-0.0457038391225015,4.374,,1782783126,2026-06-30T01:32:06Z,TVC:US10Y
,,,-2.994011976047919,,,-0.0457038391225015,4.374,,1782783303,2026-06-30T01:35:03Z,TVC:US10Y
,,,-2.994011976047919,,,-0.0457038391225015,4.374,,1782783474,2026-06-30T01:37:54Z,TVC:US10Y
,,,-2.994011976047919,,,-0.0457038391225015,4.374,,1782783663,2026-06-30T01:41:03Z,TVC:US10Y
,,,-2.994011976047919,,,-0.0457038391225015,4.374,,1782783839,2026-06-30T01:43:59Z,TVC:US10Y
,,,-2.994011976047919,,,-0.0457038391225015,4.374,,1782784023,2026-06-30T01:47:03Z,TVC:US10Y
,,,-2.994011976047919,,,-0.0457038391225015,4.374,,1782784208,2026-06-30T01:50:08Z,TVC:US10Y
,,,-2.994011976047919,,,-0.0457038391225015,4.374,,1782784385,2026-06-30T01:53:05Z,TVC:US10Y
,,,-3.0383677090264016,,,-0.0914076782449828,4.372,,1782784567,2026-06-30T01:56:07Z,TVC:US10Y
,,,-2.994011976047919,,,-0.0457038391225015,4.374,,1782784738,2026-06-30T01:58:58Z,TVC:US10Y
,,,-2.994011976047919,,,-0.0457038391225015,4.374,,1782784918,2026-06-30T02:01:58Z,TVC:US10Y
,,,-2.994011976047919,,,-0.0457038391225015,4.374,,1782785104,2026-06-30T02:05:04Z,TVC:US10Y
,,,-2.994011976047919,,,-0.0457038391225015,4.374,,1782785280,2026-06-30T02:08:00Z,TVC:US10Y
,,,-2.994011976047919,,,-0.0457038391225015,4.374,,1782785462,2026-06-30T02:11:02Z,TVC:US10Y
,,,-2.994011976047919,,,-0.0457038391225015,4.374,,1782785649,2026-06-30T02:14:09Z,TVC:US10Y
,,,-2.994011976047919,,,-0.0457038391225015,4.374,,1782785823,2026-06-30T02:17:03Z,TVC:US10Y
,,,-3.0383677090264016,,,-0.0914076782449828,4.372,,1782786002,2026-06-30T02:20:02Z,TVC:US10Y
,,,-3.0383677090264016,,,-0.0914076782449828,4.372,,1782786181,2026-06-30T02:23:01Z,TVC:US10Y
,,,-3.0383677090264016,,,-0.0914076782449828,4.372,,1782786366,2026-06-30T02:26:06Z,TVC:US10Y
,,,-3.0383677090264016,,,-0.0914076782449828,4.372,,1782786540,2026-06-30T02:29:00Z,TVC:US10Y
,,,-3.0383677090264016,,,-0.0914076782449828,4.372,,1782786723,2026-06-30T02:32:03Z,TVC:US10Y
,,,-3.0383677090264016,,,-0.0914076782449828,4.372,,1782786905,2026-06-30T02:35:05Z,TVC:US10Y
,,,-3.0383677090264016,,,-0.0914076782449828,4.372,,1782787079,2026-06-30T02:37:59Z,TVC:US10Y
,,,-2.994011976047919,,,-0.0457038391225015,4.374,,1782787266,2026-06-30T02:41:06Z,TVC:US10Y
,,,-3.0383677090264016,,,-0.0914076782449828,4.372,,1782787446,2026-06-30T02:44:06Z,TVC:US10Y
,,,-2.994011976047919,,,-0.0457038391225015,4.374,,1782787618,2026-06-30T02:46:58Z,TVC:US10Y
,,,-3.0383677090264016,,,-0.0914076782449828,4.372,,1782787804,2026-06-30T02:50:04Z,TVC:US10Y
,,,-2.994011976047919,,,-0.0457038391225015,4.374,,1782787979,2026-06-30T02:52:59Z,TVC:US10Y
,,,-2.994011976047919,,,-0.0457038391225015,4.374,,1782788159,2026-06-30T02:55:59Z,TVC:US10Y
,,,-3.0383677090264016,,,-0.0914076782449828,4.372,,1782788342,2026-06-30T02:59:02Z,TVC:US10Y
,,,-3.0383677090264016,,,-0.0914076782449828,4.372,,1782788520,2026-06-30T03:02:00Z,TVC:US10Y
,,,-2.994011976047919,,,-0.0457038391225015,4.374,,1782788710,2026-06-30T03:05:10Z,TVC:US10Y
,,,-2.994011976047919,,,-0.0457038391225015,4.374,,1782788884,2026-06-30T03:08:04Z,TVC:US10Y
,,,-2.994011976047919,,,-0.0457038391225015,4.374,,1782789053,2026-06-30T03:10:53Z,TVC:US10Y
,,,-2.994011976047919,,,-0.0457038391225015,4.374,,1782789237,2026-06-30T03:13:57Z,TVC:US10Y
,,,-3.0383677090264016,,,-0.0914076782449828,4.372,,1782789418,2026-06-30T03:16:58Z,TVC:US10Y
,,,-2.994011976047919,,,-0.0457038391225015,4.374,,1782789606,2026-06-30T03:20:06Z,TVC:US10Y
,,,-2.994011976047919,,,-0.0457038391225015,4.374,,1782789787,2026-06-30T03:23:07Z,TVC:US10Y
,,,-2.994011976047919,,,-0.0457038391225015,4.374,,1782789961,2026-06-30T03:26:01Z,TVC:US10Y
,,,-3.0605455755156328,,,-0.1142595978062132,4.371,,1782790139,2026-06-30T03:28:59Z,TVC:US10Y
,,,-3.0605455755156328,,,-0.1142595978062132,4.371,,1782790323,2026-06-30T03:32:03Z,TVC:US10Y
,,,-3.0605455755156328,,,-0.1142595978062132,4.371,,1782790498,2026-06-30T03:34:58Z,TVC:US10Y
,,,-3.0605455755156328,,,-0.1142595978062132,4.371,,1782790680,2026-06-30T03:38:00Z,TVC:US10Y
,,,-3.0605455755156328,,,-0.1142595978062132,4.371,,1782790858,2026-06-30T03:40:58Z,TVC:US10Y
,,,-3.0605455755156328,,,-0.1142595978062132,4.371,,1782791040,2026-06-30T03:44:00Z,TVC:US10Y
,,,-3.0605455755156328,,,-0.1142595978062132,4.371,,1782791235,2026-06-30T03:47:15Z,TVC:US10Y
,,,-3.0605455755156328,,,-0.1142595978062132,4.371,,1782791402,2026-06-30T03:50:02Z,TVC:US10Y
,,,-3.0605455755156328,,,-0.1142595978062132,4.371,,1782791584,2026-06-30T03:53:04Z,TVC:US10Y
,,,-3.0605455755156328,,,-0.1142595978062132,4.371,,1782791757,2026-06-30T03:55:57Z,TVC:US10Y
,,,-3.0605455755156328,,,-0.1142595978062132,4.371,,1782791938,2026-06-30T03:58:58Z,TVC:US10Y
,,,-3.0605455755156328,,,-0.1142595978062132,4.371,,1782792121,2026-06-30T04:02:01Z,TVC:US10Y
,,,-3.0605455755156328,,,-0.1142595978062132,4.371,,1782792310,2026-06-30T04:05:10Z,TVC:US10Y
,,,-3.0605455755156328,,,-0.1142595978062132,4.371,,1782792479,2026-06-30T04:07:59Z,TVC:US10Y
,,,-3.0605455755156328,,,-0.1142595978062132,4.371,,1782792664,2026-06-30T04:11:04Z,TVC:US10Y
,,,-3.0605455755156328,,,-0.1142595978062132,4.371,,1782792842,2026-06-30T04:14:02Z,TVC:US10Y
,,,-3.0605455755156328,,,-0.1142595978062132,4.371,,1782793020,2026-06-30T04:17:00Z,TVC:US10Y
,,,-3.0605455755156328,,,-0.1142595978062132,4.371,,1782793202,2026-06-30T04:20:02Z,TVC:US10Y
,,,-3.0605455755156328,,,-0.1142595978062132,4.371,,1782793373,2026-06-30T04:22:53Z,TVC:US10Y
,,,-3.0605455755156328,,,-0.1142595978062132,4.371,,1782793560,2026-06-30T04:26:00Z,TVC:US10Y
,,,-3.0605455755156328,,,-0.1142595978062132,4.371,,1782793745,2026-06-30T04:29:05Z,TVC:US10Y
,,,-3.0605455755156328,,,-0.1142595978062132,4.371,,1782793927,2026-06-30T04:32:07Z,TVC:US10Y
,,,-3.0605455755156328,,,-0.1142595978062132,4.371,,1782794098,2026-06-30T04:34:58Z,TVC:US10Y
,,,-3.0605455755156328,,,-0.1142595978062132,4.371,,1782794287,2026-06-30T04:38:07Z,TVC:US10Y
,,,-3.0605455755156328,,,-0.1142595978062132,4.371,,1782794459,2026-06-30T04:40:59Z,TVC:US10Y
,,,-3.0605455755156328,,,-0.1142595978062132,4.371,,1782794647,2026-06-30T04:44:07Z,TVC:US10Y
,,,-3.0605455755156328,,,-0.1142595978062132,4.371,,1782794822,2026-06-30T04:47:02Z,TVC:US10Y
,,,-3.0605455755156328,,,-0.1142595978062132,4.371,,1782795001,2026-06-30T04:50:01Z,TVC:US10Y
,,,-3.0605455755156328,,,-0.1142595978062132,4.371,,1782795188,2026-06-30T04:53:08Z,TVC:US10Y
,,,-3.0605455755156328,,,-0.1142595978062132,4.371,,1782795366,2026-06-30T04:56:06Z,TVC:US10Y
,,,-3.0605455755156328,,,-0.1142595978062132,4.371,,1782795539,2026-06-30T04:58:59Z,TVC:US10Y
,,,-3.104901308494135,,,-0.1599634369287148,4.369,,1782795717,2026-06-30T05:01:57Z,TVC:US10Y
,,,-3.0605455755156328,,,-0.1142595978062132,4.371,,1782795904,2026-06-30T05:05:04Z,TVC:US10Y
,,,-3.0605455755156328,,,-0.1142595978062132,4.371,,1782796085,2026-06-30T05:08:05Z,TVC:US10Y
,,,-3.104901308494135,,,-0.1599634369287148,4.369,,1782796258,2026-06-30T05:10:58Z,TVC:US10Y
,,,-3.0605455755156328,,,-0.1142595978062132,4.371,,1782796443,2026-06-30T05:14:03Z,TVC:US10Y
,,,-3.0605455755156328,,,-0.1142595978062132,4.371,,1782796623,2026-06-30T05:17:03Z,TVC:US10Y
,,,-3.0605455755156328,,,-0.1142595978062132,4.371,,1782796797,2026-06-30T05:19:57Z,TVC:US10Y
,,,-3.0605455755156328,,,-0.1142595978062132,4.371,,1782796976,2026-06-30T05:22:56Z,TVC:US10Y
,,,-3.0605455755156328,,,-0.1142595978062132,4.371,,1782797157,2026-06-30T05:25:57Z,TVC:US10Y
,,,-3.0605455755156328,,,-0.1142595978062132,4.371,,1782797342,2026-06-30T05:29:02Z,TVC:US10Y
,,,-3.0605455755156328,,,-0.1142595978062132,4.371,,1782797519,2026-06-30T05:31:59Z,TVC:US10Y
,,,-3.0605455755156328,,,-0.1142595978062132,4.371,,1782797699,2026-06-30T05:34:59Z,TVC:US10Y
,,,-3.0605455755156328,,,-0.1142595978062132,4.371,,1782797883,2026-06-30T05:38:03Z,TVC:US10Y
,,,-3.0605455755156328,,,-0.1142595978062132,4.371,,1782798058,2026-06-30T05:40:58Z,TVC:US10Y
,,,-3.0605455755156328,,,-0.1142595978062132,4.371,,1782798235,2026-06-30T05:43:55Z,TVC:US10Y
,,,-3.0605455755156328,,,-0.1142595978062132,4.371,,1782798418,2026-06-30T05:46:58Z,TVC:US10Y
,,,-3.0605455755156328,,,-0.1142595978062132,4.371,,1782798601,2026-06-30T05:50:01Z,TVC:US10Y
,,,-3.0605455755156328,,,-0.1142595978062132,4.371,,1782798781,2026-06-30T05:53:01Z,TVC:US10Y
,,,-3.0605455755156328,,,-0.1142595978062132,4.371,,1782798968,2026-06-30T05:56:08Z,TVC:US10Y
,,,-3.0605455755156328,,,-0.1142595978062132,4.371,,1782799136,2026-06-30T05:58:56Z,TVC:US10Y
,,,-3.0605455755156328,,,-0.1142595978062132,4.371,,1782799325,2026-06-30T06:02:05Z,TVC:US10Y
,,,-3.0605455755156328,,,-0.1142595978062132,4.371,,1782799504,2026-06-30T06:05:04Z,TVC:US10Y
,,,-3.104901308494135,,,-0.1599634369287148,4.369,,1782799680,2026-06-30T06:08:00Z,TVC:US10Y
,,,-3.0605455755156328,,,-0.1142595978062132,4.371,,1782799863,2026-06-30T06:11:03Z,TVC:US10Y
,,,-3.0605455755156328,,,-0.1142595978062132,4.371,,1782800040,2026-06-30T06:14:00Z,TVC:US10Y
,,,-3.0605455755156328,,,-0.1142595978062132,4.371,,1782800225,2026-06-30T06:17:05Z,TVC:US10Y
,,,-3.0605455755156328,,,-0.1142595978062132,4.371,,1782800396,2026-06-30T06:19:56Z,TVC:US10Y
,,,-3.1492570414726178,,,-0.205667276051196,4.367,,1782800582,2026-06-30T06:23:02Z,TVC:US10Y
,,,-3.1492570414726178,,,-0.205667276051196,4.367,,1782800760,2026-06-30T06:26:00Z,TVC:US10Y
,,,-3.1492570414726178,,,-0.205667276051196,4.367,,1782800936,2026-06-30T06:28:56Z,TVC:US10Y
,,,-3.282324240408085,,,-0.3427787934186601,4.361,,1782801112,2026-06-30T06:31:52Z,TVC:US10Y
,,,-3.1936127744511005,,,-0.2513711151736773,4.365,,1782801300,2026-06-30T06:35:00Z,TVC:US10Y
,,,-3.237968507429583,,,-0.2970749542961586,4.363,,1782801479,2026-06-30T06:37:59Z,TVC:US10Y
,,,-3.237968507429583,,,-0.2970749542961586,4.363,,1782801660,2026-06-30T06:41:00Z,TVC:US10Y
,,,-3.237968507429583,,,-0.2970749542961586,4.363,,1782801844,2026-06-30T06:44:04Z,TVC:US10Y
,,,-3.237968507429583,,,-0.2970749542961586,4.363,,1782802018,2026-06-30T06:46:58Z,TVC:US10Y
,,,-3.237968507429583,,,-0.2970749542961586,4.363,,1782802200,2026-06-30T06:50:00Z,TVC:US10Y
,,,-3.237968507429583,,,-0.2970749542961586,4.363,,1782802377,2026-06-30T06:52:57Z,TVC:US10Y
,,,-3.237968507429583,,,-0.2970749542961586,4.363,,1782802555,2026-06-30T06:55:55Z,TVC:US10Y
,,,-3.237968507429583,,,-0.2970749542961586,4.363,,1782802743,2026-06-30T06:59:03Z,TVC:US10Y
,,,-3.237968507429583,,,-0.2970749542961586,4.363,,1782802924,2026-06-30T07:02:04Z,TVC:US10Y
,,,-3.237968507429583,,,-0.2970749542961586,4.363,,1782803094,2026-06-30T07:04:54Z,TVC:US10Y
,,,-3.237968507429583,,,-0.2970749542961586,4.363,,1782803279,2026-06-30T07:07:59Z,TVC:US10Y
,,,-3.237968507429583,,,-0.2970749542961586,4.363,,1782803466,2026-06-30T07:11:06Z,TVC:US10Y
,,,-3.237968507429583,,,-0.2970749542961586,4.363,,1782803636,2026-06-30T07:13:56Z,TVC:US10Y
,,,-3.237968507429583,,,-0.2970749542961586,4.363,,1782803815,2026-06-30T07:16:55Z,TVC:US10Y
,,,-3.237968507429583,,,-0.2970749542961586,4.363,,1782803997,2026-06-30T07:19:57Z,TVC:US10Y
,,,-3.237968507429583,,,-0.2970749542961586,4.363,,1782804179,2026-06-30T07:22:59Z,TVC:US10Y
,,,-3.1936127744511005,,,-0.2513711151736773,4.365,,1782804353,2026-06-30T07:25:53Z,TVC:US10Y
,,,-3.1936127744511005,,,-0.2513711151736773,4.365,,1782804542,2026-06-30T07:29:02Z,TVC:US10Y
,,,-3.1492570414726178,,,-0.205667276051196,4.367,,1782804718,2026-06-30T07:31:58Z,TVC:US10Y
,,,-3.1492570414726178,,,-0.205667276051196,4.367,,1782804902,2026-06-30T07:35:02Z,TVC:US10Y
,,,-3.1492570414726178,,,-0.205667276051196,4.367,,1782805076,2026-06-30T07:37:56Z,TVC:US10Y
,,,-3.1492570414726178,,,-0.205667276051196,4.367,,1782805258,2026-06-30T07:40:58Z,TVC:US10Y
,,,-3.1492570414726178,,,-0.205667276051196,4.367,,1782805437,2026-06-30T07:43:57Z,TVC:US10Y
,,,-3.1492570414726178,,,-0.205667276051196,4.367,,1782805620,2026-06-30T07:47:00Z,TVC:US10Y
,,,-3.1492570414726178,,,-0.205667276051196,4.367,,1782805803,2026-06-30T07:50:03Z,TVC:US10Y
,,,-3.1492570414726178,,,-0.205667276051196,4.367,,1782805982,2026-06-30T07:53:02Z,TVC:US10Y
,,,-3.1492570414726178,,,-0.205667276051196,4.367,,1782806163,2026-06-30T07:56:03Z,TVC:US10Y
,,,-3.1492570414726178,,,-0.205667276051196,4.367,,1782806342,2026-06-30T07:59:02Z,TVC:US10Y
,,,-3.237968507429583,,,-0.2970749542961586,4.363,,1782806520,2026-06-30T08:02:00Z,TVC:US10Y
,,,-3.237968507429583,,,-0.2970749542961586,4.363,,1782806705,2026-06-30T08:05:05Z,TVC:US10Y
,,,-3.237968507429583,,,-0.2970749542961586,4.363,,1782806884,2026-06-30T08:08:04Z,TVC:US10Y
,,,-3.237968507429583,,,-0.2970749542961586,4.363,,1782807060,2026-06-30T08:11:00Z,TVC:US10Y
,,,-3.1492570414726178,,,-0.205667276051196,4.367,,1782807245,2026-06-30T08:14:05Z,TVC:US10Y
,,,-3.1492570414726178,,,-0.205667276051196,4.367,,1782807422,2026-06-30T08:17:02Z,TVC:US10Y
,,,-3.237968507429583,,,-0.2970749542961586,4.363,,1782807597,2026-06-30T08:19:57Z,TVC:US10Y
,,,-3.237968507429583,,,-0.2970749542961586,4.363,,1782807770,2026-06-30T08:22:50Z,TVC:US10Y
,,,-3.1936127744511005,,,-0.2513711151736773,4.365,,1782807952,2026-06-30T08:25:52Z,TVC:US10Y
,,,-3.237968507429583,,,-0.2970749542961586,4.363,,1782808144,2026-06-30T08:29:04Z,TVC:US10Y
,,,-3.237968507429583,,,-0.2970749542961586,4.363,,1782808322,2026-06-30T08:32:02Z,TVC:US10Y
,,,-3.1492570414726178,,,-0.205667276051196,4.367,,1782808504,2026-06-30T08:35:04Z,TVC:US10Y
,,,-3.1492570414726178,,,-0.205667276051196,4.367,,1782808678,2026-06-30T08:37:58Z,TVC:US10Y
,,,-3.1492570414726178,,,-0.205667276051196,4.367,,1782808862,2026-06-30T08:41:02Z,TVC:US10Y
,,,-3.1492570414726178,,,-0.205667276051196,4.367,,1782809038,2026-06-30T08:43:58Z,TVC:US10Y
,,,-3.1492570414726178,,,-0.205667276051196,4.367,,1782809216,2026-06-30T08:46:56Z,TVC:US10Y
,,,-3.1492570414726178,,,-0.205667276051196,4.367,,1782809398,2026-06-30T08:49:58Z,TVC:US10Y
,,,-3.1492570414726178,,,-0.205667276051196,4.367,,1782809574,2026-06-30T08:52:54Z,TVC:US10Y
,,,-3.1492570414726178,,,-0.205667276051196,4.367,,1782809765,2026-06-30T08:56:05Z,TVC:US10Y
,,,-3.1492570414726178,,,-0.205667276051196,4.367,,1782809942,2026-06-30T08:59:02Z,TVC:US10Y
,,,-3.1492570414726178,,,-0.205667276051196,4.367,,1782810113,2026-06-30T09:01:53Z,TVC:US10Y
,,,-3.237968507429583,,,-0.2970749542961586,4.363,,1782810300,2026-06-30T09:05:00Z,TVC:US10Y
,,,-3.237968507429583,,,-0.2970749542961586,4.363,,1782810483,2026-06-30T09:08:03Z,TVC:US10Y
,,,-3.237968507429583,,,-0.2970749542961586,4.363,,1782810656,2026-06-30T09:10:56Z,TVC:US10Y
,,,-3.237968507429583,,,-0.2970749542961586,4.363,,1782810840,2026-06-30T09:14:00Z,TVC:US10Y
,,,-3.237968507429583,,,-0.2970749542961586,4.363,,1782811016,2026-06-30T09:16:56Z,TVC:US10Y
,,,-3.1936127744511005,,,-0.2513711151736773,4.365,,1782811201,2026-06-30T09:20:01Z,TVC:US10Y
,,,-3.1492570414726178,,,-0.205667276051196,4.367,,1782811380,2026-06-30T09:23:00Z,TVC:US10Y
,,,-3.1492570414726178,,,-0.205667276051196,4.367,,1782811565,2026-06-30T09:26:05Z,TVC:US10Y
,,,-3.1492570414726178,,,-0.205667276051196,4.367,,1782811741,2026-06-30T09:29:01Z,TVC:US10Y
,,,-3.1492570414726178,,,-0.205667276051196,4.367,,1782811918,2026-06-30T09:31:58Z,TVC:US10Y
,,,-3.1492570414726178,,,-0.205667276051196,4.367,,1782812107,2026-06-30T09:35:07Z,TVC:US10Y
,,,-3.1492570414726178,,,-0.205667276051196,4.367,,1782812280,2026-06-30T09:38:00Z,TVC:US10Y
,,,-3.1492570414726178,,,-0.205667276051196,4.367,,1782812461,2026-06-30T09:41:01Z,TVC:US10Y
,,,-3.1492570414726178,,,-0.205667276051196,4.367,,1782812643,2026-06-30T09:44:03Z,TVC:US10Y
,,,-3.1492570414726178,,,-0.205667276051196,4.367,,1782812824,2026-06-30T09:47:04Z,TVC:US10Y
,,,-3.1492570414726178,,,-0.205667276051196,4.367,,1782812996,2026-06-30T09:49:56Z,TVC:US10Y
,,,-3.104901308494135,,,-0.1599634369287148,4.369,,1782813173,2026-06-30T09:52:53Z,TVC:US10Y
,,,-3.1492570414726178,,,-0.205667276051196,4.367,,1782813358,2026-06-30T09:55:58Z,TVC:US10Y
,,,-3.104901308494135,,,-0.1599634369287148,4.369,,1782813548,2026-06-30T09:59:08Z,TVC:US10Y
,,,-3.0605455755156328,,,-0.1142595978062132,4.371,,1782813720,2026-06-30T10:02:00Z,TVC:US10Y
,,,-3.104901308494135,,,-0.1599634369287148,4.369,,1782813908,2026-06-30T10:05:08Z,TVC:US10Y
,,,-3.104901308494135,,,-0.1599634369287148,4.369,,1782814080,2026-06-30T10:08:00Z,TVC:US10Y
,,,-3.0605455755156328,,,-0.1142595978062132,4.371,,1782814252,2026-06-30T10:10:52Z,TVC:US10Y
,,,-3.104901308494135,,,-0.1599634369287148,4.369,,1782814440,2026-06-30T10:14:00Z,TVC:US10Y
,,,-3.104901308494135,,,-0.1599634369287148,4.369,,1782814623,2026-06-30T10:17:03Z,TVC:US10Y
,,,-3.104901308494135,,,-0.1599634369287148,4.369,,1782814799,2026-06-30T10:19:59Z,TVC:US10Y
,,,-3.1492570414726178,,,-0.205667276051196,4.367,,1782814980,2026-06-30T10:23:00Z,TVC:US10Y
,,,-3.1492570414726178,,,-0.205667276051196,4.367,,1782815163,2026-06-30T10:26:03Z,TVC:US10Y
,,,-3.1492570414726178,,,-0.205667276051196,4.367,,1782815344,2026-06-30T10:29:04Z,TVC:US10Y
,,,-3.1492570414726178,,,-0.205667276051196,4.367,,1782815514,2026-06-30T10:31:54Z,TVC:US10Y
,,,-3.1936127744511005,,,-0.2513711151736773,4.365,,1782815706,2026-06-30T10:35:06Z,TVC:US10Y
,,,-3.1936127744511005,,,-0.2513711151736773,4.365,,1782815882,2026-06-30T10:38:02Z,TVC:US10Y
,,,-3.1492570414726178,,,-0.205667276051196,4.367,,1782816056,2026-06-30T10:40:56Z,TVC:US10Y
,,,-3.1492570414726178,,,-0.205667276051196,4.367,,1782816239,2026-06-30T10:43:59Z,TVC:US10Y
,,,-3.1492570414726178,,,-0.205667276051196,4.367,,1782816422,2026-06-30T10:47:02Z,TVC:US10Y
,,,-3.1492570414726178,,,-0.205667276051196,4.367,,1782816605,2026-06-30T10:50:05Z,TVC:US10Y
,,,-3.1492570414726178,,,-0.205667276051196,4.367,,1782816783,2026-06-30T10:53:03Z,TVC:US10Y
,,,-3.104901308494135,,,-0.1599634369287148,4.369,,1782816965,2026-06-30T10:56:05Z,TVC:US10Y
,,,-3.104901308494135,,,-0.1599634369287148,4.369,,1782817143,2026-06-30T10:59:03Z,TVC:US10Y
,,,-3.0605455755156328,,,-0.1142595978062132,4.371,,1782817329,2026-06-30T11:02:09Z,TVC:US10Y
,,,-3.0605455755156328,,,-0.1142595978062132,4.371,,1782817501,2026-06-30T11:05:01Z,TVC:US10Y
,,,-3.104901308494135,,,-0.1599634369287148,4.369,,1782817687,2026-06-30T11:08:07Z,TVC:US10Y
,,,-3.0605455755156328,,,-0.1142595978062132,4.371,,1782817865,2026-06-30T11:11:05Z,TVC:US10Y
,,,-2.994011976047919,,,-0.0457038391225015,4.374,,1782818040,2026-06-30T11:14:00Z,TVC:US10Y
,,,-2.994011976047919,,,-0.0457038391225015,4.374,,1782818221,2026-06-30T11:17:01Z,TVC:US10Y
,,,-2.994011976047919,,,-0.0457038391225015,4.374,,1782818401,2026-06-30T11:20:01Z,TVC:US10Y
,,,-2.905300510090934,,,0.0457038391224812,4.378,,1782818583,2026-06-30T11:23:03Z,TVC:US10Y
,,,-2.9496562430694167,,,0.0,4.376,,1782818760,2026-06-30T11:26:00Z,TVC:US10Y
,,,-2.905300510090934,,,0.0457038391224812,4.378,,1782818945,2026-06-30T11:29:05Z,TVC:US10Y
,,,-2.816589044133969,,,0.1371115173674437,4.382,,1782819125,2026-06-30T11:32:05Z,TVC:US10Y
,,,-2.727877578176984,,,0.2285191956124265,4.386,,1782819302,2026-06-30T11:35:02Z,TVC:US10Y
,,,-2.727877578176984,,,0.2285191956124265,4.386,,1782819480,2026-06-30T11:38:00Z,TVC:US10Y
,,,-2.639166112220019,,,0.319926873857389,4.39,,1782819656,2026-06-30T11:40:56Z,TVC:US10Y
,,,-2.727877578176984,,,0.2285191956124265,4.386,,1782819840,2026-06-30T11:44:00Z,TVC:US10Y
,,,-2.727877578176984,,,0.2285191956124265,4.386,,1782820021,2026-06-30T11:47:01Z,TVC:US10Y
,,,-2.727877578176984,,,0.2285191956124265,4.386,,1782820204,2026-06-30T11:50:04Z,TVC:US10Y
,,,-2.7722333111554667,,,0.1828153564899453,4.384,,1782820371,2026-06-30T11:52:51Z,TVC:US10Y
,,,-2.727877578176984,,,0.2285191956124265,4.386,,1782820570,2026-06-30T11:56:10Z,TVC:US10Y
,,,-2.727877578176984,,,0.2285191956124265,4.386,,1782820740,2026-06-30T11:59:00Z,TVC:US10Y
,,,-2.639166112220019,,,0.319926873857389,4.39,,1782820915,2026-06-30T12:01:55Z,TVC:US10Y
,,,-2.639166112220019,,,0.319926873857389,4.39,,1782821102,2026-06-30T12:05:02Z,TVC:US10Y
,,,-2.550454646263034,,,0.4113345521023719,4.394,,1782821273,2026-06-30T12:07:53Z,TVC:US10Y
,,,-2.639166112220019,,,0.319926873857389,4.39,,1782821460,2026-06-30T12:11:00Z,TVC:US10Y
,,,-2.6835218451985017,,,0.2742230347349078,4.388,,1782821640,2026-06-30T12:14:00Z,TVC:US10Y
,,,-2.639166112220019,,,0.319926873857389,4.39,,1782821833,2026-06-30T12:17:13Z,TVC:US10Y
,,,-2.5948103792415167,,,0.3656307129798906,4.392,,1782821992,2026-06-30T12:19:52Z,TVC:US10Y
,,,-2.5948103792415167,,,0.3656307129798906,4.392,,1782822176,2026-06-30T12:22:56Z,TVC:US10Y
,,,-2.550454646263034,,,0.4113345521023719,4.394,,1782822356,2026-06-30T12:25:56Z,TVC:US10Y
,,,-2.639166112220019,,,0.319926873857389,4.39,,1782822536,2026-06-30T12:28:56Z,TVC:US10Y
,,,-2.5948103792415167,,,0.3656307129798906,4.392,,1782822717,2026-06-30T12:31:57Z,TVC:US10Y
,,,-2.639166112220019,,,0.319926873857389,4.39,,1782822897,2026-06-30T12:34:57Z,TVC:US10Y
,,,-2.639166112220019,,,0.319926873857389,4.39,,1782823080,2026-06-30T12:38:00Z,TVC:US10Y
,,,-2.639166112220019,,,0.319926873857389,4.39,,1782823258,2026-06-30T12:40:58Z,TVC:US10Y
,,,-2.639166112220019,,,0.319926873857389,4.39,,1782823442,2026-06-30T12:44:02Z,TVC:US10Y
,,,-2.6835218451985017,,,0.2742230347349078,4.388,,1782823622,2026-06-30T12:47:02Z,TVC:US10Y
,,,-2.639166112220019,,,0.319926873857389,4.39,,1782823802,2026-06-30T12:50:02Z,TVC:US10Y
,,,-2.639166112220019,,,0.319926873857389,4.39,,1782823979,2026-06-30T12:52:59Z,TVC:US10Y
,,,-2.639166112220019,,,0.319926873857389,4.39,,1782824167,2026-06-30T12:56:07Z,TVC:US10Y
,,,-2.639166112220019,,,0.319926873857389,4.39,,1782824346,2026-06-30T12:59:06Z,TVC:US10Y
,,,-2.639166112220019,,,0.319926873857389,4.39,,1782824512,2026-06-30T13:01:52Z,TVC:US10Y
,,,-2.639166112220019,,,0.319926873857389,4.39,,1782824703,2026-06-30T13:05:03Z,TVC:US10Y
,,,-2.639166112220019,,,0.319926873857389,4.39,,1782824875,2026-06-30T13:07:55Z,TVC:US10Y
,,,-2.550454646263034,,,0.4113345521023719,4.394,,1782825060,2026-06-30T13:11:00Z,TVC:US10Y
,,,-2.550454646263034,,,0.4113345521023719,4.394,,1782825241,2026-06-30T13:14:01Z,TVC:US10Y
,,,-2.550454646263034,,,0.4113345521023719,4.394,,1782825420,2026-06-30T13:17:00Z,TVC:US10Y
,,,-2.639166112220019,,,0.319926873857389,4.39,,1782825600,2026-06-30T13:20:00Z,TVC:US10Y
,,,-2.639166112220019,,,0.319926873857389,4.39,,1782825779,2026-06-30T13:22:59Z,TVC:US10Y
,,,-2.639166112220019,,,0.319926873857389,4.39,,1782825952,2026-06-30T13:25:52Z,TVC:US10Y
,,,-2.639166112220019,,,0.319926873857389,4.39,,1782826140,2026-06-30T13:29:00Z,TVC:US10Y
,,,-2.639166112220019,,,0.319926873857389,4.39,,1782826323,2026-06-30T13:32:03Z,TVC:US10Y
,,,-2.639166112220019,,,0.319926873857389,4.39,,1782826501,2026-06-30T13:35:01Z,TVC:US10Y
,,,-2.550454646263034,,,0.4113345521023719,4.394,,1782826681,2026-06-30T13:38:01Z,TVC:US10Y
,,,-2.550454646263034,,,0.4113345521023719,4.394,,1782826862,2026-06-30T13:41:02Z,TVC:US10Y
,,,-2.550454646263034,,,0.4113345521023719,4.394,,1782827041,2026-06-30T13:44:01Z,TVC:US10Y
,,,-2.550454646263034,,,0.4113345521023719,4.394,,1782827217,2026-06-30T13:46:57Z,TVC:US10Y
,,,-2.461743180306069,,,0.5027422303473343,4.398,,1782827402,2026-06-30T13:50:02Z,TVC:US10Y
,,,-2.506098913284552,,,0.4570383912248531,4.396,,1782827583,2026-06-30T13:53:03Z,TVC:US10Y
,,,-2.506098913284552,,,0.4570383912248531,4.396,,1782827761,2026-06-30T13:56:01Z,TVC:US10Y
,,,-2.506098913284552,,,0.4570383912248531,4.396,,1782827937,2026-06-30T13:58:57Z,TVC:US10Y
,,,-2.3286759813706013,,,0.6398537477147984,4.404,,1782828123,2026-06-30T14:02:03Z,TVC:US10Y
,,,-2.284320248392119,,,0.6855575868372796,4.406,,1782828293,2026-06-30T14:04:53Z,TVC:US10Y
,,,-2.284320248392119,,,0.6855575868372796,4.406,,1782828479,2026-06-30T14:07:59Z,TVC:US10Y
,,,-2.3286759813706013,,,0.6398537477147984,4.404,,1782828663,2026-06-30T14:11:03Z,TVC:US10Y
,,,-2.461743180306069,,,0.5027422303473343,4.398,,1782828839,2026-06-30T14:13:59Z,TVC:US10Y
,,,-2.461743180306069,,,0.5027422303473343,4.398,,1782829023,2026-06-30T14:17:03Z,TVC:US10Y
,,,-2.461743180306069,,,0.5027422303473343,4.398,,1782829198,2026-06-30T14:19:58Z,TVC:US10Y
,,,-2.461743180306069,,,0.5027422303473343,4.398,,1782829380,2026-06-30T14:23:00Z,TVC:US10Y
,,,-2.461743180306069,,,0.5027422303473343,4.398,,1782829560,2026-06-30T14:26:00Z,TVC:US10Y
,,,-2.461743180306069,,,0.5027422303473343,4.398,,1782829742,2026-06-30T14:29:02Z,TVC:US10Y
,,,-2.461743180306069,,,0.5027422303473343,4.398,,1782829911,2026-06-30T14:31:51Z,TVC:US10Y
,,,-2.461743180306069,,,0.5027422303473343,4.398,,1782830112,2026-06-30T14:35:12Z,TVC:US10Y
,,,-2.4173874473275667,,,0.5484460694698359,4.4,,1782830279,2026-06-30T14:37:59Z,TVC:US10Y
,,,-2.373031714349084,,,0.5941499085923172,4.402,,1782830461,2026-06-30T14:41:01Z,TVC:US10Y
,,,-2.461743180306069,,,0.5027422303473343,4.398,,1782830641,2026-06-30T14:44:01Z,TVC:US10Y
,,,-2.461743180306069,,,0.5027422303473343,4.398,,1782830820,2026-06-30T14:47:00Z,TVC:US10Y
,,,-2.506098913284552,,,0.4570383912248531,4.396,,1782830998,2026-06-30T14:49:58Z,TVC:US10Y
,,,-2.506098913284552,,,0.4570383912248531,4.396,,1782831184,2026-06-30T14:53:04Z,TVC:US10Y
,,,-2.506098913284552,,,0.4570383912248531,4.396,,1782831356,2026-06-30T14:55:56Z,TVC:US10Y
,,,-2.461743180306069,,,0.5027422303473343,4.398,,1782831536,2026-06-30T14:58:56Z,TVC:US10Y
,,,-2.373031714349084,,,0.5941499085923172,4.402,,1782831727,2026-06-30T15:02:07Z,TVC:US10Y
,,,-2.373031714349084,,,0.5941499085923172,4.402,,1782831906,2026-06-30T15:05:06Z,TVC:US10Y
,,,-2.4173874473275667,,,0.5484460694698359,4.4,,1782832075,2026-06-30T15:07:55Z,TVC:US10Y
,,,-2.373031714349084,,,0.5941499085923172,4.402,,1782832265,2026-06-30T15:11:05Z,TVC:US10Y
,,,-2.373031714349084,,,0.5941499085923172,4.402,,1782832443,2026-06-30T15:14:03Z,TVC:US10Y
,,,-2.284320248392119,,,0.6855575868372796,4.406,,1782832623,2026-06-30T15:17:03Z,TVC:US10Y
,,,-2.2399645154136167,,,0.7312614259597813,4.408,,1782832795,2026-06-30T15:19:55Z,TVC:US10Y
,,,-2.284320248392119,,,0.6855575868372796,4.406,,1782832977,2026-06-30T15:22:57Z,TVC:US10Y
,,,-2.284320248392119,,,0.6855575868372796,4.406,,1782833159,2026-06-30T15:25:59Z,TVC:US10Y
,,,-2.284320248392119,,,0.6855575868372796,4.406,,1782833339,2026-06-30T15:28:59Z,TVC:US10Y
,,,-2.284320248392119,,,0.6855575868372796,4.406,,1782833523,2026-06-30T15:32:03Z,TVC:US10Y
,,,-2.3286759813706013,,,0.6398537477147984,4.404,,1782833701,2026-06-30T15:35:01Z,TVC:US10Y
,,,-2.373031714349084,,,0.5941499085923172,4.402,,1782833879,2026-06-30T15:37:59Z,TVC:US10Y
,,,-2.373031714349084,,,0.5941499085923172,4.402,,1782834051,2026-06-30T15:40:51Z,TVC:US10Y
,,,-2.373031714349084,,,0.5941499085923172,4.402,,1782834243,2026-06-30T15:44:03Z,TVC:US10Y
,,,-2.461743180306069,,,0.5027422303473343,4.398,,1782834422,2026-06-30T15:47:02Z,TVC:US10Y
,,,-2.461743180306069,,,0.5027422303473343,4.398,,1782834599,2026-06-30T15:49:59Z,TVC:US10Y
,,,-2.461743180306069,,,0.5027422303473343,4.398,,1782834778,2026-06-30T15:52:58Z,TVC:US10Y
,,,-2.461743180306069,,,0.5027422303473343,4.398,,1782834957,2026-06-30T15:55:57Z,TVC:US10Y
,,,-2.461743180306069,,,0.5027422303473343,4.398,,1782835139,2026-06-30T15:58:59Z,TVC:US10Y
,,,-2.373031714349084,,,0.5941499085923172,4.402,,1782835321,2026-06-30T16:02:01Z,TVC:US10Y
,,,-2.373031714349084,,,0.5941499085923172,4.402,,1782835496,2026-06-30T16:04:56Z,TVC:US10Y
,,,-2.284320248392119,,,0.6855575868372796,4.406,,1782835683,2026-06-30T16:08:03Z,TVC:US10Y
,,,-2.284320248392119,,,0.6855575868372796,4.406,,1782835856,2026-06-30T16:10:56Z,TVC:US10Y
,,,-2.284320248392119,,,0.6855575868372796,4.406,,1782836041,2026-06-30T16:14:01Z,TVC:US10Y
,,,-2.284320248392119,,,0.6855575868372796,4.406,,1782836223,2026-06-30T16:17:03Z,TVC:US10Y
,,,-2.373031714349084,,,0.5941499085923172,4.402,,1782836413,2026-06-30T16:20:13Z,TVC:US10Y
,,,-2.3286759813706013,,,0.6398537477147984,4.404,,1782836583,2026-06-30T16:23:03Z,TVC:US10Y
,,,-2.284320248392119,,,0.6855575868372796,4.406,,1782836759,2026-06-30T16:25:59Z,TVC:US10Y
,,,-2.284320248392119,,,0.6855575868372796,4.406,,1782836941,2026-06-30T16:29:01Z,TVC:US10Y
,,,-2.284320248392119,,,0.6855575868372796,4.406,,1782837121,2026-06-30T16:32:01Z,TVC:US10Y
,,,-2.373031714349084,,,0.5941499085923172,4.402,,1782837297,2026-06-30T16:34:57Z,TVC:US10Y
,,,-2.3286759813706013,,,0.6398537477147984,4.404,,1782837485,2026-06-30T16:38:05Z,TVC:US10Y
,,,-2.3286759813706013,,,0.6398537477147984,4.404,,1782837669,2026-06-30T16:41:09Z,TVC:US10Y
,,,-2.373031714349084,,,0.5941499085923172,4.402,,1782837836,2026-06-30T16:43:56Z,TVC:US10Y
,,,-2.373031714349084,,,0.5941499085923172,4.402,,1782838016,2026-06-30T16:46:56Z,TVC:US10Y
,,,-2.3286759813706013,,,0.6398537477147984,4.404,,1782838199,2026-06-30T16:49:59Z,TVC:US10Y
,,,-2.284320248392119,,,0.6855575868372796,4.406,,1782838387,2026-06-30T16:53:07Z,TVC:US10Y
,,,-2.284320248392119,,,0.6855575868372796,4.406,,1782838552,2026-06-30T16:55:52Z,TVC:US10Y
,,,-2.284320248392119,,,0.6855575868372796,4.406,,1782838741,2026-06-30T16:59:01Z,TVC:US10Y
,,,-2.284320248392119,,,0.6855575868372796,4.406,,1782838909,2026-06-30T17:01:49Z,TVC:US10Y
,,,-2.2399645154136167,,,0.7312614259597813,4.408,,1782839097,2026-06-30T17:04:57Z,TVC:US10Y
,,,-2.195608782435134,,,0.7769652650822624,4.41,,1782839280,2026-06-30T17:08:00Z,TVC:US10Y
,,,-2.2399645154136167,,,0.7312614259597813,4.408,,1782839463,2026-06-30T17:11:03Z,TVC:US10Y
,,,-2.2399645154136167,,,0.7312614259597813,4.408,,1782839639,2026-06-30T17:13:59Z,TVC:US10Y
,,,-2.195608782435134,,,0.7769652650822624,4.41,,1782839810,2026-06-30T17:16:50Z,TVC:US10Y
,,,-2.195608782435134,,,0.7769652650822624,4.41,,1782840006,2026-06-30T17:20:06Z,TVC:US10Y
,,,-2.195608782435134,,,0.7769652650822624,4.41,,1782840179,2026-06-30T17:22:59Z,TVC:US10Y
,,,-2.195608782435134,,,0.7769652650822624,4.41,,1782840358,2026-06-30T17:25:58Z,TVC:US10Y
,,,-2.195608782435134,,,0.7769652650822624,4.41,,1782840539,2026-06-30T17:28:59Z,TVC:US10Y
,,,-2.284320248392119,,,0.6855575868372796,4.406,,1782840730,2026-06-30T17:32:10Z,TVC:US10Y
,,,-2.195608782435134,,,0.7769652650822624,4.41,,1782840903,2026-06-30T17:35:03Z,TVC:US10Y
,,,-2.195608782435134,,,0.7769652650822624,4.41,,1782841084,2026-06-30T17:38:04Z,TVC:US10Y
,,,-2.2399645154136167,,,0.7312614259597813,4.408,,1782841259,2026-06-30T17:40:59Z,TVC:US10Y
,,,-2.2399645154136167,,,0.7769652650822624,4.41,,1782841440,2026-06-30T17:44:00Z,TVC:US10Y
,,,-2.195608782435134,,,0.7769652650822624,4.41,,1782841620,2026-06-30T17:47:00Z,TVC:US10Y
,,,-2.151253049456652,,,0.8226691042047438,4.412,,1782841807,2026-06-30T17:50:07Z,TVC:US10Y
,,,-2.195608782435134,,,0.7769652650822624,4.41,,1782841981,2026-06-30T17:53:01Z,TVC:US10Y
,,,-2.195608782435134,,,0.7769652650822624,4.41,,1782842161,2026-06-30T17:56:01Z,TVC:US10Y
,,,-2.195608782435134,,,0.7769652650822624,4.41,,1782842346,2026-06-30T17:59:06Z,TVC:US10Y
,,,-2.195608782435134,,,0.7769652650822624,4.41,,1782842520,2026-06-30T18:02:00Z,TVC:US10Y
,,,-2.195608782435134,,,0.7769652650822624,4.41,,1782842695,2026-06-30T18:04:55Z,TVC:US10Y
,,,-2.151253049456652,,,0.8226691042047438,4.412,,1782842882,2026-06-30T18:08:02Z,TVC:US10Y
,,,-2.106897316478169,,,0.8683729433272249,4.414,,1782843059,2026-06-30T18:10:59Z,TVC:US10Y
,,,-2.106897316478169,,,0.8683729433272249,4.414,,1782843239,2026-06-30T18:13:59Z,TVC:US10Y
,,,-2.106897316478169,,,0.8683729433272249,4.414,,1782843420,2026-06-30T18:17:00Z,TVC:US10Y
,,,-2.106897316478169,,,0.8683729433272249,4.414,,1782843599,2026-06-30T18:19:59Z,TVC:US10Y
,,,-2.151253049456652,,,0.8226691042047438,4.412,,1782843779,2026-06-30T18:22:59Z,TVC:US10Y
,,,-2.106897316478169,,,0.8683729433272249,4.414,,1782843965,2026-06-30T18:26:05Z,TVC:US10Y
,,,-2.106897316478169,,,0.8683729433272249,4.414,,1782844134,2026-06-30T18:28:54Z,TVC:US10Y
,,,-2.106897316478169,,,0.8683729433272249,4.414,,1782844320,2026-06-30T18:32:00Z,TVC:US10Y
,,,-2.0625415834996668,,,0.9140767824497265,4.416,,1782844501,2026-06-30T18:35:01Z,TVC:US10Y
,,,-2.106897316478169,,,0.8683729433272249,4.414,,1782844685,2026-06-30T18:38:05Z,TVC:US10Y
,,,-2.0625415834996668,,,0.9140767824497265,4.416,,1782844856,2026-06-30T18:40:56Z,TVC:US10Y
,,,-2.018185850521184,,,0.9597806215722078,4.418,,1782845042,2026-06-30T18:44:02Z,TVC:US10Y
,,,-2.018185850521184,,,0.9597806215722078,4.418,,1782845220,2026-06-30T18:47:00Z,TVC:US10Y
,,,-2.0625415834996668,,,0.9140767824497265,4.416,,1782845406,2026-06-30T18:50:06Z,TVC:US10Y
,,,-2.0625415834996668,,,0.9140767824497265,4.416,,1782845576,2026-06-30T18:52:56Z,TVC:US10Y
,,,-2.018185850521184,,,0.9597806215722078,4.418,,1782845753,2026-06-30T18:55:53Z,TVC:US10Y
,,,-2.0625415834996668,,,0.9140767824497265,4.416,,1782845942,2026-06-30T18:59:02Z,TVC:US10Y
,,,-2.018185850521184,,,0.9597806215722078,4.418,,1782846117,2026-06-30T19:01:57Z,TVC:US10Y
,,,-2.018185850521184,,,0.9597806215722078,4.418,,1782846297,2026-06-30T19:04:57Z,TVC:US10Y
,,,-1.973830117542701,,,1.005484460694689,4.42,,1782846479,2026-06-30T19:07:59Z,TVC:US10Y
,,,-1.9294743845642188,,,1.0511882998171704,4.422,,1782846658,2026-06-30T19:10:58Z,TVC:US10Y
,,,-1.8851186515857168,,,1.0968921389396715,4.424,,1782846842,2026-06-30T19:14:02Z,TVC:US10Y
,,,-1.8407629186072336,,,1.142595978062153,4.426,,1782847023,2026-06-30T19:17:03Z,TVC:US10Y
,,,-1.8407629186072336,,,1.142595978062153,4.426,,1782847196,2026-06-30T19:19:56Z,TVC:US10Y
,,,-1.7520514526502688,,,1.2340036563071155,4.43,,1782847381,2026-06-30T19:23:01Z,TVC:US10Y
,,,-1.7520514526502688,,,1.2340036563071155,4.43,,1782847555,2026-06-30T19:25:55Z,TVC:US10Y
,,,-1.7520514526502688,,,1.2340036563071155,4.43,,1782847745,2026-06-30T19:29:05Z,TVC:US10Y
,,,-1.7520514526502688,,,1.2340036563071155,4.43,,1782847922,2026-06-30T19:32:02Z,TVC:US10Y
,,,-1.7520514526502688,,,1.2340036563071155,4.43,,1782848093,2026-06-30T19:34:53Z,TVC:US10Y
,,,-1.7964071856287511,,,1.1882998171846344,4.428,,1782848280,2026-06-30T19:38:00Z,TVC:US10Y
,,,-1.7520514526502688,,,1.2340036563071155,4.43,,1782848459,2026-06-30T19:40:59Z,TVC:US10Y
,,,-1.7964071856287511,,,1.1882998171846344,4.428,,1782848644,2026-06-30T19:44:04Z,TVC:US10Y
,,,-1.7520514526502688,,,1.2340036563071155,4.43,,1782848818,2026-06-30T19:46:58Z,TVC:US10Y
,,,-1.663339986693284,,,1.3254113345520984,4.434,,1782848994,2026-06-30T19:49:54Z,TVC:US10Y
,,,-1.663339986693284,,,1.3254113345520984,4.434,,1782849185,2026-06-30T19:53:05Z,TVC:US10Y
,,,-1.508094921268585,,,1.4853747714807928,4.441,,1782849363,2026-06-30T19:56:03Z,TVC:US10Y
,,,-1.5746285207363186,,,1.4168190127970608,4.438,,1782849537,2026-06-30T19:58:57Z,TVC:US10Y
,,,-1.508094921268585,,,1.4853747714807928,4.441,,1782849719,2026-06-30T20:01:59Z,TVC:US10Y
,,,-1.330671989354635,,,1.668190127970738,4.449,,1782849901,2026-06-30T20:05:01Z,TVC:US10Y
,,,-1.3750277223331175,,,1.6224862888482567,4.447,,1782850073,2026-06-30T20:07:53Z,TVC:US10Y
,,,-1.330671989354635,,,1.668190127970738,4.449,,1782850259,2026-06-30T20:10:59Z,TVC:US10Y
,,,-1.24196052339765,,,1.7595978062157211,4.453,,1782850442,2026-06-30T20:14:02Z,TVC:US10Y
,,,-1.24196052339765,,,1.7595978062157211,4.453,,1782850624,2026-06-30T20:17:04Z,TVC:US10Y
,,,-1.1976047904191676,,,1.805301645338202,4.455,,1782850802,2026-06-30T20:20:02Z,TVC:US10Y
,,,-1.1976047904191676,,,1.805301645338202,4.455,,1782850977,2026-06-30T20:22:57Z,TVC:US10Y
,,,-1.24196052339765,,,1.7595978062157211,4.453,,1782851163,2026-06-30T20:26:03Z,TVC:US10Y
,,,-1.2863162563761523,,,1.7138939670932194,4.451,,1782851344,2026-06-30T20:29:04Z,TVC:US10Y
,,,-1.2863162563761523,,,1.7138939670932194,4.451,,1782851527,2026-06-30T20:32:07Z,TVC:US10Y
,,,-1.1976047904191676,,,1.805301645338202,4.455,,1782851698,2026-06-30T20:34:58Z,TVC:US10Y
,,,-1.153249057440685,,,1.851005484460684,4.457,,1782851878,2026-06-30T20:37:58Z,TVC:US10Y
,,,-1.0645375914837,,,1.9424131627056664,4.461,,1782852062,2026-06-30T20:41:02Z,TVC:US10Y
,,,-1.0645375914837,,,1.9424131627056664,4.461,,1782852240,2026-06-30T20:44:00Z,TVC:US10Y
,,,-1.0645375914837,,,1.9424131627056664,4.461,,1782852419,2026-06-30T20:46:59Z,TVC:US10Y
,,,-1.0201818585052176,,,1.988117001828148,4.463,,1782852598,2026-06-30T20:49:58Z,TVC:US10Y
,,,-1.0201818585052176,,,1.988117001828148,4.463,,1782852780,2026-06-30T20:53:00Z,TVC:US10Y
,,,-0.975826125526735,,,2.0338208409506287,4.465,,1782852966,2026-06-30T20:56:06Z,TVC:US10Y
,,,-0.975826125526735,,,2.0338208409506287,4.465,,1782853137,2026-06-30T20:58:57Z,TVC:US10Y
,,,-0.8871146595697501,,,2.125228519195612,4.469,,1782853324,2026-06-30T21:02:04Z,TVC:US10Y
,,,-0.8871146595697501,,,2.125228519195612,4.469,,1782853499,2026-06-30T21:04:59Z,TVC:US10Y
,,,-1.0645375914837,,,1.9424131627056664,4.461,,1782853684,2026-06-30T21:08:04Z,TVC:US10Y
,,,-1.0645375914837,,,1.9424131627056664,4.461,,1782853854,2026-06-30T21:10:54Z,TVC:US10Y
,,,-1.0645375914837,,,1.9424131627056664,4.461,,1782854039,2026-06-30T21:13:59Z,TVC:US10Y
,,,-1.0645375914837,,,1.9424131627056664,4.461,,1782854212,2026-06-30T21:16:52Z,TVC:US10Y
,,,-1.0645375914837,,,1.9424131627056664,4.461,,1782854396,2026-06-30T21:19:56Z,TVC:US10Y
,,,-1.0645375914837,,,1.9424131627056664,4.461,,1782854579,2026-06-30T21:22:59Z,TVC:US10Y
,,,-1.0645375914837,,,1.9424131627056664,4.461,,1782854771,2026-06-30T21:26:11Z,TVC:US10Y
,,,-1.0645375914837,,,1.9424131627056664,4.461,,1782854940,2026-06-30T21:29:00Z,TVC:US10Y
,,,-1.0645375914837,,,1.9424131627056664,4.461,,1782855130,2026-06-30T21:32:10Z,TVC:US10Y
,,,-1.0645375914837,,,1.9424131627056664,4.461,,1782855302,2026-06-30T21:35:02Z,TVC:US10Y
,,,-1.0645375914837,,,1.9424131627056664,4.461,,1782855483,2026-06-30T21:38:03Z,TVC:US10Y
,,,-1.0645375914837,,,1.9424131627056664,4.461,,1782855661,2026-06-30T21:41:01Z,TVC:US10Y
,,,-1.0645375914837,,,1.9424131627056664,4.461,,1782855840,2026-06-30T21:44:00Z,TVC:US10Y
,,,-1.0645375914837,,,1.9424131627056664,4.461,,1782856015,2026-06-30T21:46:55Z,TVC:US10Y
,,,-1.0645375914837,,,1.9424131627056664,4.461,,1782856202,2026-06-30T21:50:02Z,TVC:US10Y
,,,-1.0645375914837,,,1.9424131627056664,4.461,,1782856380,2026-06-30T21:53:00Z,TVC:US10Y
,,,-1.0645375914837,,,1.9424131627056664,4.461,,1782856557,2026-06-30T21:55:57Z,TVC:US10Y
,,,-1.0645375914837,,,1.9424131627056664,4.461,,1782856740,2026-06-30T21:59:00Z,TVC:US10Y
,,,-1.0645375914837,,,1.9424131627056664,4.461,,1782856920,2026-06-30T22:02:00Z,TVC:US10Y
,,,-1.0645375914837,,,1.9424131627056664,4.461,,1782857094,2026-06-30T22:04:54Z,TVC:US10Y
,,,-1.0645375914837,,,1.9424131627056664,4.461,,1782857283,2026-06-30T22:08:03Z,TVC:US10Y
,,,-1.0645375914837,,,1.9424131627056664,4.461,,1782857460,2026-06-30T22:11:00Z,TVC:US10Y
,,,-1.0645375914837,,,1.9424131627056664,4.461,,1782857643,2026-06-30T22:14:03Z,TVC:US10Y
,,,-1.0645375914837,,,1.9424131627056664,4.461,,1782857824,2026-06-30T22:17:04Z,TVC:US10Y
,,,-1.0645375914837,,,1.9424131627056664,4.461,,1782858003,2026-06-30T22:20:03Z,TVC:US10Y
,,,-1.0645375914837,,,1.9424131627056664,4.461,,1782858182,2026-06-30T22:23:02Z,TVC:US10Y
,,,-1.0645375914837,,,1.9424131627056664,4.461,,1782858361,2026-06-30T22:26:01Z,TVC:US10Y
,,,-1.0645375914837,,,1.9424131627056664,4.461,,1782858541,2026-06-30T22:29:01Z,TVC:US10Y
,,,-1.0645375914837,,,1.9424131627056664,4.461,,1782858715,2026-06-30T22:31:55Z,TVC:US10Y
,,,-1.0645375914837,,,1.9424131627056664,4.461,,1782858900,2026-06-30T22:35:00Z,TVC:US10Y
,,,-1.0645375914837,,,1.9424131627056664,4.461,,1782859074,2026-06-30T22:37:54Z,TVC:US10Y
,,,-1.0645375914837,,,1.9424131627056664,4.461,,1782859265,2026-06-30T22:41:05Z,TVC:US10Y
,,,-1.0645375914837,,,1.9424131627056664,4.461,,1782859434,2026-06-30T22:43:54Z,TVC:US10Y
,,,-1.0645375914837,,,1.9424131627056664,4.461,,1782859623,2026-06-30T22:47:03Z,TVC:US10Y
,,,-1.0645375914837,,,1.9424131627056664,4.461,,1782859798,2026-06-30T22:49:58Z,TVC:US10Y
,,,-1.0645375914837,,,1.9424131627056664,4.461,,1782859981,2026-06-30T22:53:01Z,TVC:US10Y
,,,-1.0645375914837,,,1.9424131627056664,4.461,,1782860164,2026-06-30T22:56:04Z,TVC:US10Y
,,,-1.0645375914837,,,1.9424131627056664,4.461,,1782860346,2026-06-30T22:59:06Z,TVC:US10Y
,,,-1.0645375914837,,,1.9424131627056664,4.461,,1782860520,2026-06-30T23:02:00Z,TVC:US10Y
,,,-1.0645375914837,,,1.9424131627056664,4.461,,1782860700,2026-06-30T23:05:00Z,TVC:US10Y
,,,-1.0645375914837,,,1.9424131627056664,4.461,,1782860883,2026-06-30T23:08:03Z,TVC:US10Y
,,,-1.0645375914837,,,1.9424131627056664,4.461,,1782861065,2026-06-30T23:11:05Z,TVC:US10Y
,,,-1.0645375914837,,,1.9424131627056664,4.461,,1782861244,2026-06-30T23:14:04Z,TVC:US10Y
,,,-1.0645375914837,,,1.9424131627056664,4.461,,1782861422,2026-06-30T23:17:02Z,TVC:US10Y
,,,-1.0645375914837,,,1.9424131627056664,4.461,,1782861604,2026-06-30T23:20:04Z,TVC:US10Y
,,,-1.0645375914837,,,1.9424131627056664,4.461,,1782861783,2026-06-30T23:23:03Z,TVC:US10Y
,,,-1.0645375914837,,,1.9424131627056664,4.461,,1782861960,2026-06-30T23:26:00Z,TVC:US10Y
,,,-1.0645375914837,,,1.9424131627056664,4.461,,1782862137,2026-06-30T23:28:57Z,TVC:US10Y
,,,-1.0645375914837,,,1.9424131627056664,4.461,,1782862324,2026-06-30T23:32:04Z,TVC:US10Y
,,,-1.0645375914837,,,1.9424131627056664,4.461,,1782862496,2026-06-30T23:34:56Z,TVC:US10Y
,,,-1.0645375914837,,,1.9424131627056664,4.461,,1782862677,2026-06-30T23:37:57Z,TVC:US10Y
,,,-1.0645375914837,,,1.9424131627056664,4.461,,1782862864,2026-06-30T23:41:04Z,TVC:US10Y
,,,-1.0645375914837,,,1.9424131627056664,4.461,,1782863040,2026-06-30T23:44:00Z,TVC:US10Y
,,,-1.0645375914837,,,1.9424131627056664,4.461,,1782863223,2026-06-30T23:47:03Z,TVC:US10Y
,,,-1.0645375914837,,,1.9424131627056664,4.461,,1782863402,2026-06-30T23:50:02Z,TVC:US10Y
,,,-1.0645375914837,,,1.9424131627056664,4.461,,1782863581,2026-06-30T23:53:01Z,TVC:US10Y
,,,-1.0645375914837,,,1.9424131627056664,4.461,,1782863762,2026-06-30T23:56:02Z,TVC:US10Y
,,,-1.0645375914837,,,1.9424131627056664,4.461,,1782863943,2026-06-30T23:59:03Z,TVC:US10Y
