ADX,BBPower,CCI20,Perf.W,Pivot.M.Camarilla.R3,RSI,change,close,volume,timestamp_utc,fecha_iso,simbolo
34.299824415081645,-0.1712961848541567,17.156667209392825,-2.5696078431372587,519.0545,57.308359764186015,0.9046787425879264,496.895,8020176,1789154866,2026-09-11T19:27:46Z,NASDAQ:MSFT
34.299824415081645,-0.2798676134255515,18.186465896955493,-2.4950980392156907,519.0545,57.49258361871851,0.9818455040207904,497.275,8080555,1789155043,2026-09-11T19:30:43Z,NASDAQ:MSFT
34.299824415081645,-0.1955818991398814,17.387179371267145,-2.5529411764705845,519.0545,57.34970624127268,0.9219397286979164,496.98,8133866,1789155227,2026-09-11T19:33:47Z,NASDAQ:MSFT
34.299824415081645,-0.2512961848541977,17.915647563685255,-2.514705882352939,519.0545,57.444257980897696,0.9615384615384645,497.175,8197584,1789155408,2026-09-11T19:36:48Z,NASDAQ:MSFT
34.299824415081645,-0.2055818991398723,17.482068916008835,-2.5460784313725515,519.0545,57.366707992531154,0.9290471935667266,497.015,8258768,1789155583,2026-09-11T19:39:43Z,NASDAQ:MSFT
34.299824415081645,-0.2084390419969963,17.509177298149048,-2.544117647058828,519.0545,57.3715631463618,0.931077897814958,497.025,8321735,1789155764,2026-09-11T19:42:44Z,NASDAQ:MSFT
34.299824415081645,-0.229867613425597,17.71244886099321,-2.529411764705878,519.0545,57.4079415819423,0.946308179676717,497.1,8367429,1789155944,2026-09-11T19:45:44Z,NASDAQ:MSFT
34.299824415081645,-0.1784390419970236,17.22447463048354,-2.564705882352938,519.0545,57.320528811998926,0.9097555032085164,496.92,8420316,1789156124,2026-09-11T19:48:44Z,NASDAQ:MSFT
34.299824415081645,-0.1984390419970054,17.414292290098462,-2.550980392156861,519.0545,57.3545652680331,0.923970432946148,496.99,8472266,1789156303,2026-09-11T19:51:43Z,NASDAQ:MSFT
34.299824415081645,-0.2212961848541113,17.631148981267604,-2.53529411764706,519.0545,57.39339766100224,0.9402160669320112,497.07,8518347,1789156487,2026-09-11T19:54:47Z,NASDAQ:MSFT
34.299824415081645,-0.232724756282721,17.73954623019437,-2.527450980392154,519.0545,57.41278734934176,0.9483388839249484,497.11,8572393,1789156667,2026-09-11T19:57:47Z,NASDAQ:MSFT
34.299824415081645,-0.1641533277112898,17.088851680820525,-2.574509803921568,519.0545,57.29618377495818,0.8996019819673475,496.87,8627311,1789156845,2026-09-11T20:00:45Z,NASDAQ:MSFT
34.299824415081645,-0.1827247562827665,17.265155192149514,-2.5617647058823523,519.0545,57.32782691127637,0.9128015595808636,496.935,8692263,1789157022,2026-09-11T20:03:42Z,NASDAQ:MSFT
34.299824415081645,-0.1127247562827165,16.60034041050238,-2.609803921568628,519.0545,57.20831120317443,0.8654252294695839,496.7017,8817627,1789157201,2026-09-11T20:06:41Z,NASDAQ:MSFT
34.299824415081645,-0.1898676134255197,17.332949644291105,-2.556862745098043,519.0545,57.33998486516555,0.9178783202014422,496.96,8987408,1789157385,2026-09-11T20:09:45Z,NASDAQ:MSFT
34.299824415081645,0.0415609580030036,15.132278957621644,-2.7156862745098085,519.0545,56.942510202407085,0.7533912760945455,496.15,9215598,1789157563,2026-09-11T20:12:43Z,NASDAQ:MSFT
34.299824415081645,0.1901323865744757,13.714996067287936,-2.8176470588235305,519.0545,56.68341403486877,0.6477946551864182,495.63,13415343,1789157743,2026-09-11T20:15:43Z,NASDAQ:MSFT
34.299824415081645,0.1901323865744757,13.714996067287936,-2.8176470588235305,519.0545,56.68341403486877,0.6477946551864182,495.63,13746503,1789157923,2026-09-11T20:18:43Z,NASDAQ:MSFT
34.299824415081645,0.1901323865744757,13.714996067287936,-2.8176470588235305,519.0545,56.68341403486877,0.6477946551864182,495.63,13760414,1789158106,2026-09-11T20:21:46Z,NASDAQ:MSFT
34.299824415081645,0.1901323865744757,13.714996067287936,-2.8176470588235305,519.0545,56.68341403486877,0.6477946551864182,495.63,13761051,1789158284,2026-09-11T20:24:44Z,NASDAQ:MSFT
34.299824415081645,0.1901323865744757,13.714996067287936,-2.8176470588235305,519.0545,56.68341403486877,0.6477946551864182,495.63,13777512,1789158465,2026-09-11T20:27:45Z,NASDAQ:MSFT
34.299824415081645,0.1901323865744757,13.714996067287936,-2.8176470588235305,519.0545,56.68341403486877,0.6477946551864182,495.63,13777806,1789158642,2026-09-11T20:30:42Z,NASDAQ:MSFT
34.299824415081645,0.1901323865744757,13.714996067287936,-2.8176470588235305,519.0545,56.68341403486877,0.6477946551864182,495.63,13778770,1789158823,2026-09-11T20:33:43Z,NASDAQ:MSFT
34.299824415081645,0.1901323865744757,13.714996067287936,-2.8176470588235305,519.0545,56.68341403486877,0.6477946551864182,495.63,13782352,1789159004,2026-09-11T20:36:44Z,NASDAQ:MSFT
34.299824415081645,0.1901323865744757,13.714996067287936,-2.8176470588235305,519.0545,56.68341403486877,0.6477946551864182,495.63,13782826,1789159183,2026-09-11T20:39:43Z,NASDAQ:MSFT
34.299824415081645,0.1901323865744757,13.714996067287936,-2.8176470588235305,519.0545,56.68341403486877,0.6477946551864182,495.63,13783405,1789159367,2026-09-11T20:42:47Z,NASDAQ:MSFT
34.299824415081645,0.1901323865744757,13.714996067287936,-2.8176470588235305,519.0545,56.68341403486877,0.6477946551864182,495.63,13783703,1789159544,2026-09-11T20:45:44Z,NASDAQ:MSFT
34.299824415081645,0.1901323865744757,13.714996067287936,-2.8176470588235305,519.0545,56.68341403486877,0.6477946551864182,495.63,13784276,1789159725,2026-09-11T20:48:45Z,NASDAQ:MSFT
34.299824415081645,0.1901323865744757,13.714996067287936,-2.8176470588235305,519.0545,56.68341403486877,0.6477946551864182,495.63,13784973,1789159901,2026-09-11T20:51:41Z,NASDAQ:MSFT
34.299824415081645,0.1901323865744757,13.714996067287936,-2.8176470588235305,519.0545,56.68341403486877,0.6477946551864182,495.63,13785043,1789160083,2026-09-11T20:54:43Z,NASDAQ:MSFT
34.299824415081645,0.1901323865744757,13.714996067287936,-2.8176470588235305,519.0545,56.68341403486877,0.6477946551864182,495.63,13811739,1789160266,2026-09-11T20:57:46Z,NASDAQ:MSFT
34.299824415081645,0.1901323865744757,13.714996067287936,-2.8176470588235305,519.0545,56.68341403486877,0.6477946551864182,495.63,13821539,1789160444,2026-09-11T21:00:44Z,NASDAQ:MSFT
34.299824415081645,0.1901323865744757,13.714996067287936,-2.8176470588235305,519.0545,56.68341403486877,0.6477946551864182,495.63,13826130,1789160622,2026-09-11T21:03:42Z,NASDAQ:MSFT
34.299824415081645,0.1901323865744757,13.714996067287936,-2.8176470588235305,519.0545,56.68341403486877,0.6477946551864182,495.63,13827880,1789160804,2026-09-11T21:06:44Z,NASDAQ:MSFT
34.299824415081645,0.1901323865744757,13.714996067287936,-2.8176470588235305,519.0545,56.68341403486877,0.6477946551864182,495.63,13828061,1789160985,2026-09-11T21:09:45Z,NASDAQ:MSFT
34.299824415081645,0.1901323865744757,13.714996067287936,-2.8176470588235305,519.0545,56.68341403486877,0.6477946551864182,495.63,13828179,1789161166,2026-09-11T21:12:46Z,NASDAQ:MSFT
34.299824415081645,0.1901323865744757,13.714996067287936,-2.8176470588235305,519.0545,56.68341403486877,0.6477946551864182,495.63,14279635,1789161344,2026-09-11T21:15:44Z,NASDAQ:MSFT
34.299824415081645,0.1901323865744757,13.714996067287936,-2.8176470588235305,519.0545,56.68341403486877,0.6477946551864182,495.63,14279903,1789161524,2026-09-11T21:18:44Z,NASDAQ:MSFT
34.299824415081645,0.1901323865744757,13.714996067287936,-2.8176470588235305,519.0545,56.68341403486877,0.6477946551864182,495.63,14280272,1789161702,2026-09-11T21:21:42Z,NASDAQ:MSFT
34.299824415081645,0.1901323865744757,13.714996067287936,-2.8176470588235305,519.0545,56.68341403486877,0.6477946551864182,495.63,14280816,1789161884,2026-09-11T21:24:44Z,NASDAQ:MSFT
34.299824415081645,0.1901323865744757,13.714996067287936,-2.8176470588235305,519.0545,56.68341403486877,0.6477946551864182,495.63,14281001,1789162064,2026-09-11T21:27:44Z,NASDAQ:MSFT
34.299824415081645,0.1901323865744757,13.714996067287936,-2.8176470588235305,519.0545,56.68341403486877,0.6477946551864182,495.63,14281144,1789162245,2026-09-11T21:30:45Z,NASDAQ:MSFT
34.299824415081645,0.1901323865744757,13.714996067287936,-2.8176470588235305,519.0545,56.68341403486877,0.6477946551864182,495.63,14281235,1789162424,2026-09-11T21:33:44Z,NASDAQ:MSFT
34.299824415081645,0.1901323865744757,13.714996067287936,-2.8176470588235305,519.0545,56.68341403486877,0.6477946551864182,495.63,14281651,1789162604,2026-09-11T21:36:44Z,NASDAQ:MSFT
34.299824415081645,0.1901323865744757,13.714996067287936,-2.8176470588235305,519.0545,56.68341403486877,0.6477946551864182,495.63,14490089,1789162786,2026-09-11T21:39:46Z,NASDAQ:MSFT
34.299824415081645,0.1901323865744757,13.714996067287936,-2.8176470588235305,519.0545,56.68341403486877,0.6477946551864182,495.63,14500186,1789162961,2026-09-11T21:42:41Z,NASDAQ:MSFT
34.299824415081645,0.1901323865744757,13.714996067287936,-2.8176470588235305,519.0545,56.68341403486877,0.6477946551864182,495.63,14500363,1789163144,2026-09-11T21:45:44Z,NASDAQ:MSFT
34.299824415081645,0.1901323865744757,13.714996067287936,-2.8176470588235305,519.0545,56.68341403486877,0.6477946551864182,495.63,14506360,1789163326,2026-09-11T21:48:46Z,NASDAQ:MSFT
34.299824415081645,0.1901323865744757,13.714996067287936,-2.8176470588235305,519.0545,56.68341403486877,0.6477946551864182,495.63,14506552,1789163502,2026-09-11T21:51:42Z,NASDAQ:MSFT
34.299824415081645,0.1901323865744757,13.714996067287936,-2.8176470588235305,519.0545,56.68341403486877,0.6477946551864182,495.63,14506697,1789163683,2026-09-11T21:54:43Z,NASDAQ:MSFT
34.299824415081645,0.1901323865744757,13.714996067287936,-2.8176470588235305,519.0545,56.68341403486877,0.6477946551864182,495.63,14506718,1789163861,2026-09-11T21:57:41Z,NASDAQ:MSFT
34.299824415081645,0.1901323865744757,13.714996067287936,-2.8176470588235305,519.0545,56.68341403486877,0.6477946551864182,495.63,14518435,1789362043,2026-09-14T05:00:43Z,NASDAQ:MSFT
34.299824415081645,0.1901323865744757,13.714996067287936,-2.8176470588235305,519.0545,56.68341403486877,0.6477946551864182,495.63,14518435,1789362224,2026-09-14T05:03:44Z,NASDAQ:MSFT
34.299824415081645,0.1901323865744757,13.714996067287936,-2.8176470588235305,519.0545,56.68341403486877,0.6477946551864182,495.63,14518435,1789362401,2026-09-14T05:06:41Z,NASDAQ:MSFT
34.299824415081645,0.1901323865744757,13.714996067287936,-2.8176470588235305,519.0545,56.68341403486877,0.6477946551864182,495.63,14518435,1789362582,2026-09-14T05:09:42Z,NASDAQ:MSFT
34.299824415081645,0.1901323865744757,13.714996067287936,-2.8176470588235305,519.0545,56.68341403486877,0.6477946551864182,495.63,14518435,1789362762,2026-09-14T05:12:42Z,NASDAQ:MSFT
34.299824415081645,0.1901323865744757,13.714996067287936,-2.8176470588235305,519.0545,56.68341403486877,0.6477946551864182,495.63,14518435,1789362946,2026-09-14T05:15:46Z,NASDAQ:MSFT
34.299824415081645,0.1901323865744757,13.714996067287936,-2.8176470588235305,519.0545,56.68341403486877,0.6477946551864182,495.63,14518435,1789363120,2026-09-14T05:18:40Z,NASDAQ:MSFT
34.299824415081645,0.1901323865744757,13.714996067287936,-2.8176470588235305,519.0545,56.68341403486877,0.6477946551864182,495.63,14518435,1789363304,2026-09-14T05:21:44Z,NASDAQ:MSFT
34.299824415081645,0.1901323865744757,13.714996067287936,-2.8176470588235305,519.0545,56.68341403486877,0.6477946551864182,495.63,14518435,1789363482,2026-09-14T05:24:42Z,NASDAQ:MSFT
34.299824415081645,0.1901323865744757,13.714996067287936,-2.8176470588235305,519.0545,56.68341403486877,0.6477946551864182,495.63,14518435,1789363662,2026-09-14T05:27:42Z,NASDAQ:MSFT
34.299824415081645,0.1901323865744757,13.714996067287936,-2.8176470588235305,519.0545,56.68341403486877,0.6477946551864182,495.63,14518435,1789363841,2026-09-14T05:30:41Z,NASDAQ:MSFT
34.299824415081645,0.1901323865744757,13.714996067287936,-2.8176470588235305,519.0545,56.68341403486877,0.6477946551864182,495.63,14518435,1789364021,2026-09-14T05:33:41Z,NASDAQ:MSFT
34.299824415081645,0.1901323865744757,13.714996067287936,-2.8176470588235305,519.0545,56.68341403486877,0.6477946551864182,495.63,14518435,1789364204,2026-09-14T05:36:44Z,NASDAQ:MSFT
34.299824415081645,0.1901323865744757,13.714996067287936,-2.8176470588235305,519.0545,56.68341403486877,0.6477946551864182,495.63,14518435,1789364381,2026-09-14T05:39:41Z,NASDAQ:MSFT
34.299824415081645,0.1901323865744757,13.714996067287936,-2.8176470588235305,519.0545,56.68341403486877,0.6477946551864182,495.63,14518435,1789364564,2026-09-14T05:42:44Z,NASDAQ:MSFT
34.299824415081645,0.1901323865744757,13.714996067287936,-2.8176470588235305,519.0545,56.68341403486877,0.6477946551864182,495.63,14518435,1789364743,2026-09-14T05:45:43Z,NASDAQ:MSFT
34.299824415081645,0.1901323865744757,13.714996067287936,-2.8176470588235305,519.0545,56.68341403486877,0.6477946551864182,495.63,14518435,1789364926,2026-09-14T05:48:46Z,NASDAQ:MSFT
34.299824415081645,0.1901323865744757,13.714996067287936,-2.8176470588235305,519.0545,56.68341403486877,0.6477946551864182,495.63,14518435,1789365103,2026-09-14T05:51:43Z,NASDAQ:MSFT
34.299824415081645,0.1901323865744757,13.714996067287936,-2.8176470588235305,519.0545,56.68341403486877,0.6477946551864182,495.63,14518435,1789365283,2026-09-14T05:54:43Z,NASDAQ:MSFT
34.299824415081645,0.1901323865744757,13.714996067287936,-2.8176470588235305,519.0545,56.68341403486877,0.6477946551864182,495.63,14518435,1789365463,2026-09-14T05:57:43Z,NASDAQ:MSFT
34.299824415081645,0.1901323865744757,13.714996067287936,-2.8176470588235305,519.0545,56.68341403486877,0.6477946551864182,495.63,14518435,1789365644,2026-09-14T06:00:44Z,NASDAQ:MSFT
34.299824415081645,0.1901323865744757,13.714996067287936,-2.8176470588235305,519.0545,56.68341403486877,0.6477946551864182,495.63,14518435,1789365819,2026-09-14T06:03:39Z,NASDAQ:MSFT
34.299824415081645,0.1901323865744757,13.714996067287936,-2.8176470588235305,519.0545,56.68341403486877,0.6477946551864182,495.63,14518435,1789366000,2026-09-14T06:06:40Z,NASDAQ:MSFT
34.299824415081645,0.1901323865744757,13.714996067287936,-2.8176470588235305,519.0545,56.68341403486877,0.6477946551864182,495.63,14518435,1789366186,2026-09-14T06:09:46Z,NASDAQ:MSFT
34.299824415081645,0.1901323865744757,13.714996067287936,-2.8176470588235305,519.0545,56.68341403486877,0.6477946551864182,495.63,14518435,1789366364,2026-09-14T06:12:44Z,NASDAQ:MSFT
34.299824415081645,0.1901323865744757,13.714996067287936,-2.8176470588235305,519.0545,56.68341403486877,0.6477946551864182,495.63,14518435,1789366543,2026-09-14T06:15:43Z,NASDAQ:MSFT
34.299824415081645,0.1901323865744757,13.714996067287936,-2.8176470588235305,519.0545,56.68341403486877,0.6477946551864182,495.63,14518435,1789366721,2026-09-14T06:18:41Z,NASDAQ:MSFT
34.299824415081645,0.1901323865744757,13.714996067287936,-2.8176470588235305,519.0545,56.68341403486877,0.6477946551864182,495.63,14518435,1789366904,2026-09-14T06:21:44Z,NASDAQ:MSFT
34.299824415081645,0.1901323865744757,13.714996067287936,-2.8176470588235305,519.0545,56.68341403486877,0.6477946551864182,495.63,14518435,1789367081,2026-09-14T06:24:41Z,NASDAQ:MSFT
34.299824415081645,0.1901323865744757,13.714996067287936,-2.8176470588235305,519.0545,56.68341403486877,0.6477946551864182,495.63,14518435,1789367261,2026-09-14T06:27:41Z,NASDAQ:MSFT
34.299824415081645,0.1901323865744757,13.714996067287936,-2.8176470588235305,519.0545,56.68341403486877,0.6477946551864182,495.63,14518435,1789367442,2026-09-14T06:30:42Z,NASDAQ:MSFT
34.299824415081645,0.1901323865744757,13.714996067287936,-2.8176470588235305,519.0545,56.68341403486877,0.6477946551864182,495.63,14518435,1789367627,2026-09-14T06:33:47Z,NASDAQ:MSFT
34.299824415081645,0.1901323865744757,13.714996067287936,-2.8176470588235305,519.0545,56.68341403486877,0.6477946551864182,495.63,14518435,1789367805,2026-09-14T06:36:45Z,NASDAQ:MSFT
34.299824415081645,0.1901323865744757,13.714996067287936,-2.8176470588235305,519.0545,56.68341403486877,0.6477946551864182,495.63,14518435,1789367983,2026-09-14T06:39:43Z,NASDAQ:MSFT
34.299824415081645,0.1901323865744757,13.714996067287936,-2.8176470588235305,519.0545,56.68341403486877,0.6477946551864182,495.63,14518435,1789368164,2026-09-14T06:42:44Z,NASDAQ:MSFT
34.299824415081645,0.1901323865744757,13.714996067287936,-2.8176470588235305,519.0545,56.68341403486877,0.6477946551864182,495.63,14518435,1789368345,2026-09-14T06:45:45Z,NASDAQ:MSFT
34.299824415081645,0.1901323865744757,13.714996067287936,-2.8176470588235305,519.0545,56.68341403486877,0.6477946551864182,495.63,14518435,1789368522,2026-09-14T06:48:42Z,NASDAQ:MSFT
34.299824415081645,0.1901323865744757,13.714996067287936,-2.8176470588235305,519.0545,56.68341403486877,0.6477946551864182,495.63,14518435,1789368703,2026-09-14T06:51:43Z,NASDAQ:MSFT
34.299824415081645,0.1901323865744757,13.714996067287936,-2.8176470588235305,519.0545,56.68341403486877,0.6477946551864182,495.63,14518435,1789368884,2026-09-14T06:54:44Z,NASDAQ:MSFT
34.299824415081645,0.1901323865744757,13.714996067287936,-2.8176470588235305,519.0545,56.68341403486877,0.6477946551864182,495.63,14518435,1789369066,2026-09-14T06:57:46Z,NASDAQ:MSFT
34.299824415081645,0.1901323865744757,13.714996067287936,-2.8176470588235305,519.0545,56.68341403486877,0.6477946551864182,495.63,14518435,1789369243,2026-09-14T07:00:43Z,NASDAQ:MSFT
34.299824415081645,0.1901323865744757,13.714996067287936,-2.8176470588235305,519.0545,56.68341403486877,0.6477946551864182,495.63,14518435,1789369421,2026-09-14T07:03:41Z,NASDAQ:MSFT
34.299824415081645,0.1901323865744757,13.714996067287936,-2.8176470588235305,519.0545,56.68341403486877,0.6477946551864182,495.63,14518435,1789369606,2026-09-14T07:06:46Z,NASDAQ:MSFT
34.299824415081645,0.1901323865744757,13.714996067287936,-2.8176470588235305,519.0545,56.68341403486877,0.6477946551864182,495.63,14518435,1789369785,2026-09-14T07:09:45Z,NASDAQ:MSFT
34.299824415081645,0.1901323865744757,13.714996067287936,-2.8176470588235305,519.0545,56.68341403486877,0.6477946551864182,495.63,14518435,1789369963,2026-09-14T07:12:43Z,NASDAQ:MSFT
34.299824415081645,0.1901323865744757,13.714996067287936,-2.8176470588235305,519.0545,56.68341403486877,0.6477946551864182,495.63,14518435,1789370145,2026-09-14T07:15:45Z,NASDAQ:MSFT
34.299824415081645,0.1901323865744757,13.714996067287936,-2.8176470588235305,519.0545,56.68341403486877,0.6477946551864182,495.63,14518435,1789370324,2026-09-14T07:18:44Z,NASDAQ:MSFT
34.299824415081645,0.1901323865744757,13.714996067287936,-2.8176470588235305,519.0545,56.68341403486877,0.6477946551864182,495.63,14518435,1789370505,2026-09-14T07:21:45Z,NASDAQ:MSFT
34.299824415081645,0.1901323865744757,13.714996067287936,-2.8176470588235305,519.0545,56.68341403486877,0.6477946551864182,495.63,14518435,1789370681,2026-09-14T07:24:41Z,NASDAQ:MSFT
34.299824415081645,0.1901323865744757,13.714996067287936,-2.8176470588235305,519.0545,56.68341403486877,0.6477946551864182,495.63,14518435,1789370864,2026-09-14T07:27:44Z,NASDAQ:MSFT
34.299824415081645,0.1901323865744757,13.714996067287936,-2.8176470588235305,519.0545,56.68341403486877,0.6477946551864182,495.63,14518435,1789371042,2026-09-14T07:30:42Z,NASDAQ:MSFT
34.299824415081645,0.1901323865744757,13.714996067287936,-2.8176470588235305,519.0545,56.68341403486877,0.6477946551864182,495.63,14518435,1789371224,2026-09-14T07:33:44Z,NASDAQ:MSFT
34.299824415081645,0.1901323865744757,13.714996067287936,-2.8176470588235305,519.0545,56.68341403486877,0.6477946551864182,495.63,14518435,1789371404,2026-09-14T07:36:44Z,NASDAQ:MSFT
34.299824415081645,0.1901323865744757,13.714996067287936,-2.8176470588235305,519.0545,56.68341403486877,0.6477946551864182,495.63,14518435,1789371581,2026-09-14T07:39:41Z,NASDAQ:MSFT
34.299824415081645,0.1901323865744757,13.714996067287936,-2.8176470588235305,519.0545,56.68341403486877,0.6477946551864182,495.63,14518435,1789371762,2026-09-14T07:42:42Z,NASDAQ:MSFT
34.299824415081645,0.1901323865744757,13.714996067287936,-2.8176470588235305,519.0545,56.68341403486877,0.6477946551864182,495.63,14518435,1789371945,2026-09-14T07:45:45Z,NASDAQ:MSFT
34.299824415081645,0.1901323865744757,13.714996067287936,-2.8176470588235305,519.0545,56.68341403486877,0.6477946551864182,495.63,14518435,1789372125,2026-09-14T07:48:45Z,NASDAQ:MSFT
34.299824415081645,0.1901323865744757,13.714996067287936,-2.8176470588235305,519.0545,56.68341403486877,0.6477946551864182,495.63,14518435,1789372303,2026-09-14T07:51:43Z,NASDAQ:MSFT
34.299824415081645,0.1901323865744757,13.714996067287936,-2.8176470588235305,519.0545,56.68341403486877,0.6477946551864182,495.63,14518435,1789372483,2026-09-14T07:54:43Z,NASDAQ:MSFT
34.299824415081645,0.1901323865744757,13.714996067287936,-2.8176470588235305,519.0545,56.68341403486877,0.6477946551864182,495.63,14518435,1789372661,2026-09-14T07:57:41Z,NASDAQ:MSFT
34.299824415081645,0.1901323865744757,13.714996067287936,-2.8176470588235305,519.0545,56.68341403486877,0.6477946551864182,495.63,14518435,1789372844,2026-09-14T08:00:44Z,NASDAQ:MSFT
34.299824415081645,0.1901323865744757,13.714996067287936,-2.8176470588235305,519.0545,56.68341403486877,0.6477946551864182,495.63,14518435,1789373026,2026-09-14T08:03:46Z,NASDAQ:MSFT
34.299824415081645,0.1901323865744757,13.714996067287936,-2.8176470588235305,519.0545,56.68341403486877,0.6477946551864182,495.63,14518435,1789373205,2026-09-14T08:06:45Z,NASDAQ:MSFT
34.299824415081645,0.1901323865744757,13.714996067287936,-2.8176470588235305,519.0545,56.68341403486877,0.6477946551864182,495.63,14518435,1789373385,2026-09-14T08:09:45Z,NASDAQ:MSFT
34.299824415081645,0.1901323865744757,13.714996067287936,-2.8176470588235305,519.0545,56.68341403486877,0.6477946551864182,495.63,14518435,1789373564,2026-09-14T08:12:44Z,NASDAQ:MSFT
34.299824415081645,0.1901323865744757,13.714996067287936,-2.8176470588235305,519.0545,56.68341403486877,0.6477946551864182,495.63,14518435,1789373743,2026-09-14T08:15:43Z,NASDAQ:MSFT
34.299824415081645,0.1901323865744757,13.714996067287936,-2.8176470588235305,519.0545,56.68341403486877,0.6477946551864182,495.63,14518435,1789373924,2026-09-14T08:18:44Z,NASDAQ:MSFT
34.299824415081645,0.1901323865744757,13.714996067287936,-2.8176470588235305,519.0545,56.68341403486877,0.6477946551864182,495.63,14518435,1789374104,2026-09-14T08:21:44Z,NASDAQ:MSFT
34.299824415081645,0.1901323865744757,13.714996067287936,-2.8176470588235305,519.0545,56.68341403486877,0.6477946551864182,495.63,14518435,1789374286,2026-09-14T08:24:46Z,NASDAQ:MSFT
34.299824415081645,0.1901323865744757,13.714996067287936,-2.8176470588235305,519.0545,56.68341403486877,0.6477946551864182,495.63,14518435,1789374462,2026-09-14T08:27:42Z,NASDAQ:MSFT
34.299824415081645,0.1901323865744757,13.714996067287936,-2.8176470588235305,519.0545,56.68341403486877,0.6477946551864182,495.63,14518435,1789374642,2026-09-14T08:30:42Z,NASDAQ:MSFT
34.299824415081645,0.1901323865744757,13.714996067287936,-2.8176470588235305,519.0545,56.68341403486877,0.6477946551864182,495.63,14518435,1789374826,2026-09-14T08:33:46Z,NASDAQ:MSFT
34.299824415081645,0.1901323865744757,13.714996067287936,-2.8176470588235305,519.0545,56.68341403486877,0.6477946551864182,495.63,14518435,1789375004,2026-09-14T08:36:44Z,NASDAQ:MSFT
34.299824415081645,0.1901323865744757,13.714996067287936,-2.8176470588235305,519.0545,56.68341403486877,0.6477946551864182,495.63,14518435,1789375186,2026-09-14T08:39:46Z,NASDAQ:MSFT
34.299824415081645,0.1901323865744757,13.714996067287936,-2.8176470588235305,519.0545,56.68341403486877,0.6477946551864182,495.63,14518435,1789375363,2026-09-14T08:42:43Z,NASDAQ:MSFT
34.299824415081645,0.1901323865744757,13.714996067287936,-2.8176470588235305,519.0545,56.68341403486877,0.6477946551864182,495.63,14518435,1789375544,2026-09-14T08:45:44Z,NASDAQ:MSFT
34.299824415081645,0.1901323865744757,13.714996067287936,-2.8176470588235305,519.0545,56.68341403486877,0.6477946551864182,495.63,14518435,1789375723,2026-09-14T08:48:43Z,NASDAQ:MSFT
34.299824415081645,0.1901323865744757,13.714996067287936,-2.8176470588235305,519.0545,56.68341403486877,0.6477946551864182,495.63,14518435,1789375904,2026-09-14T08:51:44Z,NASDAQ:MSFT
34.299824415081645,0.1901323865744757,13.714996067287936,-2.8176470588235305,519.0545,56.68341403486877,0.6477946551864182,495.63,14518435,1789376085,2026-09-14T08:54:45Z,NASDAQ:MSFT
34.299824415081645,0.1901323865744757,13.714996067287936,-2.8176470588235305,519.0545,56.68341403486877,0.6477946551864182,495.63,14518435,1789376267,2026-09-14T08:57:47Z,NASDAQ:MSFT
34.299824415081645,0.1901323865744757,13.714996067287936,-2.8176470588235305,519.0545,56.68341403486877,0.6477946551864182,495.63,14518435,1789376442,2026-09-14T09:00:42Z,NASDAQ:MSFT
34.299824415081645,0.1901323865744757,13.714996067287936,-2.8176470588235305,519.0545,56.68341403486877,0.6477946551864182,495.63,14518435,1789376623,2026-09-14T09:03:43Z,NASDAQ:MSFT
34.299824415081645,0.1901323865744757,13.714996067287936,-2.8176470588235305,519.0545,56.68341403486877,0.6477946551864182,495.63,14518435,1789376805,2026-09-14T09:06:45Z,NASDAQ:MSFT
34.299824415081645,0.1901323865744757,13.714996067287936,-2.8176470588235305,519.0545,56.68341403486877,0.6477946551864182,495.63,14518435,1789376981,2026-09-14T09:09:41Z,NASDAQ:MSFT
34.299824415081645,0.1901323865744757,13.714996067287936,-2.8176470588235305,519.0545,56.68341403486877,0.6477946551864182,495.63,14518435,1789377166,2026-09-14T09:12:46Z,NASDAQ:MSFT
34.299824415081645,0.1901323865744757,13.714996067287936,-2.8176470588235305,519.0545,56.68341403486877,0.6477946551864182,495.63,14518435,1789377344,2026-09-14T09:15:44Z,NASDAQ:MSFT
34.299824415081645,0.1901323865744757,13.714996067287936,-2.8176470588235305,519.0545,56.68341403486877,0.6477946551864182,495.63,14518435,1789377523,2026-09-14T09:18:43Z,NASDAQ:MSFT
34.299824415081645,0.1901323865744757,13.714996067287936,-2.8176470588235305,519.0545,56.68341403486877,0.6477946551864182,495.63,14518435,1789377704,2026-09-14T09:21:44Z,NASDAQ:MSFT
34.299824415081645,0.1901323865744757,13.714996067287936,-2.8176470588235305,519.0545,56.68341403486877,0.6477946551864182,495.63,14518435,1789377884,2026-09-14T09:24:44Z,NASDAQ:MSFT
34.299824415081645,0.1901323865744757,13.714996067287936,-2.8176470588235305,519.0545,56.68341403486877,0.6477946551864182,495.63,14518435,1789378064,2026-09-14T09:27:44Z,NASDAQ:MSFT
34.299824415081645,0.1901323865744757,13.714996067287936,-2.8176470588235305,519.0545,56.68341403486877,0.6477946551864182,495.63,14518435,1789378242,2026-09-14T09:30:42Z,NASDAQ:MSFT
34.299824415081645,0.1901323865744757,13.714996067287936,-2.8176470588235305,519.0545,56.68341403486877,0.6477946551864182,495.63,14518435,1789378423,2026-09-14T09:33:43Z,NASDAQ:MSFT
34.299824415081645,0.1901323865744757,13.714996067287936,-2.8176470588235305,519.0545,56.68341403486877,0.6477946551864182,495.63,14518435,1789378604,2026-09-14T09:36:44Z,NASDAQ:MSFT
34.299824415081645,0.1901323865744757,13.714996067287936,-2.8176470588235305,519.0545,56.68341403486877,0.6477946551864182,495.63,14518435,1789378784,2026-09-14T09:39:44Z,NASDAQ:MSFT
34.299824415081645,0.1901323865744757,13.714996067287936,-2.8176470588235305,519.0545,56.68341403486877,0.6477946551864182,495.63,14518435,1789378963,2026-09-14T09:42:43Z,NASDAQ:MSFT
34.299824415081645,0.1901323865744757,13.714996067287936,-2.8176470588235305,519.0545,56.68341403486877,0.6477946551864182,495.63,14518435,1789379142,2026-09-14T09:45:42Z,NASDAQ:MSFT
34.299824415081645,0.1901323865744757,13.714996067287936,-2.8176470588235305,519.0545,56.68341403486877,0.6477946551864182,495.63,14518435,1789379324,2026-09-14T09:48:44Z,NASDAQ:MSFT
34.299824415081645,0.1901323865744757,13.714996067287936,-2.8176470588235305,519.0545,56.68341403486877,0.6477946551864182,495.63,14518435,1789379504,2026-09-14T09:51:44Z,NASDAQ:MSFT
34.299824415081645,0.1901323865744757,13.714996067287936,-2.8176470588235305,519.0545,56.68341403486877,0.6477946551864182,495.63,14518435,1789379683,2026-09-14T09:54:43Z,NASDAQ:MSFT
34.299824415081645,0.1901323865744757,13.714996067287936,-2.8176470588235305,519.0545,56.68341403486877,0.6477946551864182,495.63,14518435,1789379861,2026-09-14T09:57:41Z,NASDAQ:MSFT
34.299824415081645,0.1901323865744757,13.714996067287936,-2.8176470588235305,519.0545,56.68341403486877,0.6477946551864182,495.63,14518435,1789380044,2026-09-14T10:00:44Z,NASDAQ:MSFT
34.299824415081645,0.1901323865744757,13.714996067287936,-2.8176470588235305,519.0545,56.68341403486877,0.6477946551864182,495.63,14518435,1789380222,2026-09-14T10:03:42Z,NASDAQ:MSFT
34.299824415081645,0.1901323865744757,13.714996067287936,-2.8176470588235305,519.0545,56.68341403486877,0.6477946551864182,495.63,14518435,1789380402,2026-09-14T10:06:42Z,NASDAQ:MSFT
34.299824415081645,0.1901323865744757,13.714996067287936,-2.8176470588235305,519.0545,56.68341403486877,0.6477946551864182,495.63,14518435,1789380584,2026-09-14T10:09:44Z,NASDAQ:MSFT
34.299824415081645,0.1901323865744757,13.714996067287936,-2.8176470588235305,519.0545,56.68341403486877,0.6477946551864182,495.63,14518435,1789380764,2026-09-14T10:12:44Z,NASDAQ:MSFT
34.299824415081645,0.1901323865744757,13.714996067287936,-2.8176470588235305,519.0545,56.68341403486877,0.6477946551864182,495.63,14518435,1789380942,2026-09-14T10:15:42Z,NASDAQ:MSFT
34.299824415081645,0.1901323865744757,13.714996067287936,-2.8176470588235305,519.0545,56.68341403486877,0.6477946551864182,495.63,14518435,1789381127,2026-09-14T10:18:47Z,NASDAQ:MSFT
34.299824415081645,0.1901323865744757,13.714996067287936,-2.8176470588235305,519.0545,56.68341403486877,0.6477946551864182,495.63,14518435,1789381303,2026-09-14T10:21:43Z,NASDAQ:MSFT
34.299824415081645,0.1901323865744757,13.714996067287936,-2.8176470588235305,519.0545,56.68341403486877,0.6477946551864182,495.63,14518435,1789381481,2026-09-14T10:24:41Z,NASDAQ:MSFT
34.299824415081645,0.1901323865744757,13.714996067287936,-2.8176470588235305,519.0545,56.68341403486877,0.6477946551864182,495.63,14518435,1789381664,2026-09-14T10:27:44Z,NASDAQ:MSFT
34.299824415081645,0.1901323865744757,13.714996067287936,-2.8176470588235305,519.0545,56.68341403486877,0.6477946551864182,495.63,14518435,1789381842,2026-09-14T10:30:42Z,NASDAQ:MSFT
34.299824415081645,0.1901323865744757,13.714996067287936,-2.8176470588235305,519.0545,56.68341403486877,0.6477946551864182,495.63,14518435,1789382025,2026-09-14T10:33:45Z,NASDAQ:MSFT
34.299824415081645,0.1901323865744757,13.714996067287936,-2.8176470588235305,519.0545,56.68341403486877,0.6477946551864182,495.63,14518435,1789382203,2026-09-14T10:36:43Z,NASDAQ:MSFT
34.299824415081645,0.1901323865744757,13.714996067287936,-2.8176470588235305,519.0545,56.68341403486877,0.6477946551864182,495.63,14518435,1789382384,2026-09-14T10:39:44Z,NASDAQ:MSFT
34.299824415081645,0.1901323865744757,13.714996067287936,-2.8176470588235305,519.0545,56.68341403486877,0.6477946551864182,495.63,14518435,1789382561,2026-09-14T10:42:41Z,NASDAQ:MSFT
34.299824415081645,0.1901323865744757,13.714996067287936,-2.8176470588235305,519.0545,56.68341403486877,0.6477946551864182,495.63,14518435,1789382745,2026-09-14T10:45:45Z,NASDAQ:MSFT
34.299824415081645,0.1901323865744757,13.714996067287936,-2.8176470588235305,519.0545,56.68341403486877,0.6477946551864182,495.63,14518435,1789382921,2026-09-14T10:48:41Z,NASDAQ:MSFT
34.299824415081645,0.1901323865744757,13.714996067287936,-2.8176470588235305,519.0545,56.68341403486877,0.6477946551864182,495.63,14518435,1789383102,2026-09-14T10:51:42Z,NASDAQ:MSFT
34.299824415081645,0.1901323865744757,13.714996067287936,-2.8176470588235305,519.0545,56.68341403486877,0.6477946551864182,495.63,14518435,1789383280,2026-09-14T10:54:40Z,NASDAQ:MSFT
34.299824415081645,0.1901323865744757,13.714996067287936,-2.8176470588235305,519.0545,56.68341403486877,0.6477946551864182,495.63,14518435,1789383464,2026-09-14T10:57:44Z,NASDAQ:MSFT
34.299824415081645,0.1901323865744757,13.714996067287936,-2.8176470588235305,519.0545,56.68341403486877,0.6477946551864182,495.63,14518435,1789383643,2026-09-14T11:00:43Z,NASDAQ:MSFT
34.299824415081645,0.1901323865744757,13.714996067287936,-2.8176470588235305,519.0545,56.68341403486877,0.6477946551864182,495.63,14518435,1789383823,2026-09-14T11:03:43Z,NASDAQ:MSFT
34.299824415081645,0.1901323865744757,13.714996067287936,-2.8176470588235305,519.0545,56.68341403486877,0.6477946551864182,495.63,14518435,1789384003,2026-09-14T11:06:43Z,NASDAQ:MSFT
34.299824415081645,0.1901323865744757,13.714996067287936,-2.8176470588235305,519.0545,56.68341403486877,0.6477946551864182,495.63,14518435,1789384187,2026-09-14T11:09:47Z,NASDAQ:MSFT
34.299824415081645,0.1901323865744757,13.714996067287936,-2.8176470588235305,519.0545,56.68341403486877,0.6477946551864182,495.63,14518435,1789384366,2026-09-14T11:12:46Z,NASDAQ:MSFT
34.299824415081645,0.1901323865744757,13.714996067287936,-2.8176470588235305,519.0545,56.68341403486877,0.6477946551864182,495.63,14518435,1789384544,2026-09-14T11:15:44Z,NASDAQ:MSFT
34.299824415081645,0.1901323865744757,13.714996067287936,-2.8176470588235305,519.0545,56.68341403486877,0.6477946551864182,495.63,14518435,1789384725,2026-09-14T11:18:45Z,NASDAQ:MSFT
34.299824415081645,0.1901323865744757,13.714996067287936,-2.8176470588235305,519.0545,56.68341403486877,0.6477946551864182,495.63,14518435,1789384901,2026-09-14T11:21:41Z,NASDAQ:MSFT
34.299824415081645,0.1901323865744757,13.714996067287936,-2.8176470588235305,519.0545,56.68341403486877,0.6477946551864182,495.63,14518435,1789385083,2026-09-14T11:24:43Z,NASDAQ:MSFT
34.299824415081645,0.1901323865744757,13.714996067287936,-2.8176470588235305,519.0545,56.68341403486877,0.6477946551864182,495.63,14518435,1789385263,2026-09-14T11:27:43Z,NASDAQ:MSFT
34.299824415081645,0.1901323865744757,13.714996067287936,-2.8176470588235305,519.0545,56.68341403486877,0.6477946551864182,495.63,14518435,1789385444,2026-09-14T11:30:44Z,NASDAQ:MSFT
34.299824415081645,0.1901323865744757,13.714996067287936,-2.8176470588235305,519.0545,56.68341403486877,0.6477946551864182,495.63,14518435,1789385623,2026-09-14T11:33:43Z,NASDAQ:MSFT
34.299824415081645,0.1901323865744757,13.714996067287936,-2.8176470588235305,519.0545,56.68341403486877,0.6477946551864182,495.63,14518435,1789385806,2026-09-14T11:36:46Z,NASDAQ:MSFT
34.299824415081645,0.1901323865744757,13.714996067287936,-2.8176470588235305,519.0545,56.68341403486877,0.6477946551864182,495.63,14518435,1789385982,2026-09-14T11:39:42Z,NASDAQ:MSFT
34.299824415081645,0.1901323865744757,13.714996067287936,-2.8176470588235305,519.0545,56.68341403486877,0.6477946551864182,495.63,14518435,1789386161,2026-09-14T11:42:41Z,NASDAQ:MSFT
34.299824415081645,0.1901323865744757,13.714996067287936,-2.8176470588235305,519.0545,56.68341403486877,0.6477946551864182,495.63,14518435,1789386343,2026-09-14T11:45:43Z,NASDAQ:MSFT
34.299824415081645,0.1901323865744757,13.714996067287936,-2.8176470588235305,519.0545,56.68341403486877,0.6477946551864182,495.63,14518435,1789386525,2026-09-14T11:48:45Z,NASDAQ:MSFT
34.299824415081645,0.1901323865744757,13.714996067287936,-2.8176470588235305,519.0545,56.68341403486877,0.6477946551864182,495.63,14518435,1789386704,2026-09-14T11:51:44Z,NASDAQ:MSFT
34.299824415081645,0.1901323865744757,13.714996067287936,-2.8176470588235305,519.0545,56.68341403486877,0.6477946551864182,495.63,14518435,1789386885,2026-09-14T11:54:45Z,NASDAQ:MSFT
34.299824415081645,0.1901323865744757,13.714996067287936,-2.8176470588235305,519.0545,56.68341403486877,0.6477946551864182,495.63,14518435,1789387065,2026-09-14T11:57:45Z,NASDAQ:MSFT
34.299824415081645,0.1901323865744757,13.714996067287936,-2.8176470588235305,519.0545,56.68341403486877,0.6477946551864182,495.63,14518435,1789387243,2026-09-14T12:00:43Z,NASDAQ:MSFT
34.299824415081645,0.1901323865744757,13.714996067287936,-2.8176470588235305,519.0545,56.68341403486877,0.6477946551864182,495.63,14518435,1789387422,2026-09-14T12:03:42Z,NASDAQ:MSFT
34.299824415081645,0.1901323865744757,13.714996067287936,-2.8176470588235305,519.0545,56.68341403486877,0.6477946551864182,495.63,14518435,1789387605,2026-09-14T12:06:45Z,NASDAQ:MSFT
34.299824415081645,0.1901323865744757,13.714996067287936,-2.8176470588235305,519.0545,56.68341403486877,0.6477946551864182,495.63,14518435,1789387784,2026-09-14T12:09:44Z,NASDAQ:MSFT
34.299824415081645,0.1901323865744757,13.714996067287936,-2.8176470588235305,519.0545,56.68341403486877,0.6477946551864182,495.63,14518435,1789387968,2026-09-14T12:12:48Z,NASDAQ:MSFT
34.299824415081645,0.1901323865744757,13.714996067287936,-2.8176470588235305,519.0545,56.68341403486877,0.6477946551864182,495.63,14518435,1789388145,2026-09-14T12:15:45Z,NASDAQ:MSFT
34.299824415081645,0.1901323865744757,13.714996067287936,-2.8176470588235305,519.0545,56.68341403486877,0.6477946551864182,495.63,14518435,1789388324,2026-09-14T12:18:44Z,NASDAQ:MSFT
34.299824415081645,0.1901323865744757,13.714996067287936,-2.8176470588235305,519.0545,56.68341403486877,0.6477946551864182,495.63,14518435,1789388504,2026-09-14T12:21:44Z,NASDAQ:MSFT
34.299824415081645,0.1901323865744757,13.714996067287936,-2.8176470588235305,519.0545,56.68341403486877,0.6477946551864182,495.63,14518435,1789388681,2026-09-14T12:24:41Z,NASDAQ:MSFT
34.299824415081645,0.1901323865744757,13.714996067287936,-2.8176470588235305,519.0545,56.68341403486877,0.6477946551864182,495.63,14518435,1789388867,2026-09-14T12:27:47Z,NASDAQ:MSFT
34.299824415081645,0.1901323865744757,13.714996067287936,-2.8176470588235305,519.0545,56.68341403486877,0.6477946551864182,495.63,14518435,1789389042,2026-09-14T12:30:42Z,NASDAQ:MSFT
34.299824415081645,0.1901323865744757,13.714996067287936,-2.8176470588235305,519.0545,56.68341403486877,0.6477946551864182,495.63,14518435,1789389225,2026-09-14T12:33:45Z,NASDAQ:MSFT
34.299824415081645,0.1901323865744757,13.714996067287936,-2.8176470588235305,519.0545,56.68341403486877,0.6477946551864182,495.63,14518435,1789389407,2026-09-14T12:36:47Z,NASDAQ:MSFT
34.299824415081645,0.1901323865744757,13.714996067287936,-2.8176470588235305,519.0545,56.68341403486877,0.6477946551864182,495.63,14518435,1789389585,2026-09-14T12:39:45Z,NASDAQ:MSFT
34.299824415081645,0.1901323865744757,13.714996067287936,-2.8176470588235305,519.0545,56.68341403486877,0.6477946551864182,495.63,14518435,1789389765,2026-09-14T12:42:45Z,NASDAQ:MSFT
34.299824415081645,0.1901323865744757,13.714996067287936,-2.8176470588235305,519.0545,56.68341403486877,0.6477946551864182,495.63,14518435,1789389945,2026-09-14T12:45:45Z,NASDAQ:MSFT
34.299824415081645,0.1901323865744757,13.714996067287936,-2.8176470588235305,519.0545,56.68341403486877,0.6477946551864182,495.63,14518435,1789390123,2026-09-14T12:48:43Z,NASDAQ:MSFT
34.299824415081645,0.1901323865744757,13.714996067287936,-2.8176470588235305,519.0545,56.68341403486877,0.6477946551864182,495.63,14518435,1789390307,2026-09-14T12:51:47Z,NASDAQ:MSFT
34.299824415081645,0.1901323865744757,13.714996067287936,-2.8176470588235305,519.0545,56.68341403486877,0.6477946551864182,495.63,14518435,1789390483,2026-09-14T12:54:43Z,NASDAQ:MSFT
34.299824415081645,0.1901323865744757,13.714996067287936,-2.8176470588235305,519.0545,56.68341403486877,0.6477946551864182,495.63,14518435,1789390667,2026-09-14T12:57:47Z,NASDAQ:MSFT
34.299824415081645,0.1901323865744757,13.714996067287936,-2.8176470588235305,519.0545,56.68341403486877,0.6477946551864182,495.63,14518435,1789390842,2026-09-14T13:00:42Z,NASDAQ:MSFT
34.299824415081645,0.1901323865744757,13.714996067287936,-2.8176470588235305,519.0545,56.68341403486877,0.6477946551864182,495.63,14518435,1789391026,2026-09-14T13:03:46Z,NASDAQ:MSFT
34.299824415081645,0.1901323865744757,13.714996067287936,-2.8176470588235305,519.0545,56.68341403486877,0.6477946551864182,495.63,14518435,1789391205,2026-09-14T13:06:45Z,NASDAQ:MSFT
34.299824415081645,0.1901323865744757,13.714996067287936,-2.8176470588235305,519.0545,56.68341403486877,0.6477946551864182,495.63,14518435,1789391382,2026-09-14T13:09:42Z,NASDAQ:MSFT
34.299824415081645,0.1901323865744757,13.714996067287936,-2.8176470588235305,519.0545,56.68341403486877,0.6477946551864182,495.63,14518435,1789391565,2026-09-14T13:12:45Z,NASDAQ:MSFT
34.299824415081645,0.1901323865744757,13.714996067287936,-2.8176470588235305,519.0545,56.68341403486877,0.6477946551864182,495.63,14518435,1789391744,2026-09-14T13:15:44Z,NASDAQ:MSFT
34.299824415081645,0.1901323865744757,13.714996067287936,-2.8176470588235305,519.0545,56.68341403486877,0.6477946551864182,495.63,14518435,1789391928,2026-09-14T13:18:48Z,NASDAQ:MSFT
34.299824415081645,0.1901323865744757,13.714996067287936,-2.8176470588235305,519.0545,56.68341403486877,0.6477946551864182,495.63,14518435,1789392106,2026-09-14T13:21:46Z,NASDAQ:MSFT
34.299824415081645,0.1901323865744757,13.714996067287936,-2.8176470588235305,519.0545,56.68341403486877,0.6477946551864182,495.63,14518435,1789392284,2026-09-14T13:24:44Z,NASDAQ:MSFT
34.299824415081645,0.1901323865744757,13.714996067287936,-2.8176470588235305,519.0545,56.68341403486877,0.6477946551864182,495.63,14518435,1789392464,2026-09-14T13:27:44Z,NASDAQ:MSFT
34.299824415081645,0.1901323865744757,13.714996067287936,-2.8176470588235305,519.0545,56.68341403486877,0.6477946551864182,495.63,14518435,1789392645,2026-09-14T13:30:45Z,NASDAQ:MSFT
34.299824415081645,0.1901323865744757,13.714996067287936,-2.8176470588235305,519.0545,56.68341403486877,0.6477946551864182,495.63,14518435,1789392826,2026-09-14T13:33:46Z,NASDAQ:MSFT
34.299824415081645,0.1901323865744757,13.714996067287936,-2.8176470588235305,519.0545,56.68341403486877,0.6477946551864182,495.63,14518435,1789393003,2026-09-14T13:36:43Z,NASDAQ:MSFT
34.299824415081645,0.1901323865744757,13.714996067287936,-2.8176470588235305,519.0545,56.68341403486877,0.6477946551864182,495.63,14518435,1789393183,2026-09-14T13:39:43Z,NASDAQ:MSFT
34.299824415081645,0.1901323865744757,13.714996067287936,-2.8176470588235305,519.0545,56.68341403486877,0.6477946551864182,495.63,14518435,1789393365,2026-09-14T13:42:45Z,NASDAQ:MSFT
33.58866862090326,3.901542045635267,33.679096313409545,-2.273529411764711,519.0545,58.13133779030548,0.5598934689183418,498.405,1260005,1789393548,2026-09-14T13:45:48Z,NASDAQ:MSFT
33.63858256863303,4.24011347420668,27.64772175045908,-2.6705882352941184,519.0545,57.08452891111664,0.1513225591671206,496.38,1595024,1789393725,2026-09-14T13:48:45Z,NASDAQ:MSFT
33.63858256863303,3.4017134742067583,27.57168338229592,-2.5470588235294134,519.0545,57.41576881203887,0.278433508867501,497.01,1790211,1789393906,2026-09-14T13:51:46Z,NASDAQ:MSFT
33.63858256863303,3.618856331349548,25.5330250261035,-2.696078431372549,519.0545,57.01553541389447,0.1250933155781539,496.25,1954883,1789394088,2026-09-14T13:54:48Z,NASDAQ:MSFT
33.63858256863303,3.301713474206736,28.508058589732567,-2.478431372549017,519.0545,57.59759096164753,0.3490507031454952,497.36,2105308,1789394266,2026-09-14T13:57:46Z,NASDAQ:MSFT
33.63858256863303,3.467427759921065,26.955500405764617,-2.5921568627451035,519.0545,57.29543425645456,0.2073119060589617,496.6575,2227795,1789394445,2026-09-14T14:00:45Z,NASDAQ:MSFT
33.66179501392436,2.94028490277816,35.81135619854913,-2.0039215686274563,519.0545,58.22016375424688,0.5955047111756775,498.5815,2557976,1789394622,2026-09-14T14:03:42Z,NASDAQ:MSFT
33.72272211547899,3.945999188492408,36.971077752594944,-2.0901960784313776,519.0545,58.59763757995731,0.748542259346686,499.34,3025275,1789394801,2026-09-14T14:06:41Z,NASDAQ:MSFT
33.76751126456743,4.280370617063909,41.68961050376838,-1.8667254901960824,519.0545,59.15216637286129,0.9784920202570436,500.4797,3305103,1789394986,2026-09-14T14:09:46Z,NASDAQ:MSFT
33.76751126456743,4.228456331349548,42.16378005472747,-1.82450980392157,519.0545,59.23920379429012,1.021931682908621,500.695,3459346,1789395169,2026-09-14T14:12:49Z,NASDAQ:MSFT
33.794953471223124,4.247427759921038,46.78396035105912,-1.562745098039221,519.0545,59.88305636520373,1.2912858382260914,502.03,3647952,1789395345,2026-09-14T14:15:45Z,NASDAQ:MSFT
33.817327724976614,4.526356331349632,48.185535954188,-1.5225490196078404,519.0545,59.97775039461527,1.3326473377317791,502.235,3821752,1789395526,2026-09-14T14:18:46Z,NASDAQ:MSFT
33.817327724976614,4.594927759921063,47.56592296619889,-1.569607843137254,519.0545,59.86684429057746,1.284224118798299,501.995,3983277,1789395705,2026-09-14T14:21:45Z,NASDAQ:MSFT
33.817327724976614,4.730642045635307,46.33755161564511,-1.662745098039219,519.0545,59.64552051457821,1.1883864979924512,501.52,4091595,1789395888,2026-09-14T14:24:48Z,NASDAQ:MSFT
33.817327724976614,5.109213474206683,42.89654895148216,-1.9225490196078443,519.0545,59.14991006007214,0.9210499767972072,500.195,4248039,1789396063,2026-09-14T14:27:43Z,NASDAQ:MSFT
33.817327724976614,4.999213474206783,43.89859395187489,-1.847058823529415,519.0545,59.20025770231872,0.9987288905029938,500.58,4342513,1789396251,2026-09-14T14:30:51Z,NASDAQ:MSFT
33.817327724976614,5.053499188492481,43.40430472936576,-1.8843137254901987,519.0545,59.10906134272391,0.9603938421806572,500.39,4414107,1789396424,2026-09-14T14:33:44Z,NASDAQ:MSFT
33.817327724976614,5.150642045635266,42.51868520935268,-1.9509803921568605,519.0545,58.94484624563448,0.8917942820249007,500.05,4558387,1789396605,2026-09-14T14:36:45Z,NASDAQ:MSFT
33.817327724976614,5.162070617063876,42.41440160157999,-1.9588235294117664,519.0545,58.92544006833465,0.8837237455359837,500.01,4734678,1789396784,2026-09-14T14:39:44Z,NASDAQ:MSFT
33.817327724976614,5.516356331349641,39.17185354366822,-2.201960784313729,519.0545,58.31461361475081,0.6335371143796756,498.77,4891804,1789396964,2026-09-14T14:42:44Z,NASDAQ:MSFT
33.817327724976614,5.390642045635275,40.32460307045137,-2.115686274509808,519.0545,58.533427084616896,0.7223130157577193,499.21,5026556,1789397147,2026-09-14T14:45:47Z,NASDAQ:MSFT
33.817327724976614,5.087784902778196,43.091894693646246,-1.9078431372549056,519.0545,59.05125328982482,0.9361822327139168,500.27,5142658,1789397321,2026-09-14T14:48:41Z,NASDAQ:MSFT
33.817327724976614,5.449213474206715,39.7878239974833,-2.155882352941177,519.0545,58.43176641262088,0.6809515162520429,499.005,5269786,1789397507,2026-09-14T14:51:47Z,NASDAQ:MSFT
33.817327724976614,5.452070617063839,39.7616263863516,-2.157843137254901,519.0545,58.4267946030926,0.6789338821298164,498.995,5395749,1789397685,2026-09-14T14:54:45Z,NASDAQ:MSFT
33.817327724976614,5.220642045635316,41.87964013973329,-1.999019607843136,519.0545,58.82569476361544,0.8423622460303072,499.805,5590899,1789397861,2026-09-14T14:57:41Z,NASDAQ:MSFT
33.817327724976614,5.333499188492453,40.84779066622505,-2.0764705882352894,519.0545,58.63213016330911,0.7626656982022939,499.41,5680253,1789398045,2026-09-14T15:00:45Z,NASDAQ:MSFT
33.817327724976614,5.107784902778178,42.90957414307461,-1.921568627450983,519.0545,59.01745638214315,0.9220587938583203,500.2,5807350,1789398222,2026-09-14T15:03:42Z,NASDAQ:MSFT
33.817327724976614,5.179213474206733,42.257939411381045,-1.97058823529412,519.0545,58.89629637915554,0.8716179408026135,499.95,5902178,1789398401,2026-09-14T15:06:41Z,NASDAQ:MSFT
33.817327724976614,5.27064204563527,41.4227282820029,-2.033333333333334,519.0545,58.74016224791996,0.80705364889131,499.63,5950746,1789398584,2026-09-14T15:09:44Z,NASDAQ:MSFT
33.817327724976614,5.04992775992099,43.436837314088685,-1.881862745098044,519.0545,59.115073629872114,0.96291588483344,500.4025,6026555,1789398762,2026-09-14T15:12:42Z,NASDAQ:MSFT
33.817327724976614,4.679213474206733,46.80336124598651,-1.627450980392159,519.0545,59.729677228084185,1.2247039121925616,501.7,6260221,1789398945,2026-09-14T15:15:45Z,NASDAQ:MSFT
33.817327724976614,4.642070617063894,47.13953518708982,-1.601960784313729,519.0545,59.79023910899798,1.2509331557815282,501.83,6380578,1789399123,2026-09-14T15:18:43Z,NASDAQ:MSFT
33.85997150798895,4.942042045635219,51.98194114441424,-1.3607843137254898,519.0545,60.3543590437713,1.49910215281561,503.06,6639701,1789399305,2026-09-14T15:21:45Z,NASDAQ:MSFT
33.903495349341426,5.428142045635298,55.40786317126441,-1.2303921568627407,519.0545,60.65280811626668,1.633274821943794,503.725,6793873,1789399485,2026-09-14T15:24:45Z,NASDAQ:MSFT
33.905090573648,5.468856331349514,55.33145979476529,-1.2411764705882322,519.0545,60.62829491350181,1.6221778342715372,503.67,6907599,1789399665,2026-09-14T15:27:45Z,NASDAQ:MSFT
33.92510505223714,5.908142045635259,55.02573974620293,-1.3264705882352914,519.0545,60.43333635148209,1.534410749954607,503.235,7113465,1789399844,2026-09-14T15:30:44Z,NASDAQ:MSFT
33.92510505223714,5.838142045635209,55.64973694834983,-1.278431372549016,519.0545,60.54337742651269,1.5838427859492004,503.48,7262397,1789400024,2026-09-14T15:33:44Z,NASDAQ:MSFT
33.92510505223714,5.7381420456353,56.53993051518829,-1.2098039215686305,519.0545,60.69952138772094,1.654459980227183,503.83,7411893,1789400207,2026-09-14T15:36:47Z,NASDAQ:MSFT
33.9493543642277,5.997427759920981,58.63253260086525,-1.1235294117647094,519.0545,60.89407196065837,1.743235881605227,504.27,7629261,1789400382,2026-09-14T15:39:42Z,NASDAQ:MSFT
33.9493543642277,6.017427759921077,58.45528906668866,-1.1372549019607865,519.0545,60.86324967792539,1.7291124427496305,504.2,7747850,1789400564,2026-09-14T15:42:44Z,NASDAQ:MSFT
33.9493543642277,6.165999188492435,57.13682083226381,-1.2392156862745085,519.0545,60.6327541310196,1.6241954683937638,503.68,7846636,1789400748,2026-09-14T15:45:48Z,NASDAQ:MSFT
33.9493543642277,6.103627759921039,57.69071110574472,-1.1964117647058812,519.0545,60.72984776470892,1.6682404212820068,503.8983,8000217,1789400923,2026-09-14T15:48:43Z,NASDAQ:MSFT
33.97492443213549,6.257427759920972,60.99450010961323,-1.0205882352941145,519.0545,61.12370068796961,1.8491616730222185,504.795,8172682,1789401106,2026-09-14T15:51:46Z,NASDAQ:MSFT
34.002692330651705,6.580284902778089,63.24587694011392,-0.9333333333333316,519.0545,61.31623717410956,1.9389463914613752,505.24,8435003,1789401284,2026-09-14T15:54:44Z,NASDAQ:MSFT
34.03621631515769,7.093142045635261,64.95021546716727,-0.9078431372549012,519.0545,61.37212436620608,1.965175635050341,505.37,8554635,1789401465,2026-09-14T15:57:45Z,NASDAQ:MSFT
34.03621631515769,7.107427759920995,64.8250783098313,-0.9176470588235308,519.0545,61.350648413320215,1.955087464439198,505.32,8705496,1789401646,2026-09-14T16:00:46Z,NASDAQ:MSFT
34.03621631515769,7.255970617063838,63.52219207058258,-1.0195882352941203,519.0545,61.12591814207263,1.8501906664245489,504.8001,8787225,1789401824,2026-09-14T16:03:44Z,NASDAQ:MSFT
34.03621631515769,7.170284902778178,64.2741322206387,-0.9607843137254858,519.0545,61.25586983070199,1.910699513750182,505.1,8875265,1789402003,2026-09-14T16:06:43Z,NASDAQ:MSFT
34.03621631515769,7.211713474206761,63.91070311827258,-0.989215686274513,519.0545,61.19314756497325,1.8814438189778644,504.955,8977754,1789402183,2026-09-14T16:09:43Z,NASDAQ:MSFT
34.03621631515769,7.258856331349591,63.49685020667607,-1.0215686274509763,519.0545,61.121526467761015,1.848152855961105,504.79,9055047,1789402368,2026-09-14T16:12:48Z,NASDAQ:MSFT
34.03621631515769,7.455999188492399,61.76277467129471,-1.1568627450980349,519.0545,60.81913346747064,1.7089361015273548,504.1,9174987,1789402546,2026-09-14T16:15:46Z,NASDAQ:MSFT
34.03621631515769,7.478856331349618,61.56136478169872,-1.1725490196078467,519.0545,60.78376882439631,1.69279502854952,504.02,9264631,1789402724,2026-09-14T16:18:44Z,NASDAQ:MSFT
34.03621631515769,7.32171347420666,62.94455614298104,-1.0647058823529425,519.0545,61.02561942300162,1.8037649052720768,504.57,9406632,1789402903,2026-09-14T16:21:43Z,NASDAQ:MSFT
34.03621631515769,7.205999188492399,63.96084571465883,-0.9852941176470544,519.0545,61.201810983007874,1.8854790872223288,504.975,9480798,1789403083,2026-09-14T16:24:43Z,NASDAQ:MSFT
34.03621631515769,7.16742775992094,64.29918734396095,-0.958823529411762,519.0545,61.26018803141798,1.9127171478724088,505.11,9623368,1789403263,2026-09-14T16:27:43Z,NASDAQ:MSFT
34.03621631515769,7.141713474206711,64.52463149978776,-0.9411764705882376,519.0545,61.29900856587608,1.930875854972458,505.2,9702917,1789403446,2026-09-14T16:30:46Z,NASDAQ:MSFT
34.03621631515769,6.974570617063876,65.9877426198669,-0.8264705882352892,519.0545,61.54945786801411,2.04890745112282,505.785,9852804,1789403625,2026-09-14T16:33:45Z,NASDAQ:MSFT
34.03621631515769,7.095999188492385,64.92519034136846,-0.9098039215686248,519.0545,61.367831085178416,1.9631580009281155,505.36,9979564,1789403805,2026-09-14T16:36:45Z,NASDAQ:MSFT
34.03621631515769,7.091713474206756,64.96272759780791,-0.9068627450980392,519.0545,61.37427064889821,1.966184452111455,505.375,10062125,1789403985,2026-09-14T16:39:45Z,NASDAQ:MSFT
34.03621631515769,7.093142045635261,64.95021546716727,-0.9078431372549012,519.0545,61.37212436620608,1.965175635050341,505.37,10133802,1789404162,2026-09-14T16:42:42Z,NASDAQ:MSFT
34.03621631515769,7.148856331349577,64.46201750214708,-0.9460784313725468,519.0545,61.28823289055342,1.925831769666892,505.175,10242126,1789404344,2026-09-14T16:45:44Z,NASDAQ:MSFT
34.03621631515769,7.104570617063871,64.85010804712586,-0.915686274509807,519.0545,61.35494551408381,1.957105098561425,505.33,10313737,1789404521,2026-09-14T16:48:41Z,NASDAQ:MSFT
34.03621631515769,7.077427759921022,65.08783305713021,-0.8970588235294096,519.0545,61.39572036516218,1.9762726227225984,505.425,10366521,1789404705,2026-09-14T16:51:45Z,NASDAQ:MSFT
34.07406725498486,7.457427759921018,68.84006964418265,-0.7254901960784291,519.0545,61.76727116786317,2.1528156084175727,506.3,10602385,1789404883,2026-09-14T16:54:43Z,NASDAQ:MSFT
34.110163874176,7.866499188492412,72.09201565468459,-0.5876666666666646,519.0545,62.06060264515233,2.294635110868998,507.0029,10767952,1789405066,2026-09-14T16:57:46Z,NASDAQ:MSFT
34.119551687691306,8.021713474206706,72.52946323536663,-0.5843137254901997,519.0545,62.067682678690346,2.2980852652180026,507.02,10895837,1789405241,2026-09-14T17:00:41Z,NASDAQ:MSFT
34.15383816646335,8.378856331349596,75.98542811532732,-0.4245098039215726,519.0545,62.40208565894775,2.4625224461796065,507.835,11072391,1789405425,2026-09-14T17:03:45Z,NASDAQ:MSFT
34.20691407675464,9.253142045635286,78.73674022444916,-0.3862745098039269,519.0545,62.664590568629215,2.593668664124451,508.485,11362864,1789405602,2026-09-14T17:06:42Z,NASDAQ:MSFT
34.20691407675464,9.355884902778143,77.85883044178078,-0.4567843137254956,519.0545,62.335024558610144,2.429312188527728,507.6704,11547410,1789405783,2026-09-14T17:09:43Z,NASDAQ:MSFT
34.20691407675464,9.243142045635295,78.82211084287644,-0.3794117647058828,519.0545,62.495392956474326,2.5089280309908606,508.065,11626447,1789405964,2026-09-14T17:12:44Z,NASDAQ:MSFT
34.20691407675464,9.218456331349556,79.03279615324001,-0.3624705882352894,519.0545,62.5303244935,2.5263603898069182,508.1514,11708253,1789406144,2026-09-14T17:15:44Z,NASDAQ:MSFT
34.20691407675464,9.25599918849241,78.71234612328129,-0.3882352941176506,519.0545,62.4771736400568,2.49984867744083,508.02,11815327,1789406324,2026-09-14T17:18:44Z,NASDAQ:MSFT
34.20691407675464,9.36171347420668,77.80898381253952,-0.4607843137254946,519.0545,62.32669655391769,2.425196214918383,507.65,11902081,1789406504,2026-09-14T17:21:44Z,NASDAQ:MSFT
34.20691407675464,9.35171347420669,77.8945021487596,-0.4539215686274505,519.0545,62.340982537097936,2.432257934346187,507.685,11946312,1789406681,2026-09-14T17:24:41Z,NASDAQ:MSFT
34.20691407675464,9.198856331349589,79.20001745575185,-0.3490196078431319,519.0545,62.55801317880163,2.5402013598854047,508.22,12019330,1789406865,2026-09-14T17:27:45Z,NASDAQ:MSFT
34.20691407675464,9.248856331349543,78.77332929618713,-0.3833333333333302,519.0545,62.48729766728903,2.504892762746408,508.045,12086253,1789407045,2026-09-14T17:30:45Z,NASDAQ:MSFT
34.20691407675464,9.175999188492485,79.39496186821061,-0.3333333333333311,519.0545,62.5902515478458,2.556342432863228,508.3,12149897,1789407225,2026-09-14T17:33:45Z,NASDAQ:MSFT
34.20691407675464,9.143142045635273,79.67507031357296,-0.3107843137254862,519.0545,62.6364970623592,2.5795452252688547,508.415,12221476,1789407403,2026-09-14T17:36:43Z,NASDAQ:MSFT
34.20691407675464,9.081713474206708,80.19835889791781,-0.268627450980393,519.0545,62.722650076786174,2.622924358896757,508.63,12270614,1789407585,2026-09-14T17:39:45Z,NASDAQ:MSFT
34.22378783612717,9.308856331349546,81.54681470043887,-0.2186274509803939,519.0545,62.82431790769977,2.674374029013578,508.885,12386069,1789407767,2026-09-14T17:42:47Z,NASDAQ:MSFT
34.22378783612717,9.318856331349537,81.46187724123396,-0.2254901960784269,519.0545,62.810396346485525,2.6673123095857854,508.85,12451745,1789407944,2026-09-14T17:45:44Z,NASDAQ:MSFT
34.22378783612717,9.437427759921036,80.45373278210089,-0.3068627450980388,519.0545,62.6445280916556,2.5835804935133075,508.435,12549261,1789408124,2026-09-14T17:48:44Z,NASDAQ:MSFT
34.22378783612717,9.327427759921022,81.38906297091859,-0.2313725490196091,519.0545,62.79845527826272,2.6612594072190943,508.82,12635338,1789408302,2026-09-14T17:51:42Z,NASDAQ:MSFT
34.23664402130244,9.451684902778084,82.84371017713806,-0.1588039215686328,519.0545,62.94523414607008,2.7359320460827585,509.1901,12729915,1789408481,2026-09-14T17:54:41Z,NASDAQ:MSFT
34.24499121110994,9.564570617063907,83.52083843357637,-0.1333333333333346,519.0545,62.99647728166098,2.7621411133305083,509.32,12811466,1789408662,2026-09-14T17:57:42Z,NASDAQ:MSFT
34.25939047605888,9.817427759921031,84.20942339780339,-0.1284313725490142,519.0545,63.00632305832948,2.767185198636086,509.345,12887943,1789408840,2026-09-14T18:00:40Z,NASDAQ:MSFT
34.27095704458117,9.906713474206754,85.734431407286,-0.0455882352941207,519.0545,63.17192773651138,2.852430240300221,509.7675,12991394,1789409026,2026-09-14T18:03:46Z,NASDAQ:MSFT
34.27095704458117,10.01742775992102,84.80065551293872,-0.1215686274509812,519.0545,63.02009834664301,2.7742469180638785,509.38,13082155,1789409203,2026-09-14T18:06:43Z,NASDAQ:MSFT
34.27095704458117,9.891713474206654,85.86081724564865,-0.0352941176470601,519.0545,63.192402324197744,2.8630228194419223,509.82,13150706,1789409387,2026-09-14T18:09:47Z,NASDAQ:MSFT
34.27095704458117,10.045999188492374,84.5594154159272,-0.1411764705882406,519.0545,62.980713133361135,2.754070576841591,509.28,13228976,1789409567,2026-09-14T18:12:47Z,NASDAQ:MSFT
34.27095704458117,10.048856331349612,84.53528540481538,-0.1431372549019643,519.0545,62.97676999737418,2.7520529427193647,509.27,13313179,1789409747,2026-09-14T18:15:47Z,NASDAQ:MSFT
34.27095704458117,10.01742775992102,84.80065551293872,-0.1215686274509812,519.0545,63.02009834664301,2.7742469180638785,509.38,13411889,1789409926,2026-09-14T18:18:46Z,NASDAQ:MSFT
34.27095704458117,10.097427759920947,84.12490816185291,-0.1764705882352896,519.0545,62.90960793062435,2.717753162641492,509.1,13473940,1789410104,2026-09-14T18:21:44Z,NASDAQ:MSFT
34.27095704458117,10.050284902778117,84.52321998996652,-0.1666666666666711,519.0545,62.97479811435944,2.7278413332526243,509.15,13526400,1789410281,2026-09-14T18:24:41Z,NASDAQ:MSFT
34.27095704458117,10.05457061706386,84.48702210813501,-0.1470588235294117,519.0545,62.96888120482749,2.7480176744749114,509.25,13590795,1789410465,2026-09-14T18:27:45Z,NASDAQ:MSFT
34.27095704458117,10.318856331349592,82.2500638340463,-0.3284313725490218,519.0545,62.60031465614191,2.561386518168794,508.325,13703597,1789410645,2026-09-14T18:30:45Z,NASDAQ:MSFT
34.27095704458117,10.451713474206713,81.121992509516,-0.4196078431372522,519.0545,62.412250240183845,2.467566531485184,507.86,13795324,1789410823,2026-09-14T18:33:43Z,NASDAQ:MSFT
34.27095704458117,10.491713474206676,80.78189179166108,-0.4470588235294064,519.0545,62.35525768969346,2.439319653773991,507.72,13901526,1789411005,2026-09-14T18:36:45Z,NASDAQ:MSFT
34.27095704458117,10.471713474206696,80.95196916171996,-0.4333333333333293,519.0545,62.38377555235867,2.453443092629588,507.79,13983557,1789411185,2026-09-14T18:39:45Z,NASDAQ:MSFT
34.27095704458117,10.428856331349609,81.31623879029573,-0.4039215686274514,519.0545,62.44473999907066,2.483707604463007,507.94,14063997,1789411367,2026-09-14T18:42:47Z,NASDAQ:MSFT
34.27095704458117,10.53905633134957,80.37907891808615,-0.4795490196078408,519.0545,62.28757920137944,2.4058874563686654,507.5543,14117290,1789411546,2026-09-14T18:45:46Z,NASDAQ:MSFT
34.27095704458117,10.530284902778137,80.45373278210089,-0.4735294117647099,519.0545,62.300136666018986,2.4120815931238995,507.585,14192686,1789411724,2026-09-14T18:48:44Z,NASDAQ:MSFT
34.27095704458117,10.520284902778144,80.53883035699972,-0.4666666666666658,519.0545,62.314442795869965,2.419143312551704,507.62,14271472,1789411909,2026-09-14T18:51:49Z,NASDAQ:MSFT
34.27095704458117,10.545999188492374,80.3199806954328,-0.4843137254902014,519.0545,62.27763364657854,2.400984605451643,507.53,14313507,1789412083,2026-09-14T18:54:43Z,NASDAQ:MSFT
34.27095704458117,10.577427759920964,80.05237628084308,-0.5058823529411733,519.0545,62.23254691916181,2.3787906301071406,507.42,14404396,1789412264,2026-09-14T18:57:44Z,NASDAQ:MSFT
34.27095704458117,10.66171347420675,79.33404935390698,-0.5637254901960784,519.0545,62.11109870655107,2.3192704235014032,507.125,14470472,1789412446,2026-09-14T19:00:46Z,NASDAQ:MSFT
34.27095704458117,10.690284902778105,79.09033006606583,-0.5833333333333378,519.0545,62.06975236467563,2.299094082279116,507.025,14548094,1789412625,2026-09-14T19:03:45Z,NASDAQ:MSFT
34.27095704458117,10.753142045635286,78.55375741997806,-0.6264705882352928,519.0545,61.978472008400814,2.2547061315901,506.805,14628241,1789412805,2026-09-14T19:06:45Z,NASDAQ:MSFT
34.27095704458117,10.885999188492406,77.41786928909376,-0.7176470588235343,519.0545,61.78408547384458,2.1608861449064785,506.34,14705362,1789412985,2026-09-14T19:09:45Z,NASDAQ:MSFT
34.27095704458117,10.945970617063836,76.90434362206253,-0.7588039215686221,519.0545,61.69568720252007,2.1185360046809176,506.1301,14777157,1789413165,2026-09-14T19:12:45Z,NASDAQ:MSFT
34.27095704458117,10.99599918849242,76.47558121997696,-0.7931372549019639,519.0545,61.621631290681854,2.083207231200692,505.955,14886455,1789413346,2026-09-14T19:15:46Z,NASDAQ:MSFT
34.27095704458117,10.997427759921038,76.46333283727087,-0.7941176470588257,519.0545,61.61951241047321,2.082198414139578,505.95,14981145,1789413524,2026-09-14T19:18:44Z,NASDAQ:MSFT
34.27095704458117,10.92028490277812,77.12434635395952,-0.74117647058823,519.0545,61.73359812887684,2.1366745354397496,506.22,15053305,1789413703,2026-09-14T19:21:43Z,NASDAQ:MSFT
34.27095704458117,10.79314204563525,78.21202245047986,-0.653921568627447,519.0545,61.92015541176927,2.2264592538789065,506.665,15169235,1789413885,2026-09-14T19:24:45Z,NASDAQ:MSFT
34.27095704458117,10.845999188492442,77.76011007476475,-0.690196078431369,519.0545,61.84281925670587,2.189133022617684,506.48,15237387,1789414063,2026-09-14T19:27:43Z,NASDAQ:MSFT
34.27095704458117,10.884570617063789,77.43009593094945,-0.7166666666666613,519.0545,61.78618622226488,2.161894961967603,506.345,15306221,1789414246,2026-09-14T19:30:46Z,NASDAQ:MSFT
34.27095704458117,10.85171347420669,77.71123188744731,-0.6941176470588275,519.0545,61.83443977189469,2.185097754373219,506.46,15354230,1789414423,2026-09-14T19:33:43Z,NASDAQ:MSFT
34.27095704458117,10.903227759921036,77.27039406401317,-0.7294705882352959,519.0545,61.75873224643639,2.148719811149445,506.2797,15421383,1789414604,2026-09-14T19:36:44Z,NASDAQ:MSFT
34.27095704458117,10.780284902778137,78.32188957077965,-0.6450980392156903,519.0545,61.93891953149355,2.235538607428926,506.71,15511001,1789414784,2026-09-14T19:39:44Z,NASDAQ:MSFT
34.27095704458117,10.73457061706381,78.71234612328129,-0.6137254901960776,519.0545,62.005486898657935,2.267820753384583,506.87,15575059,1789414966,2026-09-14T19:42:46Z,NASDAQ:MSFT
34.27095704458117,10.647427759921015,79.4558674618096,-0.5539215686274488,519.0545,62.13173809332856,2.3293585941125468,507.175,15665436,1789415142,2026-09-14T19:45:42Z,NASDAQ:MSFT
34.27095704458117,10.59028490277808,79.94286320676264,-0.5147058823529411,519.0545,62.21407126966127,2.3697112765571102,507.375,15802079,1789415328,2026-09-14T19:48:48Z,NASDAQ:MSFT
34.27095704458117,10.614570617063803,79.73594408712397,-0.5313725490196038,519.0545,62.179123455453656,2.352561386518174,507.29,15932610,1789415505,2026-09-14T19:51:45Z,NASDAQ:MSFT
34.27095704458117,10.595999188492442,79.8941835432995,-0.5186274509803885,519.0545,62.20585406632311,2.365676008312657,507.355,16038121,1789415684,2026-09-14T19:54:44Z,NASDAQ:MSFT
34.27095704458117,10.620284902778169,79.68724562146777,-0.5352941176470624,519.0545,62.17089104341793,2.3485261182737096,507.27,16128968,1789415867,2026-09-14T19:57:47Z,NASDAQ:MSFT
34.27095704458117,10.743142045635295,78.63915716290163,-0.6196078431372598,519.0545,61.99302325956611,2.261767851017892,506.84,16216323,1789416044,2026-09-14T20:00:44Z,NASDAQ:MSFT
34.27095704458117,10.731713474206686,78.73674022444916,-0.6117647058823539,519.0545,62.00963962868493,2.2698383875068098,506.88,16331809,1789416222,2026-09-14T20:03:42Z,NASDAQ:MSFT
34.27095704458117,10.69742775992097,79.02938293054608,-0.5882352941176471,519.0545,62.0594016755838,2.2940499969735497,507.0,16467294,1789416407,2026-09-14T20:06:47Z,NASDAQ:MSFT
34.27095704458117,10.637427759921025,79.54112366831468,-0.5470588235294158,519.0545,62.14617229002229,2.3364203135403394,507.21,16695114,1789416585,2026-09-14T20:09:45Z,NASDAQ:MSFT
34.27095704458117,10.98448490277815,76.57429299512658,-0.7852352941176498,519.0545,61.63870092684495,2.091338296713272,505.9953,17303259,1789416767,2026-09-14T20:12:47Z,NASDAQ:MSFT
34.27095704458117,11.151713474206645,75.13886268629484,-0.8999999999999951,519.0545,61.389287952114536,1.9732461715392595,505.41,22366640,1789416946,2026-09-14T20:15:46Z,NASDAQ:MSFT
34.27095704458117,11.151713474206645,75.13886268629484,-0.8999999999999951,519.0545,61.389287952114536,1.9732461715392595,505.41,22694266,1789417122,2026-09-14T20:18:42Z,NASDAQ:MSFT
34.27095704458117,11.151713474206645,75.13886268629484,-0.8999999999999951,519.0545,61.389287952114536,1.9732461715392595,505.41,22700204,1789417306,2026-09-14T20:21:46Z,NASDAQ:MSFT
34.27095704458117,11.151713474206645,75.13886268629484,-0.8999999999999951,519.0545,61.389287952114536,1.9732461715392595,505.41,22920587,1789417483,2026-09-14T20:24:43Z,NASDAQ:MSFT
34.27095704458117,11.151713474206645,75.13886268629484,-0.8999999999999951,519.0545,61.389287952114536,1.9732461715392595,505.41,22922869,1789417667,2026-09-14T20:27:47Z,NASDAQ:MSFT
34.27095704458117,11.151713474206645,75.13886268629484,-0.8999999999999951,519.0545,61.389287952114536,1.9732461715392595,505.41,22925983,1789417846,2026-09-14T20:30:46Z,NASDAQ:MSFT
34.27095704458117,11.151713474206645,75.13886268629484,-0.8999999999999951,519.0545,61.389287952114536,1.9732461715392595,505.41,22928472,1789418024,2026-09-14T20:33:44Z,NASDAQ:MSFT
34.27095704458117,11.151713474206645,75.13886268629484,-0.8999999999999951,519.0545,61.389287952114536,1.9732461715392595,505.41,22930651,1789418204,2026-09-14T20:36:44Z,NASDAQ:MSFT
34.27095704458117,11.151713474206645,75.13886268629484,-0.8999999999999951,519.0545,61.389287952114536,1.9732461715392595,505.41,22931897,1789418383,2026-09-14T20:39:43Z,NASDAQ:MSFT
34.27095704458117,11.151713474206645,75.13886268629484,-0.8999999999999951,519.0545,61.389287952114536,1.9732461715392595,505.41,22933259,1789418563,2026-09-14T20:42:43Z,NASDAQ:MSFT
34.27095704458117,11.151713474206645,75.13886268629484,-0.8999999999999951,519.0545,61.389287952114536,1.9732461715392595,505.41,22933618,1789418744,2026-09-14T20:45:44Z,NASDAQ:MSFT
34.27095704458117,11.151713474206645,75.13886268629484,-0.8999999999999951,519.0545,61.389287952114536,1.9732461715392595,505.41,22934963,1789418923,2026-09-14T20:48:43Z,NASDAQ:MSFT
34.27095704458117,11.151713474206645,75.13886268629484,-0.8999999999999951,519.0545,61.389287952114536,1.9732461715392595,505.41,22936369,1789419106,2026-09-14T20:51:46Z,NASDAQ:MSFT
34.27095704458117,11.151713474206645,75.13886268629484,-0.8999999999999951,519.0545,61.389287952114536,1.9732461715392595,505.41,22937750,1789419284,2026-09-14T20:54:44Z,NASDAQ:MSFT
34.27095704458117,11.151713474206645,75.13886268629484,-0.8999999999999951,519.0545,61.389287952114536,1.9732461715392595,505.41,22938566,1789419464,2026-09-14T20:57:44Z,NASDAQ:MSFT
34.27095704458117,11.151713474206645,75.13886268629484,-0.8999999999999951,519.0545,61.389287952114536,1.9732461715392595,505.41,22939159,1789419644,2026-09-14T21:00:44Z,NASDAQ:MSFT
34.27095704458117,11.151713474206645,75.13886268629484,-0.8999999999999951,519.0545,61.389287952114536,1.9732461715392595,505.41,22940610,1789419824,2026-09-14T21:03:44Z,NASDAQ:MSFT
34.27095704458117,11.151713474206645,75.13886268629484,-0.8999999999999951,519.0545,61.389287952114536,1.9732461715392595,505.41,22944389,1789420006,2026-09-14T21:06:46Z,NASDAQ:MSFT
34.27095704458117,11.151713474206645,75.13886268629484,-0.8999999999999951,519.0545,61.389287952114536,1.9732461715392595,505.41,22944780,1789420186,2026-09-14T21:09:46Z,NASDAQ:MSFT
34.27095704458117,11.151713474206645,75.13886268629484,-0.8999999999999951,519.0545,61.389287952114536,1.9732461715392595,505.41,23020430,1789420364,2026-09-14T21:12:44Z,NASDAQ:MSFT
34.27095704458117,11.151713474206645,75.13886268629484,-0.8999999999999951,519.0545,61.389287952114536,1.9732461715392595,505.41,23021157,1789420543,2026-09-14T21:15:43Z,NASDAQ:MSFT
34.27095704458117,11.151713474206645,75.13886268629484,-0.8999999999999951,519.0545,61.389287952114536,1.9732461715392595,505.41,23021971,1789420724,2026-09-14T21:18:44Z,NASDAQ:MSFT
34.27095704458117,11.151713474206645,75.13886268629484,-0.8999999999999951,519.0545,61.389287952114536,1.9732461715392595,505.41,23022717,1789420903,2026-09-14T21:21:43Z,NASDAQ:MSFT
34.27095704458117,11.151713474206645,75.13886268629484,-0.8999999999999951,519.0545,61.389287952114536,1.9732461715392595,505.41,23026071,1789421082,2026-09-14T21:24:42Z,NASDAQ:MSFT
34.27095704458117,11.151713474206645,75.13886268629484,-0.8999999999999951,519.0545,61.389287952114536,1.9732461715392595,505.41,23027389,1789421264,2026-09-14T21:27:44Z,NASDAQ:MSFT
34.27095704458117,11.151713474206645,75.13886268629484,-0.8999999999999951,519.0545,61.389287952114536,1.9732461715392595,505.41,23027582,1789421443,2026-09-14T21:30:43Z,NASDAQ:MSFT
34.27095704458117,11.151713474206645,75.13886268629484,-0.8999999999999951,519.0545,61.389287952114536,1.9732461715392595,505.41,23029413,1789421623,2026-09-14T21:33:43Z,NASDAQ:MSFT
34.27095704458117,11.151713474206645,75.13886268629484,-0.8999999999999951,519.0545,61.389287952114536,1.9732461715392595,505.41,23045068,1789421802,2026-09-14T21:36:42Z,NASDAQ:MSFT
34.27095704458117,11.151713474206645,75.13886268629484,-0.8999999999999951,519.0545,61.389287952114536,1.9732461715392595,505.41,23045300,1789421983,2026-09-14T21:39:43Z,NASDAQ:MSFT
34.27095704458117,11.151713474206645,75.13886268629484,-0.8999999999999951,519.0545,61.389287952114536,1.9732461715392595,505.41,23045799,1789422163,2026-09-14T21:42:43Z,NASDAQ:MSFT
34.27095704458117,11.151713474206645,75.13886268629484,-0.8999999999999951,519.0545,61.389287952114536,1.9732461715392595,505.41,23046151,1789422344,2026-09-14T21:45:44Z,NASDAQ:MSFT
34.27095704458117,11.151713474206645,75.13886268629484,-0.8999999999999951,519.0545,61.389287952114536,1.9732461715392595,505.41,23047378,1789422527,2026-09-14T21:48:47Z,NASDAQ:MSFT
34.27095704458117,11.151713474206645,75.13886268629484,-0.8999999999999951,519.0545,61.389287952114536,1.9732461715392595,505.41,23047930,1789422701,2026-09-14T21:51:41Z,NASDAQ:MSFT
34.27095704458117,11.151713474206645,75.13886268629484,-0.8999999999999951,519.0545,61.389287952114536,1.9732461715392595,505.41,23048427,1789422887,2026-09-14T21:54:47Z,NASDAQ:MSFT
34.27095704458117,11.151713474206645,75.13886268629484,-0.8999999999999951,519.0545,61.389287952114536,1.9732461715392595,505.41,23059552,1789423064,2026-09-14T21:57:44Z,NASDAQ:MSFT
34.27095704458117,11.151713474206645,75.13886268629484,-0.8999999999999951,519.0545,61.389287952114536,1.9732461715392595,505.41,23059878,1789423241,2026-09-14T22:00:41Z,NASDAQ:MSFT
34.27095704458117,11.151713474206645,75.13886268629484,-0.8999999999999951,519.0545,61.389287952114536,1.9732461715392595,505.41,23060368,1789423425,2026-09-14T22:03:45Z,NASDAQ:MSFT
34.27095704458117,11.151713474206645,75.13886268629484,-0.8999999999999951,519.0545,61.389287952114536,1.9732461715392595,505.41,23065954,1789423603,2026-09-14T22:06:43Z,NASDAQ:MSFT
34.27095704458117,11.151713474206645,75.13886268629484,-0.8999999999999951,519.0545,61.389287952114536,1.9732461715392595,505.41,23066066,1789423784,2026-09-14T22:09:44Z,NASDAQ:MSFT
34.27095704458117,11.151713474206645,75.13886268629484,-0.8999999999999951,519.0545,61.389287952114536,1.9732461715392595,505.41,23066182,1789423965,2026-09-14T22:12:45Z,NASDAQ:MSFT
34.27095704458117,11.151713474206645,75.13886268629484,-0.8999999999999951,519.0545,61.389287952114536,1.9732461715392595,505.41,23066943,1789424143,2026-09-14T22:15:43Z,NASDAQ:MSFT
34.27095704458117,11.151713474206645,75.13886268629484,-0.8999999999999951,519.0545,61.389287952114536,1.9732461715392595,505.41,23067068,1789424323,2026-09-14T22:18:43Z,NASDAQ:MSFT
34.27095704458117,11.151713474206645,75.13886268629484,-0.8999999999999951,519.0545,61.389287952114536,1.9732461715392595,505.41,23067932,1789424505,2026-09-14T22:21:45Z,NASDAQ:MSFT
34.27095704458117,11.151713474206645,75.13886268629484,-0.8999999999999951,519.0545,61.389287952114536,1.9732461715392595,505.41,23069366,1789424685,2026-09-14T22:24:45Z,NASDAQ:MSFT
34.27095704458117,11.151713474206645,75.13886268629484,-0.8999999999999951,519.0545,61.389287952114536,1.9732461715392595,505.41,23069924,1789424866,2026-09-14T22:27:46Z,NASDAQ:MSFT
34.27095704458117,11.151713474206645,75.13886268629484,-0.8999999999999951,519.0545,61.389287952114536,1.9732461715392595,505.41,23070106,1789425043,2026-09-14T22:30:43Z,NASDAQ:MSFT
34.27095704458117,11.151713474206645,75.13886268629484,-0.8999999999999951,519.0545,61.389287952114536,1.9732461715392595,505.41,23071138,1789425225,2026-09-14T22:33:45Z,NASDAQ:MSFT
34.27095704458117,11.151713474206645,75.13886268629484,-0.8999999999999951,519.0545,61.389287952114536,1.9732461715392595,505.41,23071330,1789425407,2026-09-14T22:36:47Z,NASDAQ:MSFT
34.27095704458117,11.151713474206645,75.13886268629484,-0.8999999999999951,519.0545,61.389287952114536,1.9732461715392595,505.41,23071474,1789425585,2026-09-14T22:39:45Z,NASDAQ:MSFT
34.27095704458117,11.151713474206645,75.13886268629484,-0.8999999999999951,519.0545,61.389287952114536,1.9732461715392595,505.41,23072916,1789425761,2026-09-14T22:42:41Z,NASDAQ:MSFT
34.27095704458117,11.151713474206645,75.13886268629484,-0.8999999999999951,519.0545,61.389287952114536,1.9732461715392595,505.41,23074259,1789425945,2026-09-14T22:45:45Z,NASDAQ:MSFT
34.27095704458117,11.151713474206645,75.13886268629484,-0.8999999999999951,519.0545,61.389287952114536,1.9732461715392595,505.41,23074809,1789426120,2026-09-14T22:48:40Z,NASDAQ:MSFT
34.27095704458117,11.151713474206645,75.13886268629484,-0.8999999999999951,519.0545,61.389287952114536,1.9732461715392595,505.41,23075068,1789426303,2026-09-14T22:51:43Z,NASDAQ:MSFT
34.27095704458117,11.151713474206645,75.13886268629484,-0.8999999999999951,519.0545,61.389287952114536,1.9732461715392595,505.41,23075310,1789426485,2026-09-14T22:54:45Z,NASDAQ:MSFT
34.27095704458117,11.151713474206645,75.13886268629484,-0.8999999999999951,519.0545,61.389287952114536,1.9732461715392595,505.41,23075508,1789426666,2026-09-14T22:57:46Z,NASDAQ:MSFT
34.27095704458117,11.151713474206645,75.13886268629484,-0.8999999999999951,519.0545,61.389287952114536,1.9732461715392595,505.41,23076629,1789426845,2026-09-14T23:00:45Z,NASDAQ:MSFT
34.27095704458117,11.151713474206645,75.13886268629484,-0.8999999999999951,519.0545,61.389287952114536,1.9732461715392595,505.41,23077104,1789427024,2026-09-14T23:03:44Z,NASDAQ:MSFT
34.27095704458117,11.151713474206645,75.13886268629484,-0.8999999999999951,519.0545,61.389287952114536,1.9732461715392595,505.41,23078628,1789427205,2026-09-14T23:06:45Z,NASDAQ:MSFT
34.27095704458117,11.151713474206645,75.13886268629484,-0.8999999999999951,519.0545,61.389287952114536,1.9732461715392595,505.41,23079266,1789427383,2026-09-14T23:09:43Z,NASDAQ:MSFT
34.27095704458117,11.151713474206645,75.13886268629484,-0.8999999999999951,519.0545,61.389287952114536,1.9732461715392595,505.41,23079847,1789427563,2026-09-14T23:12:43Z,NASDAQ:MSFT
34.27095704458117,11.151713474206645,75.13886268629484,-0.8999999999999951,519.0545,61.389287952114536,1.9732461715392595,505.41,23080363,1789427745,2026-09-14T23:15:45Z,NASDAQ:MSFT
34.27095704458117,11.151713474206645,75.13886268629484,-0.8999999999999951,519.0545,61.389287952114536,1.9732461715392595,505.41,23080442,1789427925,2026-09-14T23:18:45Z,NASDAQ:MSFT
34.27095704458117,11.151713474206645,75.13886268629484,-0.8999999999999951,519.0545,61.389287952114536,1.9732461715392595,505.41,23080958,1789428106,2026-09-14T23:21:46Z,NASDAQ:MSFT
34.27095704458117,11.151713474206645,75.13886268629484,-0.8999999999999951,519.0545,61.389287952114536,1.9732461715392595,505.41,23081065,1789428280,2026-09-14T23:24:40Z,NASDAQ:MSFT
34.27095704458117,11.151713474206645,75.13886268629484,-0.8999999999999951,519.0545,61.389287952114536,1.9732461715392595,505.41,23081791,1789428464,2026-09-14T23:27:44Z,NASDAQ:MSFT
34.27095704458117,11.151713474206645,75.13886268629484,-0.8999999999999951,519.0545,61.389287952114536,1.9732461715392595,505.41,23081913,1789428641,2026-09-14T23:30:41Z,NASDAQ:MSFT
34.27095704458117,11.151713474206645,75.13886268629484,-0.8999999999999951,519.0545,61.389287952114536,1.9732461715392595,505.41,23084136,1789428827,2026-09-14T23:33:47Z,NASDAQ:MSFT
34.27095704458117,11.151713474206645,75.13886268629484,-0.8999999999999951,519.0545,61.389287952114536,1.9732461715392595,505.41,23085176,1789429002,2026-09-14T23:36:42Z,NASDAQ:MSFT
34.27095704458117,11.151713474206645,75.13886268629484,-0.8999999999999951,519.0545,61.389287952114536,1.9732461715392595,505.41,23086269,1789429187,2026-09-14T23:39:47Z,NASDAQ:MSFT
34.27095704458117,11.151713474206645,75.13886268629484,-0.8999999999999951,519.0545,61.389287952114536,1.9732461715392595,505.41,23087117,1789429363,2026-09-14T23:42:43Z,NASDAQ:MSFT
34.27095704458117,11.151713474206645,75.13886268629484,-0.8999999999999951,519.0545,61.389287952114536,1.9732461715392595,505.41,23087308,1789429543,2026-09-14T23:45:43Z,NASDAQ:MSFT
34.27095704458117,11.151713474206645,75.13886268629484,-0.8999999999999951,519.0545,61.389287952114536,1.9732461715392595,505.41,23087843,1789429725,2026-09-14T23:48:45Z,NASDAQ:MSFT
34.27095704458117,11.151713474206645,75.13886268629484,-0.8999999999999951,519.0545,61.389287952114536,1.9732461715392595,505.41,23087946,1789429905,2026-09-14T23:51:45Z,NASDAQ:MSFT
34.27095704458117,11.151713474206645,75.13886268629484,-0.8999999999999951,519.0545,61.389287952114536,1.9732461715392595,505.41,23088149,1789430084,2026-09-14T23:54:44Z,NASDAQ:MSFT
34.27095704458117,11.151713474206645,75.13886268629484,-0.8999999999999951,519.0545,61.389287952114536,1.9732461715392595,505.41,23088496,1789430266,2026-09-14T23:57:46Z,NASDAQ:MSFT
34.27095704458117,11.151713474206645,75.13886268629484,-0.8999999999999951,519.0545,61.389287952114536,1.9732461715392595,505.41,23089158,1789430446,2026-09-15T00:00:46Z,NASDAQ:MSFT
34.27095704458117,11.151713474206645,75.13886268629484,-0.8999999999999951,519.0545,61.389287952114536,1.9732461715392595,505.41,23089699,1789430623,2026-09-15T00:03:43Z,NASDAQ:MSFT
34.27095704458117,11.151713474206645,75.13886268629484,-0.8999999999999951,519.0545,61.389287952114536,1.9732461715392595,505.41,23090490,1789430804,2026-09-15T00:06:44Z,NASDAQ:MSFT
34.27095704458117,11.151713474206645,75.13886268629484,-0.8999999999999951,519.0545,61.389287952114536,1.9732461715392595,505.41,23091273,1789430986,2026-09-15T00:09:46Z,NASDAQ:MSFT
34.27095704458117,11.151713474206645,75.13886268629484,-0.8999999999999951,519.0545,61.389287952114536,1.9732461715392595,505.41,23091541,1789431166,2026-09-15T00:12:46Z,NASDAQ:MSFT
34.27095704458117,11.151713474206645,75.13886268629484,-0.8999999999999951,519.0545,61.389287952114536,1.9732461715392595,505.41,23091859,1789431347,2026-09-15T00:15:47Z,NASDAQ:MSFT
34.27095704458117,11.151713474206645,75.13886268629484,-0.8999999999999951,519.0545,61.389287952114536,1.9732461715392595,505.41,23091859,1789431528,2026-09-15T00:18:48Z,NASDAQ:MSFT
34.27095704458117,11.151713474206645,75.13886268629484,-0.8999999999999951,519.0545,61.389287952114536,1.9732461715392595,505.41,23091859,1789431705,2026-09-15T00:21:45Z,NASDAQ:MSFT
34.27095704458117,11.151713474206645,75.13886268629484,-0.8999999999999951,519.0545,61.389287952114536,1.9732461715392595,505.41,23091859,1789431885,2026-09-15T00:24:45Z,NASDAQ:MSFT
34.27095704458117,11.151713474206645,75.13886268629484,-0.8999999999999951,519.0545,61.389287952114536,1.9732461715392595,505.41,23091859,1789432064,2026-09-15T00:27:44Z,NASDAQ:MSFT
34.27095704458117,11.151713474206645,75.13886268629484,-0.8999999999999951,519.0545,61.389287952114536,1.9732461715392595,505.41,23091859,1789432245,2026-09-15T00:30:45Z,NASDAQ:MSFT
34.27095704458117,11.151713474206645,75.13886268629484,-0.8999999999999951,519.0545,61.389287952114536,1.9732461715392595,505.41,23091859,1789432425,2026-09-15T00:33:45Z,NASDAQ:MSFT
34.27095704458117,11.151713474206645,75.13886268629484,-0.8999999999999951,519.0545,61.389287952114536,1.9732461715392595,505.41,23091859,1789432603,2026-09-15T00:36:43Z,NASDAQ:MSFT
34.27095704458117,11.151713474206645,75.13886268629484,-0.8999999999999951,519.0545,61.389287952114536,1.9732461715392595,505.41,23091859,1789432784,2026-09-15T00:39:44Z,NASDAQ:MSFT
34.27095704458117,11.151713474206645,75.13886268629484,-0.8999999999999951,519.0545,61.389287952114536,1.9732461715392595,505.41,23091859,1789432964,2026-09-15T00:42:44Z,NASDAQ:MSFT
34.27095704458117,11.151713474206645,75.13886268629484,-0.8999999999999951,519.0545,61.389287952114536,1.9732461715392595,505.41,23091859,1789433143,2026-09-15T00:45:43Z,NASDAQ:MSFT
34.27095704458117,11.151713474206645,75.13886268629484,-0.8999999999999951,519.0545,61.389287952114536,1.9732461715392595,505.41,23091859,1789433325,2026-09-15T00:48:45Z,NASDAQ:MSFT
34.27095704458117,11.151713474206645,75.13886268629484,-0.8999999999999951,519.0545,61.389287952114536,1.9732461715392595,505.41,23091859,1789433507,2026-09-15T00:51:47Z,NASDAQ:MSFT
34.27095704458117,11.151713474206645,75.13886268629484,-0.8999999999999951,519.0545,61.389287952114536,1.9732461715392595,505.41,23091859,1789433686,2026-09-15T00:54:46Z,NASDAQ:MSFT
34.27095704458117,11.151713474206645,75.13886268629484,-0.8999999999999951,519.0545,61.389287952114536,1.9732461715392595,505.41,23091859,1789433864,2026-09-15T00:57:44Z,NASDAQ:MSFT
34.27095704458117,11.151713474206645,75.13886268629484,-0.8999999999999951,519.0545,61.389287952114536,1.9732461715392595,505.41,23091859,1789434047,2026-09-15T01:00:47Z,NASDAQ:MSFT
34.27095704458117,11.151713474206645,75.13886268629484,-0.8999999999999951,519.0545,61.389287952114536,1.9732461715392595,505.41,23091859,1789434224,2026-09-15T01:03:44Z,NASDAQ:MSFT
34.27095704458117,11.151713474206645,75.13886268629484,-0.8999999999999951,519.0545,61.389287952114536,1.9732461715392595,505.41,23091859,1789434405,2026-09-15T01:06:45Z,NASDAQ:MSFT
34.27095704458117,11.151713474206645,75.13886268629484,-0.8999999999999951,519.0545,61.389287952114536,1.9732461715392595,505.41,23091859,1789434582,2026-09-15T01:09:42Z,NASDAQ:MSFT
34.27095704458117,11.151713474206645,75.13886268629484,-0.8999999999999951,519.0545,61.389287952114536,1.9732461715392595,505.41,23091859,1789434765,2026-09-15T01:12:45Z,NASDAQ:MSFT
34.27095704458117,11.151713474206645,75.13886268629484,-0.8999999999999951,519.0545,61.389287952114536,1.9732461715392595,505.41,23091859,1789434947,2026-09-15T01:15:47Z,NASDAQ:MSFT
34.27095704458117,11.151713474206645,75.13886268629484,-0.8999999999999951,519.0545,61.389287952114536,1.9732461715392595,505.41,23091859,1789435125,2026-09-15T01:18:45Z,NASDAQ:MSFT
34.27095704458117,11.151713474206645,75.13886268629484,-0.8999999999999951,519.0545,61.389287952114536,1.9732461715392595,505.41,23091859,1789435306,2026-09-15T01:21:46Z,NASDAQ:MSFT
34.27095704458117,11.151713474206645,75.13886268629484,-0.8999999999999951,519.0545,61.389287952114536,1.9732461715392595,505.41,23091859,1789435483,2026-09-15T01:24:43Z,NASDAQ:MSFT
34.27095704458117,11.151713474206645,75.13886268629484,-0.8999999999999951,519.0545,61.389287952114536,1.9732461715392595,505.41,23091859,1789435663,2026-09-15T01:27:43Z,NASDAQ:MSFT
34.27095704458117,11.151713474206645,75.13886268629484,-0.8999999999999951,519.0545,61.389287952114536,1.9732461715392595,505.41,23091859,1789435844,2026-09-15T01:30:44Z,NASDAQ:MSFT
34.27095704458117,11.151713474206645,75.13886268629484,-0.8999999999999951,519.0545,61.389287952114536,1.9732461715392595,505.41,23091859,1789436025,2026-09-15T01:33:45Z,NASDAQ:MSFT
34.27095704458117,11.151713474206645,75.13886268629484,-0.8999999999999951,519.0545,61.389287952114536,1.9732461715392595,505.41,23091859,1789436205,2026-09-15T01:36:45Z,NASDAQ:MSFT
34.27095704458117,11.151713474206645,75.13886268629484,-0.8999999999999951,519.0545,61.389287952114536,1.9732461715392595,505.41,23091859,1789436387,2026-09-15T01:39:47Z,NASDAQ:MSFT
34.27095704458117,11.151713474206645,75.13886268629484,-0.8999999999999951,519.0545,61.389287952114536,1.9732461715392595,505.41,23091859,1789436562,2026-09-15T01:42:42Z,NASDAQ:MSFT
34.27095704458117,11.151713474206645,75.13886268629484,-0.8999999999999951,519.0545,61.389287952114536,1.9732461715392595,505.41,23091859,1789436746,2026-09-15T01:45:46Z,NASDAQ:MSFT
34.27095704458117,11.151713474206645,75.13886268629484,-0.8999999999999951,519.0545,61.389287952114536,1.9732461715392595,505.41,23091859,1789436923,2026-09-15T01:48:43Z,NASDAQ:MSFT
34.27095704458117,11.151713474206645,75.13886268629484,-0.8999999999999951,519.0545,61.389287952114536,1.9732461715392595,505.41,23091859,1789437106,2026-09-15T01:51:46Z,NASDAQ:MSFT
34.27095704458117,11.151713474206645,75.13886268629484,-0.8999999999999951,519.0545,61.389287952114536,1.9732461715392595,505.41,23091859,1789437281,2026-09-15T01:54:41Z,NASDAQ:MSFT
34.27095704458117,11.151713474206645,75.13886268629484,-0.8999999999999951,519.0545,61.389287952114536,1.9732461715392595,505.41,23091859,1789437463,2026-09-15T01:57:43Z,NASDAQ:MSFT
34.27095704458117,11.151713474206645,75.13886268629484,-0.8999999999999951,519.0545,61.389287952114536,1.9732461715392595,505.41,23091859,1789437645,2026-09-15T02:00:45Z,NASDAQ:MSFT
34.27095704458117,11.151713474206645,75.13886268629484,-0.8999999999999951,519.0545,61.389287952114536,1.9732461715392595,505.41,23091859,1789437828,2026-09-15T02:03:48Z,NASDAQ:MSFT
34.27095704458117,11.151713474206645,75.13886268629484,-0.8999999999999951,519.0545,61.389287952114536,1.9732461715392595,505.41,23091859,1789438004,2026-09-15T02:06:44Z,NASDAQ:MSFT
34.27095704458117,11.151713474206645,75.13886268629484,-0.8999999999999951,519.0545,61.389287952114536,1.9732461715392595,505.41,23091859,1789438186,2026-09-15T02:09:46Z,NASDAQ:MSFT
34.27095704458117,11.151713474206645,75.13886268629484,-0.8999999999999951,519.0545,61.389287952114536,1.9732461715392595,505.41,23091859,1789438365,2026-09-15T02:12:45Z,NASDAQ:MSFT
34.27095704458117,11.151713474206645,75.13886268629484,-0.8999999999999951,519.0545,61.389287952114536,1.9732461715392595,505.41,23091859,1789438546,2026-09-15T02:15:46Z,NASDAQ:MSFT
34.27095704458117,11.151713474206645,75.13886268629484,-0.8999999999999951,519.0545,61.389287952114536,1.9732461715392595,505.41,23091859,1789438725,2026-09-15T02:18:45Z,NASDAQ:MSFT
34.27095704458117,11.151713474206645,75.13886268629484,-0.8999999999999951,519.0545,61.389287952114536,1.9732461715392595,505.41,23091859,1789438903,2026-09-15T02:21:43Z,NASDAQ:MSFT
34.27095704458117,11.151713474206645,75.13886268629484,-0.8999999999999951,519.0545,61.389287952114536,1.9732461715392595,505.41,23091859,1789439087,2026-09-15T02:24:47Z,NASDAQ:MSFT
34.27095704458117,11.151713474206645,75.13886268629484,-0.8999999999999951,519.0545,61.389287952114536,1.9732461715392595,505.41,23091859,1789439261,2026-09-15T02:27:41Z,NASDAQ:MSFT
34.27095704458117,11.151713474206645,75.13886268629484,-0.8999999999999951,519.0545,61.389287952114536,1.9732461715392595,505.41,23091859,1789439443,2026-09-15T02:30:43Z,NASDAQ:MSFT
34.27095704458117,11.151713474206645,75.13886268629484,-0.8999999999999951,519.0545,61.389287952114536,1.9732461715392595,505.41,23091859,1789439626,2026-09-15T02:33:46Z,NASDAQ:MSFT
34.27095704458117,11.151713474206645,75.13886268629484,-0.8999999999999951,519.0545,61.389287952114536,1.9732461715392595,505.41,23091859,1789439810,2026-09-15T02:36:50Z,NASDAQ:MSFT
34.27095704458117,11.151713474206645,75.13886268629484,-0.8999999999999951,519.0545,61.389287952114536,1.9732461715392595,505.41,23091859,1789439984,2026-09-15T02:39:44Z,NASDAQ:MSFT
34.27095704458117,11.151713474206645,75.13886268629484,-0.8999999999999951,519.0545,61.389287952114536,1.9732461715392595,505.41,23091859,1789440169,2026-09-15T02:42:49Z,NASDAQ:MSFT
34.27095704458117,11.151713474206645,75.13886268629484,-0.8999999999999951,519.0545,61.389287952114536,1.9732461715392595,505.41,23091859,1789440346,2026-09-15T02:45:46Z,NASDAQ:MSFT
34.27095704458117,11.151713474206645,75.13886268629484,-0.8999999999999951,519.0545,61.389287952114536,1.9732461715392595,505.41,23091859,1789440525,2026-09-15T02:48:45Z,NASDAQ:MSFT
34.27095704458117,11.151713474206645,75.13886268629484,-0.8999999999999951,519.0545,61.389287952114536,1.9732461715392595,505.41,23091859,1789440706,2026-09-15T02:51:46Z,NASDAQ:MSFT
34.27095704458117,11.151713474206645,75.13886268629484,-0.8999999999999951,519.0545,61.389287952114536,1.9732461715392595,505.41,23091859,1789440882,2026-09-15T02:54:42Z,NASDAQ:MSFT
34.27095704458117,11.151713474206645,75.13886268629484,-0.8999999999999951,519.0545,61.389287952114536,1.9732461715392595,505.41,23091859,1789441066,2026-09-15T02:57:46Z,NASDAQ:MSFT
34.27095704458117,11.151713474206645,75.13886268629484,-0.8999999999999951,519.0545,61.389287952114536,1.9732461715392595,505.41,23091859,1789441243,2026-09-15T03:00:43Z,NASDAQ:MSFT
34.27095704458117,11.151713474206645,75.13886268629484,-0.8999999999999951,519.0545,61.389287952114536,1.9732461715392595,505.41,23091859,1789441426,2026-09-15T03:03:46Z,NASDAQ:MSFT
34.27095704458117,11.151713474206645,75.13886268629484,-0.8999999999999951,519.0545,61.389287952114536,1.9732461715392595,505.41,23091859,1789441605,2026-09-15T03:06:45Z,NASDAQ:MSFT
34.27095704458117,11.151713474206645,75.13886268629484,-0.8999999999999951,519.0545,61.389287952114536,1.9732461715392595,505.41,23091859,1789441783,2026-09-15T03:09:43Z,NASDAQ:MSFT
34.27095704458117,11.151713474206645,75.13886268629484,-0.8999999999999951,519.0545,61.389287952114536,1.9732461715392595,505.41,23091859,1789441965,2026-09-15T03:12:45Z,NASDAQ:MSFT
34.27095704458117,11.151713474206645,75.13886268629484,-0.8999999999999951,519.0545,61.389287952114536,1.9732461715392595,505.41,23091859,1789442140,2026-09-15T03:15:40Z,NASDAQ:MSFT
34.27095704458117,11.151713474206645,75.13886268629484,-0.8999999999999951,519.0545,61.389287952114536,1.9732461715392595,505.41,23091859,1789442325,2026-09-15T03:18:45Z,NASDAQ:MSFT
34.27095704458117,11.151713474206645,75.13886268629484,-0.8999999999999951,519.0545,61.389287952114536,1.9732461715392595,505.41,23091859,1789442505,2026-09-15T03:21:45Z,NASDAQ:MSFT
34.27095704458117,11.151713474206645,75.13886268629484,-0.8999999999999951,519.0545,61.389287952114536,1.9732461715392595,505.41,23091859,1789442683,2026-09-15T03:24:43Z,NASDAQ:MSFT
34.27095704458117,11.151713474206645,75.13886268629484,-0.8999999999999951,519.0545,61.389287952114536,1.9732461715392595,505.41,23091859,1789442865,2026-09-15T03:27:45Z,NASDAQ:MSFT
34.27095704458117,11.151713474206645,75.13886268629484,-0.8999999999999951,519.0545,61.389287952114536,1.9732461715392595,505.41,23091859,1789443043,2026-09-15T03:30:43Z,NASDAQ:MSFT
34.27095704458117,11.151713474206645,75.13886268629484,-0.8999999999999951,519.0545,61.389287952114536,1.9732461715392595,505.41,23091859,1789443224,2026-09-15T03:33:44Z,NASDAQ:MSFT
34.27095704458117,11.151713474206645,75.13886268629484,-0.8999999999999951,519.0545,61.389287952114536,1.9732461715392595,505.41,23091859,1789443403,2026-09-15T03:36:43Z,NASDAQ:MSFT
34.27095704458117,11.151713474206645,75.13886268629484,-0.8999999999999951,519.0545,61.389287952114536,1.9732461715392595,505.41,23091859,1789443583,2026-09-15T03:39:43Z,NASDAQ:MSFT
34.27095704458117,11.151713474206645,75.13886268629484,-0.8999999999999951,519.0545,61.389287952114536,1.9732461715392595,505.41,23091859,1789443762,2026-09-15T03:42:42Z,NASDAQ:MSFT
34.27095704458117,11.151713474206645,75.13886268629484,-0.8999999999999951,519.0545,61.389287952114536,1.9732461715392595,505.41,23091859,1789443946,2026-09-15T03:45:46Z,NASDAQ:MSFT
34.27095704458117,11.151713474206645,75.13886268629484,-0.8999999999999951,519.0545,61.389287952114536,1.9732461715392595,505.41,23091859,1789444125,2026-09-15T03:48:45Z,NASDAQ:MSFT
34.27095704458117,11.151713474206645,75.13886268629484,-0.8999999999999951,519.0545,61.389287952114536,1.9732461715392595,505.41,23091859,1789444305,2026-09-15T03:51:45Z,NASDAQ:MSFT
34.27095704458117,11.151713474206645,75.13886268629484,-0.8999999999999951,519.0545,61.389287952114536,1.9732461715392595,505.41,23091859,1789444485,2026-09-15T03:54:45Z,NASDAQ:MSFT
34.27095704458117,11.151713474206645,75.13886268629484,-0.8999999999999951,519.0545,61.389287952114536,1.9732461715392595,505.41,23091859,1789444663,2026-09-15T03:57:43Z,NASDAQ:MSFT
34.27095704458117,11.151713474206645,75.13886268629484,-0.8999999999999951,519.0545,61.389287952114536,1.9732461715392595,505.41,23091859,1789444846,2026-09-15T04:00:46Z,NASDAQ:MSFT
34.27095704458117,11.151713474206645,75.13886268629484,-0.8999999999999951,519.0545,61.389287952114536,1.9732461715392595,505.41,23091859,1789445023,2026-09-15T04:03:43Z,NASDAQ:MSFT
34.27095704458117,11.151713474206645,75.13886268629484,-0.8999999999999951,519.0545,61.389287952114536,1.9732461715392595,505.41,23091859,1789445205,2026-09-15T04:06:45Z,NASDAQ:MSFT
34.27095704458117,11.151713474206645,75.13886268629484,-0.8999999999999951,519.0545,61.389287952114536,1.9732461715392595,505.41,23091859,1789445387,2026-09-15T04:09:47Z,NASDAQ:MSFT
34.27095704458117,11.151713474206645,75.13886268629484,-0.8999999999999951,519.0545,61.389287952114536,1.9732461715392595,505.41,23091859,1789445565,2026-09-15T04:12:45Z,NASDAQ:MSFT
34.27095704458117,11.151713474206645,75.13886268629484,-0.8999999999999951,519.0545,61.389287952114536,1.9732461715392595,505.41,23091859,1789445745,2026-09-15T04:15:45Z,NASDAQ:MSFT
34.27095704458117,11.151713474206645,75.13886268629484,-0.8999999999999951,519.0545,61.389287952114536,1.9732461715392595,505.41,23091859,1789445923,2026-09-15T04:18:43Z,NASDAQ:MSFT
34.27095704458117,11.151713474206645,75.13886268629484,-0.8999999999999951,519.0545,61.389287952114536,1.9732461715392595,505.41,23091859,1789446106,2026-09-15T04:21:46Z,NASDAQ:MSFT
34.27095704458117,11.151713474206645,75.13886268629484,-0.8999999999999951,519.0545,61.389287952114536,1.9732461715392595,505.41,23091859,1789446283,2026-09-15T04:24:43Z,NASDAQ:MSFT
34.27095704458117,11.151713474206645,75.13886268629484,-0.8999999999999951,519.0545,61.389287952114536,1.9732461715392595,505.41,23091859,1789446463,2026-09-15T04:27:43Z,NASDAQ:MSFT
34.27095704458117,11.151713474206645,75.13886268629484,-0.8999999999999951,519.0545,61.389287952114536,1.9732461715392595,505.41,23091859,1789446643,2026-09-15T04:30:43Z,NASDAQ:MSFT
34.27095704458117,11.151713474206645,75.13886268629484,-0.8999999999999951,519.0545,61.389287952114536,1.9732461715392595,505.41,23091859,1789446827,2026-09-15T04:33:47Z,NASDAQ:MSFT
34.27095704458117,11.151713474206645,75.13886268629484,-0.8999999999999951,519.0545,61.389287952114536,1.9732461715392595,505.41,23091859,1789447006,2026-09-15T04:36:46Z,NASDAQ:MSFT
34.27095704458117,11.151713474206645,75.13886268629484,-0.8999999999999951,519.0545,61.389287952114536,1.9732461715392595,505.41,23091859,1789447184,2026-09-15T04:39:44Z,NASDAQ:MSFT
34.27095704458117,11.151713474206645,75.13886268629484,-0.8999999999999951,519.0545,61.389287952114536,1.9732461715392595,505.41,23091859,1789447361,2026-09-15T04:42:41Z,NASDAQ:MSFT
34.27095704458117,11.151713474206645,75.13886268629484,-0.8999999999999951,519.0545,61.389287952114536,1.9732461715392595,505.41,23091859,1789447545,2026-09-15T04:45:45Z,NASDAQ:MSFT
34.27095704458117,11.151713474206645,75.13886268629484,-0.8999999999999951,519.0545,61.389287952114536,1.9732461715392595,505.41,23091859,1789447725,2026-09-15T04:48:45Z,NASDAQ:MSFT
34.27095704458117,11.151713474206645,75.13886268629484,-0.8999999999999951,519.0545,61.389287952114536,1.9732461715392595,505.41,23091859,1789447906,2026-09-15T04:51:46Z,NASDAQ:MSFT
34.27095704458117,11.151713474206645,75.13886268629484,-0.8999999999999951,519.0545,61.389287952114536,1.9732461715392595,505.41,23091859,1789448085,2026-09-15T04:54:45Z,NASDAQ:MSFT
34.27095704458117,11.151713474206645,75.13886268629484,-0.8999999999999951,519.0545,61.389287952114536,1.9732461715392595,505.41,23091859,1789448269,2026-09-15T04:57:49Z,NASDAQ:MSFT
34.27095704458117,11.151713474206645,75.13886268629484,-0.8999999999999951,519.0545,61.389287952114536,1.9732461715392595,505.41,23091859,1789448446,2026-09-15T05:00:46Z,NASDAQ:MSFT
34.27095704458117,11.151713474206645,75.13886268629484,-0.8999999999999951,519.0545,61.389287952114536,1.9732461715392595,505.41,23091859,1789448623,2026-09-15T05:03:43Z,NASDAQ:MSFT
34.27095704458117,11.151713474206645,75.13886268629484,-0.8999999999999951,519.0545,61.389287952114536,1.9732461715392595,505.41,23091859,1789448802,2026-09-15T05:06:42Z,NASDAQ:MSFT
34.27095704458117,11.151713474206645,75.13886268629484,-0.8999999999999951,519.0545,61.389287952114536,1.9732461715392595,505.41,23091859,1789448985,2026-09-15T05:09:45Z,NASDAQ:MSFT
34.27095704458117,11.151713474206645,75.13886268629484,-0.8999999999999951,519.0545,61.389287952114536,1.9732461715392595,505.41,23091859,1789449161,2026-09-15T05:12:41Z,NASDAQ:MSFT
34.27095704458117,11.151713474206645,75.13886268629484,-0.8999999999999951,519.0545,61.389287952114536,1.9732461715392595,505.41,23091859,1789449348,2026-09-15T05:15:48Z,NASDAQ:MSFT
34.27095704458117,11.151713474206645,75.13886268629484,-0.8999999999999951,519.0545,61.389287952114536,1.9732461715392595,505.41,23091859,1789449526,2026-09-15T05:18:46Z,NASDAQ:MSFT
34.27095704458117,11.151713474206645,75.13886268629484,-0.8999999999999951,519.0545,61.389287952114536,1.9732461715392595,505.41,23091859,1789449707,2026-09-15T05:21:47Z,NASDAQ:MSFT
34.27095704458117,11.151713474206645,75.13886268629484,-0.8999999999999951,519.0545,61.389287952114536,1.9732461715392595,505.41,23091859,1789449886,2026-09-15T05:24:46Z,NASDAQ:MSFT
34.27095704458117,11.151713474206645,75.13886268629484,-0.8999999999999951,519.0545,61.389287952114536,1.9732461715392595,505.41,23091859,1789450065,2026-09-15T05:27:45Z,NASDAQ:MSFT
34.27095704458117,11.151713474206645,75.13886268629484,-0.8999999999999951,519.0545,61.389287952114536,1.9732461715392595,505.41,23091859,1789450247,2026-09-15T05:30:47Z,NASDAQ:MSFT
34.27095704458117,11.151713474206645,75.13886268629484,-0.8999999999999951,519.0545,61.389287952114536,1.9732461715392595,505.41,23091859,1789450427,2026-09-15T05:33:47Z,NASDAQ:MSFT
34.27095704458117,11.151713474206645,75.13886268629484,-0.8999999999999951,519.0545,61.389287952114536,1.9732461715392595,505.41,23091859,1789450605,2026-09-15T05:36:45Z,NASDAQ:MSFT
34.27095704458117,11.151713474206645,75.13886268629484,-0.8999999999999951,519.0545,61.389287952114536,1.9732461715392595,505.41,23091859,1789450783,2026-09-15T05:39:43Z,NASDAQ:MSFT
34.27095704458117,11.151713474206645,75.13886268629484,-0.8999999999999951,519.0545,61.389287952114536,1.9732461715392595,505.41,23091859,1789450964,2026-09-15T05:42:44Z,NASDAQ:MSFT
34.27095704458117,11.151713474206645,75.13886268629484,-0.8999999999999951,519.0545,61.389287952114536,1.9732461715392595,505.41,23091859,1789451143,2026-09-15T05:45:43Z,NASDAQ:MSFT
34.27095704458117,11.151713474206645,75.13886268629484,-0.8999999999999951,519.0545,61.389287952114536,1.9732461715392595,505.41,23091859,1789451323,2026-09-15T05:48:43Z,NASDAQ:MSFT
34.27095704458117,11.151713474206645,75.13886268629484,-0.8999999999999951,519.0545,61.389287952114536,1.9732461715392595,505.41,23091859,1789451503,2026-09-15T05:51:43Z,NASDAQ:MSFT
34.27095704458117,11.151713474206645,75.13886268629484,-0.8999999999999951,519.0545,61.389287952114536,1.9732461715392595,505.41,23091859,1789451683,2026-09-15T05:54:43Z,NASDAQ:MSFT
34.27095704458117,11.151713474206645,75.13886268629484,-0.8999999999999951,519.0545,61.389287952114536,1.9732461715392595,505.41,23091859,1789451863,2026-09-15T05:57:43Z,NASDAQ:MSFT
34.27095704458117,11.151713474206645,75.13886268629484,-0.8999999999999951,519.0545,61.389287952114536,1.9732461715392595,505.41,23091859,1789452045,2026-09-15T06:00:45Z,NASDAQ:MSFT
34.27095704458117,11.151713474206645,75.13886268629484,-0.8999999999999951,519.0545,61.389287952114536,1.9732461715392595,505.41,23091859,1789452223,2026-09-15T06:03:43Z,NASDAQ:MSFT
34.27095704458117,11.151713474206645,75.13886268629484,-0.8999999999999951,519.0545,61.389287952114536,1.9732461715392595,505.41,23091859,1789452403,2026-09-15T06:06:43Z,NASDAQ:MSFT
34.27095704458117,11.151713474206645,75.13886268629484,-0.8999999999999951,519.0545,61.389287952114536,1.9732461715392595,505.41,23091859,1789452585,2026-09-15T06:09:45Z,NASDAQ:MSFT
34.27095704458117,11.151713474206645,75.13886268629484,-0.8999999999999951,519.0545,61.389287952114536,1.9732461715392595,505.41,23091859,1789452764,2026-09-15T06:12:44Z,NASDAQ:MSFT
34.27095704458117,11.151713474206645,75.13886268629484,-0.8999999999999951,519.0545,61.389287952114536,1.9732461715392595,505.41,23091859,1789452939,2026-09-15T06:15:39Z,NASDAQ:MSFT
34.27095704458117,11.151713474206645,75.13886268629484,-0.8999999999999951,519.0545,61.389287952114536,1.9732461715392595,505.41,23091859,1789453126,2026-09-15T06:18:46Z,NASDAQ:MSFT
34.27095704458117,11.151713474206645,75.13886268629484,-0.8999999999999951,519.0545,61.389287952114536,1.9732461715392595,505.41,23091859,1789453305,2026-09-15T06:21:45Z,NASDAQ:MSFT
34.27095704458117,11.151713474206645,75.13886268629484,-0.8999999999999951,519.0545,61.389287952114536,1.9732461715392595,505.41,23091859,1789453484,2026-09-15T06:24:44Z,NASDAQ:MSFT
34.27095704458117,11.151713474206645,75.13886268629484,-0.8999999999999951,519.0545,61.389287952114536,1.9732461715392595,505.41,23091859,1789453665,2026-09-15T06:27:45Z,NASDAQ:MSFT
34.27095704458117,11.151713474206645,75.13886268629484,-0.8999999999999951,519.0545,61.389287952114536,1.9732461715392595,505.41,23091859,1789453844,2026-09-15T06:30:44Z,NASDAQ:MSFT
34.27095704458117,11.151713474206645,75.13886268629484,-0.8999999999999951,519.0545,61.389287952114536,1.9732461715392595,505.41,23091859,1789454026,2026-09-15T06:33:46Z,NASDAQ:MSFT
34.27095704458117,11.151713474206645,75.13886268629484,-0.8999999999999951,519.0545,61.389287952114536,1.9732461715392595,505.41,23091859,1789454202,2026-09-15T06:36:42Z,NASDAQ:MSFT
34.27095704458117,11.151713474206645,75.13886268629484,-0.8999999999999951,519.0545,61.389287952114536,1.9732461715392595,505.41,23091859,1789454386,2026-09-15T06:39:46Z,NASDAQ:MSFT
34.27095704458117,11.151713474206645,75.13886268629484,-0.8999999999999951,519.0545,61.389287952114536,1.9732461715392595,505.41,23091859,1789454565,2026-09-15T06:42:45Z,NASDAQ:MSFT
34.27095704458117,11.151713474206645,75.13886268629484,-0.8999999999999951,519.0545,61.389287952114536,1.9732461715392595,505.41,23091859,1789454744,2026-09-15T06:45:44Z,NASDAQ:MSFT
34.27095704458117,11.151713474206645,75.13886268629484,-0.8999999999999951,519.0545,61.389287952114536,1.9732461715392595,505.41,23091859,1789454926,2026-09-15T06:48:46Z,NASDAQ:MSFT
34.27095704458117,11.151713474206645,75.13886268629484,-0.8999999999999951,519.0545,61.389287952114536,1.9732461715392595,505.41,23091859,1789455101,2026-09-15T06:51:41Z,NASDAQ:MSFT
34.27095704458117,11.151713474206645,75.13886268629484,-0.8999999999999951,519.0545,61.389287952114536,1.9732461715392595,505.41,23091859,1789455285,2026-09-15T06:54:45Z,NASDAQ:MSFT
34.27095704458117,11.151713474206645,75.13886268629484,-0.8999999999999951,519.0545,61.389287952114536,1.9732461715392595,505.41,23091859,1789455462,2026-09-15T06:57:42Z,NASDAQ:MSFT
34.27095704458117,11.151713474206645,75.13886268629484,-0.8999999999999951,519.0545,61.389287952114536,1.9732461715392595,505.41,23091859,1789455643,2026-09-15T07:00:43Z,NASDAQ:MSFT
34.27095704458117,11.151713474206645,75.13886268629484,-0.8999999999999951,519.0545,61.389287952114536,1.9732461715392595,505.41,23091859,1789455824,2026-09-15T07:03:44Z,NASDAQ:MSFT
34.27095704458117,11.151713474206645,75.13886268629484,-0.8999999999999951,519.0545,61.389287952114536,1.9732461715392595,505.41,23091859,1789456003,2026-09-15T07:06:43Z,NASDAQ:MSFT
34.27095704458117,11.151713474206645,75.13886268629484,-0.8999999999999951,519.0545,61.389287952114536,1.9732461715392595,505.41,23091859,1789456185,2026-09-15T07:09:45Z,NASDAQ:MSFT
34.27095704458117,11.151713474206645,75.13886268629484,-0.8999999999999951,519.0545,61.389287952114536,1.9732461715392595,505.41,23091859,1789456361,2026-09-15T07:12:41Z,NASDAQ:MSFT
34.27095704458117,11.151713474206645,75.13886268629484,-0.8999999999999951,519.0545,61.389287952114536,1.9732461715392595,505.41,23091859,1789456544,2026-09-15T07:15:44Z,NASDAQ:MSFT
34.27095704458117,11.151713474206645,75.13886268629484,-0.8999999999999951,519.0545,61.389287952114536,1.9732461715392595,505.41,23091859,1789456723,2026-09-15T07:18:43Z,NASDAQ:MSFT
34.27095704458117,11.151713474206645,75.13886268629484,-0.8999999999999951,519.0545,61.389287952114536,1.9732461715392595,505.41,23091859,1789456905,2026-09-15T07:21:45Z,NASDAQ:MSFT
34.27095704458117,11.151713474206645,75.13886268629484,-0.8999999999999951,519.0545,61.389287952114536,1.9732461715392595,505.41,23091859,1789457084,2026-09-15T07:24:44Z,NASDAQ:MSFT
34.27095704458117,11.151713474206645,75.13886268629484,-0.8999999999999951,519.0545,61.389287952114536,1.9732461715392595,505.41,23091859,1789457264,2026-09-15T07:27:44Z,NASDAQ:MSFT
34.27095704458117,11.151713474206645,75.13886268629484,-0.8999999999999951,519.0545,61.389287952114536,1.9732461715392595,505.41,23091859,1789457447,2026-09-15T07:30:47Z,NASDAQ:MSFT
34.27095704458117,11.151713474206645,75.13886268629484,-0.8999999999999951,519.0545,61.389287952114536,1.9732461715392595,505.41,23091859,1789457623,2026-09-15T07:33:43Z,NASDAQ:MSFT
34.27095704458117,11.151713474206645,75.13886268629484,-0.8999999999999951,519.0545,61.389287952114536,1.9732461715392595,505.41,23091859,1789457805,2026-09-15T07:36:45Z,NASDAQ:MSFT
34.27095704458117,11.151713474206645,75.13886268629484,-0.8999999999999951,519.0545,61.389287952114536,1.9732461715392595,505.41,23091859,1789457987,2026-09-15T07:39:47Z,NASDAQ:MSFT
34.27095704458117,11.151713474206645,75.13886268629484,-0.8999999999999951,519.0545,61.389287952114536,1.9732461715392595,505.41,23091859,1789458163,2026-09-15T07:42:43Z,NASDAQ:MSFT
34.27095704458117,11.151713474206645,75.13886268629484,-0.8999999999999951,519.0545,61.389287952114536,1.9732461715392595,505.41,23091859,1789458343,2026-09-15T07:45:43Z,NASDAQ:MSFT
34.27095704458117,11.151713474206645,75.13886268629484,-0.8999999999999951,519.0545,61.389287952114536,1.9732461715392595,505.41,23091859,1789458524,2026-09-15T07:48:44Z,NASDAQ:MSFT
34.27095704458117,11.151713474206645,75.13886268629484,-0.8999999999999951,519.0545,61.389287952114536,1.9732461715392595,505.41,23091859,1789458704,2026-09-15T07:51:44Z,NASDAQ:MSFT
34.27095704458117,11.151713474206645,75.13886268629484,-0.8999999999999951,519.0545,61.389287952114536,1.9732461715392595,505.41,23091859,1789458884,2026-09-15T07:54:44Z,NASDAQ:MSFT
34.27095704458117,11.151713474206645,75.13886268629484,-0.8999999999999951,519.0545,61.389287952114536,1.9732461715392595,505.41,23091859,1789459063,2026-09-15T07:57:43Z,NASDAQ:MSFT
34.27095704458117,11.151713474206645,75.13886268629484,-0.8999999999999951,519.0545,61.389287952114536,1.9732461715392595,505.41,23091859,1789459244,2026-09-15T08:00:44Z,NASDAQ:MSFT
34.27095704458117,11.151713474206645,75.13886268629484,-0.8999999999999951,519.0545,61.389287952114536,1.9732461715392595,505.41,23091859,1789459424,2026-09-15T08:03:44Z,NASDAQ:MSFT
34.27095704458117,11.151713474206645,75.13886268629484,-0.8999999999999951,519.0545,61.389287952114536,1.9732461715392595,505.41,23091859,1789459605,2026-09-15T08:06:45Z,NASDAQ:MSFT
34.27095704458117,11.151713474206645,75.13886268629484,-0.8999999999999951,519.0545,61.389287952114536,1.9732461715392595,505.41,23091859,1789459782,2026-09-15T08:09:42Z,NASDAQ:MSFT
34.27095704458117,11.151713474206645,75.13886268629484,-0.8999999999999951,519.0545,61.389287952114536,1.9732461715392595,505.41,23091859,1789459961,2026-09-15T08:12:41Z,NASDAQ:MSFT
34.27095704458117,11.151713474206645,75.13886268629484,-0.8999999999999951,519.0545,61.389287952114536,1.9732461715392595,505.41,23091859,1789460144,2026-09-15T08:15:44Z,NASDAQ:MSFT
34.27095704458117,11.151713474206645,75.13886268629484,-0.8999999999999951,519.0545,61.389287952114536,1.9732461715392595,505.41,23091859,1789460324,2026-09-15T08:18:44Z,NASDAQ:MSFT
34.27095704458117,11.151713474206645,75.13886268629484,-0.8999999999999951,519.0545,61.389287952114536,1.9732461715392595,505.41,23091859,1789460502,2026-09-15T08:21:42Z,NASDAQ:MSFT
34.27095704458117,11.151713474206645,75.13886268629484,-0.8999999999999951,519.0545,61.389287952114536,1.9732461715392595,505.41,23091859,1789460683,2026-09-15T08:24:43Z,NASDAQ:MSFT
34.27095704458117,11.151713474206645,75.13886268629484,-0.8999999999999951,519.0545,61.389287952114536,1.9732461715392595,505.41,23091859,1789460864,2026-09-15T08:27:44Z,NASDAQ:MSFT
34.27095704458117,11.151713474206645,75.13886268629484,-0.8999999999999951,519.0545,61.389287952114536,1.9732461715392595,505.41,23091859,1789461043,2026-09-15T08:30:43Z,NASDAQ:MSFT
34.27095704458117,11.151713474206645,75.13886268629484,-0.8999999999999951,519.0545,61.389287952114536,1.9732461715392595,505.41,23091859,1789461224,2026-09-15T08:33:44Z,NASDAQ:MSFT
34.27095704458117,11.151713474206645,75.13886268629484,-0.8999999999999951,519.0545,61.389287952114536,1.9732461715392595,505.41,23091859,1789461401,2026-09-15T08:36:41Z,NASDAQ:MSFT
34.27095704458117,11.151713474206645,75.13886268629484,-0.8999999999999951,519.0545,61.389287952114536,1.9732461715392595,505.41,23091859,1789461585,2026-09-15T08:39:45Z,NASDAQ:MSFT
34.27095704458117,11.151713474206645,75.13886268629484,-0.8999999999999951,519.0545,61.389287952114536,1.9732461715392595,505.41,23091859,1789461763,2026-09-15T08:42:43Z,NASDAQ:MSFT
34.27095704458117,11.151713474206645,75.13886268629484,-0.8999999999999951,519.0545,61.389287952114536,1.9732461715392595,505.41,23091859,1789461945,2026-09-15T08:45:45Z,NASDAQ:MSFT
34.27095704458117,11.151713474206645,75.13886268629484,-0.8999999999999951,519.0545,61.389287952114536,1.9732461715392595,505.41,23091859,1789462123,2026-09-15T08:48:43Z,NASDAQ:MSFT
34.27095704458117,11.151713474206645,75.13886268629484,-0.8999999999999951,519.0545,61.389287952114536,1.9732461715392595,505.41,23091859,1789462306,2026-09-15T08:51:46Z,NASDAQ:MSFT
34.27095704458117,11.151713474206645,75.13886268629484,-0.8999999999999951,519.0545,61.389287952114536,1.9732461715392595,505.41,23091859,1789462480,2026-09-15T08:54:40Z,NASDAQ:MSFT
34.27095704458117,11.151713474206645,75.13886268629484,-0.8999999999999951,519.0545,61.389287952114536,1.9732461715392595,505.41,23091859,1789462659,2026-09-15T08:57:39Z,NASDAQ:MSFT
34.27095704458117,11.151713474206645,75.13886268629484,-0.8999999999999951,519.0545,61.389287952114536,1.9732461715392595,505.41,23091859,1789462843,2026-09-15T09:00:43Z,NASDAQ:MSFT
34.27095704458117,11.151713474206645,75.13886268629484,-0.8999999999999951,519.0545,61.389287952114536,1.9732461715392595,505.41,23091859,1789463022,2026-09-15T09:03:42Z,NASDAQ:MSFT
34.27095704458117,11.151713474206645,75.13886268629484,-0.8999999999999951,519.0545,61.389287952114536,1.9732461715392595,505.41,23091859,1789463204,2026-09-15T09:06:44Z,NASDAQ:MSFT
34.27095704458117,11.151713474206645,75.13886268629484,-0.8999999999999951,519.0545,61.389287952114536,1.9732461715392595,505.41,23091859,1789463381,2026-09-15T09:09:41Z,NASDAQ:MSFT
34.27095704458117,11.151713474206645,75.13886268629484,-0.8999999999999951,519.0545,61.389287952114536,1.9732461715392595,505.41,23091859,1789463564,2026-09-15T09:12:44Z,NASDAQ:MSFT
34.27095704458117,11.151713474206645,75.13886268629484,-0.8999999999999951,519.0545,61.389287952114536,1.9732461715392595,505.41,23091859,1789463741,2026-09-15T09:15:41Z,NASDAQ:MSFT
34.27095704458117,11.151713474206645,75.13886268629484,-0.8999999999999951,519.0545,61.389287952114536,1.9732461715392595,505.41,23091859,1789463923,2026-09-15T09:18:43Z,NASDAQ:MSFT
34.27095704458117,11.151713474206645,75.13886268629484,-0.8999999999999951,519.0545,61.389287952114536,1.9732461715392595,505.41,23091859,1789464102,2026-09-15T09:21:42Z,NASDAQ:MSFT
34.27095704458117,11.151713474206645,75.13886268629484,-0.8999999999999951,519.0545,61.389287952114536,1.9732461715392595,505.41,23091859,1789464285,2026-09-15T09:24:45Z,NASDAQ:MSFT
34.27095704458117,11.151713474206645,75.13886268629484,-0.8999999999999951,519.0545,61.389287952114536,1.9732461715392595,505.41,23091859,1789464466,2026-09-15T09:27:46Z,NASDAQ:MSFT
34.27095704458117,11.151713474206645,75.13886268629484,-0.8999999999999951,519.0545,61.389287952114536,1.9732461715392595,505.41,23091859,1789464642,2026-09-15T09:30:42Z,NASDAQ:MSFT
34.27095704458117,11.151713474206645,75.13886268629484,-0.8999999999999951,519.0545,61.389287952114536,1.9732461715392595,505.41,23091859,1789464821,2026-09-15T09:33:41Z,NASDAQ:MSFT
34.27095704458117,11.151713474206645,75.13886268629484,-0.8999999999999951,519.0545,61.389287952114536,1.9732461715392595,505.41,23091859,1789465006,2026-09-15T09:36:46Z,NASDAQ:MSFT
34.27095704458117,11.151713474206645,75.13886268629484,-0.8999999999999951,519.0545,61.389287952114536,1.9732461715392595,505.41,23091859,1789465182,2026-09-15T09:39:42Z,NASDAQ:MSFT
34.27095704458117,11.151713474206645,75.13886268629484,-0.8999999999999951,519.0545,61.389287952114536,1.9732461715392595,505.41,23091859,1789465363,2026-09-15T09:42:43Z,NASDAQ:MSFT
34.27095704458117,11.151713474206645,75.13886268629484,-0.8999999999999951,519.0545,61.389287952114536,1.9732461715392595,505.41,23091859,1789465545,2026-09-15T09:45:45Z,NASDAQ:MSFT
34.27095704458117,11.151713474206645,75.13886268629484,-0.8999999999999951,519.0545,61.389287952114536,1.9732461715392595,505.41,23091859,1789465725,2026-09-15T09:48:45Z,NASDAQ:MSFT
34.27095704458117,11.151713474206645,75.13886268629484,-0.8999999999999951,519.0545,61.389287952114536,1.9732461715392595,505.41,23091859,1789465901,2026-09-15T09:51:41Z,NASDAQ:MSFT
34.27095704458117,11.151713474206645,75.13886268629484,-0.8999999999999951,519.0545,61.389287952114536,1.9732461715392595,505.41,23091859,1789466083,2026-09-15T09:54:43Z,NASDAQ:MSFT
34.27095704458117,11.151713474206645,75.13886268629484,-0.8999999999999951,519.0545,61.389287952114536,1.9732461715392595,505.41,23091859,1789466261,2026-09-15T09:57:41Z,NASDAQ:MSFT
34.27095704458117,11.151713474206645,75.13886268629484,-0.8999999999999951,519.0545,61.389287952114536,1.9732461715392595,505.41,23091859,1789466444,2026-09-15T10:00:44Z,NASDAQ:MSFT
34.27095704458117,11.151713474206645,75.13886268629484,-0.8999999999999951,519.0545,61.389287952114536,1.9732461715392595,505.41,23091859,1789466625,2026-09-15T10:03:45Z,NASDAQ:MSFT
34.27095704458117,11.151713474206645,75.13886268629484,-0.8999999999999951,519.0545,61.389287952114536,1.9732461715392595,505.41,23091859,1789466803,2026-09-15T10:06:43Z,NASDAQ:MSFT
34.27095704458117,11.151713474206645,75.13886268629484,-0.8999999999999951,519.0545,61.389287952114536,1.9732461715392595,505.41,23091859,1789466985,2026-09-15T10:09:45Z,NASDAQ:MSFT
34.27095704458117,11.151713474206645,75.13886268629484,-0.8999999999999951,519.0545,61.389287952114536,1.9732461715392595,505.41,23091859,1789467164,2026-09-15T10:12:44Z,NASDAQ:MSFT
34.27095704458117,11.151713474206645,75.13886268629484,-0.8999999999999951,519.0545,61.389287952114536,1.9732461715392595,505.41,23091859,1789467344,2026-09-15T10:15:44Z,NASDAQ:MSFT
34.27095704458117,11.151713474206645,75.13886268629484,-0.8999999999999951,519.0545,61.389287952114536,1.9732461715392595,505.41,23091859,1789467527,2026-09-15T10:18:47Z,NASDAQ:MSFT
34.27095704458117,11.151713474206645,75.13886268629484,-0.8999999999999951,519.0545,61.389287952114536,1.9732461715392595,505.41,23091859,1789467705,2026-09-15T10:21:45Z,NASDAQ:MSFT
34.27095704458117,11.151713474206645,75.13886268629484,-0.8999999999999951,519.0545,61.389287952114536,1.9732461715392595,505.41,23091859,1789467885,2026-09-15T10:24:45Z,NASDAQ:MSFT
34.27095704458117,11.151713474206645,75.13886268629484,-0.8999999999999951,519.0545,61.389287952114536,1.9732461715392595,505.41,23091859,1789468064,2026-09-15T10:27:44Z,NASDAQ:MSFT
34.27095704458117,11.151713474206645,75.13886268629484,-0.8999999999999951,519.0545,61.389287952114536,1.9732461715392595,505.41,23091859,1789468244,2026-09-15T10:30:44Z,NASDAQ:MSFT
34.27095704458117,11.151713474206645,75.13886268629484,-0.8999999999999951,519.0545,61.389287952114536,1.9732461715392595,505.41,23091859,1789468424,2026-09-15T10:33:44Z,NASDAQ:MSFT
34.27095704458117,11.151713474206645,75.13886268629484,-0.8999999999999951,519.0545,61.389287952114536,1.9732461715392595,505.41,23091859,1789468607,2026-09-15T10:36:47Z,NASDAQ:MSFT
34.27095704458117,11.151713474206645,75.13886268629484,-0.8999999999999951,519.0545,61.389287952114536,1.9732461715392595,505.41,23091859,1789468785,2026-09-15T10:39:45Z,NASDAQ:MSFT
34.27095704458117,11.151713474206645,75.13886268629484,-0.8999999999999951,519.0545,61.389287952114536,1.9732461715392595,505.41,23091859,1789468965,2026-09-15T10:42:45Z,NASDAQ:MSFT
34.27095704458117,11.151713474206645,75.13886268629484,-0.8999999999999951,519.0545,61.389287952114536,1.9732461715392595,505.41,23091859,1789469143,2026-09-15T10:45:43Z,NASDAQ:MSFT
34.27095704458117,11.151713474206645,75.13886268629484,-0.8999999999999951,519.0545,61.389287952114536,1.9732461715392595,505.41,23091859,1789469323,2026-09-15T10:48:43Z,NASDAQ:MSFT
34.27095704458117,11.151713474206645,75.13886268629484,-0.8999999999999951,519.0545,61.389287952114536,1.9732461715392595,505.41,23091859,1789469505,2026-09-15T10:51:45Z,NASDAQ:MSFT
34.27095704458117,11.151713474206645,75.13886268629484,-0.8999999999999951,519.0545,61.389287952114536,1.9732461715392595,505.41,23091859,1789469686,2026-09-15T10:54:46Z,NASDAQ:MSFT
34.27095704458117,11.151713474206645,75.13886268629484,-0.8999999999999951,519.0545,61.389287952114536,1.9732461715392595,505.41,23091859,1789469866,2026-09-15T10:57:46Z,NASDAQ:MSFT
34.27095704458117,11.151713474206645,75.13886268629484,-0.8999999999999951,519.0545,61.389287952114536,1.9732461715392595,505.41,23091859,1789470044,2026-09-15T11:00:44Z,NASDAQ:MSFT
34.27095704458117,11.151713474206645,75.13886268629484,-0.8999999999999951,519.0545,61.389287952114536,1.9732461715392595,505.41,23091859,1789470224,2026-09-15T11:03:44Z,NASDAQ:MSFT
34.27095704458117,11.151713474206645,75.13886268629484,-0.8999999999999951,519.0545,61.389287952114536,1.9732461715392595,505.41,23091859,1789470404,2026-09-15T11:06:44Z,NASDAQ:MSFT
34.27095704458117,11.151713474206645,75.13886268629484,-0.8999999999999951,519.0545,61.389287952114536,1.9732461715392595,505.41,23091859,1789470585,2026-09-15T11:09:45Z,NASDAQ:MSFT
34.27095704458117,11.151713474206645,75.13886268629484,-0.8999999999999951,519.0545,61.389287952114536,1.9732461715392595,505.41,23091859,1789470760,2026-09-15T11:12:40Z,NASDAQ:MSFT
34.27095704458117,11.151713474206645,75.13886268629484,-0.8999999999999951,519.0545,61.389287952114536,1.9732461715392595,505.41,23091859,1789470945,2026-09-15T11:15:45Z,NASDAQ:MSFT
34.27095704458117,11.151713474206645,75.13886268629484,-0.8999999999999951,519.0545,61.389287952114536,1.9732461715392595,505.41,23091859,1789471122,2026-09-15T11:18:42Z,NASDAQ:MSFT
34.27095704458117,11.151713474206645,75.13886268629484,-0.8999999999999951,519.0545,61.389287952114536,1.9732461715392595,505.41,23091859,1789471303,2026-09-15T11:21:43Z,NASDAQ:MSFT
34.27095704458117,11.151713474206645,75.13886268629484,-0.8999999999999951,519.0545,61.389287952114536,1.9732461715392595,505.41,23091859,1789471482,2026-09-15T11:24:42Z,NASDAQ:MSFT
34.27095704458117,11.151713474206645,75.13886268629484,-0.8999999999999951,519.0545,61.389287952114536,1.9732461715392595,505.41,23091859,1789471667,2026-09-15T11:27:47Z,NASDAQ:MSFT
34.27095704458117,11.151713474206645,75.13886268629484,-0.8999999999999951,519.0545,61.389287952114536,1.9732461715392595,505.41,23091859,1789471841,2026-09-15T11:30:41Z,NASDAQ:MSFT
34.27095704458117,11.151713474206645,75.13886268629484,-0.8999999999999951,519.0545,61.389287952114536,1.9732461715392595,505.41,23091859,1789472022,2026-09-15T11:33:42Z,NASDAQ:MSFT
34.27095704458117,11.151713474206645,75.13886268629484,-0.8999999999999951,519.0545,61.389287952114536,1.9732461715392595,505.41,23091859,1789472207,2026-09-15T11:36:47Z,NASDAQ:MSFT
34.27095704458117,11.151713474206645,75.13886268629484,-0.8999999999999951,519.0545,61.389287952114536,1.9732461715392595,505.41,23091859,1789472383,2026-09-15T11:39:43Z,NASDAQ:MSFT
34.27095704458117,11.151713474206645,75.13886268629484,-0.8999999999999951,519.0545,61.389287952114536,1.9732461715392595,505.41,23091859,1789472561,2026-09-15T11:42:41Z,NASDAQ:MSFT
34.27095704458117,11.151713474206645,75.13886268629484,-0.8999999999999951,519.0545,61.389287952114536,1.9732461715392595,505.41,23091859,1789472743,2026-09-15T11:45:43Z,NASDAQ:MSFT
34.27095704458117,11.151713474206645,75.13886268629484,-0.8999999999999951,519.0545,61.389287952114536,1.9732461715392595,505.41,23091859,1789472923,2026-09-15T11:48:43Z,NASDAQ:MSFT
34.27095704458117,11.151713474206645,75.13886268629484,-0.8999999999999951,519.0545,61.389287952114536,1.9732461715392595,505.41,23091859,1789473105,2026-09-15T11:51:45Z,NASDAQ:MSFT
34.27095704458117,11.151713474206645,75.13886268629484,-0.8999999999999951,519.0545,61.389287952114536,1.9732461715392595,505.41,23091859,1789473286,2026-09-15T11:54:46Z,NASDAQ:MSFT
34.27095704458117,11.151713474206645,75.13886268629484,-0.8999999999999951,519.0545,61.389287952114536,1.9732461715392595,505.41,23091859,1789473466,2026-09-15T11:57:46Z,NASDAQ:MSFT
34.27095704458117,11.151713474206645,75.13886268629484,-0.8999999999999951,519.0545,61.389287952114536,1.9732461715392595,505.41,23091859,1789473643,2026-09-15T12:00:43Z,NASDAQ:MSFT
34.27095704458117,11.151713474206645,75.13886268629484,-0.8999999999999951,519.0545,61.389287952114536,1.9732461715392595,505.41,23091859,1789473823,2026-09-15T12:03:43Z,NASDAQ:MSFT
34.27095704458117,11.151713474206645,75.13886268629484,-0.8999999999999951,519.0545,61.389287952114536,1.9732461715392595,505.41,23091859,1789474004,2026-09-15T12:06:44Z,NASDAQ:MSFT
34.27095704458117,11.151713474206645,75.13886268629484,-0.8999999999999951,519.0545,61.389287952114536,1.9732461715392595,505.41,23091859,1789474181,2026-09-15T12:09:41Z,NASDAQ:MSFT
34.27095704458117,11.151713474206645,75.13886268629484,-0.8999999999999951,519.0545,61.389287952114536,1.9732461715392595,505.41,23091859,1789474363,2026-09-15T12:12:43Z,NASDAQ:MSFT
34.27095704458117,11.151713474206645,75.13886268629484,-0.8999999999999951,519.0545,61.389287952114536,1.9732461715392595,505.41,23091859,1789474543,2026-09-15T12:15:43Z,NASDAQ:MSFT
34.27095704458117,11.151713474206645,75.13886268629484,-0.8999999999999951,519.0545,61.389287952114536,1.9732461715392595,505.41,23091859,1789474724,2026-09-15T12:18:44Z,NASDAQ:MSFT
34.27095704458117,11.151713474206645,75.13886268629484,-0.8999999999999951,519.0545,61.389287952114536,1.9732461715392595,505.41,23091859,1789474904,2026-09-15T12:21:44Z,NASDAQ:MSFT
34.27095704458117,11.151713474206645,75.13886268629484,-0.8999999999999951,519.0545,61.389287952114536,1.9732461715392595,505.41,23091859,1789475084,2026-09-15T12:24:44Z,NASDAQ:MSFT
34.27095704458117,11.151713474206645,75.13886268629484,-0.8999999999999951,519.0545,61.389287952114536,1.9732461715392595,505.41,23091859,1789475261,2026-09-15T12:27:41Z,NASDAQ:MSFT
34.27095704458117,11.151713474206645,75.13886268629484,-0.8999999999999951,519.0545,61.389287952114536,1.9732461715392595,505.41,23091859,1789475445,2026-09-15T12:30:45Z,NASDAQ:MSFT
34.27095704458117,11.151713474206645,75.13886268629484,-0.8999999999999951,519.0545,61.389287952114536,1.9732461715392595,505.41,23091859,1789475621,2026-09-15T12:33:41Z,NASDAQ:MSFT
34.27095704458117,11.151713474206645,75.13886268629484,-0.8999999999999951,519.0545,61.389287952114536,1.9732461715392595,505.41,23091859,1789475803,2026-09-15T12:36:43Z,NASDAQ:MSFT
34.27095704458117,11.151713474206645,75.13886268629484,-0.8999999999999951,519.0545,61.389287952114536,1.9732461715392595,505.41,23091859,1789475983,2026-09-15T12:39:43Z,NASDAQ:MSFT
34.27095704458117,11.151713474206645,75.13886268629484,-0.8999999999999951,519.0545,61.389287952114536,1.9732461715392595,505.41,23091859,1789476164,2026-09-15T12:42:44Z,NASDAQ:MSFT
34.27095704458117,11.151713474206645,75.13886268629484,-0.8999999999999951,519.0545,61.389287952114536,1.9732461715392595,505.41,23091859,1789476344,2026-09-15T12:45:44Z,NASDAQ:MSFT
34.27095704458117,11.151713474206645,75.13886268629484,-0.8999999999999951,519.0545,61.389287952114536,1.9732461715392595,505.41,23091859,1789476526,2026-09-15T12:48:46Z,NASDAQ:MSFT
34.27095704458117,11.151713474206645,75.13886268629484,-0.8999999999999951,519.0545,61.389287952114536,1.9732461715392595,505.41,23091859,1789476704,2026-09-15T12:51:44Z,NASDAQ:MSFT
34.27095704458117,11.151713474206645,75.13886268629484,-0.8999999999999951,519.0545,61.389287952114536,1.9732461715392595,505.41,23091859,1789476884,2026-09-15T12:54:44Z,NASDAQ:MSFT
34.27095704458117,11.151713474206645,75.13886268629484,-0.8999999999999951,519.0545,61.389287952114536,1.9732461715392595,505.41,23091859,1789477063,2026-09-15T12:57:43Z,NASDAQ:MSFT
34.27095704458117,11.151713474206645,75.13886268629484,-0.8999999999999951,519.0545,61.389287952114536,1.9732461715392595,505.41,23091859,1789477242,2026-09-15T13:00:42Z,NASDAQ:MSFT
34.27095704458117,11.151713474206645,75.13886268629484,-0.8999999999999951,519.0545,61.389287952114536,1.9732461715392595,505.41,23091859,1789477423,2026-09-15T13:03:43Z,NASDAQ:MSFT
34.27095704458117,11.151713474206645,75.13886268629484,-0.8999999999999951,519.0545,61.389287952114536,1.9732461715392595,505.41,23091859,1789477600,2026-09-15T13:06:40Z,NASDAQ:MSFT
34.27095704458117,11.151713474206645,75.13886268629484,-0.8999999999999951,519.0545,61.389287952114536,1.9732461715392595,505.41,23091859,1789477786,2026-09-15T13:09:46Z,NASDAQ:MSFT
34.27095704458117,11.151713474206645,75.13886268629484,-0.8999999999999951,519.0545,61.389287952114536,1.9732461715392595,505.41,23091859,1789477964,2026-09-15T13:12:44Z,NASDAQ:MSFT
34.27095704458117,11.151713474206645,75.13886268629484,-0.8999999999999951,519.0545,61.389287952114536,1.9732461715392595,505.41,23091859,1789478144,2026-09-15T13:15:44Z,NASDAQ:MSFT
34.27095704458117,11.151713474206645,75.13886268629484,-0.8999999999999951,519.0545,61.389287952114536,1.9732461715392595,505.41,23091859,1789478324,2026-09-15T13:18:44Z,NASDAQ:MSFT
34.27095704458117,11.151713474206645,75.13886268629484,-0.8999999999999951,519.0545,61.389287952114536,1.9732461715392595,505.41,23091859,1789478504,2026-09-15T13:21:44Z,NASDAQ:MSFT
34.27095704458117,11.151713474206645,75.13886268629484,-0.8999999999999951,519.0545,61.389287952114536,1.9732461715392595,505.41,23091859,1789478685,2026-09-15T13:24:45Z,NASDAQ:MSFT
34.27095704458117,11.151713474206645,75.13886268629484,-0.8999999999999951,519.0545,61.389287952114536,1.9732461715392595,505.41,23091859,1789478863,2026-09-15T13:27:43Z,NASDAQ:MSFT
34.27095704458117,11.151713474206645,75.13886268629484,-0.8999999999999951,519.0545,61.389287952114536,1.9732461715392595,505.41,23091859,1789479044,2026-09-15T13:30:44Z,NASDAQ:MSFT
34.27095704458117,11.151713474206645,75.13886268629484,-0.8999999999999951,519.0545,61.389287952114536,1.9732461715392595,505.41,23091859,1789479227,2026-09-15T13:33:47Z,NASDAQ:MSFT
34.27095704458117,11.151713474206645,75.13886268629484,-0.8999999999999951,519.0545,61.389287952114536,1.9732461715392595,505.41,23091859,1789479403,2026-09-15T13:36:43Z,NASDAQ:MSFT
34.27095704458117,11.151713474206645,75.13886268629484,-0.8999999999999951,519.0545,61.389287952114536,1.9732461715392595,505.41,23091859,1789479584,2026-09-15T13:39:44Z,NASDAQ:MSFT
34.27095704458117,11.151713474206645,75.13886268629484,-0.8999999999999951,519.0545,61.389287952114536,1.9732461715392595,505.41,23091859,1789479767,2026-09-15T13:42:47Z,NASDAQ:MSFT
34.24415162911645,6.715811549319994,49.90982783716235,1.7423581671771429,519.0545,58.71324573418839,-0.7538434142577317,501.6,583556,1789479941,2026-09-15T13:45:41Z,NASDAQ:MSFT
34.24415162911645,7.048668692177159,46.88793212979549,1.5060546439220324,519.0545,57.94094422653765,-0.984349340139693,500.435,786841,1789480123,2026-09-15T13:48:43Z,NASDAQ:MSFT
34.24415162911645,6.575811549320008,53.95864710152101,2.012129571408291,519.0545,59.62048647652451,-0.5520270671336184,502.62,974337,1789480302,2026-09-15T13:51:42Z,NASDAQ:MSFT
34.24415162911645,8.014382977891444,65.42826487427199,2.4958925782438506,519.0545,61.3196004629091,-0.0187966205654868,505.315,1232485,1789480486,2026-09-15T13:54:46Z,NASDAQ:MSFT
34.24415162911645,8.80581154931997,64.00170170334297,2.28190097563944,519.0545,60.556204736539655,-0.3195425496131871,503.795,1377830,1789480665,2026-09-15T13:57:45Z,NASDAQ:MSFT
34.24415162911645,8.834382977891437,63.748859651298815,2.26161741141154,519.0545,60.48483001733198,-0.2473239548089669,504.16,1511241,1789480845,2026-09-15T14:00:45Z,NASDAQ:MSFT
34.24415162911645,9.155811549319992,60.897043609416336,2.0334273138475965,519.0545,59.69330632124365,-0.4699155141370372,503.035,1630719,1789481023,2026-09-15T14:03:43Z,NASDAQ:MSFT
34.24415162911645,9.05441154931998,61.79815542665992,2.1054136832924324,519.0545,59.94075957888028,-0.3996952968876779,503.3899,1795517,1789481204,2026-09-15T14:06:44Z,NASDAQ:MSFT
34.24415162911645,9.49581154931991,57.86570263123937,1.7920528995355138,519.0545,58.87828856004398,-0.7053679191151734,501.845,1874056,1789481385,2026-09-15T14:09:45Z,NASDAQ:MSFT
34.24415162911645,9.709897263605626,55.94914425896958,1.640068152775812,519.0545,58.3764226604563,-0.8536237905858616,501.0957,2064692,1789481564,2026-09-15T14:12:44Z,NASDAQ:MSFT
34.24415162911645,9.734354406462783,55.72980984265492,1.6227054217967245,519.0545,58.3196335157168,-0.8705605350111796,501.0101,2203629,1789481742,2026-09-15T14:15:42Z,NASDAQ:MSFT
34.24415162911645,9.962954406462812,53.675849878505886,1.460416624409239,519.0545,57.79412225269068,-1.0288676520053115,500.21,2349805,1789481922,2026-09-15T14:18:42Z,NASDAQ:MSFT
34.24415162911645,10.051525835034226,52.87816580985507,1.3975375753027297,519.0545,57.593048800137694,-1.090203992797936,499.9,2475473,1789482105,2026-09-15T14:21:45Z,NASDAQ:MSFT
34.24415162911645,10.16478297789132,50.35057399183853,1.2251272793655343,519.0545,57.04882814279185,-1.2583842820680269,499.05,2625742,1789482284,2026-09-15T14:24:44Z,NASDAQ:MSFT
34.24415162911645,9.801754406462804,49.44183229171093,1.2269933672744944,519.0545,57.05466346716952,-1.2565639777606397,499.0592,2763471,1789482465,2026-09-15T14:27:45Z,NASDAQ:MSFT
34.24415162911645,9.664382977891364,50.68557565927623,1.3245167440822765,519.0545,57.36129289897634,-1.1614332917829098,499.54,2911825,1789482647,2026-09-15T14:30:47Z,NASDAQ:MSFT
34.24415162911645,9.638411549319926,49.64041197263109,1.2648627816880014,519.0545,57.17334095287184,-1.2196236718703664,499.2459,3050998,1789482822,2026-09-15T14:33:42Z,NASDAQ:MSFT
34.24415162911645,9.762954406462768,48.510984611877774,1.1764467252185578,519.0545,56.89702288561495,-1.30587048139135,498.81,3152600,1789483002,2026-09-15T14:36:42Z,NASDAQ:MSFT
34.24415162911645,9.58295440646276,46.640849407995,1.091255755461349,519.0545,56.63329868103219,-1.388971330207166,498.39,3253012,1789483180,2026-09-15T14:39:40Z,NASDAQ:MSFT
34.24415162911645,9.4886686921771,47.49870699065946,1.1581915174134474,519.0545,56.84030399291445,-1.323677806137591,498.72,3342402,1789483365,2026-09-15T14:42:45Z,NASDAQ:MSFT
34.24415162911645,9.368668692177096,48.58878249874813,1.2433824871706447,519.0545,57.10596416549224,-1.240576957321786,499.14,3427491,1789483542,2026-09-15T14:45:42Z,NASDAQ:MSFT
34.24415162911645,9.512954406462825,47.27785904504652,1.1409504878197196,519.0545,56.78683988573957,-1.3404958350646077,498.635,3492510,1789483727,2026-09-15T14:48:47Z,NASDAQ:MSFT
34.24415162911645,9.414382977891307,48.173745566769576,1.2109287844060013,519.0545,57.00446799704117,-1.2722344235373275,498.98,3572428,1789483905,2026-09-15T14:51:45Z,NASDAQ:MSFT
34.24415162911645,9.407240120748554,48.238613730105214,1.2159996754629734,519.0545,57.02030298457657,-1.267287944441153,499.005,3663663,1789484087,2026-09-15T14:54:47Z,NASDAQ:MSFT
34.24415162911645,9.280097263605684,49.392112503544354,1.306261536277154,519.0545,57.30364506569301,-1.1792406165291618,499.45,3760575,1789484262,2026-09-15T14:57:42Z,NASDAQ:MSFT
34.24415162911645,9.37152583503422,48.56285097394569,1.241354130747856,519.0545,57.09961006746545,-1.242555548960256,499.13,3820591,1789484444,2026-09-15T15:00:44Z,NASDAQ:MSFT
34.24415162911645,9.29152583503418,49.28851656473256,1.298148110585999,519.0545,57.27806098320679,-1.1871549830830412,499.41,3882516,1789484625,2026-09-15T15:03:45Z,NASDAQ:MSFT
34.24415162911645,9.280925835034225,49.38460239078864,1.3056733129145426,519.0545,57.30178945130941,-1.1798144081043207,499.4471,3948185,1789484804,2026-09-15T15:06:44Z,NASDAQ:MSFT
34.24415162911645,9.262954406462825,49.547473356865446,1.3184316748138982,519.0545,57.34206407129346,-1.1673690666983307,499.51,4034946,1789484984,2026-09-15T15:09:44Z,NASDAQ:MSFT
34.24415162911645,9.182954406462784,50.27196662504089,1.3752256546520414,519.0545,57.52203605457166,-1.1119685008211164,499.79,4095252,1789485166,2026-09-15T15:12:46Z,NASDAQ:MSFT
34.24415162911645,9.174382977891412,50.34953975034091,1.381310723920408,519.0545,57.54138579401244,-1.1060327259057066,499.82,4203765,1789485344,2026-09-15T15:15:44Z,NASDAQ:MSFT
34.24415162911645,9.102954406462745,50.99559789343618,1.432019634490173,519.0545,57.70314130339633,-1.0565679349439132,500.07,4285515,1789485527,2026-09-15T15:18:47Z,NASDAQ:MSFT
34.24415162911645,8.788697263605684,53.829862174632666,1.6551185574329108,519.0545,58.42573832523559,-0.8389426406284088,501.1699,4386164,1789485706,2026-09-15T15:21:46Z,NASDAQ:MSFT
34.24415162911645,8.811525835034274,53.62441803059624,1.638911989614812,519.0545,58.37263770344442,-0.8547515878197998,501.09,4462916,1789485883,2026-09-15T15:24:43Z,NASDAQ:MSFT
34.24415162911645,8.700097263605642,54.62655300762709,1.718017890103655,519.0545,58.69981369013711,-0.7578005975346829,501.58,4599438,1789486064,2026-09-15T15:27:44Z,NASDAQ:MSFT
34.24415162911645,8.774382977891321,53.95864710152055,1.6652806231111006,519.0545,58.459083518375536,-0.8290298965196569,501.22,4672964,1789486243,2026-09-15T15:30:43Z,NASDAQ:MSFT
34.24415162911645,8.902954406462811,52.80091489618336,1.5740045840855137,519.0545,58.16093326510907,-0.918066520250894,500.77,4730115,1789486424,2026-09-15T15:33:44Z,NASDAQ:MSFT
34.24415162911645,9.00255440646282,51.90253775494319,1.5032960791870378,519.0545,57.9320484746443,-0.987040224768014,500.4214,4780144,1789486603,2026-09-15T15:36:43Z,NASDAQ:MSFT
34.24415162911645,8.934382977891403,52.51757739805708,1.5516926634348258,519.0545,58.08851408248491,-0.9398310282740744,500.66,4850856,1789486785,2026-09-15T15:39:45Z,NASDAQ:MSFT
34.24415162911645,9.091525835034249,51.09890351128766,1.4401330601813398,519.0545,57.72910661769906,-1.0486535683900222,500.11,4957713,1789486965,2026-09-15T15:42:45Z,NASDAQ:MSFT
34.24415162911645,9.124382977891344,50.80185252554758,1.4168069613192458,519.0545,57.65451924120863,-1.0714073722324489,499.995,5020933,1789487144,2026-09-15T15:45:44Z,NASDAQ:MSFT
34.24415162911645,9.35009726360562,48.75731050166437,1.2565668039187832,519.0545,57.14730029825417,-1.22771611167172,499.205,5092845,1789487324,2026-09-15T15:48:44Z,NASDAQ:MSFT
34.24415162911645,9.341525835034249,48.83507692936431,1.262651873187161,519.0545,57.16639870361503,-1.221780336756299,499.235,5155369,1789487508,2026-09-15T15:51:48Z,NASDAQ:MSFT
34.24415162911645,9.32295440646277,49.00353679141206,1.2758361899352997,519.0545,57.20782240544434,-1.208919491106233,499.3,5216762,1789487686,2026-09-15T15:54:46Z,NASDAQ:MSFT
34.24415162911645,9.218668692177118,49.94863873509801,1.3498711993671588,519.0545,57.441552021980485,-1.136700896302013,499.665,5485331,1789487864,2026-09-15T15:57:44Z,NASDAQ:MSFT
34.24415162911645,9.271525835034195,49.46979788770119,1.312346605545532,519.0545,57.32284813118304,-1.1733048416137406,499.48,5560035,1789488044,2026-09-15T16:00:44Z,NASDAQ:MSFT
34.24415162911645,9.270097263605692,49.48274448771833,1.3133607837569263,519.0545,57.32604989344767,-1.1723155457945056,499.485,5609450,1789488223,2026-09-15T16:03:43Z,NASDAQ:MSFT
34.24415162911645,9.005811549319958,51.87313635745331,1.5009837528650605,519.0545,57.92459384565845,-0.9892958192358678,500.41,5689889,1789488401,2026-09-15T16:06:41Z,NASDAQ:MSFT
34.24415162911645,9.030097263605684,51.65387053582878,1.4837427232713327,519.0545,57.86907150876959,-1.0061138481628848,500.325,5730915,1789488586,2026-09-15T16:09:46Z,NASDAQ:MSFT
34.24415162911645,8.682954406462784,54.7805806741212,1.7301880286403988,519.0545,58.67296803098968,-0.7657149640885627,501.54,5962125,1789488766,2026-09-15T16:12:46Z,NASDAQ:MSFT
34.24415162911645,8.848668692177114,53.29000467810391,1.612543356118535,519.0545,58.28644717287081,-0.8804732791199313,500.96,6009455,1789488943,2026-09-15T16:15:43Z,NASDAQ:MSFT
34.24415162911645,8.804382977891407,53.68870715903299,1.643982880671795,519.0545,58.38924203757987,-0.8498051087236136,501.115,6063372,1789489125,2026-09-15T16:18:45Z,NASDAQ:MSFT
34.24415162911645,8.837240120748504,53.39292073103362,1.6206567818097015,519.0545,58.31294021404741,-0.8725589125660405,501.0,6109602,1789489303,2026-09-15T16:21:43Z,NASDAQ:MSFT
34.24415162911645,9.01438297789133,51.79575745762796,1.4948986835966829,519.0545,57.90498556523217,-0.995231594151289,500.38,6148578,1789489488,2026-09-15T16:24:48Z,NASDAQ:MSFT
34.24415162911645,9.185782977891392,50.2463653222388,1.3732175817934755,519.0545,57.51565349609005,-1.1139273065432065,499.7801,6199476,1789489665,2026-09-15T16:27:45Z,NASDAQ:MSFT
34.24415162911645,9.12152583503422,50.82768880929356,1.4188353177420343,519.0545,57.660997447976094,-1.069428780593979,500.005,6270100,1789489847,2026-09-15T16:30:47Z,NASDAQ:MSFT
34.24415162911645,9.067240120748522,51.31836966347807,1.4573740897750558,519.0545,57.78436057323113,-1.0318355394630163,500.195,6393850,1789490024,2026-09-15T16:33:44Z,NASDAQ:MSFT
34.24415162911645,9.017240120748454,51.76996230038783,1.492870327173894,519.0545,57.89845242150194,-0.9972101857897588,500.37,6449411,1789490206,2026-09-15T16:36:46Z,NASDAQ:MSFT
34.24415162911645,8.928668692177041,52.569103144792734,1.555749376280403,519.0545,58.10166778941559,-0.9358738449971348,500.68,6519585,1789490386,2026-09-15T16:39:46Z,NASDAQ:MSFT
34.24415162911645,8.862925835034218,53.16159242307343,1.6024218575688138,519.0545,58.25343083218003,-0.8903464513959014,500.9101,6583130,1789490562,2026-09-15T16:42:42Z,NASDAQ:MSFT
34.24415162911645,9.068668692177027,51.30546208354787,1.4563599115636614,519.0545,57.78110741283236,-1.032824835282251,500.19,6639943,1789490743,2026-09-15T16:45:43Z,NASDAQ:MSFT
34.24415162911645,8.79724012074854,53.75298947340747,1.6490537717287672,519.0545,58.4058558207438,-0.8448586296274387,501.14,6703035,1789490924,2026-09-15T16:48:44Z,NASDAQ:MSFT
34.24415162911645,8.740754406462827,54.2610941349496,1.6891543782073373,519.0545,58.53757137426078,-0.8057418729348531,501.3377,6787579,1789491104,2026-09-15T16:51:44Z,NASDAQ:MSFT
34.24415162911645,8.835811549319885,53.40578401013085,1.621670960021096,519.0545,58.3162535376869,-0.8715696167468053,501.005,6843470,1789491282,2026-09-15T16:54:42Z,NASDAQ:MSFT
34.24415162911645,8.874382977891344,53.058379709698336,1.5942881483134244,519.0545,58.22692575693801,-0.898280603866172,500.87,6878744,1789491462,2026-09-15T16:57:42Z,NASDAQ:MSFT
34.24415162911645,8.938668692177032,52.47893021783169,1.5486501288006311,519.0545,58.07865271009564,-0.9427989157317906,500.645,6923776,1789491645,2026-09-15T17:00:45Z,NASDAQ:MSFT
34.24415162911645,8.890097263605696,52.916787579597965,1.5831321879880746,519.0545,58.190611365537926,-0.909162857877768,500.815,6979872,1789491825,2026-09-15T17:03:45Z,NASDAQ:MSFT
34.24415162911645,8.874382977891344,53.058379709698336,1.5942881483134244,519.0545,58.22692575693801,-0.898280603866172,500.87,7023708,1789492004,2026-09-15T17:06:44Z,NASDAQ:MSFT
34.24415162911645,8.762954406462825,54.061449764823166,1.6733940488022556,519.0545,58.48573376524613,-0.8211155299657771,501.26,7070137,1789492185,2026-09-15T17:09:45Z,NASDAQ:MSFT
34.24415162911645,8.817240120748522,53.572981820992965,1.6348552767692344,519.0545,58.35936103402077,-0.8587087710967396,501.07,7134397,1789492367,2026-09-15T17:12:47Z,NASDAQ:MSFT
34.24415162911645,8.825811549319894,53.49581932719924,1.628770207500868,519.0545,58.33945735003291,-0.8646445460121494,501.04,7173896,1789492541,2026-09-15T17:15:41Z,NASDAQ:MSFT
34.24415162911645,8.907211549319925,52.76254328755692,1.5709823330155648,519.0545,58.15111318642602,-0.9210146217922078,500.7551,7204372,1789492725,2026-09-15T17:18:45Z,NASDAQ:MSFT
34.24415162911645,9.04152583503418,51.55065922873532,1.4756292975801777,519.0545,57.84298016387493,-1.0140282147167643,500.285,7242838,1789492903,2026-09-15T17:21:43Z,NASDAQ:MSFT
34.24415162911645,9.017240120748454,51.76996230038783,1.492870327173894,519.0545,57.89845242150194,-0.9972101857897588,500.37,7294399,1789493085,2026-09-15T17:24:45Z,NASDAQ:MSFT
34.24415162911645,9.064382977891398,51.34418400085854,1.4594024461978443,519.0545,57.7908679930984,-1.0298569478245465,500.205,7332070,1789493262,2026-09-15T17:27:42Z,NASDAQ:MSFT
34.24415162911645,9.160097263605678,50.47880630786624,1.3914525060343632,519.0545,57.57366430497871,-1.0961397677133455,499.87,7376649,1789493445,2026-09-15T17:30:45Z,NASDAQ:MSFT
34.24415162911645,9.208668692177127,50.03918786915355,1.3569704468469197,519.0545,57.4640648396011,-1.1297758255673684,499.7,7412427,1789493624,2026-09-15T17:33:44Z,NASDAQ:MSFT
34.24415162911645,9.240097263605604,49.75455948244301,1.33465852619622,519.0545,57.3933696193974,-1.15154033359056,499.59,7447825,1789493805,2026-09-15T17:36:45Z,NASDAQ:MSFT
34.24415162911645,9.294382977891416,49.26261482481063,1.2961197541631988,519.0545,57.27166853168749,-1.1891335747215226,499.4,7497558,1789493985,2026-09-15T17:39:45Z,NASDAQ:MSFT
34.24415162911645,9.337240120748504,48.87395641915234,1.265694407821344,519.0545,57.17595269405502,-1.218812449298594,499.25,7540741,1789494160,2026-09-15T17:42:40Z,NASDAQ:MSFT
34.24415162911645,9.37295440646284,48.549884797498855,1.2403399525364616,519.0545,57.09643354868102,-1.2435448447794908,499.125,7580583,1789494344,2026-09-15T17:45:44Z,NASDAQ:MSFT
34.24415162911645,9.262954406462825,49.547473356865446,1.3184316748138982,519.0545,57.34206407129346,-1.1673690666983307,499.51,7646781,1789494523,2026-09-15T17:48:43Z,NASDAQ:MSFT
34.24415162911645,9.274354406462804,49.4441628071245,1.310338532686966,519.0545,57.31650969691631,-1.1752636473358309,499.4701,7687047,1789494704,2026-09-15T17:51:44Z,NASDAQ:MSFT
34.24415162911645,9.329011549319889,48.948598081116366,1.2715360743189792,519.0545,57.19430531042436,-1.2131141053797976,499.2788,7724345,1789494883,2026-09-15T17:54:43Z,NASDAQ:MSFT
34.24415162911645,9.338668692177125,48.86099686505569,1.2646802296099495,519.0545,57.17276767576813,-1.2198017451178291,499.245,7784211,1789495065,2026-09-15T17:57:45Z,NASDAQ:MSFT
34.24415162911645,9.270097263605692,49.48274448771833,1.3133607837569263,519.0545,57.32604989344767,-1.1723155457945056,499.485,7827506,1789495246,2026-09-15T18:00:46Z,NASDAQ:MSFT
34.24415162911645,9.317240120748522,49.05536121929737,1.2798929027808772,519.0545,57.22058024010632,-1.2049623078292933,499.32,7859977,1789495423,2026-09-15T18:03:43Z,NASDAQ:MSFT
34.24415162911645,9.384382977891336,48.44614544770166,1.232226526845295,519.0545,57.07103411611714,-1.2514592113333818,499.085,7904467,1789495607,2026-09-15T18:06:47Z,NASDAQ:MSFT
34.24415162911645,9.450097263605642,47.84930111658817,1.1855743291211187,519.0545,56.925424801460174,-1.2969668190182242,498.855,7950351,1789495787,2026-09-15T18:09:47Z,NASDAQ:MSFT
34.24415162911645,9.432954406462784,48.00505601257682,1.1977444676578628,519.0545,56.96333816035875,-1.2850952691873931,498.915,7994905,1789495962,2026-09-15T18:12:42Z,NASDAQ:MSFT
34.24415162911645,9.471525835034242,47.65455149993366,1.1044400722094874,519.0545,56.87810401495445,-1.3118062563067712,498.78,8044816,1789496144,2026-09-15T18:15:44Z,NASDAQ:MSFT
34.24415162911645,9.45438297789144,45.234475386770015,1.0263483499320505,519.0545,56.43400112233875,-1.4522862626382602,498.07,8149165,1789496326,2026-09-15T18:18:46Z,NASDAQ:MSFT
34.24415162911645,9.402368692177165,44.696332077075176,1.0020080728585623,519.0545,56.35962569257171,-1.476029362299922,497.95,8192381,1789496499,2026-09-15T18:21:39Z,NASDAQ:MSFT
34.24415162911645,9.160097263605678,43.2234729862208,0.951299162288797,519.0545,56.20530480383307,-1.5254941532617154,497.7,8255121,1789496687,2026-09-15T18:24:47Z,NASDAQ:MSFT
34.24415162911645,8.952954406462766,45.11713118060288,1.098355002941121,519.0545,56.655182284845125,-1.38204625947251,498.425,8325179,1789496864,2026-09-15T18:27:44Z,NASDAQ:MSFT
34.24415162911645,8.890097263605696,45.69059973363106,1.1429788442425084,519.0545,56.793124559869305,-1.338517243426138,498.645,8381789,1789497043,2026-09-15T18:30:43Z,NASDAQ:MSFT
34.24415162911645,8.987240120748481,44.80410304069331,1.0740147258676327,519.0545,56.58022310218243,-1.405789359134172,498.305,8437566,1789497222,2026-09-15T18:33:42Z,NASDAQ:MSFT
34.24415162911645,8.962954406462757,45.02584787565422,1.091255755461349,519.0545,56.63329868103219,-1.388971330207166,498.39,8500887,1789497405,2026-09-15T18:36:45Z,NASDAQ:MSFT
34.24415162911645,9.091525835034249,43.85098889707189,0.9999797164357735,519.0545,56.35343658821717,-1.478007953938392,497.94,8550949,1789497584,2026-09-15T18:39:44Z,NASDAQ:MSFT
34.24415162911645,8.957240120748509,45.07801143466573,1.0953124683069375,519.0545,56.6458015269784,-1.385014146930215,498.41,8610901,1789497760,2026-09-15T18:42:40Z,NASDAQ:MSFT
34.24415162911645,8.877240120748468,45.80783379414253,1.1521064481450694,519.0545,56.82142281647575,-1.329613581053012,498.69,8665009,1789497946,2026-09-15T18:45:46Z,NASDAQ:MSFT
34.24415162911645,8.920097263605669,45.41696601444038,1.121681101803215,519.0545,56.72720478040877,-1.3592924556300834,498.54,8705204,1789498124,2026-09-15T18:48:44Z,NASDAQ:MSFT
34.24415162911645,8.96581154931988,44.99976442552104,1.08922739903856,519.0545,56.62704932754929,-1.390949921845636,498.38,8740553,1789498306,2026-09-15T18:51:46Z,NASDAQ:MSFT
34.24415162911645,8.905097263605683,45.55379820337425,1.132329973022856,519.0545,56.76014553075954,-1.3489048495281162,498.5925,8792486,1789498481,2026-09-15T18:54:41Z,NASDAQ:MSFT
34.24415162911645,8.821525835034265,46.315588016074,1.191659398389485,519.0545,56.94437517026586,-1.2910310441028143,498.885,8864622,1789498665,2026-09-15T18:57:45Z,NASDAQ:MSFT
34.24415162911645,8.954382977891385,45.10409154368436,1.0973408247297265,519.0545,56.65205502035554,-1.383035555291745,498.42,8905636,1789498843,2026-09-15T19:00:43Z,NASDAQ:MSFT
34.24415162911645,9.008668692177082,44.60837897182322,1.0588020526967057,519.0545,56.533474256220494,-1.4206287964227076,498.23,8953343,1789499028,2026-09-15T19:03:48Z,NASDAQ:MSFT
34.24415162911645,9.097240120748497,43.79872049200389,0.995923003590196,519.0545,56.34106245653317,-1.4819651372153315,497.92,9012216,1789499203,2026-09-15T19:06:43Z,NASDAQ:MSFT
34.24415162911645,9.140097263605696,43.40656497956403,0.9654976572483298,519.0545,56.248429400606106,-1.5116440117924146,497.77,9040320,1789499382,2026-09-15T19:09:42Z,NASDAQ:MSFT
34.24415162911645,9.084382977891323,43.32810369311872,0.9695543700939188,519.0545,56.26076287147406,-1.5076868285154634,497.79,9108330,1789499565,2026-09-15T19:12:45Z,NASDAQ:MSFT
34.24415162911645,9.029382977891371,43.83138876879244,1.0086002312326372,519.0545,56.379749673820406,-1.4695989394748836,497.9825,9167509,1789499746,2026-09-15T19:15:46Z,NASDAQ:MSFT
34.24415162911645,9.120097263605658,43.00107329669781,0.9441999148090362,519.0545,56.18376729304816,-1.53241922399636,497.665,9216796,1789499921,2026-09-15T19:18:41Z,NASDAQ:MSFT
34.24415162911645,8.991525835034224,41.94029277826315,0.9005902517190316,519.0545,56.05182671366512,-1.5749589442235086,497.45,9279100,1789500104,2026-09-15T19:21:44Z,NASDAQ:MSFT
34.24415162911645,8.938668692177089,41.363295090933896,0.8742216182227546,519.0545,55.97234889204532,-1.6006806355236405,497.32,9328590,1789500285,2026-09-15T19:24:45Z,NASDAQ:MSFT
34.24415162911645,8.94724012074846,41.28457146185823,0.8681365489543883,519.0545,55.95403985367935,-1.6066164104390503,497.29,9413904,1789500463,2026-09-15T19:27:43Z,NASDAQ:MSFT
34.24415162911645,8.841740120748511,40.41662942985044,0.8326403115555503,519.0545,55.847475405183154,-1.641241764112308,497.115,9463873,1789500645,2026-09-15T19:30:45Z,NASDAQ:MSFT
34.24415162911645,8.617240120748477,38.997177668695976,0.7829455791971793,519.0545,55.69896528248744,-1.6897172592548664,496.87,9523523,1789500830,2026-09-15T19:33:50Z,NASDAQ:MSFT
34.24415162911645,8.53724012074855,38.07455117031356,0.7403500943185806,519.0545,55.57229810932665,-1.7312676836627687,496.66,9583125,1789501003,2026-09-15T19:36:43Z,NASDAQ:MSFT
34.24415162911645,8.417554406462841,37.215527286031744,0.7078963915539257,519.0545,55.47617580914008,-1.7629251498783214,496.5,9644538,1789501184,2026-09-15T19:39:44Z,NASDAQ:MSFT
34.24415162911645,8.238668692177043,37.62591775237531,0.7606336585464798,519.0545,55.632543881556,-1.7114817672780582,496.76,9715267,1789501365,2026-09-15T19:42:45Z,NASDAQ:MSFT
34.24415162911645,8.251525835034215,36.674788103864415,0.7018113222855594,519.0545,55.45818988486685,-1.7688609247937317,496.47,9792764,1789501546,2026-09-15T19:45:46Z,NASDAQ:MSFT
34.24415162911645,8.100097263605619,38.07455117031356,0.8093142126934564,519.0545,55.77766807330859,-1.663995567954735,497.0,9883556,1789501721,2026-09-15T19:48:41Z,NASDAQ:MSFT
34.24415162911645,8.245811549319967,36.72766725865904,0.7058680351311369,519.0545,55.47017920494346,-1.7649037415167914,496.49,9962919,1789501905,2026-09-15T19:51:45Z,NASDAQ:MSFT
34.24415162911645,8.091525835034247,35.05978679746847,0.6308188474878833,519.0545,55.24921257843191,-1.8381116321402464,496.12,10049258,1789502083,2026-09-15T19:54:43Z,NASDAQ:MSFT
34.24415162911645,7.691525835034156,33.16138623509165,0.5811241151295125,519.0545,55.10386308480671,-1.8865871272828048,495.875,10230708,1789502266,2026-09-15T19:57:46Z,NASDAQ:MSFT
34.24415162911645,7.712954406462757,32.961914113456075,0.5659114419585851,519.0545,55.0595211091626,-1.9014265645713408,495.8,10395955,1789502445,2026-09-15T20:00:45Z,NASDAQ:MSFT
34.24415162911645,7.574382977891389,33.65314179017852,0.6287904910650945,519.0545,55.24326493765485,-1.8400902237787164,496.11,10544129,1789502623,2026-09-15T20:03:43Z,NASDAQ:MSFT
34.24415162911645,7.597240120748495,33.44053886405313,0.6125636396827614,519.0545,55.195729871234,-1.8559189568864984,496.03,10740266,1789502804,2026-09-15T20:06:44Z,NASDAQ:MSFT
34.24415162911645,7.19152583503427,37.2033751292299,0.9005902517190316,519.0545,56.05182671366512,-1.5749589442235086,497.45,11022916,1789502985,2026-09-15T20:09:45Z,NASDAQ:MSFT
34.24415162911645,7.421525835034288,35.07304175179735,0.7373075596843859,519.0545,55.5632724958308,-1.7342355711204849,496.645,11372290,1789503164,2026-09-15T20:12:44Z,NASDAQ:MSFT
34.24415162911645,7.344668692177095,35.78573795937365,0.7918703474574545,519.0545,55.72557827350594,-1.6810114560455942,496.914,17239307,1789503342,2026-09-15T20:15:42Z,NASDAQ:MSFT
34.24415162911645,7.344668692177095,35.78573795937365,0.7918703474574545,519.0545,55.72557827350594,-1.6810114560455942,496.914,17344134,1789503524,2026-09-15T20:18:44Z,NASDAQ:MSFT
34.24415162911645,7.344668692177095,35.78573795937365,0.7918703474574545,519.0545,55.72557827350594,-1.6810114560455942,496.914,17347431,1789503704,2026-09-15T20:21:44Z,NASDAQ:MSFT
34.24415162911645,7.344668692177095,35.78573795937365,0.7918703474574545,519.0545,55.72557827350594,-1.6810114560455942,496.914,17359156,1789503882,2026-09-15T20:24:42Z,NASDAQ:MSFT
34.24415162911645,7.344668692177095,35.78573795937365,0.7918703474574545,519.0545,55.72557827350594,-1.6810114560455942,496.914,17364301,1789504063,2026-09-15T20:27:43Z,NASDAQ:MSFT
34.24415162911645,7.285811549319931,36.33096273602199,0.8336544897669447,519.0545,55.850514470452914,-1.640252468293073,497.12,17364900,1789504243,2026-09-15T20:30:43Z,NASDAQ:MSFT
34.24415162911645,7.285811549319931,36.33096273602199,0.8336544897669447,519.0545,55.850514470452914,-1.640252468293073,497.12,17365659,1789504424,2026-09-15T20:33:44Z,NASDAQ:MSFT
34.24415162911645,7.285811549319931,36.33096273602199,0.8336544897669447,519.0545,55.850514470452914,-1.640252468293073,497.12,17367085,1789504602,2026-09-15T20:36:42Z,NASDAQ:MSFT
34.24415162911645,7.285811549319931,36.33096273602199,0.8336544897669447,519.0545,55.850514470452914,-1.640252468293073,497.12,17367678,1789504784,2026-09-15T20:39:44Z,NASDAQ:MSFT
34.24415162911645,7.285811549319931,36.33096273602199,0.8336544897669447,519.0545,55.850514470452914,-1.640252468293073,497.12,17368778,1789504962,2026-09-15T20:42:42Z,NASDAQ:MSFT
34.24415162911645,7.285811549319931,36.33096273602199,0.8336544897669447,519.0545,55.850514470452914,-1.640252468293073,497.12,17385632,1789505144,2026-09-15T20:45:44Z,NASDAQ:MSFT
34.24415162911645,7.285811549319931,36.33096273602199,0.8336544897669447,519.0545,55.850514470452914,-1.640252468293073,497.12,17386302,1789505324,2026-09-15T20:48:44Z,NASDAQ:MSFT
34.24415162911645,7.285811549319931,36.33096273602199,0.8336544897669447,519.0545,55.850514470452914,-1.640252468293073,497.12,17389313,1789505502,2026-09-15T20:51:42Z,NASDAQ:MSFT
34.24415162911645,7.285811549319931,36.33096273602199,0.8336544897669447,519.0545,55.850514470452914,-1.640252468293073,497.12,17391559,1789505685,2026-09-15T20:54:45Z,NASDAQ:MSFT
34.24415162911645,7.285811549319931,36.33096273602199,0.8336544897669447,519.0545,55.850514470452914,-1.640252468293073,497.12,17392376,1789505864,2026-09-15T20:57:44Z,NASDAQ:MSFT
34.24415162911645,7.285811549319931,36.33096273602199,0.8336544897669447,519.0545,55.850514470452914,-1.640252468293073,497.12,17392438,1789506045,2026-09-15T21:00:45Z,NASDAQ:MSFT
34.24415162911645,7.285811549319931,36.33096273602199,0.8336544897669447,519.0545,55.850514470452914,-1.640252468293073,497.12,17401668,1789506225,2026-09-15T21:03:45Z,NASDAQ:MSFT
34.24415162911645,7.285811549319931,36.33096273602199,0.8336544897669447,519.0545,55.850514470452914,-1.640252468293073,497.12,17401778,1789506401,2026-09-15T21:06:41Z,NASDAQ:MSFT
34.24415162911645,7.285811549319931,36.33096273602199,0.8336544897669447,519.0545,55.850514470452914,-1.640252468293073,497.12,17700342,1789506585,2026-09-15T21:09:45Z,NASDAQ:MSFT
34.24415162911645,7.285811549319931,36.33096273602199,0.8336544897669447,519.0545,55.850514470452914,-1.640252468293073,497.12,17700656,1789506764,2026-09-15T21:12:44Z,NASDAQ:MSFT
34.24415162911645,7.285811549319931,36.33096273602199,0.8336544897669447,519.0545,55.850514470452914,-1.640252468293073,497.12,17700897,1789506945,2026-09-15T21:15:45Z,NASDAQ:MSFT
34.24415162911645,7.285811549319931,36.33096273602199,0.8336544897669447,519.0545,55.850514470452914,-1.640252468293073,497.12,17701173,1789507124,2026-09-15T21:18:44Z,NASDAQ:MSFT
34.24415162911645,7.285811549319931,36.33096273602199,0.8336544897669447,519.0545,55.850514470452914,-1.640252468293073,497.12,17701557,1789507302,2026-09-15T21:21:42Z,NASDAQ:MSFT
34.24415162911645,7.285811549319931,36.33096273602199,0.8336544897669447,519.0545,55.850514470452914,-1.640252468293073,497.12,17741874,1789507485,2026-09-15T21:24:45Z,NASDAQ:MSFT
34.24415162911645,7.285811549319931,36.33096273602199,0.8336544897669447,519.0545,55.850514470452914,-1.640252468293073,497.12,17741916,1789507661,2026-09-15T21:27:41Z,NASDAQ:MSFT
34.24415162911645,7.285811549319931,36.33096273602199,0.8336544897669447,519.0545,55.850514470452914,-1.640252468293073,497.12,17742024,1789507844,2026-09-15T21:30:44Z,NASDAQ:MSFT
34.24415162911645,7.285811549319931,36.33096273602199,0.8336544897669447,519.0545,55.850514470452914,-1.640252468293073,497.12,17742211,1789508024,2026-09-15T21:33:44Z,NASDAQ:MSFT
34.24415162911645,7.285811549319931,36.33096273602199,0.8336544897669447,519.0545,55.850514470452914,-1.640252468293073,497.12,17742489,1789508204,2026-09-15T21:36:44Z,NASDAQ:MSFT
34.24415162911645,7.285811549319931,36.33096273602199,0.8336544897669447,519.0545,55.850514470452914,-1.640252468293073,497.12,17754626,1789508383,2026-09-15T21:39:43Z,NASDAQ:MSFT
34.24415162911645,7.285811549319931,36.33096273602199,0.8336544897669447,519.0545,55.850514470452914,-1.640252468293073,497.12,17755565,1789508564,2026-09-15T21:42:44Z,NASDAQ:MSFT
34.24415162911645,7.285811549319931,36.33096273602199,0.8336544897669447,519.0545,55.850514470452914,-1.640252468293073,497.12,17755954,1789508744,2026-09-15T21:45:44Z,NASDAQ:MSFT
34.24415162911645,7.285811549319931,36.33096273602199,0.8336544897669447,519.0545,55.850514470452914,-1.640252468293073,497.12,17756229,1789508923,2026-09-15T21:48:43Z,NASDAQ:MSFT
34.24415162911645,7.285811549319931,36.33096273602199,0.8336544897669447,519.0545,55.850514470452914,-1.640252468293073,497.12,17756619,1789509105,2026-09-15T21:51:45Z,NASDAQ:MSFT
34.24415162911645,7.285811549319931,36.33096273602199,0.8336544897669447,519.0545,55.850514470452914,-1.640252468293073,497.12,17756846,1789509286,2026-09-15T21:54:46Z,NASDAQ:MSFT
34.24415162911645,7.285811549319931,36.33096273602199,0.8336544897669447,519.0545,55.850514470452914,-1.640252468293073,497.12,17757090,1789509463,2026-09-15T21:57:43Z,NASDAQ:MSFT
34.24415162911645,7.285811549319931,36.33096273602199,0.8336544897669447,519.0545,55.850514470452914,-1.640252468293073,497.12,17757219,1789509645,2026-09-15T22:00:45Z,NASDAQ:MSFT
34.24415162911645,7.285811549319931,36.33096273602199,0.8336544897669447,519.0545,55.850514470452914,-1.640252468293073,497.12,17757552,1789509821,2026-09-15T22:03:41Z,NASDAQ:MSFT
34.24415162911645,7.285811549319931,36.33096273602199,0.8336544897669447,519.0545,55.850514470452914,-1.640252468293073,497.12,17765480,1789510003,2026-09-15T22:06:43Z,NASDAQ:MSFT
34.24415162911645,7.285811549319931,36.33096273602199,0.8336544897669447,519.0545,55.850514470452914,-1.640252468293073,497.12,17765584,1789510184,2026-09-15T22:09:44Z,NASDAQ:MSFT
34.24415162911645,7.285811549319931,36.33096273602199,0.8336544897669447,519.0545,55.850514470452914,-1.640252468293073,497.12,17765618,1789510364,2026-09-15T22:12:44Z,NASDAQ:MSFT
34.24415162911645,7.285811549319931,36.33096273602199,0.8336544897669447,519.0545,55.850514470452914,-1.640252468293073,497.12,17772128,1789510542,2026-09-15T22:15:42Z,NASDAQ:MSFT
34.24415162911645,7.285811549319931,36.33096273602199,0.8336544897669447,519.0545,55.850514470452914,-1.640252468293073,497.12,17773644,1789510724,2026-09-15T22:18:44Z,NASDAQ:MSFT
34.24415162911645,7.285811549319931,36.33096273602199,0.8336544897669447,519.0545,55.850514470452914,-1.640252468293073,497.12,17773721,1789510905,2026-09-15T22:21:45Z,NASDAQ:MSFT
34.24415162911645,7.285811549319931,36.33096273602199,0.8336544897669447,519.0545,55.850514470452914,-1.640252468293073,497.12,17773837,1789511083,2026-09-15T22:24:43Z,NASDAQ:MSFT
34.24415162911645,7.285811549319931,36.33096273602199,0.8336544897669447,519.0545,55.850514470452914,-1.640252468293073,497.12,17773981,1789511265,2026-09-15T22:27:45Z,NASDAQ:MSFT
34.24415162911645,7.285811549319931,36.33096273602199,0.8336544897669447,519.0545,55.850514470452914,-1.640252468293073,497.12,17774703,1789511442,2026-09-15T22:30:42Z,NASDAQ:MSFT
34.24415162911645,7.285811549319931,36.33096273602199,0.8336544897669447,519.0545,55.850514470452914,-1.640252468293073,497.12,17775399,1789511623,2026-09-15T22:33:43Z,NASDAQ:MSFT
34.24415162911645,7.285811549319931,36.33096273602199,0.8336544897669447,519.0545,55.850514470452914,-1.640252468293073,497.12,17775698,1789511806,2026-09-15T22:36:46Z,NASDAQ:MSFT
34.24415162911645,7.285811549319931,36.33096273602199,0.8336544897669447,519.0545,55.850514470452914,-1.640252468293073,497.12,17776066,1789511981,2026-09-15T22:39:41Z,NASDAQ:MSFT
34.24415162911645,7.285811549319931,36.33096273602199,0.8336544897669447,519.0545,55.850514470452914,-1.640252468293073,497.12,17776326,1789512162,2026-09-15T22:42:42Z,NASDAQ:MSFT
34.24415162911645,7.285811549319931,36.33096273602199,0.8336544897669447,519.0545,55.850514470452914,-1.640252468293073,497.12,17777066,1789512343,2026-09-15T22:45:43Z,NASDAQ:MSFT
34.24415162911645,7.285811549319931,36.33096273602199,0.8336544897669447,519.0545,55.850514470452914,-1.640252468293073,497.12,17778694,1789512523,2026-09-15T22:48:43Z,NASDAQ:MSFT
34.24415162911645,7.285811549319931,36.33096273602199,0.8336544897669447,519.0545,55.850514470452914,-1.640252468293073,497.12,17779127,1789512705,2026-09-15T22:51:45Z,NASDAQ:MSFT
34.24415162911645,7.285811549319931,36.33096273602199,0.8336544897669447,519.0545,55.850514470452914,-1.640252468293073,497.12,17780145,1789512884,2026-09-15T22:54:44Z,NASDAQ:MSFT
34.24415162911645,7.285811549319931,36.33096273602199,0.8336544897669447,519.0545,55.850514470452914,-1.640252468293073,497.12,17780375,1789513064,2026-09-15T22:57:44Z,NASDAQ:MSFT
34.24415162911645,7.285811549319931,36.33096273602199,0.8336544897669447,519.0545,55.850514470452914,-1.640252468293073,497.12,17780666,1789513242,2026-09-15T23:00:42Z,NASDAQ:MSFT
34.24415162911645,7.285811549319931,36.33096273602199,0.8336544897669447,519.0545,55.850514470452914,-1.640252468293073,497.12,17780898,1789513424,2026-09-15T23:03:44Z,NASDAQ:MSFT
34.24415162911645,7.285811549319931,36.33096273602199,0.8336544897669447,519.0545,55.850514470452914,-1.640252468293073,497.12,17781601,1789513600,2026-09-15T23:06:40Z,NASDAQ:MSFT
34.24415162911645,7.285811549319931,36.33096273602199,0.8336544897669447,519.0545,55.850514470452914,-1.640252468293073,497.12,17782373,1789513784,2026-09-15T23:09:44Z,NASDAQ:MSFT
34.24415162911645,7.285811549319931,36.33096273602199,0.8336544897669447,519.0545,55.850514470452914,-1.640252468293073,497.12,17782548,1789513966,2026-09-15T23:12:46Z,NASDAQ:MSFT
34.24415162911645,7.285811549319931,36.33096273602199,0.8336544897669447,519.0545,55.850514470452914,-1.640252468293073,497.12,17782646,1789514143,2026-09-15T23:15:43Z,NASDAQ:MSFT
34.24415162911645,7.285811549319931,36.33096273602199,0.8336544897669447,519.0545,55.850514470452914,-1.640252468293073,497.12,17785057,1789514323,2026-09-15T23:18:43Z,NASDAQ:MSFT
34.24415162911645,7.285811549319931,36.33096273602199,0.8336544897669447,519.0545,55.850514470452914,-1.640252468293073,497.12,17785382,1789514505,2026-09-15T23:21:45Z,NASDAQ:MSFT
34.24415162911645,7.285811549319931,36.33096273602199,0.8336544897669447,519.0545,55.850514470452914,-1.640252468293073,497.12,17785445,1789514683,2026-09-15T23:24:43Z,NASDAQ:MSFT
34.24415162911645,7.285811549319931,36.33096273602199,0.8336544897669447,519.0545,55.850514470452914,-1.640252468293073,497.12,17785875,1789514863,2026-09-15T23:27:43Z,NASDAQ:MSFT
34.24415162911645,7.285811549319931,36.33096273602199,0.8336544897669447,519.0545,55.850514470452914,-1.640252468293073,497.12,17786135,1789515040,2026-09-15T23:30:40Z,NASDAQ:MSFT
34.24415162911645,7.285811549319931,36.33096273602199,0.8336544897669447,519.0545,55.850514470452914,-1.640252468293073,497.12,17786504,1789515226,2026-09-15T23:33:46Z,NASDAQ:MSFT
34.24415162911645,7.285811549319931,36.33096273602199,0.8336544897669447,519.0545,55.850514470452914,-1.640252468293073,497.12,17786624,1789515402,2026-09-15T23:36:42Z,NASDAQ:MSFT
34.24415162911645,7.285811549319931,36.33096273602199,0.8336544897669447,519.0545,55.850514470452914,-1.640252468293073,497.12,17786679,1789515583,2026-09-15T23:39:43Z,NASDAQ:MSFT
34.24415162911645,7.285811549319931,36.33096273602199,0.8336544897669447,519.0545,55.850514470452914,-1.640252468293073,497.12,17786801,1789515762,2026-09-15T23:42:42Z,NASDAQ:MSFT
34.24415162911645,7.285811549319931,36.33096273602199,0.8336544897669447,519.0545,55.850514470452914,-1.640252468293073,497.12,17787504,1789515943,2026-09-15T23:45:43Z,NASDAQ:MSFT
34.24415162911645,7.285811549319931,36.33096273602199,0.8336544897669447,519.0545,55.850514470452914,-1.640252468293073,497.12,17789177,1789516124,2026-09-15T23:48:44Z,NASDAQ:MSFT
34.24415162911645,7.285811549319931,36.33096273602199,0.8336544897669447,519.0545,55.850514470452914,-1.640252468293073,497.12,17789427,1789516304,2026-09-15T23:51:44Z,NASDAQ:MSFT
34.24415162911645,7.285811549319931,36.33096273602199,0.8336544897669447,519.0545,55.850514470452914,-1.640252468293073,497.12,17789723,1789516486,2026-09-15T23:54:46Z,NASDAQ:MSFT
34.24415162911645,7.285811549319931,36.33096273602199,0.8336544897669447,519.0545,55.850514470452914,-1.640252468293073,497.12,17790170,1789516663,2026-09-15T23:57:43Z,NASDAQ:MSFT
34.24415162911645,7.285811549319931,36.33096273602199,0.8336544897669447,519.0545,55.850514470452914,-1.640252468293073,497.12,17791400,1789516846,2026-09-16T00:00:46Z,NASDAQ:MSFT
34.24415162911645,7.285811549319931,36.33096273602199,0.8336544897669447,519.0545,55.850514470452914,-1.640252468293073,497.12,17791643,1789517025,2026-09-16T00:03:45Z,NASDAQ:MSFT
34.24415162911645,7.285811549319931,36.33096273602199,0.8336544897669447,519.0545,55.850514470452914,-1.640252468293073,497.12,17792284,1789517205,2026-09-16T00:06:45Z,NASDAQ:MSFT
34.24415162911645,7.285811549319931,36.33096273602199,0.8336544897669447,519.0545,55.850514470452914,-1.640252468293073,497.12,17792749,1789517382,2026-09-16T00:09:42Z,NASDAQ:MSFT
34.24415162911645,7.285811549319931,36.33096273602199,0.8336544897669447,519.0545,55.850514470452914,-1.640252468293073,497.12,17793779,1789517563,2026-09-16T00:12:43Z,NASDAQ:MSFT
34.24415162911645,7.285811549319931,36.33096273602199,0.8336544897669447,519.0545,55.850514470452914,-1.640252468293073,497.12,17794312,1789517740,2026-09-16T00:15:40Z,NASDAQ:MSFT
34.24415162911645,7.285811549319931,36.33096273602199,0.8336544897669447,519.0545,55.850514470452914,-1.640252468293073,497.12,17794312,1789517928,2026-09-16T00:18:48Z,NASDAQ:MSFT
34.24415162911645,7.285811549319931,36.33096273602199,0.8336544897669447,519.0545,55.850514470452914,-1.640252468293073,497.12,17794312,1789518105,2026-09-16T00:21:45Z,NASDAQ:MSFT
34.24415162911645,7.285811549319931,36.33096273602199,0.8336544897669447,519.0545,55.850514470452914,-1.640252468293073,497.12,17794312,1789518282,2026-09-16T00:24:42Z,NASDAQ:MSFT
34.24415162911645,7.285811549319931,36.33096273602199,0.8336544897669447,519.0545,55.850514470452914,-1.640252468293073,497.12,17794312,1789518467,2026-09-16T00:27:47Z,NASDAQ:MSFT
34.24415162911645,7.285811549319931,36.33096273602199,0.8336544897669447,519.0545,55.850514470452914,-1.640252468293073,497.12,17794312,1789518646,2026-09-16T00:30:46Z,NASDAQ:MSFT
34.24415162911645,7.285811549319931,36.33096273602199,0.8336544897669447,519.0545,55.850514470452914,-1.640252468293073,497.12,17794312,1789518823,2026-09-16T00:33:43Z,NASDAQ:MSFT
34.24415162911645,7.285811549319931,36.33096273602199,0.8336544897669447,519.0545,55.850514470452914,-1.640252468293073,497.12,17794312,1789519003,2026-09-16T00:36:43Z,NASDAQ:MSFT
34.24415162911645,7.285811549319931,36.33096273602199,0.8336544897669447,519.0545,55.850514470452914,-1.640252468293073,497.12,17794312,1789519181,2026-09-16T00:39:41Z,NASDAQ:MSFT
34.24415162911645,7.285811549319931,36.33096273602199,0.8336544897669447,519.0545,55.850514470452914,-1.640252468293073,497.12,17794312,1789519364,2026-09-16T00:42:44Z,NASDAQ:MSFT
34.24415162911645,7.285811549319931,36.33096273602199,0.8336544897669447,519.0545,55.850514470452914,-1.640252468293073,497.12,17794312,1789519543,2026-09-16T00:45:43Z,NASDAQ:MSFT
34.24415162911645,7.285811549319931,36.33096273602199,0.8336544897669447,519.0545,55.850514470452914,-1.640252468293073,497.12,17794312,1789519724,2026-09-16T00:48:44Z,NASDAQ:MSFT
34.24415162911645,7.285811549319931,36.33096273602199,0.8336544897669447,519.0545,55.850514470452914,-1.640252468293073,497.12,17794312,1789519904,2026-09-16T00:51:44Z,NASDAQ:MSFT
34.24415162911645,7.285811549319931,36.33096273602199,0.8336544897669447,519.0545,55.850514470452914,-1.640252468293073,497.12,17794312,1789520083,2026-09-16T00:54:43Z,NASDAQ:MSFT
34.24415162911645,7.285811549319931,36.33096273602199,0.8336544897669447,519.0545,55.850514470452914,-1.640252468293073,497.12,17794312,1789520263,2026-09-16T00:57:43Z,NASDAQ:MSFT
34.24415162911645,7.285811549319931,36.33096273602199,0.8336544897669447,519.0545,55.850514470452914,-1.640252468293073,497.12,17794312,1789520445,2026-09-16T01:00:45Z,NASDAQ:MSFT
34.24415162911645,7.285811549319931,36.33096273602199,0.8336544897669447,519.0545,55.850514470452914,-1.640252468293073,497.12,17794312,1789520622,2026-09-16T01:03:42Z,NASDAQ:MSFT
34.24415162911645,7.285811549319931,36.33096273602199,0.8336544897669447,519.0545,55.850514470452914,-1.640252468293073,497.12,17794312,1789520804,2026-09-16T01:06:44Z,NASDAQ:MSFT
34.24415162911645,7.285811549319931,36.33096273602199,0.8336544897669447,519.0545,55.850514470452914,-1.640252468293073,497.12,17794312,1789520983,2026-09-16T01:09:43Z,NASDAQ:MSFT
34.24415162911645,7.285811549319931,36.33096273602199,0.8336544897669447,519.0545,55.850514470452914,-1.640252468293073,497.12,17794312,1789521164,2026-09-16T01:12:44Z,NASDAQ:MSFT
34.24415162911645,7.285811549319931,36.33096273602199,0.8336544897669447,519.0545,55.850514470452914,-1.640252468293073,497.12,17794312,1789521345,2026-09-16T01:15:45Z,NASDAQ:MSFT
34.24415162911645,7.285811549319931,36.33096273602199,0.8336544897669447,519.0545,55.850514470452914,-1.640252468293073,497.12,17794312,1789521525,2026-09-16T01:18:45Z,NASDAQ:MSFT
34.24415162911645,7.285811549319931,36.33096273602199,0.8336544897669447,519.0545,55.850514470452914,-1.640252468293073,497.12,17794312,1789521705,2026-09-16T01:21:45Z,NASDAQ:MSFT
34.24415162911645,7.285811549319931,36.33096273602199,0.8336544897669447,519.0545,55.850514470452914,-1.640252468293073,497.12,17794312,1789521884,2026-09-16T01:24:44Z,NASDAQ:MSFT
34.24415162911645,7.285811549319931,36.33096273602199,0.8336544897669447,519.0545,55.850514470452914,-1.640252468293073,497.12,17794312,1789522063,2026-09-16T01:27:43Z,NASDAQ:MSFT
34.24415162911645,7.285811549319931,36.33096273602199,0.8336544897669447,519.0545,55.850514470452914,-1.640252468293073,497.12,17794312,1789522244,2026-09-16T01:30:44Z,NASDAQ:MSFT
34.24415162911645,7.285811549319931,36.33096273602199,0.8336544897669447,519.0545,55.850514470452914,-1.640252468293073,497.12,17794312,1789522423,2026-09-16T01:33:43Z,NASDAQ:MSFT
34.24415162911645,7.285811549319931,36.33096273602199,0.8336544897669447,519.0545,55.850514470452914,-1.640252468293073,497.12,17794312,1789522605,2026-09-16T01:36:45Z,NASDAQ:MSFT
34.24415162911645,7.285811549319931,36.33096273602199,0.8336544897669447,519.0545,55.850514470452914,-1.640252468293073,497.12,17794312,1789522784,2026-09-16T01:39:44Z,NASDAQ:MSFT
34.24415162911645,7.285811549319931,36.33096273602199,0.8336544897669447,519.0545,55.850514470452914,-1.640252468293073,497.12,17794312,1789522963,2026-09-16T01:42:43Z,NASDAQ:MSFT
34.24415162911645,7.285811549319931,36.33096273602199,0.8336544897669447,519.0545,55.850514470452914,-1.640252468293073,497.12,17794312,1789523142,2026-09-16T01:45:42Z,NASDAQ:MSFT
34.24415162911645,7.285811549319931,36.33096273602199,0.8336544897669447,519.0545,55.850514470452914,-1.640252468293073,497.12,17794312,1789523325,2026-09-16T01:48:45Z,NASDAQ:MSFT
34.24415162911645,7.285811549319931,36.33096273602199,0.8336544897669447,519.0545,55.850514470452914,-1.640252468293073,497.12,17794312,1789523503,2026-09-16T01:51:43Z,NASDAQ:MSFT
34.24415162911645,7.285811549319931,36.33096273602199,0.8336544897669447,519.0545,55.850514470452914,-1.640252468293073,497.12,17794312,1789523681,2026-09-16T01:54:41Z,NASDAQ:MSFT
34.24415162911645,7.285811549319931,36.33096273602199,0.8336544897669447,519.0545,55.850514470452914,-1.640252468293073,497.12,17794312,1789523867,2026-09-16T01:57:47Z,NASDAQ:MSFT
34.24415162911645,7.285811549319931,36.33096273602199,0.8336544897669447,519.0545,55.850514470452914,-1.640252468293073,497.12,17794312,1789524045,2026-09-16T02:00:45Z,NASDAQ:MSFT
34.24415162911645,7.285811549319931,36.33096273602199,0.8336544897669447,519.0545,55.850514470452914,-1.640252468293073,497.12,17794312,1789524223,2026-09-16T02:03:43Z,NASDAQ:MSFT
34.24415162911645,7.285811549319931,36.33096273602199,0.8336544897669447,519.0545,55.850514470452914,-1.640252468293073,497.12,17794312,1789524401,2026-09-16T02:06:41Z,NASDAQ:MSFT
34.24415162911645,7.285811549319931,36.33096273602199,0.8336544897669447,519.0545,55.850514470452914,-1.640252468293073,497.12,17794312,1789524586,2026-09-16T02:09:46Z,NASDAQ:MSFT
34.24415162911645,7.285811549319931,36.33096273602199,0.8336544897669447,519.0545,55.850514470452914,-1.640252468293073,497.12,17794312,1789524766,2026-09-16T02:12:46Z,NASDAQ:MSFT
34.24415162911645,7.285811549319931,36.33096273602199,0.8336544897669447,519.0545,55.850514470452914,-1.640252468293073,497.12,17794312,1789524943,2026-09-16T02:15:43Z,NASDAQ:MSFT
34.24415162911645,7.285811549319931,36.33096273602199,0.8336544897669447,519.0545,55.850514470452914,-1.640252468293073,497.12,17794312,1789525124,2026-09-16T02:18:44Z,NASDAQ:MSFT
34.24415162911645,7.285811549319931,36.33096273602199,0.8336544897669447,519.0545,55.850514470452914,-1.640252468293073,497.12,17794312,1789525300,2026-09-16T02:21:40Z,NASDAQ:MSFT
34.24415162911645,7.285811549319931,36.33096273602199,0.8336544897669447,519.0545,55.850514470452914,-1.640252468293073,497.12,17794312,1789525483,2026-09-16T02:24:43Z,NASDAQ:MSFT
34.24415162911645,7.285811549319931,36.33096273602199,0.8336544897669447,519.0545,55.850514470452914,-1.640252468293073,497.12,17794312,1789525663,2026-09-16T02:27:43Z,NASDAQ:MSFT
34.24415162911645,7.285811549319931,36.33096273602199,0.8336544897669447,519.0545,55.850514470452914,-1.640252468293073,497.12,17794312,1789525844,2026-09-16T02:30:44Z,NASDAQ:MSFT
34.24415162911645,7.285811549319931,36.33096273602199,0.8336544897669447,519.0545,55.850514470452914,-1.640252468293073,497.12,17794312,1789526022,2026-09-16T02:33:42Z,NASDAQ:MSFT
34.24415162911645,7.285811549319931,36.33096273602199,0.8336544897669447,519.0545,55.850514470452914,-1.640252468293073,497.12,17794312,1789526203,2026-09-16T02:36:43Z,NASDAQ:MSFT
34.24415162911645,7.285811549319931,36.33096273602199,0.8336544897669447,519.0545,55.850514470452914,-1.640252468293073,497.12,17794312,1789526381,2026-09-16T02:39:41Z,NASDAQ:MSFT
34.24415162911645,7.285811549319931,36.33096273602199,0.8336544897669447,519.0545,55.850514470452914,-1.640252468293073,497.12,17794312,1789526565,2026-09-16T02:42:45Z,NASDAQ:MSFT
34.24415162911645,7.285811549319931,36.33096273602199,0.8336544897669447,519.0545,55.850514470452914,-1.640252468293073,497.12,17794312,1789526744,2026-09-16T02:45:44Z,NASDAQ:MSFT
34.24415162911645,7.285811549319931,36.33096273602199,0.8336544897669447,519.0545,55.850514470452914,-1.640252468293073,497.12,17794312,1789526923,2026-09-16T02:48:43Z,NASDAQ:MSFT
34.24415162911645,7.285811549319931,36.33096273602199,0.8336544897669447,519.0545,55.850514470452914,-1.640252468293073,497.12,17794312,1789527104,2026-09-16T02:51:44Z,NASDAQ:MSFT
34.24415162911645,7.285811549319931,36.33096273602199,0.8336544897669447,519.0545,55.850514470452914,-1.640252468293073,497.12,17794312,1789527282,2026-09-16T02:54:42Z,NASDAQ:MSFT
34.24415162911645,7.285811549319931,36.33096273602199,0.8336544897669447,519.0545,55.850514470452914,-1.640252468293073,497.12,17794312,1789527463,2026-09-16T02:57:43Z,NASDAQ:MSFT
34.24415162911645,7.285811549319931,36.33096273602199,0.8336544897669447,519.0545,55.850514470452914,-1.640252468293073,497.12,17794312,1789527644,2026-09-16T03:00:44Z,NASDAQ:MSFT
34.24415162911645,7.285811549319931,36.33096273602199,0.8336544897669447,519.0545,55.850514470452914,-1.640252468293073,497.12,17794312,1789527824,2026-09-16T03:03:44Z,NASDAQ:MSFT
34.24415162911645,7.285811549319931,36.33096273602199,0.8336544897669447,519.0545,55.850514470452914,-1.640252468293073,497.12,17794312,1789528007,2026-09-16T03:06:47Z,NASDAQ:MSFT
34.24415162911645,7.285811549319931,36.33096273602199,0.8336544897669447,519.0545,55.850514470452914,-1.640252468293073,497.12,17794312,1789528184,2026-09-16T03:09:44Z,NASDAQ:MSFT
34.24415162911645,7.285811549319931,36.33096273602199,0.8336544897669447,519.0545,55.850514470452914,-1.640252468293073,497.12,17794312,1789528364,2026-09-16T03:12:44Z,NASDAQ:MSFT
34.24415162911645,7.285811549319931,36.33096273602199,0.8336544897669447,519.0545,55.850514470452914,-1.640252468293073,497.12,17794312,1789528545,2026-09-16T03:15:45Z,NASDAQ:MSFT
34.24415162911645,7.285811549319931,36.33096273602199,0.8336544897669447,519.0545,55.850514470452914,-1.640252468293073,497.12,17794312,1789528724,2026-09-16T03:18:44Z,NASDAQ:MSFT
34.24415162911645,7.285811549319931,36.33096273602199,0.8336544897669447,519.0545,55.850514470452914,-1.640252468293073,497.12,17794312,1789528904,2026-09-16T03:21:44Z,NASDAQ:MSFT
34.24415162911645,7.285811549319931,36.33096273602199,0.8336544897669447,519.0545,55.850514470452914,-1.640252468293073,497.12,17794312,1789529082,2026-09-16T03:24:42Z,NASDAQ:MSFT
34.24415162911645,7.285811549319931,36.33096273602199,0.8336544897669447,519.0545,55.850514470452914,-1.640252468293073,497.12,17794312,1789529261,2026-09-16T03:27:41Z,NASDAQ:MSFT
34.24415162911645,7.285811549319931,36.33096273602199,0.8336544897669447,519.0545,55.850514470452914,-1.640252468293073,497.12,17794312,1789529442,2026-09-16T03:30:42Z,NASDAQ:MSFT
34.24415162911645,7.285811549319931,36.33096273602199,0.8336544897669447,519.0545,55.850514470452914,-1.640252468293073,497.12,17794312,1789529626,2026-09-16T03:33:46Z,NASDAQ:MSFT
34.24415162911645,7.285811549319931,36.33096273602199,0.8336544897669447,519.0545,55.850514470452914,-1.640252468293073,497.12,17794312,1789529804,2026-09-16T03:36:44Z,NASDAQ:MSFT
34.24415162911645,7.285811549319931,36.33096273602199,0.8336544897669447,519.0545,55.850514470452914,-1.640252468293073,497.12,17794312,1789529983,2026-09-16T03:39:43Z,NASDAQ:MSFT
34.24415162911645,7.285811549319931,36.33096273602199,0.8336544897669447,519.0545,55.850514470452914,-1.640252468293073,497.12,17794312,1789530165,2026-09-16T03:42:45Z,NASDAQ:MSFT
34.24415162911645,7.285811549319931,36.33096273602199,0.8336544897669447,519.0545,55.850514470452914,-1.640252468293073,497.12,17794312,1789530339,2026-09-16T03:45:39Z,NASDAQ:MSFT
34.24415162911645,7.285811549319931,36.33096273602199,0.8336544897669447,519.0545,55.850514470452914,-1.640252468293073,497.12,17794312,1789530523,2026-09-16T03:48:43Z,NASDAQ:MSFT
34.24415162911645,7.285811549319931,36.33096273602199,0.8336544897669447,519.0545,55.850514470452914,-1.640252468293073,497.12,17794312,1789530703,2026-09-16T03:51:43Z,NASDAQ:MSFT
34.24415162911645,7.285811549319931,36.33096273602199,0.8336544897669447,519.0545,55.850514470452914,-1.640252468293073,497.12,17794312,1789530886,2026-09-16T03:54:46Z,NASDAQ:MSFT
34.24415162911645,7.285811549319931,36.33096273602199,0.8336544897669447,519.0545,55.850514470452914,-1.640252468293073,497.12,17794312,1789531063,2026-09-16T03:57:43Z,NASDAQ:MSFT
34.24415162911645,7.285811549319931,36.33096273602199,0.8336544897669447,519.0545,55.850514470452914,-1.640252468293073,497.12,17794312,1789531243,2026-09-16T04:00:43Z,NASDAQ:MSFT
34.24415162911645,7.285811549319931,36.33096273602199,0.8336544897669447,519.0545,55.850514470452914,-1.640252468293073,497.12,17794312,1789531425,2026-09-16T04:03:45Z,NASDAQ:MSFT
34.24415162911645,7.285811549319931,36.33096273602199,0.8336544897669447,519.0545,55.850514470452914,-1.640252468293073,497.12,17794312,1789531605,2026-09-16T04:06:45Z,NASDAQ:MSFT
34.24415162911645,7.285811549319931,36.33096273602199,0.8336544897669447,519.0545,55.850514470452914,-1.640252468293073,497.12,17794312,1789531783,2026-09-16T04:09:43Z,NASDAQ:MSFT
34.24415162911645,7.285811549319931,36.33096273602199,0.8336544897669447,519.0545,55.850514470452914,-1.640252468293073,497.12,17794312,1789531960,2026-09-16T04:12:40Z,NASDAQ:MSFT
34.24415162911645,7.285811549319931,36.33096273602199,0.8336544897669447,519.0545,55.850514470452914,-1.640252468293073,497.12,17794312,1789532146,2026-09-16T04:15:46Z,NASDAQ:MSFT
34.24415162911645,7.285811549319931,36.33096273602199,0.8336544897669447,519.0545,55.850514470452914,-1.640252468293073,497.12,17794312,1789532323,2026-09-16T04:18:43Z,NASDAQ:MSFT
34.24415162911645,7.285811549319931,36.33096273602199,0.8336544897669447,519.0545,55.850514470452914,-1.640252468293073,497.12,17794312,1789532505,2026-09-16T04:21:45Z,NASDAQ:MSFT
34.24415162911645,7.285811549319931,36.33096273602199,0.8336544897669447,519.0545,55.850514470452914,-1.640252468293073,497.12,17794312,1789532684,2026-09-16T04:24:44Z,NASDAQ:MSFT
34.24415162911645,7.285811549319931,36.33096273602199,0.8336544897669447,519.0545,55.850514470452914,-1.640252468293073,497.12,17794312,1789532863,2026-09-16T04:27:43Z,NASDAQ:MSFT
34.24415162911645,7.285811549319931,36.33096273602199,0.8336544897669447,519.0545,55.850514470452914,-1.640252468293073,497.12,17794312,1789533044,2026-09-16T04:30:44Z,NASDAQ:MSFT
34.24415162911645,7.285811549319931,36.33096273602199,0.8336544897669447,519.0545,55.850514470452914,-1.640252468293073,497.12,17794312,1789533223,2026-09-16T04:33:43Z,NASDAQ:MSFT
34.24415162911645,7.285811549319931,36.33096273602199,0.8336544897669447,519.0545,55.850514470452914,-1.640252468293073,497.12,17794312,1789533399,2026-09-16T04:36:39Z,NASDAQ:MSFT
34.24415162911645,7.285811549319931,36.33096273602199,0.8336544897669447,519.0545,55.850514470452914,-1.640252468293073,497.12,17794312,1789533582,2026-09-16T04:39:42Z,NASDAQ:MSFT
34.24415162911645,7.285811549319931,36.33096273602199,0.8336544897669447,519.0545,55.850514470452914,-1.640252468293073,497.12,17794312,1789533764,2026-09-16T04:42:44Z,NASDAQ:MSFT
34.24415162911645,7.285811549319931,36.33096273602199,0.8336544897669447,519.0545,55.850514470452914,-1.640252468293073,497.12,17794312,1789533945,2026-09-16T04:45:45Z,NASDAQ:MSFT
34.24415162911645,7.285811549319931,36.33096273602199,0.8336544897669447,519.0545,55.850514470452914,-1.640252468293073,497.12,17794312,1789534122,2026-09-16T04:48:42Z,NASDAQ:MSFT
34.24415162911645,7.285811549319931,36.33096273602199,0.8336544897669447,519.0545,55.850514470452914,-1.640252468293073,497.12,17794312,1789534302,2026-09-16T04:51:42Z,NASDAQ:MSFT
34.24415162911645,7.285811549319931,36.33096273602199,0.8336544897669447,519.0545,55.850514470452914,-1.640252468293073,497.12,17794312,1789534484,2026-09-16T04:54:44Z,NASDAQ:MSFT
34.24415162911645,7.285811549319931,36.33096273602199,0.8336544897669447,519.0545,55.850514470452914,-1.640252468293073,497.12,17794312,1789534662,2026-09-16T04:57:42Z,NASDAQ:MSFT
34.24415162911645,7.285811549319931,36.33096273602199,0.8336544897669447,519.0545,55.850514470452914,-1.640252468293073,497.12,17794312,1789534844,2026-09-16T05:00:44Z,NASDAQ:MSFT
34.24415162911645,7.285811549319931,36.33096273602199,0.8336544897669447,519.0545,55.850514470452914,-1.640252468293073,497.12,17794312,1789535027,2026-09-16T05:03:47Z,NASDAQ:MSFT
34.24415162911645,7.285811549319931,36.33096273602199,0.8336544897669447,519.0545,55.850514470452914,-1.640252468293073,497.12,17794312,1789535205,2026-09-16T05:06:45Z,NASDAQ:MSFT
34.24415162911645,7.285811549319931,36.33096273602199,0.8336544897669447,519.0545,55.850514470452914,-1.640252468293073,497.12,17794312,1789535384,2026-09-16T05:09:44Z,NASDAQ:MSFT
34.24415162911645,7.285811549319931,36.33096273602199,0.8336544897669447,519.0545,55.850514470452914,-1.640252468293073,497.12,17794312,1789535563,2026-09-16T05:12:43Z,NASDAQ:MSFT
34.24415162911645,7.285811549319931,36.33096273602199,0.8336544897669447,519.0545,55.850514470452914,-1.640252468293073,497.12,17794312,1789535742,2026-09-16T05:15:42Z,NASDAQ:MSFT
34.24415162911645,7.285811549319931,36.33096273602199,0.8336544897669447,519.0545,55.850514470452914,-1.640252468293073,497.12,17794312,1789535920,2026-09-16T05:18:40Z,NASDAQ:MSFT
34.24415162911645,7.285811549319931,36.33096273602199,0.8336544897669447,519.0545,55.850514470452914,-1.640252468293073,497.12,17794312,1789536102,2026-09-16T05:21:42Z,NASDAQ:MSFT
34.24415162911645,7.285811549319931,36.33096273602199,0.8336544897669447,519.0545,55.850514470452914,-1.640252468293073,497.12,17794312,1789536282,2026-09-16T05:24:42Z,NASDAQ:MSFT
34.24415162911645,7.285811549319931,36.33096273602199,0.8336544897669447,519.0545,55.850514470452914,-1.640252468293073,497.12,17794312,1789536461,2026-09-16T05:27:41Z,NASDAQ:MSFT
34.24415162911645,7.285811549319931,36.33096273602199,0.8336544897669447,519.0545,55.850514470452914,-1.640252468293073,497.12,17794312,1789536645,2026-09-16T05:30:45Z,NASDAQ:MSFT
34.24415162911645,7.285811549319931,36.33096273602199,0.8336544897669447,519.0545,55.850514470452914,-1.640252468293073,497.12,17794312,1789536825,2026-09-16T05:33:45Z,NASDAQ:MSFT
34.24415162911645,7.285811549319931,36.33096273602199,0.8336544897669447,519.0545,55.850514470452914,-1.640252468293073,497.12,17794312,1789537002,2026-09-16T05:36:42Z,NASDAQ:MSFT
34.24415162911645,7.285811549319931,36.33096273602199,0.8336544897669447,519.0545,55.850514470452914,-1.640252468293073,497.12,17794312,1789537185,2026-09-16T05:39:45Z,NASDAQ:MSFT
34.24415162911645,7.285811549319931,36.33096273602199,0.8336544897669447,519.0545,55.850514470452914,-1.640252468293073,497.12,17794312,1789537362,2026-09-16T05:42:42Z,NASDAQ:MSFT
34.24415162911645,7.285811549319931,36.33096273602199,0.8336544897669447,519.0545,55.850514470452914,-1.640252468293073,497.12,17794312,1789537544,2026-09-16T05:45:44Z,NASDAQ:MSFT
34.24415162911645,7.285811549319931,36.33096273602199,0.8336544897669447,519.0545,55.850514470452914,-1.640252468293073,497.12,17794312,1789537724,2026-09-16T05:48:44Z,NASDAQ:MSFT
34.24415162911645,7.285811549319931,36.33096273602199,0.8336544897669447,519.0545,55.850514470452914,-1.640252468293073,497.12,17794312,1789537905,2026-09-16T05:51:45Z,NASDAQ:MSFT
34.24415162911645,7.285811549319931,36.33096273602199,0.8336544897669447,519.0545,55.850514470452914,-1.640252468293073,497.12,17794312,1789538085,2026-09-16T05:54:45Z,NASDAQ:MSFT
34.24415162911645,7.285811549319931,36.33096273602199,0.8336544897669447,519.0545,55.850514470452914,-1.640252468293073,497.12,17794312,1789538265,2026-09-16T05:57:45Z,NASDAQ:MSFT
34.24415162911645,7.285811549319931,36.33096273602199,0.8336544897669447,519.0545,55.850514470452914,-1.640252468293073,497.12,17794312,1789538441,2026-09-16T06:00:41Z,NASDAQ:MSFT
34.24415162911645,7.285811549319931,36.33096273602199,0.8336544897669447,519.0545,55.850514470452914,-1.640252468293073,497.12,17794312,1789538623,2026-09-16T06:03:43Z,NASDAQ:MSFT
34.24415162911645,7.285811549319931,36.33096273602199,0.8336544897669447,519.0545,55.850514470452914,-1.640252468293073,497.12,17794312,1789538802,2026-09-16T06:06:42Z,NASDAQ:MSFT
34.24415162911645,7.285811549319931,36.33096273602199,0.8336544897669447,519.0545,55.850514470452914,-1.640252468293073,497.12,17794312,1789538983,2026-09-16T06:09:43Z,NASDAQ:MSFT
34.24415162911645,7.285811549319931,36.33096273602199,0.8336544897669447,519.0545,55.850514470452914,-1.640252468293073,497.12,17794312,1789539161,2026-09-16T06:12:41Z,NASDAQ:MSFT
34.24415162911645,7.285811549319931,36.33096273602199,0.8336544897669447,519.0545,55.850514470452914,-1.640252468293073,497.12,17794312,1789539344,2026-09-16T06:15:44Z,NASDAQ:MSFT
34.24415162911645,7.285811549319931,36.33096273602199,0.8336544897669447,519.0545,55.850514470452914,-1.640252468293073,497.12,17794312,1789539524,2026-09-16T06:18:44Z,NASDAQ:MSFT
34.24415162911645,7.285811549319931,36.33096273602199,0.8336544897669447,519.0545,55.850514470452914,-1.640252468293073,497.12,17794312,1789539704,2026-09-16T06:21:44Z,NASDAQ:MSFT
34.24415162911645,7.285811549319931,36.33096273602199,0.8336544897669447,519.0545,55.850514470452914,-1.640252468293073,497.12,17794312,1789539885,2026-09-16T06:24:45Z,NASDAQ:MSFT
34.24415162911645,7.285811549319931,36.33096273602199,0.8336544897669447,519.0545,55.850514470452914,-1.640252468293073,497.12,17794312,1789540065,2026-09-16T06:27:45Z,NASDAQ:MSFT
34.24415162911645,7.285811549319931,36.33096273602199,0.8336544897669447,519.0545,55.850514470452914,-1.640252468293073,497.12,17794312,1789540241,2026-09-16T06:30:41Z,NASDAQ:MSFT
34.24415162911645,7.285811549319931,36.33096273602199,0.8336544897669447,519.0545,55.850514470452914,-1.640252468293073,497.12,17794312,1789540424,2026-09-16T06:33:44Z,NASDAQ:MSFT
34.24415162911645,7.285811549319931,36.33096273602199,0.8336544897669447,519.0545,55.850514470452914,-1.640252468293073,497.12,17794312,1789540603,2026-09-16T06:36:43Z,NASDAQ:MSFT
34.24415162911645,7.285811549319931,36.33096273602199,0.8336544897669447,519.0545,55.850514470452914,-1.640252468293073,497.12,17794312,1789540782,2026-09-16T06:39:42Z,NASDAQ:MSFT
34.24415162911645,7.285811549319931,36.33096273602199,0.8336544897669447,519.0545,55.850514470452914,-1.640252468293073,497.12,17794312,1789540962,2026-09-16T06:42:42Z,NASDAQ:MSFT
34.24415162911645,7.285811549319931,36.33096273602199,0.8336544897669447,519.0545,55.850514470452914,-1.640252468293073,497.12,17794312,1789541141,2026-09-16T06:45:41Z,NASDAQ:MSFT
34.24415162911645,7.285811549319931,36.33096273602199,0.8336544897669447,519.0545,55.850514470452914,-1.640252468293073,497.12,17794312,1789541324,2026-09-16T06:48:44Z,NASDAQ:MSFT
34.24415162911645,7.285811549319931,36.33096273602199,0.8336544897669447,519.0545,55.850514470452914,-1.640252468293073,497.12,17794312,1789541500,2026-09-16T06:51:40Z,NASDAQ:MSFT
34.24415162911645,7.285811549319931,36.33096273602199,0.8336544897669447,519.0545,55.850514470452914,-1.640252468293073,497.12,17794312,1789541688,2026-09-16T06:54:48Z,NASDAQ:MSFT
34.24415162911645,7.285811549319931,36.33096273602199,0.8336544897669447,519.0545,55.850514470452914,-1.640252468293073,497.12,17794312,1789541859,2026-09-16T06:57:39Z,NASDAQ:MSFT
34.24415162911645,7.285811549319931,36.33096273602199,0.8336544897669447,519.0545,55.850514470452914,-1.640252468293073,497.12,17794312,1789542043,2026-09-16T07:00:43Z,NASDAQ:MSFT
34.24415162911645,7.285811549319931,36.33096273602199,0.8336544897669447,519.0545,55.850514470452914,-1.640252468293073,497.12,17794312,1789542224,2026-09-16T07:03:44Z,NASDAQ:MSFT
34.24415162911645,7.285811549319931,36.33096273602199,0.8336544897669447,519.0545,55.850514470452914,-1.640252468293073,497.12,17794312,1789542405,2026-09-16T07:06:45Z,NASDAQ:MSFT
34.24415162911645,7.285811549319931,36.33096273602199,0.8336544897669447,519.0545,55.850514470452914,-1.640252468293073,497.12,17794312,1789542584,2026-09-16T07:09:44Z,NASDAQ:MSFT
34.24415162911645,7.285811549319931,36.33096273602199,0.8336544897669447,519.0545,55.850514470452914,-1.640252468293073,497.12,17794312,1789542765,2026-09-16T07:12:45Z,NASDAQ:MSFT
34.24415162911645,7.285811549319931,36.33096273602199,0.8336544897669447,519.0545,55.850514470452914,-1.640252468293073,497.12,17794312,1789542945,2026-09-16T07:15:45Z,NASDAQ:MSFT
34.24415162911645,7.285811549319931,36.33096273602199,0.8336544897669447,519.0545,55.850514470452914,-1.640252468293073,497.12,17794312,1789543122,2026-09-16T07:18:42Z,NASDAQ:MSFT
34.24415162911645,7.285811549319931,36.33096273602199,0.8336544897669447,519.0545,55.850514470452914,-1.640252468293073,497.12,17794312,1789543305,2026-09-16T07:21:45Z,NASDAQ:MSFT
34.24415162911645,7.285811549319931,36.33096273602199,0.8336544897669447,519.0545,55.850514470452914,-1.640252468293073,497.12,17794312,1789543485,2026-09-16T07:24:45Z,NASDAQ:MSFT
34.24415162911645,7.285811549319931,36.33096273602199,0.8336544897669447,519.0545,55.850514470452914,-1.640252468293073,497.12,17794312,1789543660,2026-09-16T07:27:40Z,NASDAQ:MSFT
34.24415162911645,7.285811549319931,36.33096273602199,0.8336544897669447,519.0545,55.850514470452914,-1.640252468293073,497.12,17794312,1789543845,2026-09-16T07:30:45Z,NASDAQ:MSFT
34.24415162911645,7.285811549319931,36.33096273602199,0.8336544897669447,519.0545,55.850514470452914,-1.640252468293073,497.12,17794312,1789544023,2026-09-16T07:33:43Z,NASDAQ:MSFT
34.24415162911645,7.285811549319931,36.33096273602199,0.8336544897669447,519.0545,55.850514470452914,-1.640252468293073,497.12,17794312,1789544202,2026-09-16T07:36:42Z,NASDAQ:MSFT
34.24415162911645,7.285811549319931,36.33096273602199,0.8336544897669447,519.0545,55.850514470452914,-1.640252468293073,497.12,17794312,1789544384,2026-09-16T07:39:44Z,NASDAQ:MSFT
34.24415162911645,7.285811549319931,36.33096273602199,0.8336544897669447,519.0545,55.850514470452914,-1.640252468293073,497.12,17794312,1789544561,2026-09-16T07:42:41Z,NASDAQ:MSFT
34.24415162911645,7.285811549319931,36.33096273602199,0.8336544897669447,519.0545,55.850514470452914,-1.640252468293073,497.12,17794312,1789544743,2026-09-16T07:45:43Z,NASDAQ:MSFT
34.24415162911645,7.285811549319931,36.33096273602199,0.8336544897669447,519.0545,55.850514470452914,-1.640252468293073,497.12,17794312,1789544926,2026-09-16T07:48:46Z,NASDAQ:MSFT
34.24415162911645,7.285811549319931,36.33096273602199,0.8336544897669447,519.0545,55.850514470452914,-1.640252468293073,497.12,17794312,1789545106,2026-09-16T07:51:46Z,NASDAQ:MSFT
34.24415162911645,7.285811549319931,36.33096273602199,0.8336544897669447,519.0545,55.850514470452914,-1.640252468293073,497.12,17794312,1789545279,2026-09-16T07:54:39Z,NASDAQ:MSFT
34.24415162911645,7.285811549319931,36.33096273602199,0.8336544897669447,519.0545,55.850514470452914,-1.640252468293073,497.12,17794312,1789545462,2026-09-16T07:57:42Z,NASDAQ:MSFT
34.24415162911645,7.285811549319931,36.33096273602199,0.8336544897669447,519.0545,55.850514470452914,-1.640252468293073,497.12,17794312,1789545643,2026-09-16T08:00:43Z,NASDAQ:MSFT
34.24415162911645,7.285811549319931,36.33096273602199,0.8336544897669447,519.0545,55.850514470452914,-1.640252468293073,497.12,17794312,1789545826,2026-09-16T08:03:46Z,NASDAQ:MSFT
34.24415162911645,7.285811549319931,36.33096273602199,0.8336544897669447,519.0545,55.850514470452914,-1.640252468293073,497.12,17794312,1789546004,2026-09-16T08:06:44Z,NASDAQ:MSFT
34.24415162911645,7.285811549319931,36.33096273602199,0.8336544897669447,519.0545,55.850514470452914,-1.640252468293073,497.12,17794312,1789546182,2026-09-16T08:09:42Z,NASDAQ:MSFT
34.24415162911645,7.285811549319931,36.33096273602199,0.8336544897669447,519.0545,55.850514470452914,-1.640252468293073,497.12,17794312,1789546366,2026-09-16T08:12:46Z,NASDAQ:MSFT
34.24415162911645,7.285811549319931,36.33096273602199,0.8336544897669447,519.0545,55.850514470452914,-1.640252468293073,497.12,17794312,1789546544,2026-09-16T08:15:44Z,NASDAQ:MSFT
34.24415162911645,7.285811549319931,36.33096273602199,0.8336544897669447,519.0545,55.850514470452914,-1.640252468293073,497.12,17794312,1789546725,2026-09-16T08:18:45Z,NASDAQ:MSFT
34.24415162911645,7.285811549319931,36.33096273602199,0.8336544897669447,519.0545,55.850514470452914,-1.640252468293073,497.12,17794312,1789546904,2026-09-16T08:21:44Z,NASDAQ:MSFT
34.24415162911645,7.285811549319931,36.33096273602199,0.8336544897669447,519.0545,55.850514470452914,-1.640252468293073,497.12,17794312,1789547084,2026-09-16T08:24:44Z,NASDAQ:MSFT
34.24415162911645,7.285811549319931,36.33096273602199,0.8336544897669447,519.0545,55.850514470452914,-1.640252468293073,497.12,17794312,1789547263,2026-09-16T08:27:43Z,NASDAQ:MSFT
34.24415162911645,7.285811549319931,36.33096273602199,0.8336544897669447,519.0545,55.850514470452914,-1.640252468293073,497.12,17794312,1789547446,2026-09-16T08:30:46Z,NASDAQ:MSFT
34.24415162911645,7.285811549319931,36.33096273602199,0.8336544897669447,519.0545,55.850514470452914,-1.640252468293073,497.12,17794312,1789547625,2026-09-16T08:33:45Z,NASDAQ:MSFT
34.24415162911645,7.285811549319931,36.33096273602199,0.8336544897669447,519.0545,55.850514470452914,-1.640252468293073,497.12,17794312,1789547802,2026-09-16T08:36:42Z,NASDAQ:MSFT
34.24415162911645,7.285811549319931,36.33096273602199,0.8336544897669447,519.0545,55.850514470452914,-1.640252468293073,497.12,17794312,1789547983,2026-09-16T08:39:43Z,NASDAQ:MSFT
34.24415162911645,7.285811549319931,36.33096273602199,0.8336544897669447,519.0545,55.850514470452914,-1.640252468293073,497.12,17794312,1789548164,2026-09-16T08:42:44Z,NASDAQ:MSFT
34.24415162911645,7.285811549319931,36.33096273602199,0.8336544897669447,519.0545,55.850514470452914,-1.640252468293073,497.12,17794312,1789548343,2026-09-16T08:45:43Z,NASDAQ:MSFT
34.24415162911645,7.285811549319931,36.33096273602199,0.8336544897669447,519.0545,55.850514470452914,-1.640252468293073,497.12,17794312,1789548568,2026-09-16T08:49:28Z,NASDAQ:MSFT
34.24415162911645,7.285811549319931,36.33096273602199,0.8336544897669447,519.0545,55.850514470452914,-1.640252468293073,497.12,17794312,1789548700,2026-09-16T08:51:40Z,NASDAQ:MSFT
34.24415162911645,7.285811549319931,36.33096273602199,0.8336544897669447,519.0545,55.850514470452914,-1.640252468293073,497.12,17794312,1789548883,2026-09-16T08:54:43Z,NASDAQ:MSFT
34.24415162911645,7.285811549319931,36.33096273602199,0.8336544897669447,519.0545,55.850514470452914,-1.640252468293073,497.12,17794312,1789549062,2026-09-16T08:57:42Z,NASDAQ:MSFT
34.24415162911645,7.285811549319931,36.33096273602199,0.8336544897669447,519.0545,55.850514470452914,-1.640252468293073,497.12,17794312,1789549243,2026-09-16T09:00:43Z,NASDAQ:MSFT
34.24415162911645,7.285811549319931,36.33096273602199,0.8336544897669447,519.0545,55.850514470452914,-1.640252468293073,497.12,17794312,1789549425,2026-09-16T09:03:45Z,NASDAQ:MSFT
34.24415162911645,7.285811549319931,36.33096273602199,0.8336544897669447,519.0545,55.850514470452914,-1.640252468293073,497.12,17794312,1789549602,2026-09-16T09:06:42Z,NASDAQ:MSFT
34.24415162911645,7.285811549319931,36.33096273602199,0.8336544897669447,519.0545,55.850514470452914,-1.640252468293073,497.12,17794312,1789549784,2026-09-16T09:09:44Z,NASDAQ:MSFT
34.24415162911645,7.285811549319931,36.33096273602199,0.8336544897669447,519.0545,55.850514470452914,-1.640252468293073,497.12,17794312,1789549960,2026-09-16T09:12:40Z,NASDAQ:MSFT
34.24415162911645,7.285811549319931,36.33096273602199,0.8336544897669447,519.0545,55.850514470452914,-1.640252468293073,497.12,17794312,1789550146,2026-09-16T09:15:46Z,NASDAQ:MSFT
34.24415162911645,7.285811549319931,36.33096273602199,0.8336544897669447,519.0545,55.850514470452914,-1.640252468293073,497.12,17794312,1789550322,2026-09-16T09:18:42Z,NASDAQ:MSFT
34.24415162911645,7.285811549319931,36.33096273602199,0.8336544897669447,519.0545,55.850514470452914,-1.640252468293073,497.12,17794312,1789550507,2026-09-16T09:21:47Z,NASDAQ:MSFT
34.24415162911645,7.285811549319931,36.33096273602199,0.8336544897669447,519.0545,55.850514470452914,-1.640252468293073,497.12,17794312,1789550684,2026-09-16T09:24:44Z,NASDAQ:MSFT
34.24415162911645,7.285811549319931,36.33096273602199,0.8336544897669447,519.0545,55.850514470452914,-1.640252468293073,497.12,17794312,1789550865,2026-09-16T09:27:45Z,NASDAQ:MSFT
34.24415162911645,7.285811549319931,36.33096273602199,0.8336544897669447,519.0545,55.850514470452914,-1.640252468293073,497.12,17794312,1789551043,2026-09-16T09:30:43Z,NASDAQ:MSFT
34.24415162911645,7.285811549319931,36.33096273602199,0.8336544897669447,519.0545,55.850514470452914,-1.640252468293073,497.12,17794312,1789551224,2026-09-16T09:33:44Z,NASDAQ:MSFT
34.24415162911645,7.285811549319931,36.33096273602199,0.8336544897669447,519.0545,55.850514470452914,-1.640252468293073,497.12,17794312,1789551404,2026-09-16T09:36:44Z,NASDAQ:MSFT
34.24415162911645,7.285811549319931,36.33096273602199,0.8336544897669447,519.0545,55.850514470452914,-1.640252468293073,497.12,17794312,1789551586,2026-09-16T09:39:46Z,NASDAQ:MSFT
34.24415162911645,7.285811549319931,36.33096273602199,0.8336544897669447,519.0545,55.850514470452914,-1.640252468293073,497.12,17794312,1789551762,2026-09-16T09:42:42Z,NASDAQ:MSFT
34.24415162911645,7.285811549319931,36.33096273602199,0.8336544897669447,519.0545,55.850514470452914,-1.640252468293073,497.12,17794312,1789551944,2026-09-16T09:45:44Z,NASDAQ:MSFT
34.24415162911645,7.285811549319931,36.33096273602199,0.8336544897669447,519.0545,55.850514470452914,-1.640252468293073,497.12,17794612,1789552126,2026-09-16T09:48:46Z,NASDAQ:MSFT
34.24415162911645,7.285811549319931,36.33096273602199,0.8336544897669447,519.0545,55.850514470452914,-1.640252468293073,497.12,17794612,1789552306,2026-09-16T09:51:46Z,NASDAQ:MSFT
34.24415162911645,7.285811549319931,36.33096273602199,0.8336544897669447,519.0545,55.850514470452914,-1.640252468293073,497.12,17794612,1789552483,2026-09-16T09:54:43Z,NASDAQ:MSFT
34.24415162911645,7.285811549319931,36.33096273602199,0.8336544897669447,519.0545,55.850514470452914,-1.640252468293073,497.12,17794612,1789552662,2026-09-16T09:57:42Z,NASDAQ:MSFT
34.24415162911645,7.285811549319931,36.33096273602199,0.8336544897669447,519.0545,55.850514470452914,-1.640252468293073,497.12,17794612,1789552847,2026-09-16T10:00:47Z,NASDAQ:MSFT
34.24415162911645,7.285811549319931,36.33096273602199,0.8336544897669447,519.0545,55.850514470452914,-1.640252468293073,497.12,17794612,1789553024,2026-09-16T10:03:44Z,NASDAQ:MSFT
34.24415162911645,7.285811549319931,36.33096273602199,0.8336544897669447,519.0545,55.850514470452914,-1.640252468293073,497.12,17794612,1789553203,2026-09-16T10:06:43Z,NASDAQ:MSFT
34.24415162911645,7.285811549319931,36.33096273602199,0.8336544897669447,519.0545,55.850514470452914,-1.640252468293073,497.12,17794612,1789553384,2026-09-16T10:09:44Z,NASDAQ:MSFT
34.24415162911645,7.285811549319931,36.33096273602199,0.8336544897669447,519.0545,55.850514470452914,-1.640252468293073,497.12,17794612,1789553565,2026-09-16T10:12:45Z,NASDAQ:MSFT
34.24415162911645,7.285811549319931,36.33096273602199,0.8336544897669447,519.0545,55.850514470452914,-1.640252468293073,497.12,17794612,1789553744,2026-09-16T10:15:44Z,NASDAQ:MSFT
34.24415162911645,7.285811549319931,36.33096273602199,0.8336544897669447,519.0545,55.850514470452914,-1.640252468293073,497.12,17794612,1789553922,2026-09-16T10:18:42Z,NASDAQ:MSFT
34.24415162911645,7.285811549319931,36.33096273602199,0.8336544897669447,519.0545,55.850514470452914,-1.640252468293073,497.12,17794612,1789554105,2026-09-16T10:21:45Z,NASDAQ:MSFT
34.24415162911645,7.285811549319931,36.33096273602199,0.8336544897669447,519.0545,55.850514470452914,-1.640252468293073,497.12,17794612,1789554282,2026-09-16T10:24:42Z,NASDAQ:MSFT
34.24415162911645,7.285811549319931,36.33096273602199,0.8336544897669447,519.0545,55.850514470452914,-1.640252468293073,497.12,17794612,1789554465,2026-09-16T10:27:45Z,NASDAQ:MSFT
34.24415162911645,7.285811549319931,36.33096273602199,0.8336544897669447,519.0545,55.850514470452914,-1.640252468293073,497.12,17794612,1789554640,2026-09-16T10:30:40Z,NASDAQ:MSFT
34.24415162911645,7.285811549319931,36.33096273602199,0.8336544897669447,519.0545,55.850514470452914,-1.640252468293073,497.12,17794612,1789554821,2026-09-16T10:33:41Z,NASDAQ:MSFT
34.24415162911645,7.285811549319931,36.33096273602199,0.8336544897669447,519.0545,55.850514470452914,-1.640252468293073,497.12,17794612,1789555006,2026-09-16T10:36:46Z,NASDAQ:MSFT
34.24415162911645,7.285811549319931,36.33096273602199,0.8336544897669447,519.0545,55.850514470452914,-1.640252468293073,497.12,17794612,1789555182,2026-09-16T10:39:42Z,NASDAQ:MSFT
34.24415162911645,7.285811549319931,36.33096273602199,0.8336544897669447,519.0545,55.850514470452914,-1.640252468293073,497.12,17794612,1789555362,2026-09-16T10:42:42Z,NASDAQ:MSFT
34.24415162911645,7.285811549319931,36.33096273602199,0.8336544897669447,519.0545,55.850514470452914,-1.640252468293073,497.12,17794612,1789555545,2026-09-16T10:45:45Z,NASDAQ:MSFT
34.24415162911645,7.285811549319931,36.33096273602199,0.8336544897669447,519.0545,55.850514470452914,-1.640252468293073,497.12,17794612,1789555721,2026-09-16T10:48:41Z,NASDAQ:MSFT
34.24415162911645,7.285811549319931,36.33096273602199,0.8336544897669447,519.0545,55.850514470452914,-1.640252468293073,497.12,17794612,1789555904,2026-09-16T10:51:44Z,NASDAQ:MSFT
34.24415162911645,7.285811549319931,36.33096273602199,0.8336544897669447,519.0545,55.850514470452914,-1.640252468293073,497.12,17794612,1789556082,2026-09-16T10:54:42Z,NASDAQ:MSFT
34.24415162911645,7.285811549319931,36.33096273602199,0.8336544897669447,519.0545,55.850514470452914,-1.640252468293073,497.12,17794612,1789556266,2026-09-16T10:57:46Z,NASDAQ:MSFT
34.24415162911645,7.285811549319931,36.33096273602199,0.8336544897669447,519.0545,55.850514470452914,-1.640252468293073,497.12,17794612,1789556445,2026-09-16T11:00:45Z,NASDAQ:MSFT
34.24415162911645,7.285811549319931,36.33096273602199,0.8336544897669447,519.0545,55.850514470452914,-1.640252468293073,497.12,17794612,1789556621,2026-09-16T11:03:41Z,NASDAQ:MSFT
34.24415162911645,7.285811549319931,36.33096273602199,0.8336544897669447,519.0545,55.850514470452914,-1.640252468293073,497.12,17794612,1789556803,2026-09-16T11:06:43Z,NASDAQ:MSFT
34.24415162911645,7.285811549319931,36.33096273602199,0.8336544897669447,519.0545,55.850514470452914,-1.640252468293073,497.12,17794612,1789556984,2026-09-16T11:09:44Z,NASDAQ:MSFT
34.24415162911645,7.285811549319931,36.33096273602199,0.8336544897669447,519.0545,55.850514470452914,-1.640252468293073,497.12,17794612,1789557165,2026-09-16T11:12:45Z,NASDAQ:MSFT
34.24415162911645,7.285811549319931,36.33096273602199,0.8336544897669447,519.0545,55.850514470452914,-1.640252468293073,497.12,17794612,1789557347,2026-09-16T11:15:47Z,NASDAQ:MSFT
34.24415162911645,7.285811549319931,36.33096273602199,0.8336544897669447,519.0545,55.850514470452914,-1.640252468293073,497.12,17794612,1789557521,2026-09-16T11:18:41Z,NASDAQ:MSFT
34.24415162911645,7.285811549319931,36.33096273602199,0.8336544897669447,519.0545,55.850514470452914,-1.640252468293073,497.12,17794612,1789557705,2026-09-16T11:21:45Z,NASDAQ:MSFT
34.24415162911645,7.285811549319931,36.33096273602199,0.8336544897669447,519.0545,55.850514470452914,-1.640252468293073,497.12,17794612,1789557887,2026-09-16T11:24:47Z,NASDAQ:MSFT
34.24415162911645,7.285811549319931,36.33096273602199,0.8336544897669447,519.0545,55.850514470452914,-1.640252468293073,497.12,17794612,1789558063,2026-09-16T11:27:43Z,NASDAQ:MSFT
34.24415162911645,7.285811549319931,36.33096273602199,0.8336544897669447,519.0545,55.850514470452914,-1.640252468293073,497.12,17794612,1789558243,2026-09-16T11:30:43Z,NASDAQ:MSFT
34.24415162911645,7.285811549319931,36.33096273602199,0.8336544897669447,519.0545,55.850514470452914,-1.640252468293073,497.12,17794612,1789558424,2026-09-16T11:33:44Z,NASDAQ:MSFT
34.24415162911645,7.285811549319931,36.33096273602199,0.8336544897669447,519.0545,55.850514470452914,-1.640252468293073,497.12,17794612,1789558604,2026-09-16T11:36:44Z,NASDAQ:MSFT
34.24415162911645,7.285811549319931,36.33096273602199,0.8336544897669447,519.0545,55.850514470452914,-1.640252468293073,497.12,17794612,1789558784,2026-09-16T11:39:44Z,NASDAQ:MSFT
34.24415162911645,7.285811549319931,36.33096273602199,0.8336544897669447,519.0545,55.850514470452914,-1.640252468293073,497.12,17794612,1789558963,2026-09-16T11:42:43Z,NASDAQ:MSFT
34.24415162911645,7.285811549319931,36.33096273602199,0.8336544897669447,519.0545,55.850514470452914,-1.640252468293073,497.12,17794612,1789559146,2026-09-16T11:45:46Z,NASDAQ:MSFT
34.24415162911645,7.285811549319931,36.33096273602199,0.8336544897669447,519.0545,55.850514470452914,-1.640252468293073,497.12,17794612,1789559325,2026-09-16T11:48:45Z,NASDAQ:MSFT
34.24415162911645,7.285811549319931,36.33096273602199,0.8336544897669447,519.0545,55.850514470452914,-1.640252468293073,497.12,17794612,1789559504,2026-09-16T11:51:44Z,NASDAQ:MSFT
34.24415162911645,7.285811549319931,36.33096273602199,0.8336544897669447,519.0545,55.850514470452914,-1.640252468293073,497.12,17794612,1789559684,2026-09-16T11:54:44Z,NASDAQ:MSFT
34.24415162911645,7.285811549319931,36.33096273602199,0.8336544897669447,519.0545,55.850514470452914,-1.640252468293073,497.12,17794612,1789559864,2026-09-16T11:57:44Z,NASDAQ:MSFT
34.24415162911645,7.285811549319931,36.33096273602199,0.8336544897669447,519.0545,55.850514470452914,-1.640252468293073,497.12,17794612,1789560046,2026-09-16T12:00:46Z,NASDAQ:MSFT
34.24415162911645,7.285811549319931,36.33096273602199,0.8336544897669447,519.0545,55.850514470452914,-1.640252468293073,497.12,17794612,1789560222,2026-09-16T12:03:42Z,NASDAQ:MSFT
34.24415162911645,7.285811549319931,36.33096273602199,0.8336544897669447,519.0545,55.850514470452914,-1.640252468293073,497.12,17794612,1789560402,2026-09-16T12:06:42Z,NASDAQ:MSFT
34.24415162911645,7.285811549319931,36.33096273602199,0.8336544897669447,519.0545,55.850514470452914,-1.640252468293073,497.12,17794612,1789560585,2026-09-16T12:09:45Z,NASDAQ:MSFT
34.24415162911645,7.285811549319931,36.33096273602199,0.8336544897669447,519.0545,55.850514470452914,-1.640252468293073,497.12,17794612,1789560761,2026-09-16T12:12:41Z,NASDAQ:MSFT
34.24415162911645,7.285811549319931,36.33096273602199,0.8336544897669447,519.0545,55.850514470452914,-1.640252468293073,497.12,17794612,1789560944,2026-09-16T12:15:44Z,NASDAQ:MSFT
34.24415162911645,7.285811549319931,36.33096273602199,0.8336544897669447,519.0545,55.850514470452914,-1.640252468293073,497.12,17794612,1789561119,2026-09-16T12:18:39Z,NASDAQ:MSFT
34.24415162911645,7.285811549319931,36.33096273602199,0.8336544897669447,519.0545,55.850514470452914,-1.640252468293073,497.12,17794612,1789561304,2026-09-16T12:21:44Z,NASDAQ:MSFT
34.24415162911645,7.285811549319931,36.33096273602199,0.8336544897669447,519.0545,55.850514470452914,-1.640252468293073,497.12,17794612,1789561486,2026-09-16T12:24:46Z,NASDAQ:MSFT
34.24415162911645,7.285811549319931,36.33096273602199,0.8336544897669447,519.0545,55.850514470452914,-1.640252468293073,497.12,17794612,1789561664,2026-09-16T12:27:44Z,NASDAQ:MSFT
34.24415162911645,7.285811549319931,36.33096273602199,0.8336544897669447,519.0545,55.850514470452914,-1.640252468293073,497.12,17794612,1789561846,2026-09-16T12:30:46Z,NASDAQ:MSFT
34.24415162911645,7.285811549319931,36.33096273602199,0.8336544897669447,519.0545,55.850514470452914,-1.640252468293073,497.12,17794612,1789562026,2026-09-16T12:33:46Z,NASDAQ:MSFT
34.24415162911645,7.285811549319931,36.33096273602199,0.8336544897669447,519.0545,55.850514470452914,-1.640252468293073,497.12,17794612,1789562202,2026-09-16T12:36:42Z,NASDAQ:MSFT
34.24415162911645,7.285811549319931,36.33096273602199,0.8336544897669447,519.0545,55.850514470452914,-1.640252468293073,497.12,17794612,1789562385,2026-09-16T12:39:45Z,NASDAQ:MSFT
34.24415162911645,7.285811549319931,36.33096273602199,0.8336544897669447,519.0545,55.850514470452914,-1.640252468293073,497.12,17794612,1789562562,2026-09-16T12:42:42Z,NASDAQ:MSFT
34.24415162911645,7.285811549319931,36.33096273602199,0.8336544897669447,519.0545,55.850514470452914,-1.640252468293073,497.12,17794612,1789562745,2026-09-16T12:45:45Z,NASDAQ:MSFT
34.24415162911645,7.285811549319931,36.33096273602199,0.8336544897669447,519.0545,55.850514470452914,-1.640252468293073,497.12,17794612,1789562924,2026-09-16T12:48:44Z,NASDAQ:MSFT
34.24415162911645,7.285811549319931,36.33096273602199,0.8336544897669447,519.0545,55.850514470452914,-1.640252468293073,497.12,17794612,1789563105,2026-09-16T12:51:45Z,NASDAQ:MSFT
34.24415162911645,7.285811549319931,36.33096273602199,0.8336544897669447,519.0545,55.850514470452914,-1.640252468293073,497.12,17794612,1789563281,2026-09-16T12:54:41Z,NASDAQ:MSFT
34.24415162911645,7.285811549319931,36.33096273602199,0.8336544897669447,519.0545,55.850514470452914,-1.640252468293073,497.12,17794612,1789563463,2026-09-16T12:57:43Z,NASDAQ:MSFT
34.24415162911645,7.285811549319931,36.33096273602199,0.8336544897669447,519.0545,55.850514470452914,-1.640252468293073,497.12,17794612,1789563644,2026-09-16T13:00:44Z,NASDAQ:MSFT
34.24415162911645,7.285811549319931,36.33096273602199,0.8336544897669447,519.0545,55.850514470452914,-1.640252468293073,497.12,17794612,1789563824,2026-09-16T13:03:44Z,NASDAQ:MSFT
34.24415162911645,7.285811549319931,36.33096273602199,0.8336544897669447,519.0545,55.850514470452914,-1.640252468293073,497.12,17794612,1789564001,2026-09-16T13:06:41Z,NASDAQ:MSFT
34.24415162911645,7.285811549319931,36.33096273602199,0.8336544897669447,519.0545,55.850514470452914,-1.640252468293073,497.12,17794612,1789564184,2026-09-16T13:09:44Z,NASDAQ:MSFT
34.24415162911645,7.285811549319931,36.33096273602199,0.8336544897669447,519.0545,55.850514470452914,-1.640252468293073,497.12,17794612,1789564364,2026-09-16T13:12:44Z,NASDAQ:MSFT
34.24415162911645,7.285811549319931,36.33096273602199,0.8336544897669447,519.0545,55.850514470452914,-1.640252468293073,497.12,17794612,1789564545,2026-09-16T13:15:45Z,NASDAQ:MSFT
34.24415162911645,7.285811549319931,36.33096273602199,0.8336544897669447,519.0545,55.850514470452914,-1.640252468293073,497.12,17794612,1789564722,2026-09-16T13:18:42Z,NASDAQ:MSFT
34.24415162911645,7.285811549319931,36.33096273602199,0.8336544897669447,519.0545,55.850514470452914,-1.640252468293073,497.12,17794612,1789564902,2026-09-16T13:21:42Z,NASDAQ:MSFT
34.24415162911645,7.285811549319931,36.33096273602199,0.8336544897669447,519.0545,55.850514470452914,-1.640252468293073,497.12,17794612,1789565085,2026-09-16T13:24:45Z,NASDAQ:MSFT
34.24415162911645,7.285811549319931,36.33096273602199,0.8336544897669447,519.0545,55.850514470452914,-1.640252468293073,497.12,17794612,1789565263,2026-09-16T13:27:43Z,NASDAQ:MSFT
34.24415162911645,7.285811549319931,36.33096273602199,0.8336544897669447,519.0545,55.850514470452914,-1.640252468293073,497.12,17794612,1789565445,2026-09-16T13:30:45Z,NASDAQ:MSFT
34.24415162911645,7.285811549319931,36.33096273602199,0.8336544897669447,519.0545,55.850514470452914,-1.640252468293073,497.12,17794612,1789565628,2026-09-16T13:33:48Z,NASDAQ:MSFT
34.24415162911645,7.285811549319931,36.33096273602199,0.8336544897669447,519.0545,55.850514470452914,-1.640252468293073,497.12,17794612,1789565806,2026-09-16T13:36:46Z,NASDAQ:MSFT
34.24415162911645,7.285811549319931,36.33096273602199,0.8336544897669447,519.0545,55.850514470452914,-1.640252468293073,497.12,17794612,1789565983,2026-09-16T13:39:43Z,NASDAQ:MSFT
34.24415162911645,7.285811549319931,36.33096273602199,0.8336544897669447,519.0545,55.850514470452914,-1.640252468293073,497.12,17794612,1789566165,2026-09-16T13:42:45Z,NASDAQ:MSFT
33.68203105241096,-7.477875814868639,-33.26419033827382,-0.2849493986654983,519.0545,52.49423928151226,-1.0973205664628227,491.665,489843,1789566347,2026-09-16T13:45:47Z,NASDAQ:MSFT
33.68203105241096,-7.817875814868671,-29.849821498409923,-0.0436043563794136,519.0545,53.1915482036485,-0.8579417444480179,492.855,727460,1789566524,2026-09-16T13:48:44Z,NASDAQ:MSFT
33.68203105241096,-7.343647243440046,-21.76265726601573,0.3225099884397716,519.0545,54.285442405842886,-0.4948101062117858,494.6602,881967,1789566702,2026-09-16T13:51:42Z,NASDAQ:MSFT
33.68203105241096,-7.196447243440105,-22.34503802183098,0.2677104670736392,519.0545,54.11885532752151,-0.5491631799163217,494.39,989093,1789566883,2026-09-16T13:54:43Z,NASDAQ:MSFT
33.68203105241096,-6.075018672011424,-21.850540273470823,0.1176303567444752,519.0545,53.66781206982804,-0.6980205986482192,493.65,1170145,1789567063,2026-09-16T13:57:43Z,NASDAQ:MSFT
33.68203105241096,-6.2135901005829055,-20.43782466895204,0.2159936722980505,519.0545,53.962574598780776,-0.6004586417766361,494.135,1329719,1789567245,2026-09-16T14:00:45Z,NASDAQ:MSFT
33.68203105241096,-5.932161529154314,-23.303938508126635,0.0162248767923386,519.0545,53.367285419880645,-0.7985999356292298,493.15,1482440,1789567424,2026-09-16T14:03:44Z,NASDAQ:MSFT
33.68203105241096,-6.2107329577257815,-20.46698191188973,0.2139655626990096,519.0545,53.95646433261871,-0.6024702285162545,494.125,1622609,1789567605,2026-09-16T14:06:45Z,NASDAQ:MSFT
33.68203105241096,-6.2321615291542685,-20.24827270377361,0.2291763846918278,519.0545,54.00232508640534,-0.5873833279691053,494.2,1690363,1789567783,2026-09-16T14:09:43Z,NASDAQ:MSFT
33.68203105241096,-6.066447243440052,-21.9378302376769,0.1115460279473525,519.0545,53.64968505438036,-0.7040553588670744,493.62,1776562,1789567962,2026-09-16T14:12:42Z,NASDAQ:MSFT
33.68203105241096,-6.620018672011497,-16.277678833479982,0.504492262761882,519.0545,54.84609096696176,-0.3143104280656582,495.5575,2357469,1789568142,2026-09-16T14:15:42Z,NASDAQ:MSFT
33.68203105241096,-6.136447243439989,-21.224640171494663,0.1612347131239004,519.0545,53.7980816829039,-0.6547714837463782,493.865,2442060,1789568322,2026-09-16T14:18:42Z,NASDAQ:MSFT
33.68203105241096,-6.063590100582928,-21.96692444834807,0.1095179183483116,519.0545,53.64364543676477,-0.7060669456066928,493.61,2519780,1789568503,2026-09-16T14:21:43Z,NASDAQ:MSFT
33.68203105241096,-6.017875814868603,-22.43226569248448,0.0770681647636229,519.0545,53.54719615804731,-0.7382523334406211,493.45,2630747,1789568682,2026-09-16T14:24:42Z,NASDAQ:MSFT
33.68203105241096,-5.8007329577257,-24.63837449521628,-0.0770681647636229,519.0545,53.09375829807101,-0.8911329256517555,492.69,2703965,1789568863,2026-09-16T14:27:43Z,NASDAQ:MSFT
33.68203105241096,-5.812675814868612,-24.5172211714744,-0.0685906666396195,519.0545,53.11849771826903,-0.8827244930801383,492.7318,2792573,1789569046,2026-09-16T14:30:46Z,NASDAQ:MSFT
33.68203105241096,-5.8007329577257,-24.63837449521628,-0.0770681647636229,519.0545,53.09375829807101,-0.8911329256517555,492.69,2888037,1789569227,2026-09-16T14:33:47Z,NASDAQ:MSFT
33.68203105241096,-5.920732957725704,-23.420078655852183,0.008112438396175,519.0545,53.34338862325489,-0.8066462825877033,493.11,2954528,1789569403,2026-09-16T14:36:43Z,NASDAQ:MSFT
33.68203105241096,-5.803590100582937,-24.609392378293403,-0.075040055164582,519.0545,53.09967472237052,-0.8891213389121371,492.7,3022516,1789569585,2026-09-16T14:39:45Z,NASDAQ:MSFT
33.68203105241096,-5.910732957725713,-23.521685297867663,0.0010140547995204,519.0545,53.32249647484717,-0.8136868361763792,493.075,3123344,1789569763,2026-09-16T14:42:43Z,NASDAQ:MSFT
33.68203105241096,-5.795018672011452,-24.69633508458944,-0.0811243839617046,519.0545,53.0819294038779,-0.8951560991309923,492.67,3173341,1789569948,2026-09-16T14:45:48Z,NASDAQ:MSFT
33.68203105241096,-5.803590100582937,-24.609392378293403,-0.075040055164582,519.0545,53.09967472237052,-0.8891213389121371,492.7,3316943,1789570126,2026-09-16T14:48:46Z,NASDAQ:MSFT
33.68203105241096,-5.813275814868575,-24.51113396115198,-0.0681647636238237,519.0545,53.11974121604331,-0.8823020598648211,492.7339,3384463,1789570302,2026-09-16T14:51:42Z,NASDAQ:MSFT
33.68203105241096,-5.720732957725772,-25.449380819233447,-0.1338552335368139,519.0545,52.92863203509869,-0.947457354361116,492.41,3436505,1789570484,2026-09-16T14:54:44Z,NASDAQ:MSFT
33.68203105241096,-5.956447243440039,-23.05707596220746,0.0334638083842092,519.0545,53.41813727032124,-0.7815014483424507,493.235,3507652,1789570666,2026-09-16T14:57:46Z,NASDAQ:MSFT
33.68203105241096,-6.023590100582851,-22.374115132849813,0.0811243839617162,519.0545,53.55923334666232,-0.734229159961373,493.47,3576188,1789570847,2026-09-16T15:00:47Z,NASDAQ:MSFT
33.68203105241096,-5.76359010058286,-25.01503149172884,-0.1034335895511775,519.0545,53.016964585687326,-0.9172835532668172,492.56,3665283,1789571025,2026-09-16T15:03:45Z,NASDAQ:MSFT
33.68203105241096,-5.7321615291542685,-25.333581022203383,-0.1257427951406503,519.0545,52.95215858872854,-0.9394110074026424,492.45,3724414,1789571205,2026-09-16T15:06:45Z,NASDAQ:MSFT
33.68203105241096,-5.783590100582842,-24.81224168758998,-0.0892368223578797,519.0545,53.05828742078655,-0.9032024460894772,492.63,3772416,1789571385,2026-09-16T15:09:45Z,NASDAQ:MSFT
33.68203105241096,-5.826447243440043,-24.377491699179004,-0.0588151783722433,519.0545,53.14705362785559,-0.8730286449951786,492.78,3808266,1789571564,2026-09-16T15:12:44Z,NASDAQ:MSFT
33.68203105241096,-5.915018672011456,-23.47814142103064,0.0040562191980817,519.0545,53.3314482485241,-0.8106694560669515,493.09,3872586,1789571745,2026-09-16T15:15:45Z,NASDAQ:MSFT
33.68203105241096,-5.8721615291543685,-23.913456918708285,-0.0263654247875545,519.0545,53.24206553910353,-0.8408432571612501,492.94,3980595,1789571924,2026-09-16T15:18:44Z,NASDAQ:MSFT
33.68203105241096,-6.063590100582928,-21.96692444834807,0.1095179183483116,519.0545,53.64364543676477,-0.7060669456066928,493.61,4121502,1789572106,2026-09-16T15:21:46Z,NASDAQ:MSFT
33.68203105241096,-6.376447243439998,-18.77383293072176,0.3315959194434849,519.0545,54.31316222978443,-0.4857981976182854,494.705,4287433,1789572289,2026-09-16T15:24:49Z,NASDAQ:MSFT
33.68203105241096,-6.172161529154323,-20.86048474036233,0.1865860831119346,519.0545,53.87411096723563,-0.6296266495011256,493.99,4365457,1789572467,2026-09-16T15:27:47Z,NASDAQ:MSFT
33.68203105241096,-6.180732957725695,-20.77305896519181,0.1926704119090572,519.0545,53.89238998260476,-0.6235918892822704,494.02,4424801,1789572646,2026-09-16T15:30:46Z,NASDAQ:MSFT
33.68203105241096,-6.217875814868648,-20.39408650585888,0.2190358366966118,519.0545,53.97174259328954,-0.5974412616672086,494.15,4509496,1789572822,2026-09-16T15:33:42Z,NASDAQ:MSFT
33.68203105241096,-6.323590100582919,-19.314337895504824,0.2940758918611938,519.0545,54.198876741943714,-0.5230125523012598,494.52,4558760,1789573004,2026-09-16T15:36:44Z,NASDAQ:MSFT
33.68203105241096,-6.269304386297222,-19.86901329875598,0.2555418094793824,519.0545,54.08200200944216,-0.5612327003540434,494.33,4615802,1789573185,2026-09-16T15:39:45Z,NASDAQ:MSFT
33.68203105241096,-6.343590100582901,-19.10987199463731,0.3082726590544916,519.0545,54.24206329181641,-0.5089314451239197,494.59,4698690,1789573362,2026-09-16T15:42:42Z,NASDAQ:MSFT
33.68203105241096,-6.27501867201147,-19.810647290295304,0.2595980286774757,519.0545,54.09428087064583,-0.5572095268747952,494.35,4758843,1789573541,2026-09-16T15:45:41Z,NASDAQ:MSFT
33.68203105241096,-6.086447243440034,-21.734136543204595,0.1257427951406503,519.0545,53.69200048699543,-0.6899742516897343,493.69,4848234,1789573722,2026-09-16T15:48:42Z,NASDAQ:MSFT
33.68203105241096,-6.203561529154285,-20.54016119178313,0.2088750076054105,519.0545,53.9411336583073,-0.6075193112327031,494.0999,4902112,1789573905,2026-09-16T15:51:45Z,NASDAQ:MSFT
33.68203105241096,-6.163590100582837,-20.94789949203092,0.1805017543148004,519.0545,53.85584434727571,-0.6356614097199922,493.96,4945337,1789574080,2026-09-16T15:54:40Z,NASDAQ:MSFT
33.68203105241096,-6.133590100582865,-21.253764342873584,0.1592066035248595,519.0545,53.79200860944593,-0.6567830704859966,493.855,5001391,1789574265,2026-09-16T15:57:45Z,NASDAQ:MSFT
33.68203105241096,-6.140732957725732,-21.18095161964821,0.1642768775224617,519.0545,53.80719386469509,-0.6517541036369506,493.88,5045946,1789574445,2026-09-16T16:00:45Z,NASDAQ:MSFT
33.68203105241096,-6.280732957725718,-19.752276371363106,0.2636542478755575,519.0545,54.10656530873883,-0.5531863533955584,494.37,5143626,1789574627,2026-09-16T16:03:47Z,NASDAQ:MSFT
33.68203105241096,-6.309304386297185,-19.460348097925515,0.2839353438659894,519.0545,54.16807128567552,-0.5330704859993517,494.47,5194571,1789574803,2026-09-16T16:06:43Z,NASDAQ:MSFT
33.68203105241096,-6.277847243440078,-19.78175429921013,0.2616058571805197,519.0545,54.10036097022377,-0.5552180560025793,494.3599,5251990,1789574984,2026-09-16T16:09:44Z,NASDAQ:MSFT
33.68203105241096,-6.255018672011488,-20.014906840657424,0.2454012614841664,519.0545,54.05132923041588,-0.5712906340521468,494.28,5279486,1789575164,2026-09-16T16:12:44Z,NASDAQ:MSFT
33.68203105241096,-6.250732957725745,-20.058668920791764,0.2423590970856051,519.0545,54.04213418005777,-0.5743080141615743,494.265,5307556,1789575344,2026-09-16T16:15:44Z,NASDAQ:MSFT
33.68203105241096,-6.180732957725695,-20.77305896519181,0.1926704119090572,519.0545,53.89238998260476,-0.6235918892822704,494.02,5332997,1789575524,2026-09-16T16:18:44Z,NASDAQ:MSFT
33.68203105241096,-6.203590100582915,-20.5398696561898,0.2088952887014074,519.0545,53.94119471940592,-0.6074991953653005,494.1,5369864,1789575707,2026-09-16T16:21:47Z,NASDAQ:MSFT
33.68203105241096,-6.223590100582896,-20.33576466377737,0.2230920558947051,519.0545,53.98397143293356,-0.5934180881879604,494.17,5392957,1789575883,2026-09-16T16:24:43Z,NASDAQ:MSFT
33.68203105241096,-6.075018672011424,-21.850540273470823,0.1176303567444752,519.0545,53.66781206982804,-0.6577888638558058,493.85,5485739,1789576066,2026-09-16T16:27:46Z,NASDAQ:MSFT
33.68203105241096,-6.163590100582837,-20.94789949203092,0.1805017543148004,519.0545,53.85584434727571,-0.6497425168973323,493.89,5548442,1789576245,2026-09-16T16:30:45Z,NASDAQ:MSFT
33.68203105241096,-6.186447243440057,-20.714768989878195,0.1967266311071505,519.0545,53.90458288542137,-0.6195687158030222,494.04,5576075,1789576423,2026-09-16T16:33:43Z,NASDAQ:MSFT
33.68203105241096,-6.089304386297158,-21.705032554530582,0.1277709047396912,519.0545,53.69805099850564,-0.6879626649501158,493.7,5619832,1789576604,2026-09-16T16:36:44Z,NASDAQ:MSFT
33.68203105241096,-6.089304386297158,-21.705032554530582,0.1277709047396912,519.0545,53.69805099850564,-0.6879626649501158,493.7,5657550,1789576783,2026-09-16T16:39:43Z,NASDAQ:MSFT
33.68203105241096,-6.012161529154355,-22.490411369427463,0.0730119455655411,519.0545,53.53516437882092,-0.7422755069198579,493.43,5694105,1789576964,2026-09-16T16:42:44Z,NASDAQ:MSFT
33.68203105241096,-6.052161529154319,-22.08328907276275,0.1014054799521366,519.0545,53.61950055839063,-0.7141132925651777,493.57,5760264,1789577145,2026-09-16T16:45:45Z,NASDAQ:MSFT
33.68203105241096,-5.9578758148686575,-23.042551893636947,0.0344778631837296,519.0545,53.42113157376761,-0.7804956549726415,493.24,5805020,1789577324,2026-09-16T16:48:44Z,NASDAQ:MSFT
33.68203105241096,-6.052161529154319,-22.08328907276275,0.1014054799521366,519.0545,53.61950055839063,-0.7141132925651777,493.57,5828460,1789577502,2026-09-16T16:51:42Z,NASDAQ:MSFT
33.68203105241096,-6.1221615291543685,-21.370248791242247,0.1510941651286844,519.0545,53.7677300207773,-0.6648294174444817,493.815,5879799,1789577684,2026-09-16T16:54:44Z,NASDAQ:MSFT
33.68203105241096,-6.106262957725789,-21.53226066264268,0.1398087492648173,519.0545,53.73399189624544,-0.6760228918570922,493.759355,5918080,1789577863,2026-09-16T16:57:43Z,NASDAQ:MSFT
33.68203105241096,-6.14644724343998,-21.12269593319571,0.1683330967205435,519.0545,53.81934824318426,-0.6477309301577139,493.9,5949375,1789578042,2026-09-16T17:00:42Z,NASDAQ:MSFT
33.68203105241096,-6.145018672011474,-21.137260313837352,0.1673190419210231,519.0545,53.816309133805376,-0.6487367235275231,493.895,5981588,1789578222,2026-09-16T17:03:42Z,NASDAQ:MSFT
33.68203105241096,-6.057875814868567,-22.02510920405476,0.1054616991502183,519.0545,53.631570280077895,-0.6879626649501158,493.7,6017494,1789578404,2026-09-16T17:06:44Z,NASDAQ:MSFT
33.68203105241096,-6.010732957725736,-22.50494702581384,0.0719978907660206,519.0545,53.532157278804,-0.7432813002896671,493.425,6048250,1789578584,2026-09-16T17:09:44Z,NASDAQ:MSFT
33.68203105241096,-6.000732957725745,-22.606688077696028,0.064899507169366,519.0545,53.51111703395488,-0.7503218538783429,493.39,6087533,1789578767,2026-09-16T17:12:47Z,NASDAQ:MSFT
33.68203105241096,-6.026447243440089,-22.34503802183098,0.0831524935607571,519.0545,53.56525397063066,-0.7322175732217545,493.48,6143015,1789578947,2026-09-16T17:15:47Z,NASDAQ:MSFT
33.68203105241096,-5.995018672011497,-22.66481911025171,0.0608432879712842,519.0545,53.499101461033945,-0.7543450273575797,493.37,6174692,1789579123,2026-09-16T17:18:43Z,NASDAQ:MSFT
33.68203105241096,-6.0291098148686615,-22.31793996305392,0.085042488896106,519.0545,53.57086580867012,-0.7303429755391014,493.489319,6213202,1789579306,2026-09-16T17:21:46Z,NASDAQ:MSFT
33.68203105241096,-6.032161529154337,-22.28688013700529,0.0872087127588388,519.0545,53.57729928017115,-0.7281943997425178,493.5,6248958,1789579483,2026-09-16T17:24:43Z,NASDAQ:MSFT
33.68203105241096,-6.043590100582946,-22.170549714046004,0.0953211511550139,519.0545,53.60140615845975,-0.7201480527840328,493.54,6284449,1789579665,2026-09-16T17:27:45Z,NASDAQ:MSFT
33.68203105241096,-6.059304386297185,-22.01056347330784,0.1064757539497503,519.0545,53.63458855957505,-0.7090843257161203,493.595,6310630,1789579845,2026-09-16T17:30:45Z,NASDAQ:MSFT
33.68203105241096,-6.08359010058291,-21.76323930935819,0.1237146855416094,519.0545,53.6859513388332,-0.6919858384293526,493.68,6341560,1789580020,2026-09-16T17:33:40Z,NASDAQ:MSFT
33.68203105241096,-6.20501867201142,-20.52529272021085,0.2099093435009278,519.0545,53.94424795060425,-0.6064934019954913,494.105,6394352,1789580203,2026-09-16T17:36:43Z,NASDAQ:MSFT
33.68203105241096,-6.032161529154337,-22.28688013700529,0.0872087127588388,519.0545,53.57729928017115,-0.7281943997425178,493.5,6459746,1789580383,2026-09-16T17:39:43Z,NASDAQ:MSFT
33.68203105241096,-6.135532957725786,-21.23396003949013,0.1605857180522082,519.0545,53.7961381502064,-0.6554151915030552,493.8618,6525689,1789580567,2026-09-16T17:42:47Z,NASDAQ:MSFT
33.68203105241096,-6.092161529154282,-21.675927343260145,0.1297990143387321,519.0545,53.7041028738248,-0.6859510782104975,493.71,6554126,1789580746,2026-09-16T17:45:46Z,NASDAQ:MSFT
33.68203105241096,-6.10144724344002,-21.581326962138444,0.1363903705356265,519.0545,53.72378089299268,-0.6879626649501158,493.7,6577211,1789580926,2026-09-16T17:48:46Z,NASDAQ:MSFT
33.68203105241096,-6.136447243439989,-21.224640171494663,0.1612347131239004,519.0545,53.7980816829039,-0.6547714837463782,493.865,6599916,1789581106,2026-09-16T17:51:46Z,NASDAQ:MSFT
33.68203105241096,-6.133590100582865,-21.253764342873584,0.1592066035248595,519.0545,53.79200860944593,-0.6567830704859966,493.855,6625253,1789581282,2026-09-16T17:54:42Z,NASDAQ:MSFT
33.68203105241096,-6.050761529154329,-22.09754239533789,0.1004117062486015,519.0545,53.61654430506383,-0.7150989700675957,493.5651,6657212,1789581461,2026-09-16T17:57:41Z,NASDAQ:MSFT
33.68203105241096,-6.027875814868594,-22.33049900848695,0.0841665483602775,519.0545,53.56826479022971,-0.7312117798519454,493.485,6689666,1789581647,2026-09-16T18:00:47Z,NASDAQ:MSFT
33.68203105241096,-6.0721615291543,-21.879638150315007,0.1156022471454343,519.0545,53.66176837045239,-0.7000321853878375,493.64,6711166,1789581824,2026-09-16T18:03:44Z,NASDAQ:MSFT
33.68203105241096,-6.010732957725736,-22.50494702581384,0.0719978907660206,519.0545,53.532157278804,-0.7432813002896671,493.425,6742993,1789582004,2026-09-16T18:06:44Z,NASDAQ:MSFT
33.68203105241096,-5.920732957725704,-23.420078655852183,0.008112438396175,519.0545,53.34338862325489,-0.8066462825877033,493.11,6799787,1789582182,2026-09-16T18:09:42Z,NASDAQ:MSFT
33.68203105241096,-5.984856957725697,-22.768181470074552,0.0536301133713254,519.0545,53.47774749235635,-0.7614994367557163,493.334434,6881989,1789582366,2026-09-16T18:12:46Z,NASDAQ:MSFT
33.68203105241096,-5.975018672011515,-22.86823929639212,0.0466465207779865,519.0545,53.45708941623493,-0.7684261345349197,493.3,6935356,1789582544,2026-09-16T18:15:44Z,NASDAQ:MSFT
33.68203105241096,-6.14644724343998,-21.12269593319571,0.1683330967205435,519.0545,53.81934824318426,-0.6477309301577139,493.9,7003242,1789582722,2026-09-16T18:18:42Z,NASDAQ:MSFT
33.68203105241096,-6.177875814868571,-20.80220211521108,0.1906423023100164,519.0545,53.886295599435286,-0.6256034760218888,494.01,7062738,1789582903,2026-09-16T18:21:43Z,NASDAQ:MSFT
33.68203105241096,-6.177875814868571,-20.80220211521108,0.1906423023100164,519.0545,53.886295599435286,-0.6256034760218888,494.01,7133994,1789583084,2026-09-16T18:24:44Z,NASDAQ:MSFT
33.68203105241096,-6.092161529154282,-21.675927343260145,0.1297990143387321,519.0545,53.7041028738248,-0.6859510782104975,493.71,7161397,1789583262,2026-09-16T18:27:42Z,NASDAQ:MSFT
33.68203105241096,-6.040732957725709,-22.199634151641668,0.0932930415559615,519.0545,53.59537740534366,-0.7221596395236627,493.53,7204434,1789583442,2026-09-16T18:30:42Z,NASDAQ:MSFT
33.68203105241096,-6.029304386297213,-22.31595968990791,0.0851806031597979,519.0545,53.57127594831474,-0.7302059864821362,493.49,7231897,1789583623,2026-09-16T18:33:43Z,NASDAQ:MSFT
33.68203105241096,-6.135018672011483,-21.23920241016265,0.16022065832438,519.0545,53.79504497477335,-0.6557772771161874,493.86,7280445,1789583806,2026-09-16T18:36:46Z,NASDAQ:MSFT
33.68203105241096,-6.08359010058291,-21.76323930935819,0.1237146855416094,519.0545,53.6859513388332,-0.6919858384293526,493.68,7316321,1789583983,2026-09-16T18:39:43Z,NASDAQ:MSFT
33.68203105241096,-6.086447243440034,-21.734136543204595,0.1257427951406503,519.0545,53.69200048699543,-0.6899742516897343,493.69,7348197,1789584164,2026-09-16T18:42:44Z,NASDAQ:MSFT
33.68203105241096,-6.073590100582919,-21.86508936466458,0.1166163019449548,519.0545,53.66479004998069,-0.6990263920180284,493.645,7404480,1789584344,2026-09-16T18:45:44Z,NASDAQ:MSFT
33.68203105241096,-5.835018672011415,-24.290508890253506,-0.0527308495751091,519.0545,53.16484252248283,-0.866993884776312,492.81,7484852,1789584525,2026-09-16T18:48:45Z,NASDAQ:MSFT
33.68203105241096,-5.4635901005829055,-28.0497557005438,-0.3163850974506667,519.0545,52.404756796261466,-1.1285001609269418,491.51,7597521,1789584702,2026-09-16T18:51:42Z,NASDAQ:MSFT
33.65452046137167,-5.843590100582901,-27.328411482537533,-0.2170077270975709,519.0545,52.68868473546875,-1.0299324106855496,492.0,7726540,1789584883,2026-09-16T18:54:43Z,NASDAQ:MSFT
33.65452046137167,-6.347875814868644,-22.21417591245108,0.1409536171334685,519.0545,53.737412586783925,-0.6748873511425849,493.765,7817191,1789585064,2026-09-16T18:57:44Z,NASDAQ:MSFT
33.65452046137167,-6.423590100582942,-21.44304163035825,0.1946985215080981,519.0545,53.89848574444416,-0.621580302542652,494.03,7902294,1789585244,2026-09-16T19:00:44Z,NASDAQ:MSFT
33.65452046137167,-6.104932957725737,-24.682714782853463,-0.0314965420731358,519.0545,53.22701917575165,-0.8459325716124925,492.9147,7963857,1789585425,2026-09-16T19:03:45Z,NASDAQ:MSFT
33.65452046137167,-5.983590100582887,-25.912386022055145,-0.1176303567444752,519.0545,52.9757060665668,-0.9313646604441574,492.49,8034369,1789585606,2026-09-16T19:06:46Z,NASDAQ:MSFT
33.65452046137167,-5.8750186720114925,-27.010780957576948,-0.1946985215080981,519.0545,52.75284703624259,-1.007804956549725,492.11,8103361,1789585787,2026-09-16T19:09:47Z,NASDAQ:MSFT
33.65452046137167,-5.563590100582928,-30.15177170542203,-0.4157624678037624,519.0545,52.123872508125615,-1.227067911168334,491.02,8171772,1789585961,2026-09-16T19:12:41Z,NASDAQ:MSFT
33.615832937035634,-5.923590100582885,-30.927607613996184,-0.4015657006104647,519.0545,52.163814345346346,-1.212986803990994,491.09,8258468,1789586144,2026-09-16T19:15:44Z,NASDAQ:MSFT
33.615832937035634,-5.9807329577257065,-30.352998315062525,-0.3610035086296008,519.0545,52.27827192094039,-1.1727550691985806,491.29,8362574,1789586326,2026-09-16T19:18:46Z,NASDAQ:MSFT
33.615832937035634,-6.165018672011399,-28.496610544875228,-0.2301904394913482,519.0545,52.65084395944958,-1.0430077244930809,491.935,8429432,1789586506,2026-09-16T19:21:46Z,NASDAQ:MSFT
33.615832937035634,-6.026447243440032,-29.89296534810227,-0.3285537550449235,519.0545,52.37020026215707,-1.1405696813646635,491.45,8484176,1789586686,2026-09-16T19:24:46Z,NASDAQ:MSFT
33.55394957015983,-6.190447243440076,-35.338941965651685,-0.6025513618755965,519.0545,51.60399193892866,-1.412335049887354,490.099,8667232,1789586862,2026-09-16T19:27:42Z,NASDAQ:MSFT
33.47970958493164,-6.766447243440041,-38.18364810167947,-0.6692761676841039,519.0545,51.42078501531224,-1.4785162536208607,489.77,8819462,1789587042,2026-09-16T19:30:42Z,NASDAQ:MSFT
33.47970958493164,-6.706447243440096,-38.780134607361695,-0.7118664692639972,519.0545,51.30452305675007,-1.520759575152881,489.56,8950543,1789587226,2026-09-16T19:33:46Z,NASDAQ:MSFT
33.395904345548345,-7.279304386297156,-42.91281269158779,-0.8518060315979452,519.0545,50.92619378309083,-1.6595590601866752,488.87,9091236,1789587406,2026-09-16T19:36:46Z,NASDAQ:MSFT
33.354595826174766,-7.467161529154339,-45.93979101815103,-0.9917455939318932,519.0545,50.55340340803543,-1.7983585452204691,488.18,9241939,1789587582,2026-09-16T19:39:42Z,NASDAQ:MSFT
33.25902517000062,-8.142090100582834,-50.726665067731766,-1.1549881355588494,519.0545,50.12537368061791,-1.9602711618925064,487.3751,9400427,1789587763,2026-09-16T19:42:43Z,NASDAQ:MSFT
33.25483858983317,-8.563590100582815,-47.104755458258914,-0.884255785182634,519.0545,50.83926083424965,-1.691744448020604,488.71,9556906,1789587945,2026-09-16T19:45:45Z,NASDAQ:MSFT
33.25483858983317,-8.577875814868548,-46.96450393706287,-0.8741152371874181,519.0545,50.86639548139554,-1.6816865143225002,488.76,9698154,1789588121,2026-09-16T19:48:41Z,NASDAQ:MSFT
33.25483858983317,-8.58359010058291,-46.90839523043896,-0.8700590179893363,519.0545,50.87725745229018,-1.6776633408432633,488.78,9863948,1789588303,2026-09-16T19:51:43Z,NASDAQ:MSFT
33.25483858983317,-8.697875814868553,-45.78524837792219,-0.7889346340276201,519.0545,51.09547522040215,-1.5971998712584483,489.18,10018210,1789588483,2026-09-16T19:54:43Z,NASDAQ:MSFT
33.25483858983317,-8.582161529154291,-46.92242284098352,-0.8710730727888567,519.0545,50.87454152469157,-1.6786691342130726,488.775,10137213,1789588662,2026-09-16T19:57:42Z,NASDAQ:MSFT
33.25483858983317,-8.62073295772575,-46.54357579526118,-0.8436935932017702,519.0545,50.94797349379384,-1.6515127132281902,488.91,10239132,1789588842,2026-09-16T20:00:42Z,NASDAQ:MSFT
33.25483858983317,-8.649304386297104,-46.26281229601981,-0.8234124972113498,519.0545,51.00250436030759,-1.631396845831995,489.01,10398534,1789589024,2026-09-16T20:03:44Z,NASDAQ:MSFT
33.25483858983317,-8.91787581486858,-43.61796164426173,-0.6327701949013333,519.0545,51.52085832891797,-1.4423076923076956,489.95,10589235,1789589203,2026-09-16T20:06:43Z,NASDAQ:MSFT
33.25483858983317,-8.997875814868621,-42.82814581224181,-0.5759831261281309,519.0545,51.67730450655912,-1.3859832635983236,490.23,10909893,1789589385,2026-09-16T20:09:45Z,NASDAQ:MSFT
33.25483858983317,-8.95501867201142,-43.25137516997849,-0.6064047701137788,519.0545,51.5933760875414,-1.4161570646926338,490.08,11266481,1789589562,2026-09-16T20:12:42Z,NASDAQ:MSFT
33.25483858983317,-9.017875814868605,-42.63054889334556,-0.5617863589348332,519.0545,51.71656461944284,-1.3719021564209837,490.3,15657567,1789589742,2026-09-16T20:15:42Z,NASDAQ:MSFT
33.25483858983317,-9.017875814868605,-42.63054889334556,-0.5617863589348332,519.0545,51.71656461944284,-1.3719021564209837,490.3,16222928,1789589923,2026-09-16T20:18:43Z,NASDAQ:MSFT
33.25483858983317,-9.017875814868605,-42.63054889334556,-0.5617863589348332,519.0545,51.71656461944284,-1.3719021564209837,490.3,16307543,1789590104,2026-09-16T20:21:44Z,NASDAQ:MSFT
33.25483858983317,-9.017875814868605,-42.63054889334556,-0.5617863589348332,519.0545,51.71656461944284,-1.3719021564209837,490.3,16309374,1789590284,2026-09-16T20:24:44Z,NASDAQ:MSFT
33.25483858983317,-9.017875814868605,-42.63054889334556,-0.5617863589348332,519.0545,51.71656461944284,-1.3719021564209837,490.3,16314037,1789590462,2026-09-16T20:27:42Z,NASDAQ:MSFT
33.25483858983317,-9.017875814868605,-42.63054889334556,-0.5617863589348332,519.0545,51.71656461944284,-1.3719021564209837,490.3,16315105,1789590642,2026-09-16T20:30:42Z,NASDAQ:MSFT
33.25483858983317,-9.017875814868605,-42.63054889334556,-0.5617863589348332,519.0545,51.71656461944284,-1.3719021564209837,490.3,16322146,1789590825,2026-09-16T20:33:45Z,NASDAQ:MSFT
33.25483858983317,-9.017875814868605,-42.63054889334556,-0.5617863589348332,519.0545,51.71656461944284,-1.3719021564209837,490.3,16322809,1789591003,2026-09-16T20:36:43Z,NASDAQ:MSFT
33.25483858983317,-9.017875814868605,-42.63054889334556,-0.5617863589348332,519.0545,51.71656461944284,-1.3719021564209837,490.3,16323698,1789591186,2026-09-16T20:39:46Z,NASDAQ:MSFT
33.25483858983317,-9.017875814868605,-42.63054889334556,-0.5617863589348332,519.0545,51.71656461944284,-1.3719021564209837,490.3,16325514,1789591363,2026-09-16T20:42:43Z,NASDAQ:MSFT
33.25483858983317,-9.017875814868605,-42.63054889334556,-0.5617863589348332,519.0545,51.71656461944284,-1.3719021564209837,490.3,16325737,1789591544,2026-09-16T20:45:44Z,NASDAQ:MSFT
33.25483858983317,-9.017875814868605,-42.63054889334556,-0.5617863589348332,519.0545,51.71656461944284,-1.3719021564209837,490.3,16326076,1789591721,2026-09-16T20:48:41Z,NASDAQ:MSFT
33.25483858983317,-9.017875814868605,-42.63054889334556,-0.5617863589348332,519.0545,51.71656461944284,-1.3719021564209837,490.3,16326552,1789591904,2026-09-16T20:51:44Z,NASDAQ:MSFT
33.25483858983317,-9.017875814868605,-42.63054889334556,-0.5617863589348332,519.0545,51.71656461944284,-1.3719021564209837,490.3,16328728,1789592084,2026-09-16T20:54:44Z,NASDAQ:MSFT
33.25483858983317,-9.017875814868605,-42.63054889334556,-0.5617863589348332,519.0545,51.71656461944284,-1.3719021564209837,490.3,16328884,1789592262,2026-09-16T20:57:42Z,NASDAQ:MSFT
33.25483858983317,-9.017875814868605,-42.63054889334556,-0.5617863589348332,519.0545,51.71656461944284,-1.3719021564209837,490.3,16332127,1789592445,2026-09-16T21:00:45Z,NASDAQ:MSFT
33.25483858983317,-9.017875814868605,-42.63054889334556,-0.5617863589348332,519.0545,51.71656461944284,-1.3719021564209837,490.3,16410166,1789592624,2026-09-16T21:03:44Z,NASDAQ:MSFT
33.25483858983317,-9.017875814868605,-42.63054889334556,-0.5617863589348332,519.0545,51.71656461944284,-1.3719021564209837,490.3,16412159,1789592805,2026-09-16T21:06:45Z,NASDAQ:MSFT
33.25483858983317,-9.017875814868605,-42.63054889334556,-0.5617863589348332,519.0545,51.71656461944284,-1.3719021564209837,490.3,16412417,1789592982,2026-09-16T21:09:42Z,NASDAQ:MSFT
33.25483858983317,-9.017875814868605,-42.63054889334556,-0.5617863589348332,519.0545,51.71656461944284,-1.3719021564209837,490.3,16416048,1789593165,2026-09-16T21:12:45Z,NASDAQ:MSFT
33.25483858983317,-9.017875814868605,-42.63054889334556,-0.5617863589348332,519.0545,51.71656461944284,-1.3719021564209837,490.3,16520318,1789593343,2026-09-16T21:15:43Z,NASDAQ:MSFT
33.25483858983317,-9.017875814868605,-42.63054889334556,-0.5617863589348332,519.0545,51.71656461944284,-1.3719021564209837,490.3,16521361,1789593526,2026-09-16T21:18:46Z,NASDAQ:MSFT
33.25483858983317,-9.017875814868605,-42.63054889334556,-0.5617863589348332,519.0545,51.71656461944284,-1.3719021564209837,490.3,16521951,1789593701,2026-09-16T21:21:41Z,NASDAQ:MSFT
33.25483858983317,-9.017875814868605,-42.63054889334556,-0.5617863589348332,519.0545,51.71656461944284,-1.3719021564209837,490.3,16523280,1789593886,2026-09-16T21:24:46Z,NASDAQ:MSFT
33.25483858983317,-9.017875814868605,-42.63054889334556,-0.5617863589348332,519.0545,51.71656461944284,-1.3719021564209837,490.3,16524260,1789594065,2026-09-16T21:27:45Z,NASDAQ:MSFT
33.25483858983317,-9.017875814868605,-42.63054889334556,-0.5617863589348332,519.0545,51.71656461944284,-1.3719021564209837,490.3,16533673,1789594243,2026-09-16T21:30:43Z,NASDAQ:MSFT
33.25483858983317,-9.017875814868605,-42.63054889334556,-0.5617863589348332,519.0545,51.71656461944284,-1.3719021564209837,490.3,16534336,1789594423,2026-09-16T21:33:43Z,NASDAQ:MSFT
33.25483858983317,-9.017875814868605,-42.63054889334556,-0.5617863589348332,519.0545,51.71656461944284,-1.3719021564209837,490.3,16557949,1789594603,2026-09-16T21:36:43Z,NASDAQ:MSFT
33.25483858983317,-9.017875814868605,-42.63054889334556,-0.5617863589348332,519.0545,51.71656461944284,-1.3719021564209837,490.3,16558876,1789594785,2026-09-16T21:39:45Z,NASDAQ:MSFT
33.25483858983317,-9.017875814868605,-42.63054889334556,-0.5617863589348332,519.0545,51.71656461944284,-1.3719021564209837,490.3,16559333,1789594962,2026-09-16T21:42:42Z,NASDAQ:MSFT
33.25483858983317,-9.017875814868605,-42.63054889334556,-0.5617863589348332,519.0545,51.71656461944284,-1.3719021564209837,490.3,16560023,1789595145,2026-09-16T21:45:45Z,NASDAQ:MSFT
33.25483858983317,-9.017875814868605,-42.63054889334556,-0.5617863589348332,519.0545,51.71656461944284,-1.3719021564209837,490.3,16560357,1789595324,2026-09-16T21:48:44Z,NASDAQ:MSFT
33.25483858983317,-9.017875814868605,-42.63054889334556,-0.5617863589348332,519.0545,51.71656461944284,-1.3719021564209837,490.3,16562058,1789595504,2026-09-16T21:51:44Z,NASDAQ:MSFT
33.25483858983317,-9.017875814868605,-42.63054889334556,-0.5617863589348332,519.0545,51.71656461944284,-1.3719021564209837,490.3,16564749,1789595683,2026-09-16T21:54:43Z,NASDAQ:MSFT
33.25483858983317,-9.017875814868605,-42.63054889334556,-0.5617863589348332,519.0545,51.71656461944284,-1.3719021564209837,490.3,16572957,1789595861,2026-09-16T21:57:41Z,NASDAQ:MSFT
33.25483858983317,-9.017875814868605,-42.63054889334556,-0.5617863589348332,519.0545,51.71656461944284,-1.3719021564209837,490.3,16581860,1789596041,2026-09-16T22:00:41Z,NASDAQ:MSFT
33.25483858983317,-9.017875814868605,-42.63054889334556,-0.5617863589348332,519.0545,51.71656461944284,-1.3719021564209837,490.3,16591165,1789596225,2026-09-16T22:03:45Z,NASDAQ:MSFT
33.25483858983317,-9.017875814868605,-42.63054889334556,-0.5617863589348332,519.0545,51.71656461944284,-1.3719021564209837,490.3,16597492,1789596406,2026-09-16T22:06:46Z,NASDAQ:MSFT
33.25483858983317,-9.017875814868605,-42.63054889334556,-0.5617863589348332,519.0545,51.71656461944284,-1.3719021564209837,490.3,16597870,1789596584,2026-09-16T22:09:44Z,NASDAQ:MSFT
33.25483858983317,-9.017875814868605,-42.63054889334556,-0.5617863589348332,519.0545,51.71656461944284,-1.3719021564209837,490.3,16608534,1789596765,2026-09-16T22:12:45Z,NASDAQ:MSFT
33.25483858983317,-9.017875814868605,-42.63054889334556,-0.5617863589348332,519.0545,51.71656461944284,-1.3719021564209837,490.3,16609588,1789596943,2026-09-16T22:15:43Z,NASDAQ:MSFT
33.25483858983317,-9.017875814868605,-42.63054889334556,-0.5617863589348332,519.0545,51.71656461944284,-1.3719021564209837,490.3,16610941,1789597125,2026-09-16T22:18:45Z,NASDAQ:MSFT
33.25483858983317,-9.017875814868605,-42.63054889334556,-0.5617863589348332,519.0545,51.71656461944284,-1.3719021564209837,490.3,16612312,1789597303,2026-09-16T22:21:43Z,NASDAQ:MSFT
33.25483858983317,-9.017875814868605,-42.63054889334556,-0.5617863589348332,519.0545,51.71656461944284,-1.3719021564209837,490.3,16612555,1789597481,2026-09-16T22:24:41Z,NASDAQ:MSFT
33.25483858983317,-9.017875814868605,-42.63054889334556,-0.5617863589348332,519.0545,51.71656461944284,-1.3719021564209837,490.3,16612704,1789597664,2026-09-16T22:27:44Z,NASDAQ:MSFT
33.25483858983317,-9.017875814868605,-42.63054889334556,-0.5617863589348332,519.0545,51.71656461944284,-1.3719021564209837,490.3,16613358,1789597842,2026-09-16T22:30:42Z,NASDAQ:MSFT
33.25483858983317,-9.017875814868605,-42.63054889334556,-0.5617863589348332,519.0545,51.71656461944284,-1.3719021564209837,490.3,16613614,1789598025,2026-09-16T22:33:45Z,NASDAQ:MSFT
33.25483858983317,-9.017875814868605,-42.63054889334556,-0.5617863589348332,519.0545,51.71656461944284,-1.3719021564209837,490.3,16614585,1789598206,2026-09-16T22:36:46Z,NASDAQ:MSFT
33.25483858983317,-9.017875814868605,-42.63054889334556,-0.5617863589348332,519.0545,51.71656461944284,-1.3719021564209837,490.3,16615283,1789598378,2026-09-16T22:39:38Z,NASDAQ:MSFT
33.25483858983317,-9.017875814868605,-42.63054889334556,-0.5617863589348332,519.0545,51.71656461944284,-1.3719021564209837,490.3,16616684,1789598564,2026-09-16T22:42:44Z,NASDAQ:MSFT
33.25483858983317,-9.017875814868605,-42.63054889334556,-0.5617863589348332,519.0545,51.71656461944284,-1.3719021564209837,490.3,16616839,1789598743,2026-09-16T22:45:43Z,NASDAQ:MSFT
33.25483858983317,-9.017875814868605,-42.63054889334556,-0.5617863589348332,519.0545,51.71656461944284,-1.3719021564209837,490.3,16618326,1789598922,2026-09-16T22:48:42Z,NASDAQ:MSFT
33.25483858983317,-9.017875814868605,-42.63054889334556,-0.5617863589348332,519.0545,51.71656461944284,-1.3719021564209837,490.3,16618718,1789599104,2026-09-16T22:51:44Z,NASDAQ:MSFT
33.25483858983317,-9.017875814868605,-42.63054889334556,-0.5617863589348332,519.0545,51.71656461944284,-1.3719021564209837,490.3,16620083,1789599285,2026-09-16T22:54:45Z,NASDAQ:MSFT
33.25483858983317,-9.017875814868605,-42.63054889334556,-0.5617863589348332,519.0545,51.71656461944284,-1.3719021564209837,490.3,16632889,1789599464,2026-09-16T22:57:44Z,NASDAQ:MSFT
33.25483858983317,-9.017875814868605,-42.63054889334556,-0.5617863589348332,519.0545,51.71656461944284,-1.3719021564209837,490.3,16639403,1789599640,2026-09-16T23:00:40Z,NASDAQ:MSFT
33.25483858983317,-9.017875814868605,-42.63054889334556,-0.5617863589348332,519.0545,51.71656461944284,-1.3719021564209837,490.3,16641008,1789599824,2026-09-16T23:03:44Z,NASDAQ:MSFT
33.25483858983317,-9.017875814868605,-42.63054889334556,-0.5617863589348332,519.0545,51.71656461944284,-1.3719021564209837,490.3,16641307,1789600005,2026-09-16T23:06:45Z,NASDAQ:MSFT
33.25483858983317,-9.017875814868605,-42.63054889334556,-0.5617863589348332,519.0545,51.71656461944284,-1.3719021564209837,490.3,16641644,1789600184,2026-09-16T23:09:44Z,NASDAQ:MSFT
33.25483858983317,-9.017875814868605,-42.63054889334556,-0.5617863589348332,519.0545,51.71656461944284,-1.3719021564209837,490.3,16643180,1789600364,2026-09-16T23:12:44Z,NASDAQ:MSFT
33.25483858983317,-9.017875814868605,-42.63054889334556,-0.5617863589348332,519.0545,51.71656461944284,-1.3719021564209837,490.3,16644172,1789600542,2026-09-16T23:15:42Z,NASDAQ:MSFT
33.25483858983317,-9.017875814868605,-42.63054889334556,-0.5617863589348332,519.0545,51.71656461944284,-1.3719021564209837,490.3,16644589,1789600723,2026-09-16T23:18:43Z,NASDAQ:MSFT
33.25483858983317,-9.017875814868605,-42.63054889334556,-0.5617863589348332,519.0545,51.71656461944284,-1.3719021564209837,490.3,16644694,1789600906,2026-09-16T23:21:46Z,NASDAQ:MSFT
33.25483858983317,-9.017875814868605,-42.63054889334556,-0.5617863589348332,519.0545,51.71656461944284,-1.3719021564209837,490.3,16645324,1789601082,2026-09-16T23:24:42Z,NASDAQ:MSFT
33.25483858983317,-9.017875814868605,-42.63054889334556,-0.5617863589348332,519.0545,51.71656461944284,-1.3719021564209837,490.3,16645692,1789601263,2026-09-16T23:27:43Z,NASDAQ:MSFT
33.25483858983317,-9.017875814868605,-42.63054889334556,-0.5617863589348332,519.0545,51.71656461944284,-1.3719021564209837,490.3,16645856,1789601440,2026-09-16T23:30:40Z,NASDAQ:MSFT
33.25483858983317,-9.017875814868605,-42.63054889334556,-0.5617863589348332,519.0545,51.71656461944284,-1.3719021564209837,490.3,16659519,1789601620,2026-09-16T23:33:40Z,NASDAQ:MSFT
33.25483858983317,-9.017875814868605,-42.63054889334556,-0.5617863589348332,519.0545,51.71656461944284,-1.3719021564209837,490.3,16659665,1789601800,2026-09-16T23:36:40Z,NASDAQ:MSFT
33.25483858983317,-9.017875814868605,-42.63054889334556,-0.5617863589348332,519.0545,51.71656461944284,-1.3719021564209837,490.3,16659939,1789601984,2026-09-16T23:39:44Z,NASDAQ:MSFT
33.25483858983317,-9.017875814868605,-42.63054889334556,-0.5617863589348332,519.0545,51.71656461944284,-1.3719021564209837,490.3,16660426,1789602162,2026-09-16T23:42:42Z,NASDAQ:MSFT
33.25483858983317,-9.017875814868605,-42.63054889334556,-0.5617863589348332,519.0545,51.71656461944284,-1.3719021564209837,490.3,16661490,1789602344,2026-09-16T23:45:44Z,NASDAQ:MSFT
33.25483858983317,-9.017875814868605,-42.63054889334556,-0.5617863589348332,519.0545,51.71656461944284,-1.3719021564209837,490.3,16662305,1789602526,2026-09-16T23:48:46Z,NASDAQ:MSFT
33.25483858983317,-9.017875814868605,-42.63054889334556,-0.5617863589348332,519.0545,51.71656461944284,-1.3719021564209837,490.3,16663604,1789602704,2026-09-16T23:51:44Z,NASDAQ:MSFT
33.25483858983317,-9.017875814868605,-42.63054889334556,-0.5617863589348332,519.0545,51.71656461944284,-1.3719021564209837,490.3,16663784,1789602884,2026-09-16T23:54:44Z,NASDAQ:MSFT
33.25483858983317,-9.017875814868605,-42.63054889334556,-0.5617863589348332,519.0545,51.71656461944284,-1.3719021564209837,490.3,16665887,1789603061,2026-09-16T23:57:41Z,NASDAQ:MSFT
33.25483858983317,-9.017875814868605,-42.63054889334556,-0.5617863589348332,519.0545,51.71656461944284,-1.3719021564209837,490.3,16666443,1789603244,2026-09-17T00:00:44Z,NASDAQ:MSFT
33.25483858983317,-9.017875814868605,-42.63054889334556,-0.5617863589348332,519.0545,51.71656461944284,-1.3719021564209837,490.3,16667921,1789603422,2026-09-17T00:03:42Z,NASDAQ:MSFT
33.25483858983317,-9.017875814868605,-42.63054889334556,-0.5617863589348332,519.0545,51.71656461944284,-1.3719021564209837,490.3,16668261,1789603606,2026-09-17T00:06:46Z,NASDAQ:MSFT
33.25483858983317,-9.017875814868605,-42.63054889334556,-0.5617863589348332,519.0545,51.71656461944284,-1.3719021564209837,490.3,16668649,1789603779,2026-09-17T00:09:39Z,NASDAQ:MSFT
33.25483858983317,-9.017875814868605,-42.63054889334556,-0.5617863589348332,519.0545,51.71656461944284,-1.3719021564209837,490.3,16669616,1789603963,2026-09-17T00:12:43Z,NASDAQ:MSFT
33.25483858983317,-9.017875814868605,-42.63054889334556,-0.5617863589348332,519.0545,51.71656461944284,-1.3719021564209837,490.3,16670238,1789604141,2026-09-17T00:15:41Z,NASDAQ:MSFT
33.25483858983317,-9.017875814868605,-42.63054889334556,-0.5617863589348332,519.0545,51.71656461944284,-1.3719021564209837,490.3,16670238,1789604323,2026-09-17T00:18:43Z,NASDAQ:MSFT
33.25483858983317,-9.017875814868605,-42.63054889334556,-0.5617863589348332,519.0545,51.71656461944284,-1.3719021564209837,490.3,16670238,1789604505,2026-09-17T00:21:45Z,NASDAQ:MSFT
33.25483858983317,-9.017875814868605,-42.63054889334556,-0.5617863589348332,519.0545,51.71656461944284,-1.3719021564209837,490.3,16670238,1789604681,2026-09-17T00:24:41Z,NASDAQ:MSFT
33.25483858983317,-9.017875814868605,-42.63054889334556,-0.5617863589348332,519.0545,51.71656461944284,-1.3719021564209837,490.3,16670238,1789604865,2026-09-17T00:27:45Z,NASDAQ:MSFT
33.25483858983317,-9.017875814868605,-42.63054889334556,-0.5617863589348332,519.0545,51.71656461944284,-1.3719021564209837,490.3,16670238,1789605042,2026-09-17T00:30:42Z,NASDAQ:MSFT
33.25483858983317,-9.017875814868605,-42.63054889334556,-0.5617863589348332,519.0545,51.71656461944284,-1.3719021564209837,490.3,16670238,1789605227,2026-09-17T00:33:47Z,NASDAQ:MSFT
33.25483858983317,-9.017875814868605,-42.63054889334556,-0.5617863589348332,519.0545,51.71656461944284,-1.3719021564209837,490.3,16670238,1789605405,2026-09-17T00:36:45Z,NASDAQ:MSFT
33.25483858983317,-9.017875814868605,-42.63054889334556,-0.5617863589348332,519.0545,51.71656461944284,-1.3719021564209837,490.3,16670238,1789605586,2026-09-17T00:39:46Z,NASDAQ:MSFT
33.25483858983317,-9.017875814868605,-42.63054889334556,-0.5617863589348332,519.0545,51.71656461944284,-1.3719021564209837,490.3,16670238,1789605762,2026-09-17T00:42:42Z,NASDAQ:MSFT
33.25483858983317,-9.017875814868605,-42.63054889334556,-0.5617863589348332,519.0545,51.71656461944284,-1.3719021564209837,490.3,16670238,1789605942,2026-09-17T00:45:42Z,NASDAQ:MSFT
33.25483858983317,-9.017875814868605,-42.63054889334556,-0.5617863589348332,519.0545,51.71656461944284,-1.3719021564209837,490.3,16670238,1789606126,2026-09-17T00:48:46Z,NASDAQ:MSFT
33.25483858983317,-9.017875814868605,-42.63054889334556,-0.5617863589348332,519.0545,51.71656461944284,-1.3719021564209837,490.3,16670238,1789606305,2026-09-17T00:51:45Z,NASDAQ:MSFT
33.25483858983317,-9.017875814868605,-42.63054889334556,-0.5617863589348332,519.0545,51.71656461944284,-1.3719021564209837,490.3,16670238,1789606482,2026-09-17T00:54:42Z,NASDAQ:MSFT
33.25483858983317,-9.017875814868605,-42.63054889334556,-0.5617863589348332,519.0545,51.71656461944284,-1.3719021564209837,490.3,16670238,1789606662,2026-09-17T00:57:42Z,NASDAQ:MSFT
33.25483858983317,-9.017875814868605,-42.63054889334556,-0.5617863589348332,519.0545,51.71656461944284,-1.3719021564209837,490.3,16670238,1789606844,2026-09-17T01:00:44Z,NASDAQ:MSFT
33.25483858983317,-9.017875814868605,-42.63054889334556,-0.5617863589348332,519.0545,51.71656461944284,-1.3719021564209837,490.3,16670238,1789607026,2026-09-17T01:03:46Z,NASDAQ:MSFT
33.25483858983317,-9.017875814868605,-42.63054889334556,-0.5617863589348332,519.0545,51.71656461944284,-1.3719021564209837,490.3,16670238,1789607202,2026-09-17T01:06:42Z,NASDAQ:MSFT
33.25483858983317,-9.017875814868605,-42.63054889334556,-0.5617863589348332,519.0545,51.71656461944284,-1.3719021564209837,490.3,16670238,1789607383,2026-09-17T01:09:43Z,NASDAQ:MSFT
33.25483858983317,-9.017875814868605,-42.63054889334556,-0.5617863589348332,519.0545,51.71656461944284,-1.3719021564209837,490.3,16670238,1789607564,2026-09-17T01:12:44Z,NASDAQ:MSFT
33.25483858983317,-9.017875814868605,-42.63054889334556,-0.5617863589348332,519.0545,51.71656461944284,-1.3719021564209837,490.3,16670238,1789607747,2026-09-17T01:15:47Z,NASDAQ:MSFT
33.25483858983317,-9.017875814868605,-42.63054889334556,-0.5617863589348332,519.0545,51.71656461944284,-1.3719021564209837,490.3,16670238,1789607923,2026-09-17T01:18:43Z,NASDAQ:MSFT
33.25483858983317,-9.017875814868605,-42.63054889334556,-0.5617863589348332,519.0545,51.71656461944284,-1.3719021564209837,490.3,16670238,1789608105,2026-09-17T01:21:45Z,NASDAQ:MSFT
33.25483858983317,-9.017875814868605,-42.63054889334556,-0.5617863589348332,519.0545,51.71656461944284,-1.3719021564209837,490.3,16670238,1789608287,2026-09-17T01:24:47Z,NASDAQ:MSFT
33.25483858983317,-9.017875814868605,-42.63054889334556,-0.5617863589348332,519.0545,51.71656461944284,-1.3719021564209837,490.3,16670238,1789608461,2026-09-17T01:27:41Z,NASDAQ:MSFT
33.25483858983317,-9.017875814868605,-42.63054889334556,-0.5617863589348332,519.0545,51.71656461944284,-1.3719021564209837,490.3,16670238,1789608645,2026-09-17T01:30:45Z,NASDAQ:MSFT
33.25483858983317,-9.017875814868605,-42.63054889334556,-0.5617863589348332,519.0545,51.71656461944284,-1.3719021564209837,490.3,16670238,1789608823,2026-09-17T01:33:43Z,NASDAQ:MSFT
33.25483858983317,-9.017875814868605,-42.63054889334556,-0.5617863589348332,519.0545,51.71656461944284,-1.3719021564209837,490.3,16670238,1789609008,2026-09-17T01:36:48Z,NASDAQ:MSFT
33.25483858983317,-9.017875814868605,-42.63054889334556,-0.5617863589348332,519.0545,51.71656461944284,-1.3719021564209837,490.3,16670238,1789609182,2026-09-17T01:39:42Z,NASDAQ:MSFT
33.25483858983317,-9.017875814868605,-42.63054889334556,-0.5617863589348332,519.0545,51.71656461944284,-1.3719021564209837,490.3,16670238,1789609360,2026-09-17T01:42:40Z,NASDAQ:MSFT
33.25483858983317,-9.017875814868605,-42.63054889334556,-0.5617863589348332,519.0545,51.71656461944284,-1.3719021564209837,490.3,16670238,1789609546,2026-09-17T01:45:46Z,NASDAQ:MSFT
33.25483858983317,-9.017875814868605,-42.63054889334556,-0.5617863589348332,519.0545,51.71656461944284,-1.3719021564209837,490.3,16670238,1789609723,2026-09-17T01:48:43Z,NASDAQ:MSFT
33.25483858983317,-9.017875814868605,-42.63054889334556,-0.5617863589348332,519.0545,51.71656461944284,-1.3719021564209837,490.3,16670238,1789609901,2026-09-17T01:51:41Z,NASDAQ:MSFT
33.25483858983317,-9.017875814868605,-42.63054889334556,-0.5617863589348332,519.0545,51.71656461944284,-1.3719021564209837,490.3,16670238,1789610084,2026-09-17T01:54:44Z,NASDAQ:MSFT
33.25483858983317,-9.017875814868605,-42.63054889334556,-0.5617863589348332,519.0545,51.71656461944284,-1.3719021564209837,490.3,16670238,1789610262,2026-09-17T01:57:42Z,NASDAQ:MSFT
33.25483858983317,-9.017875814868605,-42.63054889334556,-0.5617863589348332,519.0545,51.71656461944284,-1.3719021564209837,490.3,16670238,1789610444,2026-09-17T02:00:44Z,NASDAQ:MSFT
33.25483858983317,-9.017875814868605,-42.63054889334556,-0.5617863589348332,519.0545,51.71656461944284,-1.3719021564209837,490.3,16670238,1789610625,2026-09-17T02:03:45Z,NASDAQ:MSFT
33.25483858983317,-9.017875814868605,-42.63054889334556,-0.5617863589348332,519.0545,51.71656461944284,-1.3719021564209837,490.3,16670238,1789610804,2026-09-17T02:06:44Z,NASDAQ:MSFT
33.25483858983317,-9.017875814868605,-42.63054889334556,-0.5617863589348332,519.0545,51.71656461944284,-1.3719021564209837,490.3,16670238,1789610981,2026-09-17T02:09:41Z,NASDAQ:MSFT
33.25483858983317,-9.017875814868605,-42.63054889334556,-0.5617863589348332,519.0545,51.71656461944284,-1.3719021564209837,490.3,16670238,1789611163,2026-09-17T02:12:43Z,NASDAQ:MSFT
33.25483858983317,-9.017875814868605,-42.63054889334556,-0.5617863589348332,519.0545,51.71656461944284,-1.3719021564209837,490.3,16670238,1789611344,2026-09-17T02:15:44Z,NASDAQ:MSFT
33.25483858983317,-9.017875814868605,-42.63054889334556,-0.5617863589348332,519.0545,51.71656461944284,-1.3719021564209837,490.3,16670238,1789611523,2026-09-17T02:18:43Z,NASDAQ:MSFT
33.25483858983317,-9.017875814868605,-42.63054889334556,-0.5617863589348332,519.0545,51.71656461944284,-1.3719021564209837,490.3,16670238,1789611702,2026-09-17T02:21:42Z,NASDAQ:MSFT
33.25483858983317,-9.017875814868605,-42.63054889334556,-0.5617863589348332,519.0545,51.71656461944284,-1.3719021564209837,490.3,16670238,1789611885,2026-09-17T02:24:45Z,NASDAQ:MSFT
33.25483858983317,-9.017875814868605,-42.63054889334556,-0.5617863589348332,519.0545,51.71656461944284,-1.3719021564209837,490.3,16670238,1789612065,2026-09-17T02:27:45Z,NASDAQ:MSFT
33.25483858983317,-9.017875814868605,-42.63054889334556,-0.5617863589348332,519.0545,51.71656461944284,-1.3719021564209837,490.3,16670238,1789612243,2026-09-17T02:30:43Z,NASDAQ:MSFT
33.25483858983317,-9.017875814868605,-42.63054889334556,-0.5617863589348332,519.0545,51.71656461944284,-1.3719021564209837,490.3,16670238,1789612423,2026-09-17T02:33:43Z,NASDAQ:MSFT
33.25483858983317,-9.017875814868605,-42.63054889334556,-0.5617863589348332,519.0545,51.71656461944284,-1.3719021564209837,490.3,16670238,1789612602,2026-09-17T02:36:42Z,NASDAQ:MSFT
33.25483858983317,-9.017875814868605,-42.63054889334556,-0.5617863589348332,519.0545,51.71656461944284,-1.3719021564209837,490.3,16670238,1789612790,2026-09-17T02:39:50Z,NASDAQ:MSFT
33.25483858983317,-9.017875814868605,-42.63054889334556,-0.5617863589348332,519.0545,51.71656461944284,-1.3719021564209837,490.3,16670238,1789612967,2026-09-17T02:42:47Z,NASDAQ:MSFT
33.25483858983317,-9.017875814868605,-42.63054889334556,-0.5617863589348332,519.0545,51.71656461944284,-1.3719021564209837,490.3,16670238,1789613145,2026-09-17T02:45:45Z,NASDAQ:MSFT
33.25483858983317,-9.017875814868605,-42.63054889334556,-0.5617863589348332,519.0545,51.71656461944284,-1.3719021564209837,490.3,16670238,1789613327,2026-09-17T02:48:47Z,NASDAQ:MSFT
33.25483858983317,-9.017875814868605,-42.63054889334556,-0.5617863589348332,519.0545,51.71656461944284,-1.3719021564209837,490.3,16670238,1789613503,2026-09-17T02:51:43Z,NASDAQ:MSFT
33.25483858983317,-9.017875814868605,-42.63054889334556,-0.5617863589348332,519.0545,51.71656461944284,-1.3719021564209837,490.3,16670238,1789613687,2026-09-17T02:54:47Z,NASDAQ:MSFT
33.25483858983317,-9.017875814868605,-42.63054889334556,-0.5617863589348332,519.0545,51.71656461944284,-1.3719021564209837,490.3,16670238,1789613862,2026-09-17T02:57:42Z,NASDAQ:MSFT
33.25483858983317,-9.017875814868605,-42.63054889334556,-0.5617863589348332,519.0545,51.71656461944284,-1.3719021564209837,490.3,16670238,1789614044,2026-09-17T03:00:44Z,NASDAQ:MSFT
33.25483858983317,-9.017875814868605,-42.63054889334556,-0.5617863589348332,519.0545,51.71656461944284,-1.3719021564209837,490.3,16670238,1789614223,2026-09-17T03:03:43Z,NASDAQ:MSFT
33.25483858983317,-9.017875814868605,-42.63054889334556,-0.5617863589348332,519.0545,51.71656461944284,-1.3719021564209837,490.3,16670238,1789614405,2026-09-17T03:06:45Z,NASDAQ:MSFT
33.25483858983317,-9.017875814868605,-42.63054889334556,-0.5617863589348332,519.0545,51.71656461944284,-1.3719021564209837,490.3,16670238,1789614589,2026-09-17T03:09:49Z,NASDAQ:MSFT
33.25483858983317,-9.017875814868605,-42.63054889334556,-0.5617863589348332,519.0545,51.71656461944284,-1.3719021564209837,490.3,16670238,1789614762,2026-09-17T03:12:42Z,NASDAQ:MSFT
33.25483858983317,-9.017875814868605,-42.63054889334556,-0.5617863589348332,519.0545,51.71656461944284,-1.3719021564209837,490.3,16670238,1789614946,2026-09-17T03:15:46Z,NASDAQ:MSFT
33.25483858983317,-9.017875814868605,-42.63054889334556,-0.5617863589348332,519.0545,51.71656461944284,-1.3719021564209837,490.3,16670238,1789615127,2026-09-17T03:18:47Z,NASDAQ:MSFT
33.25483858983317,-9.017875814868605,-42.63054889334556,-0.5617863589348332,519.0545,51.71656461944284,-1.3719021564209837,490.3,16670238,1789615302,2026-09-17T03:21:42Z,NASDAQ:MSFT
33.25483858983317,-9.017875814868605,-42.63054889334556,-0.5617863589348332,519.0545,51.71656461944284,-1.3719021564209837,490.3,16670238,1789615483,2026-09-17T03:24:43Z,NASDAQ:MSFT
33.25483858983317,-9.017875814868605,-42.63054889334556,-0.5617863589348332,519.0545,51.71656461944284,-1.3719021564209837,490.3,16670238,1789615662,2026-09-17T03:27:42Z,NASDAQ:MSFT
33.25483858983317,-9.017875814868605,-42.63054889334556,-0.5617863589348332,519.0545,51.71656461944284,-1.3719021564209837,490.3,16670238,1789615844,2026-09-17T03:30:44Z,NASDAQ:MSFT
33.25483858983317,-9.017875814868605,-42.63054889334556,-0.5617863589348332,519.0545,51.71656461944284,-1.3719021564209837,490.3,16670238,1789616023,2026-09-17T03:33:43Z,NASDAQ:MSFT
33.25483858983317,-9.017875814868605,-42.63054889334556,-0.5617863589348332,519.0545,51.71656461944284,-1.3719021564209837,490.3,16670238,1789616203,2026-09-17T03:36:43Z,NASDAQ:MSFT
33.25483858983317,-9.017875814868605,-42.63054889334556,-0.5617863589348332,519.0545,51.71656461944284,-1.3719021564209837,490.3,16670238,1789616385,2026-09-17T03:39:45Z,NASDAQ:MSFT
33.25483858983317,-9.017875814868605,-42.63054889334556,-0.5617863589348332,519.0545,51.71656461944284,-1.3719021564209837,490.3,16670238,1789616564,2026-09-17T03:42:44Z,NASDAQ:MSFT
33.25483858983317,-9.017875814868605,-42.63054889334556,-0.5617863589348332,519.0545,51.71656461944284,-1.3719021564209837,490.3,16670238,1789616740,2026-09-17T03:45:40Z,NASDAQ:MSFT
33.25483858983317,-9.017875814868605,-42.63054889334556,-0.5617863589348332,519.0545,51.71656461944284,-1.3719021564209837,490.3,16670238,1789616925,2026-09-17T03:48:45Z,NASDAQ:MSFT
33.25483858983317,-9.017875814868605,-42.63054889334556,-0.5617863589348332,519.0545,51.71656461944284,-1.3719021564209837,490.3,16670238,1789617105,2026-09-17T03:51:45Z,NASDAQ:MSFT
33.25483858983317,-9.017875814868605,-42.63054889334556,-0.5617863589348332,519.0545,51.71656461944284,-1.3719021564209837,490.3,16670238,1789617283,2026-09-17T03:54:43Z,NASDAQ:MSFT
33.25483858983317,-9.017875814868605,-42.63054889334556,-0.5617863589348332,519.0545,51.71656461944284,-1.3719021564209837,490.3,16670238,1789617464,2026-09-17T03:57:44Z,NASDAQ:MSFT
33.25483858983317,-9.017875814868605,-42.63054889334556,-0.5617863589348332,519.0545,51.71656461944284,-1.3719021564209837,490.3,16670238,1789617642,2026-09-17T04:00:42Z,NASDAQ:MSFT
33.25483858983317,-9.017875814868605,-42.63054889334556,-0.5617863589348332,519.0545,51.71656461944284,-1.3719021564209837,490.3,16670238,1789617825,2026-09-17T04:03:45Z,NASDAQ:MSFT
33.25483858983317,-9.017875814868605,-42.63054889334556,-0.5617863589348332,519.0545,51.71656461944284,-1.3719021564209837,490.3,16670238,1789618004,2026-09-17T04:06:44Z,NASDAQ:MSFT
33.25483858983317,-9.017875814868605,-42.63054889334556,-0.5617863589348332,519.0545,51.71656461944284,-1.3719021564209837,490.3,16670238,1789618185,2026-09-17T04:09:45Z,NASDAQ:MSFT
33.25483858983317,-9.017875814868605,-42.63054889334556,-0.5617863589348332,519.0545,51.71656461944284,-1.3719021564209837,490.3,16670238,1789618362,2026-09-17T04:12:42Z,NASDAQ:MSFT
33.25483858983317,-9.017875814868605,-42.63054889334556,-0.5617863589348332,519.0545,51.71656461944284,-1.3719021564209837,490.3,16670238,1789618543,2026-09-17T04:15:43Z,NASDAQ:MSFT
33.25483858983317,-9.017875814868605,-42.63054889334556,-0.5617863589348332,519.0545,51.71656461944284,-1.3719021564209837,490.3,16670238,1789618724,2026-09-17T04:18:44Z,NASDAQ:MSFT
33.25483858983317,-9.017875814868605,-42.63054889334556,-0.5617863589348332,519.0545,51.71656461944284,-1.3719021564209837,490.3,16670238,1789618902,2026-09-17T04:21:42Z,NASDAQ:MSFT
33.25483858983317,-9.017875814868605,-42.63054889334556,-0.5617863589348332,519.0545,51.71656461944284,-1.3719021564209837,490.3,16670238,1789619086,2026-09-17T04:24:46Z,NASDAQ:MSFT
33.25483858983317,-9.017875814868605,-42.63054889334556,-0.5617863589348332,519.0545,51.71656461944284,-1.3719021564209837,490.3,16670238,1789619261,2026-09-17T04:27:41Z,NASDAQ:MSFT
33.25483858983317,-9.017875814868605,-42.63054889334556,-0.5617863589348332,519.0545,51.71656461944284,-1.3719021564209837,490.3,16670238,1789619441,2026-09-17T04:30:41Z,NASDAQ:MSFT
33.25483858983317,-9.017875814868605,-42.63054889334556,-0.5617863589348332,519.0545,51.71656461944284,-1.3719021564209837,490.3,16670238,1789619622,2026-09-17T04:33:42Z,NASDAQ:MSFT
33.25483858983317,-9.017875814868605,-42.63054889334556,-0.5617863589348332,519.0545,51.71656461944284,-1.3719021564209837,490.3,16670238,1789619803,2026-09-17T04:36:43Z,NASDAQ:MSFT
33.25483858983317,-9.017875814868605,-42.63054889334556,-0.5617863589348332,519.0545,51.71656461944284,-1.3719021564209837,490.3,16670238,1789619984,2026-09-17T04:39:44Z,NASDAQ:MSFT
33.25483858983317,-9.017875814868605,-42.63054889334556,-0.5617863589348332,519.0545,51.71656461944284,-1.3719021564209837,490.3,16670238,1789620166,2026-09-17T04:42:46Z,NASDAQ:MSFT
33.25483858983317,-9.017875814868605,-42.63054889334556,-0.5617863589348332,519.0545,51.71656461944284,-1.3719021564209837,490.3,16670238,1789620343,2026-09-17T04:45:43Z,NASDAQ:MSFT
33.25483858983317,-9.017875814868605,-42.63054889334556,-0.5617863589348332,519.0545,51.71656461944284,-1.3719021564209837,490.3,16670238,1789620521,2026-09-17T04:48:41Z,NASDAQ:MSFT
33.25483858983317,-9.017875814868605,-42.63054889334556,-0.5617863589348332,519.0545,51.71656461944284,-1.3719021564209837,490.3,16670238,1789620706,2026-09-17T04:51:46Z,NASDAQ:MSFT
33.25483858983317,-9.017875814868605,-42.63054889334556,-0.5617863589348332,519.0545,51.71656461944284,-1.3719021564209837,490.3,16670238,1789620884,2026-09-17T04:54:44Z,NASDAQ:MSFT
33.25483858983317,-9.017875814868605,-42.63054889334556,-0.5617863589348332,519.0545,51.71656461944284,-1.3719021564209837,490.3,16670238,1789621066,2026-09-17T04:57:46Z,NASDAQ:MSFT
33.25483858983317,-9.017875814868605,-42.63054889334556,-0.5617863589348332,519.0545,51.71656461944284,-1.3719021564209837,490.3,16670238,1789621243,2026-09-17T05:00:43Z,NASDAQ:MSFT
33.25483858983317,-9.017875814868605,-42.63054889334556,-0.5617863589348332,519.0545,51.71656461944284,-1.3719021564209837,490.3,16670238,1789621423,2026-09-17T05:03:43Z,NASDAQ:MSFT
33.25483858983317,-9.017875814868605,-42.63054889334556,-0.5617863589348332,519.0545,51.71656461944284,-1.3719021564209837,490.3,16670238,1789621606,2026-09-17T05:06:46Z,NASDAQ:MSFT
33.25483858983317,-9.017875814868605,-42.63054889334556,-0.5617863589348332,519.0545,51.71656461944284,-1.3719021564209837,490.3,16670238,1789621780,2026-09-17T05:09:40Z,NASDAQ:MSFT
33.25483858983317,-9.017875814868605,-42.63054889334556,-0.5617863589348332,519.0545,51.71656461944284,-1.3719021564209837,490.3,16670238,1789621961,2026-09-17T05:12:41Z,NASDAQ:MSFT
33.25483858983317,-9.017875814868605,-42.63054889334556,-0.5617863589348332,519.0545,51.71656461944284,-1.3719021564209837,490.3,16670238,1789622145,2026-09-17T05:15:45Z,NASDAQ:MSFT
33.25483858983317,-9.017875814868605,-42.63054889334556,-0.5617863589348332,519.0545,51.71656461944284,-1.3719021564209837,490.3,16670238,1789622323,2026-09-17T05:18:43Z,NASDAQ:MSFT
33.25483858983317,-9.017875814868605,-42.63054889334556,-0.5617863589348332,519.0545,51.71656461944284,-1.3719021564209837,490.3,16670238,1789622502,2026-09-17T05:21:42Z,NASDAQ:MSFT
33.25483858983317,-9.017875814868605,-42.63054889334556,-0.5617863589348332,519.0545,51.71656461944284,-1.3719021564209837,490.3,16670238,1789622686,2026-09-17T05:24:46Z,NASDAQ:MSFT
33.25483858983317,-9.017875814868605,-42.63054889334556,-0.5617863589348332,519.0545,51.71656461944284,-1.3719021564209837,490.3,16670238,1789622861,2026-09-17T05:27:41Z,NASDAQ:MSFT
33.25483858983317,-9.017875814868605,-42.63054889334556,-0.5617863589348332,519.0545,51.71656461944284,-1.3719021564209837,490.3,16670238,1789623045,2026-09-17T05:30:45Z,NASDAQ:MSFT
33.25483858983317,-9.017875814868605,-42.63054889334556,-0.5617863589348332,519.0545,51.71656461944284,-1.3719021564209837,490.3,16670238,1789623224,2026-09-17T05:33:44Z,NASDAQ:MSFT
33.25483858983317,-9.017875814868605,-42.63054889334556,-0.5617863589348332,519.0545,51.71656461944284,-1.3719021564209837,490.3,16670238,1789623405,2026-09-17T05:36:45Z,NASDAQ:MSFT
33.25483858983317,-9.017875814868605,-42.63054889334556,-0.5617863589348332,519.0545,51.71656461944284,-1.3719021564209837,490.3,16670238,1789623586,2026-09-17T05:39:46Z,NASDAQ:MSFT
33.25483858983317,-9.017875814868605,-42.63054889334556,-0.5617863589348332,519.0545,51.71656461944284,-1.3719021564209837,490.3,16670238,1789623762,2026-09-17T05:42:42Z,NASDAQ:MSFT
33.25483858983317,-9.017875814868605,-42.63054889334556,-0.5617863589348332,519.0545,51.71656461944284,-1.3719021564209837,490.3,16670238,1789623942,2026-09-17T05:45:42Z,NASDAQ:MSFT
33.25483858983317,-9.017875814868605,-42.63054889334556,-0.5617863589348332,519.0545,51.71656461944284,-1.3719021564209837,490.3,16670238,1789624123,2026-09-17T05:48:43Z,NASDAQ:MSFT
33.25483858983317,-9.017875814868605,-42.63054889334556,-0.5617863589348332,519.0545,51.71656461944284,-1.3719021564209837,490.3,16670238,1789624305,2026-09-17T05:51:45Z,NASDAQ:MSFT
33.25483858983317,-9.017875814868605,-42.63054889334556,-0.5617863589348332,519.0545,51.71656461944284,-1.3719021564209837,490.3,16670238,1789624487,2026-09-17T05:54:47Z,NASDAQ:MSFT
33.25483858983317,-9.017875814868605,-42.63054889334556,-0.5617863589348332,519.0545,51.71656461944284,-1.3719021564209837,490.3,16670238,1789624665,2026-09-17T05:57:45Z,NASDAQ:MSFT
33.25483858983317,-9.017875814868605,-42.63054889334556,-0.5617863589348332,519.0545,51.71656461944284,-1.3719021564209837,490.3,16670238,1789624847,2026-09-17T06:00:47Z,NASDAQ:MSFT
33.25483858983317,-9.017875814868605,-42.63054889334556,-0.5617863589348332,519.0545,51.71656461944284,-1.3719021564209837,490.3,16670238,1789625020,2026-09-17T06:03:40Z,NASDAQ:MSFT
33.25483858983317,-9.017875814868605,-42.63054889334556,-0.5617863589348332,519.0545,51.71656461944284,-1.3719021564209837,490.3,16670238,1789625203,2026-09-17T06:06:43Z,NASDAQ:MSFT
33.25483858983317,-9.017875814868605,-42.63054889334556,-0.5617863589348332,519.0545,51.71656461944284,-1.3719021564209837,490.3,16670238,1789625383,2026-09-17T06:09:43Z,NASDAQ:MSFT
33.25483858983317,-9.017875814868605,-42.63054889334556,-0.5617863589348332,519.0545,51.71656461944284,-1.3719021564209837,490.3,16670238,1789625563,2026-09-17T06:12:43Z,NASDAQ:MSFT
33.25483858983317,-9.017875814868605,-42.63054889334556,-0.5617863589348332,519.0545,51.71656461944284,-1.3719021564209837,490.3,16670238,1789625745,2026-09-17T06:15:45Z,NASDAQ:MSFT
33.25483858983317,-9.017875814868605,-42.63054889334556,-0.5617863589348332,519.0545,51.71656461944284,-1.3719021564209837,490.3,16670238,1789625925,2026-09-17T06:18:45Z,NASDAQ:MSFT
33.25483858983317,-9.017875814868605,-42.63054889334556,-0.5617863589348332,519.0545,51.71656461944284,-1.3719021564209837,490.3,16670238,1789626104,2026-09-17T06:21:44Z,NASDAQ:MSFT
33.25483858983317,-9.017875814868605,-42.63054889334556,-0.5617863589348332,519.0545,51.71656461944284,-1.3719021564209837,490.3,16670238,1789626284,2026-09-17T06:24:44Z,NASDAQ:MSFT
33.25483858983317,-9.017875814868605,-42.63054889334556,-0.5617863589348332,519.0545,51.71656461944284,-1.3719021564209837,490.3,16670238,1789626467,2026-09-17T06:27:47Z,NASDAQ:MSFT
33.25483858983317,-9.017875814868605,-42.63054889334556,-0.5617863589348332,519.0545,51.71656461944284,-1.3719021564209837,490.3,16670238,1789626646,2026-09-17T06:30:46Z,NASDAQ:MSFT
33.25483858983317,-9.017875814868605,-42.63054889334556,-0.5617863589348332,519.0545,51.71656461944284,-1.3719021564209837,490.3,16670238,1789626826,2026-09-17T06:33:46Z,NASDAQ:MSFT
33.25483858983317,-9.017875814868605,-42.63054889334556,-0.5617863589348332,519.0545,51.71656461944284,-1.3719021564209837,490.3,16670238,1789627004,2026-09-17T06:36:44Z,NASDAQ:MSFT
33.25483858983317,-9.017875814868605,-42.63054889334556,-0.5617863589348332,519.0545,51.71656461944284,-1.3719021564209837,490.3,16670238,1789627181,2026-09-17T06:39:41Z,NASDAQ:MSFT
33.25483858983317,-9.017875814868605,-42.63054889334556,-0.5617863589348332,519.0545,51.71656461944284,-1.3719021564209837,490.3,16670238,1789627363,2026-09-17T06:42:43Z,NASDAQ:MSFT
33.25483858983317,-9.017875814868605,-42.63054889334556,-0.5617863589348332,519.0545,51.71656461944284,-1.3719021564209837,490.3,16670238,1789627543,2026-09-17T06:45:43Z,NASDAQ:MSFT
33.25483858983317,-9.017875814868605,-42.63054889334556,-0.5617863589348332,519.0545,51.71656461944284,-1.3719021564209837,490.3,16670238,1789627725,2026-09-17T06:48:45Z,NASDAQ:MSFT
33.25483858983317,-9.017875814868605,-42.63054889334556,-0.5617863589348332,519.0545,51.71656461944284,-1.3719021564209837,490.3,16670238,1789627901,2026-09-17T06:51:41Z,NASDAQ:MSFT
33.25483858983317,-9.017875814868605,-42.63054889334556,-0.5617863589348332,519.0545,51.71656461944284,-1.3719021564209837,490.3,16670238,1789628084,2026-09-17T06:54:44Z,NASDAQ:MSFT
33.25483858983317,-9.017875814868605,-42.63054889334556,-0.5617863589348332,519.0545,51.71656461944284,-1.3719021564209837,490.3,16670238,1789628263,2026-09-17T06:57:43Z,NASDAQ:MSFT
33.25483858983317,-9.017875814868605,-42.63054889334556,-0.5617863589348332,519.0545,51.71656461944284,-1.3719021564209837,490.3,16670238,1789628444,2026-09-17T07:00:44Z,NASDAQ:MSFT
33.25483858983317,-9.017875814868605,-42.63054889334556,-0.5617863589348332,519.0545,51.71656461944284,-1.3719021564209837,490.3,16670238,1789628625,2026-09-17T07:03:45Z,NASDAQ:MSFT
33.25483858983317,-9.017875814868605,-42.63054889334556,-0.5617863589348332,519.0545,51.71656461944284,-1.3719021564209837,490.3,16670238,1789628808,2026-09-17T07:06:48Z,NASDAQ:MSFT
33.25483858983317,-9.017875814868605,-42.63054889334556,-0.5617863589348332,519.0545,51.71656461944284,-1.3719021564209837,490.3,16670238,1789628980,2026-09-17T07:09:40Z,NASDAQ:MSFT
33.25483858983317,-9.017875814868605,-42.63054889334556,-0.5617863589348332,519.0545,51.71656461944284,-1.3719021564209837,490.3,16670238,1789629165,2026-09-17T07:12:45Z,NASDAQ:MSFT
33.25483858983317,-9.017875814868605,-42.63054889334556,-0.5617863589348332,519.0545,51.71656461944284,-1.3719021564209837,490.3,16670238,1789629340,2026-09-17T07:15:40Z,NASDAQ:MSFT
33.25483858983317,-9.017875814868605,-42.63054889334556,-0.5617863589348332,519.0545,51.71656461944284,-1.3719021564209837,490.3,16670238,1789629527,2026-09-17T07:18:47Z,NASDAQ:MSFT
33.25483858983317,-9.017875814868605,-42.63054889334556,-0.5617863589348332,519.0545,51.71656461944284,-1.3719021564209837,490.3,16670238,1789629701,2026-09-17T07:21:41Z,NASDAQ:MSFT
33.25483858983317,-9.017875814868605,-42.63054889334556,-0.5617863589348332,519.0545,51.71656461944284,-1.3719021564209837,490.3,16670238,1789629886,2026-09-17T07:24:46Z,NASDAQ:MSFT
33.25483858983317,-9.017875814868605,-42.63054889334556,-0.5617863589348332,519.0545,51.71656461944284,-1.3719021564209837,490.3,16670238,1789630064,2026-09-17T07:27:44Z,NASDAQ:MSFT
33.25483858983317,-9.017875814868605,-42.63054889334556,-0.5617863589348332,519.0545,51.71656461944284,-1.3719021564209837,490.3,16670238,1789630243,2026-09-17T07:30:43Z,NASDAQ:MSFT
33.25483858983317,-9.017875814868605,-42.63054889334556,-0.5617863589348332,519.0545,51.71656461944284,-1.3719021564209837,490.3,16670238,1789630428,2026-09-17T07:33:48Z,NASDAQ:MSFT
33.25483858983317,-9.017875814868605,-42.63054889334556,-0.5617863589348332,519.0545,51.71656461944284,-1.3719021564209837,490.3,16670238,1789630602,2026-09-17T07:36:42Z,NASDAQ:MSFT
33.25483858983317,-9.017875814868605,-42.63054889334556,-0.5617863589348332,519.0545,51.71656461944284,-1.3719021564209837,490.3,16670238,1789630787,2026-09-17T07:39:47Z,NASDAQ:MSFT
33.25483858983317,-9.017875814868605,-42.63054889334556,-0.5617863589348332,519.0545,51.71656461944284,-1.3719021564209837,490.3,16670238,1789630961,2026-09-17T07:42:41Z,NASDAQ:MSFT
33.25483858983317,-9.017875814868605,-42.63054889334556,-0.5617863589348332,519.0545,51.71656461944284,-1.3719021564209837,490.3,16670238,1789631144,2026-09-17T07:45:44Z,NASDAQ:MSFT
33.25483858983317,-9.017875814868605,-42.63054889334556,-0.5617863589348332,519.0545,51.71656461944284,-1.3719021564209837,490.3,16670238,1789631324,2026-09-17T07:48:44Z,NASDAQ:MSFT
33.25483858983317,-9.017875814868605,-42.63054889334556,-0.5617863589348332,519.0545,51.71656461944284,-1.3719021564209837,490.3,16670238,1789631503,2026-09-17T07:51:43Z,NASDAQ:MSFT
33.25483858983317,-9.017875814868605,-42.63054889334556,-0.5617863589348332,519.0545,51.71656461944284,-1.3719021564209837,490.3,16670238,1789631682,2026-09-17T07:54:42Z,NASDAQ:MSFT
33.25483858983317,-9.017875814868605,-42.63054889334556,-0.5617863589348332,519.0545,51.71656461944284,-1.3719021564209837,490.3,16670238,1789631865,2026-09-17T07:57:45Z,NASDAQ:MSFT
33.25483858983317,-9.017875814868605,-42.63054889334556,-0.5617863589348332,519.0545,51.71656461944284,-1.3719021564209837,490.3,16670238,1789632060,2026-09-17T08:01:00Z,NASDAQ:MSFT
33.25483858983317,-9.017875814868605,-42.63054889334556,-0.5617863589348332,519.0545,51.71656461944284,-1.3719021564209837,490.3,16670238,1789632221,2026-09-17T08:03:41Z,NASDAQ:MSFT
33.25483858983317,-9.017875814868605,-42.63054889334556,-0.5617863589348332,519.0545,51.71656461944284,-1.3719021564209837,490.3,16670238,1789632405,2026-09-17T08:06:45Z,NASDAQ:MSFT
33.25483858983317,-9.017875814868605,-42.63054889334556,-0.5617863589348332,519.0545,51.71656461944284,-1.3719021564209837,490.3,16670238,1789632585,2026-09-17T08:09:45Z,NASDAQ:MSFT
33.25483858983317,-9.017875814868605,-42.63054889334556,-0.5617863589348332,519.0545,51.71656461944284,-1.3719021564209837,490.3,16670238,1789632762,2026-09-17T08:12:42Z,NASDAQ:MSFT
33.25483858983317,-9.017875814868605,-42.63054889334556,-0.5617863589348332,519.0545,51.71656461944284,-1.3719021564209837,490.3,16670238,1789632944,2026-09-17T08:15:44Z,NASDAQ:MSFT
33.25483858983317,-9.017875814868605,-42.63054889334556,-0.5617863589348332,519.0545,51.71656461944284,-1.3719021564209837,490.3,16670238,1789633126,2026-09-17T08:18:46Z,NASDAQ:MSFT
33.25483858983317,-9.017875814868605,-42.63054889334556,-0.5617863589348332,519.0545,51.71656461944284,-1.3719021564209837,490.3,16670238,1789633301,2026-09-17T08:21:41Z,NASDAQ:MSFT
33.25483858983317,-9.017875814868605,-42.63054889334556,-0.5617863589348332,519.0545,51.71656461944284,-1.3719021564209837,490.3,16670238,1789633486,2026-09-17T08:24:46Z,NASDAQ:MSFT
33.25483858983317,-9.017875814868605,-42.63054889334556,-0.5617863589348332,519.0545,51.71656461944284,-1.3719021564209837,490.3,16670238,1789633666,2026-09-17T08:27:46Z,NASDAQ:MSFT
33.25483858983317,-9.017875814868605,-42.63054889334556,-0.5617863589348332,519.0545,51.71656461944284,-1.3719021564209837,490.3,16670238,1789633844,2026-09-17T08:30:44Z,NASDAQ:MSFT
33.25483858983317,-9.017875814868605,-42.63054889334556,-0.5617863589348332,519.0545,51.71656461944284,-1.3719021564209837,490.3,16670238,1789634024,2026-09-17T08:33:44Z,NASDAQ:MSFT
33.25483858983317,-9.017875814868605,-42.63054889334556,-0.5617863589348332,519.0545,51.71656461944284,-1.3719021564209837,490.3,16670238,1789634205,2026-09-17T08:36:45Z,NASDAQ:MSFT
33.25483858983317,-9.017875814868605,-42.63054889334556,-0.5617863589348332,519.0545,51.71656461944284,-1.3719021564209837,490.3,16670238,1789634382,2026-09-17T08:39:42Z,NASDAQ:MSFT
33.25483858983317,-9.017875814868605,-42.63054889334556,-0.5617863589348332,519.0545,51.71656461944284,-1.3719021564209837,490.3,16670238,1789634564,2026-09-17T08:42:44Z,NASDAQ:MSFT
33.25483858983317,-9.017875814868605,-42.63054889334556,-0.5617863589348332,519.0545,51.71656461944284,-1.3719021564209837,490.3,16670238,1789634743,2026-09-17T08:45:43Z,NASDAQ:MSFT
33.25483858983317,-9.017875814868605,-42.63054889334556,-0.5617863589348332,519.0545,51.71656461944284,-1.3719021564209837,490.3,16670238,1789634925,2026-09-17T08:48:45Z,NASDAQ:MSFT
33.25483858983317,-9.017875814868605,-42.63054889334556,-0.5617863589348332,519.0545,51.71656461944284,-1.3719021564209837,490.3,16670238,1789635103,2026-09-17T08:51:43Z,NASDAQ:MSFT
33.25483858983317,-9.017875814868605,-42.63054889334556,-0.5617863589348332,519.0545,51.71656461944284,-1.3719021564209837,490.3,16670238,1789635281,2026-09-17T08:54:41Z,NASDAQ:MSFT
33.25483858983317,-9.017875814868605,-42.63054889334556,-0.5617863589348332,519.0545,51.71656461944284,-1.3719021564209837,490.3,16670238,1789635464,2026-09-17T08:57:44Z,NASDAQ:MSFT
33.25483858983317,-9.017875814868605,-42.63054889334556,-0.5617863589348332,519.0545,51.71656461944284,-1.3719021564209837,490.3,16670238,1789635647,2026-09-17T09:00:47Z,NASDAQ:MSFT
33.25483858983317,-9.017875814868605,-42.63054889334556,-0.5617863589348332,519.0545,51.71656461944284,-1.3719021564209837,490.3,16670238,1789635825,2026-09-17T09:03:45Z,NASDAQ:MSFT
33.25483858983317,-9.017875814868605,-42.63054889334556,-0.5617863589348332,519.0545,51.71656461944284,-1.3719021564209837,490.3,16670238,1789636006,2026-09-17T09:06:46Z,NASDAQ:MSFT
33.25483858983317,-9.017875814868605,-42.63054889334556,-0.5617863589348332,519.0545,51.71656461944284,-1.3719021564209837,490.3,16670238,1789636184,2026-09-17T09:09:44Z,NASDAQ:MSFT
33.25483858983317,-9.017875814868605,-42.63054889334556,-0.5617863589348332,519.0545,51.71656461944284,-1.3719021564209837,490.3,16670238,1789636366,2026-09-17T09:12:46Z,NASDAQ:MSFT
33.25483858983317,-9.017875814868605,-42.63054889334556,-0.5617863589348332,519.0545,51.71656461944284,-1.3719021564209837,490.3,16670238,1789636547,2026-09-17T09:15:47Z,NASDAQ:MSFT
33.25483858983317,-9.017875814868605,-42.63054889334556,-0.5617863589348332,519.0545,51.71656461944284,-1.3719021564209837,490.3,16670238,1789636724,2026-09-17T09:18:44Z,NASDAQ:MSFT
33.25483858983317,-9.017875814868605,-42.63054889334556,-0.5617863589348332,519.0545,51.71656461944284,-1.3719021564209837,490.3,16670238,1789636904,2026-09-17T09:21:44Z,NASDAQ:MSFT
33.25483858983317,-9.017875814868605,-42.63054889334556,-0.5617863589348332,519.0545,51.71656461944284,-1.3719021564209837,490.3,16670238,1789637083,2026-09-17T09:24:43Z,NASDAQ:MSFT
33.25483858983317,-9.017875814868605,-42.63054889334556,-0.5617863589348332,519.0545,51.71656461944284,-1.3719021564209837,490.3,16670238,1789637268,2026-09-17T09:27:48Z,NASDAQ:MSFT
33.25483858983317,-9.017875814868605,-42.63054889334556,-0.5617863589348332,519.0545,51.71656461944284,-1.3719021564209837,490.3,16670238,1789637442,2026-09-17T09:30:42Z,NASDAQ:MSFT
33.25483858983317,-9.017875814868605,-42.63054889334556,-0.5617863589348332,519.0545,51.71656461944284,-1.3719021564209837,490.3,16670238,1789637624,2026-09-17T09:33:44Z,NASDAQ:MSFT
33.25483858983317,-9.017875814868605,-42.63054889334556,-0.5617863589348332,519.0545,51.71656461944284,-1.3719021564209837,490.3,16670238,1789637806,2026-09-17T09:36:46Z,NASDAQ:MSFT
33.25483858983317,-9.017875814868605,-42.63054889334556,-0.5617863589348332,519.0545,51.71656461944284,-1.3719021564209837,490.3,16670238,1789637985,2026-09-17T09:39:45Z,NASDAQ:MSFT
33.25483858983317,-9.017875814868605,-42.63054889334556,-0.5617863589348332,519.0545,51.71656461944284,-1.3719021564209837,490.3,16670238,1789638162,2026-09-17T09:42:42Z,NASDAQ:MSFT
33.25483858983317,-9.017875814868605,-42.63054889334556,-0.5617863589348332,519.0545,51.71656461944284,-1.3719021564209837,490.3,16670238,1789638343,2026-09-17T09:45:43Z,NASDAQ:MSFT
33.25483858983317,-9.017875814868605,-42.63054889334556,-0.5617863589348332,519.0545,51.71656461944284,-1.3719021564209837,490.3,16670238,1789638524,2026-09-17T09:48:44Z,NASDAQ:MSFT
33.25483858983317,-9.017875814868605,-42.63054889334556,-0.5617863589348332,519.0545,51.71656461944284,-1.3719021564209837,490.3,16670238,1789638703,2026-09-17T09:51:43Z,NASDAQ:MSFT
33.25483858983317,-9.017875814868605,-42.63054889334556,-0.5617863589348332,519.0545,51.71656461944284,-1.3719021564209837,490.3,16670238,1789638883,2026-09-17T09:54:43Z,NASDAQ:MSFT
33.25483858983317,-9.017875814868605,-42.63054889334556,-0.5617863589348332,519.0545,51.71656461944284,-1.3719021564209837,490.3,16670238,1789639063,2026-09-17T09:57:43Z,NASDAQ:MSFT
33.25483858983317,-9.017875814868605,-42.63054889334556,-0.5617863589348332,519.0545,51.71656461944284,-1.3719021564209837,490.3,16670238,1789639242,2026-09-17T10:00:42Z,NASDAQ:MSFT
33.25483858983317,-9.017875814868605,-42.63054889334556,-0.5617863589348332,519.0545,51.71656461944284,-1.3719021564209837,490.3,16670238,1789639423,2026-09-17T10:03:43Z,NASDAQ:MSFT
33.25483858983317,-9.017875814868605,-42.63054889334556,-0.5617863589348332,519.0545,51.71656461944284,-1.3719021564209837,490.3,16670238,1789639603,2026-09-17T10:06:43Z,NASDAQ:MSFT
33.25483858983317,-9.017875814868605,-42.63054889334556,-0.5617863589348332,519.0545,51.71656461944284,-1.3719021564209837,490.3,16670238,1789639786,2026-09-17T10:09:46Z,NASDAQ:MSFT
33.25483858983317,-9.017875814868605,-42.63054889334556,-0.5617863589348332,519.0545,51.71656461944284,-1.3719021564209837,490.3,16670238,1789639963,2026-09-17T10:12:43Z,NASDAQ:MSFT
33.25483858983317,-9.017875814868605,-42.63054889334556,-0.5617863589348332,519.0545,51.71656461944284,-1.3719021564209837,490.3,16670238,1789640143,2026-09-17T10:15:43Z,NASDAQ:MSFT
33.25483858983317,-9.017875814868605,-42.63054889334556,-0.5617863589348332,519.0545,51.71656461944284,-1.3719021564209837,490.3,16670238,1789640325,2026-09-17T10:18:45Z,NASDAQ:MSFT
33.25483858983317,-9.017875814868605,-42.63054889334556,-0.5617863589348332,519.0545,51.71656461944284,-1.3719021564209837,490.3,16670238,1789640502,2026-09-17T10:21:42Z,NASDAQ:MSFT
33.25483858983317,-9.017875814868605,-42.63054889334556,-0.5617863589348332,519.0545,51.71656461944284,-1.3719021564209837,490.3,16670238,1789640684,2026-09-17T10:24:44Z,NASDAQ:MSFT
33.25483858983317,-9.017875814868605,-42.63054889334556,-0.5617863589348332,519.0545,51.71656461944284,-1.3719021564209837,490.3,16670238,1789640863,2026-09-17T10:27:43Z,NASDAQ:MSFT
33.25483858983317,-9.017875814868605,-42.63054889334556,-0.5617863589348332,519.0545,51.71656461944284,-1.3719021564209837,490.3,16670238,1789641047,2026-09-17T10:30:47Z,NASDAQ:MSFT
33.25483858983317,-9.017875814868605,-42.63054889334556,-0.5617863589348332,519.0545,51.71656461944284,-1.3719021564209837,490.3,16670238,1789641224,2026-09-17T10:33:44Z,NASDAQ:MSFT
33.25483858983317,-9.017875814868605,-42.63054889334556,-0.5617863589348332,519.0545,51.71656461944284,-1.3719021564209837,490.3,16670238,1789641406,2026-09-17T10:36:46Z,NASDAQ:MSFT
33.25483858983317,-9.017875814868605,-42.63054889334556,-0.5617863589348332,519.0545,51.71656461944284,-1.3719021564209837,490.3,16670238,1789641586,2026-09-17T10:39:46Z,NASDAQ:MSFT
33.25483858983317,-9.017875814868605,-42.63054889334556,-0.5617863589348332,519.0545,51.71656461944284,-1.3719021564209837,490.3,16670238,1789641762,2026-09-17T10:42:42Z,NASDAQ:MSFT
33.25483858983317,-9.017875814868605,-42.63054889334556,-0.5617863589348332,519.0545,51.71656461944284,-1.3719021564209837,490.3,16670238,1789641945,2026-09-17T10:45:45Z,NASDAQ:MSFT
33.25483858983317,-9.017875814868605,-42.63054889334556,-0.5617863589348332,519.0545,51.71656461944284,-1.3719021564209837,490.3,16670238,1789642124,2026-09-17T10:48:44Z,NASDAQ:MSFT
33.25483858983317,-9.017875814868605,-42.63054889334556,-0.5617863589348332,519.0545,51.71656461944284,-1.3719021564209837,490.3,16670238,1789642304,2026-09-17T10:51:44Z,NASDAQ:MSFT
33.25483858983317,-9.017875814868605,-42.63054889334556,-0.5617863589348332,519.0545,51.71656461944284,-1.3719021564209837,490.3,16670238,1789642485,2026-09-17T10:54:45Z,NASDAQ:MSFT
33.25483858983317,-9.017875814868605,-42.63054889334556,-0.5617863589348332,519.0545,51.71656461944284,-1.3719021564209837,490.3,16670238,1789642666,2026-09-17T10:57:46Z,NASDAQ:MSFT
33.25483858983317,-9.017875814868605,-42.63054889334556,-0.5617863589348332,519.0545,51.71656461944284,-1.3719021564209837,490.3,16670238,1789642845,2026-09-17T11:00:45Z,NASDAQ:MSFT
33.25483858983317,-9.017875814868605,-42.63054889334556,-0.5617863589348332,519.0545,51.71656461944284,-1.3719021564209837,490.3,16670238,1789643021,2026-09-17T11:03:41Z,NASDAQ:MSFT
33.25483858983317,-9.017875814868605,-42.63054889334556,-0.5617863589348332,519.0545,51.71656461944284,-1.3719021564209837,490.3,16670238,1789643203,2026-09-17T11:06:43Z,NASDAQ:MSFT
33.25483858983317,-9.017875814868605,-42.63054889334556,-0.5617863589348332,519.0545,51.71656461944284,-1.3719021564209837,490.3,16670238,1789643385,2026-09-17T11:09:45Z,NASDAQ:MSFT
33.25483858983317,-9.017875814868605,-42.63054889334556,-0.5617863589348332,519.0545,51.71656461944284,-1.3719021564209837,490.3,16670238,1789643563,2026-09-17T11:12:43Z,NASDAQ:MSFT
33.25483858983317,-9.017875814868605,-42.63054889334556,-0.5617863589348332,519.0545,51.71656461944284,-1.3719021564209837,490.3,16670238,1789643745,2026-09-17T11:15:45Z,NASDAQ:MSFT
33.25483858983317,-9.017875814868605,-42.63054889334556,-0.5617863589348332,519.0545,51.71656461944284,-1.3719021564209837,490.3,16670238,1789643926,2026-09-17T11:18:46Z,NASDAQ:MSFT
33.25483858983317,-9.017875814868605,-42.63054889334556,-0.5617863589348332,519.0545,51.71656461944284,-1.3719021564209837,490.3,16670238,1789644103,2026-09-17T11:21:43Z,NASDAQ:MSFT
33.25483858983317,-9.017875814868605,-42.63054889334556,-0.5617863589348332,519.0545,51.71656461944284,-1.3719021564209837,490.3,16670238,1789644281,2026-09-17T11:24:41Z,NASDAQ:MSFT
33.25483858983317,-9.017875814868605,-42.63054889334556,-0.5617863589348332,519.0545,51.71656461944284,-1.3719021564209837,490.3,16670238,1789644464,2026-09-17T11:27:44Z,NASDAQ:MSFT
33.25483858983317,-9.017875814868605,-42.63054889334556,-0.5617863589348332,519.0545,51.71656461944284,-1.3719021564209837,490.3,16670238,1789644643,2026-09-17T11:30:43Z,NASDAQ:MSFT
33.25483858983317,-9.017875814868605,-42.63054889334556,-0.5617863589348332,519.0545,51.71656461944284,-1.3719021564209837,490.3,16670238,1789644823,2026-09-17T11:33:43Z,NASDAQ:MSFT
33.25483858983317,-9.017875814868605,-42.63054889334556,-0.5617863589348332,519.0545,51.71656461944284,-1.3719021564209837,490.3,16670238,1789645005,2026-09-17T11:36:45Z,NASDAQ:MSFT
33.25483858983317,-9.017875814868605,-42.63054889334556,-0.5617863589348332,519.0545,51.71656461944284,-1.3719021564209837,490.3,16670238,1789645184,2026-09-17T11:39:44Z,NASDAQ:MSFT
33.25483858983317,-9.017875814868605,-42.63054889334556,-0.5617863589348332,519.0545,51.71656461944284,-1.3719021564209837,490.3,16670238,1789645365,2026-09-17T11:42:45Z,NASDAQ:MSFT
33.25483858983317,-9.017875814868605,-42.63054889334556,-0.5617863589348332,519.0545,51.71656461944284,-1.3719021564209837,490.3,16670238,1789645542,2026-09-17T11:45:42Z,NASDAQ:MSFT
33.25483858983317,-9.017875814868605,-42.63054889334556,-0.5617863589348332,519.0545,51.71656461944284,-1.3719021564209837,490.3,16670238,1789645726,2026-09-17T11:48:46Z,NASDAQ:MSFT
33.25483858983317,-9.017875814868605,-42.63054889334556,-0.5617863589348332,519.0545,51.71656461944284,-1.3719021564209837,490.3,16670238,1789645903,2026-09-17T11:51:43Z,NASDAQ:MSFT
33.25483858983317,-9.017875814868605,-42.63054889334556,-0.5617863589348332,519.0545,51.71656461944284,-1.3719021564209837,490.3,16670238,1789646083,2026-09-17T11:54:43Z,NASDAQ:MSFT
33.25483858983317,-9.017875814868605,-42.63054889334556,-0.5617863589348332,519.0545,51.71656461944284,-1.3719021564209837,490.3,16670238,1789646266,2026-09-17T11:57:46Z,NASDAQ:MSFT
33.25483858983317,-9.017875814868605,-42.63054889334556,-0.5617863589348332,519.0545,51.71656461944284,-1.3719021564209837,490.3,16670238,1789646444,2026-09-17T12:00:44Z,NASDAQ:MSFT
33.25483858983317,-9.017875814868605,-42.63054889334556,-0.5617863589348332,519.0545,51.71656461944284,-1.3719021564209837,490.3,16670238,1789646623,2026-09-17T12:03:43Z,NASDAQ:MSFT
33.25483858983317,-9.017875814868605,-42.63054889334556,-0.5617863589348332,519.0545,51.71656461944284,-1.3719021564209837,490.3,16670238,1789646805,2026-09-17T12:06:45Z,NASDAQ:MSFT
33.25483858983317,-9.017875814868605,-42.63054889334556,-0.5617863589348332,519.0545,51.71656461944284,-1.3719021564209837,490.3,16670238,1789646985,2026-09-17T12:09:45Z,NASDAQ:MSFT
33.25483858983317,-9.017875814868605,-42.63054889334556,-0.5617863589348332,519.0545,51.71656461944284,-1.3719021564209837,490.3,16670238,1789647164,2026-09-17T12:12:44Z,NASDAQ:MSFT
33.25483858983317,-9.017875814868605,-42.63054889334556,-0.5617863589348332,519.0545,51.71656461944284,-1.3719021564209837,490.3,16670238,1789647348,2026-09-17T12:15:48Z,NASDAQ:MSFT
33.25483858983317,-9.017875814868605,-42.63054889334556,-0.5617863589348332,519.0545,51.71656461944284,-1.3719021564209837,490.3,16670238,1789647526,2026-09-17T12:18:46Z,NASDAQ:MSFT
33.25483858983317,-9.017875814868605,-42.63054889334556,-0.5617863589348332,519.0545,51.71656461944284,-1.3719021564209837,490.3,16670238,1789647703,2026-09-17T12:21:43Z,NASDAQ:MSFT
33.25483858983317,-9.017875814868605,-42.63054889334556,-0.5617863589348332,519.0545,51.71656461944284,-1.3719021564209837,490.3,16670238,1789647885,2026-09-17T12:24:45Z,NASDAQ:MSFT
33.25483858983317,-9.017875814868605,-42.63054889334556,-0.5617863589348332,519.0545,51.71656461944284,-1.3719021564209837,490.3,16670238,1789648063,2026-09-17T12:27:43Z,NASDAQ:MSFT
33.25483858983317,-9.017875814868605,-42.63054889334556,-0.5617863589348332,519.0545,51.71656461944284,-1.3719021564209837,490.3,16670238,1789648243,2026-09-17T12:30:43Z,NASDAQ:MSFT
33.25483858983317,-9.017875814868605,-42.63054889334556,-0.5617863589348332,519.0545,51.71656461944284,-1.3719021564209837,490.3,16670238,1789648426,2026-09-17T12:33:46Z,NASDAQ:MSFT
33.25483858983317,-9.017875814868605,-42.63054889334556,-0.5617863589348332,519.0545,51.71656461944284,-1.3719021564209837,490.3,16670238,1789648603,2026-09-17T12:36:43Z,NASDAQ:MSFT
33.25483858983317,-9.017875814868605,-42.63054889334556,-0.5617863589348332,519.0545,51.71656461944284,-1.3719021564209837,490.3,16670238,1789648785,2026-09-17T12:39:45Z,NASDAQ:MSFT
33.25483858983317,-9.017875814868605,-42.63054889334556,-0.5617863589348332,519.0545,51.71656461944284,-1.3719021564209837,490.3,16670238,1789648963,2026-09-17T12:42:43Z,NASDAQ:MSFT
33.25483858983317,-9.017875814868605,-42.63054889334556,-0.5617863589348332,519.0545,51.71656461944284,-1.3719021564209837,490.3,16670238,1789649142,2026-09-17T12:45:42Z,NASDAQ:MSFT
33.25483858983317,-9.017875814868605,-42.63054889334556,-0.5617863589348332,519.0545,51.71656461944284,-1.3719021564209837,490.3,16670238,1789649322,2026-09-17T12:48:42Z,NASDAQ:MSFT
33.25483858983317,-9.017875814868605,-42.63054889334556,-0.5617863589348332,519.0545,51.71656461944284,-1.3719021564209837,490.3,16670238,1789649506,2026-09-17T12:51:46Z,NASDAQ:MSFT
33.25483858983317,-9.017875814868605,-42.63054889334556,-0.5617863589348332,519.0545,51.71656461944284,-1.3719021564209837,490.3,16670238,1789649685,2026-09-17T12:54:45Z,NASDAQ:MSFT
33.25483858983317,-9.017875814868605,-42.63054889334556,-0.5617863589348332,519.0545,51.71656461944284,-1.3719021564209837,490.3,16670238,1789649861,2026-09-17T12:57:41Z,NASDAQ:MSFT
33.25483858983317,-9.017875814868605,-42.63054889334556,-0.5617863589348332,519.0545,51.71656461944284,-1.3719021564209837,490.3,16670238,1789650042,2026-09-17T13:00:42Z,NASDAQ:MSFT
33.25483858983317,-9.017875814868605,-42.63054889334556,-0.5617863589348332,519.0545,51.71656461944284,-1.3719021564209837,490.3,16670238,1789650225,2026-09-17T13:03:45Z,NASDAQ:MSFT
33.25483858983317,-9.017875814868605,-42.63054889334556,-0.5617863589348332,519.0545,51.71656461944284,-1.3719021564209837,490.3,16670238,1789650404,2026-09-17T13:06:44Z,NASDAQ:MSFT
33.25483858983317,-9.017875814868605,-42.63054889334556,-0.5617863589348332,519.0545,51.71656461944284,-1.3719021564209837,490.3,16670238,1789650586,2026-09-17T13:09:46Z,NASDAQ:MSFT
33.25483858983317,-9.017875814868605,-42.63054889334556,-0.5617863589348332,519.0545,51.71656461944284,-1.3719021564209837,490.3,16670238,1789650766,2026-09-17T13:12:46Z,NASDAQ:MSFT
33.25483858983317,-9.017875814868605,-42.63054889334556,-0.5617863589348332,519.0545,51.71656461944284,-1.3719021564209837,490.3,16670238,1789650946,2026-09-17T13:15:46Z,NASDAQ:MSFT
33.25483858983317,-9.017875814868605,-42.63054889334556,-0.5617863589348332,519.0545,51.71656461944284,-1.3719021564209837,490.3,16670238,1789651126,2026-09-17T13:18:46Z,NASDAQ:MSFT
33.25483858983317,-9.017875814868605,-42.63054889334556,-0.5617863589348332,519.0545,51.71656461944284,-1.3719021564209837,490.3,16670238,1789651301,2026-09-17T13:21:41Z,NASDAQ:MSFT
33.25483858983317,-9.017875814868605,-42.63054889334556,-0.5617863589348332,519.0545,51.71656461944284,-1.3719021564209837,490.3,16670238,1789651482,2026-09-17T13:24:42Z,NASDAQ:MSFT
33.25483858983317,-9.017875814868605,-42.63054889334556,-0.5617863589348332,519.0545,51.71656461944284,-1.3719021564209837,490.3,16670238,1789651666,2026-09-17T13:27:46Z,NASDAQ:MSFT
33.25483858983317,-9.017875814868605,-42.63054889334556,-0.5617863589348332,519.0545,51.71656461944284,-1.3719021564209837,490.3,16670238,1789651843,2026-09-17T13:30:43Z,NASDAQ:MSFT
33.25483858983317,-9.017875814868605,-42.63054889334556,-0.5617863589348332,519.0545,51.71656461944284,-1.3719021564209837,490.3,16670238,1789652025,2026-09-17T13:33:45Z,NASDAQ:MSFT
33.25483858983317,-9.017875814868605,-42.63054889334556,-0.5617863589348332,519.0545,51.71656461944284,-1.3719021564209837,490.3,16670238,1789652200,2026-09-17T13:36:40Z,NASDAQ:MSFT
33.25483858983317,-9.017875814868605,-42.63054889334556,-0.5617863589348332,519.0545,51.71656461944284,-1.3719021564209837,490.3,16670238,1789652385,2026-09-17T13:39:45Z,NASDAQ:MSFT
33.25483858983317,-9.017875814868605,-42.63054889334556,-0.5617863589348332,519.0545,51.71656461944284,-1.3719021564209837,490.3,16670238,1789652563,2026-09-17T13:42:43Z,NASDAQ:MSFT
32.46864268061421,2.8903921586839942,12.965257031759055,1.9403260157273965,519.0545,55.60556927579822,1.528655924943913,497.795,492051,1789652742,2026-09-17T13:45:42Z,NASDAQ:MSFT
32.717476127625936,3.872535015826884,4.389245684446852,1.3438933486238531,519.0545,54.171158714588415,0.9346318580460904,494.8825,1512876,1789652925,2026-09-17T13:48:45Z,NASDAQ:MSFT
32.717476127625936,3.5418207301125904,0.3992523685175047,1.1938892529488827,519.0545,53.795693999918896,0.7852335304915288,494.15,1723663,1789653102,2026-09-17T13:51:42Z,NASDAQ:MSFT
32.717476127625936,2.6732207301126323,2.0330983812025685,1.4150761795543905,519.0545,54.34720472629877,1.005527228227612,495.2301,2036395,1789653288,2026-09-17T13:54:48Z,NASDAQ:MSFT
32.717476127625936,2.2146778729697303,7.04827012139185,1.7437336173001283,519.0545,55.14279188175853,1.332857434223938,496.835,2293710,1789653465,2026-09-17T13:57:45Z,NASDAQ:MSFT
32.717476127625936,2.324677872969744,5.848808910477498,1.664891874180864,519.0545,54.95447694206078,1.2543340811747865,496.45,2531538,1789653648,2026-09-17T14:00:48Z,NASDAQ:MSFT
32.717476127625936,2.163249301541157,7.608274605201609,1.7805946920052411,519.0545,55.23029613011324,1.3695696512339333,497.015,2683933,1789653826,2026-09-17T14:03:46Z,NASDAQ:MSFT
32.717476127625936,2.127535015826936,7.996873737909937,1.8061926605504568,519.0545,55.290862382171,1.3950642463797622,497.14,2820210,1789654003,2026-09-17T14:06:43Z,NASDAQ:MSFT
32.717476127625936,1.9646778729697305,9.76584918985973,1.922919397116642,519.0545,55.5649798441227,1.5113196002447415,497.71,2988477,1789654181,2026-09-17T14:09:41Z,NASDAQ:MSFT
32.717476127625936,2.3418207301126017,5.661674117932094,1.6526048492791598,519.0545,54.92498666040608,1.242096675504788,496.39,3074327,1789654366,2026-09-17T14:12:46Z,NASDAQ:MSFT
32.717476127625936,2.468963587255473,4.272022002748887,1.5614760812581914,519.0545,54.70505600227046,1.1513359167856376,495.945,3204345,1789654545,2026-09-17T14:15:45Z,NASDAQ:MSFT
32.717476127625936,2.2589635872554368,6.565644705296664,1.7119921363040658,519.0545,55.06716644132479,1.203344890883128,496.2,3307534,1789654725,2026-09-17T14:18:45Z,NASDAQ:MSFT
32.717476127625936,2.0189635872555414,9.176743448294586,1.8840104849279136,519.0545,55.47398159928103,1.472567815623082,497.52,3438503,1789654904,2026-09-17T14:21:44Z,NASDAQ:MSFT
32.717476127625936,2.45039215868411,4.475195882363171,1.5747870249017033,519.0545,54.73731445804391,1.1645931062614685,496.01,3534853,1789655084,2026-09-17T14:24:44Z,NASDAQ:MSFT
32.717476127625936,2.553249301541257,3.349102494425999,1.5010648754914775,519.0545,54.558072476910894,1.0911686722414775,495.65,3585907,1789655265,2026-09-17T14:27:45Z,NASDAQ:MSFT
32.717476127625936,2.418963587255518,4.818879656563959,1.5973132372214964,519.0545,54.79180114226583,1.187028349989801,496.12,3690501,1789655445,2026-09-17T14:30:45Z,NASDAQ:MSFT
32.717476127625936,2.467535015826968,4.287653084919825,1.5624999999999991,519.0545,54.70753905431143,1.15235570059147,495.95,3746006,1789655625,2026-09-17T14:33:45Z,NASDAQ:MSFT
32.717476127625936,2.326106444398363,5.833216465857947,1.6638679554390563,519.0545,54.95202089251613,1.2533142973689542,496.445,3799893,1789655806,2026-09-17T14:36:46Z,NASDAQ:MSFT
32.717476127625936,2.1061064443983355,8.229918098113309,1.8215514416775849,519.0545,55.32712353820357,1.4103610034672576,497.215,3874094,1789655984,2026-09-17T14:39:44Z,NASDAQ:MSFT
32.717476127625936,1.804677872969762,11.49895439652219,2.0375982961992114,519.0545,55.83103446629009,1.6255353864980564,498.27,4071170,1789656163,2026-09-17T14:42:43Z,NASDAQ:MSFT
32.717476127625936,1.891992158684104,10.553767011193546,1.9750163826998728,519.0545,55.68624087418716,1.5632062002855396,497.9644,4164835,1789656345,2026-09-17T14:45:45Z,NASDAQ:MSFT
32.717476127625936,1.6589635872555275,13.073164877652772,2.142038007863692,519.0545,56.0705772391722,1.7295533346930372,498.78,4315957,1789656526,2026-09-17T14:48:46Z,NASDAQ:MSFT
32.717476127625936,1.7946778729697712,11.607114792601426,2.044765727391877,519.0545,55.84755713447944,1.6326738731388937,498.305,4390301,1789656702,2026-09-17T14:51:42Z,NASDAQ:MSFT
32.717476127625936,1.807535015826886,11.4680480020113,2.035550458715596,519.0545,55.82631143236792,1.6234958188863915,498.26,4455162,1789656883,2026-09-17T14:54:43Z,NASDAQ:MSFT
32.717476127625936,2.0475350158268952,8.866465932572828,1.863532110091748,519.0545,55.42593792135136,1.4521721395064255,497.42,4559114,1789657066,2026-09-17T14:57:46Z,NASDAQ:MSFT
32.717476127625936,2.0146778729697985,9.223271872975788,1.8870822411533483,519.0545,55.48117921978377,1.4756271670405905,497.535,4607414,1789657240,2026-09-17T15:00:40Z,NASDAQ:MSFT
32.717476127625936,2.198963587255492,7.219435447788091,1.7549967234600248,519.0545,55.16956556055209,1.3440750560881043,496.89,4647208,1789657426,2026-09-17T15:03:46Z,NASDAQ:MSFT
32.717476127625936,2.161820730112652,7.623823177503827,1.7816186107470489,519.0545,55.23272193064704,1.3705894350397656,497.02,4684865,1789657608,2026-09-17T15:06:48Z,NASDAQ:MSFT
32.717476127625936,2.1675350158269,7.561626583998296,1.777522935779818,519.0545,55.223017150895686,1.3665102998164365,497.0,4738946,1789657782,2026-09-17T15:09:42Z,NASDAQ:MSFT
32.717476127625936,2.193249301541244,7.281665851799999,1.7590923984272673,519.0545,55.17929352137308,1.3481541913114448,496.91,4784525,1789657966,2026-09-17T15:12:46Z,NASDAQ:MSFT
32.717476127625936,2.3561064443983355,5.505686017939212,1.642365661861071,519.0545,54.90038191337083,1.231898837446454,496.34,4839376,1789658147,2026-09-17T15:15:47Z,NASDAQ:MSFT
32.717476127625936,2.5875350158269725,2.9732913788041024,1.476490825688069,519.0545,54.49800926393258,1.0666938609014809,495.53,4881028,1789658325,2026-09-17T15:18:45Z,NASDAQ:MSFT
32.717476127625936,2.748963587255446,1.2008384470214803,1.3607880078636925,519.0545,54.213064556872695,0.951458290842334,494.965,4949258,1789658504,2026-09-17T15:21:44Z,NASDAQ:MSFT
32.717476127625936,2.726163587255485,1.4514792898926114,1.3771297509829654,519.0545,54.2535260835037,0.9677340403834382,495.0448,5013864,1789658683,2026-09-17T15:24:43Z,NASDAQ:MSFT
32.717476127625936,2.4646778729697303,4.318914088017807,1.5645478374836146,519.0545,54.71250434176292,1.1543952682031344,495.96,5117820,1789658867,2026-09-17T15:27:47Z,NASDAQ:MSFT
32.717476127625936,2.416820730112647,4.842305825656991,1.598849115334208,519.0545,54.79551136686626,1.091413420354886,495.6512,5342865,1789659046,2026-09-17T15:30:46Z,NASDAQ:MSFT
32.717476127625936,2.55039215868402,3.3804099979414493,1.5031127129751047,519.0545,54.56307058784375,1.093208239853154,495.66,5374947,1789659223,2026-09-17T15:33:43Z,NASDAQ:MSFT
32.717476127625936,2.398963587255537,5.0374900806208585,1.611648099606816,519.0545,54.82640623827963,1.2013053232714637,496.19,5427215,1789659405,2026-09-17T15:36:45Z,NASDAQ:MSFT
32.717476127625936,2.5218207301126654,3.693399709446077,1.5235910878112708,519.0545,54.61299129253084,1.11360391596981,495.76,5459891,1789659586,2026-09-17T15:39:46Z,NASDAQ:MSFT
32.717476127625936,2.328963587255487,5.802030419605195,1.661820117955441,519.0545,54.94710798986144,1.2512747297572897,496.435,5561793,1789659763,2026-09-17T15:42:43Z,NASDAQ:MSFT
32.717476127625936,2.504677872969808,3.881119103433104,1.535878112712975,519.0545,54.64289109696266,1.1258413216398089,495.82,5619782,1789659944,2026-09-17T15:45:44Z,NASDAQ:MSFT
32.717476127625936,2.283249301541161,6.300822104000689,1.6945855176933229,519.0545,55.02558606483594,1.283907811543956,496.595,6049153,1789660126,2026-09-17T15:48:46Z,NASDAQ:MSFT
32.717476127625936,2.168963587255518,7.546076475452741,1.7764990170380102,519.0545,55.220590298475294,1.3654905160106043,496.995,6122707,1789660307,2026-09-17T15:51:47Z,NASDAQ:MSFT
32.717476127625936,2.238963587255455,6.783650359487759,1.7263269986893854,519.0545,55.10135141801736,1.3155211095247783,496.75,6154575,1789660483,2026-09-17T15:54:43Z,NASDAQ:MSFT
32.717476127625936,2.2982207301126323,6.137511291372283,1.6838548492791612,519.0545,54.9999146201688,1.2732204772588174,496.5426,6190140,1789660665,2026-09-17T15:57:45Z,NASDAQ:MSFT
32.717476127625936,2.077535015826868,8.540509705170539,1.8420298165137623,519.0545,55.37538034899666,1.4307566795839255,497.315,6235078,1789660844,2026-09-17T16:00:44Z,NASDAQ:MSFT
32.717476127625936,2.0189635872555414,9.176743448294586,1.8840104849279136,519.0545,55.47398159928103,1.472567815623082,497.52,6282652,1789661022,2026-09-17T16:03:42Z,NASDAQ:MSFT
32.717476127625936,2.066106444398372,8.664703424684621,1.850221166448236,519.0545,55.394653894090496,1.4389149500305949,497.355,6318820,1789661206,2026-09-17T16:06:46Z,NASDAQ:MSFT
32.717476127625936,2.0861064443983537,8.447348322075351,1.835886304062916,519.0545,55.36091425624425,1.424637976748932,497.285,6346500,1789661386,2026-09-17T16:09:46Z,NASDAQ:MSFT
32.717476127625936,2.2446778729698167,6.721370727322495,1.7222313237221545,519.0545,55.0915895907263,1.3114419743014494,496.73,6382232,1789661564,2026-09-17T16:12:44Z,NASDAQ:MSFT
32.717476127625936,2.227535015826959,6.90819115459184,1.734518348623859,519.0545,55.120862346449385,1.323679379971448,496.79,6430523,1789661744,2026-09-17T16:15:44Z,NASDAQ:MSFT
32.717476127625936,2.394677872969794,5.084325317031541,1.614719855832239,519.0545,54.833814724623394,1.2043646746889605,496.205,6464807,1789661924,2026-09-17T16:18:44Z,NASDAQ:MSFT
32.717476127625936,2.5403921586840283,3.4899740414825,1.510280144167759,519.0545,54.58055532108136,1.1003467264939797,495.695,6501532,1789662105,2026-09-17T16:21:45Z,NASDAQ:MSFT
32.717476127625936,2.5032493015411887,3.896759867431409,1.5369020314547828,519.0545,54.64538096920753,1.126861105445641,495.825,6560499,1789662285,2026-09-17T16:24:45Z,NASDAQ:MSFT
32.717476127625936,2.4475350158268725,4.506447597809508,1.5768348623853188,519.0545,54.74227321960806,1.166632673873133,496.02,6649355,1789662466,2026-09-17T16:27:46Z,NASDAQ:MSFT
32.717476127625936,2.496106444398322,3.974957876022973,1.542021625163833,519.0545,54.65782623112123,1.1319600244748136,495.85,6688286,1789662645,2026-09-17T16:30:45Z,NASDAQ:MSFT
32.717476127625936,2.5146778729697985,3.771622905757487,1.528710681520321,519.0545,54.62545433373887,1.1187028349989832,495.785,6722436,1789662824,2026-09-17T16:33:44Z,NASDAQ:MSFT
32.717476127625936,2.587506444398344,2.9736046478198914,1.476511304062912,519.0545,54.49805938271239,1.0667142565776042,495.5301,6745381,1789663003,2026-09-17T16:36:43Z,NASDAQ:MSFT
32.717476127625936,2.5261064443982946,3.646461140179469,1.5205193315858476,519.0545,54.60551018096588,1.1105445645523135,495.745,6775410,1789663185,2026-09-17T16:39:45Z,NASDAQ:MSFT
32.717476127625936,2.501820730112684,3.912400243983936,1.5379259501965905,519.0545,54.647870568105,1.1278808892514731,495.83,6819978,1789663365,2026-09-17T16:42:45Z,NASDAQ:MSFT
32.717476127625936,2.48753501582695,4.068782703153921,1.5481651376146794,519.0545,54.672751532871416,1.138078727309807,495.88,6846533,1789663543,2026-09-17T16:45:43Z,NASDAQ:MSFT
32.717476127625936,2.6803921586840147,1.9543458885743303,1.4099361074705092,519.0545,54.33453786180647,1.0004079135223276,495.205,6895846,1789663723,2026-09-17T16:48:43Z,NASDAQ:MSFT
32.717476127625936,2.633449301541248,2.4696673151005006,1.4435820773263468,519.0545,54.417325481476766,1.0339180093820106,495.3693,6921526,1789663900,2026-09-17T16:51:40Z,NASDAQ:MSFT
32.717476127625936,2.638963587255432,2.409155282789836,1.439629750982968,519.0545,54.40761614426386,1.0299816438914973,495.35,6943367,1789664084,2026-09-17T16:54:44Z,NASDAQ:MSFT
32.717476127625936,2.5203921586840465,3.709045123916965,1.5246150065530786,519.0545,54.615484448458766,1.1146236997756425,495.765,6972973,1789664263,2026-09-17T16:57:43Z,NASDAQ:MSFT
32.717476127625936,2.490392158684074,4.037509310081038,1.546117300131064,519.0545,54.6677775241784,1.1360391596981425,495.87,7009238,1789664441,2026-09-17T17:00:41Z,NASDAQ:MSFT
32.717476127625936,2.45039215868411,4.475195882363171,1.5747870249017033,519.0545,54.73731445804391,1.1645931062614685,496.01,7043859,1789664624,2026-09-17T17:03:44Z,NASDAQ:MSFT
32.717476127625936,2.398963587255537,5.0374900806208585,1.611648099606816,519.0545,54.82640623827963,1.2013053232714637,496.19,7081191,1789664808,2026-09-17T17:06:48Z,NASDAQ:MSFT
32.717476127625936,2.478963587255464,4.1625935879377485,1.5543086500655374,519.0545,54.68766701191969,1.144197430144812,495.91,7105959,1789664985,2026-09-17T17:09:45Z,NASDAQ:MSFT
32.717476127625936,2.5246778729697894,3.6621077175920176,1.5215432503276554,519.0545,54.60800415882955,1.1115643483581457,495.75,7135200,1789665166,2026-09-17T17:12:46Z,NASDAQ:MSFT
32.717476127625936,2.467535015826968,4.287653084919825,1.5624999999999991,519.0545,54.70753905431143,1.15235570059147,495.95,7155955,1789665340,2026-09-17T17:15:40Z,NASDAQ:MSFT
32.717476127625936,2.584677872969735,3.004617511542024,1.4785386631716964,519.0545,54.50302059545102,1.0687334285131571,495.54,7194948,1789665523,2026-09-17T17:18:43Z,NASDAQ:MSFT
32.717476127625936,2.527535015826913,3.6308141750901375,1.51949541284404,519.0545,54.603015929033305,1.1095247807464812,495.74,7218875,1789665702,2026-09-17T17:21:42Z,NASDAQ:MSFT
32.717476127625936,2.5246778729697894,3.6621077175920176,1.5215432503276554,519.0545,54.60800415882955,1.1115643483581457,495.75,7254256,1789665883,2026-09-17T17:24:43Z,NASDAQ:MSFT
32.717476127625936,2.563249301541248,3.239514010937868,1.4938974442988238,519.0545,54.540570425999285,1.084030185600652,495.615,7279332,1789666063,2026-09-17T17:27:43Z,NASDAQ:MSFT
32.717476127625936,2.633249301541184,2.47186194316574,1.443725425950199,519.0545,54.41767755589007,1.0340607791148264,495.37,7320827,1789666242,2026-09-17T17:30:42Z,NASDAQ:MSFT
32.717476127625936,2.746106444398322,1.232252516194697,1.3628358453473193,519.0545,54.21813884580651,0.95349785845401,494.975,7379443,1789666423,2026-09-17T17:33:43Z,NASDAQ:MSFT
32.717476127625936,2.864649301541192,-0.0724207503799856,1.2778710681520282,519.0545,54.006657520726,0.8688761982459648,494.5601,7409857,1789666603,2026-09-17T17:36:43Z,NASDAQ:MSFT
32.717476127625936,2.718963587255473,1.5306084039769372,1.3822903014416776,519.0545,54.26628855498847,0.9810320212115036,495.11,7437389,1789666781,2026-09-17T17:39:41Z,NASDAQ:MSFT
32.717476127625936,2.7718207301126654,0.9494697335939588,1.344405307994757,519.0545,54.1724297155807,0.9351417499490068,494.885,7474201,1789666964,2026-09-17T17:42:44Z,NASDAQ:MSFT
32.717476127625936,2.751820730112684,1.169422818119591,1.3587401703800768,519.0545,54.2079891429841,0.9494187232306696,494.955,7512579,1789667148,2026-09-17T17:45:48Z,NASDAQ:MSFT
32.717476127625936,2.7089635872554823,1.6404935328000398,1.3759624836173054,519.0545,54.2840024009908,0.9800122374056714,495.105,7542490,1789667325,2026-09-17T17:48:45Z,NASDAQ:MSFT
32.717476127625936,2.647535015826918,2.3150836274348654,1.43348623853211,519.0545,54.39251569583729,1.0238629410564923,495.32,7579388,1789667504,2026-09-17T17:51:44Z,NASDAQ:MSFT
32.717476127625936,2.633249301541184,2.47186194316574,1.443725425950199,519.0545,54.41767755589007,1.0340607791148264,495.37,7602894,1789667681,2026-09-17T17:54:41Z,NASDAQ:MSFT
32.717476127625936,2.6189635872554504,2.628601383013025,1.4539646133682878,519.0545,54.44281166742269,1.04425861717316,495.42,7632856,1789667867,2026-09-17T17:57:47Z,NASDAQ:MSFT
32.717476127625936,2.650392158684042,2.2837232979088693,1.4314384010484946,519.0545,54.38747998996006,1.021823373444828,495.31,7662748,1789668047,2026-09-17T18:00:47Z,NASDAQ:MSFT
32.717476127625936,2.5961064443983446,2.8793036610145526,1.470347313237223,519.0545,54.48296864342238,1.0605751580664875,495.5,7706712,1789668223,2026-09-17T18:03:43Z,NASDAQ:MSFT
32.717476127625936,2.5875350158269725,2.9732913788041024,1.476490825688069,519.0545,54.49800926393258,1.0666938609014809,495.53,7737841,1789668402,2026-09-17T18:06:42Z,NASDAQ:MSFT
32.717476127625936,2.567535015826877,3.1925416975364804,1.4908256880734003,519.0545,54.53306541924324,1.0809708341831554,495.6,7766017,1789668583,2026-09-17T18:09:43Z,NASDAQ:MSFT
32.717476127625936,2.496106444398322,3.974957876022973,1.542021625163833,519.0545,54.65782623112123,1.1319600244748136,495.85,7820056,1789668764,2026-09-17T18:12:44Z,NASDAQ:MSFT
32.717476127625936,2.504677872969808,3.881119103433104,1.535878112712975,519.0545,54.64289109696266,1.1258413216398089,495.82,7866508,1789668946,2026-09-17T18:15:46Z,NASDAQ:MSFT
32.717476127625936,2.5714778729697514,3.149324084331472,1.487999672346008,519.0545,54.52615862409089,1.078156230879055,495.5862,8031411,1789669120,2026-09-17T18:18:40Z,NASDAQ:MSFT
32.717476127625936,2.56492844439839,3.221110674682081,1.4926939302097022,519.0545,54.537630259572026,1.082831531715276,495.609123,8086631,1789669305,2026-09-17T18:21:45Z,NASDAQ:MSFT
32.717476127625936,2.6675350158269,2.095528646381727,1.4191513761467904,519.0545,54.35724238668864,1.0095859677748291,495.25,8115138,1789669487,2026-09-17T18:24:47Z,NASDAQ:MSFT
32.717476127625936,2.746106444398322,1.232252516194697,1.3628358453473193,519.0545,54.21813884580651,0.95349785845401,494.975,8149216,1789669664,2026-09-17T18:27:44Z,NASDAQ:MSFT
32.717476127625936,2.64182073011267,2.377799619758481,1.437581913499341,519.0545,54.40258377262111,1.0279420762798213,495.34,8191739,1789669843,2026-09-17T18:30:43Z,NASDAQ:MSFT
32.717476127625936,2.6675350158269,2.095528646381727,1.4191513761467904,519.0545,54.35724238668864,1.0095859677748291,495.25,8210758,1789670026,2026-09-17T18:33:46Z,NASDAQ:MSFT
32.717476127625936,2.6061064443983355,2.7696336519445897,1.4631798820445572,519.0545,54.46540868073616,1.0534366714256502,495.465,8234220,1789670203,2026-09-17T18:36:43Z,NASDAQ:MSFT
32.717476127625936,2.636106444398308,2.4405093905527457,1.4416775884665836,519.0545,54.41264740523096,1.032021211503162,495.36,8260910,1789670383,2026-09-17T18:39:43Z,NASDAQ:MSFT
32.717476127625936,2.64182073011267,2.377799619758481,1.437581913499341,519.0545,54.40258377262111,1.0279420762798213,495.34,8287840,1789670565,2026-09-17T18:42:45Z,NASDAQ:MSFT
32.717476127625936,2.651820730112661,2.2680425497550285,1.4304144823066869,519.0545,54.384961719989015,1.0208035896389955,495.305,8308140,1789670744,2026-09-17T18:45:44Z,NASDAQ:MSFT
32.717476127625936,2.678963587255509,1.970034418417652,1.410960026212317,519.0545,54.337061702201815,1.00142769732816,495.21,8344897,1789670920,2026-09-17T18:48:40Z,NASDAQ:MSFT
32.717476127625936,2.806106444398381,0.5722293656389419,1.3198312581913485,519.0545,54.11134203908638,0.9106669386090096,494.765,8376567,1789671103,2026-09-17T18:51:43Z,NASDAQ:MSFT
32.717476127625936,2.77464930154116,0.9183559115009212,1.3423779488859726,519.0545,54.16739613842536,0.9331225780134536,494.8751,8417589,1789671284,2026-09-17T18:54:44Z,NASDAQ:MSFT
32.717476127625936,2.7932493015411524,0.7137208525157231,1.3290465268676297,519.0545,54.13426899321462,0.9198449928615114,494.81,8457881,1789671462,2026-09-17T18:57:42Z,NASDAQ:MSFT
32.717476127625936,2.7503921586840647,1.1851308275440913,1.3597640891218843,519.0545,54.210526990571125,0.9504385070365018,494.96,8484795,1789671645,2026-09-17T19:00:45Z,NASDAQ:MSFT
32.717476127625936,2.7618207301126745,1.059455832408543,1.3515727391874228,519.0545,54.1902163299518,0.942280236589844,494.92,8510903,1789671822,2026-09-17T19:03:42Z,NASDAQ:MSFT
32.717476127625936,2.6846778729697576,1.9072779635715889,1.4068643512450862,519.0545,54.3269646663979,0.9973485621048308,495.19,8545324,1789672006,2026-09-17T19:06:46Z,NASDAQ:MSFT
32.717476127625936,2.723249301541216,1.4835089332125948,1.3792185452162544,519.0545,54.25869270374593,0.9698143993473374,495.055,8588769,1789672184,2026-09-17T19:09:44Z,NASDAQ:MSFT
32.717476127625936,2.7689635872555414,0.980896283862814,1.3464531454783726,519.0545,54.17751301463815,0.9371813175606712,494.895,8618944,1789672362,2026-09-17T19:12:42Z,NASDAQ:MSFT
32.717476127625936,2.6953921586841147,1.7895928223077944,1.3991849606815163,519.0545,54.30802068380339,0.9897001835610776,495.1525,8653847,1789672542,2026-09-17T19:15:42Z,NASDAQ:MSFT
32.717476127625936,2.638963587255432,2.409155282789836,1.439629750982968,519.0545,54.40761614426386,1.0299816438914973,495.35,8692286,1789672723,2026-09-17T19:18:43Z,NASDAQ:MSFT
32.717476127625936,2.480392158684083,4.146959408559241,1.553284731323718,519.0545,54.68518178046549,1.1431776463389682,495.905,8740453,1789672901,2026-09-17T19:21:41Z,NASDAQ:MSFT
32.717476127625936,2.39322073011266,5.100248505289749,1.6157642529488898,519.0545,54.83633305645965,1.2054048541709157,496.2101,8851723,1789673084,2026-09-17T19:24:44Z,NASDAQ:MSFT
32.717476127625936,2.466620730112652,4.297656774365295,1.563155307994755,519.0545,54.70912806475111,1.1530083622272016,495.9532,8923314,1789673261,2026-09-17T19:27:41Z,NASDAQ:MSFT
32.717476127625936,2.397535015826918,5.053102212468128,1.6126720183486238,519.0545,54.828876003755866,1.202325107077296,496.195,9004328,1789673444,2026-09-17T19:30:44Z,NASDAQ:MSFT
32.717476127625936,2.304677872969762,6.067062648226506,1.6792267365661837,519.0545,54.98883353694483,1.268611054456449,496.52,9075989,1789673622,2026-09-17T19:33:42Z,NASDAQ:MSFT
32.717476127625936,2.313249301541248,5.973534585172664,1.6730832241153375,519.0545,54.97411570141383,1.2624923516214557,496.49,9134278,1789673806,2026-09-17T19:36:46Z,NASDAQ:MSFT
32.717476127625936,2.3418207301126017,5.661674117932094,1.6526048492791598,519.0545,54.92498666040608,1.242096675504788,496.39,9255125,1789673984,2026-09-17T19:39:44Z,NASDAQ:MSFT
32.717476127625936,2.41733501582695,4.836683624401162,1.5984805045871564,519.0545,54.79462096850352,1.1881909035284486,496.1257,9314023,1789674163,2026-09-17T19:42:43Z,NASDAQ:MSFT
32.717476127625936,2.473249301541216,4.225126433577412,1.5584043250327682,519.0545,54.69760521234941,1.148276565368141,495.93,9376300,1789674339,2026-09-17T19:45:39Z,NASDAQ:MSFT
32.717476127625936,2.403249301541166,4.990651366639055,1.608576343381393,519.0545,54.81899532114948,1.1982459718539669,496.175,9438281,1789674524,2026-09-17T19:48:44Z,NASDAQ:MSFT
32.717476127625936,2.286106444398399,6.269659185700042,1.692537680209696,519.0545,55.02068919588909,1.28186824393228,496.585,9502441,1789674704,2026-09-17T19:51:44Z,NASDAQ:MSFT
32.717476127625936,2.251820730112684,6.643512527846084,1.7171117300131042,519.0545,55.07938133571591,1.3063430552722766,496.705,9580106,1789674884,2026-09-17T19:54:44Z,NASDAQ:MSFT
32.717476127625936,2.234677872969826,6.830356043219501,1.7293987549148089,519.0545,55.10867000388402,1.318580460942275,496.765,9646154,1789675061,2026-09-17T19:57:41Z,NASDAQ:MSFT
32.717476127625936,2.1018207301125926,8.276516614905132,1.82462319790302,519.0545,55.33436871228527,1.4134203548847657,497.23,9745809,1789675244,2026-09-17T20:00:44Z,NASDAQ:MSFT
32.717476127625936,2.173249301541148,7.499423845178461,1.7734272608125872,519.0545,55.21330816257166,1.3624311645931075,496.98,9806943,1789675424,2026-09-17T20:03:44Z,NASDAQ:MSFT
32.717476127625936,1.847535015826964,11.035198609979048,2.0068807339449566,519.0545,55.76008274026027,1.594941872323066,498.12,9981911,1789675602,2026-09-17T20:06:42Z,NASDAQ:MSFT
32.717476127625936,1.650392158684042,13.165642533451262,2.14818152031455,519.0545,56.08458710234019,1.735672037528042,498.81,10243467,1789675782,2026-09-17T20:09:42Z,NASDAQ:MSFT
32.717476127625936,1.9046778729697849,10.41632421844106,1.9659239842726128,519.0545,55.66512508963548,1.554150520089742,497.92,10596265,1789675964,2026-09-17T20:12:44Z,NASDAQ:MSFT
32.717476127625936,1.978963587255464,9.610874884398452,1.912680209698565,519.0545,55.54106901842568,1.5011217621864192,497.66,16809765,1789676142,2026-09-17T20:15:42Z,NASDAQ:MSFT
32.717476127625936,1.978963587255464,9.610874884398452,1.912680209698565,519.0545,55.54106901842568,1.5011217621864192,497.66,17440860,1789676322,2026-09-17T20:18:42Z,NASDAQ:MSFT
32.717476127625936,1.978963587255464,9.610874884398452,1.912680209698565,519.0545,55.54106901842568,1.5011217621864192,497.66,17614605,1789676500,2026-09-17T20:21:40Z,NASDAQ:MSFT
32.717476127625936,1.978963587255464,9.610874884398452,1.912680209698565,519.0545,55.54106901842568,1.5011217621864192,497.66,17618750,1789676684,2026-09-17T20:24:44Z,NASDAQ:MSFT
32.717476127625936,1.978963587255464,9.610874884398452,1.912680209698565,519.0545,55.54106901842568,1.5011217621864192,497.66,17637642,1789676864,2026-09-17T20:27:44Z,NASDAQ:MSFT
32.717476127625936,1.9532493015412344,9.889801124613994,1.9311107470511155,519.0545,55.584089994706446,1.5194778706914112,497.75,17638571,1789677044,2026-09-17T20:30:44Z,NASDAQ:MSFT
32.717476127625936,1.9532493015412344,9.889801124613994,1.9311107470511155,519.0545,55.584089994706446,1.5194778706914112,497.75,17638989,1789677227,2026-09-17T20:33:47Z,NASDAQ:MSFT
32.717476127625936,1.9532493015412344,9.889801124613994,1.9311107470511155,519.0545,55.584089994706446,1.5194778706914112,497.75,17639240,1789677403,2026-09-17T20:36:43Z,NASDAQ:MSFT
32.717476127625936,1.9532493015412344,9.889801124613994,1.9311107470511155,519.0545,55.584089994706446,1.5194778706914112,497.75,17639534,1789677584,2026-09-17T20:39:44Z,NASDAQ:MSFT
32.717476127625936,1.9532493015412344,9.889801124613994,1.9311107470511155,519.0545,55.584089994706446,1.5194778706914112,497.75,17640470,1789677763,2026-09-17T20:42:43Z,NASDAQ:MSFT
32.717476127625936,1.9532493015412344,9.889801124613994,1.9311107470511155,519.0545,55.584089994706446,1.5194778706914112,497.75,17640920,1789677945,2026-09-17T20:45:45Z,NASDAQ:MSFT
32.717476127625936,1.9532493015412344,9.889801124613994,1.9311107470511155,519.0545,55.584089994706446,1.5194778706914112,497.75,17641409,1789678124,2026-09-17T20:48:44Z,NASDAQ:MSFT
32.717476127625936,1.9532493015412344,9.889801124613994,1.9311107470511155,519.0545,55.584089994706446,1.5194778706914112,497.75,17642010,1789678305,2026-09-17T20:51:45Z,NASDAQ:MSFT
32.717476127625936,1.9532493015412344,9.889801124613994,1.9311107470511155,519.0545,55.584089994706446,1.5194778706914112,497.75,17643400,1789678484,2026-09-17T20:54:44Z,NASDAQ:MSFT
32.717476127625936,1.9532493015412344,9.889801124613994,1.9311107470511155,519.0545,55.584089994706446,1.5194778706914112,497.75,17643486,1789678667,2026-09-17T20:57:47Z,NASDAQ:MSFT
32.717476127625936,1.9532493015412344,9.889801124613994,1.9311107470511155,519.0545,55.584089994706446,1.5194778706914112,497.75,17644300,1789678841,2026-09-17T21:00:41Z,NASDAQ:MSFT
32.717476127625936,1.9532493015412344,9.889801124613994,1.9311107470511155,519.0545,55.584089994706446,1.5194778706914112,497.75,17647925,1789679021,2026-09-17T21:03:41Z,NASDAQ:MSFT
32.717476127625936,1.9532493015412344,9.889801124613994,1.9311107470511155,519.0545,55.584089994706446,1.5194778706914112,497.75,17660339,1789679203,2026-09-17T21:06:43Z,NASDAQ:MSFT
32.717476127625936,1.9532493015412344,9.889801124613994,1.9311107470511155,519.0545,55.584089994706446,1.5194778706914112,497.75,17660572,1789679383,2026-09-17T21:09:43Z,NASDAQ:MSFT
32.717476127625936,1.9532493015412344,9.889801124613994,1.9311107470511155,519.0545,55.584089994706446,1.5194778706914112,497.75,17660925,1789679565,2026-09-17T21:12:45Z,NASDAQ:MSFT
32.717476127625936,1.9532493015412344,9.889801124613994,1.9311107470511155,519.0545,55.584089994706446,1.5194778706914112,497.75,17779012,1789679743,2026-09-17T21:15:43Z,NASDAQ:MSFT
32.717476127625936,1.9532493015412344,9.889801124613994,1.9311107470511155,519.0545,55.584089994706446,1.5194778706914112,497.75,17779815,1789679924,2026-09-17T21:18:44Z,NASDAQ:MSFT
32.717476127625936,1.9532493015412344,9.889801124613994,1.9311107470511155,519.0545,55.584089994706446,1.5194778706914112,497.75,17779999,1789680105,2026-09-17T21:21:45Z,NASDAQ:MSFT
32.717476127625936,1.9532493015412344,9.889801124613994,1.9311107470511155,519.0545,55.584089994706446,1.5194778706914112,497.75,17780085,1789680285,2026-09-17T21:24:45Z,NASDAQ:MSFT
32.717476127625936,1.9532493015412344,9.889801124613994,1.9311107470511155,519.0545,55.584089994706446,1.5194778706914112,497.75,17780618,1789680463,2026-09-17T21:27:43Z,NASDAQ:MSFT
32.717476127625936,1.9532493015412344,9.889801124613994,1.9311107470511155,519.0545,55.584089994706446,1.5194778706914112,497.75,17781364,1789680643,2026-09-17T21:30:43Z,NASDAQ:MSFT
32.717476127625936,1.9532493015412344,9.889801124613994,1.9311107470511155,519.0545,55.584089994706446,1.5194778706914112,497.75,17781409,1789680822,2026-09-17T21:33:42Z,NASDAQ:MSFT
32.717476127625936,1.9532493015412344,9.889801124613994,1.9311107470511155,519.0545,55.584089994706446,1.5194778706914112,497.75,17781732,1789681004,2026-09-17T21:36:44Z,NASDAQ:MSFT
32.717476127625936,1.9532493015412344,9.889801124613994,1.9311107470511155,519.0545,55.584089994706446,1.5194778706914112,497.75,17781783,1789681183,2026-09-17T21:39:43Z,NASDAQ:MSFT
32.717476127625936,1.9532493015412344,9.889801124613994,1.9311107470511155,519.0545,55.584089994706446,1.5194778706914112,497.75,17781952,1789681366,2026-09-17T21:42:46Z,NASDAQ:MSFT
32.717476127625936,1.9532493015412344,9.889801124613994,1.9311107470511155,519.0545,55.584089994706446,1.5194778706914112,497.75,17813511,1789681547,2026-09-17T21:45:47Z,NASDAQ:MSFT
32.717476127625936,1.9532493015412344,9.889801124613994,1.9311107470511155,519.0545,55.584089994706446,1.5194778706914112,497.75,17813691,1789681728,2026-09-17T21:48:48Z,NASDAQ:MSFT
32.717476127625936,1.9532493015412344,9.889801124613994,1.9311107470511155,519.0545,55.584089994706446,1.5194778706914112,497.75,17813706,1789681907,2026-09-17T21:51:47Z,NASDAQ:MSFT
32.717476127625936,1.9532493015412344,9.889801124613994,1.9311107470511155,519.0545,55.584089994706446,1.5194778706914112,497.75,17813938,1789682083,2026-09-17T21:54:43Z,NASDAQ:MSFT
32.717476127625936,1.9532493015412344,9.889801124613994,1.9311107470511155,519.0545,55.584089994706446,1.5194778706914112,497.75,17814463,1789682264,2026-09-17T21:57:44Z,NASDAQ:MSFT
32.717476127625936,1.9532493015412344,9.889801124613994,1.9311107470511155,519.0545,55.584089994706446,1.5194778706914112,497.75,17814740,1789682445,2026-09-17T22:00:45Z,NASDAQ:MSFT
32.717476127625936,1.9532493015412344,9.889801124613994,1.9311107470511155,519.0545,55.584089994706446,1.5194778706914112,497.75,17814766,1789682626,2026-09-17T22:03:46Z,NASDAQ:MSFT
32.717476127625936,1.9532493015412344,9.889801124613994,1.9311107470511155,519.0545,55.584089994706446,1.5194778706914112,497.75,17814795,1789682804,2026-09-17T22:06:44Z,NASDAQ:MSFT
32.717476127625936,1.9532493015412344,9.889801124613994,1.9311107470511155,519.0545,55.584089994706446,1.5194778706914112,497.75,17814828,1789682988,2026-09-17T22:09:48Z,NASDAQ:MSFT
32.717476127625936,1.9532493015412344,9.889801124613994,1.9311107470511155,519.0545,55.584089994706446,1.5194778706914112,497.75,17815015,1789683164,2026-09-17T22:12:44Z,NASDAQ:MSFT
32.717476127625936,1.9532493015412344,9.889801124613994,1.9311107470511155,519.0545,55.584089994706446,1.5194778706914112,497.75,17815347,1789683349,2026-09-17T22:15:49Z,NASDAQ:MSFT
32.717476127625936,1.9532493015412344,9.889801124613994,1.9311107470511155,519.0545,55.584089994706446,1.5194778706914112,497.75,17816330,1789683526,2026-09-17T22:18:46Z,NASDAQ:MSFT
32.717476127625936,1.9532493015412344,9.889801124613994,1.9311107470511155,519.0545,55.584089994706446,1.5194778706914112,497.75,17816421,1789683705,2026-09-17T22:21:45Z,NASDAQ:MSFT
32.717476127625936,1.9532493015412344,9.889801124613994,1.9311107470511155,519.0545,55.584089994706446,1.5194778706914112,497.75,17817545,1789683884,2026-09-17T22:24:44Z,NASDAQ:MSFT
32.717476127625936,1.9532493015412344,9.889801124613994,1.9311107470511155,519.0545,55.584089994706446,1.5194778706914112,497.75,17818225,1789684061,2026-09-17T22:27:41Z,NASDAQ:MSFT
32.717476127625936,1.9532493015412344,9.889801124613994,1.9311107470511155,519.0545,55.584089994706446,1.5194778706914112,497.75,17820429,1789684244,2026-09-17T22:30:44Z,NASDAQ:MSFT
32.717476127625936,1.9532493015412344,9.889801124613994,1.9311107470511155,519.0545,55.584089994706446,1.5194778706914112,497.75,17820976,1789684425,2026-09-17T22:33:45Z,NASDAQ:MSFT
32.717476127625936,1.9532493015412344,9.889801124613994,1.9311107470511155,519.0545,55.584089994706446,1.5194778706914112,497.75,17821320,1789684607,2026-09-17T22:36:47Z,NASDAQ:MSFT
32.717476127625936,1.9532493015412344,9.889801124613994,1.9311107470511155,519.0545,55.584089994706446,1.5194778706914112,497.75,17822155,1789684784,2026-09-17T22:39:44Z,NASDAQ:MSFT
32.717476127625936,1.9532493015412344,9.889801124613994,1.9311107470511155,519.0545,55.584089994706446,1.5194778706914112,497.75,17822521,1789684968,2026-09-17T22:42:48Z,NASDAQ:MSFT
32.717476127625936,1.9532493015412344,9.889801124613994,1.9311107470511155,519.0545,55.584089994706446,1.5194778706914112,497.75,17823205,1789685144,2026-09-17T22:45:44Z,NASDAQ:MSFT
32.717476127625936,1.9532493015412344,9.889801124613994,1.9311107470511155,519.0545,55.584089994706446,1.5194778706914112,497.75,17823969,1789685326,2026-09-17T22:48:46Z,NASDAQ:MSFT
32.717476127625936,1.9532493015412344,9.889801124613994,1.9311107470511155,519.0545,55.584089994706446,1.5194778706914112,497.75,17824344,1789685503,2026-09-17T22:51:43Z,NASDAQ:MSFT
32.717476127625936,1.9532493015412344,9.889801124613994,1.9311107470511155,519.0545,55.584089994706446,1.5194778706914112,497.75,17832731,1789685682,2026-09-17T22:54:42Z,NASDAQ:MSFT
32.717476127625936,1.9532493015412344,9.889801124613994,1.9311107470511155,519.0545,55.584089994706446,1.5194778706914112,497.75,17833074,1789685866,2026-09-17T22:57:46Z,NASDAQ:MSFT
32.717476127625936,1.9532493015412344,9.889801124613994,1.9311107470511155,519.0545,55.584089994706446,1.5194778706914112,497.75,17833455,1789686045,2026-09-17T23:00:45Z,NASDAQ:MSFT
32.717476127625936,1.9532493015412344,9.889801124613994,1.9311107470511155,519.0545,55.584089994706446,1.5194778706914112,497.75,17833927,1789686225,2026-09-17T23:03:45Z,NASDAQ:MSFT
32.717476127625936,1.9532493015412344,9.889801124613994,1.9311107470511155,519.0545,55.584089994706446,1.5194778706914112,497.75,17834420,1789686406,2026-09-17T23:06:46Z,NASDAQ:MSFT
32.717476127625936,1.9532493015412344,9.889801124613994,1.9311107470511155,519.0545,55.584089994706446,1.5194778706914112,497.75,17834636,1789686585,2026-09-17T23:09:45Z,NASDAQ:MSFT
32.717476127625936,1.9532493015412344,9.889801124613994,1.9311107470511155,519.0545,55.584089994706446,1.5194778706914112,497.75,17834900,1789686760,2026-09-17T23:12:40Z,NASDAQ:MSFT
32.717476127625936,1.9532493015412344,9.889801124613994,1.9311107470511155,519.0545,55.584089994706446,1.5194778706914112,497.75,17835025,1789686943,2026-09-17T23:15:43Z,NASDAQ:MSFT
32.717476127625936,1.9532493015412344,9.889801124613994,1.9311107470511155,519.0545,55.584089994706446,1.5194778706914112,497.75,17835037,1789687126,2026-09-17T23:18:46Z,NASDAQ:MSFT
32.717476127625936,1.9532493015412344,9.889801124613994,1.9311107470511155,519.0545,55.584089994706446,1.5194778706914112,497.75,17835143,1789687306,2026-09-17T23:21:46Z,NASDAQ:MSFT
32.717476127625936,1.9532493015412344,9.889801124613994,1.9311107470511155,519.0545,55.584089994706446,1.5194778706914112,497.75,17835475,1789687485,2026-09-17T23:24:45Z,NASDAQ:MSFT
32.717476127625936,1.9532493015412344,9.889801124613994,1.9311107470511155,519.0545,55.584089994706446,1.5194778706914112,497.75,17836227,1789687668,2026-09-17T23:27:48Z,NASDAQ:MSFT
32.717476127625936,1.9532493015412344,9.889801124613994,1.9311107470511155,519.0545,55.584089994706446,1.5194778706914112,497.75,17836417,1789687843,2026-09-17T23:30:43Z,NASDAQ:MSFT
32.717476127625936,1.9532493015412344,9.889801124613994,1.9311107470511155,519.0545,55.584089994706446,1.5194778706914112,497.75,17836599,1789688026,2026-09-17T23:33:46Z,NASDAQ:MSFT
32.717476127625936,1.9532493015412344,9.889801124613994,1.9311107470511155,519.0545,55.584089994706446,1.5194778706914112,497.75,17836622,1789688201,2026-09-17T23:36:41Z,NASDAQ:MSFT
32.717476127625936,1.9532493015412344,9.889801124613994,1.9311107470511155,519.0545,55.584089994706446,1.5194778706914112,497.75,17836678,1789688384,2026-09-17T23:39:44Z,NASDAQ:MSFT
32.717476127625936,1.9532493015412344,9.889801124613994,1.9311107470511155,519.0545,55.584089994706446,1.5194778706914112,497.75,17836819,1789688563,2026-09-17T23:42:43Z,NASDAQ:MSFT
32.717476127625936,1.9532493015412344,9.889801124613994,1.9311107470511155,519.0545,55.584089994706446,1.5194778706914112,497.75,17836930,1789688744,2026-09-17T23:45:44Z,NASDAQ:MSFT
32.717476127625936,1.9532493015412344,9.889801124613994,1.9311107470511155,519.0545,55.584089994706446,1.5194778706914112,497.75,17836994,1789688927,2026-09-17T23:48:47Z,NASDAQ:MSFT
32.717476127625936,1.9532493015412344,9.889801124613994,1.9311107470511155,519.0545,55.584089994706446,1.5194778706914112,497.75,17837374,1789689108,2026-09-17T23:51:48Z,NASDAQ:MSFT
32.717476127625936,1.9532493015412344,9.889801124613994,1.9311107470511155,519.0545,55.584089994706446,1.5194778706914112,497.75,17837503,1789689286,2026-09-17T23:54:46Z,NASDAQ:MSFT
32.717476127625936,1.9532493015412344,9.889801124613994,1.9311107470511155,519.0545,55.584089994706446,1.5194778706914112,497.75,17837676,1789689466,2026-09-17T23:57:46Z,NASDAQ:MSFT
32.717476127625936,1.9532493015412344,9.889801124613994,1.9311107470511155,519.0545,55.584089994706446,1.5194778706914112,497.75,17837858,1789689648,2026-09-18T00:00:48Z,NASDAQ:MSFT
32.717476127625936,1.9532493015412344,9.889801124613994,1.9311107470511155,519.0545,55.584089994706446,1.5194778706914112,497.75,17838226,1789689821,2026-09-18T00:03:41Z,NASDAQ:MSFT
32.717476127625936,1.9532493015412344,9.889801124613994,1.9311107470511155,519.0545,55.584089994706446,1.5194778706914112,497.75,17838626,1789690005,2026-09-18T00:06:45Z,NASDAQ:MSFT
32.717476127625936,1.9532493015412344,9.889801124613994,1.9311107470511155,519.0545,55.584089994706446,1.5194778706914112,497.75,17838690,1789690186,2026-09-18T00:09:46Z,NASDAQ:MSFT
32.717476127625936,1.9532493015412344,9.889801124613994,1.9311107470511155,519.0545,55.584089994706446,1.5194778706914112,497.75,17838735,1789690365,2026-09-18T00:12:45Z,NASDAQ:MSFT
32.717476127625936,1.9532493015412344,9.889801124613994,1.9311107470511155,519.0545,55.584089994706446,1.5194778706914112,497.75,17841640,1789690546,2026-09-18T00:15:46Z,NASDAQ:MSFT
32.717476127625936,1.9532493015412344,9.889801124613994,1.9311107470511155,519.0545,55.584089994706446,1.5194778706914112,497.75,17841640,1789690726,2026-09-18T00:18:46Z,NASDAQ:MSFT
32.717476127625936,1.9532493015412344,9.889801124613994,1.9311107470511155,519.0545,55.584089994706446,1.5194778706914112,497.75,17841640,1789690905,2026-09-18T00:21:45Z,NASDAQ:MSFT
32.717476127625936,1.9532493015412344,9.889801124613994,1.9311107470511155,519.0545,55.584089994706446,1.5194778706914112,497.75,17841640,1789691085,2026-09-18T00:24:45Z,NASDAQ:MSFT
32.717476127625936,1.9532493015412344,9.889801124613994,1.9311107470511155,519.0545,55.584089994706446,1.5194778706914112,497.75,17841640,1789691264,2026-09-18T00:27:44Z,NASDAQ:MSFT
32.717476127625936,1.9532493015412344,9.889801124613994,1.9311107470511155,519.0545,55.584089994706446,1.5194778706914112,497.75,17841640,1789691450,2026-09-18T00:30:50Z,NASDAQ:MSFT
32.717476127625936,1.9532493015412344,9.889801124613994,1.9311107470511155,519.0545,55.584089994706446,1.5194778706914112,497.75,17841640,1789691629,2026-09-18T00:33:49Z,NASDAQ:MSFT
32.717476127625936,1.9532493015412344,9.889801124613994,1.9311107470511155,519.0545,55.584089994706446,1.5194778706914112,497.75,17841640,1789691806,2026-09-18T00:36:46Z,NASDAQ:MSFT
32.717476127625936,1.9532493015412344,9.889801124613994,1.9311107470511155,519.0545,55.584089994706446,1.5194778706914112,497.75,17841640,1789691986,2026-09-18T00:39:46Z,NASDAQ:MSFT
32.717476127625936,1.9532493015412344,9.889801124613994,1.9311107470511155,519.0545,55.584089994706446,1.5194778706914112,497.75,17841640,1789692164,2026-09-18T00:42:44Z,NASDAQ:MSFT
32.717476127625936,1.9532493015412344,9.889801124613994,1.9311107470511155,519.0545,55.584089994706446,1.5194778706914112,497.75,17841640,1789692348,2026-09-18T00:45:48Z,NASDAQ:MSFT
32.717476127625936,1.9532493015412344,9.889801124613994,1.9311107470511155,519.0545,55.584089994706446,1.5194778706914112,497.75,17841640,1789692524,2026-09-18T00:48:44Z,NASDAQ:MSFT
32.717476127625936,1.9532493015412344,9.889801124613994,1.9311107470511155,519.0545,55.584089994706446,1.5194778706914112,497.75,17841640,1789692707,2026-09-18T00:51:47Z,NASDAQ:MSFT
32.717476127625936,1.9532493015412344,9.889801124613994,1.9311107470511155,519.0545,55.584089994706446,1.5194778706914112,497.75,17841640,1789692889,2026-09-18T00:54:49Z,NASDAQ:MSFT
32.717476127625936,1.9532493015412344,9.889801124613994,1.9311107470511155,519.0545,55.584089994706446,1.5194778706914112,497.75,17841640,1789693065,2026-09-18T00:57:45Z,NASDAQ:MSFT
32.717476127625936,1.9532493015412344,9.889801124613994,1.9311107470511155,519.0545,55.584089994706446,1.5194778706914112,497.75,17841640,1789693243,2026-09-18T01:00:43Z,NASDAQ:MSFT
32.717476127625936,1.9532493015412344,9.889801124613994,1.9311107470511155,519.0545,55.584089994706446,1.5194778706914112,497.75,17841640,1789693426,2026-09-18T01:03:46Z,NASDAQ:MSFT
32.717476127625936,1.9532493015412344,9.889801124613994,1.9311107470511155,519.0545,55.584089994706446,1.5194778706914112,497.75,17841640,1789693604,2026-09-18T01:06:44Z,NASDAQ:MSFT
32.717476127625936,1.9532493015412344,9.889801124613994,1.9311107470511155,519.0545,55.584089994706446,1.5194778706914112,497.75,17841640,1789693790,2026-09-18T01:09:50Z,NASDAQ:MSFT
32.717476127625936,1.9532493015412344,9.889801124613994,1.9311107470511155,519.0545,55.584089994706446,1.5194778706914112,497.75,17841640,1789693963,2026-09-18T01:12:43Z,NASDAQ:MSFT
32.717476127625936,1.9532493015412344,9.889801124613994,1.9311107470511155,519.0545,55.584089994706446,1.5194778706914112,497.75,17841640,1789694144,2026-09-18T01:15:44Z,NASDAQ:MSFT
32.717476127625936,1.9532493015412344,9.889801124613994,1.9311107470511155,519.0545,55.584089994706446,1.5194778706914112,497.75,17841640,1789694324,2026-09-18T01:18:44Z,NASDAQ:MSFT
32.717476127625936,1.9532493015412344,9.889801124613994,1.9311107470511155,519.0545,55.584089994706446,1.5194778706914112,497.75,17841640,1789694503,2026-09-18T01:21:43Z,NASDAQ:MSFT
32.717476127625936,1.9532493015412344,9.889801124613994,1.9311107470511155,519.0545,55.584089994706446,1.5194778706914112,497.75,17841640,1789694683,2026-09-18T01:24:43Z,NASDAQ:MSFT
32.717476127625936,1.9532493015412344,9.889801124613994,1.9311107470511155,519.0545,55.584089994706446,1.5194778706914112,497.75,17841640,1789694864,2026-09-18T01:27:44Z,NASDAQ:MSFT
32.717476127625936,1.9532493015412344,9.889801124613994,1.9311107470511155,519.0545,55.584089994706446,1.5194778706914112,497.75,17841640,1789695042,2026-09-18T01:30:42Z,NASDAQ:MSFT
32.717476127625936,1.9532493015412344,9.889801124613994,1.9311107470511155,519.0545,55.584089994706446,1.5194778706914112,497.75,17841640,1789695229,2026-09-18T01:33:49Z,NASDAQ:MSFT
32.717476127625936,1.9532493015412344,9.889801124613994,1.9311107470511155,519.0545,55.584089994706446,1.5194778706914112,497.75,17841640,1789695417,2026-09-18T01:36:57Z,NASDAQ:MSFT
32.717476127625936,1.9532493015412344,9.889801124613994,1.9311107470511155,519.0545,55.584089994706446,1.5194778706914112,497.75,17841640,1789695585,2026-09-18T01:39:45Z,NASDAQ:MSFT
32.717476127625936,1.9532493015412344,9.889801124613994,1.9311107470511155,519.0545,55.584089994706446,1.5194778706914112,497.75,17841640,1789695771,2026-09-18T01:42:51Z,NASDAQ:MSFT
32.717476127625936,1.9532493015412344,9.889801124613994,1.9311107470511155,519.0545,55.584089994706446,1.5194778706914112,497.75,17841640,1789695947,2026-09-18T01:45:47Z,NASDAQ:MSFT
32.717476127625936,1.9532493015412344,9.889801124613994,1.9311107470511155,519.0545,55.584089994706446,1.5194778706914112,497.75,17841640,1789696123,2026-09-18T01:48:43Z,NASDAQ:MSFT
32.717476127625936,1.9532493015412344,9.889801124613994,1.9311107470511155,519.0545,55.584089994706446,1.5194778706914112,497.75,17841640,1789696305,2026-09-18T01:51:45Z,NASDAQ:MSFT
32.717476127625936,1.9532493015412344,9.889801124613994,1.9311107470511155,519.0545,55.584089994706446,1.5194778706914112,497.75,17841640,1789696491,2026-09-18T01:54:51Z,NASDAQ:MSFT
32.717476127625936,1.9532493015412344,9.889801124613994,1.9311107470511155,519.0545,55.584089994706446,1.5194778706914112,497.75,17841640,1789696665,2026-09-18T01:57:45Z,NASDAQ:MSFT
32.717476127625936,1.9532493015412344,9.889801124613994,1.9311107470511155,519.0545,55.584089994706446,1.5194778706914112,497.75,17841640,1789696841,2026-09-18T02:00:41Z,NASDAQ:MSFT
32.717476127625936,1.9532493015412344,9.889801124613994,1.9311107470511155,519.0545,55.584089994706446,1.5194778706914112,497.75,17841640,1789697027,2026-09-18T02:03:47Z,NASDAQ:MSFT
32.717476127625936,1.9532493015412344,9.889801124613994,1.9311107470511155,519.0545,55.584089994706446,1.5194778706914112,497.75,17841640,1789697206,2026-09-18T02:06:46Z,NASDAQ:MSFT
32.717476127625936,1.9532493015412344,9.889801124613994,1.9311107470511155,519.0545,55.584089994706446,1.5194778706914112,497.75,17841640,1789697392,2026-09-18T02:09:52Z,NASDAQ:MSFT
32.717476127625936,1.9532493015412344,9.889801124613994,1.9311107470511155,519.0545,55.584089994706446,1.5194778706914112,497.75,17841640,1789697568,2026-09-18T02:12:48Z,NASDAQ:MSFT
32.717476127625936,1.9532493015412344,9.889801124613994,1.9311107470511155,519.0545,55.584089994706446,1.5194778706914112,497.75,17841640,1789697750,2026-09-18T02:15:50Z,NASDAQ:MSFT
32.717476127625936,1.9532493015412344,9.889801124613994,1.9311107470511155,519.0545,55.584089994706446,1.5194778706914112,497.75,17841640,1789697928,2026-09-18T02:18:48Z,NASDAQ:MSFT
32.717476127625936,1.9532493015412344,9.889801124613994,1.9311107470511155,519.0545,55.584089994706446,1.5194778706914112,497.75,17841640,1789698104,2026-09-18T02:21:44Z,NASDAQ:MSFT
32.717476127625936,1.9532493015412344,9.889801124613994,1.9311107470511155,519.0545,55.584089994706446,1.5194778706914112,497.75,17841640,1789698297,2026-09-18T02:24:57Z,NASDAQ:MSFT
32.717476127625936,1.9532493015412344,9.889801124613994,1.9311107470511155,519.0545,55.584089994706446,1.5194778706914112,497.75,17841640,1789698472,2026-09-18T02:27:52Z,NASDAQ:MSFT
32.717476127625936,1.9532493015412344,9.889801124613994,1.9311107470511155,519.0545,55.584089994706446,1.5194778706914112,497.75,17841640,1789698660,2026-09-18T02:31:00Z,NASDAQ:MSFT
32.717476127625936,1.9532493015412344,9.889801124613994,1.9311107470511155,519.0545,55.584089994706446,1.5194778706914112,497.75,17841640,1789698825,2026-09-18T02:33:45Z,NASDAQ:MSFT
32.717476127625936,1.9532493015412344,9.889801124613994,1.9311107470511155,519.0545,55.584089994706446,1.5194778706914112,497.75,17841640,1789699003,2026-09-18T02:36:43Z,NASDAQ:MSFT
32.717476127625936,1.9532493015412344,9.889801124613994,1.9311107470511155,519.0545,55.584089994706446,1.5194778706914112,497.75,17841640,1789699181,2026-09-18T02:39:41Z,NASDAQ:MSFT
32.717476127625936,1.9532493015412344,9.889801124613994,1.9311107470511155,519.0545,55.584089994706446,1.5194778706914112,497.75,17841640,1789699365,2026-09-18T02:42:45Z,NASDAQ:MSFT
32.717476127625936,1.9532493015412344,9.889801124613994,1.9311107470511155,519.0545,55.584089994706446,1.5194778706914112,497.75,17841640,1789699546,2026-09-18T02:45:46Z,NASDAQ:MSFT
32.717476127625936,1.9532493015412344,9.889801124613994,1.9311107470511155,519.0545,55.584089994706446,1.5194778706914112,497.75,17841640,1789699728,2026-09-18T02:48:48Z,NASDAQ:MSFT
32.717476127625936,1.9532493015412344,9.889801124613994,1.9311107470511155,519.0545,55.584089994706446,1.5194778706914112,497.75,17841640,1789699904,2026-09-18T02:51:44Z,NASDAQ:MSFT
32.717476127625936,1.9532493015412344,9.889801124613994,1.9311107470511155,519.0545,55.584089994706446,1.5194778706914112,497.75,17841640,1789700086,2026-09-18T02:54:46Z,NASDAQ:MSFT
32.717476127625936,1.9532493015412344,9.889801124613994,1.9311107470511155,519.0545,55.584089994706446,1.5194778706914112,497.75,17841640,1789700263,2026-09-18T02:57:43Z,NASDAQ:MSFT
32.717476127625936,1.9532493015412344,9.889801124613994,1.9311107470511155,519.0545,55.584089994706446,1.5194778706914112,497.75,17841640,1789700444,2026-09-18T03:00:44Z,NASDAQ:MSFT
32.717476127625936,1.9532493015412344,9.889801124613994,1.9311107470511155,519.0545,55.584089994706446,1.5194778706914112,497.75,17841640,1789700630,2026-09-18T03:03:50Z,NASDAQ:MSFT
32.717476127625936,1.9532493015412344,9.889801124613994,1.9311107470511155,519.0545,55.584089994706446,1.5194778706914112,497.75,17841640,1789700798,2026-09-18T03:06:38Z,NASDAQ:MSFT
32.717476127625936,1.9532493015412344,9.889801124613994,1.9311107470511155,519.0545,55.584089994706446,1.5194778706914112,497.75,17841640,1789700988,2026-09-18T03:09:48Z,NASDAQ:MSFT
32.717476127625936,1.9532493015412344,9.889801124613994,1.9311107470511155,519.0545,55.584089994706446,1.5194778706914112,497.75,17841640,1789701161,2026-09-18T03:12:41Z,NASDAQ:MSFT
32.717476127625936,1.9532493015412344,9.889801124613994,1.9311107470511155,519.0545,55.584089994706446,1.5194778706914112,497.75,17841640,1789701343,2026-09-18T03:15:43Z,NASDAQ:MSFT
32.717476127625936,1.9532493015412344,9.889801124613994,1.9311107470511155,519.0545,55.584089994706446,1.5194778706914112,497.75,17841640,1789701525,2026-09-18T03:18:45Z,NASDAQ:MSFT
32.717476127625936,1.9532493015412344,9.889801124613994,1.9311107470511155,519.0545,55.584089994706446,1.5194778706914112,497.75,17841640,1789701705,2026-09-18T03:21:45Z,NASDAQ:MSFT
32.717476127625936,1.9532493015412344,9.889801124613994,1.9311107470511155,519.0545,55.584089994706446,1.5194778706914112,497.75,17841640,1789701884,2026-09-18T03:24:44Z,NASDAQ:MSFT
32.717476127625936,1.9532493015412344,9.889801124613994,1.9311107470511155,519.0545,55.584089994706446,1.5194778706914112,497.75,17841640,1789702065,2026-09-18T03:27:45Z,NASDAQ:MSFT
32.717476127625936,1.9532493015412344,9.889801124613994,1.9311107470511155,519.0545,55.584089994706446,1.5194778706914112,497.75,17841640,1789702243,2026-09-18T03:30:43Z,NASDAQ:MSFT
32.717476127625936,1.9532493015412344,9.889801124613994,1.9311107470511155,519.0545,55.584089994706446,1.5194778706914112,497.75,17841640,1789702426,2026-09-18T03:33:46Z,NASDAQ:MSFT
32.717476127625936,1.9532493015412344,9.889801124613994,1.9311107470511155,519.0545,55.584089994706446,1.5194778706914112,497.75,17841640,1789702602,2026-09-18T03:36:42Z,NASDAQ:MSFT
32.717476127625936,1.9532493015412344,9.889801124613994,1.9311107470511155,519.0545,55.584089994706446,1.5194778706914112,497.75,17841640,1789702785,2026-09-18T03:39:45Z,NASDAQ:MSFT
32.717476127625936,1.9532493015412344,9.889801124613994,1.9311107470511155,519.0545,55.584089994706446,1.5194778706914112,497.75,17841640,1789702963,2026-09-18T03:42:43Z,NASDAQ:MSFT
32.717476127625936,1.9532493015412344,9.889801124613994,1.9311107470511155,519.0545,55.584089994706446,1.5194778706914112,497.75,17841640,1789703142,2026-09-18T03:45:42Z,NASDAQ:MSFT
32.717476127625936,1.9532493015412344,9.889801124613994,1.9311107470511155,519.0545,55.584089994706446,1.5194778706914112,497.75,17841640,1789703325,2026-09-18T03:48:45Z,NASDAQ:MSFT
32.717476127625936,1.9532493015412344,9.889801124613994,1.9311107470511155,519.0545,55.584089994706446,1.5194778706914112,497.75,17841640,1789703502,2026-09-18T03:51:42Z,NASDAQ:MSFT
32.717476127625936,1.9532493015412344,9.889801124613994,1.9311107470511155,519.0545,55.584089994706446,1.5194778706914112,497.75,17841640,1789703685,2026-09-18T03:54:45Z,NASDAQ:MSFT
32.717476127625936,1.9532493015412344,9.889801124613994,1.9311107470511155,519.0545,55.584089994706446,1.5194778706914112,497.75,17841640,1789703863,2026-09-18T03:57:43Z,NASDAQ:MSFT
32.717476127625936,1.9532493015412344,9.889801124613994,1.9311107470511155,519.0545,55.584089994706446,1.5194778706914112,497.75,17841640,1789704045,2026-09-18T04:00:45Z,NASDAQ:MSFT
32.717476127625936,1.9532493015412344,9.889801124613994,1.9311107470511155,519.0545,55.584089994706446,1.5194778706914112,497.75,17841640,1789704223,2026-09-18T04:03:43Z,NASDAQ:MSFT
32.717476127625936,1.9532493015412344,9.889801124613994,1.9311107470511155,519.0545,55.584089994706446,1.5194778706914112,497.75,17841640,1789704402,2026-09-18T04:06:42Z,NASDAQ:MSFT
32.717476127625936,1.9532493015412344,9.889801124613994,1.9311107470511155,519.0545,55.584089994706446,1.5194778706914112,497.75,17841640,1789704583,2026-09-18T04:09:43Z,NASDAQ:MSFT
32.717476127625936,1.9532493015412344,9.889801124613994,1.9311107470511155,519.0545,55.584089994706446,1.5194778706914112,497.75,17841640,1789704762,2026-09-18T04:12:42Z,NASDAQ:MSFT
32.717476127625936,1.9532493015412344,9.889801124613994,1.9311107470511155,519.0545,55.584089994706446,1.5194778706914112,497.75,17841640,1789704945,2026-09-18T04:15:45Z,NASDAQ:MSFT
32.717476127625936,1.9532493015412344,9.889801124613994,1.9311107470511155,519.0545,55.584089994706446,1.5194778706914112,497.75,17841640,1789705121,2026-09-18T04:18:41Z,NASDAQ:MSFT
32.717476127625936,1.9532493015412344,9.889801124613994,1.9311107470511155,519.0545,55.584089994706446,1.5194778706914112,497.75,17841640,1789705305,2026-09-18T04:21:45Z,NASDAQ:MSFT
32.717476127625936,1.9532493015412344,9.889801124613994,1.9311107470511155,519.0545,55.584089994706446,1.5194778706914112,497.75,17841640,1789705483,2026-09-18T04:24:43Z,NASDAQ:MSFT
32.717476127625936,1.9532493015412344,9.889801124613994,1.9311107470511155,519.0545,55.584089994706446,1.5194778706914112,497.75,17841640,1789705666,2026-09-18T04:27:46Z,NASDAQ:MSFT
32.717476127625936,1.9532493015412344,9.889801124613994,1.9311107470511155,519.0545,55.584089994706446,1.5194778706914112,497.75,17841640,1789705842,2026-09-18T04:30:42Z,NASDAQ:MSFT
32.717476127625936,1.9532493015412344,9.889801124613994,1.9311107470511155,519.0545,55.584089994706446,1.5194778706914112,497.75,17841640,1789706020,2026-09-18T04:33:40Z,NASDAQ:MSFT
32.717476127625936,1.9532493015412344,9.889801124613994,1.9311107470511155,519.0545,55.584089994706446,1.5194778706914112,497.75,17841640,1789706202,2026-09-18T04:36:42Z,NASDAQ:MSFT
32.717476127625936,1.9532493015412344,9.889801124613994,1.9311107470511155,519.0545,55.584089994706446,1.5194778706914112,497.75,17841640,1789706384,2026-09-18T04:39:44Z,NASDAQ:MSFT
32.717476127625936,1.9532493015412344,9.889801124613994,1.9311107470511155,519.0545,55.584089994706446,1.5194778706914112,497.75,17841640,1789706564,2026-09-18T04:42:44Z,NASDAQ:MSFT
32.717476127625936,1.9532493015412344,9.889801124613994,1.9311107470511155,519.0545,55.584089994706446,1.5194778706914112,497.75,17841640,1789706744,2026-09-18T04:45:44Z,NASDAQ:MSFT
32.717476127625936,1.9532493015412344,9.889801124613994,1.9311107470511155,519.0545,55.584089994706446,1.5194778706914112,497.75,17841640,1789706922,2026-09-18T04:48:42Z,NASDAQ:MSFT
32.717476127625936,1.9532493015412344,9.889801124613994,1.9311107470511155,519.0545,55.584089994706446,1.5194778706914112,497.75,17841640,1789707102,2026-09-18T04:51:42Z,NASDAQ:MSFT
32.717476127625936,1.9532493015412344,9.889801124613994,1.9311107470511155,519.0545,55.584089994706446,1.5194778706914112,497.75,17841640,1789707285,2026-09-18T04:54:45Z,NASDAQ:MSFT
32.717476127625936,1.9532493015412344,9.889801124613994,1.9311107470511155,519.0545,55.584089994706446,1.5194778706914112,497.75,17841640,1789707463,2026-09-18T04:57:43Z,NASDAQ:MSFT
32.717476127625936,1.9532493015412344,9.889801124613994,1.9311107470511155,519.0545,55.584089994706446,1.5194778706914112,497.75,17841640,1789707644,2026-09-18T05:00:44Z,NASDAQ:MSFT
32.717476127625936,1.9532493015412344,9.889801124613994,1.9311107470511155,519.0545,55.584089994706446,1.5194778706914112,497.75,17841640,1789707820,2026-09-18T05:03:40Z,NASDAQ:MSFT
32.717476127625936,1.9532493015412344,9.889801124613994,1.9311107470511155,519.0545,55.584089994706446,1.5194778706914112,497.75,17841640,1789708006,2026-09-18T05:06:46Z,NASDAQ:MSFT
32.717476127625936,1.9532493015412344,9.889801124613994,1.9311107470511155,519.0545,55.584089994706446,1.5194778706914112,497.75,17841640,1789708182,2026-09-18T05:09:42Z,NASDAQ:MSFT
32.717476127625936,1.9532493015412344,9.889801124613994,1.9311107470511155,519.0545,55.584089994706446,1.5194778706914112,497.75,17841640,1789708362,2026-09-18T05:12:42Z,NASDAQ:MSFT
32.717476127625936,1.9532493015412344,9.889801124613994,1.9311107470511155,519.0545,55.584089994706446,1.5194778706914112,497.75,17841640,1789708542,2026-09-18T05:15:42Z,NASDAQ:MSFT
32.717476127625936,1.9532493015412344,9.889801124613994,1.9311107470511155,519.0545,55.584089994706446,1.5194778706914112,497.75,17841640,1789708724,2026-09-18T05:18:44Z,NASDAQ:MSFT
32.717476127625936,1.9532493015412344,9.889801124613994,1.9311107470511155,519.0545,55.584089994706446,1.5194778706914112,497.75,17841640,1789708905,2026-09-18T05:21:45Z,NASDAQ:MSFT
32.717476127625936,1.9532493015412344,9.889801124613994,1.9311107470511155,519.0545,55.584089994706446,1.5194778706914112,497.75,17841640,1789709086,2026-09-18T05:24:46Z,NASDAQ:MSFT
32.717476127625936,1.9532493015412344,9.889801124613994,1.9311107470511155,519.0545,55.584089994706446,1.5194778706914112,497.75,17841640,1789709271,2026-09-18T05:27:51Z,NASDAQ:MSFT
32.717476127625936,1.9532493015412344,9.889801124613994,1.9311107470511155,519.0545,55.584089994706446,1.5194778706914112,497.75,17841640,1789709443,2026-09-18T05:30:43Z,NASDAQ:MSFT
32.717476127625936,1.9532493015412344,9.889801124613994,1.9311107470511155,519.0545,55.584089994706446,1.5194778706914112,497.75,17841640,1789709623,2026-09-18T05:33:43Z,NASDAQ:MSFT
32.717476127625936,1.9532493015412344,9.889801124613994,1.9311107470511155,519.0545,55.584089994706446,1.5194778706914112,497.75,17841640,1789709803,2026-09-18T05:36:43Z,NASDAQ:MSFT
32.717476127625936,1.9532493015412344,9.889801124613994,1.9311107470511155,519.0545,55.584089994706446,1.5194778706914112,497.75,17841640,1789709982,2026-09-18T05:39:42Z,NASDAQ:MSFT
32.717476127625936,1.9532493015412344,9.889801124613994,1.9311107470511155,519.0545,55.584089994706446,1.5194778706914112,497.75,17841640,1789710165,2026-09-18T05:42:45Z,NASDAQ:MSFT
32.717476127625936,1.9532493015412344,9.889801124613994,1.9311107470511155,519.0545,55.584089994706446,1.5194778706914112,497.75,17841640,1789710347,2026-09-18T05:45:47Z,NASDAQ:MSFT
32.717476127625936,1.9532493015412344,9.889801124613994,1.9311107470511155,519.0545,55.584089994706446,1.5194778706914112,497.75,17841640,1789710524,2026-09-18T05:48:44Z,NASDAQ:MSFT
32.717476127625936,1.9532493015412344,9.889801124613994,1.9311107470511155,519.0545,55.584089994706446,1.5194778706914112,497.75,17841640,1789710703,2026-09-18T05:51:43Z,NASDAQ:MSFT
32.717476127625936,1.9532493015412344,9.889801124613994,1.9311107470511155,519.0545,55.584089994706446,1.5194778706914112,497.75,17841640,1789710885,2026-09-18T05:54:45Z,NASDAQ:MSFT
32.717476127625936,1.9532493015412344,9.889801124613994,1.9311107470511155,519.0545,55.584089994706446,1.5194778706914112,497.75,17841640,1789711064,2026-09-18T05:57:44Z,NASDAQ:MSFT
32.717476127625936,1.9532493015412344,9.889801124613994,1.9311107470511155,519.0545,55.584089994706446,1.5194778706914112,497.75,17841640,1789711243,2026-09-18T06:00:43Z,NASDAQ:MSFT
32.717476127625936,1.9532493015412344,9.889801124613994,1.9311107470511155,519.0545,55.584089994706446,1.5194778706914112,497.75,17841640,1789711423,2026-09-18T06:03:43Z,NASDAQ:MSFT
32.717476127625936,1.9532493015412344,9.889801124613994,1.9311107470511155,519.0545,55.584089994706446,1.5194778706914112,497.75,17841640,1789711604,2026-09-18T06:06:44Z,NASDAQ:MSFT
32.717476127625936,1.9532493015412344,9.889801124613994,1.9311107470511155,519.0545,55.584089994706446,1.5194778706914112,497.75,17841640,1789711785,2026-09-18T06:09:45Z,NASDAQ:MSFT
32.717476127625936,1.9532493015412344,9.889801124613994,1.9311107470511155,519.0545,55.584089994706446,1.5194778706914112,497.75,17841640,1789711965,2026-09-18T06:12:45Z,NASDAQ:MSFT
32.717476127625936,1.9532493015412344,9.889801124613994,1.9311107470511155,519.0545,55.584089994706446,1.5194778706914112,497.75,17841640,1789712143,2026-09-18T06:15:43Z,NASDAQ:MSFT
32.717476127625936,1.9532493015412344,9.889801124613994,1.9311107470511155,519.0545,55.584089994706446,1.5194778706914112,497.75,17841640,1789712321,2026-09-18T06:18:41Z,NASDAQ:MSFT
32.717476127625936,1.9532493015412344,9.889801124613994,1.9311107470511155,519.0545,55.584089994706446,1.5194778706914112,497.75,17841640,1789712506,2026-09-18T06:21:46Z,NASDAQ:MSFT
32.717476127625936,1.9532493015412344,9.889801124613994,1.9311107470511155,519.0545,55.584089994706446,1.5194778706914112,497.75,17841640,1789712682,2026-09-18T06:24:42Z,NASDAQ:MSFT
32.717476127625936,1.9532493015412344,9.889801124613994,1.9311107470511155,519.0545,55.584089994706446,1.5194778706914112,497.75,17841640,1789712865,2026-09-18T06:27:45Z,NASDAQ:MSFT
32.717476127625936,1.9532493015412344,9.889801124613994,1.9311107470511155,519.0545,55.584089994706446,1.5194778706914112,497.75,17841640,1789713045,2026-09-18T06:30:45Z,NASDAQ:MSFT
32.717476127625936,1.9532493015412344,9.889801124613994,1.9311107470511155,519.0545,55.584089994706446,1.5194778706914112,497.75,17841640,1789713224,2026-09-18T06:33:44Z,NASDAQ:MSFT
32.717476127625936,1.9532493015412344,9.889801124613994,1.9311107470511155,519.0545,55.584089994706446,1.5194778706914112,497.75,17841640,1789713405,2026-09-18T06:36:45Z,NASDAQ:MSFT
32.717476127625936,1.9532493015412344,9.889801124613994,1.9311107470511155,519.0545,55.584089994706446,1.5194778706914112,497.75,17841640,1789713582,2026-09-18T06:39:42Z,NASDAQ:MSFT
32.717476127625936,1.9532493015412344,9.889801124613994,1.9311107470511155,519.0545,55.584089994706446,1.5194778706914112,497.75,17841640,1789713762,2026-09-18T06:42:42Z,NASDAQ:MSFT
32.717476127625936,1.9532493015412344,9.889801124613994,1.9311107470511155,519.0545,55.584089994706446,1.5194778706914112,497.75,17841640,1789713943,2026-09-18T06:45:43Z,NASDAQ:MSFT
32.717476127625936,1.9532493015412344,9.889801124613994,1.9311107470511155,519.0545,55.584089994706446,1.5194778706914112,497.75,17841640,1789714124,2026-09-18T06:48:44Z,NASDAQ:MSFT
32.717476127625936,1.9532493015412344,9.889801124613994,1.9311107470511155,519.0545,55.584089994706446,1.5194778706914112,497.75,17841640,1789714305,2026-09-18T06:51:45Z,NASDAQ:MSFT
32.717476127625936,1.9532493015412344,9.889801124613994,1.9311107470511155,519.0545,55.584089994706446,1.5194778706914112,497.75,17841640,1789714486,2026-09-18T06:54:46Z,NASDAQ:MSFT
32.717476127625936,1.9532493015412344,9.889801124613994,1.9311107470511155,519.0545,55.584089994706446,1.5194778706914112,497.75,17841640,1789714660,2026-09-18T06:57:40Z,NASDAQ:MSFT
32.717476127625936,1.9532493015412344,9.889801124613994,1.9311107470511155,519.0545,55.584089994706446,1.5194778706914112,497.75,17841640,1789714846,2026-09-18T07:00:46Z,NASDAQ:MSFT
32.717476127625936,1.9532493015412344,9.889801124613994,1.9311107470511155,519.0545,55.584089994706446,1.5194778706914112,497.75,17841640,1789715022,2026-09-18T07:03:42Z,NASDAQ:MSFT
32.717476127625936,1.9532493015412344,9.889801124613994,1.9311107470511155,519.0545,55.584089994706446,1.5194778706914112,497.75,17841640,1789715204,2026-09-18T07:06:44Z,NASDAQ:MSFT
32.717476127625936,1.9532493015412344,9.889801124613994,1.9311107470511155,519.0545,55.584089994706446,1.5194778706914112,497.75,17841640,1789715382,2026-09-18T07:09:42Z,NASDAQ:MSFT
32.717476127625936,1.9532493015412344,9.889801124613994,1.9311107470511155,519.0545,55.584089994706446,1.5194778706914112,497.75,17841640,1789715564,2026-09-18T07:12:44Z,NASDAQ:MSFT
32.717476127625936,1.9532493015412344,9.889801124613994,1.9311107470511155,519.0545,55.584089994706446,1.5194778706914112,497.75,17841640,1789715745,2026-09-18T07:15:45Z,NASDAQ:MSFT
32.717476127625936,1.9532493015412344,9.889801124613994,1.9311107470511155,519.0545,55.584089994706446,1.5194778706914112,497.75,17841640,1789715927,2026-09-18T07:18:47Z,NASDAQ:MSFT
32.717476127625936,1.9532493015412344,9.889801124613994,1.9311107470511155,519.0545,55.584089994706446,1.5194778706914112,497.75,17841640,1789716100,2026-09-18T07:21:40Z,NASDAQ:MSFT
32.717476127625936,1.9532493015412344,9.889801124613994,1.9311107470511155,519.0545,55.584089994706446,1.5194778706914112,497.75,17841640,1789716283,2026-09-18T07:24:43Z,NASDAQ:MSFT
32.717476127625936,1.9532493015412344,9.889801124613994,1.9311107470511155,519.0545,55.584089994706446,1.5194778706914112,497.75,17841640,1789716462,2026-09-18T07:27:42Z,NASDAQ:MSFT
32.717476127625936,1.9532493015412344,9.889801124613994,1.9311107470511155,519.0545,55.584089994706446,1.5194778706914112,497.75,17841640,1789716643,2026-09-18T07:30:43Z,NASDAQ:MSFT
32.717476127625936,1.9532493015412344,9.889801124613994,1.9311107470511155,519.0545,55.584089994706446,1.5194778706914112,497.75,17841640,1789716822,2026-09-18T07:33:42Z,NASDAQ:MSFT
32.717476127625936,1.9532493015412344,9.889801124613994,1.9311107470511155,519.0545,55.584089994706446,1.5194778706914112,497.75,17841640,1789717004,2026-09-18T07:36:44Z,NASDAQ:MSFT
32.717476127625936,1.9532493015412344,9.889801124613994,1.9311107470511155,519.0545,55.584089994706446,1.5194778706914112,497.75,17841640,1789717185,2026-09-18T07:39:45Z,NASDAQ:MSFT
32.717476127625936,1.9532493015412344,9.889801124613994,1.9311107470511155,519.0545,55.584089994706446,1.5194778706914112,497.75,17841640,1789717365,2026-09-18T07:42:45Z,NASDAQ:MSFT
32.717476127625936,1.9532493015412344,9.889801124613994,1.9311107470511155,519.0545,55.584089994706446,1.5194778706914112,497.75,17841640,1789717544,2026-09-18T07:45:44Z,NASDAQ:MSFT
32.717476127625936,1.9532493015412344,9.889801124613994,1.9311107470511155,519.0545,55.584089994706446,1.5194778706914112,497.75,17841640,1789717724,2026-09-18T07:48:44Z,NASDAQ:MSFT
32.717476127625936,1.9532493015412344,9.889801124613994,1.9311107470511155,519.0545,55.584089994706446,1.5194778706914112,497.75,17841640,1789717904,2026-09-18T07:51:44Z,NASDAQ:MSFT
32.717476127625936,1.9532493015412344,9.889801124613994,1.9311107470511155,519.0545,55.584089994706446,1.5194778706914112,497.75,17841640,1789718085,2026-09-18T07:54:45Z,NASDAQ:MSFT
32.717476127625936,1.9532493015412344,9.889801124613994,1.9311107470511155,519.0545,55.584089994706446,1.5194778706914112,497.75,17841640,1789718264,2026-09-18T07:57:44Z,NASDAQ:MSFT
32.717476127625936,1.9532493015412344,9.889801124613994,1.9311107470511155,519.0545,55.584089994706446,1.5194778706914112,497.75,17841640,1789718443,2026-09-18T08:00:43Z,NASDAQ:MSFT
32.717476127625936,1.9532493015412344,9.889801124613994,1.9311107470511155,519.0545,55.584089994706446,1.5194778706914112,497.75,17841640,1789718625,2026-09-18T08:03:45Z,NASDAQ:MSFT
32.717476127625936,1.9532493015412344,9.889801124613994,1.9311107470511155,519.0545,55.584089994706446,1.5194778706914112,497.75,17841640,1789718803,2026-09-18T08:06:43Z,NASDAQ:MSFT
32.717476127625936,1.9532493015412344,9.889801124613994,1.9311107470511155,519.0545,55.584089994706446,1.5194778706914112,497.75,17841640,1789718986,2026-09-18T08:09:46Z,NASDAQ:MSFT
32.717476127625936,1.9532493015412344,9.889801124613994,1.9311107470511155,519.0545,55.584089994706446,1.5194778706914112,497.75,17841640,1789719164,2026-09-18T08:12:44Z,NASDAQ:MSFT
32.717476127625936,1.9532493015412344,9.889801124613994,1.9311107470511155,519.0545,55.584089994706446,1.5194778706914112,497.75,17841640,1789719344,2026-09-18T08:15:44Z,NASDAQ:MSFT
32.717476127625936,1.9532493015412344,9.889801124613994,1.9311107470511155,519.0545,55.584089994706446,1.5194778706914112,497.75,17841640,1789719520,2026-09-18T08:18:40Z,NASDAQ:MSFT
32.717476127625936,1.9532493015412344,9.889801124613994,1.9311107470511155,519.0545,55.584089994706446,1.5194778706914112,497.75,17841640,1789719704,2026-09-18T08:21:44Z,NASDAQ:MSFT
32.717476127625936,1.9532493015412344,9.889801124613994,1.9311107470511155,519.0545,55.584089994706446,1.5194778706914112,497.75,17841640,1789719881,2026-09-18T08:24:41Z,NASDAQ:MSFT
32.717476127625936,1.9532493015412344,9.889801124613994,1.9311107470511155,519.0545,55.584089994706446,1.5194778706914112,497.75,17841640,1789720064,2026-09-18T08:27:44Z,NASDAQ:MSFT
32.717476127625936,1.9532493015412344,9.889801124613994,1.9311107470511155,519.0545,55.584089994706446,1.5194778706914112,497.75,17841640,1789720245,2026-09-18T08:30:45Z,NASDAQ:MSFT
32.717476127625936,1.9532493015412344,9.889801124613994,1.9311107470511155,519.0545,55.584089994706446,1.5194778706914112,497.75,17841640,1789720423,2026-09-18T08:33:43Z,NASDAQ:MSFT
32.717476127625936,1.9532493015412344,9.889801124613994,1.9311107470511155,519.0545,55.584089994706446,1.5194778706914112,497.75,17841640,1789720604,2026-09-18T08:36:44Z,NASDAQ:MSFT
32.717476127625936,1.9532493015412344,9.889801124613994,1.9311107470511155,519.0545,55.584089994706446,1.5194778706914112,497.75,17841640,1789720785,2026-09-18T08:39:45Z,NASDAQ:MSFT
32.717476127625936,1.9532493015412344,9.889801124613994,1.9311107470511155,519.0545,55.584089994706446,1.5194778706914112,497.75,17841640,1789720964,2026-09-18T08:42:44Z,NASDAQ:MSFT
32.717476127625936,1.9532493015412344,9.889801124613994,1.9311107470511155,519.0545,55.584089994706446,1.5194778706914112,497.75,17841640,1789721142,2026-09-18T08:45:42Z,NASDAQ:MSFT
32.717476127625936,1.9532493015412344,9.889801124613994,1.9311107470511155,519.0545,55.584089994706446,1.5194778706914112,497.75,17841640,1789721325,2026-09-18T08:48:45Z,NASDAQ:MSFT
32.717476127625936,1.9532493015412344,9.889801124613994,1.9311107470511155,519.0545,55.584089994706446,1.5194778706914112,497.75,17841640,1789721504,2026-09-18T08:51:44Z,NASDAQ:MSFT
32.717476127625936,1.9532493015412344,9.889801124613994,1.9311107470511155,519.0545,55.584089994706446,1.5194778706914112,497.75,17841640,1789721679,2026-09-18T08:54:39Z,NASDAQ:MSFT
32.717476127625936,1.9532493015412344,9.889801124613994,1.9311107470511155,519.0545,55.584089994706446,1.5194778706914112,497.75,17841640,1789721864,2026-09-18T08:57:44Z,NASDAQ:MSFT
32.717476127625936,1.9532493015412344,9.889801124613994,1.9311107470511155,519.0545,55.584089994706446,1.5194778706914112,497.75,17841640,1789722044,2026-09-18T09:00:44Z,NASDAQ:MSFT
32.717476127625936,1.9532493015412344,9.889801124613994,1.9311107470511155,519.0545,55.584089994706446,1.5194778706914112,497.75,17841640,1789722224,2026-09-18T09:03:44Z,NASDAQ:MSFT
32.717476127625936,1.9532493015412344,9.889801124613994,1.9311107470511155,519.0545,55.584089994706446,1.5194778706914112,497.75,17841640,1789722404,2026-09-18T09:06:44Z,NASDAQ:MSFT
32.717476127625936,1.9532493015412344,9.889801124613994,1.9311107470511155,519.0545,55.584089994706446,1.5194778706914112,497.75,17841640,1789722585,2026-09-18T09:09:45Z,NASDAQ:MSFT
32.717476127625936,1.9532493015412344,9.889801124613994,1.9311107470511155,519.0545,55.584089994706446,1.5194778706914112,497.75,17841640,1789722763,2026-09-18T09:12:43Z,NASDAQ:MSFT
32.717476127625936,1.9532493015412344,9.889801124613994,1.9311107470511155,519.0545,55.584089994706446,1.5194778706914112,497.75,17841640,1789722948,2026-09-18T09:15:48Z,NASDAQ:MSFT
32.717476127625936,1.9532493015412344,9.889801124613994,1.9311107470511155,519.0545,55.584089994706446,1.5194778706914112,497.75,17841640,1789723123,2026-09-18T09:18:43Z,NASDAQ:MSFT
32.717476127625936,1.9532493015412344,9.889801124613994,1.9311107470511155,519.0545,55.584089994706446,1.5194778706914112,497.75,17841640,1789723304,2026-09-18T09:21:44Z,NASDAQ:MSFT
32.717476127625936,1.9532493015412344,9.889801124613994,1.9311107470511155,519.0545,55.584089994706446,1.5194778706914112,497.75,17841640,1789723484,2026-09-18T09:24:44Z,NASDAQ:MSFT
32.717476127625936,1.9532493015412344,9.889801124613994,1.9311107470511155,519.0545,55.584089994706446,1.5194778706914112,497.75,17841640,1789723660,2026-09-18T09:27:40Z,NASDAQ:MSFT
32.717476127625936,1.9532493015412344,9.889801124613994,1.9311107470511155,519.0545,55.584089994706446,1.5194778706914112,497.75,17841640,1789723845,2026-09-18T09:30:45Z,NASDAQ:MSFT
32.717476127625936,1.9532493015412344,9.889801124613994,1.9311107470511155,519.0545,55.584089994706446,1.5194778706914112,497.75,17841640,1789724025,2026-09-18T09:33:45Z,NASDAQ:MSFT
32.717476127625936,1.9532493015412344,9.889801124613994,1.9311107470511155,519.0545,55.584089994706446,1.5194778706914112,497.75,17841640,1789724203,2026-09-18T09:36:43Z,NASDAQ:MSFT
32.717476127625936,1.9532493015412344,9.889801124613994,1.9311107470511155,519.0545,55.584089994706446,1.5194778706914112,497.75,17841640,1789724380,2026-09-18T09:39:40Z,NASDAQ:MSFT
32.717476127625936,1.9532493015412344,9.889801124613994,1.9311107470511155,519.0545,55.584089994706446,1.5194778706914112,497.75,17841640,1789724566,2026-09-18T09:42:46Z,NASDAQ:MSFT
32.717476127625936,1.9532493015412344,9.889801124613994,1.9311107470511155,519.0545,55.584089994706446,1.5194778706914112,497.75,17841640,1789724743,2026-09-18T09:45:43Z,NASDAQ:MSFT
32.717476127625936,1.9532493015412344,9.889801124613994,1.9311107470511155,519.0545,55.584089994706446,1.5194778706914112,497.75,17841640,1789724920,2026-09-18T09:48:40Z,NASDAQ:MSFT
32.717476127625936,1.9532493015412344,9.889801124613994,1.9311107470511155,519.0545,55.584089994706446,1.5194778706914112,497.75,17841640,1789725103,2026-09-18T09:51:43Z,NASDAQ:MSFT
32.717476127625936,1.9532493015412344,9.889801124613994,1.9311107470511155,519.0545,55.584089994706446,1.5194778706914112,497.75,17841640,1789725284,2026-09-18T09:54:44Z,NASDAQ:MSFT
32.717476127625936,1.9532493015412344,9.889801124613994,1.9311107470511155,519.0545,55.584089994706446,1.5194778706914112,497.75,17841640,1789725464,2026-09-18T09:57:44Z,NASDAQ:MSFT
32.717476127625936,1.9532493015412344,9.889801124613994,1.9311107470511155,519.0545,55.584089994706446,1.5194778706914112,497.75,17841640,1789725643,2026-09-18T10:00:43Z,NASDAQ:MSFT
32.717476127625936,1.9532493015412344,9.889801124613994,1.9311107470511155,519.0545,55.584089994706446,1.5194778706914112,497.75,17841640,1789725824,2026-09-18T10:03:44Z,NASDAQ:MSFT
32.717476127625936,1.9532493015412344,9.889801124613994,1.9311107470511155,519.0545,55.584089994706446,1.5194778706914112,497.75,17841640,1789726004,2026-09-18T10:06:44Z,NASDAQ:MSFT
32.717476127625936,1.9532493015412344,9.889801124613994,1.9311107470511155,519.0545,55.584089994706446,1.5194778706914112,497.75,17841640,1789726185,2026-09-18T10:09:45Z,NASDAQ:MSFT
32.717476127625936,1.9532493015412344,9.889801124613994,1.9311107470511155,519.0545,55.584089994706446,1.5194778706914112,497.75,17841640,1789726363,2026-09-18T10:12:43Z,NASDAQ:MSFT
32.717476127625936,1.9532493015412344,9.889801124613994,1.9311107470511155,519.0545,55.584089994706446,1.5194778706914112,497.75,17841640,1789726539,2026-09-18T10:15:39Z,NASDAQ:MSFT
32.717476127625936,1.9532493015412344,9.889801124613994,1.9311107470511155,519.0545,55.584089994706446,1.5194778706914112,497.75,17841640,1789726726,2026-09-18T10:18:46Z,NASDAQ:MSFT
32.717476127625936,1.9532493015412344,9.889801124613994,1.9311107470511155,519.0545,55.584089994706446,1.5194778706914112,497.75,17841640,1789726909,2026-09-18T10:21:49Z,NASDAQ:MSFT
32.717476127625936,1.9532493015412344,9.889801124613994,1.9311107470511155,519.0545,55.584089994706446,1.5194778706914112,497.75,17841640,1789727083,2026-09-18T10:24:43Z,NASDAQ:MSFT
32.717476127625936,1.9532493015412344,9.889801124613994,1.9311107470511155,519.0545,55.584089994706446,1.5194778706914112,497.75,17841640,1789727263,2026-09-18T10:27:43Z,NASDAQ:MSFT
32.717476127625936,1.9532493015412344,9.889801124613994,1.9311107470511155,519.0545,55.584089994706446,1.5194778706914112,497.75,17841640,1789727443,2026-09-18T10:30:43Z,NASDAQ:MSFT
32.717476127625936,1.9532493015412344,9.889801124613994,1.9311107470511155,519.0545,55.584089994706446,1.5194778706914112,497.75,17841640,1789727623,2026-09-18T10:33:43Z,NASDAQ:MSFT
32.717476127625936,1.9532493015412344,9.889801124613994,1.9311107470511155,519.0545,55.584089994706446,1.5194778706914112,497.75,17841640,1789727803,2026-09-18T10:36:43Z,NASDAQ:MSFT
32.717476127625936,1.9532493015412344,9.889801124613994,1.9311107470511155,519.0545,55.584089994706446,1.5194778706914112,497.75,17841640,1789727983,2026-09-18T10:39:43Z,NASDAQ:MSFT
32.717476127625936,1.9532493015412344,9.889801124613994,1.9311107470511155,519.0545,55.584089994706446,1.5194778706914112,497.75,17841640,1789728161,2026-09-18T10:42:41Z,NASDAQ:MSFT
32.717476127625936,1.9532493015412344,9.889801124613994,1.9311107470511155,519.0545,55.584089994706446,1.5194778706914112,497.75,17841640,1789728344,2026-09-18T10:45:44Z,NASDAQ:MSFT
32.717476127625936,1.9532493015412344,9.889801124613994,1.9311107470511155,519.0545,55.584089994706446,1.5194778706914112,497.75,17841640,1789728524,2026-09-18T10:48:44Z,NASDAQ:MSFT
32.717476127625936,1.9532493015412344,9.889801124613994,1.9311107470511155,519.0545,55.584089994706446,1.5194778706914112,497.75,17841640,1789728702,2026-09-18T10:51:42Z,NASDAQ:MSFT
32.717476127625936,1.9532493015412344,9.889801124613994,1.9311107470511155,519.0545,55.584089994706446,1.5194778706914112,497.75,17841640,1789728883,2026-09-18T10:54:43Z,NASDAQ:MSFT
32.717476127625936,1.9532493015412344,9.889801124613994,1.9311107470511155,519.0545,55.584089994706446,1.5194778706914112,497.75,17841640,1789729063,2026-09-18T10:57:43Z,NASDAQ:MSFT
32.717476127625936,1.9532493015412344,9.889801124613994,1.9311107470511155,519.0545,55.584089994706446,1.5194778706914112,497.75,17841640,1789729242,2026-09-18T11:00:42Z,NASDAQ:MSFT
32.717476127625936,1.9532493015412344,9.889801124613994,1.9311107470511155,519.0545,55.584089994706446,1.5194778706914112,497.75,17841640,1789729424,2026-09-18T11:03:44Z,NASDAQ:MSFT
32.717476127625936,1.9532493015412344,9.889801124613994,1.9311107470511155,519.0545,55.584089994706446,1.5194778706914112,497.75,17841640,1789729601,2026-09-18T11:06:41Z,NASDAQ:MSFT
32.717476127625936,1.9532493015412344,9.889801124613994,1.9311107470511155,519.0545,55.584089994706446,1.5194778706914112,497.75,17841640,1789729786,2026-09-18T11:09:46Z,NASDAQ:MSFT
32.717476127625936,1.9532493015412344,9.889801124613994,1.9311107470511155,519.0545,55.584089994706446,1.5194778706914112,497.75,17841640,1789729960,2026-09-18T11:12:40Z,NASDAQ:MSFT
32.717476127625936,1.9532493015412344,9.889801124613994,1.9311107470511155,519.0545,55.584089994706446,1.5194778706914112,497.75,17841640,1789730144,2026-09-18T11:15:44Z,NASDAQ:MSFT
32.717476127625936,1.9532493015412344,9.889801124613994,1.9311107470511155,519.0545,55.584089994706446,1.5194778706914112,497.75,17841640,1789730325,2026-09-18T11:18:45Z,NASDAQ:MSFT
32.717476127625936,1.9532493015412344,9.889801124613994,1.9311107470511155,519.0545,55.584089994706446,1.5194778706914112,497.75,17841640,1789730501,2026-09-18T11:21:41Z,NASDAQ:MSFT
32.717476127625936,1.9532493015412344,9.889801124613994,1.9311107470511155,519.0545,55.584089994706446,1.5194778706914112,497.75,17841640,1789730681,2026-09-18T11:24:41Z,NASDAQ:MSFT
32.717476127625936,1.9532493015412344,9.889801124613994,1.9311107470511155,519.0545,55.584089994706446,1.5194778706914112,497.75,17841640,1789730864,2026-09-18T11:27:44Z,NASDAQ:MSFT
32.717476127625936,1.9532493015412344,9.889801124613994,1.9311107470511155,519.0545,55.584089994706446,1.5194778706914112,497.75,17841640,1789731045,2026-09-18T11:30:45Z,NASDAQ:MSFT
32.717476127625936,1.9532493015412344,9.889801124613994,1.9311107470511155,519.0545,55.584089994706446,1.5194778706914112,497.75,17841640,1789731222,2026-09-18T11:33:42Z,NASDAQ:MSFT
32.717476127625936,1.9532493015412344,9.889801124613994,1.9311107470511155,519.0545,55.584089994706446,1.5194778706914112,497.75,17841640,1789731403,2026-09-18T11:36:43Z,NASDAQ:MSFT
32.717476127625936,1.9532493015412344,9.889801124613994,1.9311107470511155,519.0545,55.584089994706446,1.5194778706914112,497.75,17841640,1789731584,2026-09-18T11:39:44Z,NASDAQ:MSFT
32.717476127625936,1.9532493015412344,9.889801124613994,1.9311107470511155,519.0545,55.584089994706446,1.5194778706914112,497.75,17841640,1789731763,2026-09-18T11:42:43Z,NASDAQ:MSFT
32.717476127625936,1.9532493015412344,9.889801124613994,1.9311107470511155,519.0545,55.584089994706446,1.5194778706914112,497.75,17841640,1789731944,2026-09-18T11:45:44Z,NASDAQ:MSFT
32.717476127625936,1.9532493015412344,9.889801124613994,1.9311107470511155,519.0545,55.584089994706446,1.5194778706914112,497.75,17841640,1789732127,2026-09-18T11:48:47Z,NASDAQ:MSFT
32.717476127625936,1.9532493015412344,9.889801124613994,1.9311107470511155,519.0545,55.584089994706446,1.5194778706914112,497.75,17841640,1789732305,2026-09-18T11:51:45Z,NASDAQ:MSFT
32.717476127625936,1.9532493015412344,9.889801124613994,1.9311107470511155,519.0545,55.584089994706446,1.5194778706914112,497.75,17841640,1789732483,2026-09-18T11:54:43Z,NASDAQ:MSFT
32.717476127625936,1.9532493015412344,9.889801124613994,1.9311107470511155,519.0545,55.584089994706446,1.5194778706914112,497.75,17841640,1789732663,2026-09-18T11:57:43Z,NASDAQ:MSFT
32.717476127625936,1.9532493015412344,9.889801124613994,1.9311107470511155,519.0545,55.584089994706446,1.5194778706914112,497.75,17841640,1789732845,2026-09-18T12:00:45Z,NASDAQ:MSFT
32.717476127625936,1.9532493015412344,9.889801124613994,1.9311107470511155,519.0545,55.584089994706446,1.5194778706914112,497.75,17841640,1789733023,2026-09-18T12:03:43Z,NASDAQ:MSFT
32.717476127625936,1.9532493015412344,9.889801124613994,1.9311107470511155,519.0545,55.584089994706446,1.5194778706914112,497.75,17841640,1789733206,2026-09-18T12:06:46Z,NASDAQ:MSFT
32.717476127625936,1.9532493015412344,9.889801124613994,1.9311107470511155,519.0545,55.584089994706446,1.5194778706914112,497.75,17841640,1789733383,2026-09-18T12:09:43Z,NASDAQ:MSFT
32.717476127625936,1.9532493015412344,9.889801124613994,1.9311107470511155,519.0545,55.584089994706446,1.5194778706914112,497.75,17841640,1789733565,2026-09-18T12:12:45Z,NASDAQ:MSFT
32.717476127625936,1.9532493015412344,9.889801124613994,1.9311107470511155,519.0545,55.584089994706446,1.5194778706914112,497.75,17841640,1789733744,2026-09-18T12:15:44Z,NASDAQ:MSFT
32.717476127625936,1.9532493015412344,9.889801124613994,1.9311107470511155,519.0545,55.584089994706446,1.5194778706914112,497.75,17841640,1789733922,2026-09-18T12:18:42Z,NASDAQ:MSFT
32.717476127625936,1.9532493015412344,9.889801124613994,1.9311107470511155,519.0545,55.584089994706446,1.5194778706914112,497.75,17841640,1789734106,2026-09-18T12:21:46Z,NASDAQ:MSFT
32.717476127625936,1.9532493015412344,9.889801124613994,1.9311107470511155,519.0545,55.584089994706446,1.5194778706914112,497.75,17841640,1789734285,2026-09-18T12:24:45Z,NASDAQ:MSFT
32.717476127625936,1.9532493015412344,9.889801124613994,1.9311107470511155,519.0545,55.584089994706446,1.5194778706914112,497.75,17841640,1789734462,2026-09-18T12:27:42Z,NASDAQ:MSFT
32.717476127625936,1.9532493015412344,9.889801124613994,1.9311107470511155,519.0545,55.584089994706446,1.5194778706914112,497.75,17841640,1789734645,2026-09-18T12:30:45Z,NASDAQ:MSFT
32.717476127625936,1.9532493015412344,9.889801124613994,1.9311107470511155,519.0545,55.584089994706446,1.5194778706914112,497.75,17841640,1789734826,2026-09-18T12:33:46Z,NASDAQ:MSFT
32.717476127625936,1.9532493015412344,9.889801124613994,1.9311107470511155,519.0545,55.584089994706446,1.5194778706914112,497.75,17841640,1789735005,2026-09-18T12:36:45Z,NASDAQ:MSFT
32.717476127625936,1.9532493015412344,9.889801124613994,1.9311107470511155,519.0545,55.584089994706446,1.5194778706914112,497.75,17841640,1789735184,2026-09-18T12:39:44Z,NASDAQ:MSFT
32.717476127625936,1.9532493015412344,9.889801124613994,1.9311107470511155,519.0545,55.584089994706446,1.5194778706914112,497.75,17841640,1789735363,2026-09-18T12:42:43Z,NASDAQ:MSFT
32.717476127625936,1.9532493015412344,9.889801124613994,1.9311107470511155,519.0545,55.584089994706446,1.5194778706914112,497.75,17841640,1789735546,2026-09-18T12:45:46Z,NASDAQ:MSFT
32.717476127625936,1.9532493015412344,9.889801124613994,1.9311107470511155,519.0545,55.584089994706446,1.5194778706914112,497.75,17841640,1789735723,2026-09-18T12:48:43Z,NASDAQ:MSFT
32.717476127625936,1.9532493015412344,9.889801124613994,1.9311107470511155,519.0545,55.584089994706446,1.5194778706914112,497.75,17841640,1789735906,2026-09-18T12:51:46Z,NASDAQ:MSFT
32.717476127625936,1.9532493015412344,9.889801124613994,1.9311107470511155,519.0545,55.584089994706446,1.5194778706914112,497.75,17841640,1789736083,2026-09-18T12:54:43Z,NASDAQ:MSFT
32.717476127625936,1.9532493015412344,9.889801124613994,1.9311107470511155,519.0545,55.584089994706446,1.5194778706914112,497.75,17841640,1789736263,2026-09-18T12:57:43Z,NASDAQ:MSFT
32.717476127625936,1.9532493015412344,9.889801124613994,1.9311107470511155,519.0545,55.584089994706446,1.5194778706914112,497.75,17841640,1789736445,2026-09-18T13:00:45Z,NASDAQ:MSFT
32.717476127625936,1.9532493015412344,9.889801124613994,1.9311107470511155,519.0545,55.584089994706446,1.5194778706914112,497.75,17841640,1789736625,2026-09-18T13:03:45Z,NASDAQ:MSFT
32.717476127625936,1.9532493015412344,9.889801124613994,1.9311107470511155,519.0545,55.584089994706446,1.5194778706914112,497.75,17841640,1789736804,2026-09-18T13:06:44Z,NASDAQ:MSFT
32.717476127625936,1.9532493015412344,9.889801124613994,1.9311107470511155,519.0545,55.584089994706446,1.5194778706914112,497.75,17841640,1789736985,2026-09-18T13:09:45Z,NASDAQ:MSFT
32.717476127625936,1.9532493015412344,9.889801124613994,1.9311107470511155,519.0545,55.584089994706446,1.5194778706914112,497.75,17841640,1789737162,2026-09-18T13:12:42Z,NASDAQ:MSFT
32.717476127625936,1.9532493015412344,9.889801124613994,1.9311107470511155,519.0545,55.584089994706446,1.5194778706914112,497.75,17841640,1789737343,2026-09-18T13:15:43Z,NASDAQ:MSFT
32.717476127625936,1.9532493015412344,9.889801124613994,1.9311107470511155,519.0545,55.584089994706446,1.5194778706914112,497.75,17841640,1789737522,2026-09-18T13:18:42Z,NASDAQ:MSFT
32.717476127625936,1.9532493015412344,9.889801124613994,1.9311107470511155,519.0545,55.584089994706446,1.5194778706914112,497.75,17841640,1789737703,2026-09-18T13:21:43Z,NASDAQ:MSFT
32.717476127625936,1.9532493015412344,9.889801124613994,1.9311107470511155,519.0545,55.584089994706446,1.5194778706914112,497.75,17841640,1789737887,2026-09-18T13:24:47Z,NASDAQ:MSFT
32.717476127625936,1.9532493015412344,9.889801124613994,1.9311107470511155,519.0545,55.584089994706446,1.5194778706914112,497.75,17841640,1789738063,2026-09-18T13:27:43Z,NASDAQ:MSFT
32.717476127625936,1.9532493015412344,9.889801124613994,1.9311107470511155,519.0545,55.584089994706446,1.5194778706914112,497.75,17841640,1789738242,2026-09-18T13:30:42Z,NASDAQ:MSFT
32.717476127625936,1.9532493015412344,9.889801124613994,1.9311107470511155,519.0545,55.584089994706446,1.5194778706914112,497.75,17841640,1789738425,2026-09-18T13:33:45Z,NASDAQ:MSFT
32.717476127625936,1.9532493015412344,9.889801124613994,1.9311107470511155,519.0545,55.584089994706446,1.5194778706914112,497.75,17841640,1789738605,2026-09-18T13:36:45Z,NASDAQ:MSFT
32.717476127625936,1.9532493015412344,9.889801124613994,1.9311107470511155,519.0545,55.584089994706446,1.5194778706914112,497.75,17841640,1789738782,2026-09-18T13:39:42Z,NASDAQ:MSFT
32.717476127625936,1.9532493015412344,9.889801124613994,1.9311107470511155,519.0545,55.584089994706446,1.5194778706914112,497.75,17841640,1789738964,2026-09-18T13:42:44Z,NASDAQ:MSFT
32.218496698433505,2.3135422584638263,0.3534500217787347,0.2158781398164128,519.0545,54.928997956876174,-0.2069311903565992,496.72,4412123,1789739145,2026-09-18T13:45:45Z,NASDAQ:MSFT
32.218496698433505,1.5999279727495264,-6.777154663836488,0.0080702108342621,519.0545,54.28916736355906,-0.4138623807132099,495.69,4626137,1789739326,2026-09-18T13:48:46Z,NASDAQ:MSFT
32.218496698433505,0.3213565441781156,-15.736213086798765,-0.1977201654393143,519.0545,53.67007073330169,-0.636865896534408,494.58,4770280,1789739504,2026-09-18T13:51:44Z,NASDAQ:MSFT
32.218496698433505,0.1256422584639267,-21.554633774613283,-0.4337738323413653,519.0545,52.97709332637557,-0.8538422903063787,493.5,5011268,1789739681,2026-09-18T13:54:41Z,NASDAQ:MSFT
32.218496698433505,0.0049279727496127,-20.80440386077334,-0.3803086855644085,519.0545,53.132477573441015,-0.8006027122049248,493.765,5153245,1789739867,2026-09-18T13:57:47Z,NASDAQ:MSFT
32.18209114051101,-0.3472148843932245,-23.42666158833695,-0.4458791485927529,519.0545,52.94203808573752,-0.8658965344048222,493.44,5283211,1789740046,2026-09-18T14:00:46Z,NASDAQ:MSFT
32.18209114051101,-0.6700720272503986,-19.57500126586377,-0.217895692524964,519.0545,53.61013415011031,-0.63887493721748,494.57,5419284,1789740227,2026-09-18T14:03:47Z,NASDAQ:MSFT
32.18209114051101,-0.624357741536187,-20.121671454902256,-0.2501765358619898,519.0545,53.514513569011,-0.671019588146655,494.41,5547126,1789740402,2026-09-18T14:06:42Z,NASDAQ:MSFT
32.18209114051101,-0.5715005986789947,-20.753222240968764,-0.2875012609704337,519.0545,53.40437661017752,-0.7081868407835213,494.225,5639645,1789740585,2026-09-18T14:09:45Z,NASDAQ:MSFT
32.18209114051101,-0.3986434558217979,-22.81455493147652,-0.4095631998385903,519.0545,53.04734326198428,-0.8297338021094919,493.62,5752428,1789740764,2026-09-18T14:12:44Z,NASDAQ:MSFT
32.18209114051101,-0.4300720272503895,-22.440223135658712,-0.3873701200443779,519.0545,53.11190290272034,-0.8076343545956769,493.73,5851350,1789740946,2026-09-18T14:15:46Z,NASDAQ:MSFT
32.18209114051101,-0.4186434558218934,-22.576367205147378,-0.3954403308786401,519.0545,53.08840849620441,-0.8156705173279764,493.69,5981048,1789741128,2026-09-18T14:18:48Z,NASDAQ:MSFT
32.17624690014567,-0.3343577415361665,-24.343807485984406,-0.4902653081811661,519.0545,52.81389815632518,-0.9100954294324404,493.22,6124777,1789741304,2026-09-18T14:21:44Z,NASDAQ:MSFT
32.13439276352963,-0.5986434558219003,-26.699026945600213,-0.5578533239180846,519.0545,52.6199630247819,-0.9773982923154212,492.885,6219775,1789741486,2026-09-18T14:24:46Z,NASDAQ:MSFT
32.13439276352963,-0.626157741536133,-26.37316386470058,-0.5384242913346113,519.0545,52.675566118656,-0.9580512305374232,492.9813,6541637,1789741665,2026-09-18T14:27:45Z,NASDAQ:MSFT
32.10038669743142,-0.6850720272504986,-30.15794999349288,-0.7051346716432977,519.0545,52.202252363096825,-1.1240582621798147,492.155,6637856,1789741843,2026-09-18T14:30:43Z,NASDAQ:MSFT
32.05432618597608,-1.2097005986789782,-30.084564990262148,-0.6193886815293036,519.0545,52.44462975922767,-1.0386740331491744,492.58,6762049,1789742025,2026-09-18T14:33:45Z,NASDAQ:MSFT
32.05432618597608,-1.2282720272504548,-29.86571006520151,-0.6062745889236347,519.0545,52.48189782314379,-1.025615268709195,492.645,6854701,1789742203,2026-09-18T14:36:43Z,NASDAQ:MSFT
32.05432618597608,-1.206843455821854,-30.1182288066498,-0.6214062342378662,519.0545,52.43890090826467,-1.0406830738322466,492.57,6947525,1789742386,2026-09-18T14:39:46Z,NASDAQ:MSFT
32.05432618597608,-1.216843455821845,-30.000398249234124,-0.6143447997578855,519.0545,52.458957364460105,-1.033651431441483,492.605,7038646,1789742563,2026-09-18T14:42:43Z,NASDAQ:MSFT
32.05432618597608,-1.1139863129646983,-31.21140773362608,-0.6869766972662106,519.0545,52.253392179000365,-1.105976896032144,492.245,7110660,1789742746,2026-09-18T14:45:46Z,NASDAQ:MSFT
31.98087037423442,-1.6672148843932746,-34.5534744600441,-0.7565822657116917,519.0545,52.057898313130906,-1.1752887995981964,491.9,7253190,1789742922,2026-09-18T14:48:42Z,NASDAQ:MSFT
31.98087037423442,-1.7729577415361746,-33.314501070202304,-0.6819126399677119,519.0545,52.26767237902505,-1.1009342039176266,492.2701,7350611,1789743106,2026-09-18T14:51:46Z,NASDAQ:MSFT
31.98087037423442,-1.6912148843932755,-34.27246606096124,-0.7396348229597492,519.0545,52.10536197636623,-1.1584128578603756,491.984,7430643,1789743282,2026-09-18T14:54:42Z,NASDAQ:MSFT
31.98087037423442,-1.7427577415361384,-33.668578074996354,-0.7032381720972414,519.0545,52.20758895081509,-1.1221697639377195,492.1644,7489313,1789743466,2026-09-18T14:57:46Z,NASDAQ:MSFT
31.98087037423442,-1.6472148843932928,-34.78756028206686,-0.7707051346716419,519.0545,52.01841126450729,-1.1893520843797118,491.83,7574948,1789743646,2026-09-18T15:00:46Z,NASDAQ:MSFT
31.98087037423442,-1.637214884393302,-34.90457326008459,-0.7777665691516114,519.0545,51.998690195518265,-1.196383726770464,491.795,8090185,1789743823,2026-09-18T15:03:43Z,NASDAQ:MSFT
31.98087037423442,-1.7697577415360684,-33.35202780870871,-0.6841722990013103,519.0545,52.26129937333671,-1.1031843294826755,492.2589,8155745,1789744004,2026-09-18T15:06:44Z,NASDAQ:MSFT
31.98087037423442,-1.998643455821821,-30.662680732266203,-0.5225461515182034,519.0545,52.72109440257268,-0.9422400803616268,493.06,8261910,1789744183,2026-09-18T15:09:43Z,NASDAQ:MSFT
31.98087037423442,-2.058672027250396,-29.95561735092578,-0.4801573691112607,519.0545,52.84302453800952,-0.9000301356102435,493.2701,8363265,1789744364,2026-09-18T15:12:44Z,NASDAQ:MSFT
31.98087037423442,-2.110072027250453,-29.34961059243125,-0.4438615958841902,519.0545,52.94787740378714,-0.8638874937217501,493.45,8434538,1789744543,2026-09-18T15:15:43Z,NASDAQ:MSFT
31.98087037423442,-2.141500598678931,-28.97880450261715,-0.4216685160899778,519.0545,53.012195020991165,-0.8417880462079353,493.56,8504141,1789744724,2026-09-18T15:18:44Z,NASDAQ:MSFT
31.98087037423442,-2.304357741536137,-27.05415417003392,-0.3066680117018021,519.0545,53.34799577781627,-0.7272727272727282,494.13,8599801,1789744904,2026-09-18T15:21:44Z,NASDAQ:MSFT
31.98087037423442,-2.22721488439322,-27.966500169547903,-0.3611419348330402,519.0545,53.188403546331735,-0.781516825715718,493.86,8654452,1789745082,2026-09-18T15:24:42Z,NASDAQ:MSFT
31.98087037423442,-2.05864345582188,-29.955954060273186,-0.4801775446383527,519.0545,52.842966369521406,-0.9000502260170805,493.27,8715101,1789745264,2026-09-18T15:27:44Z,NASDAQ:MSFT
31.98087037423442,-2.067214884393252,-29.854933872553943,-0.4741248865126533,519.0545,52.86042266139768,-0.8940231039678531,493.3,8769366,1789745443,2026-09-18T15:30:43Z,NASDAQ:MSFT
31.98087037423442,-2.070072027250376,-29.821257183826603,-0.4721073338040906,519.0545,52.86624398855413,-0.8920140632847811,493.31,8818269,1789745624,2026-09-18T15:33:44Z,NASDAQ:MSFT
31.98087037423442,-2.1043577415360915,-29.417008448822585,-0.4478967013013155,519.0545,52.93620005551573,-0.8679055750878942,493.43,8857598,1789745803,2026-09-18T15:36:43Z,NASDAQ:MSFT
31.98087037423442,-2.141500598678931,-28.97880450261715,-0.4216685160899778,519.0545,53.012195020991165,-0.8417880462079353,493.56,8897069,1789745983,2026-09-18T15:39:43Z,NASDAQ:MSFT
31.98087037423442,-2.202929170107496,-28.253470656018475,-0.3782911328558458,519.0545,53.13835897897417,-0.7985936715218529,493.775,8947813,1789746163,2026-09-18T15:42:43Z,NASDAQ:MSFT
31.98087037423442,-2.2657863129646785,-27.51047797365124,-0.3339049732674211,519.0545,53.26808012696435,-0.754394776494223,493.995,9197541,1789746344,2026-09-18T15:45:44Z,NASDAQ:MSFT
31.98087037423442,-2.194357741536124,-28.354725852147943,-0.3843437909815339,519.0545,53.120718667268605,-0.804620793571069,493.745,9276210,1789746522,2026-09-18T15:48:42Z,NASDAQ:MSFT
31.98087037423442,-2.1929291701075044,-28.371600272688404,-0.3853525673358152,519.0545,53.117779753930016,-0.8056253139126048,493.74,9336051,1789746703,2026-09-18T15:51:43Z,NASDAQ:MSFT
31.98087037423442,-2.162929170107532,-28.725867735045384,-0.4065368707757463,519.0545,53.05613760595551,-0.8267202410848837,493.635,9372253,1789746882,2026-09-18T15:54:42Z,NASDAQ:MSFT
31.98087037423442,-2.2386434558218298,-27.83141390749847,-0.3530717239987895,519.0545,53.211986561972566,-0.77348066298343,493.9,9421103,1789747061,2026-09-18T15:57:41Z,NASDAQ:MSFT
31.98087037423442,-2.3386434558218525,-26.64827956775815,-0.282457379199027,519.0545,53.41923348384457,-0.7031642390758412,494.25,9488490,1789747244,2026-09-18T16:00:44Z,NASDAQ:MSFT
31.98087037423442,-2.2657863129646785,-27.51047797365124,-0.3339049732674211,519.0545,53.26808012696435,-0.754394776494223,493.995,9539621,1789747424,2026-09-18T16:03:44Z,NASDAQ:MSFT
31.98087037423442,-2.252929170107564,-27.66251886948272,-0.3429839604559646,519.0545,53.2414947564254,-0.7634354595680585,493.95,9573897,1789747605,2026-09-18T16:06:45Z,NASDAQ:MSFT
31.98087037423442,-2.175786312964646,-28.574061113114457,-0.3974578835872028,519.0545,53.08253814200015,-0.8176795580110483,493.68,9639260,1789747782,2026-09-18T16:09:42Z,NASDAQ:MSFT
31.98087037423442,-2.244357741536078,-27.763860854414933,-0.3490366185816526,519.0545,53.2237859138236,-0.7694625816172745,493.92,9694368,1789747963,2026-09-18T16:12:43Z,NASDAQ:MSFT
31.98087037423442,-2.16864345582178,-28.658402252312207,-0.4025017653586209,519.0545,53.06786793477098,-0.8227021597187398,493.655,9772846,1789748142,2026-09-18T16:15:42Z,NASDAQ:MSFT
31.98087037423442,-2.160072027250408,-28.75959800053681,-0.408554423484309,519.0545,53.05027438602114,-0.8287292817679558,493.625,9828815,1789748324,2026-09-18T16:18:44Z,NASDAQ:MSFT
31.98087037423442,-2.175786312964646,-28.574061113114457,-0.3974578835872028,519.0545,53.08253814200015,-0.8176795580110483,493.68,9867479,1789748502,2026-09-18T16:21:42Z,NASDAQ:MSFT
31.98087037423442,-2.2429291701075726,-27.78074973789785,-0.350045394935934,519.0545,53.22083558531,-0.7704671019588105,493.915,9907083,1789748682,2026-09-18T16:24:42Z,NASDAQ:MSFT
31.98087037423442,-2.292929170107527,-27.189392684001152,-0.3147382225360642,519.0545,53.32429207913224,-0.7353088900050276,494.09,9936253,1789748865,2026-09-18T16:27:45Z,NASDAQ:MSFT
31.98087037423442,-2.16864345582178,-28.658402252312207,-0.4025017653586209,519.0545,53.06786793477098,-0.8227021597187398,493.655,9961778,1789749044,2026-09-18T16:30:44Z,NASDAQ:MSFT
31.98087037423442,-2.187472027250351,-28.43605675755132,-0.3892060930091809,519.0545,53.1065560981249,-0.8094625816172833,493.7209,9999592,1789749227,2026-09-18T16:33:47Z,NASDAQ:MSFT
31.98087037423442,-2.198643455821866,-28.30410011264801,-0.3813174619186898,519.0545,53.1295373588672,-0.8016072325464609,493.76,10038687,1789749402,2026-09-18T16:36:42Z,NASDAQ:MSFT
31.98087037423442,-2.0843577415361096,-29.652849038593526,-0.4620195702612658,519.0545,52.89536986738345,-0.8819688598694096,493.36,10157148,1789749586,2026-09-18T16:39:46Z,NASDAQ:MSFT
31.98087037423442,-1.9957863129646969,-30.69631629491469,-0.524563704226766,519.0545,52.71530499586037,-0.9442491210446988,493.05,10874050,1789749763,2026-09-18T16:42:43Z,NASDAQ:MSFT
31.98087037423442,-2.0929291701075954,-29.551784385833464,-0.4559669121355777,519.0545,52.91286080439005,-0.8759417378201936,493.39,10910636,1789749944,2026-09-18T16:45:44Z,NASDAQ:MSFT
31.98087037423442,-2.031500598679031,-30.27575359801089,-0.4993442953697097,519.0545,52.787764093882615,-0.919136112506276,493.175,10942578,1789750122,2026-09-18T16:48:42Z,NASDAQ:MSFT
31.98087037423442,-2.0929291701075954,-29.551784385833464,-0.4559669121355777,519.0545,52.91286080439005,-0.8759417378201936,493.39,10971877,1789750304,2026-09-18T16:51:44Z,NASDAQ:MSFT
31.98087037423442,-2.027214884393288,-30.326234688103863,-0.5023706244325536,519.0545,52.779058486341846,-0.922149673530884,493.16,11030931,1789750486,2026-09-18T16:54:46Z,NASDAQ:MSFT
31.98087037423442,-2.135786312964683,-29.04623863366477,-0.4257036215071031,519.0545,53.000489288867584,-0.8789552988448015,493.375,11069459,1789750665,2026-09-18T16:57:45Z,NASDAQ:MSFT
31.98087037423442,-2.130072027250435,-29.11366616714361,-0.42973872692424,519.0545,52.98878872513644,-0.8498242089402346,493.52,11092923,1789750842,2026-09-18T17:00:42Z,NASDAQ:MSFT
31.98087037423442,-2.1000720272504623,-29.467552514902096,-0.4509230303641596,519.0545,52.92744542392847,-0.8709191361125022,493.415,11130954,1789751024,2026-09-18T17:03:44Z,NASDAQ:MSFT
31.98087037423442,-2.0915005986789765,-29.568629524274627,-0.4569756884898591,519.0545,52.90994484496982,-0.8769462581617297,493.385,11179170,1789751205,2026-09-18T17:06:45Z,NASDAQ:MSFT
31.98087037423442,-2.070072027250376,-29.821257183826603,-0.4721073338040906,519.0545,52.86624398855413,-0.8920140632847811,493.31,11207302,1789751384,2026-09-18T17:09:44Z,NASDAQ:MSFT
31.98087037423442,-2.1115005986789583,-29.332760098180856,-0.4428528195299088,519.0545,52.95079754588056,-0.8628829733802141,493.455,11235830,1789751564,2026-09-18T17:12:44Z,NASDAQ:MSFT
31.98087037423442,-2.054357741536137,-30.006458598244453,-0.4832038737011968,519.0545,52.834242546361146,-0.9030637870416884,493.255,11266954,1789751746,2026-09-18T17:15:46Z,NASDAQ:MSFT
31.98087037423442,-2.148643455821798,-28.894502559498992,-0.4166246343185711,519.0545,53.02683445941598,-0.8367654445002553,493.585,11306247,1789751924,2026-09-18T17:18:44Z,NASDAQ:MSFT
31.98087037423442,-2.1900720272503804,-28.40534787492404,-0.3873701200443779,519.0545,53.11190290272034,-0.8076343545956769,493.73,11345152,1789752105,2026-09-18T17:21:45Z,NASDAQ:MSFT
31.98087037423442,-2.1386720272504363,-29.01218522216105,-0.4236658932714599,519.0545,53.00640003739082,-0.8437769964841815,493.5501,11364295,1789752283,2026-09-18T17:24:43Z,NASDAQ:MSFT
31.98087037423442,-2.151500598679036,-28.860778894966504,-0.414607081609997,519.0545,53.03269249895602,-0.8347564038171718,493.595,11392487,1789752464,2026-09-18T17:27:44Z,NASDAQ:MSFT
31.98087037423442,-2.36721488439332,-26.30986835970185,-0.2622818521133773,519.0545,53.47874373299995,-0.6830738322450983,494.35,11433166,1789752646,2026-09-18T17:30:46Z,NASDAQ:MSFT
31.98087037423442,-2.38150059867894,-26.14060054197189,-0.2521940885705639,519.0545,53.50854860712374,-0.6730286288297384,494.4,11475664,1789752823,2026-09-18T17:33:43Z,NASDAQ:MSFT
31.98087037423442,-2.2757863129646694,-27.39220077536136,-0.3268435387874517,519.0545,53.28877600009879,-0.7473631341034711,494.03,11506314,1789753003,2026-09-18T17:36:43Z,NASDAQ:MSFT
31.98087037423442,-2.321586312964655,-26.850232012793857,-0.2945021688691613,519.0545,53.38376895984066,-0.7151582119537963,494.1903,11532396,1789753184,2026-09-18T17:39:44Z,NASDAQ:MSFT
31.98087037423442,-2.378643455821816,-26.174457424721915,-0.2542116412791266,519.0545,53.50258497484983,-0.6750376695128104,494.39,11557875,1789753364,2026-09-18T17:42:44Z,NASDAQ:MSFT
31.98087037423442,-2.2901005986790324,-27.22286012533613,-0.3167355997175348,519.0545,53.31842866519575,-0.7372978402812624,494.0801,11585336,1789753545,2026-09-18T17:45:45Z,NASDAQ:MSFT
31.98087037423442,-2.241500598678954,-27.797638207896444,-0.3510541712902153,519.0545,53.21788558386657,-0.7714716223003465,493.91,11615964,1789753724,2026-09-18T17:48:44Z,NASDAQ:MSFT
31.98087037423442,-2.544357741536146,-24.208010729271464,-0.1371935841823766,519.0545,53.85068730425562,-0.55851330989452,494.97,11665023,1789753902,2026-09-18T17:51:42Z,NASDAQ:MSFT
31.98087037423442,-2.5129291701075545,-24.581387661196388,-0.159386663976589,519.0545,53.7843202502771,-0.5806127574083348,494.86,11712940,1789754083,2026-09-18T17:54:43Z,NASDAQ:MSFT
31.98087037423442,-2.555814884393272,-24.071847711411053,-0.1291031978210339,519.0545,53.87492186745244,-0.5504570567553948,495.0101,11762528,1789754262,2026-09-18T17:57:42Z,NASDAQ:MSFT
31.98087037423442,-2.6243577415360733,-23.25668625567729,-0.0807021083425758,519.0545,54.02036302403619,-0.5022601707684581,495.25,11807502,1789754444,2026-09-18T18:00:44Z,NASDAQ:MSFT
31.98087037423442,-2.550072027250394,-24.14010235047223,-0.1331584787652513,519.0545,53.86277164224035,-0.5544952285283758,494.99,11913446,1789754625,2026-09-18T18:03:45Z,NASDAQ:MSFT
31.98087037423442,-2.650072027250417,-22.950625419925192,-0.0625441339655003,519.0545,54.07512895712293,-0.4841788046207986,495.34,11969771,1789754801,2026-09-18T18:06:41Z,NASDAQ:MSFT
31.98087037423442,-2.6072148843932155,-23.460651645432,-0.0928074245939633,519.0545,53.98391398879837,-0.5143144148669015,495.19,12007654,1789754982,2026-09-18T18:09:42Z,NASDAQ:MSFT
31.98087037423442,-2.552929170107518,-24.10614566053261,-0.1311409260566886,519.0545,53.86881584529605,-0.5524861878453038,495.0,12036518,1789755169,2026-09-18T18:12:49Z,NASDAQ:MSFT
31.98087037423442,-2.41864345582178,-25.70030997586152,-0.2259659033592262,519.0545,53.58619698357012,-0.6469110999497795,494.53,12071401,1789755344,2026-09-18T18:15:44Z,NASDAQ:MSFT
31.98087037423442,-2.4800720272504577,-24.971520803925667,-0.1825885201250827,519.0545,53.71511119461263,-0.6037167252636857,494.745,12128175,1789755524,2026-09-18T18:18:44Z,NASDAQ:MSFT
31.98087037423442,-2.502929170107564,-24.700147143109703,-0.1664480984565698,519.0545,53.76323775248705,-0.5876443997990982,494.825,12200103,1789755706,2026-09-18T18:21:46Z,NASDAQ:MSFT
31.98087037423442,-2.447214884393248,-25.36143387422627,-0.2057903762735765,519.0545,53.646080024908365,-0.6268206931190365,494.63,12231903,1789755885,2026-09-18T18:24:45Z,NASDAQ:MSFT
31.98087037423442,-2.4115005986790266,-25.78500303660074,-0.2310097851306329,519.0545,53.57124710650767,-0.6519337016574595,494.505,12258571,1789756063,2026-09-18T18:27:43Z,NASDAQ:MSFT
31.98087037423442,-2.4400720272503804,-25.44616848225755,-0.2108342580449831,519.0545,53.63109672061213,-0.6318432948267166,494.605,12289306,1789756247,2026-09-18T18:30:47Z,NASDAQ:MSFT
31.98087037423442,-2.6643577415361506,-22.780533130010628,-0.0524563704226754,519.0545,54.10560248434079,-0.4741336012054271,495.39,12348254,1789756421,2026-09-18T18:33:41Z,NASDAQ:MSFT
31.98087037423442,-2.6843577415361324,-22.54233369717565,-0.0383335014627252,519.0545,54.14832316951383,-0.4600703164239117,495.46,12420668,1789756606,2026-09-18T18:36:46Z,NASDAQ:MSFT
31.98087037423442,-2.637214884393302,-23.10367275483114,-0.0716231211540323,519.0545,54.04773211716372,-0.4932194876946226,495.295,12486087,1789756781,2026-09-18T18:39:41Z,NASDAQ:MSFT
31.98087037423442,-2.5986434558218434,-23.56261180005286,-0.0988600827196514,519.0545,53.9657079098392,-0.5203415369161175,495.16,12521747,1789756963,2026-09-18T18:42:43Z,NASDAQ:MSFT
31.98087037423442,-2.627214884393311,-23.222686178845816,-0.0786845556340131,519.0545,54.02644264901576,-0.500251130085386,495.26,12570361,1789757142,2026-09-18T18:45:42Z,NASDAQ:MSFT
31.98087037423442,-2.5957863129647194,-23.596595179782483,-0.1008776354282255,519.0545,53.95964194543558,-0.5223505775992009,495.15,12625633,1789757323,2026-09-18T18:48:43Z,NASDAQ:MSFT
31.98087037423442,-2.6643577415361506,-22.780533130010628,-0.0524563704226754,519.0545,54.10560248434079,-0.4741336012054271,495.39,12674047,1789757506,2026-09-18T18:51:46Z,NASDAQ:MSFT
31.98087037423442,-2.615786312964701,-23.35867646508052,-0.0867547664682639,519.0545,54.00213235604897,-0.508287292817674,495.22,12711402,1789757685,2026-09-18T18:54:45Z,NASDAQ:MSFT
31.98087037423442,-2.552929170107518,-24.10614566053261,-0.1311409260566886,519.0545,53.86881584529605,-0.5524861878453038,495.0,12752541,1789757866,2026-09-18T18:57:46Z,NASDAQ:MSFT
31.98087037423442,-2.6786434558218843,-22.61039904039124,-0.0423686068798506,519.0545,54.13611037706079,-0.4640883977900557,495.44,13010902,1789758043,2026-09-18T19:00:43Z,NASDAQ:MSFT
31.98087037423442,-2.883757741536101,-20.16299587226561,0.1024715020679928,519.0545,54.57796690516757,-0.3198593671521881,496.1579,13099397,1789758224,2026-09-18T19:03:44Z,NASDAQ:MSFT
31.98087037423442,-2.9400720272503804,-19.48954512788065,0.1422374659538063,519.0545,54.70054377911627,-0.2802611752887959,496.355,13198795,1789758404,2026-09-18T19:06:44Z,NASDAQ:MSFT
31.98087037423442,-3.052214884393265,-18.146502787018104,0.2214264097649601,519.0545,54.94628758471024,-0.2014063284781512,496.7475,13273740,1789758584,2026-09-18T19:09:44Z,NASDAQ:MSFT
31.98087037423442,-2.921500598679017,-19.71170920028732,0.1291233733481374,519.0545,54.66005935004264,-0.2933199397287754,496.29,13348239,1789758760,2026-09-18T19:12:40Z,NASDAQ:MSFT
31.98087037423442,-2.8572148843932155,-20.48018977677216,0.0837284374054313,519.0545,54.52038250046488,-0.3385233550979412,496.065,13432316,1789758943,2026-09-18T19:15:43Z,NASDAQ:MSFT
31.98087037423442,-2.947214884393248,-19.404078465282645,0.147281347725213,519.0545,54.71613068633809,-0.2752385735811159,496.38,13477555,1789759126,2026-09-18T19:18:46Z,NASDAQ:MSFT
31.98087037423442,-2.965786312964724,-19.1818158733743,0.1603954403308818,519.0545,54.75669824824241,-0.2621798091411365,496.445,13529059,1789759302,2026-09-18T19:21:42Z,NASDAQ:MSFT
31.98087037423442,-2.9500720272503718,-19.36988885291729,0.1492989004337756,519.0545,54.72236793674227,-0.2732295328980439,496.39,13577851,1789759487,2026-09-18T19:24:47Z,NASDAQ:MSFT
