ADX,BBPower,CCI20,Perf.W,Pivot.M.Camarilla.R3,RSI,change,close,volume,timestamp_utc,fecha_iso,simbolo
11.39959205793335,-2.991299940733029,-67.64451227334054,-0.5547911766011273,233.107375,42.24672723022493,-0.3823581717944092,224.06,1820319,1787436552,2026-08-22T22:09:12Z,NYSE:WM
11.39959205793335,-2.991299940733029,-67.64451227334054,-0.5547911766011273,233.107375,42.24672723022493,-0.3823581717944092,224.06,1820319,1787437266,2026-08-22T22:21:06Z,NYSE:WM
11.39959205793335,-2.991299940733029,-67.64451227334054,-0.5547911766011273,233.107375,42.24672723022493,-0.3823581717944092,224.06,1820319,1787438758,2026-08-22T22:45:58Z,NYSE:WM
11.39959205793335,-2.991299940733029,-67.64451227334054,-0.5547911766011273,233.107375,42.24672723022493,-0.3823581717944092,224.06,1820319,1787575074,2026-08-24T12:37:54Z,NYSE:WM
11.39959205793335,-2.991299940733029,-67.64451227334054,-0.5547911766011273,233.107375,42.24672723022493,-0.3823581717944092,224.06,1820319,1787575251,2026-08-24T12:40:51Z,NYSE:WM
11.39959205793335,-2.991299940733029,-67.64451227334054,-0.5547911766011273,233.107375,42.24672723022493,-0.3823581717944092,224.06,1820319,1787575433,2026-08-24T12:43:53Z,NYSE:WM
11.39959205793335,-2.991299940733029,-67.64451227334054,-0.5547911766011273,233.107375,42.24672723022493,-0.3823581717944092,224.06,1820319,1787575614,2026-08-24T12:46:54Z,NYSE:WM
11.39959205793335,-2.991299940733029,-67.64451227334054,-0.5547911766011273,233.107375,42.24672723022493,-0.3823581717944092,224.06,1820319,1787575795,2026-08-24T12:49:55Z,NYSE:WM
11.39959205793335,-2.991299940733029,-67.64451227334054,-0.5547911766011273,233.107375,42.24672723022493,-0.3823581717944092,224.06,1820319,1787575975,2026-08-24T12:52:55Z,NYSE:WM
11.39959205793335,-2.991299940733029,-67.64451227334054,-0.5547911766011273,233.107375,42.24672723022493,-0.3823581717944092,224.06,1820319,1787576148,2026-08-24T12:55:48Z,NYSE:WM
11.39959205793335,-2.991299940733029,-67.64451227334054,-0.5547911766011273,233.107375,42.24672723022493,-0.3823581717944092,224.06,1820319,1787576326,2026-08-24T12:58:46Z,NYSE:WM
11.39959205793335,-2.991299940733029,-67.64451227334054,-0.5547911766011273,233.107375,42.24672723022493,-0.3823581717944092,224.06,1820319,1787576515,2026-08-24T13:01:55Z,NYSE:WM
11.39959205793335,-2.991299940733029,-67.64451227334054,-0.5547911766011273,233.107375,42.24672723022493,-0.3823581717944092,224.06,1820319,1787576695,2026-08-24T13:04:55Z,NYSE:WM
11.39959205793335,-2.991299940733029,-67.64451227334054,-0.5547911766011273,233.107375,42.24672723022493,-0.3823581717944092,224.06,1820319,1787576872,2026-08-24T13:07:52Z,NYSE:WM
11.39959205793335,-2.991299940733029,-67.64451227334054,-0.5547911766011273,233.107375,42.24672723022493,-0.3823581717944092,224.06,1820319,1787577052,2026-08-24T13:10:52Z,NYSE:WM
11.39959205793335,-2.991299940733029,-67.64451227334054,-0.5547911766011273,233.107375,42.24672723022493,-0.3823581717944092,224.06,1820319,1787577229,2026-08-24T13:13:49Z,NYSE:WM
11.39959205793335,-2.991299940733029,-67.64451227334054,-0.5547911766011273,233.107375,42.24672723022493,-0.3823581717944092,224.06,1820319,1787577407,2026-08-24T13:16:47Z,NYSE:WM
11.39959205793335,-2.991299940733029,-67.64451227334054,-0.5547911766011273,233.107375,42.24672723022493,-0.3823581717944092,224.06,1820319,1787577591,2026-08-24T13:19:51Z,NYSE:WM
11.39959205793335,-2.991299940733029,-67.64451227334054,-0.5547911766011273,233.107375,42.24672723022493,-0.3823581717944092,224.06,1820319,1787577768,2026-08-24T13:22:48Z,NYSE:WM
11.39959205793335,-2.991299940733029,-67.64451227334054,-0.5547911766011273,233.107375,42.24672723022493,-0.3823581717944092,224.06,1820319,1787577953,2026-08-24T13:25:53Z,NYSE:WM
11.39959205793335,-2.991299940733029,-67.64451227334054,-0.5547911766011273,233.107375,42.24672723022493,-0.3823581717944092,224.06,1820319,1787578131,2026-08-24T13:28:51Z,NYSE:WM
11.39959205793335,-2.991299940733029,-67.64451227334054,-0.5547911766011273,233.107375,42.24672723022493,-0.3823581717944092,224.06,1820319,1787578312,2026-08-24T13:31:52Z,NYSE:WM
11.39959205793335,-2.991299940733029,-67.64451227334054,-0.5547911766011273,233.107375,42.24672723022493,-0.3823581717944092,224.06,1820319,1787578487,2026-08-24T13:34:47Z,NYSE:WM
11.39959205793335,-2.991299940733029,-67.64451227334054,-0.5547911766011273,233.107375,42.24672723022493,-0.3823581717944092,224.06,1820319,1787578674,2026-08-24T13:37:54Z,NYSE:WM
11.39959205793335,-2.991299940733029,-67.64451227334054,-0.5547911766011273,233.107375,42.24672723022493,-0.3823581717944092,224.06,1820319,1787578855,2026-08-24T13:40:55Z,NYSE:WM
11.39959205793335,-2.991299940733029,-67.64451227334054,-0.5547911766011273,233.107375,42.24672723022493,-0.3823581717944092,224.06,1820319,1787579032,2026-08-24T13:43:52Z,NYSE:WM
10.5885533085325,-0.7382570920568696,-46.48111857122375,0.6347503464306412,233.107375,44.99738122824791,0.4775506560742627,225.13,26546,1787579208,2026-08-24T13:46:48Z,NYSE:WM
10.5885533085325,-0.7339713777711268,-46.947992498027546,0.6123999821197106,233.107375,44.874694778780295,0.4552352048558467,225.08,30837,1787579393,2026-08-24T13:49:53Z,NYSE:WM
10.6804054302151,-0.5346285206282744,-42.13702678441121,0.7576773501408042,233.107375,45.66251320629853,0.6002856377755953,225.405,37859,1787579570,2026-08-24T13:52:50Z,NYSE:WM
10.819655239452963,-0.3553999491996933,-30.885160826714696,1.1935094542040978,233.107375,47.896414565067495,1.0354369365348537,226.38,47262,1787579752,2026-08-24T13:55:52Z,NYSE:WM
10.867033976793843,-0.1925428063425727,-29.700143308759,1.1890393813419142,233.107375,47.87443542985339,1.030973846291173,226.37,52692,1787579930,2026-08-24T13:58:50Z,NYSE:WM
11.11915307503824,0.3974571936574023,-14.292821183394048,1.6583970318716104,233.107375,50.085293250198674,1.4995983218780615,227.42,61128,1787580107,2026-08-24T14:01:47Z,NYSE:WM
11.11915307503824,0.4603143365145286,-16.0476474232293,1.5600554289034825,233.107375,49.637735924676434,1.4014103365169983,227.2,67028,1787580291,2026-08-24T14:04:51Z,NYSE:WM
11.143620504517624,0.4874571936574057,-13.574374174621935,1.6583970318716104,233.107375,50.085293250198674,1.4995983218780615,227.42,79164,1787580471,2026-08-24T14:07:51Z,NYSE:WM
11.20293995128335,0.6713143365145697,-10.769299007081438,1.7165079790800604,233.107375,50.34603945165816,1.557618495045974,227.55,91655,1787580659,2026-08-24T14:10:59Z,NYSE:WM
11.20293995128335,0.6941429079431032,-11.40827187028522,1.680792096911177,233.107375,50.186104494328944,1.521958403998929,227.4701,99655,1787580839,2026-08-24T14:13:59Z,NYSE:WM
11.20293995128335,0.819885765085985,-14.923188231539912,1.484064190246298,233.107375,49.28636067747929,1.3255378023743636,227.03,105775,1787581014,2026-08-24T14:16:54Z,NYSE:WM
11.20293995128335,0.8347429079431095,-15.33797581068674,1.4608198113629254,233.107375,49.17789984131919,1.302329733107206,226.978,112418,1787581196,2026-08-24T14:19:56Z,NYSE:WM
11.20293995128335,0.9741714793717052,-19.225284320099327,1.2426802556881682,233.107375,48.41840891818586,1.1425511023832913,226.62,120043,1787581375,2026-08-24T14:22:55Z,NYSE:WM
11.20293995128335,0.9770286222288292,-19.30484200858225,1.238210182825972,233.107375,48.11519075432773,1.0800678389716984,226.48,125668,1787581561,2026-08-24T14:26:01Z,NYSE:WM
11.20293995128335,0.9698857650859622,-19.105940245741987,1.2493853649814437,233.107375,48.16959803616268,1.0912255645809128,226.505,130262,1787581728,2026-08-24T14:28:48Z,NYSE:WM
11.20293995128335,0.9627429079431522,-18.907013341584143,1.2605605471369152,233.107375,48.22389133274661,1.1023832901901272,226.53,135547,1787581906,2026-08-24T14:31:46Z,NYSE:WM
11.20293995128335,0.8798857650859873,-16.59762234547521,1.3901926601403536,233.107375,48.84548077813876,1.2318129072569806,226.82,149018,1787582092,2026-08-24T14:34:52Z,NYSE:WM
11.20293995128335,0.8770286222288632,-16.517927732477332,1.3946627330025498,233.107375,48.866648810124914,1.236275997500674,226.83,163941,1787582237,2026-08-24T14:37:17Z,NYSE:WM
11.20293995128335,0.8856000508002921,-16.756999475070707,1.3812525144159864,233.107375,48.80309209212604,1.2228867267696193,226.8,174328,1787582449,2026-08-24T14:40:49Z,NYSE:WM
11.20293995128335,0.8570286222288246,-15.95995251318796,1.4259532430378603,233.107375,49.01433592147405,1.267517629206464,226.9,180556,1787582632,2026-08-24T14:43:52Z,NYSE:WM
11.20293995128335,0.9456000508002944,-18.429486166500023,1.287380984310042,233.107375,48.3537323228468,1.1291618316522365,226.59,187237,1787582809,2026-08-24T14:46:49Z,NYSE:WM
11.20293995128335,0.9570286222288472,-18.747853713305275,1.269500692861295,233.107375,48.267244141145184,1.1113094706775013,226.55,192270,1787582994,2026-08-24T14:49:54Z,NYSE:WM
11.20293995128335,0.8998857650859691,-17.155371751004484,1.3589021501050431,233.107375,48.69681239563512,1.2005712755511906,226.75,199771,1787583169,2026-08-24T14:52:49Z,NYSE:WM
11.20293995128335,0.9456000508002944,-18.429486166500023,1.287380984310042,233.107375,48.3537323228468,1.1291618316522365,226.59,208594,1787583355,2026-08-24T14:55:55Z,NYSE:WM
11.20293995128335,0.8884571936574162,-16.836681992281033,1.37678244155379,233.107375,48.78187139447655,1.218423636525926,226.79,213175,1787583531,2026-08-24T14:58:51Z,NYSE:WM
11.20293995128335,0.8527429079431386,-15.840360677231669,1.4326583523311358,233.107375,49.04587223541348,1.274212264571985,226.915,222687,1787583713,2026-08-24T15:01:53Z,NYSE:WM
11.20293995128335,0.905600050800274,-17.31469244857868,1.3499620043806633,233.107375,48.65417686374855,1.1916450950638169,226.73,230353,1787583890,2026-08-24T15:04:50Z,NYSE:WM
11.20293995128335,0.8870286222288541,-16.796841237609726,1.379017477984882,233.107375,48.792483941796846,1.2206551816477662,226.795,235854,1787584075,2026-08-24T15:07:55Z,NYSE:WM
11.20293995128335,0.8527429079431386,-15.840360677231669,1.4326583523311358,233.107375,49.04587223541348,1.274212264571985,226.915,245412,1787584245,2026-08-24T15:10:45Z,NYSE:WM
11.20293995128335,0.7956000508002603,-14.244934902170202,1.5220598095748965,233.107375,49.46265905280106,1.363474069445687,227.115,252932,1787584433,2026-08-24T15:13:53Z,NYSE:WM
11.20293995128335,0.7870286222288314,-14.00548167183818,1.53547002816146,233.107375,49.52458971435555,1.3768633401767418,227.145,257649,1787584615,2026-08-24T15:16:55Z,NYSE:WM
11.20293995128335,0.7898857650860123,-14.08530345707126,1.5309999552992637,233.107375,49.503963032403306,1.3724002499330483,227.135,262966,1787584793,2026-08-24T15:19:53Z,NYSE:WM
11.20293995128335,0.7913143365145743,-14.125212833958946,1.528764918868172,233.107375,49.49364336834403,1.3701687048112083,227.13,279485,1787584974,2026-08-24T15:22:54Z,NYSE:WM
11.20293995128335,0.7113143365145334,-11.888730535753158,1.6539269590094268,233.107375,50.06512237542833,1.4951352316343811,227.41,292511,1787585152,2026-08-24T15:25:52Z,NYSE:WM
11.20293995128335,0.7598857650859827,-13.246973064114016,1.5779357203522422,233.107375,49.71970598695509,1.4192626974917462,227.24,300150,1787585332,2026-08-24T15:28:52Z,NYSE:WM
11.20293995128335,0.6313143365145493,-9.649072765258529,1.7790889991506815,233.107375,50.62381351664268,1.620101758457554,227.69,306201,1787585512,2026-08-24T15:31:52Z,NYSE:WM
11.20293995128335,0.6798857650859986,-11.009244064845346,1.703097760493497,233.107375,50.28610933519773,1.5442292243149192,227.52,311989,1787585692,2026-08-24T15:34:52Z,NYSE:WM
11.20293995128335,0.7056000508002853,-11.728860369797738,1.6628671047338066,233.107375,50.10544783575703,1.504061412121755,227.43,319310,1787585870,2026-08-24T15:37:50Z,NYSE:WM
11.20293995128335,0.7756000508002785,-13.686154105858323,1.553350319610207,233.107375,49.60692820481415,1.3947157011514772,227.185,330660,1787586051,2026-08-24T15:40:51Z,NYSE:WM
11.20293995128335,0.7698857650859736,-13.526466063540942,1.562290465334587,233.107375,49.64799679555924,1.4036418816388512,227.205,332473,1787586231,2026-08-24T15:43:51Z,NYSE:WM
11.20293995128335,0.8513143365145766,-15.800494714392716,1.4348933887622275,233.107375,49.05637567240269,1.276443809693825,226.92,343869,1787586408,2026-08-24T15:46:48Z,NYSE:WM
11.20293995128335,0.7170286222288382,-12.048584500328747,1.644986813285047,233.107375,50.02473167919656,1.4862090511470072,227.39,351674,1787586592,2026-08-24T15:49:52Z,NYSE:WM
11.20293995128335,0.7184571936574002,-12.088545460294966,1.642751776853955,233.107375,50.01462379347405,1.4839775060251668,227.385,359779,1787586772,2026-08-24T15:52:52Z,NYSE:WM
11.20293995128335,0.7113143365145334,-11.888730535753158,1.6539269590094268,233.107375,50.06512237542833,1.4951352316343811,227.41,364335,1787586951,2026-08-24T15:55:51Z,NYSE:WM
11.20293995128335,0.7270286222288291,-12.328289961169506,1.6293415582673916,233.107375,49.953890510082765,1.470588235294112,227.355,370467,1787587131,2026-08-24T15:58:51Z,NYSE:WM
11.20293995128335,0.7598857650859827,-13.246973064114016,1.5779357203522422,233.107375,49.71970598695509,1.4192626974917462,227.24,378316,1787587315,2026-08-24T16:01:55Z,NYSE:WM
11.20293995128335,0.7656000508002876,-13.406689416329954,1.5689955746278623,233.107375,49.67875433677924,1.4103365170043725,227.22,383184,1787587495,2026-08-24T16:04:55Z,NYSE:WM
11.20293995128335,0.7670286222288496,-13.44661597647402,1.5667605381967704,233.107375,49.66850599905761,1.408104971882532,227.215,388927,1787587673,2026-08-24T16:07:53Z,NYSE:WM
11.20293995128335,0.7656000508002876,-13.406689416329954,1.5689955746278623,233.107375,49.67875433677924,1.4103365170043725,227.22,396660,1787587855,2026-08-24T16:10:55Z,NYSE:WM
11.20293995128335,0.73702862222882,-12.60794582601565,1.6136963032497362,233.107375,49.8828482176808,1.454967419441217,227.32,403501,1787588030,2026-08-24T16:13:50Z,NYSE:WM
11.20293995128335,0.8056000508002512,-14.524251035282948,1.5064145545572412,233.107375,49.39021426414687,1.347853253592792,227.08,417927,1787588206,2026-08-24T16:16:46Z,NYSE:WM
11.20293995128335,0.7598857650859827,-13.246973064114016,1.5779357203522422,233.107375,49.71970598695509,1.4192626974917462,227.24,424907,1787588387,2026-08-24T16:19:47Z,NYSE:WM
11.20293995128335,0.8313143365145379,-15.24226529066206,1.4661838987975508,233.107375,49.2029704218274,1.3076854413996282,226.99,431391,1787588571,2026-08-24T16:22:51Z,NYSE:WM
11.20293995128335,0.8856000508002921,-16.756999475070707,1.3812525144159864,233.107375,48.80309209212604,1.2228867267696193,226.8,441810,1787588757,2026-08-24T16:25:57Z,NYSE:WM
11.20293995128335,0.907028622228836,-17.35452010445048,1.3477269679495714,233.107375,48.64350690589048,1.1894135499419762,226.725,444195,1787588928,2026-08-24T16:28:48Z,NYSE:WM
11.20293995128335,0.9941714793716868,-19.78210369134046,1.2113897456528449,233.107375,47.9841460646762,1.0532892975095889,226.42,452865,1787589112,2026-08-24T16:31:52Z,NYSE:WM
11.20293995128335,0.981314336514572,-19.42417100043676,1.2315050735326964,233.107375,48.08249152288612,1.0733732036061774,226.465,460697,1787589286,2026-08-24T16:34:46Z,NYSE:WM
11.20293995128335,0.9535143365145586,-18.649962548628142,1.274998882481778,233.107375,48.29387008292855,1.1167990716772254,226.5623,464098,1787589470,2026-08-24T16:37:50Z,NYSE:WM
11.20293995128335,0.9698857650859622,-19.105940245741987,1.2493853649814437,233.107375,48.16959803616268,1.0912255645809128,226.505,469675,1787589648,2026-08-24T16:40:48Z,NYSE:WM
11.20293995128335,1.0127429079431067,-20.29897386978547,1.1823342720486263,233.107375,47.841431936606085,1.0242792109256391,226.355,473679,1787589831,2026-08-24T16:43:51Z,NYSE:WM
11.20293995128335,0.9656000508002762,-18.98658712051034,1.2560904742747316,233.107375,48.20218766940845,1.0979201999464463,226.52,480589,1787590010,2026-08-24T16:46:50Z,NYSE:WM
11.20293995128335,1.0227429079431545,-20.57721826025172,1.166689017030971,233.107375,47.76426101858219,1.0086583950727444,226.32,486505,1787590194,2026-08-24T16:49:54Z,NYSE:WM
11.20293995128335,1.0098857650859827,-20.219466432493544,1.1868043449108223,233.107375,47.8634389070969,1.0287423011693326,226.365,492456,1787590372,2026-08-24T16:52:52Z,NYSE:WM
11.20293995128335,0.963120336514578,-18.917525268412792,1.2599700505118248,233.107375,48.22102532150007,1.1017937159689408,226.528679,498611,1787590555,2026-08-24T16:55:55Z,NYSE:WM
11.20293995128335,0.9684571936574002,-19.066156876368712,1.2516204014125354,233.107375,48.18046580282736,1.093457109702753,226.51,503509,1787590728,2026-08-24T16:58:48Z,NYSE:WM
11.20293995128335,1.0298857650859643,-20.77593412538872,1.1353985069956605,233.107375,47.70899897681804,0.99750066946353,226.295,511775,1787590911,2026-08-24T17:01:51Z,NYSE:WM
11.20293995128335,1.0884571936574048,-22.404457828022043,1.0638773412006597,233.107375,47.251401138498366,0.9060073194680002,226.09,520283,1787591088,2026-08-24T17:04:48Z,NYSE:WM
11.20293995128335,1.0956000508002717,-22.602942940282222,1.052702159045188,233.107375,47.195048038988325,0.8948495938587857,226.065,525470,1787591271,2026-08-24T17:07:51Z,NYSE:WM
11.20293995128335,1.0956000508002717,-22.602942940282222,1.052702159045188,233.107375,47.195048038988325,0.8948495938587857,226.065,528791,1787591451,2026-08-24T17:10:51Z,NYSE:WM
11.20293995128335,1.062742907943118,-21.68970387348475,1.10410799696035,233.107375,47.45328019552532,0.9461751316611642,226.18,533182,1787591629,2026-08-24T17:13:49Z,NYSE:WM
11.20293995128335,1.077028622228852,-22.086829516725064,1.0817576326494065,233.107375,47.341316343189625,0.9238596804427356,226.13,535436,1787591811,2026-08-24T17:16:51Z,NYSE:WM
11.20293995128335,1.096314336514581,-22.622790073260983,1.051584640829642,233.107375,47.189406105899806,0.8937338212978657,226.0625,547733,1787591996,2026-08-24T17:19:56Z,NYSE:WM
11.20293995128335,1.1313143365145493,-23.594992732260938,0.9968262482678422,233.107375,46.911466724690285,0.8390609658127266,225.94,553729,1787592173,2026-08-24T17:22:53Z,NYSE:WM
11.20293995128335,1.137028622228854,-23.753662604928543,0.9878861025434624,233.107375,46.86581081510257,0.8301347853253528,225.92,558494,1787592351,2026-08-24T17:25:51Z,NYSE:WM
11.20293995128335,1.079885765085976,-22.166242610578696,1.077287559787223,233.107375,47.3188662922739,0.9193965901990548,226.12,565997,1787592535,2026-08-24T17:28:55Z,NYSE:WM
11.20293995128335,1.0541714793716892,-21.451380337419938,1.1175182155469134,233.107375,47.52023026090833,0.959564402392219,226.21,570179,1787592711,2026-08-24T17:31:51Z,NYSE:WM
11.20293995128335,1.05702862222887,-21.530825529328773,1.1130481426847172,233.107375,47.49793253637849,0.9551013121485254,226.2,573889,1787592887,2026-08-24T17:34:47Z,NYSE:WM
11.20293995128335,1.0084571936574207,-20.17971120698857,1.1890393813419142,233.107375,47.87443542985339,1.030973846291173,226.37,579329,1787593070,2026-08-24T17:37:50Z,NYSE:WM
11.20293995128335,1.0327429079431454,-20.85541344280569,1.1510437620133156,233.107375,47.68686140659404,0.9930375792198493,226.285,584115,1787593248,2026-08-24T17:40:48Z,NYSE:WM
11.20293995128335,1.0398857650860125,-21.05409416742257,1.139868579857844,233.107375,47.63143538902302,0.9818798536106348,226.26,592860,1787593430,2026-08-24T17:43:50Z,NYSE:WM
11.20293995128335,1.07560005080029,-22.047121465620226,1.0839926690804984,233.107375,47.35253419486368,0.9260912255645758,226.135,598805,1787593607,2026-08-24T17:46:47Z,NYSE:WM
11.20293995128335,1.0884571936574048,-22.404457828022043,1.0638773412006597,233.107375,47.251401138498366,0.9060073194680002,226.09,606393,1787593794,2026-08-24T17:49:54Z,NYSE:WM
11.20293995128335,1.1041714793717006,-22.84109199936148,1.0392919404586245,233.107375,47.12726517723707,0.881460323127731,226.035,609763,1787593971,2026-08-24T17:52:51Z,NYSE:WM
11.20293995128335,1.0998857650859577,-22.72202197967876,1.0459970497519124,233.107375,47.161178346459245,0.8881549584932649,226.05,613700,1787594147,2026-08-24T17:55:47Z,NYSE:WM
11.20293995128335,1.1056000508002626,-22.880780001718755,1.0370569040275326,233.107375,47.11595111153702,0.8792287780058907,226.03,619048,1787594327,2026-08-24T17:58:47Z,NYSE:WM
11.20293995128335,1.0956000508002717,-22.602942940282222,1.052702159045188,233.107375,47.195048038988325,0.8948495938587857,226.065,621233,1787594510,2026-08-24T18:01:50Z,NYSE:WM
11.20293995128335,1.135600050800292,-23.713996638661463,0.9901211389745668,233.107375,46.87723215289556,0.8323663304472058,225.925,627275,1787594689,2026-08-24T18:04:49Z,NYSE:WM
11.20293995128335,1.23702862222882,-26.52779441526013,0.831433552366897,233.107375,46.05392648139791,0.6739266267963897,225.57,639556,1787594870,2026-08-24T18:07:50Z,NYSE:WM
11.20293995128335,1.2141714793717142,-25.89413898855169,0.8671941352644038,233.107375,46.24167984905122,0.7096313487458731,225.65,647209,1787595046,2026-08-24T18:10:46Z,NYSE:WM
11.20293995128335,1.1884571936574275,-25.18097088276053,0.907424791024094,233.107375,46.45134631470516,0.7497991609390372,225.74,650887,1787595228,2026-08-24T18:13:48Z,NYSE:WM
11.20293995128335,1.1913143365145515,-25.260227776824724,0.902954718161898,233.107375,46.428130839647714,0.7453360706953438,225.73,664841,1787595410,2026-08-24T18:16:50Z,NYSE:WM
11.20293995128335,1.1798857650859986,-24.94317620317532,0.9208350096106576,233.107375,46.52087217096137,0.7631884316700919,225.77,669214,1787595586,2026-08-24T18:19:46Z,NYSE:WM
11.20293995128335,1.231314336514572,-26.369404529961344,0.8403736980912768,233.107375,46.100987666765775,0.6828528072837639,225.59,674156,1787595774,2026-08-24T18:22:54Z,NYSE:WM
11.20293995128335,1.1884571936574275,-25.18097088276053,0.907424791024094,233.107375,46.45134631470516,0.7497991609390372,225.74,681552,1787595952,2026-08-24T18:25:52Z,NYSE:WM
11.20293995128335,1.162628622228851,-24.46430702926775,0.9478342496982654,233.107375,46.660304667831326,0.7901454967419419,225.8304,687307,1787596128,2026-08-24T18:28:48Z,NYSE:WM
11.20293995128335,1.1770286222288178,-24.86390330983908,0.9253050824728412,233.107375,46.54400735367203,0.7676515219137725,225.78,695667,1787596306,2026-08-24T18:31:46Z,NYSE:WM
11.20293995128335,1.1298857650859873,-23.55532276079772,0.999061284698934,233.107375,46.922868445299024,0.8412925109345669,225.945,699739,1787596494,2026-08-24T18:34:54Z,NYSE:WM
11.20293995128335,1.1827429079431226,-25.0224450962394,0.9163649367484612,233.107375,46.49771695426015,0.7587253414263986,225.76,705068,1787596675,2026-08-24T18:37:55Z,NYSE:WM
11.20293995128335,1.1998857650859804,-25.49797446585976,0.8895444995753344,233.107375,46.35836347918303,0.7319467999642891,225.7,707706,1787596854,2026-08-24T18:40:54Z,NYSE:WM
11.20293995128335,1.1713143365145695,-24.7053455211398,0.9342452281972212,233.107375,46.59021772103301,0.7765777024011467,225.8,712302,1787597030,2026-08-24T18:43:50Z,NYSE:WM
11.20293995128335,1.1784571936574366,-24.903540256560703,0.9230700460417496,233.107375,46.53244226494014,0.7654199767919322,225.775,719266,1787597208,2026-08-24T18:46:48Z,NYSE:WM
11.20293995128335,1.1656000508002649,-24.54677172771728,0.9431853739215884,233.107375,46.63634826371639,0.7855038828885078,225.82,727201,1787597390,2026-08-24T18:49:50Z,NYSE:WM
11.20293995128335,1.1313143365145493,-23.594992732260938,0.9968262482678422,233.107375,46.911466724690285,0.8390609658127266,225.94,757052,1787597570,2026-08-24T18:52:50Z,NYSE:WM
11.20293995128335,1.1227429079431204,-23.356957881819152,1.0102364668544055,233.107375,46.97980366538635,0.8524502365437814,225.97,764902,1787597751,2026-08-24T18:55:51Z,NYSE:WM
11.20293995128335,1.1013143365145766,-22.761712988379788,1.043762013320808,233.107375,47.149878791594354,0.8859234133714119,226.045,768562,1787597930,2026-08-24T18:58:50Z,NYSE:WM
11.20293995128335,1.0513143365145652,-21.371931131887365,1.121988288409097,233.107375,47.54250905370928,0.9640274926358996,226.22,777244,1787598112,2026-08-24T19:01:52Z,NYSE:WM
11.20293995128335,1.071314336514547,-21.927991295135445,1.0906977783737863,233.107375,47.386159091404735,0.9327858609301096,226.15,781742,1787598291,2026-08-24T19:04:51Z,NYSE:WM
11.20293995128335,1.079885765085976,-22.166242610578696,1.077287559787223,233.107375,47.3188662922739,0.9193965901990548,226.12,789985,1787598477,2026-08-24T19:07:57Z,NYSE:WM
11.20293995128335,1.065600050800299,-21.76913702634251,1.0996379240981535,233.107375,47.43092553079551,0.9417120414174708,226.17,799298,1787598652,2026-08-24T19:10:52Z,NYSE:WM
11.20293995128335,1.062742907943118,-21.68970387348475,1.10410799696035,233.107375,47.45328019552532,0.9461751316611642,226.18,804301,1787598831,2026-08-24T19:13:51Z,NYSE:WM
11.20293995128335,1.065600050800299,-21.76913702634251,1.0996379240981535,233.107375,47.43092553079551,0.9417120414174708,226.17,820801,1787599008,2026-08-24T19:16:48Z,NYSE:WM
11.20293995128335,1.0970286222288337,-22.642636955667648,1.050467122614096,233.107375,47.18376296706035,0.8926180487369454,226.06,827884,1787599192,2026-08-24T19:19:52Z,NYSE:WM
11.20293995128335,1.1141714793716917,-23.11888697437002,1.0236466854409692,233.107375,47.04796490207861,0.865839507274836,226.0,838948,1787599368,2026-08-24T19:22:48Z,NYSE:WM
11.20293995128335,1.0998857650859577,-22.72202197967876,1.0459970497519124,233.107375,47.161178346459245,0.8881549584932649,226.05,843871,1787599552,2026-08-24T19:25:52Z,NYSE:WM
11.20293995128335,1.1241714793716824,-23.39663286062997,1.0080014304233138,233.107375,46.96842639526524,0.8502186914219411,225.965,854056,1787599736,2026-08-24T19:28:56Z,NYSE:WM
11.20293995128335,1.0856000508002808,-22.32505676592306,1.068347414062843,233.107375,47.273908714463445,0.9104704097116808,226.1,861215,1787599911,2026-08-24T19:31:51Z,NYSE:WM
11.20293995128335,1.1941714793716756,-25.33948067182716,0.8984846452997143,233.107375,46.4048952261926,0.7408729804516633,225.72,902322,1787600087,2026-08-24T19:34:47Z,NYSE:WM
11.20293995128335,1.1884571936574275,-25.18097088276053,0.907424791024094,233.107375,46.45134631470516,0.7497991609390372,225.74,919512,1787600270,2026-08-24T19:37:50Z,NYSE:WM
11.20293995128335,1.1184571936574343,-23.237926935732425,1.0169415761476936,233.107375,47.01390620435325,0.8591448719093151,225.985,941545,1787600448,2026-08-24T19:40:48Z,NYSE:WM
11.20293995128335,1.148457193657407,-24.07095429487765,0.9700058110947152,233.107375,46.77426300671611,0.8122824243506173,225.88,967576,1787600636,2026-08-24T19:43:56Z,NYSE:WM
11.20293995128335,1.2741714793717165,-27.556939341029253,0.7733226051584595,233.107375,45.74601416483156,0.6159064536284903,225.44,1009242,1787600811,2026-08-24T19:46:51Z,NYSE:WM
11.20293995128335,1.1013143365145766,-22.761712988379788,1.043762013320808,233.107375,47.149878791594354,0.8859234133714119,226.045,1032312,1787600989,2026-08-24T19:49:49Z,NYSE:WM
11.20293995128335,1.06417147937168,-21.729420951483583,1.101872960529258,233.107375,47.44210524021063,0.943943586539324,226.175,1080477,1787601168,2026-08-24T19:52:48Z,NYSE:WM
11.20293995128335,1.0941714793717097,-22.563247922590875,1.0549371954762796,233.107375,47.20632828945797,0.897081138980626,226.07,1117623,1787601354,2026-08-24T19:55:54Z,NYSE:WM
11.20293995128335,1.0456000508002603,-21.21302067873048,1.1309284341334769,233.107375,47.587009940486055,0.9729536731232736,226.24,1147024,1787601528,2026-08-24T19:58:48Z,NYSE:WM
11.20293995128335,1.0313143365145834,-20.8156742861046,1.1532787984444075,233.107375,47.69793253421379,0.9952691243416896,226.29,1183983,1787601709,2026-08-24T20:01:49Z,NYSE:WM
11.20293995128335,1.059885765085994,-21.610266707915443,1.1085780698225336,233.107375,47.475615855978376,0.9506382219048448,226.19,1218233,1787601887,2026-08-24T20:04:47Z,NYSE:WM
11.20293995128335,1.059885765085994,-21.610266707915443,1.1085780698225336,233.107375,47.475615855978376,0.9506382219048448,226.19,1236965,1787602072,2026-08-24T20:07:52Z,NYSE:WM
11.20293995128335,1.05702862222887,-21.530825529328773,1.1130481426847172,233.107375,47.49793253637849,0.9551013121485254,226.2,1249155,1787602250,2026-08-24T20:10:50Z,NYSE:WM
11.20293995128335,1.0427429079431365,-21.13355943049716,1.1353985069956605,233.107375,47.60923208254035,0.9774167633669544,226.25,1283714,1787602429,2026-08-24T20:13:49Z,NYSE:WM
11.20293995128335,0.982742907943134,-19.4639453203083,1.2292700371016048,233.107375,48.071582618057285,1.0711416584843372,226.46,1601768,1787602612,2026-08-24T20:16:52Z,NYSE:WM
11.20293995128335,0.982742907943134,-19.4639453203083,1.2292700371016048,233.107375,48.071582618057285,1.0711416584843372,226.46,1601771,1787602790,2026-08-24T20:19:50Z,NYSE:WM
11.20293995128335,0.982742907943134,-19.4639453203083,1.2292700371016048,233.107375,48.071582618057285,1.0711416584843372,226.46,1601882,1787602969,2026-08-24T20:22:49Z,NYSE:WM
11.20293995128335,0.982742907943134,-19.4639453203083,1.2292700371016048,233.107375,48.071582618057285,1.0711416584843372,226.46,1601883,1787603153,2026-08-24T20:25:53Z,NYSE:WM
11.20293995128335,0.982742907943134,-19.4639453203083,1.2292700371016048,233.107375,48.071582618057285,1.0711416584843372,226.46,1601886,1787603332,2026-08-24T20:28:52Z,NYSE:WM
11.20293995128335,0.982742907943134,-19.4639453203083,1.2292700371016048,233.107375,48.071582618057285,1.0711416584843372,226.46,1601887,1787603511,2026-08-24T20:31:51Z,NYSE:WM
11.20293995128335,0.982742907943134,-19.4639453203083,1.2292700371016048,233.107375,48.071582618057285,1.0711416584843372,226.46,1601888,1787603687,2026-08-24T20:34:47Z,NYSE:WM
11.20293995128335,0.982742907943134,-19.4639453203083,1.2292700371016048,233.107375,48.071582618057285,1.0711416584843372,226.46,1601888,1787603872,2026-08-24T20:37:52Z,NYSE:WM
11.20293995128335,0.982742907943134,-19.4639453203083,1.2292700371016048,233.107375,48.071582618057285,1.0711416584843372,226.46,1601888,1787604048,2026-08-24T20:40:48Z,NYSE:WM
11.20293995128335,0.982742907943134,-19.4639453203083,1.2292700371016048,233.107375,48.071582618057285,1.0711416584843372,226.46,1601888,1787604229,2026-08-24T20:43:49Z,NYSE:WM
11.20293995128335,0.982742907943134,-19.4639453203083,1.2292700371016048,233.107375,48.071582618057285,1.0711416584843372,226.46,1601913,1787604407,2026-08-24T20:46:47Z,NYSE:WM
11.20293995128335,0.982742907943134,-19.4639453203083,1.2292700371016048,233.107375,48.071582618057285,1.0711416584843372,226.46,1601913,1787604594,2026-08-24T20:49:54Z,NYSE:WM
11.20293995128335,0.982742907943134,-19.4639453203083,1.2292700371016048,233.107375,48.071582618057285,1.0711416584843372,226.46,1601913,1787604774,2026-08-24T20:52:54Z,NYSE:WM
11.20293995128335,0.982742907943134,-19.4639453203083,1.2292700371016048,233.107375,48.071582618057285,1.0711416584843372,226.46,1601928,1787604956,2026-08-24T20:55:56Z,NYSE:WM
11.20293995128335,0.982742907943134,-19.4639453203083,1.2292700371016048,233.107375,48.071582618057285,1.0711416584843372,226.46,1602006,1787605133,2026-08-24T20:58:53Z,NYSE:WM
11.20293995128335,0.982742907943134,-19.4639453203083,1.2292700371016048,233.107375,48.071582618057285,1.0711416584843372,226.46,1602006,1787605314,2026-08-24T21:01:54Z,NYSE:WM
11.20293995128335,0.982742907943134,-19.4639453203083,1.2292700371016048,233.107375,48.071582618057285,1.0711416584843372,226.46,1602106,1787605491,2026-08-24T21:04:51Z,NYSE:WM
11.20293995128335,0.982742907943134,-19.4639453203083,1.2292700371016048,233.107375,48.071582618057285,1.0711416584843372,226.46,1602106,1787605674,2026-08-24T21:07:54Z,NYSE:WM
11.20293995128335,0.982742907943134,-19.4639453203083,1.2292700371016048,233.107375,48.071582618057285,1.0711416584843372,226.46,1606742,1787605853,2026-08-24T21:10:53Z,NYSE:WM
11.20293995128335,0.982742907943134,-19.4639453203083,1.2292700371016048,233.107375,48.071582618057285,1.0711416584843372,226.46,1606753,1787606034,2026-08-24T21:13:54Z,NYSE:WM
11.20293995128335,0.982742907943134,-19.4639453203083,1.2292700371016048,233.107375,48.071582618057285,1.0711416584843372,226.46,1606753,1787606209,2026-08-24T21:16:49Z,NYSE:WM
11.20293995128335,0.982742907943134,-19.4639453203083,1.2292700371016048,233.107375,48.071582618057285,1.0711416584843372,226.46,1606803,1787606390,2026-08-24T21:19:50Z,NYSE:WM
11.20293995128335,0.982742907943134,-19.4639453203083,1.2292700371016048,233.107375,48.071582618057285,1.0711416584843372,226.46,1606803,1787606571,2026-08-24T21:22:51Z,NYSE:WM
11.20293995128335,0.982742907943134,-19.4639453203083,1.2292700371016048,233.107375,48.071582618057285,1.0711416584843372,226.46,1606808,1787606754,2026-08-24T21:25:54Z,NYSE:WM
11.20293995128335,0.982742907943134,-19.4639453203083,1.2292700371016048,233.107375,48.071582618057285,1.0711416584843372,226.46,1606808,1787606931,2026-08-24T21:28:51Z,NYSE:WM
11.20293995128335,0.982742907943134,-19.4639453203083,1.2292700371016048,233.107375,48.071582618057285,1.0711416584843372,226.46,1606808,1787607112,2026-08-24T21:31:52Z,NYSE:WM
11.20293995128335,0.982742907943134,-19.4639453203083,1.2292700371016048,233.107375,48.071582618057285,1.0711416584843372,226.46,1606808,1787607293,2026-08-24T21:34:53Z,NYSE:WM
11.20293995128335,0.982742907943134,-19.4639453203083,1.2292700371016048,233.107375,48.071582618057285,1.0711416584843372,226.46,1606808,1787607478,2026-08-24T21:37:58Z,NYSE:WM
11.20293995128335,0.982742907943134,-19.4639453203083,1.2292700371016048,233.107375,48.071582618057285,1.0711416584843372,226.46,1606808,1787607653,2026-08-24T21:40:53Z,NYSE:WM
11.20293995128335,0.982742907943134,-19.4639453203083,1.2292700371016048,233.107375,48.071582618057285,1.0711416584843372,226.46,1606809,1787607830,2026-08-24T21:43:50Z,NYSE:WM
11.20293995128335,0.982742907943134,-19.4639453203083,1.2292700371016048,233.107375,48.071582618057285,1.0711416584843372,226.46,1606809,1787608009,2026-08-24T21:46:49Z,NYSE:WM
11.20293995128335,0.982742907943134,-19.4639453203083,1.2292700371016048,233.107375,48.071582618057285,1.0711416584843372,226.46,1606809,1787608192,2026-08-24T21:49:52Z,NYSE:WM
11.20293995128335,0.982742907943134,-19.4639453203083,1.2292700371016048,233.107375,48.071582618057285,1.0711416584843372,226.46,1606809,1787608374,2026-08-24T21:52:54Z,NYSE:WM
11.20293995128335,0.982742907943134,-19.4639453203083,1.2292700371016048,233.107375,48.071582618057285,1.0711416584843372,226.46,1606809,1787608551,2026-08-24T21:55:51Z,NYSE:WM
11.20293995128335,0.982742907943134,-19.4639453203083,1.2292700371016048,233.107375,48.071582618057285,1.0711416584843372,226.46,1606810,1787608730,2026-08-24T21:58:50Z,NYSE:WM
11.20293995128335,0.982742907943134,-19.4639453203083,1.2292700371016048,233.107375,48.071582618057285,1.0711416584843372,226.46,1606821,1787608916,2026-08-24T22:01:56Z,NYSE:WM
11.20293995128335,0.982742907943134,-19.4639453203083,1.2292700371016048,233.107375,48.071582618057285,1.0711416584843372,226.46,1606821,1787609094,2026-08-24T22:04:54Z,NYSE:WM
11.20293995128335,0.982742907943134,-19.4639453203083,1.2292700371016048,233.107375,48.071582618057285,1.0711416584843372,226.46,1606821,1787609271,2026-08-24T22:07:51Z,NYSE:WM
11.20293995128335,0.982742907943134,-19.4639453203083,1.2292700371016048,233.107375,48.071582618057285,1.0711416584843372,226.46,1606828,1787609453,2026-08-24T22:10:53Z,NYSE:WM
11.20293995128335,0.982742907943134,-19.4639453203083,1.2292700371016048,233.107375,48.071582618057285,1.0711416584843372,226.46,1606828,1787609633,2026-08-24T22:13:53Z,NYSE:WM
11.20293995128335,0.982742907943134,-19.4639453203083,1.2292700371016048,233.107375,48.071582618057285,1.0711416584843372,226.46,1606835,1787609813,2026-08-24T22:16:53Z,NYSE:WM
11.20293995128335,0.982742907943134,-19.4639453203083,1.2292700371016048,233.107375,48.071582618057285,1.0711416584843372,226.46,1606835,1787609993,2026-08-24T22:19:53Z,NYSE:WM
11.20293995128335,0.982742907943134,-19.4639453203083,1.2292700371016048,233.107375,48.071582618057285,1.0711416584843372,226.46,1606835,1787610175,2026-08-24T22:22:55Z,NYSE:WM
11.20293995128335,0.982742907943134,-19.4639453203083,1.2292700371016048,233.107375,48.071582618057285,1.0711416584843372,226.46,1606835,1787610350,2026-08-24T22:25:50Z,NYSE:WM
11.20293995128335,0.982742907943134,-19.4639453203083,1.2292700371016048,233.107375,48.071582618057285,1.0711416584843372,226.46,1606835,1787610532,2026-08-24T22:28:52Z,NYSE:WM
11.20293995128335,0.982742907943134,-19.4639453203083,1.2292700371016048,233.107375,48.071582618057285,1.0711416584843372,226.46,1606835,1787610712,2026-08-24T22:31:52Z,NYSE:WM
11.20293995128335,0.982742907943134,-19.4639453203083,1.2292700371016048,233.107375,48.071582618057285,1.0711416584843372,226.46,1606835,1787610891,2026-08-24T22:34:51Z,NYSE:WM
11.20293995128335,0.982742907943134,-19.4639453203083,1.2292700371016048,233.107375,48.071582618057285,1.0711416584843372,226.46,1606835,1787611073,2026-08-24T22:37:53Z,NYSE:WM
11.20293995128335,0.982742907943134,-19.4639453203083,1.2292700371016048,233.107375,48.071582618057285,1.0711416584843372,226.46,1606835,1787611250,2026-08-24T22:40:50Z,NYSE:WM
11.20293995128335,0.982742907943134,-19.4639453203083,1.2292700371016048,233.107375,48.071582618057285,1.0711416584843372,226.46,1606835,1787611433,2026-08-24T22:43:53Z,NYSE:WM
11.20293995128335,0.982742907943134,-19.4639453203083,1.2292700371016048,233.107375,48.071582618057285,1.0711416584843372,226.46,1606835,1787611611,2026-08-24T22:46:51Z,NYSE:WM
11.20293995128335,0.982742907943134,-19.4639453203083,1.2292700371016048,233.107375,48.071582618057285,1.0711416584843372,226.46,1606835,1787611794,2026-08-24T22:49:54Z,NYSE:WM
11.20293995128335,0.982742907943134,-19.4639453203083,1.2292700371016048,233.107375,48.071582618057285,1.0711416584843372,226.46,1606835,1787611972,2026-08-24T22:52:52Z,NYSE:WM
11.20293995128335,0.982742907943134,-19.4639453203083,1.2292700371016048,233.107375,48.071582618057285,1.0711416584843372,226.46,1606835,1787612154,2026-08-24T22:55:54Z,NYSE:WM
11.20293995128335,0.982742907943134,-19.4639453203083,1.2292700371016048,233.107375,48.071582618057285,1.0711416584843372,226.46,1606836,1787612336,2026-08-24T22:58:56Z,NYSE:WM
11.20293995128335,0.982742907943134,-19.4639453203083,1.2292700371016048,233.107375,48.071582618057285,1.0711416584843372,226.46,1606836,1787612514,2026-08-24T23:01:54Z,NYSE:WM
11.20293995128335,0.982742907943134,-19.4639453203083,1.2292700371016048,233.107375,48.071582618057285,1.0711416584843372,226.46,1606836,1787612693,2026-08-24T23:04:53Z,NYSE:WM
11.20293995128335,0.982742907943134,-19.4639453203083,1.2292700371016048,233.107375,48.071582618057285,1.0711416584843372,226.46,1606839,1787612868,2026-08-24T23:07:48Z,NYSE:WM
11.20293995128335,0.982742907943134,-19.4639453203083,1.2292700371016048,233.107375,48.071582618057285,1.0711416584843372,226.46,1606839,1787613051,2026-08-24T23:10:51Z,NYSE:WM
11.20293995128335,0.982742907943134,-19.4639453203083,1.2292700371016048,233.107375,48.071582618057285,1.0711416584843372,226.46,1606839,1787613227,2026-08-24T23:13:47Z,NYSE:WM
11.20293995128335,0.982742907943134,-19.4639453203083,1.2292700371016048,233.107375,48.071582618057285,1.0711416584843372,226.46,1606839,1787613408,2026-08-24T23:16:48Z,NYSE:WM
11.20293995128335,0.982742907943134,-19.4639453203083,1.2292700371016048,233.107375,48.071582618057285,1.0711416584843372,226.46,1606839,1787613589,2026-08-24T23:19:49Z,NYSE:WM
11.20293995128335,0.982742907943134,-19.4639453203083,1.2292700371016048,233.107375,48.071582618057285,1.0711416584843372,226.46,1606839,1787613776,2026-08-24T23:22:56Z,NYSE:WM
11.20293995128335,0.982742907943134,-19.4639453203083,1.2292700371016048,233.107375,48.071582618057285,1.0711416584843372,226.46,1606839,1787613951,2026-08-24T23:25:51Z,NYSE:WM
11.20293995128335,0.982742907943134,-19.4639453203083,1.2292700371016048,233.107375,48.071582618057285,1.0711416584843372,226.46,1606839,1787614134,2026-08-24T23:28:54Z,NYSE:WM
11.20293995128335,0.982742907943134,-19.4639453203083,1.2292700371016048,233.107375,48.071582618057285,1.0711416584843372,226.46,1606839,1787614310,2026-08-24T23:31:50Z,NYSE:WM
11.20293995128335,0.982742907943134,-19.4639453203083,1.2292700371016048,233.107375,48.071582618057285,1.0711416584843372,226.46,1606839,1787614490,2026-08-24T23:34:50Z,NYSE:WM
11.20293995128335,0.982742907943134,-19.4639453203083,1.2292700371016048,233.107375,48.071582618057285,1.0711416584843372,226.46,1606839,1787614674,2026-08-24T23:37:54Z,NYSE:WM
11.20293995128335,0.982742907943134,-19.4639453203083,1.2292700371016048,233.107375,48.071582618057285,1.0711416584843372,226.46,1606839,1787614855,2026-08-24T23:40:55Z,NYSE:WM
11.20293995128335,0.982742907943134,-19.4639453203083,1.2292700371016048,233.107375,48.071582618057285,1.0711416584843372,226.46,1606839,1787615029,2026-08-24T23:43:49Z,NYSE:WM
11.20293995128335,0.982742907943134,-19.4639453203083,1.2292700371016048,233.107375,48.071582618057285,1.0711416584843372,226.46,1606839,1787615210,2026-08-24T23:46:50Z,NYSE:WM
,0.982742907943134,-19.4639453203083,1.2292700371016048,233.107375,48.071582618057285,1.0711416584843372,226.46,1606881,1787629255,2026-08-25T03:40:55Z,NYSE:WM
11.20293995128335,0.982742907943134,-19.4639453203083,1.2292700371016048,233.107375,48.071582618057285,1.0711416584843372,226.46,1606881,1787629432,2026-08-25T03:43:52Z,NYSE:WM
11.20293995128335,0.982742907943134,-19.4639453203083,1.2292700371016048,233.107375,48.071582618057285,1.0711416584843372,226.46,1606881,1787629614,2026-08-25T03:46:54Z,NYSE:WM
11.20293995128335,0.982742907943134,-19.4639453203083,1.2292700371016048,233.107375,48.071582618057285,1.0711416584843372,226.46,1606881,1787629794,2026-08-25T03:49:54Z,NYSE:WM
11.20293995128335,0.982742907943134,-19.4639453203083,1.2292700371016048,233.107375,48.071582618057285,1.0711416584843372,226.46,1606881,1787629973,2026-08-25T03:52:53Z,NYSE:WM
11.20293995128335,0.982742907943134,-19.4639453203083,1.2292700371016048,233.107375,48.071582618057285,1.0711416584843372,226.46,1606881,1787630154,2026-08-25T03:55:54Z,NYSE:WM
11.20293995128335,0.982742907943134,-19.4639453203083,1.2292700371016048,233.107375,48.071582618057285,1.0711416584843372,226.46,1606881,1787630334,2026-08-25T03:58:54Z,NYSE:WM
11.20293995128335,0.982742907943134,-19.4639453203083,1.2292700371016048,233.107375,48.071582618057285,1.0711416584843372,226.46,1606881,1787630515,2026-08-25T04:01:55Z,NYSE:WM
11.20293995128335,0.982742907943134,-19.4639453203083,1.2292700371016048,233.107375,48.071582618057285,1.0711416584843372,226.46,1606881,1787630700,2026-08-25T04:05:00Z,NYSE:WM
11.20293995128335,0.982742907943134,-19.4639453203083,1.2292700371016048,233.107375,48.071582618057285,1.0711416584843372,226.46,1606881,1787630874,2026-08-25T04:07:54Z,NYSE:WM
11.20293995128335,0.982742907943134,-19.4639453203083,1.2292700371016048,233.107375,48.071582618057285,1.0711416584843372,226.46,1606881,1787631054,2026-08-25T04:10:54Z,NYSE:WM
11.20293995128335,0.982742907943134,-19.4639453203083,1.2292700371016048,233.107375,48.071582618057285,1.0711416584843372,226.46,1606881,1787631230,2026-08-25T04:13:50Z,NYSE:WM
11.20293995128335,0.982742907943134,-19.4639453203083,1.2292700371016048,233.107375,48.071582618057285,1.0711416584843372,226.46,1606881,1787631414,2026-08-25T04:16:54Z,NYSE:WM
11.20293995128335,0.982742907943134,-19.4639453203083,1.2292700371016048,233.107375,48.071582618057285,1.0711416584843372,226.46,1606881,1787631590,2026-08-25T04:19:50Z,NYSE:WM
11.20293995128335,0.982742907943134,-19.4639453203083,1.2292700371016048,233.107375,48.071582618057285,1.0711416584843372,226.46,1606881,1787631770,2026-08-25T04:22:50Z,NYSE:WM
11.20293995128335,0.982742907943134,-19.4639453203083,1.2292700371016048,233.107375,48.071582618057285,1.0711416584843372,226.46,1606881,1787631953,2026-08-25T04:25:53Z,NYSE:WM
11.20293995128335,0.982742907943134,-19.4639453203083,1.2292700371016048,233.107375,48.071582618057285,1.0711416584843372,226.46,1606881,1787632135,2026-08-25T04:28:55Z,NYSE:WM
11.20293995128335,0.982742907943134,-19.4639453203083,1.2292700371016048,233.107375,48.071582618057285,1.0711416584843372,226.46,1606881,1787632311,2026-08-25T04:31:51Z,NYSE:WM
11.20293995128335,0.982742907943134,-19.4639453203083,1.2292700371016048,233.107375,48.071582618057285,1.0711416584843372,226.46,1606881,1787632500,2026-08-25T04:35:00Z,NYSE:WM
11.20293995128335,0.982742907943134,-19.4639453203083,1.2292700371016048,233.107375,48.071582618057285,1.0711416584843372,226.46,1606881,1787632677,2026-08-25T04:37:57Z,NYSE:WM
11.20293995128335,0.982742907943134,-19.4639453203083,1.2292700371016048,233.107375,48.071582618057285,1.0711416584843372,226.46,1606881,1787632853,2026-08-25T04:40:53Z,NYSE:WM
11.20293995128335,0.982742907943134,-19.4639453203083,1.2292700371016048,233.107375,48.071582618057285,1.0711416584843372,226.46,1606881,1787633030,2026-08-25T04:43:50Z,NYSE:WM
11.20293995128335,0.982742907943134,-19.4639453203083,1.2292700371016048,233.107375,48.071582618057285,1.0711416584843372,226.46,1606881,1787633209,2026-08-25T04:46:49Z,NYSE:WM
11.20293995128335,0.982742907943134,-19.4639453203083,1.2292700371016048,233.107375,48.071582618057285,1.0711416584843372,226.46,1606881,1787633393,2026-08-25T04:49:53Z,NYSE:WM
11.20293995128335,0.982742907943134,-19.4639453203083,1.2292700371016048,233.107375,48.071582618057285,1.0711416584843372,226.46,1606881,1787633573,2026-08-25T04:52:53Z,NYSE:WM
11.20293995128335,0.982742907943134,-19.4639453203083,1.2292700371016048,233.107375,48.071582618057285,1.0711416584843372,226.46,1606881,1787633753,2026-08-25T04:55:53Z,NYSE:WM
11.20293995128335,0.982742907943134,-19.4639453203083,1.2292700371016048,233.107375,48.071582618057285,1.0711416584843372,226.46,1606881,1787633935,2026-08-25T04:58:55Z,NYSE:WM
11.20293995128335,0.982742907943134,-19.4639453203083,1.2292700371016048,233.107375,48.071582618057285,1.0711416584843372,226.46,1606881,1787634110,2026-08-25T05:01:50Z,NYSE:WM
11.20293995128335,0.982742907943134,-19.4639453203083,1.2292700371016048,233.107375,48.071582618057285,1.0711416584843372,226.46,1606881,1787634294,2026-08-25T05:04:54Z,NYSE:WM
11.20293995128335,0.982742907943134,-19.4639453203083,1.2292700371016048,233.107375,48.071582618057285,1.0711416584843372,226.46,1606881,1787634467,2026-08-25T05:07:47Z,NYSE:WM
11.20293995128335,0.982742907943134,-19.4639453203083,1.2292700371016048,233.107375,48.071582618057285,1.0711416584843372,226.46,1606881,1787634655,2026-08-25T05:10:55Z,NYSE:WM
11.20293995128335,0.982742907943134,-19.4639453203083,1.2292700371016048,233.107375,48.071582618057285,1.0711416584843372,226.46,1606881,1787634834,2026-08-25T05:13:54Z,NYSE:WM
11.20293995128335,0.982742907943134,-19.4639453203083,1.2292700371016048,233.107375,48.071582618057285,1.0711416584843372,226.46,1606881,1787635017,2026-08-25T05:16:57Z,NYSE:WM
11.20293995128335,0.982742907943134,-19.4639453203083,1.2292700371016048,233.107375,48.071582618057285,1.0711416584843372,226.46,1606881,1787635188,2026-08-25T05:19:48Z,NYSE:WM
11.20293995128335,0.982742907943134,-19.4639453203083,1.2292700371016048,233.107375,48.071582618057285,1.0711416584843372,226.46,1606881,1787635374,2026-08-25T05:22:54Z,NYSE:WM
11.20293995128335,0.982742907943134,-19.4639453203083,1.2292700371016048,233.107375,48.071582618057285,1.0711416584843372,226.46,1606881,1787635554,2026-08-25T05:25:54Z,NYSE:WM
11.20293995128335,0.982742907943134,-19.4639453203083,1.2292700371016048,233.107375,48.071582618057285,1.0711416584843372,226.46,1606881,1787635732,2026-08-25T05:28:52Z,NYSE:WM
11.20293995128335,0.982742907943134,-19.4639453203083,1.2292700371016048,233.107375,48.071582618057285,1.0711416584843372,226.46,1606881,1787635912,2026-08-25T05:31:52Z,NYSE:WM
11.20293995128335,0.982742907943134,-19.4639453203083,1.2292700371016048,233.107375,48.071582618057285,1.0711416584843372,226.46,1606881,1787636092,2026-08-25T05:34:52Z,NYSE:WM
11.20293995128335,0.982742907943134,-19.4639453203083,1.2292700371016048,233.107375,48.071582618057285,1.0711416584843372,226.46,1606881,1787636271,2026-08-25T05:37:51Z,NYSE:WM
11.20293995128335,0.982742907943134,-19.4639453203083,1.2292700371016048,233.107375,48.071582618057285,1.0711416584843372,226.46,1606881,1787636460,2026-08-25T05:41:00Z,NYSE:WM
11.20293995128335,0.982742907943134,-19.4639453203083,1.2292700371016048,233.107375,48.071582618057285,1.0711416584843372,226.46,1606881,1787636630,2026-08-25T05:43:50Z,NYSE:WM
11.20293995128335,0.982742907943134,-19.4639453203083,1.2292700371016048,233.107375,48.071582618057285,1.0711416584843372,226.46,1606881,1787636813,2026-08-25T05:46:53Z,NYSE:WM
11.20293995128335,0.982742907943134,-19.4639453203083,1.2292700371016048,233.107375,48.071582618057285,1.0711416584843372,226.46,1606881,1787636995,2026-08-25T05:49:55Z,NYSE:WM
11.20293995128335,0.982742907943134,-19.4639453203083,1.2292700371016048,233.107375,48.071582618057285,1.0711416584843372,226.46,1606881,1787637171,2026-08-25T05:52:51Z,NYSE:WM
11.20293995128335,0.982742907943134,-19.4639453203083,1.2292700371016048,233.107375,48.071582618057285,1.0711416584843372,226.46,1606881,1787637354,2026-08-25T05:55:54Z,NYSE:WM
11.20293995128335,0.982742907943134,-19.4639453203083,1.2292700371016048,233.107375,48.071582618057285,1.0711416584843372,226.46,1606881,1787637532,2026-08-25T05:58:52Z,NYSE:WM
11.20293995128335,0.982742907943134,-19.4639453203083,1.2292700371016048,233.107375,48.071582618057285,1.0711416584843372,226.46,1606881,1787637708,2026-08-25T06:01:48Z,NYSE:WM
11.20293995128335,0.982742907943134,-19.4639453203083,1.2292700371016048,233.107375,48.071582618057285,1.0711416584843372,226.46,1606881,1787637893,2026-08-25T06:04:53Z,NYSE:WM
11.20293995128335,0.982742907943134,-19.4639453203083,1.2292700371016048,233.107375,48.071582618057285,1.0711416584843372,226.46,1606881,1787638076,2026-08-25T06:07:56Z,NYSE:WM
11.20293995128335,0.982742907943134,-19.4639453203083,1.2292700371016048,233.107375,48.071582618057285,1.0711416584843372,226.46,1606881,1787638252,2026-08-25T06:10:52Z,NYSE:WM
11.20293995128335,0.982742907943134,-19.4639453203083,1.2292700371016048,233.107375,48.071582618057285,1.0711416584843372,226.46,1606881,1787638436,2026-08-25T06:13:56Z,NYSE:WM
11.20293995128335,0.982742907943134,-19.4639453203083,1.2292700371016048,233.107375,48.071582618057285,1.0711416584843372,226.46,1606881,1787638615,2026-08-25T06:16:55Z,NYSE:WM
11.20293995128335,0.982742907943134,-19.4639453203083,1.2292700371016048,233.107375,48.071582618057285,1.0711416584843372,226.46,1606881,1787638791,2026-08-25T06:19:51Z,NYSE:WM
11.20293995128335,0.982742907943134,-19.4639453203083,1.2292700371016048,233.107375,48.071582618057285,1.0711416584843372,226.46,1606881,1787638969,2026-08-25T06:22:49Z,NYSE:WM
11.20293995128335,0.982742907943134,-19.4639453203083,1.2292700371016048,233.107375,48.071582618057285,1.0711416584843372,226.46,1606881,1787639154,2026-08-25T06:25:54Z,NYSE:WM
11.20293995128335,0.982742907943134,-19.4639453203083,1.2292700371016048,233.107375,48.071582618057285,1.0711416584843372,226.46,1606881,1787639334,2026-08-25T06:28:54Z,NYSE:WM
11.20293995128335,0.982742907943134,-19.4639453203083,1.2292700371016048,233.107375,48.071582618057285,1.0711416584843372,226.46,1606881,1787639516,2026-08-25T06:31:56Z,NYSE:WM
11.20293995128335,0.982742907943134,-19.4639453203083,1.2292700371016048,233.107375,48.071582618057285,1.0711416584843372,226.46,1606881,1787639690,2026-08-25T06:34:50Z,NYSE:WM
11.20293995128335,0.982742907943134,-19.4639453203083,1.2292700371016048,233.107375,48.071582618057285,1.0711416584843372,226.46,1606881,1787639873,2026-08-25T06:37:53Z,NYSE:WM
11.20293995128335,0.982742907943134,-19.4639453203083,1.2292700371016048,233.107375,48.071582618057285,1.0711416584843372,226.46,1606881,1787640054,2026-08-25T06:40:54Z,NYSE:WM
11.20293995128335,0.982742907943134,-19.4639453203083,1.2292700371016048,233.107375,48.071582618057285,1.0711416584843372,226.46,1606881,1787640228,2026-08-25T06:43:48Z,NYSE:WM
11.20293995128335,0.982742907943134,-19.4639453203083,1.2292700371016048,233.107375,48.071582618057285,1.0711416584843372,226.46,1606881,1787640411,2026-08-25T06:46:51Z,NYSE:WM
11.20293995128335,0.982742907943134,-19.4639453203083,1.2292700371016048,233.107375,48.071582618057285,1.0711416584843372,226.46,1606881,1787640589,2026-08-25T06:49:49Z,NYSE:WM
11.20293995128335,0.982742907943134,-19.4639453203083,1.2292700371016048,233.107375,48.071582618057285,1.0711416584843372,226.46,1606881,1787640768,2026-08-25T06:52:48Z,NYSE:WM
11.20293995128335,0.982742907943134,-19.4639453203083,1.2292700371016048,233.107375,48.071582618057285,1.0711416584843372,226.46,1606881,1787640947,2026-08-25T06:55:47Z,NYSE:WM
11.20293995128335,0.982742907943134,-19.4639453203083,1.2292700371016048,233.107375,48.071582618057285,1.0711416584843372,226.46,1606881,1787641128,2026-08-25T06:58:48Z,NYSE:WM
11.20293995128335,0.982742907943134,-19.4639453203083,1.2292700371016048,233.107375,48.071582618057285,1.0711416584843372,226.46,1606881,1787641308,2026-08-25T07:01:48Z,NYSE:WM
11.20293995128335,0.982742907943134,-19.4639453203083,1.2292700371016048,233.107375,48.071582618057285,1.0711416584843372,226.46,1606881,1787641489,2026-08-25T07:04:49Z,NYSE:WM
11.20293995128335,0.982742907943134,-19.4639453203083,1.2292700371016048,233.107375,48.071582618057285,1.0711416584843372,226.46,1606881,1787641671,2026-08-25T07:07:51Z,NYSE:WM
11.20293995128335,0.982742907943134,-19.4639453203083,1.2292700371016048,233.107375,48.071582618057285,1.0711416584843372,226.46,1606881,1787641850,2026-08-25T07:10:50Z,NYSE:WM
11.20293995128335,0.982742907943134,-19.4639453203083,1.2292700371016048,233.107375,48.071582618057285,1.0711416584843372,226.46,1606881,1787642027,2026-08-25T07:13:47Z,NYSE:WM
11.20293995128335,0.982742907943134,-19.4639453203083,1.2292700371016048,233.107375,48.071582618057285,1.0711416584843372,226.46,1606881,1787642211,2026-08-25T07:16:51Z,NYSE:WM
11.20293995128335,0.982742907943134,-19.4639453203083,1.2292700371016048,233.107375,48.071582618057285,1.0711416584843372,226.46,1606881,1787642390,2026-08-25T07:19:50Z,NYSE:WM
11.20293995128335,0.982742907943134,-19.4639453203083,1.2292700371016048,233.107375,48.071582618057285,1.0711416584843372,226.46,1606881,1787642568,2026-08-25T07:22:48Z,NYSE:WM
11.20293995128335,0.982742907943134,-19.4639453203083,1.2292700371016048,233.107375,48.071582618057285,1.0711416584843372,226.46,1606881,1787642753,2026-08-25T07:25:53Z,NYSE:WM
11.20293995128335,0.982742907943134,-19.4639453203083,1.2292700371016048,233.107375,48.071582618057285,1.0711416584843372,226.46,1606881,1787642930,2026-08-25T07:28:50Z,NYSE:WM
11.20293995128335,0.982742907943134,-19.4639453203083,1.2292700371016048,233.107375,48.071582618057285,1.0711416584843372,226.46,1606881,1787643105,2026-08-25T07:31:45Z,NYSE:WM
11.20293995128335,0.982742907943134,-19.4639453203083,1.2292700371016048,233.107375,48.071582618057285,1.0711416584843372,226.46,1606881,1787643288,2026-08-25T07:34:48Z,NYSE:WM
11.20293995128335,0.982742907943134,-19.4639453203083,1.2292700371016048,233.107375,48.071582618057285,1.0711416584843372,226.46,1606881,1787643472,2026-08-25T07:37:52Z,NYSE:WM
11.20293995128335,0.982742907943134,-19.4639453203083,1.2292700371016048,233.107375,48.071582618057285,1.0711416584843372,226.46,1606881,1787643648,2026-08-25T07:40:48Z,NYSE:WM
11.20293995128335,0.982742907943134,-19.4639453203083,1.2292700371016048,233.107375,48.071582618057285,1.0711416584843372,226.46,1606881,1787643831,2026-08-25T07:43:51Z,NYSE:WM
11.20293995128335,0.982742907943134,-19.4639453203083,1.2292700371016048,233.107375,48.071582618057285,1.0711416584843372,226.46,1606881,1787644009,2026-08-25T07:46:49Z,NYSE:WM
11.20293995128335,0.982742907943134,-19.4639453203083,1.2292700371016048,233.107375,48.071582618057285,1.0711416584843372,226.46,1606881,1787644188,2026-08-25T07:49:48Z,NYSE:WM
11.20293995128335,0.982742907943134,-19.4639453203083,1.2292700371016048,233.107375,48.071582618057285,1.0711416584843372,226.46,1606881,1787644368,2026-08-25T07:52:48Z,NYSE:WM
11.20293995128335,0.982742907943134,-19.4639453203083,1.2292700371016048,233.107375,48.071582618057285,1.0711416584843372,226.46,1606881,1787644550,2026-08-25T07:55:50Z,NYSE:WM
11.20293995128335,0.982742907943134,-19.4639453203083,1.2292700371016048,233.107375,48.071582618057285,1.0711416584843372,226.46,1606881,1787644728,2026-08-25T07:58:48Z,NYSE:WM
11.20293995128335,0.982742907943134,-19.4639453203083,1.2292700371016048,233.107375,48.071582618057285,1.0711416584843372,226.46,1606881,1787644906,2026-08-25T08:01:46Z,NYSE:WM
11.20293995128335,0.982742907943134,-19.4639453203083,1.2292700371016048,233.107375,48.071582618057285,1.0711416584843372,226.46,1606881,1787645090,2026-08-25T08:04:50Z,NYSE:WM
11.20293995128335,0.982742907943134,-19.4639453203083,1.2292700371016048,233.107375,48.071582618057285,1.0711416584843372,226.46,1606881,1787645269,2026-08-25T08:07:49Z,NYSE:WM
11.20293995128335,0.982742907943134,-19.4639453203083,1.2292700371016048,233.107375,48.071582618057285,1.0711416584843372,226.46,1606881,1787645446,2026-08-25T08:10:46Z,NYSE:WM
11.20293995128335,0.982742907943134,-19.4639453203083,1.2292700371016048,233.107375,48.071582618057285,1.0711416584843372,226.46,1606881,1787645631,2026-08-25T08:13:51Z,NYSE:WM
11.20293995128335,0.982742907943134,-19.4639453203083,1.2292700371016048,233.107375,48.071582618057285,1.0711416584843372,226.46,1606881,1787645812,2026-08-25T08:16:52Z,NYSE:WM
11.20293995128335,0.982742907943134,-19.4639453203083,1.2292700371016048,233.107375,48.071582618057285,1.0711416584843372,226.46,1606881,1787645987,2026-08-25T08:19:47Z,NYSE:WM
11.20293995128335,0.982742907943134,-19.4639453203083,1.2292700371016048,233.107375,48.071582618057285,1.0711416584843372,226.46,1606881,1787646172,2026-08-25T08:22:52Z,NYSE:WM
11.20293995128335,0.982742907943134,-19.4639453203083,1.2292700371016048,233.107375,48.071582618057285,1.0711416584843372,226.46,1606881,1787646352,2026-08-25T08:25:52Z,NYSE:WM
11.20293995128335,0.982742907943134,-19.4639453203083,1.2292700371016048,233.107375,48.071582618057285,1.0711416584843372,226.46,1606881,1787646531,2026-08-25T08:28:51Z,NYSE:WM
11.20293995128335,0.982742907943134,-19.4639453203083,1.2292700371016048,233.107375,48.071582618057285,1.0711416584843372,226.46,1606881,1787646709,2026-08-25T08:31:49Z,NYSE:WM
11.20293995128335,0.982742907943134,-19.4639453203083,1.2292700371016048,233.107375,48.071582618057285,1.0711416584843372,226.46,1606881,1787646890,2026-08-25T08:34:50Z,NYSE:WM
11.20293995128335,0.982742907943134,-19.4639453203083,1.2292700371016048,233.107375,48.071582618057285,1.0711416584843372,226.46,1606881,1787647070,2026-08-25T08:37:50Z,NYSE:WM
11.20293995128335,0.982742907943134,-19.4639453203083,1.2292700371016048,233.107375,48.071582618057285,1.0711416584843372,226.46,1606881,1787647251,2026-08-25T08:40:51Z,NYSE:WM
11.20293995128335,0.982742907943134,-19.4639453203083,1.2292700371016048,233.107375,48.071582618057285,1.0711416584843372,226.46,1606881,1787647435,2026-08-25T08:43:55Z,NYSE:WM
11.20293995128335,0.982742907943134,-19.4639453203083,1.2292700371016048,233.107375,48.071582618057285,1.0711416584843372,226.46,1606881,1787647610,2026-08-25T08:46:50Z,NYSE:WM
11.20293995128335,0.982742907943134,-19.4639453203083,1.2292700371016048,233.107375,48.071582618057285,1.0711416584843372,226.46,1606881,1787647787,2026-08-25T08:49:47Z,NYSE:WM
11.20293995128335,0.982742907943134,-19.4639453203083,1.2292700371016048,233.107375,48.071582618057285,1.0711416584843372,226.46,1606881,1787647969,2026-08-25T08:52:49Z,NYSE:WM
11.20293995128335,0.982742907943134,-19.4639453203083,1.2292700371016048,233.107375,48.071582618057285,1.0711416584843372,226.46,1606881,1787648145,2026-08-25T08:55:45Z,NYSE:WM
11.20293995128335,0.982742907943134,-19.4639453203083,1.2292700371016048,233.107375,48.071582618057285,1.0711416584843372,226.46,1606881,1787648334,2026-08-25T08:58:54Z,NYSE:WM
11.20293995128335,0.982742907943134,-19.4639453203083,1.2292700371016048,233.107375,48.071582618057285,1.0711416584843372,226.46,1606881,1787648510,2026-08-25T09:01:50Z,NYSE:WM
11.20293995128335,0.982742907943134,-19.4639453203083,1.2292700371016048,233.107375,48.071582618057285,1.0711416584843372,226.46,1606881,1787648694,2026-08-25T09:04:54Z,NYSE:WM
11.20293995128335,0.982742907943134,-19.4639453203083,1.2292700371016048,233.107375,48.071582618057285,1.0711416584843372,226.46,1606881,1787648872,2026-08-25T09:07:52Z,NYSE:WM
11.20293995128335,0.982742907943134,-19.4639453203083,1.2292700371016048,233.107375,48.071582618057285,1.0711416584843372,226.46,1606881,1787649042,2026-08-25T09:10:42Z,NYSE:WM
11.20293995128335,0.982742907943134,-19.4639453203083,1.2292700371016048,233.107375,48.071582618057285,1.0711416584843372,226.46,1606881,1787649231,2026-08-25T09:13:51Z,NYSE:WM
11.20293995128335,0.982742907943134,-19.4639453203083,1.2292700371016048,233.107375,48.071582618057285,1.0711416584843372,226.46,1606881,1787649408,2026-08-25T09:16:48Z,NYSE:WM
11.20293995128335,0.982742907943134,-19.4639453203083,1.2292700371016048,233.107375,48.071582618057285,1.0711416584843372,226.46,1606881,1787649589,2026-08-25T09:19:49Z,NYSE:WM
11.20293995128335,0.982742907943134,-19.4639453203083,1.2292700371016048,233.107375,48.071582618057285,1.0711416584843372,226.46,1606881,1787649766,2026-08-25T09:22:46Z,NYSE:WM
11.20293995128335,0.982742907943134,-19.4639453203083,1.2292700371016048,233.107375,48.071582618057285,1.0711416584843372,226.46,1606881,1787649947,2026-08-25T09:25:47Z,NYSE:WM
11.20293995128335,0.982742907943134,-19.4639453203083,1.2292700371016048,233.107375,48.071582618057285,1.0711416584843372,226.46,1606881,1787650134,2026-08-25T09:28:54Z,NYSE:WM
11.20293995128335,0.982742907943134,-19.4639453203083,1.2292700371016048,233.107375,48.071582618057285,1.0711416584843372,226.46,1606881,1787650311,2026-08-25T09:31:51Z,NYSE:WM
11.20293995128335,0.982742907943134,-19.4639453203083,1.2292700371016048,233.107375,48.071582618057285,1.0711416584843372,226.46,1606881,1787650491,2026-08-25T09:34:51Z,NYSE:WM
11.20293995128335,0.982742907943134,-19.4639453203083,1.2292700371016048,233.107375,48.071582618057285,1.0711416584843372,226.46,1606881,1787650668,2026-08-25T09:37:48Z,NYSE:WM
11.20293995128335,0.982742907943134,-19.4639453203083,1.2292700371016048,233.107375,48.071582618057285,1.0711416584843372,226.46,1606881,1787650848,2026-08-25T09:40:48Z,NYSE:WM
11.20293995128335,0.982742907943134,-19.4639453203083,1.2292700371016048,233.107375,48.071582618057285,1.0711416584843372,226.46,1606881,1787651026,2026-08-25T09:43:46Z,NYSE:WM
11.20293995128335,0.982742907943134,-19.4639453203083,1.2292700371016048,233.107375,48.071582618057285,1.0711416584843372,226.46,1606881,1787651212,2026-08-25T09:46:52Z,NYSE:WM
11.20293995128335,0.982742907943134,-19.4639453203083,1.2292700371016048,233.107375,48.071582618057285,1.0711416584843372,226.46,1606881,1787651388,2026-08-25T09:49:48Z,NYSE:WM
11.20293995128335,0.982742907943134,-19.4639453203083,1.2292700371016048,233.107375,48.071582618057285,1.0711416584843372,226.46,1606881,1787651564,2026-08-25T09:52:44Z,NYSE:WM
11.20293995128335,0.982742907943134,-19.4639453203083,1.2292700371016048,233.107375,48.071582618057285,1.0711416584843372,226.46,1606881,1787651751,2026-08-25T09:55:51Z,NYSE:WM
11.20293995128335,0.982742907943134,-19.4639453203083,1.2292700371016048,233.107375,48.071582618057285,1.0711416584843372,226.46,1606881,1787651930,2026-08-25T09:58:50Z,NYSE:WM
11.20293995128335,0.982742907943134,-19.4639453203083,1.2292700371016048,233.107375,48.071582618057285,1.0711416584843372,226.46,1606881,1787652112,2026-08-25T10:01:52Z,NYSE:WM
11.20293995128335,0.982742907943134,-19.4639453203083,1.2292700371016048,233.107375,48.071582618057285,1.0711416584843372,226.46,1606881,1787652290,2026-08-25T10:04:50Z,NYSE:WM
11.20293995128335,0.982742907943134,-19.4639453203083,1.2292700371016048,233.107375,48.071582618057285,1.0711416584843372,226.46,1606881,1787652475,2026-08-25T10:07:55Z,NYSE:WM
11.20293995128335,0.982742907943134,-19.4639453203083,1.2292700371016048,233.107375,48.071582618057285,1.0711416584843372,226.46,1606881,1787652654,2026-08-25T10:10:54Z,NYSE:WM
11.20293995128335,0.982742907943134,-19.4639453203083,1.2292700371016048,233.107375,48.071582618057285,1.0711416584843372,226.46,1606881,1787652829,2026-08-25T10:13:49Z,NYSE:WM
11.20293995128335,0.982742907943134,-19.4639453203083,1.2292700371016048,233.107375,48.071582618057285,1.0711416584843372,226.46,1606881,1787653010,2026-08-25T10:16:50Z,NYSE:WM
11.20293995128335,0.982742907943134,-19.4639453203083,1.2292700371016048,233.107375,48.071582618057285,1.0711416584843372,226.46,1606881,1787653190,2026-08-25T10:19:50Z,NYSE:WM
11.20293995128335,0.982742907943134,-19.4639453203083,1.2292700371016048,233.107375,48.071582618057285,1.0711416584843372,226.46,1606881,1787653369,2026-08-25T10:22:49Z,NYSE:WM
11.20293995128335,0.982742907943134,-19.4639453203083,1.2292700371016048,233.107375,48.071582618057285,1.0711416584843372,226.46,1606881,1787653548,2026-08-25T10:25:48Z,NYSE:WM
11.20293995128335,0.982742907943134,-19.4639453203083,1.2292700371016048,233.107375,48.071582618057285,1.0711416584843372,226.46,1606881,1787653734,2026-08-25T10:28:54Z,NYSE:WM
11.20293995128335,0.982742907943134,-19.4639453203083,1.2292700371016048,233.107375,48.071582618057285,1.0711416584843372,226.46,1606881,1787653911,2026-08-25T10:31:51Z,NYSE:WM
11.20293995128335,0.982742907943134,-19.4639453203083,1.2292700371016048,233.107375,48.071582618057285,1.0711416584843372,226.46,1606881,1787654094,2026-08-25T10:34:54Z,NYSE:WM
11.20293995128335,0.982742907943134,-19.4639453203083,1.2292700371016048,233.107375,48.071582618057285,1.0711416584843372,226.46,1606881,1787654267,2026-08-25T10:37:47Z,NYSE:WM
11.20293995128335,0.982742907943134,-19.4639453203083,1.2292700371016048,233.107375,48.071582618057285,1.0711416584843372,226.46,1606881,1787654449,2026-08-25T10:40:49Z,NYSE:WM
11.20293995128335,0.982742907943134,-19.4639453203083,1.2292700371016048,233.107375,48.071582618057285,1.0711416584843372,226.46,1606881,1787654632,2026-08-25T10:43:52Z,NYSE:WM
11.20293995128335,0.982742907943134,-19.4639453203083,1.2292700371016048,233.107375,48.071582618057285,1.0711416584843372,226.46,1606881,1787654811,2026-08-25T10:46:51Z,NYSE:WM
11.20293995128335,0.982742907943134,-19.4639453203083,1.2292700371016048,233.107375,48.071582618057285,1.0711416584843372,226.46,1606881,1787654986,2026-08-25T10:49:46Z,NYSE:WM
11.20293995128335,0.982742907943134,-19.4639453203083,1.2292700371016048,233.107375,48.071582618057285,1.0711416584843372,226.46,1606881,1787655175,2026-08-25T10:52:55Z,NYSE:WM
11.20293995128335,0.982742907943134,-19.4639453203083,1.2292700371016048,233.107375,48.071582618057285,1.0711416584843372,226.46,1606881,1787655348,2026-08-25T10:55:48Z,NYSE:WM
11.20293995128335,0.982742907943134,-19.4639453203083,1.2292700371016048,233.107375,48.071582618057285,1.0711416584843372,226.46,1606881,1787655529,2026-08-25T10:58:49Z,NYSE:WM
11.20293995128335,0.982742907943134,-19.4639453203083,1.2292700371016048,233.107375,48.071582618057285,1.0711416584843372,226.46,1606881,1787655706,2026-08-25T11:01:46Z,NYSE:WM
11.20293995128335,0.982742907943134,-19.4639453203083,1.2292700371016048,233.107375,48.071582618057285,1.0711416584843372,226.46,1606881,1787655889,2026-08-25T11:04:49Z,NYSE:WM
11.20293995128335,0.982742907943134,-19.4639453203083,1.2292700371016048,233.107375,48.071582618057285,1.0711416584843372,226.46,1606881,1787656070,2026-08-25T11:07:50Z,NYSE:WM
11.20293995128335,0.982742907943134,-19.4639453203083,1.2292700371016048,233.107375,48.071582618057285,1.0711416584843372,226.46,1606881,1787656247,2026-08-25T11:10:47Z,NYSE:WM
11.20293995128335,0.982742907943134,-19.4639453203083,1.2292700371016048,233.107375,48.071582618057285,1.0711416584843372,226.46,1606881,1787656427,2026-08-25T11:13:47Z,NYSE:WM
11.20293995128335,0.982742907943134,-19.4639453203083,1.2292700371016048,233.107375,48.071582618057285,1.0711416584843372,226.46,1606881,1787656612,2026-08-25T11:16:52Z,NYSE:WM
11.20293995128335,0.982742907943134,-19.4639453203083,1.2292700371016048,233.107375,48.071582618057285,1.0711416584843372,226.46,1606881,1787656791,2026-08-25T11:19:51Z,NYSE:WM
11.20293995128335,0.982742907943134,-19.4639453203083,1.2292700371016048,233.107375,48.071582618057285,1.0711416584843372,226.46,1606881,1787656973,2026-08-25T11:22:53Z,NYSE:WM
11.20293995128335,0.982742907943134,-19.4639453203083,1.2292700371016048,233.107375,48.071582618057285,1.0711416584843372,226.46,1606881,1787657148,2026-08-25T11:25:48Z,NYSE:WM
11.20293995128335,0.982742907943134,-19.4639453203083,1.2292700371016048,233.107375,48.071582618057285,1.0711416584843372,226.46,1606881,1787657326,2026-08-25T11:28:46Z,NYSE:WM
11.20293995128335,0.982742907943134,-19.4639453203083,1.2292700371016048,233.107375,48.071582618057285,1.0711416584843372,226.46,1606881,1787657506,2026-08-25T11:31:46Z,NYSE:WM
11.20293995128335,0.982742907943134,-19.4639453203083,1.2292700371016048,233.107375,48.071582618057285,1.0711416584843372,226.46,1606881,1787657688,2026-08-25T11:34:48Z,NYSE:WM
11.20293995128335,0.982742907943134,-19.4639453203083,1.2292700371016048,233.107375,48.071582618057285,1.0711416584843372,226.46,1606881,1787657871,2026-08-25T11:37:51Z,NYSE:WM
11.20293995128335,0.982742907943134,-19.4639453203083,1.2292700371016048,233.107375,48.071582618057285,1.0711416584843372,226.46,1606881,1787658051,2026-08-25T11:40:51Z,NYSE:WM
11.20293995128335,0.982742907943134,-19.4639453203083,1.2292700371016048,233.107375,48.071582618057285,1.0711416584843372,226.46,1606881,1787658230,2026-08-25T11:43:50Z,NYSE:WM
11.20293995128335,0.982742907943134,-19.4639453203083,1.2292700371016048,233.107375,48.071582618057285,1.0711416584843372,226.46,1606881,1787658410,2026-08-25T11:46:50Z,NYSE:WM
11.20293995128335,0.982742907943134,-19.4639453203083,1.2292700371016048,233.107375,48.071582618057285,1.0711416584843372,226.46,1606881,1787658589,2026-08-25T11:49:49Z,NYSE:WM
11.20293995128335,0.982742907943134,-19.4639453203083,1.2292700371016048,233.107375,48.071582618057285,1.0711416584843372,226.46,1606881,1787658770,2026-08-25T11:52:50Z,NYSE:WM
11.20293995128335,0.982742907943134,-19.4639453203083,1.2292700371016048,233.107375,48.071582618057285,1.0711416584843372,226.46,1606881,1787658951,2026-08-25T11:55:51Z,NYSE:WM
11.20293995128335,0.982742907943134,-19.4639453203083,1.2292700371016048,233.107375,48.071582618057285,1.0711416584843372,226.46,1606881,1787659135,2026-08-25T11:58:55Z,NYSE:WM
11.20293995128335,0.982742907943134,-19.4639453203083,1.2292700371016048,233.107375,48.071582618057285,1.0711416584843372,226.46,1606881,1787659308,2026-08-25T12:01:48Z,NYSE:WM
11.20293995128335,0.982742907943134,-19.4639453203083,1.2292700371016048,233.107375,48.071582618057285,1.0711416584843372,226.46,1606881,1787659491,2026-08-25T12:04:51Z,NYSE:WM
11.20293995128335,0.982742907943134,-19.4639453203083,1.2292700371016048,233.107375,48.071582618057285,1.0711416584843372,226.46,1606881,1787659672,2026-08-25T12:07:52Z,NYSE:WM
11.20293995128335,0.982742907943134,-19.4639453203083,1.2292700371016048,233.107375,48.071582618057285,1.0711416584843372,226.46,1606881,1787659854,2026-08-25T12:10:54Z,NYSE:WM
11.20293995128335,0.982742907943134,-19.4639453203083,1.2292700371016048,233.107375,48.071582618057285,1.0711416584843372,226.46,1606881,1787660034,2026-08-25T12:13:54Z,NYSE:WM
11.20293995128335,0.982742907943134,-19.4639453203083,1.2292700371016048,233.107375,48.071582618057285,1.0711416584843372,226.46,1606881,1787660217,2026-08-25T12:16:57Z,NYSE:WM
11.20293995128335,0.982742907943134,-19.4639453203083,1.2292700371016048,233.107375,48.071582618057285,1.0711416584843372,226.46,1606881,1787660393,2026-08-25T12:19:53Z,NYSE:WM
11.20293995128335,0.982742907943134,-19.4639453203083,1.2292700371016048,233.107375,48.071582618057285,1.0711416584843372,226.46,1606881,1787660572,2026-08-25T12:22:52Z,NYSE:WM
11.20293995128335,0.982742907943134,-19.4639453203083,1.2292700371016048,233.107375,48.071582618057285,1.0711416584843372,226.46,1606881,1787660752,2026-08-25T12:25:52Z,NYSE:WM
11.20293995128335,0.982742907943134,-19.4639453203083,1.2292700371016048,233.107375,48.071582618057285,1.0711416584843372,226.46,1606881,1787660925,2026-08-25T12:28:45Z,NYSE:WM
11.20293995128335,0.982742907943134,-19.4639453203083,1.2292700371016048,233.107375,48.071582618057285,1.0711416584843372,226.46,1606881,1787661114,2026-08-25T12:31:54Z,NYSE:WM
11.20293995128335,0.982742907943134,-19.4639453203083,1.2292700371016048,233.107375,48.071582618057285,1.0711416584843372,226.46,1606881,1787661291,2026-08-25T12:34:51Z,NYSE:WM
11.20293995128335,0.982742907943134,-19.4639453203083,1.2292700371016048,233.107375,48.071582618057285,1.0711416584843372,226.46,1606881,1787661471,2026-08-25T12:37:51Z,NYSE:WM
11.20293995128335,0.982742907943134,-19.4639453203083,1.2292700371016048,233.107375,48.071582618057285,1.0711416584843372,226.46,1606881,1787661652,2026-08-25T12:40:52Z,NYSE:WM
11.20293995128335,0.982742907943134,-19.4639453203083,1.2292700371016048,233.107375,48.071582618057285,1.0711416584843372,226.46,1606881,1787661828,2026-08-25T12:43:48Z,NYSE:WM
11.20293995128335,0.982742907943134,-19.4639453203083,1.2292700371016048,233.107375,48.071582618057285,1.0711416584843372,226.46,1606881,1787662012,2026-08-25T12:46:52Z,NYSE:WM
11.20293995128335,0.982742907943134,-19.4639453203083,1.2292700371016048,233.107375,48.071582618057285,1.0711416584843372,226.46,1606881,1787662190,2026-08-25T12:49:50Z,NYSE:WM
11.20293995128335,0.982742907943134,-19.4639453203083,1.2292700371016048,233.107375,48.071582618057285,1.0711416584843372,226.46,1606881,1787662371,2026-08-25T12:52:51Z,NYSE:WM
11.20293995128335,0.982742907943134,-19.4639453203083,1.2292700371016048,233.107375,48.071582618057285,1.0711416584843372,226.46,1606881,1787662550,2026-08-25T12:55:50Z,NYSE:WM
11.20293995128335,0.982742907943134,-19.4639453203083,1.2292700371016048,233.107375,48.071582618057285,1.0711416584843372,226.46,1606881,1787662730,2026-08-25T12:58:50Z,NYSE:WM
11.20293995128335,0.982742907943134,-19.4639453203083,1.2292700371016048,233.107375,48.071582618057285,1.0711416584843372,226.46,1606881,1787662914,2026-08-25T13:01:54Z,NYSE:WM
11.20293995128335,0.982742907943134,-19.4639453203083,1.2292700371016048,233.107375,48.071582618057285,1.0711416584843372,226.46,1606881,1787663091,2026-08-25T13:04:51Z,NYSE:WM
11.20293995128335,0.982742907943134,-19.4639453203083,1.2292700371016048,233.107375,48.071582618057285,1.0711416584843372,226.46,1606881,1787663270,2026-08-25T13:07:50Z,NYSE:WM
11.20293995128335,0.982742907943134,-19.4639453203083,1.2292700371016048,233.107375,48.071582618057285,1.0711416584843372,226.46,1606881,1787663451,2026-08-25T13:10:51Z,NYSE:WM
11.20293995128335,0.982742907943134,-19.4639453203083,1.2292700371016048,233.107375,48.071582618057285,1.0711416584843372,226.46,1606881,1787663638,2026-08-25T13:13:58Z,NYSE:WM
11.20293995128335,0.982742907943134,-19.4639453203083,1.2292700371016048,233.107375,48.071582618057285,1.0711416584843372,226.46,1606881,1787663808,2026-08-25T13:16:48Z,NYSE:WM
11.20293995128335,0.982742907943134,-19.4639453203083,1.2292700371016048,233.107375,48.071582618057285,1.0711416584843372,226.46,1606881,1787663993,2026-08-25T13:19:53Z,NYSE:WM
11.20293995128335,0.982742907943134,-19.4639453203083,1.2292700371016048,233.107375,48.071582618057285,1.0711416584843372,226.46,1606881,1787664172,2026-08-25T13:22:52Z,NYSE:WM
11.20293995128335,0.982742907943134,-19.4639453203083,1.2292700371016048,233.107375,48.071582618057285,1.0711416584843372,226.46,1606881,1787664354,2026-08-25T13:25:54Z,NYSE:WM
11.20293995128335,0.982742907943134,-19.4639453203083,1.2292700371016048,233.107375,48.071582618057285,1.0711416584843372,226.46,1606881,1787664529,2026-08-25T13:28:49Z,NYSE:WM
11.20293995128335,0.982742907943134,-19.4639453203083,1.2292700371016048,233.107375,48.071582618057285,1.0711416584843372,226.46,1606881,1787664712,2026-08-25T13:31:52Z,NYSE:WM
11.20293995128335,0.982742907943134,-19.4639453203083,1.2292700371016048,233.107375,48.071582618057285,1.0711416584843372,226.46,1606881,1787664891,2026-08-25T13:34:51Z,NYSE:WM
11.20293995128335,0.982742907943134,-19.4639453203083,1.2292700371016048,233.107375,48.071582618057285,1.0711416584843372,226.46,1606881,1787665067,2026-08-25T13:37:47Z,NYSE:WM
11.20293995128335,0.982742907943134,-19.4639453203083,1.2292700371016048,233.107375,48.071582618057285,1.0711416584843372,226.46,1606881,1787665247,2026-08-25T13:40:47Z,NYSE:WM
11.20293995128335,0.982742907943134,-19.4639453203083,1.2292700371016048,233.107375,48.071582618057285,1.0711416584843372,226.46,1606881,1787665439,2026-08-25T13:43:59Z,NYSE:WM
10.669052481929633,-2.087077507477346,-77.2324209757778,-1.512486809708054,233.107375,43.2558541772218,-1.0862845535635468,224.0,31025,1787665614,2026-08-25T13:46:54Z,NYSE:WM
10.607461187946308,-2.4013632217630345,-74.8727723299615,-1.3366162504396728,233.107375,43.97212273044176,-0.7791221407754105,224.6956,46213,1787665792,2026-08-25T13:49:52Z,NYSE:WM
10.607461187946308,-2.5927917931915943,-66.92089563009155,-1.0420330636651445,233.107375,45.22653151217816,-0.6137949306720899,225.07,52823,1787665973,2026-08-25T13:52:53Z,NYSE:WM
10.607461187946308,-2.1713632217630447,-68.94543030973078,-1.2442842068237707,233.107375,44.35774289420737,-0.8169213106067271,224.61,66983,1787666152,2026-08-25T13:55:52Z,NYSE:WM
10.607461187946308,-2.2056489360487603,-67.51683572826236,-1.1915230390432676,233.107375,44.58114924486989,-0.7639318201890039,224.73,81393,1787666329,2026-08-25T13:58:49Z,NYSE:WM
10.607461187946308,-2.162791793191616,-69.30221291463286,-1.2574744987688995,233.107375,44.302240725161546,-0.8301686832111611,224.58,92657,1787666509,2026-08-25T14:01:49Z,NYSE:WM
10.607461187946308,-2.1085060789058616,-71.55844385834658,-1.341013014421391,233.107375,43.953927033972526,-0.9140687097059178,224.39,101905,1787666699,2026-08-25T14:04:59Z,NYSE:WM
10.607461187946308,-2.045648936048736,-74.16362368333256,-1.4377418220189986,233.107375,43.55739721352344,-1.011216108805096,224.17,110319,1787666873,2026-08-25T14:07:53Z,NYSE:WM
10.607461187946308,-2.232791793191609,-66.38420081505791,-1.1497537812170282,233.107375,44.75961495160468,-0.7219818069416317,224.825,120299,1787667054,2026-08-25T14:10:54Z,NYSE:WM
10.607461187946308,-2.22422036462018,-66.74203408281022,-1.1629440731621572,233.107375,44.70310319101559,-0.7352291795460657,224.795,124074,1787667234,2026-08-25T14:13:54Z,NYSE:WM
10.607461187946308,-2.201363221763017,-67.69553828339146,-1.1981181850158258,233.107375,44.55310046202082,-0.7705555064912145,224.715,130306,1787667411,2026-08-25T14:16:51Z,NYSE:WM
10.607461187946308,-2.3485060789058707,-61.53902969460881,-0.9716848399577944,233.107375,45.536750855191904,-0.5431422767817796,225.23,138415,1787667589,2026-08-25T14:19:49Z,NYSE:WM
10.607461187946308,-2.268506078905886,-64.89164583543335,-1.09479423144566,233.107375,44.99662670378057,-0.6667844210898257,224.95,146715,1787667774,2026-08-25T14:22:54Z,NYSE:WM
10.607461187946308,-2.311363221763031,-63.09720248790943,-1.0288427717200157,233.107375,45.28437526837804,-0.6005475580676559,225.1,165360,1787667954,2026-08-25T14:25:54Z,NYSE:WM
10.607461187946308,-2.322763221763012,-62.61925884466815,-1.0112996834329873,233.107375,45.3615371142221,-0.5829285525037519,225.1399,180884,1787668129,2026-08-25T14:28:49Z,NYSE:WM
10.607461187946308,-2.3742203646201574,-60.45866490861127,-0.932113964122408,233.107375,45.71312667494092,-0.5034001589684778,225.32,187767,1787668312,2026-08-25T14:31:52Z,NYSE:WM
10.607461187946308,-2.178506078905855,-49.70271453437913,-0.694688709110088,233.107375,46.41221955432727,-0.3488474785834233,225.67,205589,1787668495,2026-08-25T14:34:55Z,NYSE:WM
10.607461187946308,-1.932791793191626,-50.310487400823526,-0.7958142806894136,233.107375,46.33124289624155,-0.3665106420559977,225.63,237182,1787668675,2026-08-25T14:37:55Z,NYSE:WM
10.607461187946308,-2.038506078905897,-45.792605149831736,-0.6331340133661615,233.107375,47.09123543467259,-0.2031263799346498,226.0,269069,1787668854,2026-08-25T14:40:54Z,NYSE:WM
10.607461187946308,-2.027077507477344,-46.282736732665605,-0.6507210692929959,233.107375,47.00787417733449,-0.2207895434072242,225.96,288782,1787669031,2026-08-25T14:43:51Z,NYSE:WM
10.607461187946308,-1.9899346503344475,-47.87405900444824,-0.7078790010552168,233.107375,46.73897669690937,-0.2781948246931005,225.83,322537,1787669215,2026-08-25T14:46:55Z,NYSE:WM
10.607461187946308,-2.028506078905877,-44.566257584308346,-0.6023566654941983,233.107375,47.237831273906025,-0.1722158438576414,226.07,347059,1787669393,2026-08-25T14:49:53Z,NYSE:WM
10.607461187946308,-1.931363221763064,-43.21559206175368,-0.5979599015124804,233.107375,47.25884807680876,-0.1678000529894884,226.08,353922,1787669575,2026-08-25T14:52:55Z,NYSE:WM
10.607461187946308,-1.825463221763016,-43.02021344052617,-0.6287372493844561,233.107375,47.11212196587437,-0.1987105890665093,226.01,365467,1787669755,2026-08-25T14:55:55Z,NYSE:WM
10.607461187946308,-1.846891793191617,-42.09811814691738,-0.5957615195216276,233.107375,47.26936349283309,-0.1655921575554181,226.085,376916,1787669932,2026-08-25T14:58:52Z,NYSE:WM
10.607461187946308,-1.811177507477339,-43.63448716140278,-0.6507210692929959,233.107375,47.00787417733449,-0.2207895434072242,225.96,393514,1787670112,2026-08-25T15:01:52Z,NYSE:WM
10.607461187946308,-1.7811775074773095,-44.92327493776386,-0.6968870911009533,233.107375,46.79044857160567,-0.2671553475227493,225.855,401171,1787670287,2026-08-25T15:04:47Z,NYSE:WM
10.607461187946308,-1.8511775074773027,-41.91360040755535,-0.5891663735490694,233.107375,47.300937836682,-0.1589684712532074,226.1,411393,1787670471,2026-08-25T15:07:51Z,NYSE:WM
10.607461187946308,-1.8283203646201969,-42.89731489169059,-0.6243404854027381,233.107375,47.13302703304189,-0.1942947981983563,226.02,416449,1787670654,2026-08-25T15:10:54Z,NYSE:WM
10.607461187946308,-1.8654632217630365,-41.298303514047205,-0.5671825536405171,233.107375,47.40649097131271,-0.13688951691248,226.15,426867,1787670828,2026-08-25T15:13:48Z,NYSE:WM
10.607461187946308,-1.799748936048729,-44.12564346623799,-0.6683081252198427,233.107375,46.92480753191514,-0.2384527068798112,225.92,436227,1787671015,2026-08-25T15:16:55Z,NYSE:WM
10.607461187946308,-1.739748936048727,-46.70039025189114,-0.7606401688357324,233.107375,46.49347976620367,-0.3311843151108363,225.71,444960,1787671191,2026-08-25T15:19:51Z,NYSE:WM
10.607461187946308,-1.7111775074773163,-47.92420696302977,-0.8046078086528246,233.107375,46.29086043647072,-0.3753422237922786,225.61,459023,1787671379,2026-08-25T15:22:59Z,NYSE:WM
10.607461187946308,-1.6426060789058852,-50.846194755750496,-0.9101301442138556,233.107375,45.81170489110117,-0.4813212046277503,225.37,465859,1787671554,2026-08-25T15:25:54Z,NYSE:WM
10.607461187946308,-1.5926060789058738,-52.9688052973436,-0.9870735138937762,233.107375,45.46852726959658,-0.5585975448202839,225.195,475075,1787671734,2026-08-25T15:28:54Z,NYSE:WM
10.607461187946308,-1.5954632217630549,-52.84765130234236,-0.9826767499120582,233.107375,45.48799885385131,-0.5541817539521308,225.205,484832,1787671914,2026-08-25T15:31:54Z,NYSE:WM
10.607461187946308,-1.564034650334463,-54.17942675184928,-1.0310411537108684,233.107375,45.27472436940762,-0.6027554535017261,225.095,497982,1787672095,2026-08-25T15:34:55Z,NYSE:WM
10.607461187946308,-1.5483203646201673,-54.84455752698759,-1.0552233556102733,233.107375,45.168835340291686,-0.6270423032765238,225.04,509665,1787672271,2026-08-25T15:37:51Z,NYSE:WM
10.607461187946308,-1.572606078905892,-53.81641556793884,-1.0178508617657394,233.107375,45.33269154553456,-0.5895080808972922,225.125,519813,1787672460,2026-08-25T15:41:00Z,NYSE:WM
10.607461187946308,-1.5126060789058895,-56.35434539134785,-1.1101829053816417,233.107375,44.93001077410151,-0.6822396891283299,224.915,528457,1787672632,2026-08-25T15:43:52Z,NYSE:WM
10.607461187946308,-1.5054632217630228,-56.65599123994113,-1.1211748153359178,233.107375,44.88254860192633,-0.6932791662986936,224.89,539012,1787672810,2026-08-25T15:46:50Z,NYSE:WM
10.607461187946308,-1.4683203646201832,-58.2228778790557,-1.1783327470981388,233.107375,44.637352894236834,-0.7506844475845699,224.76,548273,1787672997,2026-08-25T15:49:57Z,NYSE:WM
10.607461187946308,-1.476891793191612,-57.86153733995627,-1.1651424551530098,233.107375,44.69369843485865,-0.737437074980136,224.79,555703,1787673177,2026-08-25T15:52:57Z,NYSE:WM
10.607461187946308,-1.3911775074773232,-61.46824666128564,-1.2970453746042865,233.107375,44.13656445974005,-0.869910801024463,224.49,563884,1787673358,2026-08-25T15:55:58Z,NYSE:WM
10.607461187946308,-1.3940346503344472,-61.348262325235766,-1.2926486106225807,233.107375,44.15491171550282,-0.8654950101563225,224.5,570079,1787673537,2026-08-25T15:58:57Z,NYSE:WM
10.607461187946308,-1.3626060789058556,-62.66718479213311,-1.341013014421391,233.107375,43.953927033972526,-0.9140687097059178,224.39,585101,1787673711,2026-08-25T16:01:51Z,NYSE:WM
10.607461187946308,-1.2826060789058715,-66.01547889539133,-1.464122405909244,233.107375,43.450491373051456,-1.0377108540139517,224.11,611829,1787673896,2026-08-25T16:04:56Z,NYSE:WM
10.607461187946308,-1.2826060789058715,-66.01547889539133,-1.464122405909244,233.107375,43.450491373051456,-1.0377108540139517,224.11,638831,1787674071,2026-08-25T16:07:51Z,NYSE:WM
10.607461187946308,-1.2883203646201764,-65.77674076324959,-1.4553288779458329,233.107375,43.486068297428325,-1.0288792722776705,224.13,650137,1787674258,2026-08-25T16:10:58Z,NYSE:WM
10.607461187946308,-1.2726060789058806,-66.43311336355174,-1.479511079845238,233.107375,43.3883716290906,-1.0531661220524682,224.075,655288,1787674435,2026-08-25T16:13:55Z,NYSE:WM
10.607461187946308,-1.248320364620156,-67.44653600834877,-1.5168835736897597,233.107375,43.23824631898598,-1.0907003444316872,223.99,669277,1787674612,2026-08-25T16:16:52Z,NYSE:WM
10.607461187946308,-1.2583203646201468,-67.02938707755735,-1.5014948997537778,233.107375,43.29993662798437,-1.075245076393183,224.025,677685,1787674787,2026-08-25T16:19:47Z,NYSE:WM
10.569483939795017,-1.283320364620181,-72.67370702254524,-1.6553816391136065,233.107375,42.69084362381247,-1.2297977567782374,223.675,706329,1787674971,2026-08-25T16:22:51Z,NYSE:WM
10.569483939795017,-1.3104632217630297,-71.54777023949742,-1.613612381287367,233.107375,42.8544680059912,-1.1878477435308654,223.77,713657,1787675151,2026-08-25T16:25:51Z,NYSE:WM
10.561181570081793,-1.302963221763008,-73.32489861719543,-1.667472740063309,233.107375,42.643711609838974,-1.2419411816656365,223.6475,720355,1787675333,2026-08-25T16:28:53Z,NYSE:WM
10.493214975186762,-1.4711775074773357,-78.45807956573782,-1.758705592683785,233.107375,42.291406617032806,-1.3335688421796388,223.44,731617,1787675512,2026-08-25T16:31:52Z,NYSE:WM
10.411281192138077,-1.6654632217630478,-85.25529022926588,-1.8906085121350733,233.107375,41.79222061125456,-1.4660425682239784,223.14,740007,1787675689,2026-08-25T16:34:49Z,NYSE:WM
10.411281192138077,-1.726891793191612,-82.74186983049667,-1.7960780865283186,233.107375,42.1487639442103,-1.3711030645588704,223.355,747443,1787675875,2026-08-25T16:37:55Z,NYSE:WM
10.411281192138077,-1.724034650334488,-82.85893557474132,-1.800474850510024,233.107375,42.13204568868903,-1.3755188554270108,223.345,750167,1787676052,2026-08-25T16:40:52Z,NYSE:WM
10.411281192138077,-1.7083203646201923,-83.50251354844762,-1.8246570524094288,233.107375,42.04033183536833,-1.3998057052018085,223.29,755382,1787676238,2026-08-25T16:43:58Z,NYSE:WM
10.411281192138077,-1.7140346503344972,-83.26854071135179,-1.8158635244460053,233.107375,42.073636092160825,-1.390974123465515,223.31,760055,1787676420,2026-08-25T16:47:00Z,NYSE:WM
10.411281192138077,-1.72546322176305,-82.80040468678027,-1.7982764685191714,233.107375,42.14040315830193,-1.3733109599929407,223.35,768762,1787676595,2026-08-25T16:49:55Z,NYSE:WM
10.411281192138077,-1.726891793191612,-82.74186983049667,-1.7960780865283186,233.107375,42.1487639442103,-1.3711030645588704,223.355,773408,1787676771,2026-08-25T16:52:51Z,NYSE:WM
10.411281192138077,-1.736891793191603,-82.3320146895942,-1.7806894125923372,233.107375,42.20738246787961,-1.3556477965203662,223.39,777739,1787676953,2026-08-25T16:55:53Z,NYSE:WM
10.402847378923164,-1.7097489360487543,-85.02179238241752,-1.8686246922265213,233.107375,41.874598313755314,-1.443963613883251,223.19,793918,1787677136,2026-08-25T16:58:56Z,NYSE:WM
10.402847378923164,-1.746891793191594,-83.50251354844762,-1.8114667604643,233.107375,42.09030801606632,-1.3865583325973747,223.32,820583,1787677315,2026-08-25T17:01:55Z,NYSE:WM
10.402847378923164,-1.7326060789058602,-84.08716825375264,-1.83345058037284,233.107375,42.007080262219525,-1.4086372869380894,223.27,829014,1787677499,2026-08-25T17:04:59Z,NYSE:WM
10.402847378923164,-1.7070346503344354,-85.13271174438275,-1.8728016180091465,233.107375,41.8589215698505,-1.4481586152079895,223.1805,841219,1787677674,2026-08-25T17:07:54Z,NYSE:WM
10.42586139762048,-1.7440346503344415,-87.81959948580023,-1.938972915933871,233.107375,41.61212563299847,-1.5146162677735613,223.03,845348,1787677852,2026-08-25T17:10:52Z,NYSE:WM
10.42586139762048,-1.7954632217630149,-85.72209628044064,-1.8598311642630976,233.107375,41.90764039749895,-1.4351320321469574,223.21,854562,1787678037,2026-08-25T17:13:57Z,NYSE:WM
10.42586139762048,-1.7826060789059,-86.24695105997877,-1.8796166021807967,233.107375,41.83336890828072,-1.4550030910536147,223.165,862118,1787678217,2026-08-25T17:16:57Z,NYSE:WM
10.42586139762048,-1.7826060789059,-86.24695105997877,-1.8796166021807967,233.107375,41.83336890828072,-1.4550030910536147,223.165,874447,1787678395,2026-08-25T17:19:55Z,NYSE:WM
10.42586139762048,-1.8426060789059024,-83.79489041946752,-1.787284558564895,233.107375,42.18224029030775,-1.362271482822577,223.375,898675,1787678568,2026-08-25T17:22:48Z,NYSE:WM
10.42586139762048,-1.8297489360487305,-84.32091924854254,-1.8070699964825825,233.107375,42.106993157903865,-1.3821425417292217,223.33,904719,1787678758,2026-08-25T17:25:58Z,NYSE:WM
10.42586139762048,-1.858320364620198,-83.15153050384517,-1.7631023566654902,233.107375,42.27457503454465,-1.3379846330477794,223.43,907569,1787678937,2026-08-25T17:28:57Z,NYSE:WM
10.42586139762048,-1.775463221763033,-86.53839896867612,-1.8906085121350733,233.107375,41.79222061125456,-1.4660425682239784,223.14,915914,1787679117,2026-08-25T17:31:57Z,NYSE:WM
10.442111529006072,-1.7894060789058983,-88.94548083757572,-1.9565599718607056,233.107375,41.54702078207893,-1.5322794312461356,222.99,930656,1787679297,2026-08-25T17:34:57Z,NYSE:WM
10.474277123383672,-1.8654632217630365,-91.7676549966602,-2.0137179036229265,233.107375,41.33682985004195,-1.5896847125320115,222.86,937614,1787679473,2026-08-25T17:37:53Z,NYSE:WM
10.509458920389058,-1.9990346503344647,-92.8675538204914,-2.00052761167781,233.107375,41.38514646360738,-1.5764373399275906,222.89,948184,1787679655,2026-08-25T17:40:55Z,NYSE:WM
10.509458920389058,-2.034748936048743,-91.42002564303856,-1.945568061906442,233.107375,41.58768741692662,-1.5212399540757844,223.015,952341,1787679830,2026-08-25T17:43:50Z,NYSE:WM
10.509458920389058,-2.0047489360487134,-92.63611324362309,-1.9917340837143864,233.107375,41.41742033819041,-1.567605758191297,222.91,957636,1787680013,2026-08-25T17:46:53Z,NYSE:WM
10.509458920389058,-2.027606078905876,-91.7097265404063,-1.9565599718607056,233.107375,41.54702078207893,-1.5322794312461356,222.99,966030,1787680196,2026-08-25T17:49:56Z,NYSE:WM
10.509458920389058,-2.099034650334432,-88.80831378579828,-1.846640872317969,233.107375,41.957301411193846,-1.4218846595425236,223.24,978195,1787680375,2026-08-25T17:52:55Z,NYSE:WM
10.509458920389058,-2.094748936048745,-88.98267491284587,-1.85323601829054,233.107375,41.93245620084674,-1.4285083458447467,223.225,984744,1787680556,2026-08-25T17:55:56Z,NYSE:WM
10.509458920389058,-2.110463221763041,-88.3431779612067,-1.8290538163911347,233.107375,42.02369947115466,-1.404221496069949,223.28,988123,1787680729,2026-08-25T17:58:49Z,NYSE:WM
10.509458920389058,-2.0976060789058693,-88.86643808799515,-1.8488392543088217,233.107375,41.94901640374115,-1.4240925549765937,223.235,1015538,1787680916,2026-08-25T18:01:56Z,NYSE:WM
10.509458920389058,-2.070463221763021,-89.97005422029498,-1.8906085121350733,233.107375,41.79222061125456,-1.4660425682239784,223.14,1019245,1787681094,2026-08-25T18:04:54Z,NYSE:WM
10.509458920389058,-2.1218632217630216,-87.87895438410767,-1.811510728104119,233.107375,42.090141231424674,-1.3866024905060577,223.3199,1024673,1787681277,2026-08-25T18:07:57Z,NYSE:WM
10.509458920389058,-2.127606078905899,-87.64500253297231,-1.802673232500877,233.107375,42.12369153339889,-1.377726750861081,223.34,1049668,1787681457,2026-08-25T18:10:57Z,NYSE:WM
10.509458920389058,-2.127606078905899,-87.64500253297231,-1.802673232500877,233.107375,42.12369153339889,-1.377726750861081,223.34,1051765,1787681634,2026-08-25T18:13:54Z,NYSE:WM
10.509458920389058,-2.106891793191608,-88.48855991713499,-1.8345497713682664,233.107375,42.00292751366917,-1.4097412346551246,223.2675,1060313,1787681812,2026-08-25T18:16:52Z,NYSE:WM
10.509458920389058,-2.127606078905899,-87.64500253297231,-1.802673232500877,233.107375,42.12369153339889,-1.377726750861081,223.34,1069527,1787681994,2026-08-25T18:19:54Z,NYSE:WM
10.509458920389058,-2.1618917931916144,-86.24695105997775,-1.7499120647203614,233.107375,42.32511002292583,-1.3247372604433454,223.46,1090964,1787682176,2026-08-25T18:22:56Z,NYSE:WM
10.509458920389058,-2.1940346503344585,-84.93421438499637,-1.7004484699261373,233.107375,42.51569711855136,-1.2750596131767271,223.5725,1110017,1787682356,2026-08-25T18:25:56Z,NYSE:WM
10.509458920389058,-2.1861775074772822,-85.25529022926588,-1.71253957087584,233.107375,42.46895083385581,-1.2872030380641264,223.545,1112734,1787682541,2026-08-25T18:29:01Z,NYSE:WM
10.509458920389058,-2.123320364620156,-87.81959948579818,-1.809268378473448,233.107375,42.0986489337613,-1.3843504371633044,223.325,1121891,1787682713,2026-08-25T18:31:53Z,NYSE:WM
10.509458920389058,-2.136177507477328,-87.29570237116029,-1.789482940555748,233.107375,42.17386621945897,-1.3644793782566471,223.37,1129197,1787682900,2026-08-25T18:35:00Z,NYSE:WM
10.509458920389058,-2.131891793191585,-87.47037016501827,-1.7960780865283186,233.107375,42.1487639442103,-1.3711030645588704,223.355,1133179,1787683074,2026-08-25T18:37:54Z,NYSE:WM
10.509458920389058,-2.11903465033447,-87.99416103426938,-1.8158635244460053,233.107375,42.073636092160825,-1.390974123465515,223.31,1146301,1787683250,2026-08-25T18:40:50Z,NYSE:WM
10.509458920389058,-2.059034650334468,-90.4343112774496,-1.908195568061908,233.107375,41.726551445130085,-1.4837057316965527,223.1,1154360,1787683436,2026-08-25T18:43:56Z,NYSE:WM
10.509458920389058,-2.099034650334432,-88.80831378579828,-1.846640872317969,233.107375,41.957301411193846,-1.4218846595425236,223.24,1162440,1787683611,2026-08-25T18:46:51Z,NYSE:WM
10.509458920389058,-2.0933203646201832,-89.04078743629742,-1.8554344002813925,233.107375,41.92418100153238,-1.430716241278817,223.22,1169722,1787683796,2026-08-25T18:49:56Z,NYSE:WM
10.509458920389058,-2.0961775074773072,-88.9245584635446,-1.851037636299687,233.107375,41.94073466760445,-1.4263004504106769,223.23,1174486,1787683973,2026-08-25T18:52:53Z,NYSE:WM
10.509458920389058,-2.091891793191621,-89.09889603429573,-1.8576327822722447,233.107375,41.915909067727306,-1.432924136712887,223.215,1182078,1787684152,2026-08-25T18:55:52Z,NYSE:WM
10.509458920389058,-2.106177507477298,-88.51763336119723,-1.835648962363705,233.107375,41.99877558610494,-1.4108451823721724,223.265,1200185,1787684334,2026-08-25T18:58:54Z,NYSE:WM
10.509458920389058,-2.0547489360487248,-90.60834305026393,-1.9147907140344664,233.107375,41.70197868261197,-1.4903294179987636,223.085,1208804,1787684514,2026-08-25T19:01:54Z,NYSE:WM
10.509458920389058,-2.056177507477287,-90.55033637458725,-1.912592332043613,233.107375,41.71016638706492,-1.488121522564693,223.09,1235432,1787684692,2026-08-25T19:04:52Z,NYSE:WM
10.509458920389058,-2.1676060789058624,-86.01372173249501,-1.7411185367569504,233.107375,42.358867190357294,-1.3159056787070644,223.48,1257731,1787684874,2026-08-25T19:07:54Z,NYSE:WM
10.509458920389058,-2.1576060789058715,-86.42183163581524,-1.756507210692932,233.107375,42.29982743538677,-1.3313609467455685,223.445,1266489,1787685052,2026-08-25T19:10:52Z,NYSE:WM
10.509458920389058,-2.127606078905899,-87.64500253297231,-1.802673232500877,233.107375,42.12369153339889,-1.377726750861081,223.34,1284244,1787685230,2026-08-25T19:13:50Z,NYSE:WM
10.509458920389058,-2.130463221763023,-87.5285848900152,-1.7982764685191714,233.107375,42.14040315830193,-1.3733109599929407,223.35,1303278,1787685413,2026-08-25T19:16:53Z,NYSE:WM
10.509458920389058,-2.1504632217630046,-86.71322039942223,-1.7674991206472082,233.107375,42.25775684434982,-1.3424004239159324,223.42,1315018,1787685596,2026-08-25T19:19:56Z,NYSE:WM
10.509458920389058,-2.0533203646201628,-90.66634581120782,-1.9169890960253189,233.107375,41.69379419202044,-1.4925373134328337,223.08,1322227,1787685772,2026-08-25T19:22:52Z,NYSE:WM
10.509458920389058,-2.0690346503344585,-90.02810006510644,-1.8928068941259264,233.107375,41.78400066380533,-1.468250463658049,223.135,1349979,1787685955,2026-08-25T19:25:55Z,NYSE:WM
10.509458920389058,-2.113320364620165,-88.22685471073018,-1.8246570524094288,233.107375,42.04033183536833,-1.3998057052018085,223.29,1370289,1787686131,2026-08-25T19:28:51Z,NYSE:WM
10.509458920389058,-2.0661775074773345,-90.14417999903192,-1.897203658107632,233.107375,41.76757046558719,-1.472666254526189,223.125,1389952,1787686314,2026-08-25T19:31:54Z,NYSE:WM
10.509458920389058,-2.0933203646201832,-89.04078743629742,-1.8554344002813925,233.107375,41.92418100153238,-1.430716241278817,223.22,1397296,1787686493,2026-08-25T19:34:53Z,NYSE:WM
10.509458920389058,-2.1447489360487566,-86.9462604626007,-1.7762926486106192,233.107375,42.22416057695656,-1.3512320056522131,223.4,1422024,1787686675,2026-08-25T19:37:55Z,NYSE:WM
10.509458920389058,-2.180463221763034,-85.48872485338185,-1.7213330988392508,233.107375,42.43501805019281,-1.2960346198004074,223.525,1439665,1787686851,2026-08-25T19:40:51Z,NYSE:WM
10.509458920389058,-2.1747489360487293,-85.72209628044064,-1.7301266268026745,233.107375,42.40113944797389,-1.3048662015367007,223.505,1454579,1787687032,2026-08-25T19:43:52Z,NYSE:WM
10.509458920389058,-2.099034650334432,-88.80831378579828,-1.846640872317969,233.107375,41.957301411193846,-1.4218846595425236,223.24,1489843,1787687216,2026-08-25T19:46:56Z,NYSE:WM
10.509458920389058,-2.064748936048716,-90.20221408893826,-1.8994020400984848,233.107375,41.75936021100615,-1.4748741499602591,223.12,1506540,1787687392,2026-08-25T19:49:52Z,NYSE:WM
10.509458920389058,-2.0504632217630387,-90.78233959048475,-1.9213858600070368,233.107375,41.67743484485545,-1.4969531043009867,223.07,1548679,1787687572,2026-08-25T19:52:52Z,NYSE:WM
10.509458920389058,-2.106177507477298,-88.51763336119723,-1.835648962363705,233.107375,41.99877558610494,-1.4108451823721724,223.265,1583986,1787687752,2026-08-25T19:55:52Z,NYSE:WM
10.509458920389058,-2.091891793191621,-89.09889603429573,-1.8576327822722447,233.107375,41.915909067727306,-1.432924136712887,223.215,1631975,1787687933,2026-08-25T19:58:53Z,NYSE:WM
10.509458920389058,-2.0504632217630387,-90.78233959048475,-1.9213858600070368,233.107375,41.67743484485545,-1.4969531043009867,223.07,1649861,1787688115,2026-08-25T20:01:55Z,NYSE:WM
10.509458920389058,-2.020463221763009,-91.99932975745662,-1.9675518818149813,233.107375,41.50643360149872,-1.543318908416499,222.965,1675123,1787688294,2026-08-25T20:04:54Z,NYSE:WM
10.510858912073283,-1.9668917931915928,-94.42814711374196,-2.057685543440031,233.107375,41.17658610971365,-1.633842621213467,222.76,1701230,1787688478,2026-08-25T20:07:58Z,NYSE:WM
10.527615460591656,-2.041177507477329,-94.54363374985007,-2.0357017235314787,233.107375,41.25655238059727,-1.6117636668727393,222.81,1737139,1787688655,2026-08-25T20:10:55Z,NYSE:WM
10.656163873532805,-2.33974893604875,-106.81148327831885,-2.299507562434044,233.107375,40.3169895051163,-1.876711118961406,222.21,1853062,1787688833,2026-08-25T20:13:53Z,NYSE:WM
10.706803409880528,-2.5068917931916417,-109.87942698119126,-2.334681674287725,233.107375,40.19493803488695,-1.912037445906568,222.13,2247129,1787689013,2026-08-25T20:16:53Z,NYSE:WM
10.706803409880528,-2.5068917931916417,-109.87942698119126,-2.334681674287725,233.107375,40.19493803488695,-1.912037445906568,222.13,2248712,1787689194,2026-08-25T20:19:54Z,NYSE:WM
10.706803409880528,-2.5068917931916417,-109.87942698119126,-2.334681674287725,233.107375,40.19493803488695,-1.912037445906568,222.13,2258376,1787689376,2026-08-25T20:22:56Z,NYSE:WM
10.706803409880528,-2.5068917931916417,-109.87942698119126,-2.334681674287725,233.107375,40.19493803488695,-1.912037445906568,222.13,2261384,1787689554,2026-08-25T20:25:54Z,NYSE:WM
10.706803409880528,-2.5068917931916417,-109.87942698119126,-2.334681674287725,233.107375,40.19493803488695,-1.912037445906568,222.13,2276111,1787689732,2026-08-25T20:28:52Z,NYSE:WM
10.706803409880528,-2.5068917931916417,-109.87942698119126,-2.334681674287725,233.107375,40.19493803488695,-1.912037445906568,222.13,2276135,1787689912,2026-08-25T20:31:52Z,NYSE:WM
10.706803409880528,-2.5068917931916417,-109.87942698119126,-2.334681674287725,233.107375,40.19493803488695,-1.912037445906568,222.13,2276186,1787690088,2026-08-25T20:34:48Z,NYSE:WM
10.706803409880528,-2.5068917931916417,-109.87942698119126,-2.334681674287725,233.107375,40.19493803488695,-1.912037445906568,222.13,2276256,1787690273,2026-08-25T20:37:53Z,NYSE:WM
10.706803409880528,-2.5068917931916417,-109.87942698119126,-2.334681674287725,233.107375,40.19493803488695,-1.912037445906568,222.13,2276267,1787690450,2026-08-25T20:40:50Z,NYSE:WM
10.706803409880528,-2.5068917931916417,-109.87942698119126,-2.334681674287725,233.107375,40.19493803488695,-1.912037445906568,222.13,2276269,1787690631,2026-08-25T20:43:51Z,NYSE:WM
10.706803409880528,-2.5068917931916417,-109.87942698119126,-2.334681674287725,233.107375,40.19493803488695,-1.912037445906568,222.13,2276424,1787690816,2026-08-25T20:46:56Z,NYSE:WM
10.706803409880528,-2.5068917931916417,-109.87942698119126,-2.334681674287725,233.107375,40.19493803488695,-1.912037445906568,222.13,2276435,1787690997,2026-08-25T20:49:57Z,NYSE:WM
10.706803409880528,-2.5068917931916417,-109.87942698119126,-2.334681674287725,233.107375,40.19493803488695,-1.912037445906568,222.13,2276438,1787691176,2026-08-25T20:52:56Z,NYSE:WM
10.706803409880528,-2.5068917931916417,-109.87942698119126,-2.334681674287725,233.107375,40.19493803488695,-1.912037445906568,222.13,2276439,1787691358,2026-08-25T20:55:58Z,NYSE:WM
10.706803409880528,-2.5068917931916417,-109.87942698119126,-2.334681674287725,233.107375,40.19493803488695,-1.912037445906568,222.13,2276699,1787691532,2026-08-25T20:58:52Z,NYSE:WM
10.706803409880528,-2.5068917931916417,-109.87942698119126,-2.334681674287725,233.107375,40.19493803488695,-1.912037445906568,222.13,2276926,1787691715,2026-08-25T21:01:55Z,NYSE:WM
10.706803409880528,-2.5068917931916417,-109.87942698119126,-2.334681674287725,233.107375,40.19493803488695,-1.912037445906568,222.13,2276941,1787691895,2026-08-25T21:04:55Z,NYSE:WM
10.706803409880528,-2.5068917931916417,-109.87942698119126,-2.334681674287725,233.107375,40.19493803488695,-1.912037445906568,222.13,2277047,1787692074,2026-08-25T21:07:54Z,NYSE:WM
10.706803409880528,-2.5068917931916417,-109.87942698119126,-2.334681674287725,233.107375,40.19493803488695,-1.912037445906568,222.13,2277154,1787692254,2026-08-25T21:10:54Z,NYSE:WM
10.706803409880528,-2.5068917931916417,-109.87942698119126,-2.334681674287725,233.107375,40.19493803488695,-1.912037445906568,222.13,2277154,1787692435,2026-08-25T21:13:55Z,NYSE:WM
10.706803409880528,-2.5068917931916417,-109.87942698119126,-2.334681674287725,233.107375,40.19493803488695,-1.912037445906568,222.13,2277324,1787692615,2026-08-25T21:16:55Z,NYSE:WM
10.706803409880528,-2.5068917931916417,-109.87942698119126,-2.334681674287725,233.107375,40.19493803488695,-1.912037445906568,222.13,2277440,1787692794,2026-08-25T21:19:54Z,NYSE:WM
10.706803409880528,-2.5068917931916417,-109.87942698119126,-2.334681674287725,233.107375,40.19493803488695,-1.912037445906568,222.13,2277440,1787692971,2026-08-25T21:22:51Z,NYSE:WM
10.706803409880528,-2.5068917931916417,-109.87942698119126,-2.334681674287725,233.107375,40.19493803488695,-1.912037445906568,222.13,2277440,1787693152,2026-08-25T21:25:52Z,NYSE:WM
10.706803409880528,-2.5068917931916417,-109.87942698119126,-2.334681674287725,233.107375,40.19493803488695,-1.912037445906568,222.13,2277540,1787693336,2026-08-25T21:28:56Z,NYSE:WM
10.706803409880528,-2.5068917931916417,-109.87942698119126,-2.334681674287725,233.107375,40.19493803488695,-1.912037445906568,222.13,2277586,1787693509,2026-08-25T21:31:49Z,NYSE:WM
10.706803409880528,-2.5068917931916417,-109.87942698119126,-2.334681674287725,233.107375,40.19493803488695,-1.912037445906568,222.13,2277622,1787693694,2026-08-25T21:34:54Z,NYSE:WM
10.706803409880528,-2.5068917931916417,-109.87942698119126,-2.334681674287725,233.107375,40.19493803488695,-1.912037445906568,222.13,2277622,1787693873,2026-08-25T21:37:53Z,NYSE:WM
10.706803409880528,-2.5068917931916417,-109.87942698119126,-2.334681674287725,233.107375,40.19493803488695,-1.912037445906568,222.13,2277628,1787694056,2026-08-25T21:40:56Z,NYSE:WM
10.706803409880528,-2.5068917931916417,-109.87942698119126,-2.334681674287725,233.107375,40.19493803488695,-1.912037445906568,222.13,2277629,1787694236,2026-08-25T21:43:56Z,NYSE:WM
10.706803409880528,-2.5068917931916417,-109.87942698119126,-2.334681674287725,233.107375,40.19493803488695,-1.912037445906568,222.13,2277635,1787694411,2026-08-25T21:46:51Z,NYSE:WM
10.706803409880528,-2.5068917931916417,-109.87942698119126,-2.334681674287725,233.107375,40.19493803488695,-1.912037445906568,222.13,2277635,1787694590,2026-08-25T21:49:50Z,NYSE:WM
10.706803409880528,-2.5068917931916417,-109.87942698119126,-2.334681674287725,233.107375,40.19493803488695,-1.912037445906568,222.13,2277637,1787694778,2026-08-25T21:52:58Z,NYSE:WM
10.706803409880528,-2.5068917931916417,-109.87942698119126,-2.334681674287725,233.107375,40.19493803488695,-1.912037445906568,222.13,2277670,1787694948,2026-08-25T21:55:48Z,NYSE:WM
10.706803409880528,-2.5068917931916417,-109.87942698119126,-2.334681674287725,233.107375,40.19493803488695,-1.912037445906568,222.13,2277670,1787695129,2026-08-25T21:58:49Z,NYSE:WM
10.706803409880528,-2.5068917931916417,-109.87942698119126,-2.334681674287725,233.107375,40.19493803488695,-1.912037445906568,222.13,2277670,1787695308,2026-08-25T22:01:48Z,NYSE:WM
10.706803409880528,-2.5068917931916417,-109.87942698119126,-2.334681674287725,233.107375,40.19493803488695,-1.912037445906568,222.13,2277689,1787695489,2026-08-25T22:04:49Z,NYSE:WM
10.706803409880528,-2.5068917931916417,-109.87942698119126,-2.334681674287725,233.107375,40.19493803488695,-1.912037445906568,222.13,2277732,1787695672,2026-08-25T22:07:52Z,NYSE:WM
10.706803409880528,-2.5068917931916417,-109.87942698119126,-2.334681674287725,233.107375,40.19493803488695,-1.912037445906568,222.13,2277734,1787695849,2026-08-25T22:10:49Z,NYSE:WM
10.706803409880528,-2.5068917931916417,-109.87942698119126,-2.334681674287725,233.107375,40.19493803488695,-1.912037445906568,222.13,2277793,1787696029,2026-08-25T22:13:49Z,NYSE:WM
10.706803409880528,-2.5068917931916417,-109.87942698119126,-2.334681674287725,233.107375,40.19493803488695,-1.912037445906568,222.13,2277808,1787696209,2026-08-25T22:16:49Z,NYSE:WM
10.706803409880528,-2.5068917931916417,-109.87942698119126,-2.334681674287725,233.107375,40.19493803488695,-1.912037445906568,222.13,2277858,1787696389,2026-08-25T22:19:49Z,NYSE:WM
10.706803409880528,-2.5068917931916417,-109.87942698119126,-2.334681674287725,233.107375,40.19493803488695,-1.912037445906568,222.13,2277908,1787696569,2026-08-25T22:22:49Z,NYSE:WM
10.706803409880528,-2.5068917931916417,-109.87942698119126,-2.334681674287725,233.107375,40.19493803488695,-1.912037445906568,222.13,2277908,1787696749,2026-08-25T22:25:49Z,NYSE:WM
10.706803409880528,-2.5068917931916417,-109.87942698119126,-2.334681674287725,233.107375,40.19493803488695,-1.912037445906568,222.13,2277966,1787696924,2026-08-25T22:28:44Z,NYSE:WM
10.706803409880528,-2.5068917931916417,-109.87942698119126,-2.334681674287725,233.107375,40.19493803488695,-1.912037445906568,222.13,2278262,1787697108,2026-08-25T22:31:48Z,NYSE:WM
10.706803409880528,-2.5068917931916417,-109.87942698119126,-2.334681674287725,233.107375,40.19493803488695,-1.912037445906568,222.13,2278273,1787697293,2026-08-25T22:34:53Z,NYSE:WM
10.706803409880528,-2.5068917931916417,-109.87942698119126,-2.334681674287725,233.107375,40.19493803488695,-1.912037445906568,222.13,2278288,1787697470,2026-08-25T22:37:50Z,NYSE:WM
10.706803409880528,-2.5068917931916417,-109.87942698119126,-2.334681674287725,233.107375,40.19493803488695,-1.912037445906568,222.13,2278290,1787697647,2026-08-25T22:40:47Z,NYSE:WM
10.706803409880528,-2.5068917931916417,-109.87942698119126,-2.334681674287725,233.107375,40.19493803488695,-1.912037445906568,222.13,2278303,1787697832,2026-08-25T22:43:52Z,NYSE:WM
10.706803409880528,-2.5068917931916417,-109.87942698119126,-2.334681674287725,233.107375,40.19493803488695,-1.912037445906568,222.13,2278313,1787698011,2026-08-25T22:46:51Z,NYSE:WM
10.706803409880528,-2.5068917931916417,-109.87942698119126,-2.334681674287725,233.107375,40.19493803488695,-1.912037445906568,222.13,2278327,1787698187,2026-08-25T22:49:47Z,NYSE:WM
10.706803409880528,-2.5068917931916417,-109.87942698119126,-2.334681674287725,233.107375,40.19493803488695,-1.912037445906568,222.13,2278446,1787698371,2026-08-25T22:52:51Z,NYSE:WM
10.706803409880528,-2.5068917931916417,-109.87942698119126,-2.334681674287725,233.107375,40.19493803488695,-1.912037445906568,222.13,2278462,1787698547,2026-08-25T22:55:47Z,NYSE:WM
10.706803409880528,-2.5068917931916417,-109.87942698119126,-2.334681674287725,233.107375,40.19493803488695,-1.912037445906568,222.13,2278462,1787698727,2026-08-25T22:58:47Z,NYSE:WM
10.706803409880528,-2.5068917931916417,-109.87942698119126,-2.334681674287725,233.107375,40.19493803488695,-1.912037445906568,222.13,2278467,1787698910,2026-08-25T23:01:50Z,NYSE:WM
10.706803409880528,-2.5068917931916417,-109.87942698119126,-2.334681674287725,233.107375,40.19493803488695,-1.912037445906568,222.13,2278529,1787699091,2026-08-25T23:04:51Z,NYSE:WM
10.706803409880528,-2.5068917931916417,-109.87942698119126,-2.334681674287725,233.107375,40.19493803488695,-1.912037445906568,222.13,2278530,1787699271,2026-08-25T23:07:51Z,NYSE:WM
10.706803409880528,-2.5068917931916417,-109.87942698119126,-2.334681674287725,233.107375,40.19493803488695,-1.912037445906568,222.13,2278531,1787699445,2026-08-25T23:10:45Z,NYSE:WM
10.706803409880528,-2.5068917931916417,-109.87942698119126,-2.334681674287725,233.107375,40.19493803488695,-1.912037445906568,222.13,2278532,1787699628,2026-08-25T23:13:48Z,NYSE:WM
10.706803409880528,-2.5068917931916417,-109.87942698119126,-2.334681674287725,233.107375,40.19493803488695,-1.912037445906568,222.13,2278532,1787699810,2026-08-25T23:16:50Z,NYSE:WM
10.706803409880528,-2.5068917931916417,-109.87942698119126,-2.334681674287725,233.107375,40.19493803488695,-1.912037445906568,222.13,2278537,1787699987,2026-08-25T23:19:47Z,NYSE:WM
10.706803409880528,-2.5068917931916417,-109.87942698119126,-2.334681674287725,233.107375,40.19493803488695,-1.912037445906568,222.13,2278543,1787700171,2026-08-25T23:22:51Z,NYSE:WM
10.706803409880528,-2.5068917931916417,-109.87942698119126,-2.334681674287725,233.107375,40.19493803488695,-1.912037445906568,222.13,2278556,1787700350,2026-08-25T23:25:50Z,NYSE:WM
10.706803409880528,-2.5068917931916417,-109.87942698119126,-2.334681674287725,233.107375,40.19493803488695,-1.912037445906568,222.13,2278582,1787700532,2026-08-25T23:28:52Z,NYSE:WM
10.706803409880528,-2.5068917931916417,-109.87942698119126,-2.334681674287725,233.107375,40.19493803488695,-1.912037445906568,222.13,2278582,1787700708,2026-08-25T23:31:48Z,NYSE:WM
10.706803409880528,-2.5068917931916417,-109.87942698119126,-2.334681674287725,233.107375,40.19493803488695,-1.912037445906568,222.13,2278582,1787700887,2026-08-25T23:34:47Z,NYSE:WM
10.706803409880528,-2.5068917931916417,-109.87942698119126,-2.334681674287725,233.107375,40.19493803488695,-1.912037445906568,222.13,2278582,1787701073,2026-08-25T23:37:53Z,NYSE:WM
10.706803409880528,-2.5068917931916417,-109.87942698119126,-2.334681674287725,233.107375,40.19493803488695,-1.912037445906568,222.13,2279582,1787701252,2026-08-25T23:40:52Z,NYSE:WM
10.706803409880528,-2.5068917931916417,-109.87942698119126,-2.334681674287725,233.107375,40.19493803488695,-1.912037445906568,222.13,2279592,1787701428,2026-08-25T23:43:48Z,NYSE:WM
10.706803409880528,-2.5068917931916417,-109.87942698119126,-2.334681674287725,233.107375,40.19493803488695,-1.912037445906568,222.13,2279593,1787701608,2026-08-25T23:46:48Z,NYSE:WM
10.706803409880528,-2.5068917931916417,-109.87942698119126,-2.334681674287725,233.107375,40.19493803488695,-1.912037445906568,222.13,2279594,1787701789,2026-08-25T23:49:49Z,NYSE:WM
10.706803409880528,-2.5068917931916417,-109.87942698119126,-2.334681674287725,233.107375,40.19493803488695,-1.912037445906568,222.13,2279600,1787701968,2026-08-25T23:52:48Z,NYSE:WM
10.706803409880528,-2.5068917931916417,-109.87942698119126,-2.334681674287725,233.107375,40.19493803488695,-1.912037445906568,222.13,2279612,1787702151,2026-08-25T23:55:51Z,NYSE:WM
10.706803409880528,-2.5068917931916417,-109.87942698119126,-2.334681674287725,233.107375,40.19493803488695,-1.912037445906568,222.13,2279622,1787702327,2026-08-25T23:58:47Z,NYSE:WM
10.706803409880528,-2.5068917931916417,-109.87942698119126,-2.334681674287725,233.107375,40.19493803488695,-1.912037445906568,222.13,2279720,1787702508,2026-08-26T00:01:48Z,NYSE:WM
10.706803409880528,-2.5068917931916417,-109.87942698119126,-2.334681674287725,233.107375,40.19493803488695,-1.912037445906568,222.13,2279720,1787702689,2026-08-26T00:04:49Z,NYSE:WM
10.706803409880528,-2.5068917931916417,-109.87942698119126,-2.334681674287725,233.107375,40.19493803488695,-1.912037445906568,222.13,2279757,1787702869,2026-08-26T00:07:49Z,NYSE:WM
10.706803409880528,-2.5068917931916417,-109.87942698119126,-2.334681674287725,233.107375,40.19493803488695,-1.912037445906568,222.13,2279770,1787703048,2026-08-26T00:10:48Z,NYSE:WM
10.706803409880528,-2.5068917931916417,-109.87942698119126,-2.334681674287725,233.107375,40.19493803488695,-1.912037445906568,222.13,2279771,1787703224,2026-08-26T00:13:44Z,NYSE:WM
10.706803409880528,-2.5068917931916417,-109.87942698119126,-2.334681674287725,233.107375,40.19493803488695,-1.912037445906568,222.13,2279771,1787703412,2026-08-26T00:16:52Z,NYSE:WM
10.706803409880528,-2.5068917931916417,-109.87942698119126,-2.334681674287725,233.107375,40.19493803488695,-1.912037445906568,222.13,2279771,1787703585,2026-08-26T00:19:45Z,NYSE:WM
10.706803409880528,-2.5068917931916417,-109.87942698119126,-2.334681674287725,233.107375,40.19493803488695,-1.912037445906568,222.13,2279771,1787703769,2026-08-26T00:22:49Z,NYSE:WM
10.706803409880528,-2.5068917931916417,-109.87942698119126,-2.334681674287725,233.107375,40.19493803488695,-1.912037445906568,222.13,2279771,1787703949,2026-08-26T00:25:49Z,NYSE:WM
10.706803409880528,-2.5068917931916417,-109.87942698119126,-2.334681674287725,233.107375,40.19493803488695,-1.912037445906568,222.13,2279771,1787704124,2026-08-26T00:28:44Z,NYSE:WM
10.706803409880528,-2.5068917931916417,-109.87942698119126,-2.334681674287725,233.107375,40.19493803488695,-1.912037445906568,222.13,2279771,1787704310,2026-08-26T00:31:50Z,NYSE:WM
10.706803409880528,-2.5068917931916417,-109.87942698119126,-2.334681674287725,233.107375,40.19493803488695,-1.912037445906568,222.13,2279771,1787704489,2026-08-26T00:34:49Z,NYSE:WM
10.706803409880528,-2.5068917931916417,-109.87942698119126,-2.334681674287725,233.107375,40.19493803488695,-1.912037445906568,222.13,2279771,1787704672,2026-08-26T00:37:52Z,NYSE:WM
10.706803409880528,-2.5068917931916417,-109.87942698119126,-2.334681674287725,233.107375,40.19493803488695,-1.912037445906568,222.13,2279771,1787704846,2026-08-26T00:40:46Z,NYSE:WM
10.706803409880528,-2.5068917931916417,-109.87942698119126,-2.334681674287725,233.107375,40.19493803488695,-1.912037445906568,222.13,2279771,1787705030,2026-08-26T00:43:50Z,NYSE:WM
10.706803409880528,-2.5068917931916417,-109.87942698119126,-2.334681674287725,233.107375,40.19493803488695,-1.912037445906568,222.13,2279771,1787705210,2026-08-26T00:46:50Z,NYSE:WM
10.706803409880528,-2.5068917931916417,-109.87942698119126,-2.334681674287725,233.107375,40.19493803488695,-1.912037445906568,222.13,2279771,1787705389,2026-08-26T00:49:49Z,NYSE:WM
10.706803409880528,-2.5068917931916417,-109.87942698119126,-2.334681674287725,233.107375,40.19493803488695,-1.912037445906568,222.13,2279771,1787705570,2026-08-26T00:52:50Z,NYSE:WM
10.706803409880528,-2.5068917931916417,-109.87942698119126,-2.334681674287725,233.107375,40.19493803488695,-1.912037445906568,222.13,2279771,1787705749,2026-08-26T00:55:49Z,NYSE:WM
10.706803409880528,-2.5068917931916417,-109.87942698119126,-2.334681674287725,233.107375,40.19493803488695,-1.912037445906568,222.13,2279771,1787705927,2026-08-26T00:58:47Z,NYSE:WM
10.706803409880528,-2.5068917931916417,-109.87942698119126,-2.334681674287725,233.107375,40.19493803488695,-1.912037445906568,222.13,2279771,1787706107,2026-08-26T01:01:47Z,NYSE:WM
10.706803409880528,-2.5068917931916417,-109.87942698119126,-2.334681674287725,233.107375,40.19493803488695,-1.912037445906568,222.13,2279771,1787706290,2026-08-26T01:04:50Z,NYSE:WM
10.706803409880528,-2.5068917931916417,-109.87942698119126,-2.334681674287725,233.107375,40.19493803488695,-1.912037445906568,222.13,2279771,1787706468,2026-08-26T01:07:48Z,NYSE:WM
10.706803409880528,-2.5068917931916417,-109.87942698119126,-2.334681674287725,233.107375,40.19493803488695,-1.912037445906568,222.13,2279771,1787706650,2026-08-26T01:10:50Z,NYSE:WM
10.706803409880528,-2.5068917931916417,-109.87942698119126,-2.334681674287725,233.107375,40.19493803488695,-1.912037445906568,222.13,2279771,1787706826,2026-08-26T01:13:46Z,NYSE:WM
10.706803409880528,-2.5068917931916417,-109.87942698119126,-2.334681674287725,233.107375,40.19493803488695,-1.912037445906568,222.13,2279771,1787707010,2026-08-26T01:16:50Z,NYSE:WM
10.706803409880528,-2.5068917931916417,-109.87942698119126,-2.334681674287725,233.107375,40.19493803488695,-1.912037445906568,222.13,2279771,1787707190,2026-08-26T01:19:50Z,NYSE:WM
10.706803409880528,-2.5068917931916417,-109.87942698119126,-2.334681674287725,233.107375,40.19493803488695,-1.912037445906568,222.13,2279771,1787707366,2026-08-26T01:22:46Z,NYSE:WM
10.706803409880528,-2.5068917931916417,-109.87942698119126,-2.334681674287725,233.107375,40.19493803488695,-1.912037445906568,222.13,2279771,1787707550,2026-08-26T01:25:50Z,NYSE:WM
10.706803409880528,-2.5068917931916417,-109.87942698119126,-2.334681674287725,233.107375,40.19493803488695,-1.912037445906568,222.13,2279771,1787707728,2026-08-26T01:28:48Z,NYSE:WM
10.706803409880528,-2.5068917931916417,-109.87942698119126,-2.334681674287725,233.107375,40.19493803488695,-1.912037445906568,222.13,2279771,1787707909,2026-08-26T01:31:49Z,NYSE:WM
10.706803409880528,-2.5068917931916417,-109.87942698119126,-2.334681674287725,233.107375,40.19493803488695,-1.912037445906568,222.13,2279771,1787708088,2026-08-26T01:34:48Z,NYSE:WM
10.706803409880528,-2.5068917931916417,-109.87942698119126,-2.334681674287725,233.107375,40.19493803488695,-1.912037445906568,222.13,2279771,1787708271,2026-08-26T01:37:51Z,NYSE:WM
10.706803409880528,-2.5068917931916417,-109.87942698119126,-2.334681674287725,233.107375,40.19493803488695,-1.912037445906568,222.13,2279771,1787708452,2026-08-26T01:40:52Z,NYSE:WM
10.706803409880528,-2.5068917931916417,-109.87942698119126,-2.334681674287725,233.107375,40.19493803488695,-1.912037445906568,222.13,2279771,1787708633,2026-08-26T01:43:53Z,NYSE:WM
10.706803409880528,-2.5068917931916417,-109.87942698119126,-2.334681674287725,233.107375,40.19493803488695,-1.912037445906568,222.13,2279771,1787708809,2026-08-26T01:46:49Z,NYSE:WM
10.706803409880528,-2.5068917931916417,-109.87942698119126,-2.334681674287725,233.107375,40.19493803488695,-1.912037445906568,222.13,2279771,1787708988,2026-08-26T01:49:48Z,NYSE:WM
10.706803409880528,-2.5068917931916417,-109.87942698119126,-2.334681674287725,233.107375,40.19493803488695,-1.912037445906568,222.13,2279771,1787709170,2026-08-26T01:52:50Z,NYSE:WM
10.706803409880528,-2.5068917931916417,-109.87942698119126,-2.334681674287725,233.107375,40.19493803488695,-1.912037445906568,222.13,2279771,1787709349,2026-08-26T01:55:49Z,NYSE:WM
10.706803409880528,-2.5068917931916417,-109.87942698119126,-2.334681674287725,233.107375,40.19493803488695,-1.912037445906568,222.13,2279771,1787709527,2026-08-26T01:58:47Z,NYSE:WM
10.706803409880528,-2.5068917931916417,-109.87942698119126,-2.334681674287725,233.107375,40.19493803488695,-1.912037445906568,222.13,2279771,1787709711,2026-08-26T02:01:51Z,NYSE:WM
10.706803409880528,-2.5068917931916417,-109.87942698119126,-2.334681674287725,233.107375,40.19493803488695,-1.912037445906568,222.13,2279771,1787709890,2026-08-26T02:04:50Z,NYSE:WM
10.706803409880528,-2.5068917931916417,-109.87942698119126,-2.334681674287725,233.107375,40.19493803488695,-1.912037445906568,222.13,2279771,1787710068,2026-08-26T02:07:48Z,NYSE:WM
10.706803409880528,-2.5068917931916417,-109.87942698119126,-2.334681674287725,233.107375,40.19493803488695,-1.912037445906568,222.13,2279771,1787710257,2026-08-26T02:10:57Z,NYSE:WM
10.706803409880528,-2.5068917931916417,-109.87942698119126,-2.334681674287725,233.107375,40.19493803488695,-1.912037445906568,222.13,2279771,1787710427,2026-08-26T02:13:47Z,NYSE:WM
10.706803409880528,-2.5068917931916417,-109.87942698119126,-2.334681674287725,233.107375,40.19493803488695,-1.912037445906568,222.13,2279771,1787710611,2026-08-26T02:16:51Z,NYSE:WM
10.706803409880528,-2.5068917931916417,-109.87942698119126,-2.334681674287725,233.107375,40.19493803488695,-1.912037445906568,222.13,2279771,1787710787,2026-08-26T02:19:47Z,NYSE:WM
10.706803409880528,-2.5068917931916417,-109.87942698119126,-2.334681674287725,233.107375,40.19493803488695,-1.912037445906568,222.13,2279771,1787710968,2026-08-26T02:22:48Z,NYSE:WM
10.706803409880528,-2.5068917931916417,-109.87942698119126,-2.334681674287725,233.107375,40.19493803488695,-1.912037445906568,222.13,2279771,1787711148,2026-08-26T02:25:48Z,NYSE:WM
10.706803409880528,-2.5068917931916417,-109.87942698119126,-2.334681674287725,233.107375,40.19493803488695,-1.912037445906568,222.13,2279771,1787711330,2026-08-26T02:28:50Z,NYSE:WM
10.706803409880528,-2.5068917931916417,-109.87942698119126,-2.334681674287725,233.107375,40.19493803488695,-1.912037445906568,222.13,2279771,1787711509,2026-08-26T02:31:49Z,NYSE:WM
10.706803409880528,-2.5068917931916417,-109.87942698119126,-2.334681674287725,233.107375,40.19493803488695,-1.912037445906568,222.13,2279771,1787711684,2026-08-26T02:34:44Z,NYSE:WM
10.706803409880528,-2.5068917931916417,-109.87942698119126,-2.334681674287725,233.107375,40.19493803488695,-1.912037445906568,222.13,2279771,1787711869,2026-08-26T02:37:49Z,NYSE:WM
10.706803409880528,-2.5068917931916417,-109.87942698119126,-2.334681674287725,233.107375,40.19493803488695,-1.912037445906568,222.13,2279771,1787712051,2026-08-26T02:40:51Z,NYSE:WM
10.706803409880528,-2.5068917931916417,-109.87942698119126,-2.334681674287725,233.107375,40.19493803488695,-1.912037445906568,222.13,2279771,1787712228,2026-08-26T02:43:48Z,NYSE:WM
10.706803409880528,-2.5068917931916417,-109.87942698119126,-2.334681674287725,233.107375,40.19493803488695,-1.912037445906568,222.13,2279771,1787712406,2026-08-26T02:46:46Z,NYSE:WM
10.706803409880528,-2.5068917931916417,-109.87942698119126,-2.334681674287725,233.107375,40.19493803488695,-1.912037445906568,222.13,2279771,1787712592,2026-08-26T02:49:52Z,NYSE:WM
10.706803409880528,-2.5068917931916417,-109.87942698119126,-2.334681674287725,233.107375,40.19493803488695,-1.912037445906568,222.13,2279771,1787712769,2026-08-26T02:52:49Z,NYSE:WM
10.706803409880528,-2.5068917931916417,-109.87942698119126,-2.334681674287725,233.107375,40.19493803488695,-1.912037445906568,222.13,2279771,1787712949,2026-08-26T02:55:49Z,NYSE:WM
10.706803409880528,-2.5068917931916417,-109.87942698119126,-2.334681674287725,233.107375,40.19493803488695,-1.912037445906568,222.13,2279771,1787713127,2026-08-26T02:58:47Z,NYSE:WM
10.706803409880528,-2.5068917931916417,-109.87942698119126,-2.334681674287725,233.107375,40.19493803488695,-1.912037445906568,222.13,2279771,1787713305,2026-08-26T03:01:45Z,NYSE:WM
10.706803409880528,-2.5068917931916417,-109.87942698119126,-2.334681674287725,233.107375,40.19493803488695,-1.912037445906568,222.13,2279771,1787713495,2026-08-26T03:04:55Z,NYSE:WM
10.706803409880528,-2.5068917931916417,-109.87942698119126,-2.334681674287725,233.107375,40.19493803488695,-1.912037445906568,222.13,2279771,1787713672,2026-08-26T03:07:52Z,NYSE:WM
10.706803409880528,-2.5068917931916417,-109.87942698119126,-2.334681674287725,233.107375,40.19493803488695,-1.912037445906568,222.13,2279771,1787713848,2026-08-26T03:10:48Z,NYSE:WM
10.706803409880528,-2.5068917931916417,-109.87942698119126,-2.334681674287725,233.107375,40.19493803488695,-1.912037445906568,222.13,2279771,1787714029,2026-08-26T03:13:49Z,NYSE:WM
10.706803409880528,-2.5068917931916417,-109.87942698119126,-2.334681674287725,233.107375,40.19493803488695,-1.912037445906568,222.13,2279771,1787714207,2026-08-26T03:16:47Z,NYSE:WM
10.706803409880528,-2.5068917931916417,-109.87942698119126,-2.334681674287725,233.107375,40.19493803488695,-1.912037445906568,222.13,2279771,1787714390,2026-08-26T03:19:50Z,NYSE:WM
10.706803409880528,-2.5068917931916417,-109.87942698119126,-2.334681674287725,233.107375,40.19493803488695,-1.912037445906568,222.13,2279771,1787714571,2026-08-26T03:22:51Z,NYSE:WM
10.706803409880528,-2.5068917931916417,-109.87942698119126,-2.334681674287725,233.107375,40.19493803488695,-1.912037445906568,222.13,2279771,1787714753,2026-08-26T03:25:53Z,NYSE:WM
10.706803409880528,-2.5068917931916417,-109.87942698119126,-2.334681674287725,233.107375,40.19493803488695,-1.912037445906568,222.13,2279771,1787714925,2026-08-26T03:28:45Z,NYSE:WM
10.706803409880528,-2.5068917931916417,-109.87942698119126,-2.334681674287725,233.107375,40.19493803488695,-1.912037445906568,222.13,2279771,1787715111,2026-08-26T03:31:51Z,NYSE:WM
10.706803409880528,-2.5068917931916417,-109.87942698119126,-2.334681674287725,233.107375,40.19493803488695,-1.912037445906568,222.13,2279771,1787715287,2026-08-26T03:34:47Z,NYSE:WM
10.706803409880528,-2.5068917931916417,-109.87942698119126,-2.334681674287725,233.107375,40.19493803488695,-1.912037445906568,222.13,2279771,1787715471,2026-08-26T03:37:51Z,NYSE:WM
10.706803409880528,-2.5068917931916417,-109.87942698119126,-2.334681674287725,233.107375,40.19493803488695,-1.912037445906568,222.13,2279771,1787715652,2026-08-26T03:40:52Z,NYSE:WM
10.706803409880528,-2.5068917931916417,-109.87942698119126,-2.334681674287725,233.107375,40.19493803488695,-1.912037445906568,222.13,2279771,1787715832,2026-08-26T03:43:52Z,NYSE:WM
10.706803409880528,-2.5068917931916417,-109.87942698119126,-2.334681674287725,233.107375,40.19493803488695,-1.912037445906568,222.13,2279771,1787716009,2026-08-26T03:46:49Z,NYSE:WM
10.706803409880528,-2.5068917931916417,-109.87942698119126,-2.334681674287725,233.107375,40.19493803488695,-1.912037445906568,222.13,2279771,1787716188,2026-08-26T03:49:48Z,NYSE:WM
10.706803409880528,-2.5068917931916417,-109.87942698119126,-2.334681674287725,233.107375,40.19493803488695,-1.912037445906568,222.13,2279771,1787716368,2026-08-26T03:52:48Z,NYSE:WM
10.706803409880528,-2.5068917931916417,-109.87942698119126,-2.334681674287725,233.107375,40.19493803488695,-1.912037445906568,222.13,2279771,1787716545,2026-08-26T03:55:45Z,NYSE:WM
10.706803409880528,-2.5068917931916417,-109.87942698119126,-2.334681674287725,233.107375,40.19493803488695,-1.912037445906568,222.13,2279771,1787716728,2026-08-26T03:58:48Z,NYSE:WM
10.706803409880528,-2.5068917931916417,-109.87942698119126,-2.334681674287725,233.107375,40.19493803488695,-1.912037445906568,222.13,2279771,1787716904,2026-08-26T04:01:44Z,NYSE:WM
10.706803409880528,-2.5068917931916417,-109.87942698119126,-2.334681674287725,233.107375,40.19493803488695,-1.912037445906568,222.13,2279771,1787717090,2026-08-26T04:04:50Z,NYSE:WM
10.706803409880528,-2.5068917931916417,-109.87942698119126,-2.334681674287725,233.107375,40.19493803488695,-1.912037445906568,222.13,2279771,1787717268,2026-08-26T04:07:48Z,NYSE:WM
10.706803409880528,-2.5068917931916417,-109.87942698119126,-2.334681674287725,233.107375,40.19493803488695,-1.912037445906568,222.13,2279771,1787717446,2026-08-26T04:10:46Z,NYSE:WM
10.706803409880528,-2.5068917931916417,-109.87942698119126,-2.334681674287725,233.107375,40.19493803488695,-1.912037445906568,222.13,2279771,1787717629,2026-08-26T04:13:49Z,NYSE:WM
10.706803409880528,-2.5068917931916417,-109.87942698119126,-2.334681674287725,233.107375,40.19493803488695,-1.912037445906568,222.13,2279771,1787717802,2026-08-26T04:16:42Z,NYSE:WM
10.706803409880528,-2.5068917931916417,-109.87942698119126,-2.334681674287725,233.107375,40.19493803488695,-1.912037445906568,222.13,2279771,1787717987,2026-08-26T04:19:47Z,NYSE:WM
10.706803409880528,-2.5068917931916417,-109.87942698119126,-2.334681674287725,233.107375,40.19493803488695,-1.912037445906568,222.13,2279771,1787718168,2026-08-26T04:22:48Z,NYSE:WM
10.706803409880528,-2.5068917931916417,-109.87942698119126,-2.334681674287725,233.107375,40.19493803488695,-1.912037445906568,222.13,2279771,1787718349,2026-08-26T04:25:49Z,NYSE:WM
10.706803409880528,-2.5068917931916417,-109.87942698119126,-2.334681674287725,233.107375,40.19493803488695,-1.912037445906568,222.13,2279771,1787718524,2026-08-26T04:28:44Z,NYSE:WM
10.706803409880528,-2.5068917931916417,-109.87942698119126,-2.334681674287725,233.107375,40.19493803488695,-1.912037445906568,222.13,2279771,1787718704,2026-08-26T04:31:44Z,NYSE:WM
10.706803409880528,-2.5068917931916417,-109.87942698119126,-2.334681674287725,233.107375,40.19493803488695,-1.912037445906568,222.13,2279771,1787718886,2026-08-26T04:34:46Z,NYSE:WM
10.706803409880528,-2.5068917931916417,-109.87942698119126,-2.334681674287725,233.107375,40.19493803488695,-1.912037445906568,222.13,2279771,1787719067,2026-08-26T04:37:47Z,NYSE:WM
10.706803409880528,-2.5068917931916417,-109.87942698119126,-2.334681674287725,233.107375,40.19493803488695,-1.912037445906568,222.13,2279771,1787719245,2026-08-26T04:40:45Z,NYSE:WM
10.706803409880528,-2.5068917931916417,-109.87942698119126,-2.334681674287725,233.107375,40.19493803488695,-1.912037445906568,222.13,2279771,1787719430,2026-08-26T04:43:50Z,NYSE:WM
10.706803409880528,-2.5068917931916417,-109.87942698119126,-2.334681674287725,233.107375,40.19493803488695,-1.912037445906568,222.13,2279771,1787719607,2026-08-26T04:46:47Z,NYSE:WM
10.706803409880528,-2.5068917931916417,-109.87942698119126,-2.334681674287725,233.107375,40.19493803488695,-1.912037445906568,222.13,2279771,1787719786,2026-08-26T04:49:46Z,NYSE:WM
10.706803409880528,-2.5068917931916417,-109.87942698119126,-2.334681674287725,233.107375,40.19493803488695,-1.912037445906568,222.13,2279771,1787719967,2026-08-26T04:52:47Z,NYSE:WM
10.706803409880528,-2.5068917931916417,-109.87942698119126,-2.334681674287725,233.107375,40.19493803488695,-1.912037445906568,222.13,2279771,1787720153,2026-08-26T04:55:53Z,NYSE:WM
10.706803409880528,-2.5068917931916417,-109.87942698119126,-2.334681674287725,233.107375,40.19493803488695,-1.912037445906568,222.13,2279771,1787720323,2026-08-26T04:58:43Z,NYSE:WM
10.706803409880528,-2.5068917931916417,-109.87942698119126,-2.334681674287725,233.107375,40.19493803488695,-1.912037445906568,222.13,2279771,1787720506,2026-08-26T05:01:46Z,NYSE:WM
10.706803409880528,-2.5068917931916417,-109.87942698119126,-2.334681674287725,233.107375,40.19493803488695,-1.912037445906568,222.13,2279771,1787720685,2026-08-26T05:04:45Z,NYSE:WM
10.706803409880528,-2.5068917931916417,-109.87942698119126,-2.334681674287725,233.107375,40.19493803488695,-1.912037445906568,222.13,2279771,1787720870,2026-08-26T05:07:50Z,NYSE:WM
10.706803409880528,-2.5068917931916417,-109.87942698119126,-2.334681674287725,233.107375,40.19493803488695,-1.912037445906568,222.13,2279771,1787721051,2026-08-26T05:10:51Z,NYSE:WM
10.706803409880528,-2.5068917931916417,-109.87942698119126,-2.334681674287725,233.107375,40.19493803488695,-1.912037445906568,222.13,2279771,1787721230,2026-08-26T05:13:50Z,NYSE:WM
10.706803409880528,-2.5068917931916417,-109.87942698119126,-2.334681674287725,233.107375,40.19493803488695,-1.912037445906568,222.13,2279771,1787721407,2026-08-26T05:16:47Z,NYSE:WM
10.706803409880528,-2.5068917931916417,-109.87942698119126,-2.334681674287725,233.107375,40.19493803488695,-1.912037445906568,222.13,2279771,1787721586,2026-08-26T05:19:46Z,NYSE:WM
10.706803409880528,-2.5068917931916417,-109.87942698119126,-2.334681674287725,233.107375,40.19493803488695,-1.912037445906568,222.13,2279771,1787721767,2026-08-26T05:22:47Z,NYSE:WM
10.706803409880528,-2.5068917931916417,-109.87942698119126,-2.334681674287725,233.107375,40.19493803488695,-1.912037445906568,222.13,2279771,1787721949,2026-08-26T05:25:49Z,NYSE:WM
10.706803409880528,-2.5068917931916417,-109.87942698119126,-2.334681674287725,233.107375,40.19493803488695,-1.912037445906568,222.13,2279771,1787722123,2026-08-26T05:28:43Z,NYSE:WM
10.706803409880528,-2.5068917931916417,-109.87942698119126,-2.334681674287725,233.107375,40.19493803488695,-1.912037445906568,222.13,2279771,1787722309,2026-08-26T05:31:49Z,NYSE:WM
10.706803409880528,-2.5068917931916417,-109.87942698119126,-2.334681674287725,233.107375,40.19493803488695,-1.912037445906568,222.13,2279771,1787722489,2026-08-26T05:34:49Z,NYSE:WM
10.706803409880528,-2.5068917931916417,-109.87942698119126,-2.334681674287725,233.107375,40.19493803488695,-1.912037445906568,222.13,2279771,1787722670,2026-08-26T05:37:50Z,NYSE:WM
10.706803409880528,-2.5068917931916417,-109.87942698119126,-2.334681674287725,233.107375,40.19493803488695,-1.912037445906568,222.13,2279771,1787722845,2026-08-26T05:40:45Z,NYSE:WM
10.706803409880528,-2.5068917931916417,-109.87942698119126,-2.334681674287725,233.107375,40.19493803488695,-1.912037445906568,222.13,2279771,1787723028,2026-08-26T05:43:48Z,NYSE:WM
10.706803409880528,-2.5068917931916417,-109.87942698119126,-2.334681674287725,233.107375,40.19493803488695,-1.912037445906568,222.13,2279771,1787723211,2026-08-26T05:46:51Z,NYSE:WM
10.706803409880528,-2.5068917931916417,-109.87942698119126,-2.334681674287725,233.107375,40.19493803488695,-1.912037445906568,222.13,2279771,1787723384,2026-08-26T05:49:44Z,NYSE:WM
10.706803409880528,-2.5068917931916417,-109.87942698119126,-2.334681674287725,233.107375,40.19493803488695,-1.912037445906568,222.13,2279771,1787723569,2026-08-26T05:52:49Z,NYSE:WM
10.706803409880528,-2.5068917931916417,-109.87942698119126,-2.334681674287725,233.107375,40.19493803488695,-1.912037445906568,222.13,2279771,1787723752,2026-08-26T05:55:52Z,NYSE:WM
10.706803409880528,-2.5068917931916417,-109.87942698119126,-2.334681674287725,233.107375,40.19493803488695,-1.912037445906568,222.13,2279771,1787723924,2026-08-26T05:58:44Z,NYSE:WM
10.706803409880528,-2.5068917931916417,-109.87942698119126,-2.334681674287725,233.107375,40.19493803488695,-1.912037445906568,222.13,2279771,1787724110,2026-08-26T06:01:50Z,NYSE:WM
10.706803409880528,-2.5068917931916417,-109.87942698119126,-2.334681674287725,233.107375,40.19493803488695,-1.912037445906568,222.13,2279771,1787724291,2026-08-26T06:04:51Z,NYSE:WM
10.706803409880528,-2.5068917931916417,-109.87942698119126,-2.334681674287725,233.107375,40.19493803488695,-1.912037445906568,222.13,2279771,1787724469,2026-08-26T06:07:49Z,NYSE:WM
10.706803409880528,-2.5068917931916417,-109.87942698119126,-2.334681674287725,233.107375,40.19493803488695,-1.912037445906568,222.13,2279771,1787724645,2026-08-26T06:10:45Z,NYSE:WM
10.706803409880528,-2.5068917931916417,-109.87942698119126,-2.334681674287725,233.107375,40.19493803488695,-1.912037445906568,222.13,2279771,1787724825,2026-08-26T06:13:45Z,NYSE:WM
10.706803409880528,-2.5068917931916417,-109.87942698119126,-2.334681674287725,233.107375,40.19493803488695,-1.912037445906568,222.13,2279771,1787725007,2026-08-26T06:16:47Z,NYSE:WM
10.706803409880528,-2.5068917931916417,-109.87942698119126,-2.334681674287725,233.107375,40.19493803488695,-1.912037445906568,222.13,2279771,1787725189,2026-08-26T06:19:49Z,NYSE:WM
10.706803409880528,-2.5068917931916417,-109.87942698119126,-2.334681674287725,233.107375,40.19493803488695,-1.912037445906568,222.13,2279771,1787725365,2026-08-26T06:22:45Z,NYSE:WM
10.706803409880528,-2.5068917931916417,-109.87942698119126,-2.334681674287725,233.107375,40.19493803488695,-1.912037445906568,222.13,2279771,1787725545,2026-08-26T06:25:45Z,NYSE:WM
10.706803409880528,-2.5068917931916417,-109.87942698119126,-2.334681674287725,233.107375,40.19493803488695,-1.912037445906568,222.13,2279771,1787725730,2026-08-26T06:28:50Z,NYSE:WM
10.706803409880528,-2.5068917931916417,-109.87942698119126,-2.334681674287725,233.107375,40.19493803488695,-1.912037445906568,222.13,2279771,1787725910,2026-08-26T06:31:50Z,NYSE:WM
10.706803409880528,-2.5068917931916417,-109.87942698119126,-2.334681674287725,233.107375,40.19493803488695,-1.912037445906568,222.13,2279771,1787726090,2026-08-26T06:34:50Z,NYSE:WM
10.706803409880528,-2.5068917931916417,-109.87942698119126,-2.334681674287725,233.107375,40.19493803488695,-1.912037445906568,222.13,2279771,1787726266,2026-08-26T06:37:46Z,NYSE:WM
10.706803409880528,-2.5068917931916417,-109.87942698119126,-2.334681674287725,233.107375,40.19493803488695,-1.912037445906568,222.13,2279771,1787726451,2026-08-26T06:40:51Z,NYSE:WM
10.706803409880528,-2.5068917931916417,-109.87942698119126,-2.334681674287725,233.107375,40.19493803488695,-1.912037445906568,222.13,2279771,1787726628,2026-08-26T06:43:48Z,NYSE:WM
10.706803409880528,-2.5068917931916417,-109.87942698119126,-2.334681674287725,233.107375,40.19493803488695,-1.912037445906568,222.13,2279771,1787726813,2026-08-26T06:46:53Z,NYSE:WM
10.706803409880528,-2.5068917931916417,-109.87942698119126,-2.334681674287725,233.107375,40.19493803488695,-1.912037445906568,222.13,2279771,1787726984,2026-08-26T06:49:44Z,NYSE:WM
10.706803409880528,-2.5068917931916417,-109.87942698119126,-2.334681674287725,233.107375,40.19493803488695,-1.912037445906568,222.13,2279771,1787727169,2026-08-26T06:52:49Z,NYSE:WM
10.706803409880528,-2.5068917931916417,-109.87942698119126,-2.334681674287725,233.107375,40.19493803488695,-1.912037445906568,222.13,2279771,1787727349,2026-08-26T06:55:49Z,NYSE:WM
10.706803409880528,-2.5068917931916417,-109.87942698119126,-2.334681674287725,233.107375,40.19493803488695,-1.912037445906568,222.13,2279771,1787727530,2026-08-26T06:58:50Z,NYSE:WM
10.706803409880528,-2.5068917931916417,-109.87942698119126,-2.334681674287725,233.107375,40.19493803488695,-1.912037445906568,222.13,2279771,1787727704,2026-08-26T07:01:44Z,NYSE:WM
10.706803409880528,-2.5068917931916417,-109.87942698119126,-2.334681674287725,233.107375,40.19493803488695,-1.912037445906568,222.13,2279771,1787727888,2026-08-26T07:04:48Z,NYSE:WM
10.706803409880528,-2.5068917931916417,-109.87942698119126,-2.334681674287725,233.107375,40.19493803488695,-1.912037445906568,222.13,2279771,1787728071,2026-08-26T07:07:51Z,NYSE:WM
10.706803409880528,-2.5068917931916417,-109.87942698119126,-2.334681674287725,233.107375,40.19493803488695,-1.912037445906568,222.13,2279771,1787728250,2026-08-26T07:10:50Z,NYSE:WM
10.706803409880528,-2.5068917931916417,-109.87942698119126,-2.334681674287725,233.107375,40.19493803488695,-1.912037445906568,222.13,2279771,1787728426,2026-08-26T07:13:46Z,NYSE:WM
10.706803409880528,-2.5068917931916417,-109.87942698119126,-2.334681674287725,233.107375,40.19493803488695,-1.912037445906568,222.13,2279771,1787728606,2026-08-26T07:16:46Z,NYSE:WM
10.706803409880528,-2.5068917931916417,-109.87942698119126,-2.334681674287725,233.107375,40.19493803488695,-1.912037445906568,222.13,2279771,1787728786,2026-08-26T07:19:46Z,NYSE:WM
10.706803409880528,-2.5068917931916417,-109.87942698119126,-2.334681674287725,233.107375,40.19493803488695,-1.912037445906568,222.13,2279771,1787728971,2026-08-26T07:22:51Z,NYSE:WM
10.706803409880528,-2.5068917931916417,-109.87942698119126,-2.334681674287725,233.107375,40.19493803488695,-1.912037445906568,222.13,2279771,1787729151,2026-08-26T07:25:51Z,NYSE:WM
10.706803409880528,-2.5068917931916417,-109.87942698119126,-2.334681674287725,233.107375,40.19493803488695,-1.912037445906568,222.13,2279771,1787729328,2026-08-26T07:28:48Z,NYSE:WM
10.706803409880528,-2.5068917931916417,-109.87942698119126,-2.334681674287725,233.107375,40.19493803488695,-1.912037445906568,222.13,2279771,1787729507,2026-08-26T07:31:47Z,NYSE:WM
10.706803409880528,-2.5068917931916417,-109.87942698119126,-2.334681674287725,233.107375,40.19493803488695,-1.912037445906568,222.13,2279771,1787729684,2026-08-26T07:34:44Z,NYSE:WM
10.706803409880528,-2.5068917931916417,-109.87942698119126,-2.334681674287725,233.107375,40.19493803488695,-1.912037445906568,222.13,2279771,1787729864,2026-08-26T07:37:44Z,NYSE:WM
10.706803409880528,-2.5068917931916417,-109.87942698119126,-2.334681674287725,233.107375,40.19493803488695,-1.912037445906568,222.13,2279771,1787730048,2026-08-26T07:40:48Z,NYSE:WM
10.706803409880528,-2.5068917931916417,-109.87942698119126,-2.334681674287725,233.107375,40.19493803488695,-1.912037445906568,222.13,2279771,1787730230,2026-08-26T07:43:50Z,NYSE:WM
10.706803409880528,-2.5068917931916417,-109.87942698119126,-2.334681674287725,233.107375,40.19493803488695,-1.912037445906568,222.13,2279771,1787730405,2026-08-26T07:46:45Z,NYSE:WM
10.706803409880528,-2.5068917931916417,-109.87942698119126,-2.334681674287725,233.107375,40.19493803488695,-1.912037445906568,222.13,2279771,1787730589,2026-08-26T07:49:49Z,NYSE:WM
10.706803409880528,-2.5068917931916417,-109.87942698119126,-2.334681674287725,233.107375,40.19493803488695,-1.912037445906568,222.13,2279771,1787730768,2026-08-26T07:52:48Z,NYSE:WM
10.706803409880528,-2.5068917931916417,-109.87942698119126,-2.334681674287725,233.107375,40.19493803488695,-1.912037445906568,222.13,2279771,1787730947,2026-08-26T07:55:47Z,NYSE:WM
10.706803409880528,-2.5068917931916417,-109.87942698119126,-2.334681674287725,233.107375,40.19493803488695,-1.912037445906568,222.13,2279771,1787731130,2026-08-26T07:58:50Z,NYSE:WM
10.706803409880528,-2.5068917931916417,-109.87942698119126,-2.334681674287725,233.107375,40.19493803488695,-1.912037445906568,222.13,2279771,1787731309,2026-08-26T08:01:49Z,NYSE:WM
10.706803409880528,-2.5068917931916417,-109.87942698119126,-2.334681674287725,233.107375,40.19493803488695,-1.912037445906568,222.13,2279771,1787731487,2026-08-26T08:04:47Z,NYSE:WM
10.706803409880528,-2.5068917931916417,-109.87942698119126,-2.334681674287725,233.107375,40.19493803488695,-1.912037445906568,222.13,2279771,1787731664,2026-08-26T08:07:44Z,NYSE:WM
10.706803409880528,-2.5068917931916417,-109.87942698119126,-2.334681674287725,233.107375,40.19493803488695,-1.912037445906568,222.13,2279771,1787731848,2026-08-26T08:10:48Z,NYSE:WM
10.706803409880528,-2.5068917931916417,-109.87942698119126,-2.334681674287725,233.107375,40.19493803488695,-1.912037445906568,222.13,2279771,1787732024,2026-08-26T08:13:44Z,NYSE:WM
10.706803409880528,-2.5068917931916417,-109.87942698119126,-2.334681674287725,233.107375,40.19493803488695,-1.912037445906568,222.13,2279771,1787732209,2026-08-26T08:16:49Z,NYSE:WM
10.706803409880528,-2.5068917931916417,-109.87942698119126,-2.334681674287725,233.107375,40.19493803488695,-1.912037445906568,222.13,2279771,1787732390,2026-08-26T08:19:50Z,NYSE:WM
10.706803409880528,-2.5068917931916417,-109.87942698119126,-2.334681674287725,233.107375,40.19493803488695,-1.912037445906568,222.13,2279771,1787732565,2026-08-26T08:22:45Z,NYSE:WM
10.706803409880528,-2.5068917931916417,-109.87942698119126,-2.334681674287725,233.107375,40.19493803488695,-1.912037445906568,222.13,2279771,1787732749,2026-08-26T08:25:49Z,NYSE:WM
10.706803409880528,-2.5068917931916417,-109.87942698119126,-2.334681674287725,233.107375,40.19493803488695,-1.912037445906568,222.13,2279771,1787732928,2026-08-26T08:28:48Z,NYSE:WM
10.706803409880528,-2.5068917931916417,-109.87942698119126,-2.334681674287725,233.107375,40.19493803488695,-1.912037445906568,222.13,2279771,1787733109,2026-08-26T08:31:49Z,NYSE:WM
10.706803409880528,-2.5068917931916417,-109.87942698119126,-2.334681674287725,233.107375,40.19493803488695,-1.912037445906568,222.13,2279771,1787733289,2026-08-26T08:34:49Z,NYSE:WM
10.706803409880528,-2.5068917931916417,-109.87942698119126,-2.334681674287725,233.107375,40.19493803488695,-1.912037445906568,222.13,2279771,1787733471,2026-08-26T08:37:51Z,NYSE:WM
10.706803409880528,-2.5068917931916417,-109.87942698119126,-2.334681674287725,233.107375,40.19493803488695,-1.912037445906568,222.13,2279771,1787733646,2026-08-26T08:40:46Z,NYSE:WM
10.706803409880528,-2.5068917931916417,-109.87942698119126,-2.334681674287725,233.107375,40.19493803488695,-1.912037445906568,222.13,2279771,1787733827,2026-08-26T08:43:47Z,NYSE:WM
10.706803409880528,-2.5068917931916417,-109.87942698119126,-2.334681674287725,233.107375,40.19493803488695,-1.912037445906568,222.13,2279771,1787734007,2026-08-26T08:46:47Z,NYSE:WM
10.706803409880528,-2.5068917931916417,-109.87942698119126,-2.334681674287725,233.107375,40.19493803488695,-1.912037445906568,222.13,2279771,1787734188,2026-08-26T08:49:48Z,NYSE:WM
10.706803409880528,-2.5068917931916417,-109.87942698119126,-2.334681674287725,233.107375,40.19493803488695,-1.912037445906568,222.13,2279771,1787734366,2026-08-26T08:52:46Z,NYSE:WM
10.706803409880528,-2.5068917931916417,-109.87942698119126,-2.334681674287725,233.107375,40.19493803488695,-1.912037445906568,222.13,2279771,1787734547,2026-08-26T08:55:47Z,NYSE:WM
10.706803409880528,-2.5068917931916417,-109.87942698119126,-2.334681674287725,233.107375,40.19493803488695,-1.912037445906568,222.13,2279771,1787734724,2026-08-26T08:58:44Z,NYSE:WM
10.706803409880528,-2.5068917931916417,-109.87942698119126,-2.334681674287725,233.107375,40.19493803488695,-1.912037445906568,222.13,2279771,1787734906,2026-08-26T09:01:46Z,NYSE:WM
10.706803409880528,-2.5068917931916417,-109.87942698119126,-2.334681674287725,233.107375,40.19493803488695,-1.912037445906568,222.13,2279771,1787735085,2026-08-26T09:04:45Z,NYSE:WM
10.706803409880528,-2.5068917931916417,-109.87942698119126,-2.334681674287725,233.107375,40.19493803488695,-1.912037445906568,222.13,2279771,1787735269,2026-08-26T09:07:49Z,NYSE:WM
10.706803409880528,-2.5068917931916417,-109.87942698119126,-2.334681674287725,233.107375,40.19493803488695,-1.912037445906568,222.13,2279771,1787735444,2026-08-26T09:10:44Z,NYSE:WM
10.706803409880528,-2.5068917931916417,-109.87942698119126,-2.334681674287725,233.107375,40.19493803488695,-1.912037445906568,222.13,2279771,1787735623,2026-08-26T09:13:43Z,NYSE:WM
10.706803409880528,-2.5068917931916417,-109.87942698119126,-2.334681674287725,233.107375,40.19493803488695,-1.912037445906568,222.13,2279771,1787735811,2026-08-26T09:16:51Z,NYSE:WM
10.706803409880528,-2.5068917931916417,-109.87942698119126,-2.334681674287725,233.107375,40.19493803488695,-1.912037445906568,222.13,2279771,1787735991,2026-08-26T09:19:51Z,NYSE:WM
10.706803409880528,-2.5068917931916417,-109.87942698119126,-2.334681674287725,233.107375,40.19493803488695,-1.912037445906568,222.13,2279771,1787736168,2026-08-26T09:22:48Z,NYSE:WM
10.706803409880528,-2.5068917931916417,-109.87942698119126,-2.334681674287725,233.107375,40.19493803488695,-1.912037445906568,222.13,2279771,1787736346,2026-08-26T09:25:46Z,NYSE:WM
10.706803409880528,-2.5068917931916417,-109.87942698119126,-2.334681674287725,233.107375,40.19493803488695,-1.912037445906568,222.13,2279771,1787736530,2026-08-26T09:28:50Z,NYSE:WM
10.706803409880528,-2.5068917931916417,-109.87942698119126,-2.334681674287725,233.107375,40.19493803488695,-1.912037445906568,222.13,2279771,1787736709,2026-08-26T09:31:49Z,NYSE:WM
10.706803409880528,-2.5068917931916417,-109.87942698119126,-2.334681674287725,233.107375,40.19493803488695,-1.912037445906568,222.13,2279771,1787736887,2026-08-26T09:34:47Z,NYSE:WM
10.706803409880528,-2.5068917931916417,-109.87942698119126,-2.334681674287725,233.107375,40.19493803488695,-1.912037445906568,222.13,2279771,1787737067,2026-08-26T09:37:47Z,NYSE:WM
10.706803409880528,-2.5068917931916417,-109.87942698119126,-2.334681674287725,233.107375,40.19493803488695,-1.912037445906568,222.13,2279771,1787737246,2026-08-26T09:40:46Z,NYSE:WM
10.706803409880528,-2.5068917931916417,-109.87942698119126,-2.334681674287725,233.107375,40.19493803488695,-1.912037445906568,222.13,2279771,1787737419,2026-08-26T09:43:39Z,NYSE:WM
10.706803409880528,-2.5068917931916417,-109.87942698119126,-2.334681674287725,233.107375,40.19493803488695,-1.912037445906568,222.13,2279771,1787737611,2026-08-26T09:46:51Z,NYSE:WM
10.706803409880528,-2.5068917931916417,-109.87942698119126,-2.334681674287725,233.107375,40.19493803488695,-1.912037445906568,222.13,2279771,1787737787,2026-08-26T09:49:47Z,NYSE:WM
10.706803409880528,-2.5068917931916417,-109.87942698119126,-2.334681674287725,233.107375,40.19493803488695,-1.912037445906568,222.13,2279771,1787737970,2026-08-26T09:52:50Z,NYSE:WM
10.706803409880528,-2.5068917931916417,-109.87942698119126,-2.334681674287725,233.107375,40.19493803488695,-1.912037445906568,222.13,2279771,1787738146,2026-08-26T09:55:46Z,NYSE:WM
10.706803409880528,-2.5068917931916417,-109.87942698119126,-2.334681674287725,233.107375,40.19493803488695,-1.912037445906568,222.13,2279771,1787738326,2026-08-26T09:58:46Z,NYSE:WM
10.706803409880528,-2.5068917931916417,-109.87942698119126,-2.334681674287725,233.107375,40.19493803488695,-1.912037445906568,222.13,2279771,1787738505,2026-08-26T10:01:45Z,NYSE:WM
10.706803409880528,-2.5068917931916417,-109.87942698119126,-2.334681674287725,233.107375,40.19493803488695,-1.912037445906568,222.13,2279771,1787738690,2026-08-26T10:04:50Z,NYSE:WM
10.706803409880528,-2.5068917931916417,-109.87942698119126,-2.334681674287725,233.107375,40.19493803488695,-1.912037445906568,222.13,2279771,1787738866,2026-08-26T10:07:46Z,NYSE:WM
10.706803409880528,-2.5068917931916417,-109.87942698119126,-2.334681674287725,233.107375,40.19493803488695,-1.912037445906568,222.13,2279771,1787739048,2026-08-26T10:10:48Z,NYSE:WM
10.706803409880528,-2.5068917931916417,-109.87942698119126,-2.334681674287725,233.107375,40.19493803488695,-1.912037445906568,222.13,2279771,1787739223,2026-08-26T10:13:43Z,NYSE:WM
10.706803409880528,-2.5068917931916417,-109.87942698119126,-2.334681674287725,233.107375,40.19493803488695,-1.912037445906568,222.13,2279771,1787739407,2026-08-26T10:16:47Z,NYSE:WM
10.706803409880528,-2.5068917931916417,-109.87942698119126,-2.334681674287725,233.107375,40.19493803488695,-1.912037445906568,222.13,2279771,1787739585,2026-08-26T10:19:45Z,NYSE:WM
10.706803409880528,-2.5068917931916417,-109.87942698119126,-2.334681674287725,233.107375,40.19493803488695,-1.912037445906568,222.13,2279771,1787739766,2026-08-26T10:22:46Z,NYSE:WM
10.706803409880528,-2.5068917931916417,-109.87942698119126,-2.334681674287725,233.107375,40.19493803488695,-1.912037445906568,222.13,2279771,1787739947,2026-08-26T10:25:47Z,NYSE:WM
10.706803409880528,-2.5068917931916417,-109.87942698119126,-2.334681674287725,233.107375,40.19493803488695,-1.912037445906568,222.13,2279771,1787740127,2026-08-26T10:28:47Z,NYSE:WM
10.706803409880528,-2.5068917931916417,-109.87942698119126,-2.334681674287725,233.107375,40.19493803488695,-1.912037445906568,222.13,2279771,1787740310,2026-08-26T10:31:50Z,NYSE:WM
10.706803409880528,-2.5068917931916417,-109.87942698119126,-2.334681674287725,233.107375,40.19493803488695,-1.912037445906568,222.13,2279771,1787740487,2026-08-26T10:34:47Z,NYSE:WM
10.706803409880528,-2.5068917931916417,-109.87942698119126,-2.334681674287725,233.107375,40.19493803488695,-1.912037445906568,222.13,2279771,1787740666,2026-08-26T10:37:46Z,NYSE:WM
10.706803409880528,-2.5068917931916417,-109.87942698119126,-2.334681674287725,233.107375,40.19493803488695,-1.912037445906568,222.13,2279771,1787740848,2026-08-26T10:40:48Z,NYSE:WM
10.706803409880528,-2.5068917931916417,-109.87942698119126,-2.334681674287725,233.107375,40.19493803488695,-1.912037445906568,222.13,2279771,1787741023,2026-08-26T10:43:43Z,NYSE:WM
10.706803409880528,-2.5068917931916417,-109.87942698119126,-2.334681674287725,233.107375,40.19493803488695,-1.912037445906568,222.13,2279771,1787741207,2026-08-26T10:46:47Z,NYSE:WM
10.706803409880528,-2.5068917931916417,-109.87942698119126,-2.334681674287725,233.107375,40.19493803488695,-1.912037445906568,222.13,2279771,1787741386,2026-08-26T10:49:46Z,NYSE:WM
10.706803409880528,-2.5068917931916417,-109.87942698119126,-2.334681674287725,233.107375,40.19493803488695,-1.912037445906568,222.13,2279771,1787741567,2026-08-26T10:52:47Z,NYSE:WM
10.706803409880528,-2.5068917931916417,-109.87942698119126,-2.334681674287725,233.107375,40.19493803488695,-1.912037445906568,222.13,2279771,1787741749,2026-08-26T10:55:49Z,NYSE:WM
10.706803409880528,-2.5068917931916417,-109.87942698119126,-2.334681674287725,233.107375,40.19493803488695,-1.912037445906568,222.13,2279771,1787741925,2026-08-26T10:58:45Z,NYSE:WM
10.706803409880528,-2.5068917931916417,-109.87942698119126,-2.334681674287725,233.107375,40.19493803488695,-1.912037445906568,222.13,2279771,1787742108,2026-08-26T11:01:48Z,NYSE:WM
10.706803409880528,-2.5068917931916417,-109.87942698119126,-2.334681674287725,233.107375,40.19493803488695,-1.912037445906568,222.13,2279771,1787742284,2026-08-26T11:04:44Z,NYSE:WM
10.706803409880528,-2.5068917931916417,-109.87942698119126,-2.334681674287725,233.107375,40.19493803488695,-1.912037445906568,222.13,2279771,1787742468,2026-08-26T11:07:48Z,NYSE:WM
10.706803409880528,-2.5068917931916417,-109.87942698119126,-2.334681674287725,233.107375,40.19493803488695,-1.912037445906568,222.13,2279771,1787742642,2026-08-26T11:10:42Z,NYSE:WM
10.706803409880528,-2.5068917931916417,-109.87942698119126,-2.334681674287725,233.107375,40.19493803488695,-1.912037445906568,222.13,2279771,1787742827,2026-08-26T11:13:47Z,NYSE:WM
10.706803409880528,-2.5068917931916417,-109.87942698119126,-2.334681674287725,233.107375,40.19493803488695,-1.912037445906568,222.13,2279771,1787743010,2026-08-26T11:16:50Z,NYSE:WM
10.706803409880528,-2.5068917931916417,-109.87942698119126,-2.334681674287725,233.107375,40.19493803488695,-1.912037445906568,222.13,2279771,1787743190,2026-08-26T11:19:50Z,NYSE:WM
10.706803409880528,-2.5068917931916417,-109.87942698119126,-2.334681674287725,233.107375,40.19493803488695,-1.912037445906568,222.13,2279771,1787743368,2026-08-26T11:22:48Z,NYSE:WM
10.706803409880528,-2.5068917931916417,-109.87942698119126,-2.334681674287725,233.107375,40.19493803488695,-1.912037445906568,222.13,2279771,1787743550,2026-08-26T11:25:50Z,NYSE:WM
10.706803409880528,-2.5068917931916417,-109.87942698119126,-2.334681674287725,233.107375,40.19493803488695,-1.912037445906568,222.13,2279771,1787743728,2026-08-26T11:28:48Z,NYSE:WM
10.706803409880528,-2.5068917931916417,-109.87942698119126,-2.334681674287725,233.107375,40.19493803488695,-1.912037445906568,222.13,2279771,1787743908,2026-08-26T11:31:48Z,NYSE:WM
10.706803409880528,-2.5068917931916417,-109.87942698119126,-2.334681674287725,233.107375,40.19493803488695,-1.912037445906568,222.13,2279771,1787744090,2026-08-26T11:34:50Z,NYSE:WM
10.706803409880528,-2.5068917931916417,-109.87942698119126,-2.334681674287725,233.107375,40.19493803488695,-1.912037445906568,222.13,2279771,1787744264,2026-08-26T11:37:44Z,NYSE:WM
10.706803409880528,-2.5068917931916417,-109.87942698119126,-2.334681674287725,233.107375,40.19493803488695,-1.912037445906568,222.13,2279771,1787744451,2026-08-26T11:40:51Z,NYSE:WM
10.706803409880528,-2.5068917931916417,-109.87942698119126,-2.334681674287725,233.107375,40.19493803488695,-1.912037445906568,222.13,2279771,1787744625,2026-08-26T11:43:45Z,NYSE:WM
10.706803409880528,-2.5068917931916417,-109.87942698119126,-2.334681674287725,233.107375,40.19493803488695,-1.912037445906568,222.13,2279771,1787744807,2026-08-26T11:46:47Z,NYSE:WM
10.706803409880528,-2.5068917931916417,-109.87942698119126,-2.334681674287725,233.107375,40.19493803488695,-1.912037445906568,222.13,2279771,1787744984,2026-08-26T11:49:44Z,NYSE:WM
10.706803409880528,-2.5068917931916417,-109.87942698119126,-2.334681674287725,233.107375,40.19493803488695,-1.912037445906568,222.13,2279771,1787745166,2026-08-26T11:52:46Z,NYSE:WM
10.706803409880528,-2.5068917931916417,-109.87942698119126,-2.334681674287725,233.107375,40.19493803488695,-1.912037445906568,222.13,2279771,1787745352,2026-08-26T11:55:52Z,NYSE:WM
10.706803409880528,-2.5068917931916417,-109.87942698119126,-2.334681674287725,233.107375,40.19493803488695,-1.912037445906568,222.13,2279771,1787745523,2026-08-26T11:58:43Z,NYSE:WM
10.706803409880528,-2.5068917931916417,-109.87942698119126,-2.334681674287725,233.107375,40.19493803488695,-1.912037445906568,222.13,2279771,1787745709,2026-08-26T12:01:49Z,NYSE:WM
10.706803409880528,-2.5068917931916417,-109.87942698119126,-2.334681674287725,233.107375,40.19493803488695,-1.912037445906568,222.13,2279771,1787745886,2026-08-26T12:04:46Z,NYSE:WM
10.706803409880528,-2.5068917931916417,-109.87942698119126,-2.334681674287725,233.107375,40.19493803488695,-1.912037445906568,222.13,2279771,1787746068,2026-08-26T12:07:48Z,NYSE:WM
10.706803409880528,-2.5068917931916417,-109.87942698119126,-2.334681674287725,233.107375,40.19493803488695,-1.912037445906568,222.13,2279771,1787746247,2026-08-26T12:10:47Z,NYSE:WM
10.706803409880528,-2.5068917931916417,-109.87942698119126,-2.334681674287725,233.107375,40.19493803488695,-1.912037445906568,222.13,2279771,1787746429,2026-08-26T12:13:49Z,NYSE:WM
10.706803409880528,-2.5068917931916417,-109.87942698119126,-2.334681674287725,233.107375,40.19493803488695,-1.912037445906568,222.13,2279771,1787746604,2026-08-26T12:16:44Z,NYSE:WM
10.706803409880528,-2.5068917931916417,-109.87942698119126,-2.334681674287725,233.107375,40.19493803488695,-1.912037445906568,222.13,2279771,1787746788,2026-08-26T12:19:48Z,NYSE:WM
10.706803409880528,-2.5068917931916417,-109.87942698119126,-2.334681674287725,233.107375,40.19493803488695,-1.912037445906568,222.13,2279771,1787746970,2026-08-26T12:22:50Z,NYSE:WM
10.706803409880528,-2.5068917931916417,-109.87942698119126,-2.334681674287725,233.107375,40.19493803488695,-1.912037445906568,222.13,2279771,1787747145,2026-08-26T12:25:45Z,NYSE:WM
10.706803409880528,-2.5068917931916417,-109.87942698119126,-2.334681674287725,233.107375,40.19493803488695,-1.912037445906568,222.13,2279771,1787747329,2026-08-26T12:28:49Z,NYSE:WM
10.706803409880528,-2.5068917931916417,-109.87942698119126,-2.334681674287725,233.107375,40.19493803488695,-1.912037445906568,222.13,2279771,1787747512,2026-08-26T12:31:52Z,NYSE:WM
10.706803409880528,-2.5068917931916417,-109.87942698119126,-2.334681674287725,233.107375,40.19493803488695,-1.912037445906568,222.13,2279771,1787747690,2026-08-26T12:34:50Z,NYSE:WM
10.706803409880528,-2.5068917931916417,-109.87942698119126,-2.334681674287725,233.107375,40.19493803488695,-1.912037445906568,222.13,2279771,1787747869,2026-08-26T12:37:49Z,NYSE:WM
10.706803409880528,-2.5068917931916417,-109.87942698119126,-2.334681674287725,233.107375,40.19493803488695,-1.912037445906568,222.13,2279771,1787748052,2026-08-26T12:40:52Z,NYSE:WM
10.706803409880528,-2.5068917931916417,-109.87942698119126,-2.334681674287725,233.107375,40.19493803488695,-1.912037445906568,222.13,2279771,1787748228,2026-08-26T12:43:48Z,NYSE:WM
10.706803409880528,-2.5068917931916417,-109.87942698119126,-2.334681674287725,233.107375,40.19493803488695,-1.912037445906568,222.13,2279771,1787748405,2026-08-26T12:46:45Z,NYSE:WM
10.706803409880528,-2.5068917931916417,-109.87942698119126,-2.334681674287725,233.107375,40.19493803488695,-1.912037445906568,222.13,2279771,1787748585,2026-08-26T12:49:45Z,NYSE:WM
10.706803409880528,-2.5068917931916417,-109.87942698119126,-2.334681674287725,233.107375,40.19493803488695,-1.912037445906568,222.13,2279771,1787748768,2026-08-26T12:52:48Z,NYSE:WM
10.706803409880528,-2.5068917931916417,-109.87942698119126,-2.334681674287725,233.107375,40.19493803488695,-1.912037445906568,222.13,2279771,1787748946,2026-08-26T12:55:46Z,NYSE:WM
10.706803409880528,-2.5068917931916417,-109.87942698119126,-2.334681674287725,233.107375,40.19493803488695,-1.912037445906568,222.13,2279771,1787749127,2026-08-26T12:58:47Z,NYSE:WM
10.706803409880528,-2.5068917931916417,-109.87942698119126,-2.334681674287725,233.107375,40.19493803488695,-1.912037445906568,222.13,2279771,1787749305,2026-08-26T13:01:45Z,NYSE:WM
10.706803409880528,-2.5068917931916417,-109.87942698119126,-2.334681674287725,233.107375,40.19493803488695,-1.912037445906568,222.13,2279771,1787749487,2026-08-26T13:04:47Z,NYSE:WM
10.706803409880528,-2.5068917931916417,-109.87942698119126,-2.334681674287725,233.107375,40.19493803488695,-1.912037445906568,222.13,2279771,1787749662,2026-08-26T13:07:42Z,NYSE:WM
10.706803409880528,-2.5068917931916417,-109.87942698119126,-2.334681674287725,233.107375,40.19493803488695,-1.912037445906568,222.13,2279771,1787749847,2026-08-26T13:10:47Z,NYSE:WM
10.706803409880528,-2.5068917931916417,-109.87942698119126,-2.334681674287725,233.107375,40.19493803488695,-1.912037445906568,222.13,2279771,1787750029,2026-08-26T13:13:49Z,NYSE:WM
10.706803409880528,-2.5068917931916417,-109.87942698119126,-2.334681674287725,233.107375,40.19493803488695,-1.912037445906568,222.13,2279771,1787750216,2026-08-26T13:16:56Z,NYSE:WM
10.706803409880528,-2.5068917931916417,-109.87942698119126,-2.334681674287725,233.107375,40.19493803488695,-1.912037445906568,222.13,2279771,1787750391,2026-08-26T13:19:51Z,NYSE:WM
10.706803409880528,-2.5068917931916417,-109.87942698119126,-2.334681674287725,233.107375,40.19493803488695,-1.912037445906568,222.13,2279771,1787750573,2026-08-26T13:22:53Z,NYSE:WM
10.706803409880528,-2.5068917931916417,-109.87942698119126,-2.334681674287725,233.107375,40.19493803488695,-1.912037445906568,222.13,2279771,1787750747,2026-08-26T13:25:47Z,NYSE:WM
10.706803409880528,-2.5068917931916417,-109.87942698119126,-2.334681674287725,233.107375,40.19493803488695,-1.912037445906568,222.13,2279771,1787750926,2026-08-26T13:28:46Z,NYSE:WM
10.706803409880528,-2.5068917931916417,-109.87942698119126,-2.334681674287725,233.107375,40.19493803488695,-1.912037445906568,222.13,2279771,1787751105,2026-08-26T13:31:45Z,NYSE:WM
10.706803409880528,-2.5068917931916417,-109.87942698119126,-2.334681674287725,233.107375,40.19493803488695,-1.912037445906568,222.13,2279771,1787751290,2026-08-26T13:34:50Z,NYSE:WM
10.706803409880528,-2.5068917931916417,-109.87942698119126,-2.334681674287725,233.107375,40.19493803488695,-1.912037445906568,222.13,2279771,1787751460,2026-08-26T13:37:40Z,NYSE:WM
10.706803409880528,-2.5068917931916417,-109.87942698119126,-2.334681674287725,233.107375,40.19493803488695,-1.912037445906568,222.13,2279771,1787751655,2026-08-26T13:40:55Z,NYSE:WM
10.706803409880528,-2.5068917931916417,-109.87942698119126,-2.334681674287725,233.107375,40.19493803488695,-1.912037445906568,222.13,2279771,1787751830,2026-08-26T13:43:50Z,NYSE:WM
10.503833052442012,-6.88382153702139,-215.93882171696745,-1.5032243718034226,233.107375,39.14215640195183,-0.2881195696213867,221.49,50970,1787752007,2026-08-26T13:46:47Z,NYSE:WM
10.503833052442012,-6.515250108449948,-195.9811441570144,-1.1429842116966835,233.107375,40.55829387209341,0.0675280241300165,222.28,80205,1787752188,2026-08-26T13:49:48Z,NYSE:WM
10.503833052442012,-6.169535822735696,-193.95807633786387,-1.214142761841223,233.107375,40.17856444035098,-0.0045018682753301,222.12,103364,1787752374,2026-08-26T13:52:54Z,NYSE:WM
10.503833052442012,-5.772392965592843,-172.62155807971754,-0.8516788970424692,233.107375,42.09455017364723,0.3624003961644113,222.935,117257,1787752546,2026-08-26T13:55:46Z,NYSE:WM
10.503833052442012,-5.656678679878581,-178.6868236112036,-1.031798977095839,233.107375,41.15417360239893,0.1800747310133731,222.53,123288,1787752731,2026-08-26T13:58:51Z,NYSE:WM
10.503833052442012,-5.680964394164278,-163.12772423034656,-0.66711140760507,233.107375,43.02747082585157,0.5492279295907797,223.35,136042,1787752908,2026-08-26T14:01:48Z,NYSE:WM
10.503833052442012,-5.57525010844995,-164.65779483494256,-0.7382699577496094,233.107375,42.67137351808062,0.4771980371854329,223.19,150238,1787753085,2026-08-26T14:04:45Z,NYSE:WM
10.503833052442012,-5.409535822735677,-173.44920136699554,-0.9962197020235628,233.107375,41.34233999479178,0.2160896772160528,222.61,159003,1787753268,2026-08-26T14:07:48Z,NYSE:WM
10.503833052442012,-5.515250108449948,-167.85717248184878,-0.8316655548143227,233.107375,42.19718449564504,0.3826588034034098,222.98,167645,1787753445,2026-08-26T14:10:45Z,NYSE:WM
10.503833052442012,-5.420964394164287,-172.8474032318688,-0.9784300644874312,233.107375,41.43597264833204,0.2340971503173863,222.65,184762,1787753630,2026-08-26T14:13:50Z,NYSE:WM
10.503833052442012,-5.335250108449998,-177.34480575190673,-1.1118523460084502,233.107375,40.72635320123608,0.0990411020573533,222.35,193897,1787753810,2026-08-26T14:16:50Z,NYSE:WM
10.503833052442012,-5.256678679878519,-181.4350577474648,-1.2341561040693825,233.107375,40.105048041915055,-0.0247602755143415,222.075,203006,1787753991,2026-08-26T14:19:51Z,NYSE:WM
10.503833052442012,-5.350964394164237,-176.52305267063628,-1.087391594396261,233.107375,40.85773462514791,0.1238013775716948,222.405,215811,1787754170,2026-08-26T14:22:50Z,NYSE:WM
10.503833052442012,-5.366678679878532,-175.7000588396049,-1.0629308427840722,233.107375,40.98853491715674,0.1485616530860363,222.46,231487,1787754348,2026-08-26T14:25:48Z,NYSE:WM
10.503833052442012,-5.4438215370213925,-171.64181709131,-0.9428507894151678,233.107375,41.62234403902856,0.2701120965200533,222.73,247605,1787754532,2026-08-26T14:28:52Z,NYSE:WM
10.503833052442012,-5.332392965592817,-177.49408231856137,-1.1162997553924798,233.107375,40.70240293122173,0.0945392337820231,222.34,263291,1787754707,2026-08-26T14:31:47Z,NYSE:WM
10.503833052442012,-5.32525010844995,-177.86709480388538,-1.1274182788525668,233.107375,40.64244249321676,0.0832845630936849,222.315,277164,1787754887,2026-08-26T14:34:47Z,NYSE:WM
10.503833052442012,-5.397250108449953,-174.0953962441018,-1.015343562374911,233.107375,41.24135039127811,0.1967316436321126,222.567,289334,1787755073,2026-08-26T14:37:53Z,NYSE:WM
10.503833052442012,-5.298107251307101,-179.28221517490434,-1.1696686680008874,233.107375,40.41348265924191,0.0405168144780099,222.22,296891,1787755244,2026-08-26T14:40:44Z,NYSE:WM
10.503833052442012,-5.216678679878555,-183.50559110944403,-1.2964198354458494,233.107375,39.878041096049806,-0.087786431369015,221.935,314361,1787755430,2026-08-26T14:43:50Z,NYSE:WM
10.503833052442012,-5.083821537021379,-190.32637536550703,-1.5032243718034226,233.107375,39.14215640195183,-0.2971233061720599,221.47,328233,1787755610,2026-08-26T14:46:50Z,NYSE:WM
10.503833052442012,-5.0209643941642526,-193.5235667459498,-1.6010673782521656,233.107375,38.80337838612895,-0.3961644082294132,221.25,348853,1787755792,2026-08-26T14:49:52Z,NYSE:WM
10.543173342756154,-5.084535822735717,-200.04025986398284,-1.735601512119192,233.107375,38.3470212932057,-0.5323459235582788,220.9475,366516,1787755970,2026-08-26T14:52:50Z,NYSE:WM
10.679736631115576,-5.458821537021379,-215.52194011465207,-1.985768289971093,233.107375,37.5263509309456,-0.7855760140458311,220.385,381764,1787756148,2026-08-26T14:55:48Z,NYSE:WM
10.688472242732583,-5.5638215370214255,-212.5944807086309,-1.8768067600622635,233.107375,37.87943995859517,-0.6752802413001395,220.63,395187,1787756330,2026-08-26T14:58:50Z,NYSE:WM
10.688472242732583,-5.578107251307102,-211.8950615809211,-1.8545697131420893,233.107375,37.95231689373064,-0.652770899923463,220.68,428428,1787756513,2026-08-26T15:01:53Z,NYSE:WM
10.688472242732583,-5.555250108449997,-213.01368712884585,-1.8901489882143647,233.107375,37.8358479853229,-0.6887858461261429,220.6,447201,1787756690,2026-08-26T15:04:50Z,NYSE:WM
10.688472242732583,-5.646678679878534,-208.52488814688093,-1.7478318879252863,233.107375,38.306065991129856,-0.5447260613154494,220.92,457280,1787756873,2026-08-26T15:07:53Z,NYSE:WM
10.688472242732583,-5.632392965592857,-209.2287824481742,-1.770068934845448,233.107375,38.23182549855826,-0.5672354026921131,220.87,466106,1787757053,2026-08-26T15:10:53Z,NYSE:WM
10.688472242732583,-5.658107251307143,-207.96109762799043,-1.7300422503891424,233.107375,38.36566630426429,-0.5267185882141032,220.96,477045,1787757229,2026-08-26T15:13:49Z,NYSE:WM
10.688472242732583,-5.723821537021394,-204.7076072617215,-1.6277518345563695,233.107375,38.7119997549752,-0.4231756178814198,221.19,493672,1787757405,2026-08-26T15:16:45Z,NYSE:WM
10.688472242732583,-5.7295358227356985,-204.42374978948388,-1.618857015788297,233.107375,38.74241144138287,-0.4141718813307466,221.21,506772,1787757593,2026-08-26T15:19:53Z,NYSE:WM
10.688472242732583,-5.783821537021396,-201.7195161058183,-1.5343562374916562,233.107375,39.03372351465365,-0.3286363840993966,221.4,515758,1787757771,2026-08-26T15:22:51Z,NYSE:WM
10.688472242732583,-5.836678679878531,-199.0731835741056,-1.4520791638870298,233.107375,39.32160998420509,-0.2453518210057117,221.585,550885,1787757947,2026-08-26T15:25:47Z,NYSE:WM
10.688472242732583,-5.923821537021382,-194.6814776050892,-1.3164331776740084,233.107375,39.805619353766005,-0.1080448386080264,221.89,572111,1787758130,2026-08-26T15:28:50Z,NYSE:WM
10.688472242732583,-5.938107251307116,-193.95807633786387,-1.2941961307538343,233.107375,39.8861042266326,-0.08553549723135,221.94,583204,1787758309,2026-08-26T15:31:49Z,NYSE:WM
10.688472242732583,-5.8938215370214095,-196.1974489236833,-1.3631309762063588,233.107375,39.63765393425671,-0.1553144554990315,221.785,601855,1787758487,2026-08-26T15:34:47Z,NYSE:WM
10.688472242732583,-5.938107251307116,-193.95807633786387,-1.2941961307538343,233.107375,39.8861042266326,-0.08553549723135,221.94,615458,1787758668,2026-08-26T15:37:48Z,NYSE:WM
10.688472242732583,-5.989535822735689,-191.345728018625,-1.214142761841223,233.107375,40.17856444035098,-0.0045018682753301,222.12,629385,1787758847,2026-08-26T15:40:47Z,NYSE:WM
10.688472242732583,-5.872392965592809,-197.27766311370644,-1.3964865465866072,233.107375,39.51854388844658,-0.1890784675640334,221.71,641993,1787759029,2026-08-26T15:43:49Z,NYSE:WM
10.688472242732583,-5.865250108449999,-197.6372502075588,-1.4076050700466942,233.107375,39.47899945727099,-0.2003331382523716,221.685,655484,1787759207,2026-08-26T15:46:47Z,NYSE:WM
10.688472242732583,-5.849535822735703,-198.427491216778,-1.4320658216588833,233.107375,39.39227967192633,-0.2250934137667132,221.63,690793,1787759386,2026-08-26T15:49:46Z,NYSE:WM
10.688472242732583,-5.823821537021416,-199.71809583128908,-1.472092506115189,233.107375,39.25119340502453,-0.2656102282447231,221.54,702080,1787759566,2026-08-26T15:52:46Z,NYSE:WM
10.688472242732583,-5.8166786798785495,-200.07604385849925,-1.483211029575276,233.107375,39.212181951126055,-0.2768648989330613,221.515,713060,1787759754,2026-08-26T15:55:54Z,NYSE:WM
10.688472242732583,-5.799535822735692,-200.9341400011964,-1.509895485879467,233.107375,39.11887009800764,-0.3038761085850551,221.455,723160,1787759927,2026-08-26T15:58:47Z,NYSE:WM
10.688472242732583,-5.843821537021398,-198.7145619970574,-1.4409606404269428,233.107375,39.36083958657044,-0.2340971503173735,221.61,730147,1787760106,2026-08-26T16:01:46Z,NYSE:WM
10.688472242732583,-5.812392965592807,-200.2906974143833,-1.4898821436513203,233.107375,39.188812278854805,-0.2836177013460565,221.5,742361,1787760289,2026-08-26T16:04:49Z,NYSE:WM
10.688472242732583,-5.8938215370214095,-196.1974489236833,-1.3631309762063588,233.107375,39.63765393425671,-0.1553144554990315,221.785,748714,1787760473,2026-08-26T16:07:53Z,NYSE:WM
10.688472242732583,-5.912392965592829,-195.2594965090818,-1.33422281521014,233.107375,39.74146494579438,-0.1260523117093599,221.85,752934,1787760651,2026-08-26T16:10:51Z,NYSE:WM
10.688472242732583,-5.915250108449953,-195.1150502291277,-1.3297754058260978,233.107375,39.75748415300489,-0.1215504434340169,221.86,756888,1787760824,2026-08-26T16:13:44Z,NYSE:WM
10.688472242732583,-6.045250108449949,-188.5012877834009,-1.1274182788525668,233.107375,40.64244249321676,0.0832845630936849,222.315,772644,1787761006,2026-08-26T16:16:46Z,NYSE:WM
10.688472242732583,-6.000964394164242,-190.7634773364321,-1.196353124305091,233.107375,40.26796414839789,0.0135056048260033,222.16,779776,1787761186,2026-08-26T16:19:46Z,NYSE:WM
10.688472242732583,-6.0181072513071,-189.8889180916345,-1.1696686680008874,233.107375,40.41348265924191,0.0405168144780099,222.22,789711,1787761367,2026-08-26T16:22:47Z,NYSE:WM
10.688472242732583,-5.950964394164288,-193.30617992194,-1.2741827885256751,233.107375,39.95881939841623,-0.0652770899923386,221.985,797966,1787761545,2026-08-26T16:25:45Z,NYSE:WM
10.688472242732583,-6.026678679878529,-189.4511050814296,-1.1563264398487856,233.107375,40.485976355226406,0.0540224193040132,222.25,807446,1787761724,2026-08-26T16:28:44Z,NYSE:WM
10.688472242732583,-6.055250108449997,-187.98915359495493,-1.1118523460084502,233.107375,40.72635320123608,0.0990411020573533,222.35,812864,1787761909,2026-08-26T16:31:49Z,NYSE:WM
10.688472242732583,-6.049535822735692,-188.2818612619197,-1.1207471647765097,233.107375,40.6784332985619,0.0900373655066929,222.33,817116,1787762087,2026-08-26T16:34:47Z,NYSE:WM
10.688472242732583,-5.992392965592813,-191.20022443710576,-1.2096953524571932,233.107375,40.19493803488695,0.0,222.13,825720,1787762268,2026-08-26T16:37:48Z,NYSE:WM
10.688472242732583,-6.015250108449976,-190.03477668776844,-1.1741160773849173,233.107375,40.389278831678034,0.0360149462026797,222.21,832351,1787762444,2026-08-26T16:40:44Z,NYSE:WM
10.688472242732583,-6.026678679878529,-189.4511050814296,-1.1563264398487856,233.107375,40.485976355226406,0.0540224193040132,222.25,838717,1787762627,2026-08-26T16:43:47Z,NYSE:WM
10.688472242732583,-5.960964394164279,-192.7986013343312,-1.2586168556815585,233.107375,40.01555920298716,-0.0495205510286702,222.02,846772,1787762805,2026-08-26T16:46:45Z,NYSE:WM
10.688472242732583,-6.015250108449976,-190.03477668776844,-1.1741160773849173,233.107375,40.389278831678034,0.0360149462026797,222.21,855155,1787762990,2026-08-26T16:49:50Z,NYSE:WM
10.688472242732583,-5.9809643941642605,-191.78200263081948,-1.227484989993325,233.107375,40.1295235973671,-0.0180074731013334,222.09,861427,1787763168,2026-08-26T16:52:48Z,NYSE:WM
10.688472242732583,-5.955250108449974,-193.08870500790027,-1.2675116744496306,233.107375,39.983116742556064,-0.0585242875793433,222.0,867245,1787763346,2026-08-26T16:55:46Z,NYSE:WM
10.688472242732583,-5.960935822735706,-192.80005224270155,-1.2586613297754004,233.107375,40.01539685972391,-0.049565569711425,222.0199,875960,1787763528,2026-08-26T16:58:48Z,NYSE:WM
10.688472242732583,-5.94096439416424,-193.8132789081679,-1.289748721369805,233.107375,39.902240273691554,-0.0810336289560198,221.95,882299,1787763709,2026-08-26T17:01:49Z,NYSE:WM
10.688472242732583,-5.923821537021382,-194.6814776050892,-1.3164331776740084,233.107375,39.805619353766005,-0.1080448386080264,221.89,890661,1787763889,2026-08-26T17:04:49Z,NYSE:WM
10.688472242732583,-5.932392965592811,-194.2475539735765,-1.3030909495219063,233.107375,39.85387125236349,-0.0945392337820231,221.92,896135,1787764071,2026-08-26T17:07:51Z,NYSE:WM
10.688472242732583,-5.898107251307096,-195.98114415701312,-1.3564598621303017,233.107375,39.6615621556659,-0.1485616530860235,221.8,902096,1787764251,2026-08-26T17:10:51Z,NYSE:WM
10.688472242732583,-5.870964394164247,-197.34959988373905,-1.3987102512786225,233.107375,39.51062866588542,-0.1913294017016985,221.705,907171,1787764427,2026-08-26T17:13:47Z,NYSE:WM
10.688472242732583,-5.913821537021391,-195.18727823731112,-1.3319991105181253,233.107375,39.74947293544746,-0.1238013775716948,221.855,915180,1787764610,2026-08-26T17:16:50Z,NYSE:WM
10.688472242732583,-5.913107251307139,-195.2233885901248,-1.3331109628641329,233.107375,39.745468537254816,-0.1249268446405273,221.8525,917403,1787764789,2026-08-26T17:19:49Z,NYSE:WM
10.688472242732583,-5.880964394164238,-196.8458391548256,-1.3831443184345054,233.107375,39.56610190202525,-0.1755728627380301,221.74,923363,1787764968,2026-08-26T17:22:48Z,NYSE:WM
10.688472242732583,-5.849535822735703,-198.427491216778,-1.4320658216588833,233.107375,39.39227967192633,-0.2250934137667132,221.63,929894,1787765146,2026-08-26T17:25:46Z,NYSE:WM
10.688472242732583,-5.816935822735701,-200.06316189707275,-1.4828107627307123,233.107375,39.21358501783385,-0.2764597307882805,221.5159,938824,1787765327,2026-08-26T17:28:47Z,NYSE:WM
10.688472242732583,-5.840964394164274,-198.8580395359953,-1.4454080498109851,233.107375,39.345138356296815,-0.2385990185927164,221.6,946188,1787765508,2026-08-26T17:31:48Z,NYSE:WM
10.688472242732583,-5.837850108449999,-199.014386147296,-1.4502557260395783,233.107375,39.3280382775144,-0.2435060550128273,221.5891,950512,1787765684,2026-08-26T17:34:44Z,NYSE:WM
10.688472242732583,-5.835250108449969,-199.1448789891624,-1.454302868579045,233.107375,39.31377344557457,-0.2476027551433768,221.58,959759,1787765882,2026-08-26T17:38:02Z,NYSE:WM
10.688472242732583,-5.85667867987857,-198.06843563900125,-1.4209472981987965,233.107375,39.4316504802553,-0.2138387430783749,221.655,963475,1787766051,2026-08-26T17:40:51Z,NYSE:WM
10.688472242732583,-5.828107251307102,-199.503211669404,-1.4654213920391317,233.107375,39.2746375589013,-0.258857425831715,221.555,970477,1787766230,2026-08-26T17:43:50Z,NYSE:WM
10.688472242732583,-5.840964394164274,-198.8580395359953,-1.4454080498109851,233.107375,39.345138356296815,-0.2385990185927164,221.6,978185,1787766408,2026-08-26T17:46:48Z,NYSE:WM
10.688472242732583,-5.830964394164283,-199.35990746856257,-1.460973982655102,233.107375,39.29028255973284,-0.2543555575563848,221.565,989468,1787766586,2026-08-26T17:49:46Z,NYSE:WM
10.688472242732583,-5.855250108449951,-198.14026606292737,-1.423171002890811,233.107375,39.42377002395196,-0.21608967721604,221.65,993538,1787766768,2026-08-26T17:52:48Z,NYSE:WM
10.688472242732583,-5.846678679878522,-198.571045895834,-1.436513231042913,233.107375,39.37655335344004,-0.2295952820420433,221.62,999570,1787766946,2026-08-26T17:55:46Z,NYSE:WM
10.688472242732583,-5.855250108449951,-198.14026606292737,-1.423171002890811,233.107375,39.42377002395196,-0.21608967721604,221.65,1009984,1787767130,2026-08-26T17:58:50Z,NYSE:WM
10.688472242732583,-5.849535822735703,-198.427491216778,-1.4320658216588833,233.107375,39.39227967192633,-0.2250934137667132,221.63,1012555,1787767303,2026-08-26T18:01:43Z,NYSE:WM
10.688472242732583,-5.93382153702143,-194.1751992126628,-1.300867244829879,233.107375,39.86192461089034,-0.0922882996443452,221.925,1021187,1787767487,2026-08-26T18:04:47Z,NYSE:WM
10.688472242732583,-5.923821537021382,-194.6814776050892,-1.3164331776740084,233.107375,39.805619353766005,-0.1080448386080264,221.89,1024291,1787767667,2026-08-26T18:07:47Z,NYSE:WM
10.688472242732583,-5.929535822735687,-194.3922342112209,-1.3075383589059364,233.107375,39.837774293552414,-0.0990411020573533,221.91,1041772,1787767852,2026-08-26T18:10:52Z,NYSE:WM
10.688472242732583,-5.918107251307134,-194.9705649956537,-1.325327996442068,233.107375,39.77351627964243,-0.1170485751586867,221.87,1048941,1787768028,2026-08-26T18:13:48Z,NYSE:WM
10.688472242732583,-5.912392965592829,-195.2594965090818,-1.33422281521014,233.107375,39.74146494579438,-0.1260523117093599,221.85,1054699,1787768206,2026-08-26T18:16:46Z,NYSE:WM
10.688472242732583,-5.9038215370214,-195.6926017852803,-1.347565043362242,233.107375,39.69348468474787,-0.1395579165353632,221.82,1059814,1787768388,2026-08-26T18:19:48Z,NYSE:WM
10.688472242732583,-5.886678679878543,-196.5577627162868,-1.3742494996664458,233.107375,39.5978708876889,-0.1665691261873698,221.76,1065937,1787768564,2026-08-26T18:22:44Z,NYSE:WM
10.688472242732583,-5.8938215370214095,-196.1974489236833,-1.3631309762063588,233.107375,39.63765393425671,-0.1553144554990315,221.785,1070979,1787768743,2026-08-26T18:25:43Z,NYSE:WM
10.688472242732583,-5.9052501084499625,-195.620441890656,-1.345341338670227,233.107375,39.70147334788078,-0.1373069823976981,221.825,1080769,1787768925,2026-08-26T18:28:45Z,NYSE:WM
10.688472242732583,-5.9038215370214,-195.6926017852803,-1.347565043362242,233.107375,39.69348468474787,-0.1395579165353632,221.82,1086909,1787769106,2026-08-26T18:31:46Z,NYSE:WM
10.688472242732583,-5.878107251307114,-196.98981921866115,-1.3875917278185477,233.107375,39.55023651748871,-0.1800747310133731,221.73,1093532,1787769285,2026-08-26T18:34:45Z,NYSE:WM
10.688472242732583,-5.872392965592809,-197.27766311370644,-1.3964865465866072,233.107375,39.51854388844658,-0.1890784675640334,221.71,1100928,1787769466,2026-08-26T18:37:46Z,NYSE:WM
10.688472242732583,-5.842392965592836,-198.78630558583905,-1.4431843451189703,233.107375,39.352987405296965,-0.2363480844550514,221.605,1111529,1787769652,2026-08-26T18:40:52Z,NYSE:WM
10.688472242732583,-5.820964394164236,-199.8613038688878,-1.4765399154992187,233.107375,39.23557951234973,-0.2701120965200533,221.53,1116710,1787769845,2026-08-26T18:44:05Z,NYSE:WM
10.688472242732583,-5.780964394164272,-201.86218741373648,-1.5388036468756985,233.107375,39.018282125123925,-0.3331382523747396,221.39,1129447,1787770007,2026-08-26T18:46:47Z,NYSE:WM
10.688472242732583,-5.793192965592851,-201.2512857358422,-1.519768734712034,233.107375,39.08445717095907,-0.3138702561563091,221.4328,1140131,1787770204,2026-08-26T18:50:04Z,NYSE:WM
10.688472242732583,-5.772392965592843,-202.28997206499923,-1.5521458750277877,233.107375,38.972031171341335,-0.30162517444739,221.46,1148666,1787770367,2026-08-26T18:52:47Z,NYSE:WM
10.688472242732583,-5.760964394164233,-202.8598172036765,-1.569935512563932,233.107375,38.91053352836098,-0.3646513303020764,221.32,1159525,1787770548,2026-08-26T18:55:48Z,NYSE:WM
10.688472242732583,-5.7295358227356985,-204.42374978948388,-1.618857015788297,233.107375,38.74241144138287,-0.4141718813307466,221.21,1167319,1787770727,2026-08-26T18:58:47Z,NYSE:WM
10.688472242732583,-5.70953582273566,-205.41658766547133,-1.6499888814765435,233.107375,38.6361790125121,-0.4456849592580962,221.14,1175379,1787770902,2026-08-26T19:01:42Z,NYSE:WM
10.688472242732583,-5.682392965592811,-206.76104570838297,-1.692239270624864,233.107375,38.49293481073305,-0.4884527078737712,221.045,1182619,1787771085,2026-08-26T19:04:45Z,NYSE:WM
10.688472242732583,-5.803821537021378,-200.71974543361893,-1.5032243718034226,233.107375,39.14215640195183,-0.2971233061720599,221.47,1209452,1787771271,2026-08-26T19:07:51Z,NYSE:WM
10.688472242732583,-5.772392965592843,-202.28997206499923,-1.5521458750277877,233.107375,38.972031171341335,-0.3466438572007301,221.36,1238407,1787771443,2026-08-26T19:10:43Z,NYSE:WM
10.688472242732583,-5.740964394164251,-203.85557935760897,-1.6010673782521656,233.107375,38.80337838612895,-0.3961644082294132,221.25,1269253,1787771628,2026-08-26T19:13:48Z,NYSE:WM
10.688472242732583,-5.74953582273568,-203.4290525023867,-1.5877251501000638,233.107375,38.849229665456754,-0.3826588034034098,221.28,1295351,1787771808,2026-08-26T19:16:48Z,NYSE:WM
10.688472242732583,-5.740964394164251,-203.85557935760897,-1.6010673782521656,233.107375,38.80337838612895,-0.3961644082294132,221.25,1302738,1787771988,2026-08-26T19:19:48Z,NYSE:WM
10.688472242732583,-5.659535822735705,-207.890581567368,-1.7278185456971271,233.107375,38.37312938637739,-0.5244676540764381,220.965,1341551,1787772177,2026-08-26T19:22:57Z,NYSE:WM
10.688472242732583,-5.638107251307105,-208.9473371358207,-1.7611741160773886,233.107375,38.26148713650554,-0.5582316661414528,220.89,1372624,1787772350,2026-08-26T19:25:50Z,NYSE:WM
10.688472242732583,-5.68382153702143,-206.6903696906935,-1.6900155659328366,233.107375,38.50044749363715,-0.4862017737360933,221.05,1405634,1787772532,2026-08-26T19:28:52Z,NYSE:WM
10.688472242732583,-5.752392965592804,-203.2868007966612,-1.583277740716034,233.107375,38.86453751440904,-0.3781569351280797,221.29,1417818,1787772709,2026-08-26T19:31:49Z,NYSE:WM
10.688472242732583,-5.766678679878538,-202.5749709255675,-1.56104069379586,233.107375,38.941258069961904,-0.3556475937514032,221.34,1424442,1787772891,2026-08-26T19:34:51Z,NYSE:WM
10.688472242732583,-5.692392965592859,-206.26611556867664,-1.6766733377807346,233.107375,38.54558524591211,-0.47269616891009,221.08,1442129,1787773071,2026-08-26T19:37:51Z,NYSE:WM
10.688472242732583,-5.74953582273568,-203.4290525023867,-1.5877251501000638,233.107375,38.849229665456754,-0.3826588034034098,221.28,1450641,1787773246,2026-08-26T19:40:46Z,NYSE:WM
10.688472242732583,-5.780678679878548,-201.87645244204583,-1.5392483878140917,233.107375,39.01673865807662,-0.3335884392022624,221.389,1463675,1787773430,2026-08-26T19:43:50Z,NYSE:WM
10.688472242732583,-5.736678679878565,-204.06871448228603,-1.6077384923282103,233.107375,38.78049330904385,-0.4029172106424084,221.235,1484098,1787773613,2026-08-26T19:46:53Z,NYSE:WM
10.688472242732583,-5.743821537021375,-203.7134417675963,-1.596619968868136,233.107375,38.81865011553776,-0.391662539954083,221.26,1500423,1787773787,2026-08-26T19:49:47Z,NYSE:WM
10.688472242732583,-5.698107251307107,-205.98309076235512,-1.6677785190126753,233.107375,38.575735925976055,-0.4636924323594297,221.1,1520046,1787773970,2026-08-26T19:52:50Z,NYSE:WM
10.688472242732583,-5.739535822735689,-203.9266338986404,-1.6032910829441804,233.107375,38.79574702660151,-0.3984153423670782,221.245,1540713,1787774154,2026-08-26T19:55:54Z,NYSE:WM
10.688472242732583,-5.818107251307112,-200.004473468288,-1.4809873248832484,233.107375,39.21997803696379,-0.2746139647953834,221.52,1560542,1787774328,2026-08-26T19:58:48Z,NYSE:WM
10.688472242732583,-5.778107251307091,-202.0048204993361,-1.543251056259728,233.107375,39.00285294771254,-0.3376401206500697,221.38,1578959,1787774510,2026-08-26T20:01:50Z,NYSE:WM
10.688472242732583,-5.780964394164272,-201.86218741373648,-1.5388036468756985,233.107375,39.018282125123925,-0.3331382523747396,221.39,1601095,1787774688,2026-08-26T20:04:48Z,NYSE:WM
10.688472242732583,-5.800964394164254,-200.86268472849363,-1.5076717811874525,233.107375,39.126629120178414,-0.30162517444739,221.46,1633147,1787774869,2026-08-26T20:07:49Z,NYSE:WM
10.688472242732583,-5.809535822735683,-200.43375179200083,-1.4943295530353504,233.107375,39.173247966588775,-0.2881195696213867,221.49,1671340,1787775048,2026-08-26T20:10:48Z,NYSE:WM
10.688472242732583,-5.738107251307127,-203.9976789395664,-1.6055147876361957,233.107375,38.78811866816313,-0.4006662765047433,221.24,1754732,1787775228,2026-08-26T20:13:48Z,NYSE:WM
10.688472242732583,-5.738107251307127,-203.9976789395664,-1.6055147876361957,233.107375,38.78811866816313,-0.4006662765047433,221.24,2356677,1787775411,2026-08-26T20:16:51Z,NYSE:WM
10.688472242732583,-5.738107251307127,-203.9976789395664,-1.6055147876361957,233.107375,38.78811866816313,-0.4006662765047433,221.24,2356688,1787775589,2026-08-26T20:19:49Z,NYSE:WM
10.688472242732583,-5.738107251307127,-203.9976789395664,-1.6055147876361957,233.107375,38.78811866816313,-0.4006662765047433,221.24,2464610,1787775766,2026-08-26T20:22:46Z,NYSE:WM
10.688472242732583,-5.738107251307127,-203.9976789395664,-1.6055147876361957,233.107375,38.78811866816313,-0.4006662765047433,221.24,2464796,1787775950,2026-08-26T20:25:50Z,NYSE:WM
10.688472242732583,-5.738107251307127,-203.9976789395664,-1.6055147876361957,233.107375,38.78811866816313,-0.4006662765047433,221.24,2464801,1787776126,2026-08-26T20:28:46Z,NYSE:WM
10.688472242732583,-5.738107251307127,-203.9976789395664,-1.6055147876361957,233.107375,38.78811866816313,-0.4006662765047433,221.24,2464803,1787776309,2026-08-26T20:31:49Z,NYSE:WM
10.688472242732583,-5.738107251307127,-203.9976789395664,-1.6055147876361957,233.107375,38.78811866816313,-0.4006662765047433,221.24,2464925,1787776484,2026-08-26T20:34:44Z,NYSE:WM
10.688472242732583,-5.738107251307127,-203.9976789395664,-1.6055147876361957,233.107375,38.78811866816313,-0.4006662765047433,221.24,2465027,1787776668,2026-08-26T20:37:48Z,NYSE:WM
10.688472242732583,-5.738107251307127,-203.9976789395664,-1.6055147876361957,233.107375,38.78811866816313,-0.4006662765047433,221.24,2465027,1787776847,2026-08-26T20:40:47Z,NYSE:WM
10.688472242732583,-5.738107251307127,-203.9976789395664,-1.6055147876361957,233.107375,38.78811866816313,-0.4006662765047433,221.24,2465027,1787777027,2026-08-26T20:43:47Z,NYSE:WM
10.688472242732583,-5.738107251307127,-203.9976789395664,-1.6055147876361957,233.107375,38.78811866816313,-0.4006662765047433,221.24,2465038,1787777211,2026-08-26T20:46:51Z,NYSE:WM
10.688472242732583,-5.738107251307127,-203.9976789395664,-1.6055147876361957,233.107375,38.78811866816313,-0.4006662765047433,221.24,2465042,1787777389,2026-08-26T20:49:49Z,NYSE:WM
10.688472242732583,-5.738107251307127,-203.9976789395664,-1.6055147876361957,233.107375,38.78811866816313,-0.4006662765047433,221.24,2465062,1787777564,2026-08-26T20:52:44Z,NYSE:WM
10.688472242732583,-5.738107251307127,-203.9976789395664,-1.6055147876361957,233.107375,38.78811866816313,-0.4006662765047433,221.24,2465062,1787777743,2026-08-26T20:55:43Z,NYSE:WM
10.688472242732583,-5.738107251307127,-203.9976789395664,-1.6055147876361957,233.107375,38.78811866816313,-0.4006662765047433,221.24,2465072,1787777927,2026-08-26T20:58:47Z,NYSE:WM
10.688472242732583,-5.738107251307127,-203.9976789395664,-1.6055147876361957,233.107375,38.78811866816313,-0.4006662765047433,221.24,2465155,1787778107,2026-08-26T21:01:47Z,NYSE:WM
10.688472242732583,-5.738107251307127,-203.9976789395664,-1.6055147876361957,233.107375,38.78811866816313,-0.4006662765047433,221.24,2465159,1787778291,2026-08-26T21:04:51Z,NYSE:WM
10.688472242732583,-5.738107251307127,-203.9976789395664,-1.6055147876361957,233.107375,38.78811866816313,-0.4006662765047433,221.24,2465159,1787778469,2026-08-26T21:07:49Z,NYSE:WM
10.688472242732583,-5.738107251307127,-203.9976789395664,-1.6055147876361957,233.107375,38.78811866816313,-0.4006662765047433,221.24,2465159,1787778645,2026-08-26T21:10:45Z,NYSE:WM
10.688472242732583,-5.738107251307127,-203.9976789395664,-1.6055147876361957,233.107375,38.78811866816313,-0.4006662765047433,221.24,2465159,1787778829,2026-08-26T21:13:49Z,NYSE:WM
10.688472242732583,-5.738107251307127,-203.9976789395664,-1.6055147876361957,233.107375,38.78811866816313,-0.4006662765047433,221.24,2465159,1787779006,2026-08-26T21:16:46Z,NYSE:WM
10.688472242732583,-5.738107251307127,-203.9976789395664,-1.6055147876361957,233.107375,38.78811866816313,-0.4006662765047433,221.24,2465159,1787779183,2026-08-26T21:19:43Z,NYSE:WM
10.688472242732583,-5.738107251307127,-203.9976789395664,-1.6055147876361957,233.107375,38.78811866816313,-0.4006662765047433,221.24,2465427,1787779364,2026-08-26T21:22:44Z,NYSE:WM
10.688472242732583,-5.738107251307127,-203.9976789395664,-1.6055147876361957,233.107375,38.78811866816313,-0.4006662765047433,221.24,2465477,1787779543,2026-08-26T21:25:43Z,NYSE:WM
10.688472242732583,-5.738107251307127,-203.9976789395664,-1.6055147876361957,233.107375,38.78811866816313,-0.4006662765047433,221.24,2466805,1787779726,2026-08-26T21:28:46Z,NYSE:WM
10.688472242732583,-5.738107251307127,-203.9976789395664,-1.6055147876361957,233.107375,38.78811866816313,-0.4006662765047433,221.24,2466856,1787779908,2026-08-26T21:31:48Z,NYSE:WM
10.688472242732583,-5.738107251307127,-203.9976789395664,-1.6055147876361957,233.107375,38.78811866816313,-0.4006662765047433,221.24,2466861,1787780087,2026-08-26T21:34:47Z,NYSE:WM
10.688472242732583,-5.738107251307127,-203.9976789395664,-1.6055147876361957,233.107375,38.78811866816313,-0.4006662765047433,221.24,2466873,1787780268,2026-08-26T21:37:48Z,NYSE:WM
10.688472242732583,-5.738107251307127,-203.9976789395664,-1.6055147876361957,233.107375,38.78811866816313,-0.4006662765047433,221.24,2466873,1787780448,2026-08-26T21:40:48Z,NYSE:WM
10.688472242732583,-5.738107251307127,-203.9976789395664,-1.6055147876361957,233.107375,38.78811866816313,-0.4006662765047433,221.24,2466873,1787780628,2026-08-26T21:43:48Z,NYSE:WM
10.688472242732583,-5.738107251307127,-203.9976789395664,-1.6055147876361957,233.107375,38.78811866816313,-0.4006662765047433,221.24,2466906,1787780810,2026-08-26T21:46:50Z,NYSE:WM
10.688472242732583,-5.738107251307127,-203.9976789395664,-1.6055147876361957,233.107375,38.78811866816313,-0.4006662765047433,221.24,2466954,1787780985,2026-08-26T21:49:45Z,NYSE:WM
10.688472242732583,-5.738107251307127,-203.9976789395664,-1.6055147876361957,233.107375,38.78811866816313,-0.4006662765047433,221.24,2466984,1787781168,2026-08-26T21:52:48Z,NYSE:WM
10.688472242732583,-5.738107251307127,-203.9976789395664,-1.6055147876361957,233.107375,38.78811866816313,-0.4006662765047433,221.24,2467027,1787781347,2026-08-26T21:55:47Z,NYSE:WM
10.688472242732583,-5.738107251307127,-203.9976789395664,-1.6055147876361957,233.107375,38.78811866816313,-0.4006662765047433,221.24,2467027,1787781522,2026-08-26T21:58:42Z,NYSE:WM
10.688472242732583,-5.738107251307127,-203.9976789395664,-1.6055147876361957,233.107375,38.78811866816313,-0.4006662765047433,221.24,2467027,1787781715,2026-08-26T22:01:55Z,NYSE:WM
10.688472242732583,-5.738107251307127,-203.9976789395664,-1.6055147876361957,233.107375,38.78811866816313,-0.4006662765047433,221.24,2467027,1787781888,2026-08-26T22:04:48Z,NYSE:WM
10.688472242732583,-5.738107251307127,-203.9976789395664,-1.6055147876361957,233.107375,38.78811866816313,-0.4006662765047433,221.24,2467027,1787782063,2026-08-26T22:07:43Z,NYSE:WM
10.688472242732583,-5.738107251307127,-203.9976789395664,-1.6055147876361957,233.107375,38.78811866816313,-0.4006662765047433,221.24,2467027,1787782247,2026-08-26T22:10:47Z,NYSE:WM
10.688472242732583,-5.738107251307127,-203.9976789395664,-1.6055147876361957,233.107375,38.78811866816313,-0.4006662765047433,221.24,2467027,1787782428,2026-08-26T22:13:48Z,NYSE:WM
10.688472242732583,-5.738107251307127,-203.9976789395664,-1.6055147876361957,233.107375,38.78811866816313,-0.4006662765047433,221.24,2467092,1787782605,2026-08-26T22:16:45Z,NYSE:WM
10.688472242732583,-5.738107251307127,-203.9976789395664,-1.6055147876361957,233.107375,38.78811866816313,-0.4006662765047433,221.24,2467092,1787782791,2026-08-26T22:19:51Z,NYSE:WM
10.688472242732583,-5.738107251307127,-203.9976789395664,-1.6055147876361957,233.107375,38.78811866816313,-0.4006662765047433,221.24,2467092,1787782965,2026-08-26T22:22:45Z,NYSE:WM
10.688472242732583,-5.738107251307127,-203.9976789395664,-1.6055147876361957,233.107375,38.78811866816313,-0.4006662765047433,221.24,2467222,1787783147,2026-08-26T22:25:47Z,NYSE:WM
10.688472242732583,-5.738107251307127,-203.9976789395664,-1.6055147876361957,233.107375,38.78811866816313,-0.4006662765047433,221.24,2467222,1787783328,2026-08-26T22:28:48Z,NYSE:WM
10.688472242732583,-5.738107251307127,-203.9976789395664,-1.6055147876361957,233.107375,38.78811866816313,-0.4006662765047433,221.24,2467222,1787783503,2026-08-26T22:31:43Z,NYSE:WM
10.688472242732583,-5.738107251307127,-203.9976789395664,-1.6055147876361957,233.107375,38.78811866816313,-0.4006662765047433,221.24,2467222,1787783686,2026-08-26T22:34:46Z,NYSE:WM
10.688472242732583,-5.738107251307127,-203.9976789395664,-1.6055147876361957,233.107375,38.78811866816313,-0.4006662765047433,221.24,2467222,1787783867,2026-08-26T22:37:47Z,NYSE:WM
10.688472242732583,-5.738107251307127,-203.9976789395664,-1.6055147876361957,233.107375,38.78811866816313,-0.4006662765047433,221.24,2467324,1787784048,2026-08-26T22:40:48Z,NYSE:WM
10.688472242732583,-5.738107251307127,-203.9976789395664,-1.6055147876361957,233.107375,38.78811866816313,-0.4006662765047433,221.24,2467324,1787784229,2026-08-26T22:43:49Z,NYSE:WM
10.688472242732583,-5.738107251307127,-203.9976789395664,-1.6055147876361957,233.107375,38.78811866816313,-0.4006662765047433,221.24,2467324,1787784410,2026-08-26T22:46:50Z,NYSE:WM
10.688472242732583,-5.738107251307127,-203.9976789395664,-1.6055147876361957,233.107375,38.78811866816313,-0.4006662765047433,221.24,2467331,1787784586,2026-08-26T22:49:46Z,NYSE:WM
10.688472242732583,-5.738107251307127,-203.9976789395664,-1.6055147876361957,233.107375,38.78811866816313,-0.4006662765047433,221.24,2467331,1787784761,2026-08-26T22:52:41Z,NYSE:WM
10.688472242732583,-5.738107251307127,-203.9976789395664,-1.6055147876361957,233.107375,38.78811866816313,-0.4006662765047433,221.24,2467331,1787784949,2026-08-26T22:55:49Z,NYSE:WM
10.688472242732583,-5.738107251307127,-203.9976789395664,-1.6055147876361957,233.107375,38.78811866816313,-0.4006662765047433,221.24,2467331,1787785128,2026-08-26T22:58:48Z,NYSE:WM
10.688472242732583,-5.738107251307127,-203.9976789395664,-1.6055147876361957,233.107375,38.78811866816313,-0.4006662765047433,221.24,2467421,1787785311,2026-08-26T23:01:51Z,NYSE:WM
10.688472242732583,-5.738107251307127,-203.9976789395664,-1.6055147876361957,233.107375,38.78811866816313,-0.4006662765047433,221.24,2467421,1787785490,2026-08-26T23:04:50Z,NYSE:WM
10.688472242732583,-5.738107251307127,-203.9976789395664,-1.6055147876361957,233.107375,38.78811866816313,-0.4006662765047433,221.24,2467646,1787785664,2026-08-26T23:07:44Z,NYSE:WM
10.688472242732583,-5.738107251307127,-203.9976789395664,-1.6055147876361957,233.107375,38.78811866816313,-0.4006662765047433,221.24,2467646,1787785850,2026-08-26T23:10:50Z,NYSE:WM
10.688472242732583,-5.738107251307127,-203.9976789395664,-1.6055147876361957,233.107375,38.78811866816313,-0.4006662765047433,221.24,2467648,1787786028,2026-08-26T23:13:48Z,NYSE:WM
10.688472242732583,-5.738107251307127,-203.9976789395664,-1.6055147876361957,233.107375,38.78811866816313,-0.4006662765047433,221.24,2467662,1787786210,2026-08-26T23:16:50Z,NYSE:WM
10.688472242732583,-5.738107251307127,-203.9976789395664,-1.6055147876361957,233.107375,38.78811866816313,-0.4006662765047433,221.24,2467822,1787786385,2026-08-26T23:19:45Z,NYSE:WM
10.688472242732583,-5.738107251307127,-203.9976789395664,-1.6055147876361957,233.107375,38.78811866816313,-0.4006662765047433,221.24,2467827,1787786566,2026-08-26T23:22:46Z,NYSE:WM
10.688472242732583,-5.738107251307127,-203.9976789395664,-1.6055147876361957,233.107375,38.78811866816313,-0.4006662765047433,221.24,2467872,1787786749,2026-08-26T23:25:49Z,NYSE:WM
10.688472242732583,-5.738107251307127,-203.9976789395664,-1.6055147876361957,233.107375,38.78811866816313,-0.4006662765047433,221.24,2467873,1787786931,2026-08-26T23:28:51Z,NYSE:WM
10.688472242732583,-5.738107251307127,-203.9976789395664,-1.6055147876361957,233.107375,38.78811866816313,-0.4006662765047433,221.24,2467885,1787787106,2026-08-26T23:31:46Z,NYSE:WM
10.688472242732583,-5.738107251307127,-203.9976789395664,-1.6055147876361957,233.107375,38.78811866816313,-0.4006662765047433,221.24,2467910,1787787290,2026-08-26T23:34:50Z,NYSE:WM
10.688472242732583,-5.738107251307127,-203.9976789395664,-1.6055147876361957,233.107375,38.78811866816313,-0.4006662765047433,221.24,2467971,1787787464,2026-08-26T23:37:44Z,NYSE:WM
10.688472242732583,-5.738107251307127,-203.9976789395664,-1.6055147876361957,233.107375,38.78811866816313,-0.4006662765047433,221.24,2467990,1787787647,2026-08-26T23:40:47Z,NYSE:WM
10.688472242732583,-5.738107251307127,-203.9976789395664,-1.6055147876361957,233.107375,38.78811866816313,-0.4006662765047433,221.24,2468257,1787787829,2026-08-26T23:43:49Z,NYSE:WM
10.688472242732583,-5.738107251307127,-203.9976789395664,-1.6055147876361957,233.107375,38.78811866816313,-0.4006662765047433,221.24,2468280,1787788007,2026-08-26T23:46:47Z,NYSE:WM
10.688472242732583,-5.738107251307127,-203.9976789395664,-1.6055147876361957,233.107375,38.78811866816313,-0.4006662765047433,221.24,2469284,1787788189,2026-08-26T23:49:49Z,NYSE:WM
10.688472242732583,-5.738107251307127,-203.9976789395664,-1.6055147876361957,233.107375,38.78811866816313,-0.4006662765047433,221.24,2469404,1787788362,2026-08-26T23:52:42Z,NYSE:WM
10.688472242732583,-5.738107251307127,-203.9976789395664,-1.6055147876361957,233.107375,38.78811866816313,-0.4006662765047433,221.24,2469424,1787788545,2026-08-26T23:55:45Z,NYSE:WM
10.688472242732583,-5.738107251307127,-203.9976789395664,-1.6055147876361957,233.107375,38.78811866816313,-0.4006662765047433,221.24,2469429,1787788726,2026-08-26T23:58:46Z,NYSE:WM
10.688472242732583,-5.738107251307127,-203.9976789395664,-1.6055147876361957,233.107375,38.78811866816313,-0.4006662765047433,221.24,2469624,1787788907,2026-08-27T00:01:47Z,NYSE:WM
10.688472242732583,-5.738107251307127,-203.9976789395664,-1.6055147876361957,233.107375,38.78811866816313,-0.4006662765047433,221.24,2469644,1787789081,2026-08-27T00:04:41Z,NYSE:WM
10.688472242732583,-5.738107251307127,-203.9976789395664,-1.6055147876361957,233.107375,38.78811866816313,-0.4006662765047433,221.24,2469677,1787789266,2026-08-27T00:07:46Z,NYSE:WM
10.688472242732583,-5.738107251307127,-203.9976789395664,-1.6055147876361957,233.107375,38.78811866816313,-0.4006662765047433,221.24,2469727,1787789444,2026-08-27T00:10:44Z,NYSE:WM
10.688472242732583,-5.738107251307127,-203.9976789395664,-1.6055147876361957,233.107375,38.78811866816313,-0.4006662765047433,221.24,2469747,1787789627,2026-08-27T00:13:47Z,NYSE:WM
10.688472242732583,-5.738107251307127,-203.9976789395664,-1.6055147876361957,233.107375,38.78811866816313,-0.4006662765047433,221.24,2469762,1787789807,2026-08-27T00:16:47Z,NYSE:WM
10.688472242732583,-5.738107251307127,-203.9976789395664,-1.6055147876361957,233.107375,38.78811866816313,-0.4006662765047433,221.24,2469762,1787789989,2026-08-27T00:19:49Z,NYSE:WM
10.688472242732583,-5.738107251307127,-203.9976789395664,-1.6055147876361957,233.107375,38.78811866816313,-0.4006662765047433,221.24,2469762,1787790166,2026-08-27T00:22:46Z,NYSE:WM
10.688472242732583,-5.738107251307127,-203.9976789395664,-1.6055147876361957,233.107375,38.78811866816313,-0.4006662765047433,221.24,2469762,1787790348,2026-08-27T00:25:48Z,NYSE:WM
10.688472242732583,-5.738107251307127,-203.9976789395664,-1.6055147876361957,233.107375,38.78811866816313,-0.4006662765047433,221.24,2469762,1787790529,2026-08-27T00:28:49Z,NYSE:WM
10.688472242732583,-5.738107251307127,-203.9976789395664,-1.6055147876361957,233.107375,38.78811866816313,-0.4006662765047433,221.24,2469762,1787790705,2026-08-27T00:31:45Z,NYSE:WM
10.688472242732583,-5.738107251307127,-203.9976789395664,-1.6055147876361957,233.107375,38.78811866816313,-0.4006662765047433,221.24,2469762,1787790891,2026-08-27T00:34:51Z,NYSE:WM
10.688472242732583,-5.738107251307127,-203.9976789395664,-1.6055147876361957,233.107375,38.78811866816313,-0.4006662765047433,221.24,2469762,1787791064,2026-08-27T00:37:44Z,NYSE:WM
10.688472242732583,-5.738107251307127,-203.9976789395664,-1.6055147876361957,233.107375,38.78811866816313,-0.4006662765047433,221.24,2469762,1787791247,2026-08-27T00:40:47Z,NYSE:WM
10.688472242732583,-5.738107251307127,-203.9976789395664,-1.6055147876361957,233.107375,38.78811866816313,-0.4006662765047433,221.24,2469762,1787791427,2026-08-27T00:43:47Z,NYSE:WM
10.688472242732583,-5.738107251307127,-203.9976789395664,-1.6055147876361957,233.107375,38.78811866816313,-0.4006662765047433,221.24,2469762,1787791609,2026-08-27T00:46:49Z,NYSE:WM
10.688472242732583,-5.738107251307127,-203.9976789395664,-1.6055147876361957,233.107375,38.78811866816313,-0.4006662765047433,221.24,2469762,1787791784,2026-08-27T00:49:44Z,NYSE:WM
10.688472242732583,-5.738107251307127,-203.9976789395664,-1.6055147876361957,233.107375,38.78811866816313,-0.4006662765047433,221.24,2469762,1787791967,2026-08-27T00:52:47Z,NYSE:WM
10.688472242732583,-5.738107251307127,-203.9976789395664,-1.6055147876361957,233.107375,38.78811866816313,-0.4006662765047433,221.24,2469762,1787792146,2026-08-27T00:55:46Z,NYSE:WM
10.688472242732583,-5.738107251307127,-203.9976789395664,-1.6055147876361957,233.107375,38.78811866816313,-0.4006662765047433,221.24,2469762,1787792325,2026-08-27T00:58:45Z,NYSE:WM
10.688472242732583,-5.738107251307127,-203.9976789395664,-1.6055147876361957,233.107375,38.78811866816313,-0.4006662765047433,221.24,2469762,1787792506,2026-08-27T01:01:46Z,NYSE:WM
10.688472242732583,-5.738107251307127,-203.9976789395664,-1.6055147876361957,233.107375,38.78811866816313,-0.4006662765047433,221.24,2469762,1787792685,2026-08-27T01:04:45Z,NYSE:WM
10.688472242732583,-5.738107251307127,-203.9976789395664,-1.6055147876361957,233.107375,38.78811866816313,-0.4006662765047433,221.24,2469762,1787792862,2026-08-27T01:07:42Z,NYSE:WM
10.688472242732583,-5.738107251307127,-203.9976789395664,-1.6055147876361957,233.107375,38.78811866816313,-0.4006662765047433,221.24,2469762,1787793047,2026-08-27T01:10:47Z,NYSE:WM
10.688472242732583,-5.738107251307127,-203.9976789395664,-1.6055147876361957,233.107375,38.78811866816313,-0.4006662765047433,221.24,2469762,1787793222,2026-08-27T01:13:42Z,NYSE:WM
10.688472242732583,-5.738107251307127,-203.9976789395664,-1.6055147876361957,233.107375,38.78811866816313,-0.4006662765047433,221.24,2469762,1787793408,2026-08-27T01:16:48Z,NYSE:WM
10.688472242732583,-5.738107251307127,-203.9976789395664,-1.6055147876361957,233.107375,38.78811866816313,-0.4006662765047433,221.24,2469762,1787793591,2026-08-27T01:19:51Z,NYSE:WM
10.688472242732583,-5.738107251307127,-203.9976789395664,-1.6055147876361957,233.107375,38.78811866816313,-0.4006662765047433,221.24,2469762,1787793765,2026-08-27T01:22:45Z,NYSE:WM
10.688472242732583,-5.738107251307127,-203.9976789395664,-1.6055147876361957,233.107375,38.78811866816313,-0.4006662765047433,221.24,2469762,1787793949,2026-08-27T01:25:49Z,NYSE:WM
10.688472242732583,-5.738107251307127,-203.9976789395664,-1.6055147876361957,233.107375,38.78811866816313,-0.4006662765047433,221.24,2469762,1787794127,2026-08-27T01:28:47Z,NYSE:WM
10.688472242732583,-5.738107251307127,-203.9976789395664,-1.6055147876361957,233.107375,38.78811866816313,-0.4006662765047433,221.24,2469762,1787794308,2026-08-27T01:31:48Z,NYSE:WM
10.688472242732583,-5.738107251307127,-203.9976789395664,-1.6055147876361957,233.107375,38.78811866816313,-0.4006662765047433,221.24,2469762,1787794490,2026-08-27T01:34:50Z,NYSE:WM
10.688472242732583,-5.738107251307127,-203.9976789395664,-1.6055147876361957,233.107375,38.78811866816313,-0.4006662765047433,221.24,2469762,1787794663,2026-08-27T01:37:43Z,NYSE:WM
10.688472242732583,-5.738107251307127,-203.9976789395664,-1.6055147876361957,233.107375,38.78811866816313,-0.4006662765047433,221.24,2469762,1787794851,2026-08-27T01:40:51Z,NYSE:WM
10.688472242732583,-5.738107251307127,-203.9976789395664,-1.6055147876361957,233.107375,38.78811866816313,-0.4006662765047433,221.24,2469762,1787795032,2026-08-27T01:43:52Z,NYSE:WM
10.688472242732583,-5.738107251307127,-203.9976789395664,-1.6055147876361957,233.107375,38.78811866816313,-0.4006662765047433,221.24,2469762,1787795205,2026-08-27T01:46:45Z,NYSE:WM
10.688472242732583,-5.738107251307127,-203.9976789395664,-1.6055147876361957,233.107375,38.78811866816313,-0.4006662765047433,221.24,2469762,1787795388,2026-08-27T01:49:48Z,NYSE:WM
10.688472242732583,-5.738107251307127,-203.9976789395664,-1.6055147876361957,233.107375,38.78811866816313,-0.4006662765047433,221.24,2469762,1787795577,2026-08-27T01:52:57Z,NYSE:WM
10.688472242732583,-5.738107251307127,-203.9976789395664,-1.6055147876361957,233.107375,38.78811866816313,-0.4006662765047433,221.24,2469762,1787795744,2026-08-27T01:55:44Z,NYSE:WM
10.688472242732583,-5.738107251307127,-203.9976789395664,-1.6055147876361957,233.107375,38.78811866816313,-0.4006662765047433,221.24,2469762,1787795928,2026-08-27T01:58:48Z,NYSE:WM
10.688472242732583,-5.738107251307127,-203.9976789395664,-1.6055147876361957,233.107375,38.78811866816313,-0.4006662765047433,221.24,2469762,1787796108,2026-08-27T02:01:48Z,NYSE:WM
10.688472242732583,-5.738107251307127,-203.9976789395664,-1.6055147876361957,233.107375,38.78811866816313,-0.4006662765047433,221.24,2469762,1787796284,2026-08-27T02:04:44Z,NYSE:WM
10.688472242732583,-5.738107251307127,-203.9976789395664,-1.6055147876361957,233.107375,38.78811866816313,-0.4006662765047433,221.24,2469762,1787796464,2026-08-27T02:07:44Z,NYSE:WM
10.688472242732583,-5.738107251307127,-203.9976789395664,-1.6055147876361957,233.107375,38.78811866816313,-0.4006662765047433,221.24,2469762,1787796645,2026-08-27T02:10:45Z,NYSE:WM
10.688472242732583,-5.738107251307127,-203.9976789395664,-1.6055147876361957,233.107375,38.78811866816313,-0.4006662765047433,221.24,2469762,1787796829,2026-08-27T02:13:49Z,NYSE:WM
10.688472242732583,-5.738107251307127,-203.9976789395664,-1.6055147876361957,233.107375,38.78811866816313,-0.4006662765047433,221.24,2469762,1787797011,2026-08-27T02:16:51Z,NYSE:WM
10.688472242732583,-5.738107251307127,-203.9976789395664,-1.6055147876361957,233.107375,38.78811866816313,-0.4006662765047433,221.24,2469762,1787797188,2026-08-27T02:19:48Z,NYSE:WM
10.688472242732583,-5.738107251307127,-203.9976789395664,-1.6055147876361957,233.107375,38.78811866816313,-0.4006662765047433,221.24,2469762,1787797371,2026-08-27T02:22:51Z,NYSE:WM
10.688472242732583,-5.738107251307127,-203.9976789395664,-1.6055147876361957,233.107375,38.78811866816313,-0.4006662765047433,221.24,2469762,1787797547,2026-08-27T02:25:47Z,NYSE:WM
10.688472242732583,-5.738107251307127,-203.9976789395664,-1.6055147876361957,233.107375,38.78811866816313,-0.4006662765047433,221.24,2469762,1787797733,2026-08-27T02:28:53Z,NYSE:WM
10.688472242732583,-5.738107251307127,-203.9976789395664,-1.6055147876361957,233.107375,38.78811866816313,-0.4006662765047433,221.24,2469762,1787797904,2026-08-27T02:31:44Z,NYSE:WM
10.688472242732583,-5.738107251307127,-203.9976789395664,-1.6055147876361957,233.107375,38.78811866816313,-0.4006662765047433,221.24,2469762,1787798088,2026-08-27T02:34:48Z,NYSE:WM
10.688472242732583,-5.738107251307127,-203.9976789395664,-1.6055147876361957,233.107375,38.78811866816313,-0.4006662765047433,221.24,2469762,1787798262,2026-08-27T02:37:42Z,NYSE:WM
10.688472242732583,-5.738107251307127,-203.9976789395664,-1.6055147876361957,233.107375,38.78811866816313,-0.4006662765047433,221.24,2469762,1787798448,2026-08-27T02:40:48Z,NYSE:WM
10.688472242732583,-5.738107251307127,-203.9976789395664,-1.6055147876361957,233.107375,38.78811866816313,-0.4006662765047433,221.24,2469762,1787798623,2026-08-27T02:43:43Z,NYSE:WM
10.688472242732583,-5.738107251307127,-203.9976789395664,-1.6055147876361957,233.107375,38.78811866816313,-0.4006662765047433,221.24,2469762,1787798817,2026-08-27T02:46:57Z,NYSE:WM
10.688472242732583,-5.738107251307127,-203.9976789395664,-1.6055147876361957,233.107375,38.78811866816313,-0.4006662765047433,221.24,2469762,1787798983,2026-08-27T02:49:43Z,NYSE:WM
10.688472242732583,-5.738107251307127,-203.9976789395664,-1.6055147876361957,233.107375,38.78811866816313,-0.4006662765047433,221.24,2469762,1787799168,2026-08-27T02:52:48Z,NYSE:WM
10.688472242732583,-5.738107251307127,-203.9976789395664,-1.6055147876361957,233.107375,38.78811866816313,-0.4006662765047433,221.24,2469762,1787799347,2026-08-27T02:55:47Z,NYSE:WM
10.688472242732583,-5.738107251307127,-203.9976789395664,-1.6055147876361957,233.107375,38.78811866816313,-0.4006662765047433,221.24,2469762,1787799526,2026-08-27T02:58:46Z,NYSE:WM
10.688472242732583,-5.738107251307127,-203.9976789395664,-1.6055147876361957,233.107375,38.78811866816313,-0.4006662765047433,221.24,2469762,1787799708,2026-08-27T03:01:48Z,NYSE:WM
10.688472242732583,-5.738107251307127,-203.9976789395664,-1.6055147876361957,233.107375,38.78811866816313,-0.4006662765047433,221.24,2469762,1787799888,2026-08-27T03:04:48Z,NYSE:WM
10.688472242732583,-5.738107251307127,-203.9976789395664,-1.6055147876361957,233.107375,38.78811866816313,-0.4006662765047433,221.24,2469762,1787800065,2026-08-27T03:07:45Z,NYSE:WM
10.688472242732583,-5.738107251307127,-203.9976789395664,-1.6055147876361957,233.107375,38.78811866816313,-0.4006662765047433,221.24,2469762,1787800247,2026-08-27T03:10:47Z,NYSE:WM
10.688472242732583,-5.738107251307127,-203.9976789395664,-1.6055147876361957,233.107375,38.78811866816313,-0.4006662765047433,221.24,2469762,1787800431,2026-08-27T03:13:51Z,NYSE:WM
10.688472242732583,-5.738107251307127,-203.9976789395664,-1.6055147876361957,233.107375,38.78811866816313,-0.4006662765047433,221.24,2469762,1787800606,2026-08-27T03:16:46Z,NYSE:WM
10.688472242732583,-5.738107251307127,-203.9976789395664,-1.6055147876361957,233.107375,38.78811866816313,-0.4006662765047433,221.24,2469762,1787800784,2026-08-27T03:19:44Z,NYSE:WM
10.688472242732583,-5.738107251307127,-203.9976789395664,-1.6055147876361957,233.107375,38.78811866816313,-0.4006662765047433,221.24,2469762,1787800966,2026-08-27T03:22:46Z,NYSE:WM
10.688472242732583,-5.738107251307127,-203.9976789395664,-1.6055147876361957,233.107375,38.78811866816313,-0.4006662765047433,221.24,2469762,1787801147,2026-08-27T03:25:47Z,NYSE:WM
10.688472242732583,-5.738107251307127,-203.9976789395664,-1.6055147876361957,233.107375,38.78811866816313,-0.4006662765047433,221.24,2469762,1787801324,2026-08-27T03:28:44Z,NYSE:WM
10.688472242732583,-5.738107251307127,-203.9976789395664,-1.6055147876361957,233.107375,38.78811866816313,-0.4006662765047433,221.24,2469762,1787801504,2026-08-27T03:31:44Z,NYSE:WM
10.688472242732583,-5.738107251307127,-203.9976789395664,-1.6055147876361957,233.107375,38.78811866816313,-0.4006662765047433,221.24,2469762,1787801691,2026-08-27T03:34:51Z,NYSE:WM
10.688472242732583,-5.738107251307127,-203.9976789395664,-1.6055147876361957,233.107375,38.78811866816313,-0.4006662765047433,221.24,2469762,1787801870,2026-08-27T03:37:50Z,NYSE:WM
10.688472242732583,-5.738107251307127,-203.9976789395664,-1.6055147876361957,233.107375,38.78811866816313,-0.4006662765047433,221.24,2469762,1787802045,2026-08-27T03:40:45Z,NYSE:WM
10.688472242732583,-5.738107251307127,-203.9976789395664,-1.6055147876361957,233.107375,38.78811866816313,-0.4006662765047433,221.24,2469762,1787802223,2026-08-27T03:43:43Z,NYSE:WM
10.688472242732583,-5.738107251307127,-203.9976789395664,-1.6055147876361957,233.107375,38.78811866816313,-0.4006662765047433,221.24,2469762,1787802405,2026-08-27T03:46:45Z,NYSE:WM
10.688472242732583,-5.738107251307127,-203.9976789395664,-1.6055147876361957,233.107375,38.78811866816313,-0.4006662765047433,221.24,2469762,1787802587,2026-08-27T03:49:47Z,NYSE:WM
10.688472242732583,-5.738107251307127,-203.9976789395664,-1.6055147876361957,233.107375,38.78811866816313,-0.4006662765047433,221.24,2469762,1787802763,2026-08-27T03:52:43Z,NYSE:WM
10.688472242732583,-5.738107251307127,-203.9976789395664,-1.6055147876361957,233.107375,38.78811866816313,-0.4006662765047433,221.24,2469762,1787802950,2026-08-27T03:55:50Z,NYSE:WM
10.688472242732583,-5.738107251307127,-203.9976789395664,-1.6055147876361957,233.107375,38.78811866816313,-0.4006662765047433,221.24,2469762,1787803124,2026-08-27T03:58:44Z,NYSE:WM
10.688472242732583,-5.738107251307127,-203.9976789395664,-1.6055147876361957,233.107375,38.78811866816313,-0.4006662765047433,221.24,2469762,1787803307,2026-08-27T04:01:47Z,NYSE:WM
10.688472242732583,-5.738107251307127,-203.9976789395664,-1.6055147876361957,233.107375,38.78811866816313,-0.4006662765047433,221.24,2469762,1787803486,2026-08-27T04:04:46Z,NYSE:WM
10.688472242732583,-5.738107251307127,-203.9976789395664,-1.6055147876361957,233.107375,38.78811866816313,-0.4006662765047433,221.24,2469762,1787803665,2026-08-27T04:07:45Z,NYSE:WM
10.688472242732583,-5.738107251307127,-203.9976789395664,-1.6055147876361957,233.107375,38.78811866816313,-0.4006662765047433,221.24,2469762,1787803845,2026-08-27T04:10:45Z,NYSE:WM
10.688472242732583,-5.738107251307127,-203.9976789395664,-1.6055147876361957,233.107375,38.78811866816313,-0.4006662765047433,221.24,2469762,1787804024,2026-08-27T04:13:44Z,NYSE:WM
10.688472242732583,-5.738107251307127,-203.9976789395664,-1.6055147876361957,233.107375,38.78811866816313,-0.4006662765047433,221.24,2469762,1787804202,2026-08-27T04:16:42Z,NYSE:WM
10.688472242732583,-5.738107251307127,-203.9976789395664,-1.6055147876361957,233.107375,38.78811866816313,-0.4006662765047433,221.24,2469762,1787804389,2026-08-27T04:19:49Z,NYSE:WM
10.688472242732583,-5.738107251307127,-203.9976789395664,-1.6055147876361957,233.107375,38.78811866816313,-0.4006662765047433,221.24,2469762,1787804566,2026-08-27T04:22:46Z,NYSE:WM
10.688472242732583,-5.738107251307127,-203.9976789395664,-1.6055147876361957,233.107375,38.78811866816313,-0.4006662765047433,221.24,2469762,1787804747,2026-08-27T04:25:47Z,NYSE:WM
10.688472242732583,-5.738107251307127,-203.9976789395664,-1.6055147876361957,233.107375,38.78811866816313,-0.4006662765047433,221.24,2469762,1787804925,2026-08-27T04:28:45Z,NYSE:WM
10.688472242732583,-5.738107251307127,-203.9976789395664,-1.6055147876361957,233.107375,38.78811866816313,-0.4006662765047433,221.24,2469762,1787805109,2026-08-27T04:31:49Z,NYSE:WM
10.688472242732583,-5.738107251307127,-203.9976789395664,-1.6055147876361957,233.107375,38.78811866816313,-0.4006662765047433,221.24,2469762,1787805287,2026-08-27T04:34:47Z,NYSE:WM
10.688472242732583,-5.738107251307127,-203.9976789395664,-1.6055147876361957,233.107375,38.78811866816313,-0.4006662765047433,221.24,2469762,1787805465,2026-08-27T04:37:45Z,NYSE:WM
10.688472242732583,-5.738107251307127,-203.9976789395664,-1.6055147876361957,233.107375,38.78811866816313,-0.4006662765047433,221.24,2469762,1787805645,2026-08-27T04:40:45Z,NYSE:WM
10.688472242732583,-5.738107251307127,-203.9976789395664,-1.6055147876361957,233.107375,38.78811866816313,-0.4006662765047433,221.24,2469762,1787805824,2026-08-27T04:43:44Z,NYSE:WM
10.688472242732583,-5.738107251307127,-203.9976789395664,-1.6055147876361957,233.107375,38.78811866816313,-0.4006662765047433,221.24,2469762,1787806009,2026-08-27T04:46:49Z,NYSE:WM
10.688472242732583,-5.738107251307127,-203.9976789395664,-1.6055147876361957,233.107375,38.78811866816313,-0.4006662765047433,221.24,2469762,1787806182,2026-08-27T04:49:42Z,NYSE:WM
10.688472242732583,-5.738107251307127,-203.9976789395664,-1.6055147876361957,233.107375,38.78811866816313,-0.4006662765047433,221.24,2469762,1787806365,2026-08-27T04:52:45Z,NYSE:WM
10.688472242732583,-5.738107251307127,-203.9976789395664,-1.6055147876361957,233.107375,38.78811866816313,-0.4006662765047433,221.24,2469762,1787806546,2026-08-27T04:55:46Z,NYSE:WM
10.688472242732583,-5.738107251307127,-203.9976789395664,-1.6055147876361957,233.107375,38.78811866816313,-0.4006662765047433,221.24,2469762,1787806725,2026-08-27T04:58:45Z,NYSE:WM
10.688472242732583,-5.738107251307127,-203.9976789395664,-1.6055147876361957,233.107375,38.78811866816313,-0.4006662765047433,221.24,2469762,1787806906,2026-08-27T05:01:46Z,NYSE:WM
10.688472242732583,-5.738107251307127,-203.9976789395664,-1.6055147876361957,233.107375,38.78811866816313,-0.4006662765047433,221.24,2469762,1787807087,2026-08-27T05:04:47Z,NYSE:WM
10.688472242732583,-5.738107251307127,-203.9976789395664,-1.6055147876361957,233.107375,38.78811866816313,-0.4006662765047433,221.24,2469762,1787807265,2026-08-27T05:07:45Z,NYSE:WM
10.688472242732583,-5.738107251307127,-203.9976789395664,-1.6055147876361957,233.107375,38.78811866816313,-0.4006662765047433,221.24,2469762,1787807445,2026-08-27T05:10:45Z,NYSE:WM
10.688472242732583,-5.738107251307127,-203.9976789395664,-1.6055147876361957,233.107375,38.78811866816313,-0.4006662765047433,221.24,2469762,1787807629,2026-08-27T05:13:49Z,NYSE:WM
10.688472242732583,-5.738107251307127,-203.9976789395664,-1.6055147876361957,233.107375,38.78811866816313,-0.4006662765047433,221.24,2469762,1787807804,2026-08-27T05:16:44Z,NYSE:WM
10.688472242732583,-5.738107251307127,-203.9976789395664,-1.6055147876361957,233.107375,38.78811866816313,-0.4006662765047433,221.24,2469762,1787807987,2026-08-27T05:19:47Z,NYSE:WM
10.688472242732583,-5.738107251307127,-203.9976789395664,-1.6055147876361957,233.107375,38.78811866816313,-0.4006662765047433,221.24,2469762,1787808168,2026-08-27T05:22:48Z,NYSE:WM
10.688472242732583,-5.738107251307127,-203.9976789395664,-1.6055147876361957,233.107375,38.78811866816313,-0.4006662765047433,221.24,2469762,1787808348,2026-08-27T05:25:48Z,NYSE:WM
10.688472242732583,-5.738107251307127,-203.9976789395664,-1.6055147876361957,233.107375,38.78811866816313,-0.4006662765047433,221.24,2469762,1787808525,2026-08-27T05:28:45Z,NYSE:WM
10.688472242732583,-5.738107251307127,-203.9976789395664,-1.6055147876361957,233.107375,38.78811866816313,-0.4006662765047433,221.24,2469762,1787808709,2026-08-27T05:31:49Z,NYSE:WM
10.688472242732583,-5.738107251307127,-203.9976789395664,-1.6055147876361957,233.107375,38.78811866816313,-0.4006662765047433,221.24,2469762,1787808890,2026-08-27T05:34:50Z,NYSE:WM
10.688472242732583,-5.738107251307127,-203.9976789395664,-1.6055147876361957,233.107375,38.78811866816313,-0.4006662765047433,221.24,2469762,1787809067,2026-08-27T05:37:47Z,NYSE:WM
10.688472242732583,-5.738107251307127,-203.9976789395664,-1.6055147876361957,233.107375,38.78811866816313,-0.4006662765047433,221.24,2469762,1787809248,2026-08-27T05:40:48Z,NYSE:WM
10.688472242732583,-5.738107251307127,-203.9976789395664,-1.6055147876361957,233.107375,38.78811866816313,-0.4006662765047433,221.24,2469762,1787809425,2026-08-27T05:43:45Z,NYSE:WM
10.688472242732583,-5.738107251307127,-203.9976789395664,-1.6055147876361957,233.107375,38.78811866816313,-0.4006662765047433,221.24,2469762,1787809609,2026-08-27T05:46:49Z,NYSE:WM
10.688472242732583,-5.738107251307127,-203.9976789395664,-1.6055147876361957,233.107375,38.78811866816313,-0.4006662765047433,221.24,2469762,1787809785,2026-08-27T05:49:45Z,NYSE:WM
10.688472242732583,-5.738107251307127,-203.9976789395664,-1.6055147876361957,233.107375,38.78811866816313,-0.4006662765047433,221.24,2469762,1787809968,2026-08-27T05:52:48Z,NYSE:WM
10.688472242732583,-5.738107251307127,-203.9976789395664,-1.6055147876361957,233.107375,38.78811866816313,-0.4006662765047433,221.24,2469762,1787810145,2026-08-27T05:55:45Z,NYSE:WM
10.688472242732583,-5.738107251307127,-203.9976789395664,-1.6055147876361957,233.107375,38.78811866816313,-0.4006662765047433,221.24,2469762,1787810326,2026-08-27T05:58:46Z,NYSE:WM
10.688472242732583,-5.738107251307127,-203.9976789395664,-1.6055147876361957,233.107375,38.78811866816313,-0.4006662765047433,221.24,2469762,1787810509,2026-08-27T06:01:49Z,NYSE:WM
10.688472242732583,-5.738107251307127,-203.9976789395664,-1.6055147876361957,233.107375,38.78811866816313,-0.4006662765047433,221.24,2469762,1787810688,2026-08-27T06:04:48Z,NYSE:WM
10.688472242732583,-5.738107251307127,-203.9976789395664,-1.6055147876361957,233.107375,38.78811866816313,-0.4006662765047433,221.24,2469762,1787810867,2026-08-27T06:07:47Z,NYSE:WM
10.688472242732583,-5.738107251307127,-203.9976789395664,-1.6055147876361957,233.107375,38.78811866816313,-0.4006662765047433,221.24,2469762,1787811043,2026-08-27T06:10:43Z,NYSE:WM
10.688472242732583,-5.738107251307127,-203.9976789395664,-1.6055147876361957,233.107375,38.78811866816313,-0.4006662765047433,221.24,2469762,1787811222,2026-08-27T06:13:42Z,NYSE:WM
10.688472242732583,-5.738107251307127,-203.9976789395664,-1.6055147876361957,233.107375,38.78811866816313,-0.4006662765047433,221.24,2469762,1787811405,2026-08-27T06:16:45Z,NYSE:WM
10.688472242732583,-5.738107251307127,-203.9976789395664,-1.6055147876361957,233.107375,38.78811866816313,-0.4006662765047433,221.24,2469762,1787811585,2026-08-27T06:19:45Z,NYSE:WM
10.688472242732583,-5.738107251307127,-203.9976789395664,-1.6055147876361957,233.107375,38.78811866816313,-0.4006662765047433,221.24,2469762,1787811764,2026-08-27T06:22:44Z,NYSE:WM
10.688472242732583,-5.738107251307127,-203.9976789395664,-1.6055147876361957,233.107375,38.78811866816313,-0.4006662765047433,221.24,2469762,1787811948,2026-08-27T06:25:48Z,NYSE:WM
10.688472242732583,-5.738107251307127,-203.9976789395664,-1.6055147876361957,233.107375,38.78811866816313,-0.4006662765047433,221.24,2469762,1787812130,2026-08-27T06:28:50Z,NYSE:WM
10.688472242732583,-5.738107251307127,-203.9976789395664,-1.6055147876361957,233.107375,38.78811866816313,-0.4006662765047433,221.24,2469762,1787812307,2026-08-27T06:31:47Z,NYSE:WM
10.688472242732583,-5.738107251307127,-203.9976789395664,-1.6055147876361957,233.107375,38.78811866816313,-0.4006662765047433,221.24,2469762,1787812487,2026-08-27T06:34:47Z,NYSE:WM
10.688472242732583,-5.738107251307127,-203.9976789395664,-1.6055147876361957,233.107375,38.78811866816313,-0.4006662765047433,221.24,2469762,1787812668,2026-08-27T06:37:48Z,NYSE:WM
10.688472242732583,-5.738107251307127,-203.9976789395664,-1.6055147876361957,233.107375,38.78811866816313,-0.4006662765047433,221.24,2469762,1787812847,2026-08-27T06:40:47Z,NYSE:WM
10.688472242732583,-5.738107251307127,-203.9976789395664,-1.6055147876361957,233.107375,38.78811866816313,-0.4006662765047433,221.24,2469762,1787813027,2026-08-27T06:43:47Z,NYSE:WM
10.688472242732583,-5.738107251307127,-203.9976789395664,-1.6055147876361957,233.107375,38.78811866816313,-0.4006662765047433,221.24,2469762,1787813205,2026-08-27T06:46:45Z,NYSE:WM
10.688472242732583,-5.738107251307127,-203.9976789395664,-1.6055147876361957,233.107375,38.78811866816313,-0.4006662765047433,221.24,2469762,1787813391,2026-08-27T06:49:51Z,NYSE:WM
10.688472242732583,-5.738107251307127,-203.9976789395664,-1.6055147876361957,233.107375,38.78811866816313,-0.4006662765047433,221.24,2469762,1787813568,2026-08-27T06:52:48Z,NYSE:WM
10.688472242732583,-5.738107251307127,-203.9976789395664,-1.6055147876361957,233.107375,38.78811866816313,-0.4006662765047433,221.24,2469762,1787813746,2026-08-27T06:55:46Z,NYSE:WM
10.688472242732583,-5.738107251307127,-203.9976789395664,-1.6055147876361957,233.107375,38.78811866816313,-0.4006662765047433,221.24,2469762,1787813928,2026-08-27T06:58:48Z,NYSE:WM
10.688472242732583,-5.738107251307127,-203.9976789395664,-1.6055147876361957,233.107375,38.78811866816313,-0.4006662765047433,221.24,2469762,1787814110,2026-08-27T07:01:50Z,NYSE:WM
10.688472242732583,-5.738107251307127,-203.9976789395664,-1.6055147876361957,233.107375,38.78811866816313,-0.4006662765047433,221.24,2469762,1787814282,2026-08-27T07:04:42Z,NYSE:WM
10.688472242732583,-5.738107251307127,-203.9976789395664,-1.6055147876361957,233.107375,38.78811866816313,-0.4006662765047433,221.24,2469762,1787814464,2026-08-27T07:07:44Z,NYSE:WM
10.688472242732583,-5.738107251307127,-203.9976789395664,-1.6055147876361957,233.107375,38.78811866816313,-0.4006662765047433,221.24,2469762,1787814647,2026-08-27T07:10:47Z,NYSE:WM
10.688472242732583,-5.738107251307127,-203.9976789395664,-1.6055147876361957,233.107375,38.78811866816313,-0.4006662765047433,221.24,2469762,1787814827,2026-08-27T07:13:47Z,NYSE:WM
10.688472242732583,-5.738107251307127,-203.9976789395664,-1.6055147876361957,233.107375,38.78811866816313,-0.4006662765047433,221.24,2469762,1787815007,2026-08-27T07:16:47Z,NYSE:WM
10.688472242732583,-5.738107251307127,-203.9976789395664,-1.6055147876361957,233.107375,38.78811866816313,-0.4006662765047433,221.24,2469762,1787815183,2026-08-27T07:19:43Z,NYSE:WM
10.688472242732583,-5.738107251307127,-203.9976789395664,-1.6055147876361957,233.107375,38.78811866816313,-0.4006662765047433,221.24,2469762,1787815367,2026-08-27T07:22:47Z,NYSE:WM
10.688472242732583,-5.738107251307127,-203.9976789395664,-1.6055147876361957,233.107375,38.78811866816313,-0.4006662765047433,221.24,2469762,1787815548,2026-08-27T07:25:48Z,NYSE:WM
10.688472242732583,-5.738107251307127,-203.9976789395664,-1.6055147876361957,233.107375,38.78811866816313,-0.4006662765047433,221.24,2469762,1787815729,2026-08-27T07:28:49Z,NYSE:WM
10.688472242732583,-5.738107251307127,-203.9976789395664,-1.6055147876361957,233.107375,38.78811866816313,-0.4006662765047433,221.24,2469762,1787815909,2026-08-27T07:31:49Z,NYSE:WM
10.688472242732583,-5.738107251307127,-203.9976789395664,-1.6055147876361957,233.107375,38.78811866816313,-0.4006662765047433,221.24,2469762,1787816088,2026-08-27T07:34:48Z,NYSE:WM
10.688472242732583,-5.738107251307127,-203.9976789395664,-1.6055147876361957,233.107375,38.78811866816313,-0.4006662765047433,221.24,2469762,1787816264,2026-08-27T07:37:44Z,NYSE:WM
10.688472242732583,-5.738107251307127,-203.9976789395664,-1.6055147876361957,233.107375,38.78811866816313,-0.4006662765047433,221.24,2469762,1787816449,2026-08-27T07:40:49Z,NYSE:WM
10.688472242732583,-5.738107251307127,-203.9976789395664,-1.6055147876361957,233.107375,38.78811866816313,-0.4006662765047433,221.24,2469762,1787816631,2026-08-27T07:43:51Z,NYSE:WM
10.688472242732583,-5.738107251307127,-203.9976789395664,-1.6055147876361957,233.107375,38.78811866816313,-0.4006662765047433,221.24,2469762,1787816811,2026-08-27T07:46:51Z,NYSE:WM
10.688472242732583,-5.738107251307127,-203.9976789395664,-1.6055147876361957,233.107375,38.78811866816313,-0.4006662765047433,221.24,2469762,1787816988,2026-08-27T07:49:48Z,NYSE:WM
10.688472242732583,-5.738107251307127,-203.9976789395664,-1.6055147876361957,233.107375,38.78811866816313,-0.4006662765047433,221.24,2469762,1787817164,2026-08-27T07:52:44Z,NYSE:WM
10.688472242732583,-5.738107251307127,-203.9976789395664,-1.6055147876361957,233.107375,38.78811866816313,-0.4006662765047433,221.24,2469762,1787817348,2026-08-27T07:55:48Z,NYSE:WM
10.688472242732583,-5.738107251307127,-203.9976789395664,-1.6055147876361957,233.107375,38.78811866816313,-0.4006662765047433,221.24,2469762,1787817525,2026-08-27T07:58:45Z,NYSE:WM
10.688472242732583,-5.738107251307127,-203.9976789395664,-1.6055147876361957,233.107375,38.78811866816313,-0.4006662765047433,221.24,2469762,1787817707,2026-08-27T08:01:47Z,NYSE:WM
10.688472242732583,-5.738107251307127,-203.9976789395664,-1.6055147876361957,233.107375,38.78811866816313,-0.4006662765047433,221.24,2469762,1787817886,2026-08-27T08:04:46Z,NYSE:WM
10.688472242732583,-5.738107251307127,-203.9976789395664,-1.6055147876361957,233.107375,38.78811866816313,-0.4006662765047433,221.24,2469762,1787818070,2026-08-27T08:07:50Z,NYSE:WM
10.688472242732583,-5.738107251307127,-203.9976789395664,-1.6055147876361957,233.107375,38.78811866816313,-0.4006662765047433,221.24,2469762,1787818248,2026-08-27T08:10:48Z,NYSE:WM
10.688472242732583,-5.738107251307127,-203.9976789395664,-1.6055147876361957,233.107375,38.78811866816313,-0.4006662765047433,221.24,2469762,1787818427,2026-08-27T08:13:47Z,NYSE:WM
10.688472242732583,-5.738107251307127,-203.9976789395664,-1.6055147876361957,233.107375,38.78811866816313,-0.4006662765047433,221.24,2469762,1787818608,2026-08-27T08:16:48Z,NYSE:WM
10.688472242732583,-5.738107251307127,-203.9976789395664,-1.6055147876361957,233.107375,38.78811866816313,-0.4006662765047433,221.24,2469762,1787818786,2026-08-27T08:19:46Z,NYSE:WM
10.688472242732583,-5.738107251307127,-203.9976789395664,-1.6055147876361957,233.107375,38.78811866816313,-0.4006662765047433,221.24,2469762,1787818963,2026-08-27T08:22:43Z,NYSE:WM
10.688472242732583,-5.738107251307127,-203.9976789395664,-1.6055147876361957,233.107375,38.78811866816313,-0.4006662765047433,221.24,2469762,1787819149,2026-08-27T08:25:49Z,NYSE:WM
10.688472242732583,-5.738107251307127,-203.9976789395664,-1.6055147876361957,233.107375,38.78811866816313,-0.4006662765047433,221.24,2469762,1787819329,2026-08-27T08:28:49Z,NYSE:WM
10.688472242732583,-5.738107251307127,-203.9976789395664,-1.6055147876361957,233.107375,38.78811866816313,-0.4006662765047433,221.24,2469762,1787819504,2026-08-27T08:31:44Z,NYSE:WM
10.688472242732583,-5.738107251307127,-203.9976789395664,-1.6055147876361957,233.107375,38.78811866816313,-0.4006662765047433,221.24,2469762,1787819686,2026-08-27T08:34:46Z,NYSE:WM
10.688472242732583,-5.738107251307127,-203.9976789395664,-1.6055147876361957,233.107375,38.78811866816313,-0.4006662765047433,221.24,2469762,1787819864,2026-08-27T08:37:44Z,NYSE:WM
10.688472242732583,-5.738107251307127,-203.9976789395664,-1.6055147876361957,233.107375,38.78811866816313,-0.4006662765047433,221.24,2469762,1787820048,2026-08-27T08:40:48Z,NYSE:WM
10.688472242732583,-5.738107251307127,-203.9976789395664,-1.6055147876361957,233.107375,38.78811866816313,-0.4006662765047433,221.24,2469762,1787820231,2026-08-27T08:43:51Z,NYSE:WM
10.688472242732583,-5.738107251307127,-203.9976789395664,-1.6055147876361957,233.107375,38.78811866816313,-0.4006662765047433,221.24,2469762,1787820412,2026-08-27T08:46:52Z,NYSE:WM
10.688472242732583,-5.738107251307127,-203.9976789395664,-1.6055147876361957,233.107375,38.78811866816313,-0.4006662765047433,221.24,2469762,1787820587,2026-08-27T08:49:47Z,NYSE:WM
10.688472242732583,-5.738107251307127,-203.9976789395664,-1.6055147876361957,233.107375,38.78811866816313,-0.4006662765047433,221.24,2469762,1787820767,2026-08-27T08:52:47Z,NYSE:WM
10.688472242732583,-5.738107251307127,-203.9976789395664,-1.6055147876361957,233.107375,38.78811866816313,-0.4006662765047433,221.24,2469762,1787820947,2026-08-27T08:55:47Z,NYSE:WM
10.688472242732583,-5.738107251307127,-203.9976789395664,-1.6055147876361957,233.107375,38.78811866816313,-0.4006662765047433,221.24,2469762,1787821126,2026-08-27T08:58:46Z,NYSE:WM
10.688472242732583,-5.738107251307127,-203.9976789395664,-1.6055147876361957,233.107375,38.78811866816313,-0.4006662765047433,221.24,2469762,1787821309,2026-08-27T09:01:49Z,NYSE:WM
10.688472242732583,-5.738107251307127,-203.9976789395664,-1.6055147876361957,233.107375,38.78811866816313,-0.4006662765047433,221.24,2469762,1787821488,2026-08-27T09:04:48Z,NYSE:WM
10.688472242732583,-5.738107251307127,-203.9976789395664,-1.6055147876361957,233.107375,38.78811866816313,-0.4006662765047433,221.24,2469762,1787821667,2026-08-27T09:07:47Z,NYSE:WM
10.688472242732583,-5.738107251307127,-203.9976789395664,-1.6055147876361957,233.107375,38.78811866816313,-0.4006662765047433,221.24,2469762,1787821850,2026-08-27T09:10:50Z,NYSE:WM
10.688472242732583,-5.738107251307127,-203.9976789395664,-1.6055147876361957,233.107375,38.78811866816313,-0.4006662765047433,221.24,2469762,1787822027,2026-08-27T09:13:47Z,NYSE:WM
10.688472242732583,-5.738107251307127,-203.9976789395664,-1.6055147876361957,233.107375,38.78811866816313,-0.4006662765047433,221.24,2469762,1787822207,2026-08-27T09:16:47Z,NYSE:WM
10.688472242732583,-5.738107251307127,-203.9976789395664,-1.6055147876361957,233.107375,38.78811866816313,-0.4006662765047433,221.24,2469762,1787822384,2026-08-27T09:19:44Z,NYSE:WM
10.688472242732583,-5.738107251307127,-203.9976789395664,-1.6055147876361957,233.107375,38.78811866816313,-0.4006662765047433,221.24,2469762,1787822563,2026-08-27T09:22:43Z,NYSE:WM
10.688472242732583,-5.738107251307127,-203.9976789395664,-1.6055147876361957,233.107375,38.78811866816313,-0.4006662765047433,221.24,2469762,1787822746,2026-08-27T09:25:46Z,NYSE:WM
10.688472242732583,-5.738107251307127,-203.9976789395664,-1.6055147876361957,233.107375,38.78811866816313,-0.4006662765047433,221.24,2469762,1787822925,2026-08-27T09:28:45Z,NYSE:WM
10.688472242732583,-5.738107251307127,-203.9976789395664,-1.6055147876361957,233.107375,38.78811866816313,-0.4006662765047433,221.24,2469762,1787823105,2026-08-27T09:31:45Z,NYSE:WM
10.688472242732583,-5.738107251307127,-203.9976789395664,-1.6055147876361957,233.107375,38.78811866816313,-0.4006662765047433,221.24,2469762,1787823285,2026-08-27T09:34:45Z,NYSE:WM
10.688472242732583,-5.738107251307127,-203.9976789395664,-1.6055147876361957,233.107375,38.78811866816313,-0.4006662765047433,221.24,2469762,1787823467,2026-08-27T09:37:47Z,NYSE:WM
10.688472242732583,-5.738107251307127,-203.9976789395664,-1.6055147876361957,233.107375,38.78811866816313,-0.4006662765047433,221.24,2469762,1787823644,2026-08-27T09:40:44Z,NYSE:WM
10.688472242732583,-5.738107251307127,-203.9976789395664,-1.6055147876361957,233.107375,38.78811866816313,-0.4006662765047433,221.24,2469762,1787823825,2026-08-27T09:43:45Z,NYSE:WM
10.688472242732583,-5.738107251307127,-203.9976789395664,-1.6055147876361957,233.107375,38.78811866816313,-0.4006662765047433,221.24,2469762,1787824010,2026-08-27T09:46:50Z,NYSE:WM
10.688472242732583,-5.738107251307127,-203.9976789395664,-1.6055147876361957,233.107375,38.78811866816313,-0.4006662765047433,221.24,2469762,1787824182,2026-08-27T09:49:42Z,NYSE:WM
10.688472242732583,-5.738107251307127,-203.9976789395664,-1.6055147876361957,233.107375,38.78811866816313,-0.4006662765047433,221.24,2469762,1787824368,2026-08-27T09:52:48Z,NYSE:WM
10.688472242732583,-5.738107251307127,-203.9976789395664,-1.6055147876361957,233.107375,38.78811866816313,-0.4006662765047433,221.24,2469762,1787824545,2026-08-27T09:55:45Z,NYSE:WM
10.688472242732583,-5.738107251307127,-203.9976789395664,-1.6055147876361957,233.107375,38.78811866816313,-0.4006662765047433,221.24,2469762,1787824730,2026-08-27T09:58:50Z,NYSE:WM
10.688472242732583,-5.738107251307127,-203.9976789395664,-1.6055147876361957,233.107375,38.78811866816313,-0.4006662765047433,221.24,2469762,1787824905,2026-08-27T10:01:45Z,NYSE:WM
10.688472242732583,-5.738107251307127,-203.9976789395664,-1.6055147876361957,233.107375,38.78811866816313,-0.4006662765047433,221.24,2469762,1787825086,2026-08-27T10:04:46Z,NYSE:WM
10.688472242732583,-5.738107251307127,-203.9976789395664,-1.6055147876361957,233.107375,38.78811866816313,-0.4006662765047433,221.24,2469762,1787825266,2026-08-27T10:07:46Z,NYSE:WM
10.688472242732583,-5.738107251307127,-203.9976789395664,-1.6055147876361957,233.107375,38.78811866816313,-0.4006662765047433,221.24,2469762,1787825450,2026-08-27T10:10:50Z,NYSE:WM
10.688472242732583,-5.738107251307127,-203.9976789395664,-1.6055147876361957,233.107375,38.78811866816313,-0.4006662765047433,221.24,2469762,1787825626,2026-08-27T10:13:46Z,NYSE:WM
10.688472242732583,-5.738107251307127,-203.9976789395664,-1.6055147876361957,233.107375,38.78811866816313,-0.4006662765047433,221.24,2469762,1787825808,2026-08-27T10:16:48Z,NYSE:WM
10.688472242732583,-5.738107251307127,-203.9976789395664,-1.6055147876361957,233.107375,38.78811866816313,-0.4006662765047433,221.24,2469762,1787825984,2026-08-27T10:19:44Z,NYSE:WM
10.688472242732583,-5.738107251307127,-203.9976789395664,-1.6055147876361957,233.107375,38.78811866816313,-0.4006662765047433,221.24,2469762,1787826166,2026-08-27T10:22:46Z,NYSE:WM
10.688472242732583,-5.738107251307127,-203.9976789395664,-1.6055147876361957,233.107375,38.78811866816313,-0.4006662765047433,221.24,2469762,1787826349,2026-08-27T10:25:49Z,NYSE:WM
10.688472242732583,-5.738107251307127,-203.9976789395664,-1.6055147876361957,233.107375,38.78811866816313,-0.4006662765047433,221.24,2469762,1787826527,2026-08-27T10:28:47Z,NYSE:WM
10.688472242732583,-5.738107251307127,-203.9976789395664,-1.6055147876361957,233.107375,38.78811866816313,-0.4006662765047433,221.24,2469762,1787826707,2026-08-27T10:31:47Z,NYSE:WM
10.688472242732583,-5.738107251307127,-203.9976789395664,-1.6055147876361957,233.107375,38.78811866816313,-0.4006662765047433,221.24,2469762,1787826886,2026-08-27T10:34:46Z,NYSE:WM
10.688472242732583,-5.738107251307127,-203.9976789395664,-1.6055147876361957,233.107375,38.78811866816313,-0.4006662765047433,221.24,2469762,1787827067,2026-08-27T10:37:47Z,NYSE:WM
10.688472242732583,-5.738107251307127,-203.9976789395664,-1.6055147876361957,233.107375,38.78811866816313,-0.4006662765047433,221.24,2469762,1787827244,2026-08-27T10:40:44Z,NYSE:WM
10.688472242732583,-5.738107251307127,-203.9976789395664,-1.6055147876361957,233.107375,38.78811866816313,-0.4006662765047433,221.24,2469762,1787827420,2026-08-27T10:43:40Z,NYSE:WM
10.688472242732583,-5.738107251307127,-203.9976789395664,-1.6055147876361957,233.107375,38.78811866816313,-0.4006662765047433,221.24,2469762,1787827607,2026-08-27T10:46:47Z,NYSE:WM
10.688472242732583,-5.738107251307127,-203.9976789395664,-1.6055147876361957,233.107375,38.78811866816313,-0.4006662765047433,221.24,2469762,1787827787,2026-08-27T10:49:47Z,NYSE:WM
10.688472242732583,-5.738107251307127,-203.9976789395664,-1.6055147876361957,233.107375,38.78811866816313,-0.4006662765047433,221.24,2469762,1787827967,2026-08-27T10:52:47Z,NYSE:WM
10.688472242732583,-5.738107251307127,-203.9976789395664,-1.6055147876361957,233.107375,38.78811866816313,-0.4006662765047433,221.24,2469762,1787828144,2026-08-27T10:55:44Z,NYSE:WM
10.688472242732583,-5.738107251307127,-203.9976789395664,-1.6055147876361957,233.107375,38.78811866816313,-0.4006662765047433,221.24,2469762,1787828325,2026-08-27T10:58:45Z,NYSE:WM
10.688472242732583,-5.738107251307127,-203.9976789395664,-1.6055147876361957,233.107375,38.78811866816313,-0.4006662765047433,221.24,2469762,1787828507,2026-08-27T11:01:47Z,NYSE:WM
10.688472242732583,-5.738107251307127,-203.9976789395664,-1.6055147876361957,233.107375,38.78811866816313,-0.4006662765047433,221.24,2469762,1787828688,2026-08-27T11:04:48Z,NYSE:WM
10.688472242732583,-5.738107251307127,-203.9976789395664,-1.6055147876361957,233.107375,38.78811866816313,-0.4006662765047433,221.24,2469762,1787828867,2026-08-27T11:07:47Z,NYSE:WM
10.688472242732583,-5.738107251307127,-203.9976789395664,-1.6055147876361957,233.107375,38.78811866816313,-0.4006662765047433,221.24,2469762,1787829047,2026-08-27T11:10:47Z,NYSE:WM
10.688472242732583,-5.738107251307127,-203.9976789395664,-1.6055147876361957,233.107375,38.78811866816313,-0.4006662765047433,221.24,2469762,1787829224,2026-08-27T11:13:44Z,NYSE:WM
10.688472242732583,-5.738107251307127,-203.9976789395664,-1.6055147876361957,233.107375,38.78811866816313,-0.4006662765047433,221.24,2469762,1787829407,2026-08-27T11:16:47Z,NYSE:WM
10.688472242732583,-5.738107251307127,-203.9976789395664,-1.6055147876361957,233.107375,38.78811866816313,-0.4006662765047433,221.24,2469762,1787829586,2026-08-27T11:19:46Z,NYSE:WM
10.688472242732583,-5.738107251307127,-203.9976789395664,-1.6055147876361957,233.107375,38.78811866816313,-0.4006662765047433,221.24,2469762,1787829769,2026-08-27T11:22:49Z,NYSE:WM
10.688472242732583,-5.738107251307127,-203.9976789395664,-1.6055147876361957,233.107375,38.78811866816313,-0.4006662765047433,221.24,2469762,1787829943,2026-08-27T11:25:43Z,NYSE:WM
10.688472242732583,-5.738107251307127,-203.9976789395664,-1.6055147876361957,233.107375,38.78811866816313,-0.4006662765047433,221.24,2469762,1787830126,2026-08-27T11:28:46Z,NYSE:WM
10.688472242732583,-5.738107251307127,-203.9976789395664,-1.6055147876361957,233.107375,38.78811866816313,-0.4006662765047433,221.24,2469762,1787830305,2026-08-27T11:31:45Z,NYSE:WM
10.688472242732583,-5.738107251307127,-203.9976789395664,-1.6055147876361957,233.107375,38.78811866816313,-0.4006662765047433,221.24,2469762,1787830489,2026-08-27T11:34:49Z,NYSE:WM
10.688472242732583,-5.738107251307127,-203.9976789395664,-1.6055147876361957,233.107375,38.78811866816313,-0.4006662765047433,221.24,2469762,1787830664,2026-08-27T11:37:44Z,NYSE:WM
10.688472242732583,-5.738107251307127,-203.9976789395664,-1.6055147876361957,233.107375,38.78811866816313,-0.4006662765047433,221.24,2469762,1787830841,2026-08-27T11:40:41Z,NYSE:WM
10.688472242732583,-5.738107251307127,-203.9976789395664,-1.6055147876361957,233.107375,38.78811866816313,-0.4006662765047433,221.24,2469762,1787831026,2026-08-27T11:43:46Z,NYSE:WM
10.688472242732583,-5.738107251307127,-203.9976789395664,-1.6055147876361957,233.107375,38.78811866816313,-0.4006662765047433,221.24,2469762,1787831204,2026-08-27T11:46:44Z,NYSE:WM
10.688472242732583,-5.738107251307127,-203.9976789395664,-1.6055147876361957,233.107375,38.78811866816313,-0.4006662765047433,221.24,2469762,1787831382,2026-08-27T11:49:42Z,NYSE:WM
10.688472242732583,-5.738107251307127,-203.9976789395664,-1.6055147876361957,233.107375,38.78811866816313,-0.4006662765047433,221.24,2469762,1787831564,2026-08-27T11:52:44Z,NYSE:WM
10.688472242732583,-5.738107251307127,-203.9976789395664,-1.6055147876361957,233.107375,38.78811866816313,-0.4006662765047433,221.24,2469762,1787831745,2026-08-27T11:55:45Z,NYSE:WM
10.688472242732583,-5.738107251307127,-203.9976789395664,-1.6055147876361957,233.107375,38.78811866816313,-0.4006662765047433,221.24,2469762,1787831924,2026-08-27T11:58:44Z,NYSE:WM
10.688472242732583,-5.738107251307127,-203.9976789395664,-1.6055147876361957,233.107375,38.78811866816313,-0.4006662765047433,221.24,2469762,1787832107,2026-08-27T12:01:47Z,NYSE:WM
10.688472242732583,-5.738107251307127,-203.9976789395664,-1.6055147876361957,233.107375,38.78811866816313,-0.4006662765047433,221.24,2469762,1787832285,2026-08-27T12:04:45Z,NYSE:WM
10.688472242732583,-5.738107251307127,-203.9976789395664,-1.6055147876361957,233.107375,38.78811866816313,-0.4006662765047433,221.24,2469762,1787832469,2026-08-27T12:07:49Z,NYSE:WM
10.688472242732583,-5.738107251307127,-203.9976789395664,-1.6055147876361957,233.107375,38.78811866816313,-0.4006662765047433,221.24,2469762,1787832644,2026-08-27T12:10:44Z,NYSE:WM
10.688472242732583,-5.738107251307127,-203.9976789395664,-1.6055147876361957,233.107375,38.78811866816313,-0.4006662765047433,221.24,2469762,1787832828,2026-08-27T12:13:48Z,NYSE:WM
10.688472242732583,-5.738107251307127,-203.9976789395664,-1.6055147876361957,233.107375,38.78811866816313,-0.4006662765047433,221.24,2469762,1787833010,2026-08-27T12:16:50Z,NYSE:WM
10.688472242732583,-5.738107251307127,-203.9976789395664,-1.6055147876361957,233.107375,38.78811866816313,-0.4006662765047433,221.24,2469762,1787833184,2026-08-27T12:19:44Z,NYSE:WM
10.688472242732583,-5.738107251307127,-203.9976789395664,-1.6055147876361957,233.107375,38.78811866816313,-0.4006662765047433,221.24,2469762,1787833362,2026-08-27T12:22:42Z,NYSE:WM
10.688472242732583,-5.738107251307127,-203.9976789395664,-1.6055147876361957,233.107375,38.78811866816313,-0.4006662765047433,221.24,2469762,1787833544,2026-08-27T12:25:44Z,NYSE:WM
10.688472242732583,-5.738107251307127,-203.9976789395664,-1.6055147876361957,233.107375,38.78811866816313,-0.4006662765047433,221.24,2469762,1787833730,2026-08-27T12:28:50Z,NYSE:WM
10.688472242732583,-5.738107251307127,-203.9976789395664,-1.6055147876361957,233.107375,38.78811866816313,-0.4006662765047433,221.24,2469762,1787833909,2026-08-27T12:31:49Z,NYSE:WM
10.688472242732583,-5.738107251307127,-203.9976789395664,-1.6055147876361957,233.107375,38.78811866816313,-0.4006662765047433,221.24,2469762,1787834085,2026-08-27T12:34:45Z,NYSE:WM
10.688472242732583,-5.738107251307127,-203.9976789395664,-1.6055147876361957,233.107375,38.78811866816313,-0.4006662765047433,221.24,2469762,1787834262,2026-08-27T12:37:42Z,NYSE:WM
10.688472242732583,-5.738107251307127,-203.9976789395664,-1.6055147876361957,233.107375,38.78811866816313,-0.4006662765047433,221.24,2469762,1787834446,2026-08-27T12:40:46Z,NYSE:WM
10.688472242732583,-5.738107251307127,-203.9976789395664,-1.6055147876361957,233.107375,38.78811866816313,-0.4006662765047433,221.24,2469762,1787834625,2026-08-27T12:43:45Z,NYSE:WM
10.688472242732583,-5.738107251307127,-203.9976789395664,-1.6055147876361957,233.107375,38.78811866816313,-0.4006662765047433,221.24,2469762,1787834805,2026-08-27T12:46:45Z,NYSE:WM
10.688472242732583,-5.738107251307127,-203.9976789395664,-1.6055147876361957,233.107375,38.78811866816313,-0.4006662765047433,221.24,2469762,1787834990,2026-08-27T12:49:50Z,NYSE:WM
10.688472242732583,-5.738107251307127,-203.9976789395664,-1.6055147876361957,233.107375,38.78811866816313,-0.4006662765047433,221.24,2469762,1787835164,2026-08-27T12:52:44Z,NYSE:WM
10.688472242732583,-5.738107251307127,-203.9976789395664,-1.6055147876361957,233.107375,38.78811866816313,-0.4006662765047433,221.24,2469762,1787835343,2026-08-27T12:55:43Z,NYSE:WM
10.688472242732583,-5.738107251307127,-203.9976789395664,-1.6055147876361957,233.107375,38.78811866816313,-0.4006662765047433,221.24,2469762,1787835525,2026-08-27T12:58:45Z,NYSE:WM
10.688472242732583,-5.738107251307127,-203.9976789395664,-1.6055147876361957,233.107375,38.78811866816313,-0.4006662765047433,221.24,2469762,1787835708,2026-08-27T13:01:48Z,NYSE:WM
10.688472242732583,-5.738107251307127,-203.9976789395664,-1.6055147876361957,233.107375,38.78811866816313,-0.4006662765047433,221.24,2469762,1787835885,2026-08-27T13:04:45Z,NYSE:WM
10.688472242732583,-5.738107251307127,-203.9976789395664,-1.6055147876361957,233.107375,38.78811866816313,-0.4006662765047433,221.24,2469762,1787836065,2026-08-27T13:07:45Z,NYSE:WM
10.688472242732583,-5.738107251307127,-203.9976789395664,-1.6055147876361957,233.107375,38.78811866816313,-0.4006662765047433,221.24,2469762,1787836243,2026-08-27T13:10:43Z,NYSE:WM
10.688472242732583,-5.738107251307127,-203.9976789395664,-1.6055147876361957,233.107375,38.78811866816313,-0.4006662765047433,221.24,2469762,1787836427,2026-08-27T13:13:47Z,NYSE:WM
10.688472242732583,-5.738107251307127,-203.9976789395664,-1.6055147876361957,233.107375,38.78811866816313,-0.4006662765047433,221.24,2469762,1787836607,2026-08-27T13:16:47Z,NYSE:WM
10.688472242732583,-5.738107251307127,-203.9976789395664,-1.6055147876361957,233.107375,38.78811866816313,-0.4006662765047433,221.24,2469762,1787836786,2026-08-27T13:19:46Z,NYSE:WM
10.688472242732583,-5.738107251307127,-203.9976789395664,-1.6055147876361957,233.107375,38.78811866816313,-0.4006662765047433,221.24,2469762,1787836965,2026-08-27T13:22:45Z,NYSE:WM
10.688472242732583,-5.738107251307127,-203.9976789395664,-1.6055147876361957,233.107375,38.78811866816313,-0.4006662765047433,221.24,2469762,1787837148,2026-08-27T13:25:48Z,NYSE:WM
10.688472242732583,-5.738107251307127,-203.9976789395664,-1.6055147876361957,233.107375,38.78811866816313,-0.4006662765047433,221.24,2469762,1787837330,2026-08-27T13:28:50Z,NYSE:WM
10.688472242732583,-5.738107251307127,-203.9976789395664,-1.6055147876361957,233.107375,38.78811866816313,-0.4006662765047433,221.24,2469762,1787837505,2026-08-27T13:31:45Z,NYSE:WM
10.688472242732583,-5.738107251307127,-203.9976789395664,-1.6055147876361957,233.107375,38.78811866816313,-0.4006662765047433,221.24,2469762,1787837687,2026-08-27T13:34:47Z,NYSE:WM
10.688472242732583,-5.738107251307127,-203.9976789395664,-1.6055147876361957,233.107375,38.78811866816313,-0.4006662765047433,221.24,2469762,1787837866,2026-08-27T13:37:46Z,NYSE:WM
10.688472242732583,-5.738107251307127,-203.9976789395664,-1.6055147876361957,233.107375,38.78811866816313,-0.4006662765047433,221.24,2469762,1787838048,2026-08-27T13:40:48Z,NYSE:WM
10.688472242732583,-5.738107251307127,-203.9976789395664,-1.6055147876361957,233.107375,38.78811866816313,-0.4006662765047433,221.24,2469762,1787838225,2026-08-27T13:43:45Z,NYSE:WM
11.007170270356088,-8.914091929691807,-259.149180064869,-2.357336654361078,233.107375,36.168780182218846,-0.7729162900018116,219.53,48704,1787838404,2026-08-27T13:46:44Z,NYSE:WM
11.077436455005444,-8.981949072548957,-271.5623611661136,-2.7109371525152333,233.107375,35.06781733802242,-1.1322545651780849,218.735,64599,1787838584,2026-08-27T13:49:44Z,NYSE:WM
11.077436455005444,-9.029091929691845,-269.71807315988895,-2.637548369879468,233.107375,35.29077211203213,-1.0576749231603704,218.9,74900,1787838767,2026-08-27T13:52:47Z,NYSE:WM
11.136875156206074,-9.164091929691864,-277.2144262863462,-2.824356180225069,233.107375,34.72873836545739,-1.2475140119327517,218.48,91041,1787838946,2026-08-27T13:55:46Z,NYSE:WM
11.280985662738535,-9.67694907254898,-288.77074070242253,-3.022283503091231,233.107375,34.15245787424597,-1.4486530464653824,218.035,111135,1787839126,2026-08-27T13:58:46Z,NYSE:WM
11.280985662738535,-9.704091929691828,-287.7829102891067,-2.9800293555130617,233.107375,34.27387268989273,-1.4057132525763938,218.13,126426,1787839305,2026-08-27T14:01:45Z,NYSE:WM
11.280985662738535,-9.786949072548992,-284.7516222619573,-2.8510430102744406,233.107375,34.649905874082776,-1.2746338817573772,218.42,143472,1787839489,2026-08-27T14:04:49Z,NYSE:WM
11.280985662738535,-9.828377643977518,-283.2269844899976,-2.7865498376551234,233.107375,34.84103374835907,-1.2090941963478623,218.565,157023,1787839667,2026-08-27T14:07:47Z,NYSE:WM
11.280985662738535,-9.855520501120424,-282.22480933214194,-2.744295690076954,233.107375,34.96740286527911,-1.166154402458874,218.66,165830,1787839846,2026-08-27T14:10:46Z,NYSE:WM
11.280985662738535,-9.852663358263245,-282.3304239149566,-2.7487434950851783,233.107375,34.95405770138143,-1.1706743807629738,218.65,179263,1787840025,2026-08-27T14:13:45Z,NYSE:WM
11.280985662738535,-9.855520501120424,-282.22480933214194,-2.744295690076954,233.107375,34.96740286527911,-1.166154402458874,218.66,193080,1787840209,2026-08-27T14:16:49Z,NYSE:WM
11.280985662738535,-9.789806215406117,-284.6466681099505,-2.846595205266204,233.107375,34.66301975965631,-1.2701139034532645,218.43,206160,1787840389,2026-08-27T14:19:49Z,NYSE:WM
11.280985662738535,-9.66837764397755,-289.08215926316126,-3.035626918115917,233.107375,34.114294870146395,-1.4622129813776954,218.005,221827,1787840568,2026-08-27T14:22:48Z,NYSE:WM
11.280985662738535,-9.684091929691846,-288.5110318606587,-3.0111639905706578,233.107375,34.184325662743774,-1.4373531007051197,218.06,232742,1787840747,2026-08-27T14:25:47Z,NYSE:WM
11.334618382698707,-9.809063358263272,-295.42524259328104,-3.200195703420372,233.107375,33.65053514052262,-1.6294521786295508,217.635,248999,1787840927,2026-08-27T14:28:47Z,NYSE:WM
11.371301094075983,-9.973120501120404,-297.42227570501444,-3.2113152159409326,233.107375,33.619654367444255,-1.640752124389801,217.61,269381,1787841107,2026-08-27T14:31:47Z,NYSE:WM
11.371301094075983,-10.12026335826326,-292.1577854413837,-2.982253258017174,233.107375,34.26746091826165,-1.4079732417284436,218.125,287993,1787841289,2026-08-27T14:34:49Z,NYSE:WM
11.371301094075983,-10.1788347868347,-290.04181113370964,-2.891073255348485,233.107375,34.53232590664203,-1.3153136864943034,218.33,298828,1787841467,2026-08-27T14:37:47Z,NYSE:WM
11.371301094075983,-10.128834786834688,-291.8488616271221,-2.9689098429924883,233.107375,34.305967572875986,-1.3944133068161308,218.155,310228,1787841648,2026-08-27T14:40:48Z,NYSE:WM
11.371301094075983,-10.085977643977545,-293.3909855060038,-3.035626918115917,233.107375,34.114294870146395,-1.4622129813776954,218.005,324698,1787841826,2026-08-27T14:43:46Z,NYSE:WM
11.371301094075983,-10.094549072548972,-293.0830591638571,-3.022283503091231,233.107375,34.15245787424597,-1.4486530464653824,218.035,334002,1787842010,2026-08-27T14:46:50Z,NYSE:WM
11.371301094075983,-10.075977643977552,-293.7499187068861,-3.051194235644715,233.107375,34.0698790208649,-1.4780329054420585,217.97,347296,1787842187,2026-08-27T14:49:47Z,NYSE:WM
11.371301094075983,-10.204549072548986,-289.10913696074715,-2.8510430102744406,233.107375,34.649905874082776,-1.2746338817573772,218.42,360384,1787842368,2026-08-27T14:52:48Z,NYSE:WM
11.371301094075983,-10.233120501120396,-288.07016323048504,-2.806564960192146,233.107375,34.78149294344334,-1.2294340987163257,218.52,374625,1787842547,2026-08-27T14:55:47Z,NYSE:WM
11.371301094075983,-10.223120501120404,-288.43412429610333,-2.822132277720944,233.107375,34.735323934391815,-1.2452540227806883,218.485,382675,1787842731,2026-08-27T14:58:51Z,NYSE:WM
11.371301094075983,-10.290263358263276,-285.9837423717003,-2.7176088600275823,233.107375,35.047688332969415,-1.139034532634248,218.72,391643,1787842909,2026-08-27T15:01:49Z,NYSE:WM
11.371301094075983,-10.295977643977524,-285.7744761997707,-2.708713250011121,233.107375,35.07453214545927,-1.129994576026035,218.74,397194,1787843088,2026-08-27T15:04:48Z,NYSE:WM
11.371301094075983,-10.287406215406094,-286.0883327964691,-2.7220566650358067,233.107375,35.03428182923845,-1.143554510938348,218.71,408536,1787843268,2026-08-27T15:07:48Z,NYSE:WM
11.371301094075983,-10.185977643977507,-289.7829627428506,-2.8799537428279245,233.107375,34.56490688841775,-1.304013740734053,218.355,442003,1787843448,2026-08-27T15:10:48Z,NYSE:WM
11.371301094075983,-10.131691929691812,-291.74583145395746,-2.964462037984264,233.107375,34.31882236285347,-1.3898933285120307,218.165,472042,1787843625,2026-08-27T15:13:45Z,NYSE:WM
11.371301094075983,-10.153120501120412,-290.9722181583469,-2.9311035004225428,233.107375,34.415541225280094,-1.355993491231242,218.24,483621,1787843806,2026-08-27T15:16:46Z,NYSE:WM
11.371301094075983,-10.175977643977518,-290.1453014985883,-2.8955210603567223,233.107375,34.51931070556954,-1.319833664798416,218.32,502806,1787843987,2026-08-27T15:19:47Z,NYSE:WM
11.371301094075983,-10.214549072548976,-288.74581628505416,-2.83547569274563,233.107375,34.695847942613625,-1.2588139576930013,218.455,526634,1787844166,2026-08-27T15:22:46Z,NYSE:WM
11.371301094075983,-10.210263358263234,-288.9015673152667,-2.842147400257979,233.107375,34.67614357536392,-1.2655939251491644,218.44,535294,1787844346,2026-08-27T15:25:46Z,NYSE:WM
11.371301094075983,-10.221691929691843,-288.48609055643254,-2.824356180225069,233.107375,34.72873836545739,-1.2475140119327517,218.48,547253,1787844527,2026-08-27T15:28:47Z,NYSE:WM
11.371301094075983,-10.227406215406091,-288.2781832601426,-2.815460570208608,233.107375,34.75509563548735,-1.2384740553245386,218.5,563436,1787844706,2026-08-27T15:31:46Z,NYSE:WM
11.371301094075983,-10.2388347868347,-287.8620303757393,-2.7976693501756973,233.107375,34.80793038062389,-1.2203941421081257,218.54,578286,1787844888,2026-08-27T15:34:48Z,NYSE:WM
11.371301094075983,-10.19883478683468,-289.3165942387298,-2.8510430102744406,233.107375,34.62370784829041,-1.2836738383655777,218.4,589022,1787845064,2026-08-27T15:37:44Z,NYSE:WM
11.371301094075983,-10.24454907254895,-287.65378460409727,-2.788773740159236,233.107375,34.8344080386054,-1.2113541854999126,218.56,608164,1787845247,2026-08-27T15:40:47Z,NYSE:WM
11.371301094075983,-10.144549072548983,-291.2818514506824,-2.944446915447229,233.107375,34.37678833537585,-1.369553426143555,218.21,625087,1787845428,2026-08-27T15:43:48Z,NYSE:WM
11.371301094075983,-10.04454907254896,-294.87579681966093,-3.100120090735221,233.107375,33.93103622979842,-1.5277526667871972,217.86,645572,1787845606,2026-08-27T15:46:46Z,NYSE:WM
11.371301094075983,-10.051691929691827,-294.62020775006016,-3.089000578214661,233.107375,33.962491948758526,-1.5164527210269472,217.885,657671,1787845785,2026-08-27T15:49:45Z,NYSE:WM
11.371301094075983,-10.114549072548954,-292.36359584223135,-2.991148868033636,233.107375,34.24183780339385,-1.4170131983366565,218.105,664617,1787845966,2026-08-27T15:52:46Z,NYSE:WM
11.371301094075983,-10.157406215406098,-290.8173074108764,-2.924431792910206,233.107375,34.434950453256164,-1.349213523775092,218.255,672500,1787846144,2026-08-27T15:55:44Z,NYSE:WM
11.371301094075983,-10.175977643977518,-290.1453014985883,-2.8955210603567223,233.107375,34.51931070556954,-1.319833664798416,218.32,683335,1787846324,2026-08-27T15:58:44Z,NYSE:WM
11.371301094075983,-10.190263358263252,-289.6275696661567,-2.873282035315575,233.107375,34.58448500450589,-1.2972337732778902,218.37,693299,1787846504,2026-08-27T16:01:44Z,NYSE:WM
11.371301094075983,-10.175977643977518,-290.1453014985883,-2.8955210603567223,233.107375,34.51931070556954,-1.319833664798416,218.32,702905,1787846687,2026-08-27T16:04:47Z,NYSE:WM
11.371301094075983,-10.124549072548945,-292.0033547809428,-2.9755815505048373,233.107375,34.2867034340746,-1.4011932742722937,218.14,712229,1787846866,2026-08-27T16:07:46Z,NYSE:WM
11.371301094075983,-10.09312050112041,-293.13439749847623,-3.024507405595344,233.107375,34.146091445193434,-1.450913035617433,218.03,719647,1787847047,2026-08-27T16:10:47Z,NYSE:WM
11.371301094075983,-10.1031205011204,-292.77488390707964,-3.0089400880665456,233.107375,34.190706358404555,-1.4350931115530696,218.065,728004,1787847225,2026-08-27T16:13:45Z,NYSE:WM
11.371301094075983,-10.0816919296918,-293.54485542831765,-3.042298625628254,233.107375,34.095245333620625,-1.4689929488338456,217.99,747125,1787847408,2026-08-27T16:16:48Z,NYSE:WM
11.371301094075983,-10.118834786834697,-292.2092484473332,-2.984477160521286,233.107375,34.261051545141314,-1.4102332308804937,218.12,756302,1787847589,2026-08-27T16:19:49Z,NYSE:WM
11.371301094075983,-10.115977643977516,-292.3121536463554,-2.9889249655295105,233.107375,34.24823998905151,-1.4147532091845938,218.11,765755,1787847765,2026-08-27T16:22:45Z,NYSE:WM
11.371301094075983,-10.090263358263227,-293.2370534304082,-3.028955210603568,233.107375,34.13336570510846,-1.4554330139215326,218.02,773359,1787847945,2026-08-27T16:25:45Z,NYSE:WM
11.371301094075983,-10.133120501120374,-291.69430594197524,-2.962238135480152,233.107375,34.32525337113317,-1.387633339359981,218.17,783847,1787848128,2026-08-27T16:28:48Z,NYSE:WM
11.371301094075983,-10.135977643977554,-291.5912340601658,-2.9577903304719144,233.107375,34.33812262104807,-1.383113361055868,218.18,813636,1787848306,2026-08-27T16:31:46Z,NYSE:WM
11.371301094075983,-10.137406215406116,-291.53968768753265,-2.9555664279678022,233.107375,34.344560865395664,-1.3808533719038178,218.185,821890,1787848488,2026-08-27T16:34:48Z,NYSE:WM
11.371301094075983,-10.070263358263247,-293.95487164675706,-3.0600898456611767,233.107375,34.04455042430428,-1.4870728620502711,217.95,834414,1787848665,2026-08-27T16:37:45Z,NYSE:WM
11.371301094075983,-10.135977643977554,-291.5912340601658,-2.9577903304719144,233.107375,34.33812262104807,-1.383113361055868,218.18,842650,1787848850,2026-08-27T16:40:50Z,NYSE:WM
11.371301094075983,-10.090263358263227,-293.2370534304082,-3.028955210603568,233.107375,34.13336570510846,-1.4554330139215326,218.02,849860,1787849029,2026-08-27T16:43:49Z,NYSE:WM
11.371301094075983,-10.114549072548954,-292.36359584223135,-2.991148868033636,233.107375,34.24183780339385,-1.4170131983366565,218.105,854180,1787849211,2026-08-27T16:46:51Z,NYSE:WM
11.371301094075983,-10.1031205011204,-292.77488390707964,-3.0089400880665456,233.107375,34.190706358404555,-1.4350931115530696,218.065,861711,1787849385,2026-08-27T16:49:45Z,NYSE:WM
11.371301094075983,-10.135977643977554,-291.5912340601658,-2.9577903304719144,233.107375,34.33812262104807,-1.383113361055868,218.18,871875,1787849565,2026-08-27T16:52:45Z,NYSE:WM
11.371301094075983,-10.021691929691798,-295.6925292665304,-3.1357025308010544,233.107375,33.83076833261519,-1.600072319652875,217.7,889180,1787849746,2026-08-27T16:55:46Z,NYSE:WM
11.371301094075983,-10.024372501120382,-295.5968377599331,-3.13152960014234,233.107375,33.84249656653162,-1.559671849575131,217.789382,894686,1787849926,2026-08-27T16:58:46Z,NYSE:WM
11.371301094075983,-10.019095643977522,-295.78518895615457,-3.139744251212029,233.107375,33.81941661871461,-1.5680197975049728,217.770913,907694,1787850106,2026-08-27T17:01:46Z,NYSE:WM
11.371301094075983,-10.097406215406096,-292.98036175034423,-3.017835698083007,233.107375,34.16519785700922,-1.4441330681612825,218.045,927330,1787850287,2026-08-27T17:04:47Z,NYSE:WM
11.371301094075983,-10.147406215406107,-291.1786682219294,-2.9399991104390044,233.107375,34.38969626462075,-1.365033447839455,218.22,944656,1787850467,2026-08-27T17:07:47Z,NYSE:WM
11.371301094075983,-10.107406215406089,-292.62070284136684,-3.0022683805541965,233.107375,34.20986274530506,-1.4283131440969068,218.08,954149,1787850648,2026-08-27T17:10:48Z,NYSE:WM
11.371301094075983,-10.087406215406103,-293.3396817219196,-3.033403015611805,233.107375,34.12064944687758,-1.4599529922256456,218.01,960596,1787850828,2026-08-27T17:13:48Z,NYSE:WM
11.371301094075983,-10.097406215406096,-292.98036175034423,-3.017835698083007,233.107375,34.16519785700922,-1.4441330681612825,218.045,967695,1787851011,2026-08-27T17:16:51Z,NYSE:WM
11.371301094075983,-10.1138347868347,-292.3893143398746,-2.992260819285692,233.107375,34.238637608074285,-1.4181431929126818,218.1025,995865,1787851188,2026-08-27T17:19:48Z,NYSE:WM
11.371301094075983,-10.035977643977532,-295.1822771523288,-3.113463505759907,233.107375,33.89336619534056,-1.5413126016995102,217.83,1016830,1787851364,2026-08-27T17:22:44Z,NYSE:WM
11.371301094075983,-10.078834786834676,-293.6474008655052,-3.04674643063649,233.107375,34.08255745745511,-1.4735129271379583,217.98,1025908,1787851546,2026-08-27T17:25:46Z,NYSE:WM
11.371301094075983,-10.075977643977552,-293.7499187068861,-3.051194235644715,233.107375,34.0698790208649,-1.4780329054420585,217.97,1037047,1787851724,2026-08-27T17:28:44Z,NYSE:WM
11.371301094075983,-10.055977643977512,-294.4667718486488,-3.082328870702311,233.107375,33.98139339025509,-1.5096727535707843,217.9,1041005,1787851908,2026-08-27T17:31:48Z,NYSE:WM
11.371301094075983,-10.091691929691848,-293.18572892019296,-3.026731308099456,233.107375,34.13972738925649,-1.4531730247694823,218.025,1051498,1787852091,2026-08-27T17:34:51Z,NYSE:WM
11.371301094075983,-10.040263358263276,-295.0290678626905,-3.1067917982475706,233.107375,33.91219075150056,-1.53453263424336,217.845,1061396,1787852281,2026-08-27T17:38:01Z,NYSE:WM
11.371301094075983,-10.07169192969181,-293.9036437511714,-3.057865943157052,233.107375,34.05087904215223,-1.4848128728982086,217.955,1067960,1787852443,2026-08-27T17:40:43Z,NYSE:WM
11.371301094075983,-10.070263358263247,-293.95487164675706,-3.0600898456611767,233.107375,34.04455042430428,-1.4870728620502711,217.95,1073070,1787852629,2026-08-27T17:43:49Z,NYSE:WM
11.371301094075983,-10.04454907254896,-294.87579681966093,-3.100120090735221,233.107375,33.93103622979842,-1.5277526667871972,217.86,1083230,1787852808,2026-08-27T17:46:48Z,NYSE:WM
11.371301094075983,-10.09312050112041,-293.13439749847623,-3.024507405595344,233.107375,34.146091445193434,-1.450913035617433,218.03,1095657,1787852988,2026-08-27T17:49:48Z,NYSE:WM
11.371301094075983,-10.104549072548965,-292.72349714305847,-3.0067161855624334,233.107375,34.19708943649515,-1.4328331224010196,218.07,1105579,1787853166,2026-08-27T17:52:46Z,NYSE:WM
11.371301094075983,-10.144549072548983,-291.2818514506824,-2.944446915447229,233.107375,34.37678833537585,-1.369553426143555,218.21,1117069,1787853350,2026-08-27T17:55:50Z,NYSE:WM
11.371301094075983,-10.098834786834658,-292.9290026686562,-3.015611795578882,233.107375,34.1715714133782,-1.4418730790092196,218.05,1123075,1787853529,2026-08-27T17:58:49Z,NYSE:WM
11.371301094075983,-10.070263358263247,-293.95487164675706,-3.0600898456611767,233.107375,34.04455042430428,-1.4870728620502711,217.95,1135118,1787853709,2026-08-27T18:01:49Z,NYSE:WM
11.371301094075983,-10.0816919296918,-293.54485542831765,-3.042298625628254,233.107375,34.095245333620625,-1.4689929488338456,217.99,1139750,1787853887,2026-08-27T18:04:47Z,NYSE:WM
11.371301094075983,-10.070263358263247,-293.95487164675706,-3.0600898456611767,233.107375,34.04455042430428,-1.4870728620502711,217.95,1147973,1787854068,2026-08-27T18:07:48Z,NYSE:WM
11.371301094075983,-10.061691929691818,-294.26209436622804,-3.0734332606858623,233.107375,34.006628063525696,-1.5006327969625843,217.92,1154070,1787854242,2026-08-27T18:10:42Z,NYSE:WM
11.371301094075983,-10.10169192969184,-292.8262637484215,-3.0111639905706578,233.107375,34.184325662743774,-1.4373531007051197,218.06,1164623,1787854429,2026-08-27T18:13:49Z,NYSE:WM
11.371301094075983,-10.08312050112042,-293.49357235781,-3.0400747231241416,233.107375,34.10159281483914,-1.4667329596817955,217.995,1172702,1787854610,2026-08-27T18:16:50Z,NYSE:WM
11.371301094075983,-10.1788347868347,-290.04181113370964,-2.891073255348485,233.107375,34.53232590664203,-1.3153136864943034,218.33,1187912,1787854787,2026-08-27T18:19:47Z,NYSE:WM
11.371301094075983,-10.153120501120412,-290.9722181583469,-2.9311035004225428,233.107375,34.415541225280094,-1.355993491231242,218.24,1200241,1787854965,2026-08-27T18:22:45Z,NYSE:WM
11.371301094075983,-10.240263358263263,-287.80997952237766,-2.795445447671585,233.107375,34.814546020835834,-1.2181341529560754,218.545,1217609,1787855146,2026-08-27T18:25:46Z,NYSE:WM
11.371301094075983,-10.200263358263244,-289.26474044869866,-2.857714717786777,233.107375,34.63025364008388,-1.2814138492135272,218.405,1224418,1787855324,2026-08-27T18:28:44Z,NYSE:WM
11.371301094075983,-10.213120501120414,-288.797740326179,-2.8376995952497546,233.107375,34.689277332488885,-1.2610739468450645,218.45,1230740,1787855505,2026-08-27T18:31:45Z,NYSE:WM
11.371301094075983,-10.183120501120383,-289.8865231026348,-2.884401547836149,233.107375,34.55186712091378,-1.3085337190381532,218.345,1239033,1787855687,2026-08-27T18:34:47Z,NYSE:WM
11.371301094075983,-10.1788347868347,-290.04181113370964,-2.891073255348485,233.107375,34.53232590664203,-1.3153136864943034,218.33,1260438,1787855867,2026-08-27T18:37:47Z,NYSE:WM
11.371301094075983,-10.193120501120376,-289.52393924042883,-2.86883423030735,233.107375,34.59754940806144,-1.2927137949737904,218.38,1267284,1787856046,2026-08-27T18:40:46Z,NYSE:WM
11.371301094075983,-10.227006215406137,-288.2927404392895,-2.8160832629097547,233.107375,34.75324932440904,-1.2391068522871085,218.4986,1271891,1787856229,2026-08-27T18:43:49Z,NYSE:WM
11.371301094075983,-10.24740621540613,-287.5496193457152,-2.7843259351510112,233.107375,34.84766197909033,-1.2068342071958127,218.57,1282674,1787856407,2026-08-27T18:46:47Z,NYSE:WM
11.371301094075983,-10.270263358263236,-286.7152788182232,-2.7487434950851783,233.107375,34.95405770138143,-1.1706743807629738,218.65,1288512,1787856588,2026-08-27T18:49:48Z,NYSE:WM
11.371301094075983,-10.230263358263272,-288.17418734271735,-2.811012765200383,233.107375,34.76828927902493,-1.2339540770204385,218.51,1295269,1787856767,2026-08-27T18:52:47Z,NYSE:WM
11.371301094075983,-10.221691929691843,-288.48609055643254,-2.824356180225069,233.107375,34.72873836545739,-1.2475140119327517,218.48,1300851,1787856943,2026-08-27T18:55:43Z,NYSE:WM
11.371301094075983,-10.20740621540611,-289.00536618965134,-2.846595205266204,233.107375,34.66301975965631,-1.2701139034532645,218.43,1309445,1787857126,2026-08-27T18:58:46Z,NYSE:WM
11.371301094075983,-10.17026335826327,-290.3521983054046,-2.904416670373171,233.107375,34.49330971375724,-1.328873621406616,218.3,1317308,1787857304,2026-08-27T19:01:44Z,NYSE:WM
11.371301094075983,-10.240834786834654,-287.7891572046645,-2.794555886669935,233.107375,34.817192981105364,-1.2172301572952504,218.547,1324688,1787857487,2026-08-27T19:04:47Z,NYSE:WM
11.371301094075983,-10.214549072548976,-288.74581628505416,-2.83547569274563,233.107375,34.695847942613625,-1.2588139576930013,218.455,1330105,1787857666,2026-08-27T19:07:46Z,NYSE:WM
11.371301094075983,-10.233120501120396,-288.07016323048504,-2.806564960192146,233.107375,34.78149294344334,-1.2294340987163257,218.52,1335096,1787857851,2026-08-27T19:10:51Z,NYSE:WM
11.371301094075983,-10.201691929691805,-289.21287963997105,-2.855490815282665,233.107375,34.63680190737722,-1.2791538600614774,218.41,1346734,1787858028,2026-08-27T19:13:48Z,NYSE:WM
11.371301094075983,-10.187406215406128,-289.7311720569777,-2.8777298403237994,233.107375,34.57143046374222,-1.3017537515819904,218.36,1354780,1787858204,2026-08-27T19:16:44Z,NYSE:WM
11.371301094075983,-10.18026335826326,-289.9900554559399,-2.8888493528443733,233.107375,34.53883718832215,-1.313053697342253,218.335,1364250,1787858391,2026-08-27T19:19:51Z,NYSE:WM
11.371301094075983,-10.16740621540609,-290.45560477002766,-2.9088644753814084,233.107375,34.480323900872946,-1.3333935997107291,218.29,1368935,1787858567,2026-08-27T19:22:47Z,NYSE:WM
11.371301094075983,-10.194549072548938,-289.4721135109209,-2.8666103278032384,233.107375,34.60408531187967,-1.29045380582174,218.385,1376771,1787858748,2026-08-27T19:25:48Z,NYSE:WM
11.371301094075983,-10.18883478683469,-289.67937436522186,-2.875505937819687,233.107375,34.57795650197326,-1.2994937624299403,218.365,1384283,1787858925,2026-08-27T19:28:45Z,NYSE:WM
11.371301094075983,-10.208834786834672,-288.9534702660817,-2.844371302762091,233.107375,34.669580425538555,-1.2678539143012144,218.435,1388640,1787859101,2026-08-27T19:31:41Z,NYSE:WM
11.371301094075983,-10.23597764397752,-287.96611091198525,-2.8021171551839217,233.107375,34.79470664016354,-1.2249141204122256,218.53,1399774,1787859290,2026-08-27T19:34:50Z,NYSE:WM
11.371301094075983,-10.208834786834672,-288.9534702660817,-2.844371302762091,233.107375,34.669580425538555,-1.2678539143012144,218.435,1412318,1787859467,2026-08-27T19:37:47Z,NYSE:WM
11.371301094075983,-10.193120501120376,-289.52393924042883,-2.86883423030735,233.107375,34.59754940806144,-1.2927137949737904,218.38,1423252,1787859648,2026-08-27T19:40:48Z,NYSE:WM
11.371301094075983,-10.160263358263222,-290.7139987010013,-2.9199839879019818,233.107375,34.44790210555159,-1.3446935454709918,218.265,1435531,1787859827,2026-08-27T19:43:47Z,NYSE:WM
11.371301094075983,-10.153120501120412,-290.9722181583469,-2.9311035004225428,233.107375,34.415541225280094,-1.355993491231242,218.24,1448570,1787860006,2026-08-27T19:46:46Z,NYSE:WM
11.371301094075983,-10.175977643977518,-290.1453014985883,-2.8955210603567223,233.107375,34.51931070556954,-1.319833664798416,218.32,1463220,1787860186,2026-08-27T19:49:46Z,NYSE:WM
11.371301094075983,-10.163120501120405,-290.61066207534583,-2.915536182893745,233.107375,34.4608635042478,-1.340173567166879,218.275,1482073,1787860368,2026-08-27T19:52:48Z,NYSE:WM
11.371301094075983,-10.123120501120384,-292.05483860959595,-2.977805453008949,233.107375,34.280286861381185,-1.4034532634243435,218.135,1494687,1787860546,2026-08-27T19:55:46Z,NYSE:WM
11.371301094075983,-10.13026335826325,-291.7973500152075,-2.966685940488376,233.107375,34.31239376388564,-1.3921533176640808,218.16,1512895,1787860725,2026-08-27T19:58:45Z,NYSE:WM
11.371301094075983,-10.13026335826325,-291.7973500152075,-2.966685940488376,233.107375,34.31239376388564,-1.3921533176640808,218.16,1531780,1787860908,2026-08-27T20:01:48Z,NYSE:WM
11.371301094075983,-10.098834786834658,-292.9290026686562,-3.015611795578882,233.107375,34.1715714133782,-1.4418730790092196,218.05,1556359,1787861092,2026-08-27T20:04:52Z,NYSE:WM
11.371301094075983,-10.038834786834656,-295.0801444855504,-3.1090157007516828,233.107375,33.905913576486455,-1.53679262339541,217.84,1586496,1787861269,2026-08-27T20:07:49Z,NYSE:WM
11.371301094075983,-10.110263358263268,-292.5178808321579,-2.997820575545972,233.107375,34.22264559986199,-1.423793165792807,218.09,1624413,1787861450,2026-08-27T20:10:50Z,NYSE:WM
11.371301094075983,-10.058834786834694,-294.3644468664268,-3.0778810656940867,233.107375,33.99400604379534,-1.5051527752666842,217.91,1699162,1787861627,2026-08-27T20:13:47Z,NYSE:WM
11.371301094075983,-10.01597764397755,-295.8964384156876,-3.144598140817516,233.107375,33.80579388265831,-1.572952449828249,217.76,2192377,1787861809,2026-08-27T20:16:49Z,NYSE:WM
11.371301094075983,-10.01597764397755,-295.8964384156876,-3.144598140817516,233.107375,33.80579388265831,-1.572952449828249,217.76,2192619,1787861990,2026-08-27T20:19:50Z,NYSE:WM
11.371301094075983,-10.01597764397755,-295.8964384156876,-3.144598140817516,233.107375,33.80579388265831,-1.572952449828249,217.76,2270416,1787862166,2026-08-27T20:22:46Z,NYSE:WM
11.371301094075983,-10.01597764397755,-295.8964384156876,-3.144598140817516,233.107375,33.80579388265831,-1.572952449828249,217.76,2270432,1787862345,2026-08-27T20:25:45Z,NYSE:WM
11.371301094075983,-10.01597764397755,-295.8964384156876,-3.144598140817516,233.107375,33.80579388265831,-1.572952449828249,217.76,2270719,1787862527,2026-08-27T20:28:47Z,NYSE:WM
11.371301094075983,-10.01597764397755,-295.8964384156876,-3.144598140817516,233.107375,33.80579388265831,-1.572952449828249,217.76,2270720,1787862706,2026-08-27T20:31:46Z,NYSE:WM
11.371301094075983,-10.01597764397755,-295.8964384156876,-3.144598140817516,233.107375,33.80579388265831,-1.572952449828249,217.76,2270822,1787862888,2026-08-27T20:34:48Z,NYSE:WM
11.371301094075983,-10.01597764397755,-295.8964384156876,-3.144598140817516,233.107375,33.80579388265831,-1.572952449828249,217.76,2270823,1787863066,2026-08-27T20:37:46Z,NYSE:WM
11.371301094075983,-10.01597764397755,-295.8964384156876,-3.144598140817516,233.107375,33.80579388265831,-1.572952449828249,217.76,2270837,1787863248,2026-08-27T20:40:48Z,NYSE:WM
11.371301094075983,-10.01597764397755,-295.8964384156876,-3.144598140817516,233.107375,33.80579388265831,-1.572952449828249,217.76,2270888,1787863430,2026-08-27T20:43:50Z,NYSE:WM
11.371301094075983,-10.01597764397755,-295.8964384156876,-3.144598140817516,233.107375,33.80579388265831,-1.572952449828249,217.76,2270937,1787863610,2026-08-27T20:46:50Z,NYSE:WM
11.371301094075983,-10.01597764397755,-295.8964384156876,-3.144598140817516,233.107375,33.80579388265831,-1.572952449828249,217.76,2270948,1787863787,2026-08-27T20:49:47Z,NYSE:WM
11.371301094075983,-10.01597764397755,-295.8964384156876,-3.144598140817516,233.107375,33.80579388265831,-1.572952449828249,217.76,2270948,1787863969,2026-08-27T20:52:49Z,NYSE:WM
11.371301094075983,-10.01597764397755,-295.8964384156876,-3.144598140817516,233.107375,33.80579388265831,-1.572952449828249,217.76,2270948,1787864148,2026-08-27T20:55:48Z,NYSE:WM
11.371301094075983,-10.01597764397755,-295.8964384156876,-3.144598140817516,233.107375,33.80579388265831,-1.572952449828249,217.76,2270949,1787864324,2026-08-27T20:58:44Z,NYSE:WM
11.371301094075983,-10.01597764397755,-295.8964384156876,-3.144598140817516,233.107375,33.80579388265831,-1.572952449828249,217.76,2275583,1787864508,2026-08-27T21:01:48Z,NYSE:WM
11.371301094075983,-10.01597764397755,-295.8964384156876,-3.144598140817516,233.107375,33.80579388265831,-1.572952449828249,217.76,2275600,1787864687,2026-08-27T21:04:47Z,NYSE:WM
11.371301094075983,-10.01597764397755,-295.8964384156876,-3.144598140817516,233.107375,33.80579388265831,-1.572952449828249,217.76,2275606,1787864870,2026-08-27T21:07:50Z,NYSE:WM
11.371301094075983,-10.01597764397755,-295.8964384156876,-3.144598140817516,233.107375,33.80579388265831,-1.572952449828249,217.76,2275624,1787865048,2026-08-27T21:10:48Z,NYSE:WM
11.371301094075983,-10.01597764397755,-295.8964384156876,-3.144598140817516,233.107375,33.80579388265831,-1.572952449828249,217.76,2275630,1787865225,2026-08-27T21:13:45Z,NYSE:WM
11.371301094075983,-10.01597764397755,-295.8964384156876,-3.144598140817516,233.107375,33.80579388265831,-1.572952449828249,217.76,2275648,1787865409,2026-08-27T21:16:49Z,NYSE:WM
11.371301094075983,-10.01597764397755,-295.8964384156876,-3.144598140817516,233.107375,33.80579388265831,-1.572952449828249,217.76,2275664,1787865588,2026-08-27T21:19:48Z,NYSE:WM
11.371301094075983,-10.01597764397755,-295.8964384156876,-3.144598140817516,233.107375,33.80579388265831,-1.572952449828249,217.76,2276110,1787865768,2026-08-27T21:22:48Z,NYSE:WM
11.371301094075983,-10.01597764397755,-295.8964384156876,-3.144598140817516,233.107375,33.80579388265831,-1.572952449828249,217.76,2276121,1787865947,2026-08-27T21:25:47Z,NYSE:WM
11.371301094075983,-10.01597764397755,-295.8964384156876,-3.144598140817516,233.107375,33.80579388265831,-1.572952449828249,217.76,2276211,1787866128,2026-08-27T21:28:48Z,NYSE:WM
11.371301094075983,-10.01597764397755,-295.8964384156876,-3.144598140817516,233.107375,33.80579388265831,-1.572952449828249,217.76,2276212,1787866309,2026-08-27T21:31:49Z,NYSE:WM
11.371301094075983,-10.01597764397755,-295.8964384156876,-3.144598140817516,233.107375,33.80579388265831,-1.572952449828249,217.76,2276292,1787866494,2026-08-27T21:34:54Z,NYSE:WM
11.371301094075983,-10.01597764397755,-295.8964384156876,-3.144598140817516,233.107375,33.80579388265831,-1.572952449828249,217.76,2276292,1787866667,2026-08-27T21:37:47Z,NYSE:WM
11.371301094075983,-10.01597764397755,-295.8964384156876,-3.144598140817516,233.107375,33.80579388265831,-1.572952449828249,217.76,2276295,1787866847,2026-08-27T21:40:47Z,NYSE:WM
11.371301094075983,-10.01597764397755,-295.8964384156876,-3.144598140817516,233.107375,33.80579388265831,-1.572952449828249,217.76,2276295,1787867028,2026-08-27T21:43:48Z,NYSE:WM
11.371301094075983,-10.01597764397755,-295.8964384156876,-3.144598140817516,233.107375,33.80579388265831,-1.572952449828249,217.76,2276296,1787867205,2026-08-27T21:46:45Z,NYSE:WM
11.371301094075983,-10.01597764397755,-295.8964384156876,-3.144598140817516,233.107375,33.80579388265831,-1.572952449828249,217.76,2276347,1787867389,2026-08-27T21:49:49Z,NYSE:WM
11.371301094075983,-10.01597764397755,-295.8964384156876,-3.144598140817516,233.107375,33.80579388265831,-1.572952449828249,217.76,2276375,1787867567,2026-08-27T21:52:47Z,NYSE:WM
11.371301094075983,-10.01597764397755,-295.8964384156876,-3.144598140817516,233.107375,33.80579388265831,-1.572952449828249,217.76,2276379,1787867751,2026-08-27T21:55:51Z,NYSE:WM
11.371301094075983,-10.01597764397755,-295.8964384156876,-3.144598140817516,233.107375,33.80579388265831,-1.572952449828249,217.76,2276419,1787867928,2026-08-27T21:58:48Z,NYSE:WM
11.371301094075983,-10.01597764397755,-295.8964384156876,-3.144598140817516,233.107375,33.80579388265831,-1.572952449828249,217.76,2276447,1787868105,2026-08-27T22:01:45Z,NYSE:WM
11.371301094075983,-10.01597764397755,-295.8964384156876,-3.144598140817516,233.107375,33.80579388265831,-1.572952449828249,217.76,2276452,1787868289,2026-08-27T22:04:49Z,NYSE:WM
11.371301094075983,-10.01597764397755,-295.8964384156876,-3.144598140817516,233.107375,33.80579388265831,-1.572952449828249,217.76,2276457,1787868468,2026-08-27T22:07:48Z,NYSE:WM
11.371301094075983,-10.01597764397755,-295.8964384156876,-3.144598140817516,233.107375,33.80579388265831,-1.572952449828249,217.76,2276620,1787868644,2026-08-27T22:10:44Z,NYSE:WM
11.371301094075983,-10.01597764397755,-295.8964384156876,-3.144598140817516,233.107375,33.80579388265831,-1.572952449828249,217.76,2276620,1787868825,2026-08-27T22:13:45Z,NYSE:WM
11.371301094075983,-10.01597764397755,-295.8964384156876,-3.144598140817516,233.107375,33.80579388265831,-1.572952449828249,217.76,2276629,1787869006,2026-08-27T22:16:46Z,NYSE:WM
11.371301094075983,-10.01597764397755,-295.8964384156876,-3.144598140817516,233.107375,33.80579388265831,-1.572952449828249,217.76,2276630,1787869190,2026-08-27T22:19:50Z,NYSE:WM
11.371301094075983,-10.01597764397755,-295.8964384156876,-3.144598140817516,233.107375,33.80579388265831,-1.572952449828249,217.76,2276630,1787869365,2026-08-27T22:22:45Z,NYSE:WM
11.371301094075983,-10.01597764397755,-295.8964384156876,-3.144598140817516,233.107375,33.80579388265831,-1.572952449828249,217.76,2276630,1787869551,2026-08-27T22:25:51Z,NYSE:WM
11.371301094075983,-10.01597764397755,-295.8964384156876,-3.144598140817516,233.107375,33.80579388265831,-1.572952449828249,217.76,2276735,1787869725,2026-08-27T22:28:45Z,NYSE:WM
11.371301094075983,-10.01597764397755,-295.8964384156876,-3.144598140817516,233.107375,33.80579388265831,-1.572952449828249,217.76,2276736,1787869908,2026-08-27T22:31:48Z,NYSE:WM
11.371301094075983,-10.01597764397755,-295.8964384156876,-3.144598140817516,233.107375,33.80579388265831,-1.572952449828249,217.76,2276761,1787870085,2026-08-27T22:34:45Z,NYSE:WM
11.371301094075983,-10.01597764397755,-295.8964384156876,-3.144598140817516,233.107375,33.80579388265831,-1.572952449828249,217.76,2276761,1787870268,2026-08-27T22:37:48Z,NYSE:WM
11.371301094075983,-10.01597764397755,-295.8964384156876,-3.144598140817516,233.107375,33.80579388265831,-1.572952449828249,217.76,2276761,1787870450,2026-08-27T22:40:50Z,NYSE:WM
11.371301094075983,-10.01597764397755,-295.8964384156876,-3.144598140817516,233.107375,33.80579388265831,-1.572952449828249,217.76,2276766,1787870626,2026-08-27T22:43:46Z,NYSE:WM
11.371301094075983,-10.01597764397755,-295.8964384156876,-3.144598140817516,233.107375,33.80579388265831,-1.572952449828249,217.76,2276766,1787870805,2026-08-27T22:46:45Z,NYSE:WM
11.371301094075983,-10.01597764397755,-295.8964384156876,-3.144598140817516,233.107375,33.80579388265831,-1.572952449828249,217.76,2276771,1787870987,2026-08-27T22:49:47Z,NYSE:WM
11.371301094075983,-10.01597764397755,-295.8964384156876,-3.144598140817516,233.107375,33.80579388265831,-1.572952449828249,217.76,2276772,1787871165,2026-08-27T22:52:45Z,NYSE:WM
11.371301094075983,-10.01597764397755,-295.8964384156876,-3.144598140817516,233.107375,33.80579388265831,-1.572952449828249,217.76,2276772,1787871349,2026-08-27T22:55:49Z,NYSE:WM
11.371301094075983,-10.01597764397755,-295.8964384156876,-3.144598140817516,233.107375,33.80579388265831,-1.572952449828249,217.76,2276775,1787871528,2026-08-27T22:58:48Z,NYSE:WM
11.371301094075983,-10.01597764397755,-295.8964384156876,-3.144598140817516,233.107375,33.80579388265831,-1.572952449828249,217.76,2276776,1787871703,2026-08-27T23:01:43Z,NYSE:WM
11.371301094075983,-10.01597764397755,-295.8964384156876,-3.144598140817516,233.107375,33.80579388265831,-1.572952449828249,217.76,2276781,1787871891,2026-08-27T23:04:51Z,NYSE:WM
11.371301094075983,-10.01597764397755,-295.8964384156876,-3.144598140817516,233.107375,33.80579388265831,-1.572952449828249,217.76,2277427,1787872064,2026-08-27T23:07:44Z,NYSE:WM
11.371301094075983,-10.01597764397755,-295.8964384156876,-3.144598140817516,233.107375,33.80579388265831,-1.572952449828249,217.76,2277429,1787872248,2026-08-27T23:10:48Z,NYSE:WM
11.371301094075983,-10.01597764397755,-295.8964384156876,-3.144598140817516,233.107375,33.80579388265831,-1.572952449828249,217.76,2277470,1787872426,2026-08-27T23:13:46Z,NYSE:WM
11.371301094075983,-10.01597764397755,-295.8964384156876,-3.144598140817516,233.107375,33.80579388265831,-1.572952449828249,217.76,2277471,1787872607,2026-08-27T23:16:47Z,NYSE:WM
11.371301094075983,-10.01597764397755,-295.8964384156876,-3.144598140817516,233.107375,33.80579388265831,-1.572952449828249,217.76,2277472,1787872789,2026-08-27T23:19:49Z,NYSE:WM
11.371301094075983,-10.01597764397755,-295.8964384156876,-3.144598140817516,233.107375,33.80579388265831,-1.572952449828249,217.76,2277472,1787872963,2026-08-27T23:22:43Z,NYSE:WM
11.371301094075983,-10.01597764397755,-295.8964384156876,-3.144598140817516,233.107375,33.80579388265831,-1.572952449828249,217.76,2277472,1787873148,2026-08-27T23:25:48Z,NYSE:WM
11.371301094075983,-10.01597764397755,-295.8964384156876,-3.144598140817516,233.107375,33.80579388265831,-1.572952449828249,217.76,2277472,1787873322,2026-08-27T23:28:42Z,NYSE:WM
11.371301094075983,-10.01597764397755,-295.8964384156876,-3.144598140817516,233.107375,33.80579388265831,-1.572952449828249,217.76,2277472,1787873508,2026-08-27T23:31:48Z,NYSE:WM
11.371301094075983,-10.01597764397755,-295.8964384156876,-3.144598140817516,233.107375,33.80579388265831,-1.572952449828249,217.76,2277473,1787873688,2026-08-27T23:34:48Z,NYSE:WM
11.371301094075983,-10.01597764397755,-295.8964384156876,-3.144598140817516,233.107375,33.80579388265831,-1.572952449828249,217.76,2277473,1787873869,2026-08-27T23:37:49Z,NYSE:WM
11.371301094075983,-10.01597764397755,-295.8964384156876,-3.144598140817516,233.107375,33.80579388265831,-1.572952449828249,217.76,2277473,1787874047,2026-08-27T23:40:47Z,NYSE:WM
11.371301094075983,-10.01597764397755,-295.8964384156876,-3.144598140817516,233.107375,33.80579388265831,-1.572952449828249,217.76,2277477,1787874223,2026-08-27T23:43:43Z,NYSE:WM
11.371301094075983,-10.01597764397755,-295.8964384156876,-3.144598140817516,233.107375,33.80579388265831,-1.572952449828249,217.76,2277478,1787874405,2026-08-27T23:46:45Z,NYSE:WM
11.371301094075983,-10.01597764397755,-295.8964384156876,-3.144598140817516,233.107375,33.80579388265831,-1.572952449828249,217.76,2277478,1787874585,2026-08-27T23:49:45Z,NYSE:WM
11.371301094075983,-10.01597764397755,-295.8964384156876,-3.144598140817516,233.107375,33.80579388265831,-1.572952449828249,217.76,2277478,1787874765,2026-08-27T23:52:45Z,NYSE:WM
11.371301094075983,-10.01597764397755,-295.8964384156876,-3.144598140817516,233.107375,33.80579388265831,-1.572952449828249,217.76,2277478,1787874951,2026-08-27T23:55:51Z,NYSE:WM
11.371301094075983,-10.01597764397755,-295.8964384156876,-3.144598140817516,233.107375,33.80579388265831,-1.572952449828249,217.76,2277483,1787875127,2026-08-27T23:58:47Z,NYSE:WM
11.371301094075983,-10.01597764397755,-295.8964384156876,-3.144598140817516,233.107375,33.80579388265831,-1.572952449828249,217.76,2277483,1787875307,2026-08-28T00:01:47Z,NYSE:WM
11.371301094075983,-10.01597764397755,-295.8964384156876,-3.144598140817516,233.107375,33.80579388265831,-1.572952449828249,217.76,2277489,1787875484,2026-08-28T00:04:44Z,NYSE:WM
11.371301094075983,-10.01597764397755,-295.8964384156876,-3.144598140817516,233.107375,33.80579388265831,-1.572952449828249,217.76,2277597,1787875668,2026-08-28T00:07:48Z,NYSE:WM
11.371301094075983,-10.01597764397755,-295.8964384156876,-3.144598140817516,233.107375,33.80579388265831,-1.572952449828249,217.76,2277798,1787875844,2026-08-28T00:10:44Z,NYSE:WM
11.371301094075983,-10.01597764397755,-295.8964384156876,-3.144598140817516,233.107375,33.80579388265831,-1.572952449828249,217.76,2277798,1787876027,2026-08-28T00:13:47Z,NYSE:WM
11.371301094075983,-10.01597764397755,-295.8964384156876,-3.144598140817516,233.107375,33.80579388265831,-1.572952449828249,217.76,2277888,1787876210,2026-08-28T00:16:50Z,NYSE:WM
11.371301094075983,-10.01597764397755,-295.8964384156876,-3.144598140817516,233.107375,33.80579388265831,-1.572952449828249,217.76,2277888,1787876385,2026-08-28T00:19:45Z,NYSE:WM
11.371301094075983,-10.01597764397755,-295.8964384156876,-3.144598140817516,233.107375,33.80579388265831,-1.572952449828249,217.76,2277888,1787876565,2026-08-28T00:22:45Z,NYSE:WM
11.371301094075983,-10.01597764397755,-295.8964384156876,-3.144598140817516,233.107375,33.80579388265831,-1.572952449828249,217.76,2277888,1787876747,2026-08-28T00:25:47Z,NYSE:WM
11.371301094075983,-10.01597764397755,-295.8964384156876,-3.144598140817516,233.107375,33.80579388265831,-1.572952449828249,217.76,2277888,1787876929,2026-08-28T00:28:49Z,NYSE:WM
11.371301094075983,-10.01597764397755,-295.8964384156876,-3.144598140817516,233.107375,33.80579388265831,-1.572952449828249,217.76,2277888,1787877111,2026-08-28T00:31:51Z,NYSE:WM
11.371301094075983,-10.01597764397755,-295.8964384156876,-3.144598140817516,233.107375,33.80579388265831,-1.572952449828249,217.76,2277888,1787877287,2026-08-28T00:34:47Z,NYSE:WM
11.371301094075983,-10.01597764397755,-295.8964384156876,-3.144598140817516,233.107375,33.80579388265831,-1.572952449828249,217.76,2277888,1787877466,2026-08-28T00:37:46Z,NYSE:WM
11.371301094075983,-10.01597764397755,-295.8964384156876,-3.144598140817516,233.107375,33.80579388265831,-1.572952449828249,217.76,2277888,1787877649,2026-08-28T00:40:49Z,NYSE:WM
11.371301094075983,-10.01597764397755,-295.8964384156876,-3.144598140817516,233.107375,33.80579388265831,-1.572952449828249,217.76,2277888,1787877829,2026-08-28T00:43:49Z,NYSE:WM
11.371301094075983,-10.01597764397755,-295.8964384156876,-3.144598140817516,233.107375,33.80579388265831,-1.572952449828249,217.76,2277888,1787878009,2026-08-28T00:46:49Z,NYSE:WM
11.371301094075983,-10.01597764397755,-295.8964384156876,-3.144598140817516,233.107375,33.80579388265831,-1.572952449828249,217.76,2277888,1787878190,2026-08-28T00:49:50Z,NYSE:WM
11.371301094075983,-10.01597764397755,-295.8964384156876,-3.144598140817516,233.107375,33.80579388265831,-1.572952449828249,217.76,2277888,1787878367,2026-08-28T00:52:47Z,NYSE:WM
11.371301094075983,-10.01597764397755,-295.8964384156876,-3.144598140817516,233.107375,33.80579388265831,-1.572952449828249,217.76,2277888,1787878547,2026-08-28T00:55:47Z,NYSE:WM
11.371301094075983,-10.01597764397755,-295.8964384156876,-3.144598140817516,233.107375,33.80579388265831,-1.572952449828249,217.76,2277888,1787878726,2026-08-28T00:58:46Z,NYSE:WM
11.371301094075983,-10.01597764397755,-295.8964384156876,-3.144598140817516,233.107375,33.80579388265831,-1.572952449828249,217.76,2277888,1787878906,2026-08-28T01:01:46Z,NYSE:WM
11.371301094075983,-10.01597764397755,-295.8964384156876,-3.144598140817516,233.107375,33.80579388265831,-1.572952449828249,217.76,2277888,1787879080,2026-08-28T01:04:40Z,NYSE:WM
11.371301094075983,-10.01597764397755,-295.8964384156876,-3.144598140817516,233.107375,33.80579388265831,-1.572952449828249,217.76,2277888,1787879267,2026-08-28T01:07:47Z,NYSE:WM
11.371301094075983,-10.01597764397755,-295.8964384156876,-3.144598140817516,233.107375,33.80579388265831,-1.572952449828249,217.76,2277888,1787879444,2026-08-28T01:10:44Z,NYSE:WM
11.371301094075983,-10.01597764397755,-295.8964384156876,-3.144598140817516,233.107375,33.80579388265831,-1.572952449828249,217.76,2277888,1787879622,2026-08-28T01:13:42Z,NYSE:WM
11.371301094075983,-10.01597764397755,-295.8964384156876,-3.144598140817516,233.107375,33.80579388265831,-1.572952449828249,217.76,2277888,1787879805,2026-08-28T01:16:45Z,NYSE:WM
11.371301094075983,-10.01597764397755,-295.8964384156876,-3.144598140817516,233.107375,33.80579388265831,-1.572952449828249,217.76,2277888,1787879986,2026-08-28T01:19:46Z,NYSE:WM
11.371301094075983,-10.01597764397755,-295.8964384156876,-3.144598140817516,233.107375,33.80579388265831,-1.572952449828249,217.76,2277888,1787880169,2026-08-28T01:22:49Z,NYSE:WM
11.371301094075983,-10.01597764397755,-295.8964384156876,-3.144598140817516,233.107375,33.80579388265831,-1.572952449828249,217.76,2277888,1787880345,2026-08-28T01:25:45Z,NYSE:WM
11.371301094075983,-10.01597764397755,-295.8964384156876,-3.144598140817516,233.107375,33.80579388265831,-1.572952449828249,217.76,2277888,1787880527,2026-08-28T01:28:47Z,NYSE:WM
11.371301094075983,-10.01597764397755,-295.8964384156876,-3.144598140817516,233.107375,33.80579388265831,-1.572952449828249,217.76,2277888,1787880707,2026-08-28T01:31:47Z,NYSE:WM
11.371301094075983,-10.01597764397755,-295.8964384156876,-3.144598140817516,233.107375,33.80579388265831,-1.572952449828249,217.76,2277888,1787880890,2026-08-28T01:34:50Z,NYSE:WM
11.371301094075983,-10.01597764397755,-295.8964384156876,-3.144598140817516,233.107375,33.80579388265831,-1.572952449828249,217.76,2277888,1787881065,2026-08-28T01:37:45Z,NYSE:WM
11.371301094075983,-10.01597764397755,-295.8964384156876,-3.144598140817516,233.107375,33.80579388265831,-1.572952449828249,217.76,2277888,1787881246,2026-08-28T01:40:46Z,NYSE:WM
11.371301094075983,-10.01597764397755,-295.8964384156876,-3.144598140817516,233.107375,33.80579388265831,-1.572952449828249,217.76,2277888,1787881426,2026-08-28T01:43:46Z,NYSE:WM
11.371301094075983,-10.01597764397755,-295.8964384156876,-3.144598140817516,233.107375,33.80579388265831,-1.572952449828249,217.76,2277888,1787881603,2026-08-28T01:46:43Z,NYSE:WM
11.371301094075983,-10.01597764397755,-295.8964384156876,-3.144598140817516,233.107375,33.80579388265831,-1.572952449828249,217.76,2277888,1787881789,2026-08-28T01:49:49Z,NYSE:WM
11.371301094075983,-10.01597764397755,-295.8964384156876,-3.144598140817516,233.107375,33.80579388265831,-1.572952449828249,217.76,2277888,1787881966,2026-08-28T01:52:46Z,NYSE:WM
11.371301094075983,-10.01597764397755,-295.8964384156876,-3.144598140817516,233.107375,33.80579388265831,-1.572952449828249,217.76,2277888,1787882143,2026-08-28T01:55:43Z,NYSE:WM
11.371301094075983,-10.01597764397755,-295.8964384156876,-3.144598140817516,233.107375,33.80579388265831,-1.572952449828249,217.76,2277888,1787882326,2026-08-28T01:58:46Z,NYSE:WM
11.371301094075983,-10.01597764397755,-295.8964384156876,-3.144598140817516,233.107375,33.80579388265831,-1.572952449828249,217.76,2277888,1787882502,2026-08-28T02:01:42Z,NYSE:WM
11.371301094075983,-10.01597764397755,-295.8964384156876,-3.144598140817516,233.107375,33.80579388265831,-1.572952449828249,217.76,2277888,1787882685,2026-08-28T02:04:45Z,NYSE:WM
11.371301094075983,-10.01597764397755,-295.8964384156876,-3.144598140817516,233.107375,33.80579388265831,-1.572952449828249,217.76,2277888,1787882866,2026-08-28T02:07:46Z,NYSE:WM
11.371301094075983,-10.01597764397755,-295.8964384156876,-3.144598140817516,233.107375,33.80579388265831,-1.572952449828249,217.76,2277888,1787883046,2026-08-28T02:10:46Z,NYSE:WM
11.371301094075983,-10.01597764397755,-295.8964384156876,-3.144598140817516,233.107375,33.80579388265831,-1.572952449828249,217.76,2277888,1787883226,2026-08-28T02:13:46Z,NYSE:WM
11.371301094075983,-10.01597764397755,-295.8964384156876,-3.144598140817516,233.107375,33.80579388265831,-1.572952449828249,217.76,2277888,1787883410,2026-08-28T02:16:50Z,NYSE:WM
11.371301094075983,-10.01597764397755,-295.8964384156876,-3.144598140817516,233.107375,33.80579388265831,-1.572952449828249,217.76,2277888,1787883584,2026-08-28T02:19:44Z,NYSE:WM
11.371301094075983,-10.01597764397755,-295.8964384156876,-3.144598140817516,233.107375,33.80579388265831,-1.572952449828249,217.76,2277888,1787883766,2026-08-28T02:22:46Z,NYSE:WM
11.371301094075983,-10.01597764397755,-295.8964384156876,-3.144598140817516,233.107375,33.80579388265831,-1.572952449828249,217.76,2277888,1787883951,2026-08-28T02:25:51Z,NYSE:WM
11.371301094075983,-10.01597764397755,-295.8964384156876,-3.144598140817516,233.107375,33.80579388265831,-1.572952449828249,217.76,2277888,1787884126,2026-08-28T02:28:46Z,NYSE:WM
11.371301094075983,-10.01597764397755,-295.8964384156876,-3.144598140817516,233.107375,33.80579388265831,-1.572952449828249,217.76,2277888,1787884307,2026-08-28T02:31:47Z,NYSE:WM
11.371301094075983,-10.01597764397755,-295.8964384156876,-3.144598140817516,233.107375,33.80579388265831,-1.572952449828249,217.76,2277888,1787884490,2026-08-28T02:34:50Z,NYSE:WM
11.371301094075983,-10.01597764397755,-295.8964384156876,-3.144598140817516,233.107375,33.80579388265831,-1.572952449828249,217.76,2277888,1787884667,2026-08-28T02:37:47Z,NYSE:WM
11.371301094075983,-10.01597764397755,-295.8964384156876,-3.144598140817516,233.107375,33.80579388265831,-1.572952449828249,217.76,2277888,1787884852,2026-08-28T02:40:52Z,NYSE:WM
11.371301094075983,-10.01597764397755,-295.8964384156876,-3.144598140817516,233.107375,33.80579388265831,-1.572952449828249,217.76,2277888,1787885033,2026-08-28T02:43:53Z,NYSE:WM
11.371301094075983,-10.01597764397755,-295.8964384156876,-3.144598140817516,233.107375,33.80579388265831,-1.572952449828249,217.76,2277888,1787885202,2026-08-28T02:46:42Z,NYSE:WM
11.371301094075983,-10.01597764397755,-295.8964384156876,-3.144598140817516,233.107375,33.80579388265831,-1.572952449828249,217.76,2277888,1787885386,2026-08-28T02:49:46Z,NYSE:WM
11.371301094075983,-10.01597764397755,-295.8964384156876,-3.144598140817516,233.107375,33.80579388265831,-1.572952449828249,217.76,2277888,1787885567,2026-08-28T02:52:47Z,NYSE:WM
11.371301094075983,-10.01597764397755,-295.8964384156876,-3.144598140817516,233.107375,33.80579388265831,-1.572952449828249,217.76,2277888,1787885747,2026-08-28T02:55:47Z,NYSE:WM
11.371301094075983,-10.01597764397755,-295.8964384156876,-3.144598140817516,233.107375,33.80579388265831,-1.572952449828249,217.76,2277888,1787885925,2026-08-28T02:58:45Z,NYSE:WM
11.371301094075983,-10.01597764397755,-295.8964384156876,-3.144598140817516,233.107375,33.80579388265831,-1.572952449828249,217.76,2277888,1787886109,2026-08-28T03:01:49Z,NYSE:WM
11.371301094075983,-10.01597764397755,-295.8964384156876,-3.144598140817516,233.107375,33.80579388265831,-1.572952449828249,217.76,2277888,1787886287,2026-08-28T03:04:47Z,NYSE:WM
11.371301094075983,-10.01597764397755,-295.8964384156876,-3.144598140817516,233.107375,33.80579388265831,-1.572952449828249,217.76,2277888,1787886470,2026-08-28T03:07:50Z,NYSE:WM
11.371301094075983,-10.01597764397755,-295.8964384156876,-3.144598140817516,233.107375,33.80579388265831,-1.572952449828249,217.76,2277888,1787886652,2026-08-28T03:10:52Z,NYSE:WM
11.371301094075983,-10.01597764397755,-295.8964384156876,-3.144598140817516,233.107375,33.80579388265831,-1.572952449828249,217.76,2277888,1787886822,2026-08-28T03:13:42Z,NYSE:WM
11.371301094075983,-10.01597764397755,-295.8964384156876,-3.144598140817516,233.107375,33.80579388265831,-1.572952449828249,217.76,2277888,1787887006,2026-08-28T03:16:46Z,NYSE:WM
11.371301094075983,-10.01597764397755,-295.8964384156876,-3.144598140817516,233.107375,33.80579388265831,-1.572952449828249,217.76,2277888,1787887185,2026-08-28T03:19:45Z,NYSE:WM
11.371301094075983,-10.01597764397755,-295.8964384156876,-3.144598140817516,233.107375,33.80579388265831,-1.572952449828249,217.76,2277888,1787887364,2026-08-28T03:22:44Z,NYSE:WM
11.371301094075983,-10.01597764397755,-295.8964384156876,-3.144598140817516,233.107375,33.80579388265831,-1.572952449828249,217.76,2277888,1787887547,2026-08-28T03:25:47Z,NYSE:WM
11.371301094075983,-10.01597764397755,-295.8964384156876,-3.144598140817516,233.107375,33.80579388265831,-1.572952449828249,217.76,2277888,1787887726,2026-08-28T03:28:46Z,NYSE:WM
11.371301094075983,-10.01597764397755,-295.8964384156876,-3.144598140817516,233.107375,33.80579388265831,-1.572952449828249,217.76,2277888,1787887907,2026-08-28T03:31:47Z,NYSE:WM
11.371301094075983,-10.01597764397755,-295.8964384156876,-3.144598140817516,233.107375,33.80579388265831,-1.572952449828249,217.76,2277888,1787888087,2026-08-28T03:34:47Z,NYSE:WM
11.371301094075983,-10.01597764397755,-295.8964384156876,-3.144598140817516,233.107375,33.80579388265831,-1.572952449828249,217.76,2277888,1787888267,2026-08-28T03:37:47Z,NYSE:WM
11.371301094075983,-10.01597764397755,-295.8964384156876,-3.144598140817516,233.107375,33.80579388265831,-1.572952449828249,217.76,2277888,1787888445,2026-08-28T03:40:45Z,NYSE:WM
11.371301094075983,-10.01597764397755,-295.8964384156876,-3.144598140817516,233.107375,33.80579388265831,-1.572952449828249,217.76,2277888,1787888625,2026-08-28T03:43:45Z,NYSE:WM
11.371301094075983,-10.01597764397755,-295.8964384156876,-3.144598140817516,233.107375,33.80579388265831,-1.572952449828249,217.76,2277888,1787888807,2026-08-28T03:46:47Z,NYSE:WM
11.371301094075983,-10.01597764397755,-295.8964384156876,-3.144598140817516,233.107375,33.80579388265831,-1.572952449828249,217.76,2277888,1787888987,2026-08-28T03:49:47Z,NYSE:WM
11.371301094075983,-10.01597764397755,-295.8964384156876,-3.144598140817516,233.107375,33.80579388265831,-1.572952449828249,217.76,2277888,1787889166,2026-08-28T03:52:46Z,NYSE:WM
11.371301094075983,-10.01597764397755,-295.8964384156876,-3.144598140817516,233.107375,33.80579388265831,-1.572952449828249,217.76,2277888,1787889344,2026-08-28T03:55:44Z,NYSE:WM
11.371301094075983,-10.01597764397755,-295.8964384156876,-3.144598140817516,233.107375,33.80579388265831,-1.572952449828249,217.76,2277888,1787889520,2026-08-28T03:58:40Z,NYSE:WM
11.371301094075983,-10.01597764397755,-295.8964384156876,-3.144598140817516,233.107375,33.80579388265831,-1.572952449828249,217.76,2277888,1787889707,2026-08-28T04:01:47Z,NYSE:WM
11.371301094075983,-10.01597764397755,-295.8964384156876,-3.144598140817516,233.107375,33.80579388265831,-1.572952449828249,217.76,2277888,1787889883,2026-08-28T04:04:43Z,NYSE:WM
11.371301094075983,-10.01597764397755,-295.8964384156876,-3.144598140817516,233.107375,33.80579388265831,-1.572952449828249,217.76,2277888,1787890074,2026-08-28T04:07:54Z,NYSE:WM
11.371301094075983,-10.01597764397755,-295.8964384156876,-3.144598140817516,233.107375,33.80579388265831,-1.572952449828249,217.76,2277888,1787890248,2026-08-28T04:10:48Z,NYSE:WM
11.371301094075983,-10.01597764397755,-295.8964384156876,-3.144598140817516,233.107375,33.80579388265831,-1.572952449828249,217.76,2277888,1787890428,2026-08-28T04:13:48Z,NYSE:WM
11.371301094075983,-10.01597764397755,-295.8964384156876,-3.144598140817516,233.107375,33.80579388265831,-1.572952449828249,217.76,2277888,1787890608,2026-08-28T04:16:48Z,NYSE:WM
11.371301094075983,-10.01597764397755,-295.8964384156876,-3.144598140817516,233.107375,33.80579388265831,-1.572952449828249,217.76,2277888,1787890787,2026-08-28T04:19:47Z,NYSE:WM
11.371301094075983,-10.01597764397755,-295.8964384156876,-3.144598140817516,233.107375,33.80579388265831,-1.572952449828249,217.76,2277888,1787890970,2026-08-28T04:22:50Z,NYSE:WM
11.371301094075983,-10.01597764397755,-295.8964384156876,-3.144598140817516,233.107375,33.80579388265831,-1.572952449828249,217.76,2277888,1787891146,2026-08-28T04:25:46Z,NYSE:WM
11.371301094075983,-10.01597764397755,-295.8964384156876,-3.144598140817516,233.107375,33.80579388265831,-1.572952449828249,217.76,2277888,1787891328,2026-08-28T04:28:48Z,NYSE:WM
11.371301094075983,-10.01597764397755,-295.8964384156876,-3.144598140817516,233.107375,33.80579388265831,-1.572952449828249,217.76,2277888,1787891507,2026-08-28T04:31:47Z,NYSE:WM
11.371301094075983,-10.01597764397755,-295.8964384156876,-3.144598140817516,233.107375,33.80579388265831,-1.572952449828249,217.76,2277888,1787891688,2026-08-28T04:34:48Z,NYSE:WM
11.371301094075983,-10.01597764397755,-295.8964384156876,-3.144598140817516,233.107375,33.80579388265831,-1.572952449828249,217.76,2277888,1787891869,2026-08-28T04:37:49Z,NYSE:WM
11.371301094075983,-10.01597764397755,-295.8964384156876,-3.144598140817516,233.107375,33.80579388265831,-1.572952449828249,217.76,2277888,1787892048,2026-08-28T04:40:48Z,NYSE:WM
11.371301094075983,-10.01597764397755,-295.8964384156876,-3.144598140817516,233.107375,33.80579388265831,-1.572952449828249,217.76,2277888,1787892225,2026-08-28T04:43:45Z,NYSE:WM
11.371301094075983,-10.01597764397755,-295.8964384156876,-3.144598140817516,233.107375,33.80579388265831,-1.572952449828249,217.76,2277888,1787892405,2026-08-28T04:46:45Z,NYSE:WM
11.371301094075983,-10.01597764397755,-295.8964384156876,-3.144598140817516,233.107375,33.80579388265831,-1.572952449828249,217.76,2277888,1787892586,2026-08-28T04:49:46Z,NYSE:WM
11.371301094075983,-10.01597764397755,-295.8964384156876,-3.144598140817516,233.107375,33.80579388265831,-1.572952449828249,217.76,2277888,1787892766,2026-08-28T04:52:46Z,NYSE:WM
11.371301094075983,-10.01597764397755,-295.8964384156876,-3.144598140817516,233.107375,33.80579388265831,-1.572952449828249,217.76,2277888,1787892943,2026-08-28T04:55:43Z,NYSE:WM
11.371301094075983,-10.01597764397755,-295.8964384156876,-3.144598140817516,233.107375,33.80579388265831,-1.572952449828249,217.76,2277888,1787893126,2026-08-28T04:58:46Z,NYSE:WM
11.371301094075983,-10.01597764397755,-295.8964384156876,-3.144598140817516,233.107375,33.80579388265831,-1.572952449828249,217.76,2277888,1787893311,2026-08-28T05:01:51Z,NYSE:WM
11.371301094075983,-10.01597764397755,-295.8964384156876,-3.144598140817516,233.107375,33.80579388265831,-1.572952449828249,217.76,2277888,1787893492,2026-08-28T05:04:52Z,NYSE:WM
11.371301094075983,-10.01597764397755,-295.8964384156876,-3.144598140817516,233.107375,33.80579388265831,-1.572952449828249,217.76,2277888,1787893666,2026-08-28T05:07:46Z,NYSE:WM
11.371301094075983,-10.01597764397755,-295.8964384156876,-3.144598140817516,233.107375,33.80579388265831,-1.572952449828249,217.76,2277888,1787893845,2026-08-28T05:10:45Z,NYSE:WM
11.371301094075983,-10.01597764397755,-295.8964384156876,-3.144598140817516,233.107375,33.80579388265831,-1.572952449828249,217.76,2277888,1787894025,2026-08-28T05:13:45Z,NYSE:WM
11.371301094075983,-10.01597764397755,-295.8964384156876,-3.144598140817516,233.107375,33.80579388265831,-1.572952449828249,217.76,2277888,1787894206,2026-08-28T05:16:46Z,NYSE:WM
11.371301094075983,-10.01597764397755,-295.8964384156876,-3.144598140817516,233.107375,33.80579388265831,-1.572952449828249,217.76,2277888,1787894389,2026-08-28T05:19:49Z,NYSE:WM
11.371301094075983,-10.01597764397755,-295.8964384156876,-3.144598140817516,233.107375,33.80579388265831,-1.572952449828249,217.76,2277888,1787894570,2026-08-28T05:22:50Z,NYSE:WM
11.371301094075983,-10.01597764397755,-295.8964384156876,-3.144598140817516,233.107375,33.80579388265831,-1.572952449828249,217.76,2277888,1787894744,2026-08-28T05:25:44Z,NYSE:WM
11.371301094075983,-10.01597764397755,-295.8964384156876,-3.144598140817516,233.107375,33.80579388265831,-1.572952449828249,217.76,2277888,1787894928,2026-08-28T05:28:48Z,NYSE:WM
11.371301094075983,-10.01597764397755,-295.8964384156876,-3.144598140817516,233.107375,33.80579388265831,-1.572952449828249,217.76,2277888,1787895110,2026-08-28T05:31:50Z,NYSE:WM
11.371301094075983,-10.01597764397755,-295.8964384156876,-3.144598140817516,233.107375,33.80579388265831,-1.572952449828249,217.76,2277888,1787895285,2026-08-28T05:34:45Z,NYSE:WM
11.371301094075983,-10.01597764397755,-295.8964384156876,-3.144598140817516,233.107375,33.80579388265831,-1.572952449828249,217.76,2277888,1787895462,2026-08-28T05:37:42Z,NYSE:WM
11.371301094075983,-10.01597764397755,-295.8964384156876,-3.144598140817516,233.107375,33.80579388265831,-1.572952449828249,217.76,2277888,1787895646,2026-08-28T05:40:46Z,NYSE:WM
11.371301094075983,-10.01597764397755,-295.8964384156876,-3.144598140817516,233.107375,33.80579388265831,-1.572952449828249,217.76,2277888,1787895822,2026-08-28T05:43:42Z,NYSE:WM
11.371301094075983,-10.01597764397755,-295.8964384156876,-3.144598140817516,233.107375,33.80579388265831,-1.572952449828249,217.76,2277888,1787896008,2026-08-28T05:46:48Z,NYSE:WM
11.371301094075983,-10.01597764397755,-295.8964384156876,-3.144598140817516,233.107375,33.80579388265831,-1.572952449828249,217.76,2277888,1787896188,2026-08-28T05:49:48Z,NYSE:WM
11.371301094075983,-10.01597764397755,-295.8964384156876,-3.144598140817516,233.107375,33.80579388265831,-1.572952449828249,217.76,2277888,1787896364,2026-08-28T05:52:44Z,NYSE:WM
11.371301094075983,-10.01597764397755,-295.8964384156876,-3.144598140817516,233.107375,33.80579388265831,-1.572952449828249,217.76,2277888,1787896546,2026-08-28T05:55:46Z,NYSE:WM
11.371301094075983,-10.01597764397755,-295.8964384156876,-3.144598140817516,233.107375,33.80579388265831,-1.572952449828249,217.76,2277888,1787896724,2026-08-28T05:58:44Z,NYSE:WM
11.371301094075983,-10.01597764397755,-295.8964384156876,-3.144598140817516,233.107375,33.80579388265831,-1.572952449828249,217.76,2277888,1787896907,2026-08-28T06:01:47Z,NYSE:WM
11.371301094075983,-10.01597764397755,-295.8964384156876,-3.144598140817516,233.107375,33.80579388265831,-1.572952449828249,217.76,2277888,1787897092,2026-08-28T06:04:52Z,NYSE:WM
11.371301094075983,-10.01597764397755,-295.8964384156876,-3.144598140817516,233.107375,33.80579388265831,-1.572952449828249,217.76,2277888,1787897264,2026-08-28T06:07:44Z,NYSE:WM
11.371301094075983,-10.01597764397755,-295.8964384156876,-3.144598140817516,233.107375,33.80579388265831,-1.572952449828249,217.76,2277888,1787897444,2026-08-28T06:10:44Z,NYSE:WM
11.371301094075983,-10.01597764397755,-295.8964384156876,-3.144598140817516,233.107375,33.80579388265831,-1.572952449828249,217.76,2277888,1787897623,2026-08-28T06:13:43Z,NYSE:WM
11.371301094075983,-10.01597764397755,-295.8964384156876,-3.144598140817516,233.107375,33.80579388265831,-1.572952449828249,217.76,2277888,1787897811,2026-08-28T06:16:51Z,NYSE:WM
11.371301094075983,-10.01597764397755,-295.8964384156876,-3.144598140817516,233.107375,33.80579388265831,-1.572952449828249,217.76,2277888,1787897988,2026-08-28T06:19:48Z,NYSE:WM
11.371301094075983,-10.01597764397755,-295.8964384156876,-3.144598140817516,233.107375,33.80579388265831,-1.572952449828249,217.76,2277888,1787898166,2026-08-28T06:22:46Z,NYSE:WM
11.371301094075983,-10.01597764397755,-295.8964384156876,-3.144598140817516,233.107375,33.80579388265831,-1.572952449828249,217.76,2277888,1787898344,2026-08-28T06:25:44Z,NYSE:WM
11.371301094075983,-10.01597764397755,-295.8964384156876,-3.144598140817516,233.107375,33.80579388265831,-1.572952449828249,217.76,2277888,1787898526,2026-08-28T06:28:46Z,NYSE:WM
11.371301094075983,-10.01597764397755,-295.8964384156876,-3.144598140817516,233.107375,33.80579388265831,-1.572952449828249,217.76,2277888,1787898707,2026-08-28T06:31:47Z,NYSE:WM
11.371301094075983,-10.01597764397755,-295.8964384156876,-3.144598140817516,233.107375,33.80579388265831,-1.572952449828249,217.76,2277888,1787898886,2026-08-28T06:34:46Z,NYSE:WM
11.371301094075983,-10.01597764397755,-295.8964384156876,-3.144598140817516,233.107375,33.80579388265831,-1.572952449828249,217.76,2277888,1787899069,2026-08-28T06:37:49Z,NYSE:WM
11.371301094075983,-10.01597764397755,-295.8964384156876,-3.144598140817516,233.107375,33.80579388265831,-1.572952449828249,217.76,2277888,1787899244,2026-08-28T06:40:44Z,NYSE:WM
11.371301094075983,-10.01597764397755,-295.8964384156876,-3.144598140817516,233.107375,33.80579388265831,-1.572952449828249,217.76,2277888,1787899429,2026-08-28T06:43:49Z,NYSE:WM
11.371301094075983,-10.01597764397755,-295.8964384156876,-3.144598140817516,233.107375,33.80579388265831,-1.572952449828249,217.76,2277888,1787899606,2026-08-28T06:46:46Z,NYSE:WM
11.371301094075983,-10.01597764397755,-295.8964384156876,-3.144598140817516,233.107375,33.80579388265831,-1.572952449828249,217.76,2277888,1787899787,2026-08-28T06:49:47Z,NYSE:WM
11.371301094075983,-10.01597764397755,-295.8964384156876,-3.144598140817516,233.107375,33.80579388265831,-1.572952449828249,217.76,2277888,1787899968,2026-08-28T06:52:48Z,NYSE:WM
11.371301094075983,-10.01597764397755,-295.8964384156876,-3.144598140817516,233.107375,33.80579388265831,-1.572952449828249,217.76,2277888,1787900150,2026-08-28T06:55:50Z,NYSE:WM
11.371301094075983,-10.01597764397755,-295.8964384156876,-3.144598140817516,233.107375,33.80579388265831,-1.572952449828249,217.76,2277888,1787900326,2026-08-28T06:58:46Z,NYSE:WM
11.371301094075983,-10.01597764397755,-295.8964384156876,-3.144598140817516,233.107375,33.80579388265831,-1.572952449828249,217.76,2277888,1787900505,2026-08-28T07:01:45Z,NYSE:WM
11.371301094075983,-10.01597764397755,-295.8964384156876,-3.144598140817516,233.107375,33.80579388265831,-1.572952449828249,217.76,2277888,1787900688,2026-08-28T07:04:48Z,NYSE:WM
11.371301094075983,-10.01597764397755,-295.8964384156876,-3.144598140817516,233.107375,33.80579388265831,-1.572952449828249,217.76,2277888,1787900867,2026-08-28T07:07:47Z,NYSE:WM
11.371301094075983,-10.01597764397755,-295.8964384156876,-3.144598140817516,233.107375,33.80579388265831,-1.572952449828249,217.76,2277888,1787901049,2026-08-28T07:10:49Z,NYSE:WM
11.371301094075983,-10.01597764397755,-295.8964384156876,-3.144598140817516,233.107375,33.80579388265831,-1.572952449828249,217.76,2277888,1787901224,2026-08-28T07:13:44Z,NYSE:WM
11.371301094075983,-10.01597764397755,-295.8964384156876,-3.144598140817516,233.107375,33.80579388265831,-1.572952449828249,217.76,2277888,1787901409,2026-08-28T07:16:49Z,NYSE:WM
11.371301094075983,-10.01597764397755,-295.8964384156876,-3.144598140817516,233.107375,33.80579388265831,-1.572952449828249,217.76,2277888,1787901590,2026-08-28T07:19:50Z,NYSE:WM
11.371301094075983,-10.01597764397755,-295.8964384156876,-3.144598140817516,233.107375,33.80579388265831,-1.572952449828249,217.76,2277888,1787901768,2026-08-28T07:22:48Z,NYSE:WM
11.371301094075983,-10.01597764397755,-295.8964384156876,-3.144598140817516,233.107375,33.80579388265831,-1.572952449828249,217.76,2277888,1787901945,2026-08-28T07:25:45Z,NYSE:WM
11.371301094075983,-10.01597764397755,-295.8964384156876,-3.144598140817516,233.107375,33.80579388265831,-1.572952449828249,217.76,2277888,1787902122,2026-08-28T07:28:42Z,NYSE:WM
11.371301094075983,-10.01597764397755,-295.8964384156876,-3.144598140817516,233.107375,33.80579388265831,-1.572952449828249,217.76,2277888,1787902306,2026-08-28T07:31:46Z,NYSE:WM
11.371301094075983,-10.01597764397755,-295.8964384156876,-3.144598140817516,233.107375,33.80579388265831,-1.572952449828249,217.76,2277888,1787902480,2026-08-28T07:34:40Z,NYSE:WM
11.371301094075983,-10.01597764397755,-295.8964384156876,-3.144598140817516,233.107375,33.80579388265831,-1.572952449828249,217.76,2277888,1787902666,2026-08-28T07:37:46Z,NYSE:WM
11.371301094075983,-10.01597764397755,-295.8964384156876,-3.144598140817516,233.107375,33.80579388265831,-1.572952449828249,217.76,2277888,1787902845,2026-08-28T07:40:45Z,NYSE:WM
11.371301094075983,-10.01597764397755,-295.8964384156876,-3.144598140817516,233.107375,33.80579388265831,-1.572952449828249,217.76,2277888,1787903031,2026-08-28T07:43:51Z,NYSE:WM
11.371301094075983,-10.01597764397755,-295.8964384156876,-3.144598140817516,233.107375,33.80579388265831,-1.572952449828249,217.76,2277888,1787903206,2026-08-28T07:46:46Z,NYSE:WM
11.371301094075983,-10.01597764397755,-295.8964384156876,-3.144598140817516,233.107375,33.80579388265831,-1.572952449828249,217.76,2277888,1787903393,2026-08-28T07:49:53Z,NYSE:WM
11.371301094075983,-10.01597764397755,-295.8964384156876,-3.144598140817516,233.107375,33.80579388265831,-1.572952449828249,217.76,2277888,1787903567,2026-08-28T07:52:47Z,NYSE:WM
11.371301094075983,-10.01597764397755,-295.8964384156876,-3.144598140817516,233.107375,33.80579388265831,-1.572952449828249,217.76,2277888,1787903745,2026-08-28T07:55:45Z,NYSE:WM
11.371301094075983,-10.01597764397755,-295.8964384156876,-3.144598140817516,233.107375,33.80579388265831,-1.572952449828249,217.76,2277888,1787903929,2026-08-28T07:58:49Z,NYSE:WM
11.371301094075983,-10.01597764397755,-295.8964384156876,-3.144598140817516,233.107375,33.80579388265831,-1.572952449828249,217.76,2277888,1787904107,2026-08-28T08:01:47Z,NYSE:WM
11.371301094075983,-10.01597764397755,-295.8964384156876,-3.144598140817516,233.107375,33.80579388265831,-1.572952449828249,217.76,2277888,1787904286,2026-08-28T08:04:46Z,NYSE:WM
11.371301094075983,-10.01597764397755,-295.8964384156876,-3.144598140817516,233.107375,33.80579388265831,-1.572952449828249,217.76,2277888,1787904466,2026-08-28T08:07:46Z,NYSE:WM
11.371301094075983,-10.01597764397755,-295.8964384156876,-3.144598140817516,233.107375,33.80579388265831,-1.572952449828249,217.76,2277888,1787904643,2026-08-28T08:10:43Z,NYSE:WM
11.371301094075983,-10.01597764397755,-295.8964384156876,-3.144598140817516,233.107375,33.80579388265831,-1.572952449828249,217.76,2277888,1787904825,2026-08-28T08:13:45Z,NYSE:WM
11.371301094075983,-10.01597764397755,-295.8964384156876,-3.144598140817516,233.107375,33.80579388265831,-1.572952449828249,217.76,2277888,1787905006,2026-08-28T08:16:46Z,NYSE:WM
11.371301094075983,-10.01597764397755,-295.8964384156876,-3.144598140817516,233.107375,33.80579388265831,-1.572952449828249,217.76,2277888,1787905185,2026-08-28T08:19:45Z,NYSE:WM
11.371301094075983,-10.01597764397755,-295.8964384156876,-3.144598140817516,233.107375,33.80579388265831,-1.572952449828249,217.76,2277888,1787905403,2026-08-28T08:23:23Z,NYSE:WM
11.371301094075983,-10.01597764397755,-295.8964384156876,-3.144598140817516,233.107375,33.80579388265831,-1.572952449828249,217.76,2277888,1787905547,2026-08-28T08:25:47Z,NYSE:WM
11.371301094075983,-10.01597764397755,-295.8964384156876,-3.144598140817516,233.107375,33.80579388265831,-1.572952449828249,217.76,2277888,1787905728,2026-08-28T08:28:48Z,NYSE:WM
11.371301094075983,-10.01597764397755,-295.8964384156876,-3.144598140817516,233.107375,33.80579388265831,-1.572952449828249,217.76,2277888,1787905909,2026-08-28T08:31:49Z,NYSE:WM
11.371301094075983,-10.01597764397755,-295.8964384156876,-3.144598140817516,233.107375,33.80579388265831,-1.572952449828249,217.76,2277888,1787906084,2026-08-28T08:34:44Z,NYSE:WM
11.371301094075983,-10.01597764397755,-295.8964384156876,-3.144598140817516,233.107375,33.80579388265831,-1.572952449828249,217.76,2277888,1787906272,2026-08-28T08:37:52Z,NYSE:WM
11.371301094075983,-10.01597764397755,-295.8964384156876,-3.144598140817516,233.107375,33.80579388265831,-1.572952449828249,217.76,2277888,1787906448,2026-08-28T08:40:48Z,NYSE:WM
11.371301094075983,-10.01597764397755,-295.8964384156876,-3.144598140817516,233.107375,33.80579388265831,-1.572952449828249,217.76,2277888,1787906631,2026-08-28T08:43:51Z,NYSE:WM
11.371301094075983,-10.01597764397755,-295.8964384156876,-3.144598140817516,233.107375,33.80579388265831,-1.572952449828249,217.76,2277888,1787906801,2026-08-28T08:46:41Z,NYSE:WM
11.371301094075983,-10.01597764397755,-295.8964384156876,-3.144598140817516,233.107375,33.80579388265831,-1.572952449828249,217.76,2277888,1787906991,2026-08-28T08:49:51Z,NYSE:WM
11.371301094075983,-10.01597764397755,-295.8964384156876,-3.144598140817516,233.107375,33.80579388265831,-1.572952449828249,217.76,2277888,1787907168,2026-08-28T08:52:48Z,NYSE:WM
11.371301094075983,-10.01597764397755,-295.8964384156876,-3.144598140817516,233.107375,33.80579388265831,-1.572952449828249,217.76,2277888,1787907348,2026-08-28T08:55:48Z,NYSE:WM
11.371301094075983,-10.01597764397755,-295.8964384156876,-3.144598140817516,233.107375,33.80579388265831,-1.572952449828249,217.76,2277888,1787907528,2026-08-28T08:58:48Z,NYSE:WM
11.371301094075983,-10.01597764397755,-295.8964384156876,-3.144598140817516,233.107375,33.80579388265831,-1.572952449828249,217.76,2277888,1787907709,2026-08-28T09:01:49Z,NYSE:WM
11.371301094075983,-10.01597764397755,-295.8964384156876,-3.144598140817516,233.107375,33.80579388265831,-1.572952449828249,217.76,2277888,1787907885,2026-08-28T09:04:45Z,NYSE:WM
11.371301094075983,-10.01597764397755,-295.8964384156876,-3.144598140817516,233.107375,33.80579388265831,-1.572952449828249,217.76,2277888,1787908066,2026-08-28T09:07:46Z,NYSE:WM
11.371301094075983,-10.01597764397755,-295.8964384156876,-3.144598140817516,233.107375,33.80579388265831,-1.572952449828249,217.76,2277888,1787908247,2026-08-28T09:10:47Z,NYSE:WM
11.371301094075983,-10.01597764397755,-295.8964384156876,-3.144598140817516,233.107375,33.80579388265831,-1.572952449828249,217.76,2277888,1787908424,2026-08-28T09:13:44Z,NYSE:WM
11.371301094075983,-10.01597764397755,-295.8964384156876,-3.144598140817516,233.107375,33.80579388265831,-1.572952449828249,217.76,2277888,1787908611,2026-08-28T09:16:51Z,NYSE:WM
11.371301094075983,-10.01597764397755,-295.8964384156876,-3.144598140817516,233.107375,33.80579388265831,-1.572952449828249,217.76,2277888,1787908787,2026-08-28T09:19:47Z,NYSE:WM
11.371301094075983,-10.01597764397755,-295.8964384156876,-3.144598140817516,233.107375,33.80579388265831,-1.572952449828249,217.76,2277888,1787908967,2026-08-28T09:22:47Z,NYSE:WM
11.371301094075983,-10.01597764397755,-295.8964384156876,-3.144598140817516,233.107375,33.80579388265831,-1.572952449828249,217.76,2277888,1787909148,2026-08-28T09:25:48Z,NYSE:WM
11.371301094075983,-10.01597764397755,-295.8964384156876,-3.144598140817516,233.107375,33.80579388265831,-1.572952449828249,217.76,2277888,1787909327,2026-08-28T09:28:47Z,NYSE:WM
11.371301094075983,-10.01597764397755,-295.8964384156876,-3.144598140817516,233.107375,33.80579388265831,-1.572952449828249,217.76,2277888,1787909505,2026-08-28T09:31:45Z,NYSE:WM
11.371301094075983,-10.01597764397755,-295.8964384156876,-3.144598140817516,233.107375,33.80579388265831,-1.572952449828249,217.76,2277888,1787909683,2026-08-28T09:34:43Z,NYSE:WM
11.371301094075983,-10.01597764397755,-295.8964384156876,-3.144598140817516,233.107375,33.80579388265831,-1.572952449828249,217.76,2277888,1787909868,2026-08-28T09:37:48Z,NYSE:WM
11.371301094075983,-10.01597764397755,-295.8964384156876,-3.144598140817516,233.107375,33.80579388265831,-1.572952449828249,217.76,2277888,1787910045,2026-08-28T09:40:45Z,NYSE:WM
11.371301094075983,-10.01597764397755,-295.8964384156876,-3.144598140817516,233.107375,33.80579388265831,-1.572952449828249,217.76,2277888,1787910228,2026-08-28T09:43:48Z,NYSE:WM
11.371301094075983,-10.01597764397755,-295.8964384156876,-3.144598140817516,233.107375,33.80579388265831,-1.572952449828249,217.76,2277888,1787910404,2026-08-28T09:46:44Z,NYSE:WM
11.371301094075983,-10.01597764397755,-295.8964384156876,-3.144598140817516,233.107375,33.80579388265831,-1.572952449828249,217.76,2277888,1787910579,2026-08-28T09:49:39Z,NYSE:WM
11.371301094075983,-10.01597764397755,-295.8964384156876,-3.144598140817516,233.107375,33.80579388265831,-1.572952449828249,217.76,2277888,1787910767,2026-08-28T09:52:47Z,NYSE:WM
11.371301094075983,-10.01597764397755,-295.8964384156876,-3.144598140817516,233.107375,33.80579388265831,-1.572952449828249,217.76,2277888,1787910946,2026-08-28T09:55:46Z,NYSE:WM
11.371301094075983,-10.01597764397755,-295.8964384156876,-3.144598140817516,233.107375,33.80579388265831,-1.572952449828249,217.76,2277888,1787911126,2026-08-28T09:58:46Z,NYSE:WM
11.371301094075983,-10.01597764397755,-295.8964384156876,-3.144598140817516,233.107375,33.80579388265831,-1.572952449828249,217.76,2277888,1787911304,2026-08-28T10:01:44Z,NYSE:WM
11.371301094075983,-10.01597764397755,-295.8964384156876,-3.144598140817516,233.107375,33.80579388265831,-1.572952449828249,217.76,2277888,1787911486,2026-08-28T10:04:46Z,NYSE:WM
11.371301094075983,-10.01597764397755,-295.8964384156876,-3.144598140817516,233.107375,33.80579388265831,-1.572952449828249,217.76,2277888,1787911665,2026-08-28T10:07:45Z,NYSE:WM
11.371301094075983,-10.01597764397755,-295.8964384156876,-3.144598140817516,233.107375,33.80579388265831,-1.572952449828249,217.76,2277888,1787911850,2026-08-28T10:10:50Z,NYSE:WM
11.371301094075983,-10.01597764397755,-295.8964384156876,-3.144598140817516,233.107375,33.80579388265831,-1.572952449828249,217.76,2277888,1787912024,2026-08-28T10:13:44Z,NYSE:WM
11.371301094075983,-10.01597764397755,-295.8964384156876,-3.144598140817516,233.107375,33.80579388265831,-1.572952449828249,217.76,2277888,1787912205,2026-08-28T10:16:45Z,NYSE:WM
11.371301094075983,-10.01597764397755,-295.8964384156876,-3.144598140817516,233.107375,33.80579388265831,-1.572952449828249,217.76,2277888,1787912383,2026-08-28T10:19:43Z,NYSE:WM
11.371301094075983,-10.01597764397755,-295.8964384156876,-3.144598140817516,233.107375,33.80579388265831,-1.572952449828249,217.76,2277888,1787912568,2026-08-28T10:22:48Z,NYSE:WM
11.371301094075983,-10.01597764397755,-295.8964384156876,-3.144598140817516,233.107375,33.80579388265831,-1.572952449828249,217.76,2277888,1787912749,2026-08-28T10:25:49Z,NYSE:WM
11.371301094075983,-10.01597764397755,-295.8964384156876,-3.144598140817516,233.107375,33.80579388265831,-1.572952449828249,217.76,2277888,1787912925,2026-08-28T10:28:45Z,NYSE:WM
11.371301094075983,-10.01597764397755,-295.8964384156876,-3.144598140817516,233.107375,33.80579388265831,-1.572952449828249,217.76,2277888,1787913105,2026-08-28T10:31:45Z,NYSE:WM
11.371301094075983,-10.01597764397755,-295.8964384156876,-3.144598140817516,233.107375,33.80579388265831,-1.572952449828249,217.76,2277888,1787913287,2026-08-28T10:34:47Z,NYSE:WM
11.371301094075983,-10.01597764397755,-295.8964384156876,-3.144598140817516,233.107375,33.80579388265831,-1.572952449828249,217.76,2277888,1787913467,2026-08-28T10:37:47Z,NYSE:WM
11.371301094075983,-10.01597764397755,-295.8964384156876,-3.144598140817516,233.107375,33.80579388265831,-1.572952449828249,217.76,2277888,1787913647,2026-08-28T10:40:47Z,NYSE:WM
11.371301094075983,-10.01597764397755,-295.8964384156876,-3.144598140817516,233.107375,33.80579388265831,-1.572952449828249,217.76,2277888,1787913824,2026-08-28T10:43:44Z,NYSE:WM
11.371301094075983,-10.01597764397755,-295.8964384156876,-3.144598140817516,233.107375,33.80579388265831,-1.572952449828249,217.76,2277888,1787914010,2026-08-28T10:46:50Z,NYSE:WM
11.371301094075983,-10.01597764397755,-295.8964384156876,-3.144598140817516,233.107375,33.80579388265831,-1.572952449828249,217.76,2277888,1787914191,2026-08-28T10:49:51Z,NYSE:WM
11.371301094075983,-10.01597764397755,-295.8964384156876,-3.144598140817516,233.107375,33.80579388265831,-1.572952449828249,217.76,2277888,1787914364,2026-08-28T10:52:44Z,NYSE:WM
11.371301094075983,-10.01597764397755,-295.8964384156876,-3.144598140817516,233.107375,33.80579388265831,-1.572952449828249,217.76,2277888,1787914549,2026-08-28T10:55:49Z,NYSE:WM
11.371301094075983,-10.01597764397755,-295.8964384156876,-3.144598140817516,233.107375,33.80579388265831,-1.572952449828249,217.76,2277888,1787914726,2026-08-28T10:58:46Z,NYSE:WM
11.371301094075983,-10.01597764397755,-295.8964384156876,-3.144598140817516,233.107375,33.80579388265831,-1.572952449828249,217.76,2277888,1787914906,2026-08-28T11:01:46Z,NYSE:WM
11.371301094075983,-10.01597764397755,-295.8964384156876,-3.144598140817516,233.107375,33.80579388265831,-1.572952449828249,217.76,2277888,1787915089,2026-08-28T11:04:49Z,NYSE:WM
11.371301094075983,-10.01597764397755,-295.8964384156876,-3.144598140817516,233.107375,33.80579388265831,-1.572952449828249,217.76,2277888,1787915263,2026-08-28T11:07:43Z,NYSE:WM
11.371301094075983,-10.01597764397755,-295.8964384156876,-3.144598140817516,233.107375,33.80579388265831,-1.572952449828249,217.76,2277888,1787915447,2026-08-28T11:10:47Z,NYSE:WM
11.371301094075983,-10.01597764397755,-295.8964384156876,-3.144598140817516,233.107375,33.80579388265831,-1.572952449828249,217.76,2277888,1787915631,2026-08-28T11:13:51Z,NYSE:WM
11.371301094075983,-10.01597764397755,-295.8964384156876,-3.144598140817516,233.107375,33.80579388265831,-1.572952449828249,217.76,2277888,1787915805,2026-08-28T11:16:45Z,NYSE:WM
11.371301094075983,-10.01597764397755,-295.8964384156876,-3.144598140817516,233.107375,33.80579388265831,-1.572952449828249,217.76,2277888,1787915988,2026-08-28T11:19:48Z,NYSE:WM
11.371301094075983,-10.01597764397755,-295.8964384156876,-3.144598140817516,233.107375,33.80579388265831,-1.572952449828249,217.76,2277888,1787916166,2026-08-28T11:22:46Z,NYSE:WM
11.371301094075983,-10.01597764397755,-295.8964384156876,-3.144598140817516,233.107375,33.80579388265831,-1.572952449828249,217.76,2277888,1787916348,2026-08-28T11:25:48Z,NYSE:WM
11.371301094075983,-10.01597764397755,-295.8964384156876,-3.144598140817516,233.107375,33.80579388265831,-1.572952449828249,217.76,2277888,1787916524,2026-08-28T11:28:44Z,NYSE:WM
11.371301094075983,-10.01597764397755,-295.8964384156876,-3.144598140817516,233.107375,33.80579388265831,-1.572952449828249,217.76,2277888,1787916710,2026-08-28T11:31:50Z,NYSE:WM
11.371301094075983,-10.01597764397755,-295.8964384156876,-3.144598140817516,233.107375,33.80579388265831,-1.572952449828249,217.76,2277888,1787916884,2026-08-28T11:34:44Z,NYSE:WM
11.371301094075983,-10.01597764397755,-295.8964384156876,-3.144598140817516,233.107375,33.80579388265831,-1.572952449828249,217.76,2277888,1787917063,2026-08-28T11:37:43Z,NYSE:WM
11.371301094075983,-10.01597764397755,-295.8964384156876,-3.144598140817516,233.107375,33.80579388265831,-1.572952449828249,217.76,2277888,1787917250,2026-08-28T11:40:50Z,NYSE:WM
11.371301094075983,-10.01597764397755,-295.8964384156876,-3.144598140817516,233.107375,33.80579388265831,-1.572952449828249,217.76,2277888,1787917432,2026-08-28T11:43:52Z,NYSE:WM
11.371301094075983,-10.01597764397755,-295.8964384156876,-3.144598140817516,233.107375,33.80579388265831,-1.572952449828249,217.76,2277888,1787917602,2026-08-28T11:46:42Z,NYSE:WM
11.371301094075983,-10.01597764397755,-295.8964384156876,-3.144598140817516,233.107375,33.80579388265831,-1.572952449828249,217.76,2277888,1787917786,2026-08-28T11:49:46Z,NYSE:WM
11.371301094075983,-10.01597764397755,-295.8964384156876,-3.144598140817516,233.107375,33.80579388265831,-1.572952449828249,217.76,2277888,1787917964,2026-08-28T11:52:44Z,NYSE:WM
11.371301094075983,-10.01597764397755,-295.8964384156876,-3.144598140817516,233.107375,33.80579388265831,-1.572952449828249,217.76,2277888,1787918146,2026-08-28T11:55:46Z,NYSE:WM
11.371301094075983,-10.01597764397755,-295.8964384156876,-3.144598140817516,233.107375,33.80579388265831,-1.572952449828249,217.76,2277888,1787918326,2026-08-28T11:58:46Z,NYSE:WM
11.371301094075983,-10.01597764397755,-295.8964384156876,-3.144598140817516,233.107375,33.80579388265831,-1.572952449828249,217.76,2277888,1787918505,2026-08-28T12:01:45Z,NYSE:WM
11.371301094075983,-10.01597764397755,-295.8964384156876,-3.144598140817516,233.107375,33.80579388265831,-1.572952449828249,217.76,2277888,1787918685,2026-08-28T12:04:45Z,NYSE:WM
11.371301094075983,-10.01597764397755,-295.8964384156876,-3.144598140817516,233.107375,33.80579388265831,-1.572952449828249,217.76,2277888,1787918867,2026-08-28T12:07:47Z,NYSE:WM
11.371301094075983,-10.01597764397755,-295.8964384156876,-3.144598140817516,233.107375,33.80579388265831,-1.572952449828249,217.76,2277888,1787919045,2026-08-28T12:10:45Z,NYSE:WM
11.371301094075983,-10.01597764397755,-295.8964384156876,-3.144598140817516,233.107375,33.80579388265831,-1.572952449828249,217.76,2277888,1787919227,2026-08-28T12:13:47Z,NYSE:WM
11.371301094075983,-10.01597764397755,-295.8964384156876,-3.144598140817516,233.107375,33.80579388265831,-1.572952449828249,217.76,2277888,1787919408,2026-08-28T12:16:48Z,NYSE:WM
11.371301094075983,-10.01597764397755,-295.8964384156876,-3.144598140817516,233.107375,33.80579388265831,-1.572952449828249,217.76,2277888,1787919586,2026-08-28T12:19:46Z,NYSE:WM
11.371301094075983,-10.01597764397755,-295.8964384156876,-3.144598140817516,233.107375,33.80579388265831,-1.572952449828249,217.76,2277888,1787919770,2026-08-28T12:22:50Z,NYSE:WM
11.371301094075983,-10.01597764397755,-295.8964384156876,-3.144598140817516,233.107375,33.80579388265831,-1.572952449828249,217.76,2277888,1787919945,2026-08-28T12:25:45Z,NYSE:WM
11.371301094075983,-10.01597764397755,-295.8964384156876,-3.144598140817516,233.107375,33.80579388265831,-1.572952449828249,217.76,2277888,1787920121,2026-08-28T12:28:41Z,NYSE:WM
11.371301094075983,-10.01597764397755,-295.8964384156876,-3.144598140817516,233.107375,33.80579388265831,-1.572952449828249,217.76,2277888,1787920302,2026-08-28T12:31:42Z,NYSE:WM
11.371301094075983,-10.01597764397755,-295.8964384156876,-3.144598140817516,233.107375,33.80579388265831,-1.572952449828249,217.76,2277888,1787920485,2026-08-28T12:34:45Z,NYSE:WM
11.371301094075983,-10.01597764397755,-295.8964384156876,-3.144598140817516,233.107375,33.80579388265831,-1.572952449828249,217.76,2277888,1787920666,2026-08-28T12:37:46Z,NYSE:WM
11.371301094075983,-10.01597764397755,-295.8964384156876,-3.144598140817516,233.107375,33.80579388265831,-1.572952449828249,217.76,2277888,1787920846,2026-08-28T12:40:46Z,NYSE:WM
11.371301094075983,-10.01597764397755,-295.8964384156876,-3.144598140817516,233.107375,33.80579388265831,-1.572952449828249,217.76,2277888,1787921028,2026-08-28T12:43:48Z,NYSE:WM
11.371301094075983,-10.01597764397755,-295.8964384156876,-3.144598140817516,233.107375,33.80579388265831,-1.572952449828249,217.76,2277888,1787921208,2026-08-28T12:46:48Z,NYSE:WM
11.371301094075983,-10.01597764397755,-295.8964384156876,-3.144598140817516,233.107375,33.80579388265831,-1.572952449828249,217.76,2277888,1787921385,2026-08-28T12:49:45Z,NYSE:WM
11.371301094075983,-10.01597764397755,-295.8964384156876,-3.144598140817516,233.107375,33.80579388265831,-1.572952449828249,217.76,2277888,1787921564,2026-08-28T12:52:44Z,NYSE:WM
11.371301094075983,-10.01597764397755,-295.8964384156876,-3.144598140817516,233.107375,33.80579388265831,-1.572952449828249,217.76,2277888,1787921747,2026-08-28T12:55:47Z,NYSE:WM
11.371301094075983,-10.01597764397755,-295.8964384156876,-3.144598140817516,233.107375,33.80579388265831,-1.572952449828249,217.76,2277888,1787921924,2026-08-28T12:58:44Z,NYSE:WM
11.371301094075983,-10.01597764397755,-295.8964384156876,-3.144598140817516,233.107375,33.80579388265831,-1.572952449828249,217.76,2277888,1787922109,2026-08-28T13:01:49Z,NYSE:WM
11.371301094075983,-10.01597764397755,-295.8964384156876,-3.144598140817516,233.107375,33.80579388265831,-1.572952449828249,217.76,2277888,1787922287,2026-08-28T13:04:47Z,NYSE:WM
11.371301094075983,-10.01597764397755,-295.8964384156876,-3.144598140817516,233.107375,33.80579388265831,-1.572952449828249,217.76,2277888,1787922465,2026-08-28T13:07:45Z,NYSE:WM
11.371301094075983,-10.01597764397755,-295.8964384156876,-3.144598140817516,233.107375,33.80579388265831,-1.572952449828249,217.76,2277888,1787922645,2026-08-28T13:10:45Z,NYSE:WM
11.371301094075983,-10.01597764397755,-295.8964384156876,-3.144598140817516,233.107375,33.80579388265831,-1.572952449828249,217.76,2277888,1787922822,2026-08-28T13:13:42Z,NYSE:WM
11.371301094075983,-10.01597764397755,-295.8964384156876,-3.144598140817516,233.107375,33.80579388265831,-1.572952449828249,217.76,2277888,1787923003,2026-08-28T13:16:43Z,NYSE:WM
11.371301094075983,-10.01597764397755,-295.8964384156876,-3.144598140817516,233.107375,33.80579388265831,-1.572952449828249,217.76,2277888,1787923190,2026-08-28T13:19:50Z,NYSE:WM
11.371301094075983,-10.01597764397755,-295.8964384156876,-3.144598140817516,233.107375,33.80579388265831,-1.572952449828249,217.76,2277888,1787923369,2026-08-28T13:22:49Z,NYSE:WM
11.371301094075983,-10.01597764397755,-295.8964384156876,-3.144598140817516,233.107375,33.80579388265831,-1.572952449828249,217.76,2277888,1787923547,2026-08-28T13:25:47Z,NYSE:WM
11.371301094075983,-10.01597764397755,-295.8964384156876,-3.144598140817516,233.107375,33.80579388265831,-1.572952449828249,217.76,2277888,1787923754,2026-08-28T13:29:14Z,NYSE:WM
11.371301094075983,-10.01597764397755,-295.8964384156876,-3.144598140817516,233.107375,33.80579388265831,-1.572952449828249,217.76,2277888,1787923905,2026-08-28T13:31:45Z,NYSE:WM
11.371301094075983,-10.01597764397755,-295.8964384156876,-3.144598140817516,233.107375,33.80579388265831,-1.572952449828249,217.76,2277888,1787924089,2026-08-28T13:34:49Z,NYSE:WM
11.371301094075983,-10.01597764397755,-295.8964384156876,-3.144598140817516,233.107375,33.80579388265831,-1.572952449828249,217.76,2277888,1787924265,2026-08-28T13:37:45Z,NYSE:WM
11.371301094075983,-10.01597764397755,-295.8964384156876,-3.144598140817516,233.107375,33.80579388265831,-1.572952449828249,217.76,2277888,1787924451,2026-08-28T13:40:51Z,NYSE:WM
11.371301094075983,-10.01597764397755,-295.8964384156876,-3.144598140817516,233.107375,33.80579388265831,-1.572952449828249,217.76,2277888,1787924630,2026-08-28T13:43:50Z,NYSE:WM
12.005356456037712,-8.044323694837914,-218.10860377659063,-2.8967478229962724,233.107375,35.845901840078184,0.367376928728881,218.56,27521,1787924804,2026-08-28T13:46:44Z,NYSE:WM
12.005356456037712,-8.15432369483787,-217.4486491165232,-2.834547716367524,233.107375,36.19006117109119,0.4316678912564281,218.7,36719,1787924989,2026-08-28T13:49:49Z,NYSE:WM
12.005356456037712,-8.245752266266464,-214.41841949359383,-2.692376044073219,233.107375,36.96301318449131,0.5786186627479883,219.02,45585,1787925169,2026-08-28T13:52:49Z,NYSE:WM
12.005356456037712,-8.200367980552159,-222.20451489046263,-2.99380753509863,233.107375,35.301381512132124,0.2670545554739269,218.341538,56938,1787925348,2026-08-28T13:55:48Z,NYSE:WM
12.005356456037712,-8.608609409123602,-229.03329229172016,-3.1077838990581146,233.107375,34.65003687865523,0.1492468772961136,218.085,69351,1787925526,2026-08-28T13:58:46Z,NYSE:WM
12.005356456037712,-8.692895123409329,-226.3173834302108,-2.9767193886618166,233.107375,35.39791814904808,0.2847171197648808,218.38,76844,1787925710,2026-08-28T14:01:50Z,NYSE:WM
12.005356456037712,-8.83575226626644,-221.6731565113332,-2.75457615070198,233.107375,36.62716313979728,0.5143277002204283,218.88,81758,1787925888,2026-08-28T14:04:48Z,NYSE:WM
12.005356456037712,-8.778609409123618,-223.53707582930016,-2.8434334458859096,233.107375,36.14112179937056,0.4224834680382145,218.68,99347,1787926067,2026-08-28T14:07:47Z,NYSE:WM
12.005356456037712,-8.812895123409334,-222.41972549074083,-2.790119068775547,233.107375,36.43363715830692,0.477590007347548,218.8,107047,1787926248,2026-08-28T14:10:48Z,NYSE:WM
12.005356456037712,-8.907180837695051,-219.3314804462527,-2.643504531722062,233.107375,37.22440845478808,0.6291329904482019,219.13,121087,1787926425,2026-08-28T14:13:45Z,NYSE:WM
12.005356456037712,-8.921466551980728,-218.86156615353428,-2.621290207926073,233.107375,37.34250918907733,0.6520940484937618,219.18,149450,1787926605,2026-08-28T14:16:45Z,NYSE:WM
12.005356456037712,-8.822409409123594,-222.10912862490264,-2.775324329127423,233.107375,36.514335766496046,0.4928820720058861,218.8333,162633,1787926788,2026-08-28T14:19:48Z,NYSE:WM
12.005356456037712,-8.930009409123585,-218.5803049778838,-2.608006042296076,233.107375,37.4129213460787,0.6658247612050027,219.2099,171734,1787926970,2026-08-28T14:22:50Z,NYSE:WM
12.005356456037712,-8.910037980552175,-219.237539819492,-2.6390616669628693,233.107375,37.24806420480157,0.6337252020573088,219.14,177281,1787927144,2026-08-28T14:25:44Z,NYSE:WM
12.005356456037712,-8.908609409123613,-219.28451277102283,-2.6412830993424654,233.107375,37.236238558766125,0.6314290962527553,219.135,207157,1787927328,2026-08-28T14:28:48Z,NYSE:WM
12.005356456037712,-8.85718083769504,-220.97203190137995,-2.721254665007997,233.107375,36.80752659518519,0.5487692872887682,218.955,217401,1787927509,2026-08-28T14:31:49Z,NYSE:WM
12.005356456037712,-8.888609409123632,-219.94158048469936,-2.67238315265684,233.107375,37.07021028052587,0.5992836149889819,219.065,225372,1787927689,2026-08-28T14:34:49Z,NYSE:WM
12.005356456037712,-8.950037980552196,-217.92015138152885,-2.5768615603341085,233.107375,37.57738254593833,0.6980161645848688,219.28,234172,1787927864,2026-08-28T14:37:44Z,NYSE:WM
12.005356456037712,-8.93360940912359,-218.46172356044195,-2.602408032699492,233.107375,37.442545985412494,0.6716109478324788,219.2225,259675,1787928048,2026-08-28T14:40:48Z,NYSE:WM
12.005356456037712,-8.932895123409338,-218.4852542914098,-2.60351874888929,233.107375,37.43667031118168,0.6704628949302021,219.22,270166,1787928228,2026-08-28T14:43:48Z,NYSE:WM
12.005356456037712,-8.968609409123616,-217.3070949107684,-2.5479829393993305,233.107375,37.72910826256179,0.7278655400440889,219.345,281790,1787928409,2026-08-28T14:46:49Z,NYSE:WM
12.005356456037712,-8.911466551980766,-218.3440500587614,-2.605740181268886,233.107375,37.42491565088124,0.6681667891256486,219.215,299642,1787928586,2026-08-28T14:49:46Z,NYSE:WM
12.005356456037712,-8.827180837695039,-221.1123511279044,-2.7368046916651965,233.107375,36.72348491392346,0.5326965466568684,218.92,308419,1787928766,2026-08-28T14:52:46Z,NYSE:WM
12.005356456037712,-8.804323694837876,-221.8599241650001,-2.772347609738764,233.107375,36.5305476696982,0.4959588537839881,218.84,314342,1787928950,2026-08-28T14:55:50Z,NYSE:WM
12.005356456037712,-8.89289512340929,-218.9555912581007,-2.634618802203664,233.107375,37.27170213312034,0.6383174136664286,219.15,334247,1787929131,2026-08-28T14:58:51Z,NYSE:WM
12.005356456037712,-8.922895123409319,-217.96727243131468,-2.5879687222321026,233.107375,37.51882944207309,0.6865356355620889,219.255,340760,1787929308,2026-08-28T15:01:48Z,NYSE:WM
12.005356456037712,-8.932895123409281,-216.7876534743288,-2.5413186422605287,233.107375,37.76401720376092,0.7347538574577621,219.36,352291,1787929491,2026-08-28T15:04:51Z,NYSE:WM
12.005356456037717,-8.907180837695051,-214.22830243145216,-2.456904211835792,233.107375,38.20283324771007,0.8220058780308691,219.55,358993,1787929668,2026-08-28T15:07:48Z,NYSE:WM
12.005356456037712,-8.789323694837861,-210.21589684832227,-2.352496889994676,233.107375,38.73709342608772,0.9299228508449696,219.785,372531,1787929846,2026-08-28T15:10:46Z,NYSE:WM
12.005356456037712,-8.747895123409307,-210.31187502844,-2.3702683490314587,233.107375,38.64680885771985,0.9115540044085294,219.745,393395,1787930031,2026-08-28T15:13:51Z,NYSE:WM
12.005356456037712,-8.709323694837906,-211.605450603332,-2.430247023280611,233.107375,38.34012398657171,0.8495591476855358,219.61,402170,1787930207,2026-08-28T15:16:47Z,NYSE:WM
12.005356456037717,-8.727180837695016,-209.06245621533208,-2.332503998578283,233.107375,38.83834647518985,0.950587803085976,219.83,415322,1787930386,2026-08-28T15:19:46Z,NYSE:WM
12.005356456037717,-8.70146655198073,-209.9278314824937,-2.372489781411056,233.107375,38.63550457244221,0.909257898603976,219.74,447334,1787930566,2026-08-28T15:22:46Z,NYSE:WM
12.005356456037717,-8.700037980552167,-209.97585600986784,-2.3747112137906514,233.107375,38.62419612078261,0.9069617927994228,219.735,468548,1787930746,2026-08-28T15:25:46Z,NYSE:WM
12.005356456037712,-8.455752266266444,-213.84781036461408,-2.599075884130097,233.107375,37.46016638815863,0.6750551065393088,219.23,486196,1787930926,2026-08-28T15:28:46Z,NYSE:WM
12.005356456037712,-8.458609409123568,-213.75263356733927,-2.5946330193708915,233.107375,37.48364482354331,0.6796473181484287,219.24,503775,1787931107,2026-08-28T15:31:47Z,NYSE:WM
12.005356456037712,-8.477180837695045,-213.1334593421384,-2.565754398436114,233.107375,37.63582600857807,0.7094966936076488,219.305,540190,1787931290,2026-08-28T15:34:50Z,NYSE:WM
12.005356456037712,-8.612895123409288,-208.5809264231912,-2.354718322374272,233.107375,38.72582238913209,0.927626745040416,219.78,569865,1787931468,2026-08-28T15:37:48Z,NYSE:WM
12.005356456037712,-8.554323694837848,-210.5517251555464,-2.4457970499378106,233.107375,38.26011195278309,0.8334864070536361,219.575,593182,1787931646,2026-08-28T15:40:46Z,NYSE:WM
12.005356456037712,-8.515752266266446,-211.84456725447183,-2.5057757241869623,233.107375,37.9495391667556,0.7714915503306423,219.44,615989,1787931825,2026-08-28T15:43:45Z,NYSE:WM
12.005356456037712,-8.507180837695017,-212.13132843927832,-2.519104318464553,233.107375,37.8800981922183,0.757714915503309,219.41,646369,1787932006,2026-08-28T15:46:46Z,NYSE:WM
12.005356456037712,-8.392895123409318,-215.93626836018595,-2.6968189088324244,233.107375,36.939141992725325,0.5740264511388685,219.01,679568,1787932187,2026-08-28T15:49:47Z,NYSE:WM
12.005356456037712,-8.418609409123604,-215.08315310562995,-2.6568331259996527,233.107375,37.15333407280211,0.6153563556208685,219.1,686521,1787932370,2026-08-28T15:52:50Z,NYSE:WM
12.005356456037712,-8.334323694837877,-217.87302502957348,-2.7878976363959507,233.107375,36.44576715348591,0.4798861131521013,218.805,700191,1787932552,2026-08-28T15:55:52Z,NYSE:WM
12.005356456037712,-8.341466551980744,-217.6373137058892,-2.776790474497956,233.107375,36.50634775470342,0.4913666421748813,218.83,719561,1787932729,2026-08-28T15:58:49Z,NYSE:WM
12.005356456037712,-8.355752266266421,-217.16549288061643,-2.75457615070198,233.107375,36.62716313979728,0.5143277002204283,218.88,730325,1787932909,2026-08-28T16:01:49Z,NYSE:WM
12.005356456037712,-8.341380837695027,-217.6401430281284,-2.7769237604407366,233.107375,36.50562147213441,0.4912288758266035,218.8297,739452,1787933088,2026-08-28T16:04:48Z,NYSE:WM
12.005356456037712,-8.352895123409297,-217.2598995490695,-2.7590190154611727,233.107375,36.60303685868147,0.5097354886113215,218.87,747922,1787933267,2026-08-28T16:07:47Z,NYSE:WM
12.005356456037712,-8.358609409123602,-217.07106494610684,-2.750133285942787,233.107375,36.65127106495464,0.518919911829535,218.89,754722,1787933449,2026-08-28T16:10:49Z,NYSE:WM
12.005356456037712,-8.4128951234093,-215.2728840616401,-2.6657188555180378,233.107375,37.105861672546645,0.6061719324026551,219.08,763068,1787933626,2026-08-28T16:13:46Z,NYSE:WM
12.005356456037712,-8.455752266266444,-213.84781036461408,-2.599075884130097,233.107375,37.46016638815863,0.6750551065393088,219.23,776429,1787933804,2026-08-28T16:16:44Z,NYSE:WM
12.005356456037712,-8.487180837695036,-212.79968041298355,-2.550204371778927,233.107375,37.7174632445961,0.7255694342395356,219.34,783335,1787933986,2026-08-28T16:19:46Z,NYSE:WM
12.005356456037712,-8.430037980552157,-214.70343403658768,-2.6390616669628693,233.107375,37.24806420480157,0.6337252020573088,219.14,790459,1787934170,2026-08-28T16:22:50Z,NYSE:WM
12.005356456037712,-8.430037980552157,-214.70343403658768,-2.6390616669628693,233.107375,37.24806420480157,0.6337252020573088,219.14,797173,1787934348,2026-08-28T16:25:48Z,NYSE:WM
12.005356456037712,-8.437895123409277,-214.44217808510035,-2.6268437888750764,233.107375,37.3130256847615,0.6463537839823654,219.1675,804405,1787934526,2026-08-28T16:28:46Z,NYSE:WM
12.005356456037712,-8.47146655198074,-213.324071479664,-2.574640127954512,233.107375,37.58907999990232,0.7003122703894222,219.285,812738,1787934706,2026-08-28T16:31:46Z,NYSE:WM
12.005356456037712,-8.480037980552169,-213.03812091549696,-2.561311533676921,233.107375,37.65917276304719,0.7140889052167555,219.315,816087,1787934884,2026-08-28T16:34:44Z,NYSE:WM
12.005356456037712,-8.438609409123586,-214.41841949359383,-2.6257330726852786,233.107375,37.3189246051715,0.6475018368846421,219.17,823293,1787935070,2026-08-28T16:37:50Z,NYSE:WM
12.005356456037712,-8.350037980552173,-217.354284958644,-2.763461880220365,233.107375,36.5788922006347,0.5051432770022147,218.86,829037,1787935248,2026-08-28T16:40:48Z,NYSE:WM
12.005356456037712,-8.315752266266458,-218.4852542914098,-2.816776257330728,233.107375,36.287715225644135,0.4500367376928813,218.74,833828,1787935427,2026-08-28T16:43:47Z,NYSE:WM
12.005356456037712,-8.355752266266421,-217.16549288061643,-2.75457615070198,233.107375,36.62716313979728,0.5143277002204283,218.88,840659,1787935606,2026-08-28T16:46:46Z,NYSE:WM
12.005356456037712,-8.330037980552135,-218.0143881798224,-2.794561933534752,233.107375,36.4093632718199,0.4729977957384282,218.79,849081,1787935789,2026-08-28T16:49:49Z,NYSE:WM
12.005356456037712,-8.33575226626644,-217.82589337455104,-2.785676204016354,233.107375,36.45789252015683,0.4821822189566547,218.81,855775,1787935966,2026-08-28T16:52:46Z,NYSE:WM
12.005356456037712,-8.360037980552164,-217.0238430018304,-2.7479118535631786,233.107375,36.66331815059418,0.5212160176341015,218.895,860053,1787936146,2026-08-28T16:55:46Z,NYSE:WM
12.005356456037712,-8.347180837694992,-217.4486491165232,-2.7679047449795706,233.107375,36.554729144652406,0.5005510653930949,218.85,864677,1787936331,2026-08-28T16:58:51Z,NYSE:WM
12.005356456037712,-8.255752266266455,-220.45712406865792,-2.910076417273863,233.107375,35.77166985564267,0.3536002939015477,218.53,873523,1787936510,2026-08-28T17:01:50Z,NYSE:WM
12.005356456037712,-8.275752266266437,-219.8008671972484,-2.878976363959489,233.107375,35.94461131620497,0.3857457751653211,218.6,880650,1787936687,2026-08-28T17:04:47Z,NYSE:WM
12.005356456037712,-8.230037980552169,-221.2993700490878,-2.9500622001066352,233.107375,35.54793959606603,0.3076781778104408,218.43,884463,1787936866,2026-08-28T17:07:46Z,NYSE:WM
12.005356456037712,-8.26860940912357,-220.03536302213703,-2.8900835258574835,233.107375,35.88295352416638,0.3742652461425412,218.575,891710,1787937049,2026-08-28T17:10:49Z,NYSE:WM
12.005356456037712,-8.305752266266467,-218.8145456752262,-2.832326283987915,233.107375,36.20228429578336,0.4339639970609945,218.705,899390,1787937224,2026-08-28T17:13:44Z,NYSE:WM
12.005356456037712,-8.325752266266448,-218.15570362663453,-2.8012262306735414,233.107375,36.372917661945614,0.466109478324768,218.775,904344,1787937408,2026-08-28T17:16:48Z,NYSE:WM
12.005356456037712,-8.35718083769504,-217.1182815720682,-2.752354718322384,233.107375,36.63921939556123,0.5166238060249817,218.885,911224,1787937586,2026-08-28T17:19:46Z,NYSE:WM
12.005356456037712,-8.382895123409327,-216.26756786919265,-2.712368935489612,233.107375,36.85545025772866,0.5579537105069817,218.975,915084,1787937769,2026-08-28T17:22:49Z,NYSE:WM
12.005356456037712,-8.312895123409277,-218.5793639877837,-2.8212191220899334,233.107375,36.263329744368,0.4454445260837614,218.73,923552,1787937946,2026-08-28T17:25:46Z,NYSE:WM
12.005356456037712,-8.321466551980706,-218.29697139414893,-2.8078905278123427,233.107375,36.33643025207489,0.4592211609110948,218.76,927901,1787938130,2026-08-28T17:28:50Z,NYSE:WM
12.005356456037712,-8.325752266266448,-218.15570362663453,-2.8012262306735414,233.107375,36.372917661945614,0.466109478324768,218.775,932079,1787938306,2026-08-28T17:31:46Z,NYSE:WM
12.005356456037712,-8.342895123409306,-217.59015552210496,-2.77456904211836,233.107375,36.51845001852392,0.4936627479794347,218.835,938193,1787938484,2026-08-28T17:34:44Z,NYSE:WM
12.005356456037712,-8.340037980552182,-217.68446658213367,-2.779011906877565,233.107375,36.49424087559801,0.4890705363703149,218.825,945814,1787938666,2026-08-28T17:37:46Z,NYSE:WM
12.005356456037712,-8.340037980552182,-217.68446658213367,-2.779011906877565,233.107375,36.49424087559801,0.4890705363703149,218.825,952681,1787938848,2026-08-28T17:40:48Z,NYSE:WM
12.005356456037712,-8.341466551980744,-217.6373137058892,-2.776790474497956,233.107375,36.50634775470342,0.4913666421748813,218.83,982613,1787939031,2026-08-28T17:43:51Z,NYSE:WM
12.005356456037712,-8.387180837695013,-216.12561438507072,-2.70570463835081,233.107375,36.8913453300414,0.564842027920655,218.99,1007448,1787939206,2026-08-28T17:46:46Z,NYSE:WM
12.005356456037712,-8.387180837695013,-216.12561438507072,-2.70570463835081,233.107375,36.8913453300414,0.564842027920655,218.99,1017642,1787939384,2026-08-28T17:49:44Z,NYSE:WM
12.005356456037712,-8.378609409123584,-216.40947335077647,-2.719033232628401,233.107375,36.81951432922944,0.5510653930933216,218.96,1030699,1787939570,2026-08-28T17:52:50Z,NYSE:WM
12.005356456037712,-8.374323694837898,-216.5513308541632,-2.7256975297672024,233.107375,36.7835374747494,0.5441770756796485,218.945,1039635,1787939747,2026-08-28T17:55:47Z,NYSE:WM
12.005356456037712,-8.382895123409327,-216.26756786919265,-2.712368935489612,233.107375,36.85545025772866,0.5579537105069817,218.975,1045800,1787939926,2026-08-28T17:58:46Z,NYSE:WM
12.005356456037712,-8.400037980552185,-215.69946567377605,-2.6857117469344303,233.107375,36.99878610542565,0.5855069801616485,219.035,1054756,1787940107,2026-08-28T18:01:47Z,NYSE:WM
12.005356456037712,-8.36432369483785,-216.8821452501534,-2.741247556424389,233.107375,36.69943193112486,0.5281043350477617,218.91,1058977,1787940287,2026-08-28T18:04:47Z,NYSE:WM
12.005356456037712,-8.418609409123604,-215.08315310562995,-2.6568331259996527,233.107375,37.15333407280211,0.6153563556208685,219.1,1079426,1787940472,2026-08-28T18:07:52Z,NYSE:WM
12.005356456037712,-8.415752266266423,-215.17802929246352,-2.661275990758845,233.107375,37.12960683408034,0.6107641440117618,219.09,1087363,1787940651,2026-08-28T18:10:51Z,NYSE:WM
12.005356456037712,-8.408609409123613,-215.41512607315727,-2.67238315265684,233.107375,37.07021028052587,0.5992836149889819,219.065,1094106,1787940830,2026-08-28T18:13:50Z,NYSE:WM
12.005356456037712,-8.390037980552137,-216.0309520488848,-2.701261773591617,233.107375,36.91525271476288,0.5694342395297617,219.0,1102017,1787941013,2026-08-28T18:16:53Z,NYSE:WM
12.005356456037712,-8.401466551980747,-215.6520891067516,-2.683490314554834,233.107375,37.0107013915281,0.5878030859662019,219.04,1106981,1787941188,2026-08-28T18:19:48Z,NYSE:WM
12.005356456037712,-8.425752266266471,-214.84586888868253,-2.645725964101658,233.107375,37.21257389034624,0.6268368846436486,219.125,1113873,1787941368,2026-08-28T18:22:48Z,NYSE:WM
12.005356456037712,-8.4343236948379,-214.5609509130719,-2.6323973698240675,233.107375,37.28351442043662,0.640613519470982,219.155,1118619,1787941546,2026-08-28T18:25:46Z,NYSE:WM
12.005356456037712,-8.467180837694997,-213.46697398534505,-2.581304425093301,233.107375,37.5539744786075,0.6934239529757621,219.27,1129262,1787941728,2026-08-28T18:28:48Z,NYSE:WM
12.005356456037712,-8.581466551980753,-209.63956972237327,-2.403589834725442,233.107375,38.47680605789213,0.8771124173401895,219.67,1141986,1787941909,2026-08-28T18:31:49Z,NYSE:WM
12.005356456037712,-8.561466551980715,-210.31187502844,-2.434689888039816,233.107375,38.31728457493746,0.8449669360764159,219.6,1147258,1787942084,2026-08-28T18:34:44Z,NYSE:WM
12.005356456037712,-8.578609409123573,-209.73567880973067,-2.4080326994846346,233.107375,38.45406780940966,0.8725202057310828,219.66,1152843,1787942263,2026-08-28T18:37:43Z,NYSE:WM
12.005356456037712,-8.53003798055218,-211.3661983773747,-2.4835614003909736,233.107375,38.06492976649069,0.7944526083762024,219.49,1164420,1787942446,2026-08-28T18:40:46Z,NYSE:WM
12.005356456037712,-8.578609409123573,-209.73567880973067,-2.4080326994846346,233.107375,38.45406780940966,0.8725202057310828,219.66,1173214,1787942625,2026-08-28T18:43:45Z,NYSE:WM
12.005356456037712,-8.512895123409322,-211.9401759797865,-2.510218588946155,233.107375,37.92640943164306,0.7668993387215356,219.43,1181246,1787942806,2026-08-28T18:46:46Z,NYSE:WM
12.005356456037712,-8.467180837694997,-213.46697398534505,-2.581304425093301,233.107375,37.5539744786075,0.6934239529757621,219.27,1202253,1787942989,2026-08-28T18:49:49Z,NYSE:WM
12.005356456037712,-8.56718083769502,-210.1198968689084,-2.425804158521418,233.107375,38.36294649085533,0.8541513592946425,219.62,1213298,1787943162,2026-08-28T18:52:42Z,NYSE:WM
12.005356456037712,-8.492895123409284,-212.60883081640765,-2.5413186422605287,233.107375,37.76401720376092,0.7347538574577621,219.36,1222125,1787943349,2026-08-28T18:55:49Z,NYSE:WM
12.005356456037712,-8.512895123409322,-211.9401759797865,-2.510218588946155,233.107375,37.92640943164306,0.7668993387215356,219.43,1226899,1787943527,2026-08-28T18:58:47Z,NYSE:WM
12.005356456037712,-8.521466551980751,-211.65328477585567,-2.4968899946685643,233.107375,37.995746964159935,0.780675973548869,219.46,1236164,1787943710,2026-08-28T19:01:50Z,NYSE:WM
12.005356456037712,-8.521466551980751,-211.65328477585567,-2.4968899946685643,233.107375,37.995746964159935,0.780675973548869,219.46,1244649,1787943883,2026-08-28T19:04:43Z,NYSE:WM
12.005356456037712,-8.582895123409315,-209.5915069876932,-2.401368402345833,233.107375,38.48816888278388,0.8794085231447559,219.675,1256544,1787944064,2026-08-28T19:07:44Z,NYSE:WM
12.005356456037712,-8.658609409123613,-207.0363428969502,-2.2836324862271256,233.107375,39.0844505755547,1.0056943423952964,219.95,1266563,1787944245,2026-08-28T19:10:45Z,NYSE:WM
12.005356456037712,-8.532895123409332,-209.54343879110843,-2.416918429003033,233.107375,38.40854085241142,0.8633357825128563,219.64,1274189,1787944426,2026-08-28T19:13:46Z,NYSE:WM
12.005356456037712,-8.574323694837858,-208.14708096804264,-2.352496889994676,233.107375,38.73709342608772,0.9299228508449696,219.785,1290070,1787944604,2026-08-28T19:16:44Z,NYSE:WM
12.005356456037712,-8.57578083769505,-208.0978837745343,-2.3502310289674857,233.107375,38.74858561287346,0.9322648787656156,219.7901,1311531,1787944785,2026-08-28T19:19:45Z,NYSE:WM
12.005356456037712,-8.607180837695012,-207.0363428969502,-2.301403945263909,233.107375,38.99518766716891,0.9827332843497496,219.9,1317609,1787944967,2026-08-28T19:22:47Z,NYSE:WM
12.005356456037712,-8.524323694837904,-209.8317660606249,-2.430247023280611,233.107375,38.34012398657171,0.8495591476855358,219.61,1330067,1787945146,2026-08-28T19:25:46Z,NYSE:WM
12.005356456037712,-8.530037980552152,-209.63956972237327,-2.4213612937622253,233.107375,38.38575210655546,0.8587435709037494,219.63,1338362,1787945328,2026-08-28T19:28:48Z,NYSE:WM
12.005356456037712,-8.531466551980714,-209.591506987695,-2.419139861382629,233.107375,38.39714858704384,0.8610396767083028,219.635,1345331,1787945505,2026-08-28T19:31:45Z,NYSE:WM
12.005356456037712,-8.557180837695,-208.72544287410565,-2.379154078549857,233.107375,38.60156670910051,0.902369581190303,219.725,1353895,1787945684,2026-08-28T19:34:44Z,NYSE:WM
12.005356456037712,-8.567123694837903,-208.39008916432016,-2.363692909187844,233.107375,38.680245146109314,0.9183504775900174,219.7598,1365918,1787945867,2026-08-28T19:37:47Z,NYSE:WM
12.005356456037712,-8.53860940912358,-209.35111136704825,-2.4080326994846346,233.107375,38.45406780940966,0.8725202057310828,219.66,1370652,1787946043,2026-08-28T19:40:43Z,NYSE:WM
12.005356456037712,-8.521466551980723,-209.9278314824937,-2.434689888039816,233.107375,38.31728457493746,0.8449669360764159,219.6,1385990,1787946226,2026-08-28T19:43:46Z,NYSE:WM
12.005356456037712,-8.45432369483791,-212.1791030196964,-2.539097209880933,233.107375,37.77564482139239,0.7370499632623155,219.365,1397613,1787946407,2026-08-28T19:46:47Z,NYSE:WM
12.005356456037712,-8.55003798055219,-208.96619406408533,-2.390261240447851,233.107375,38.54492010673604,0.8908890521675228,219.7,1410707,1787946588,2026-08-28T19:49:48Z,NYSE:WM
12.005356456037712,-8.5250951234093,-209.8058246544444,-2.4290474497956382,233.107375,38.34628772816418,0.8507990448199847,219.6127,1420006,1787946764,2026-08-28T19:52:44Z,NYSE:WM
12.005356456037712,-8.504323694837865,-210.50376602049383,-2.4613470765949974,233.107375,38.17989199630236,0.8174136664217492,219.54,1433929,1787946945,2026-08-28T19:55:45Z,NYSE:WM
12.005356456037712,-8.515752266266475,-210.1198968689084,-2.443575617558201,233.107375,38.27155495440992,0.8357825128582025,219.58,1454483,1787947128,2026-08-28T19:58:48Z,NYSE:WM
12.005356456037712,-8.515752266266475,-210.1198968689084,-2.443575617558201,233.107375,38.27155495440992,0.8357825128582025,219.58,1469474,1787947308,2026-08-28T20:01:48Z,NYSE:WM
12.005356456037712,-8.471466551980768,-211.605450603332,-2.512440021325751,233.107375,37.91483809655577,0.7646032329169822,219.425,1488530,1787947488,2026-08-28T20:04:48Z,NYSE:WM
12.005356456037712,-8.474323694837892,-211.50976598838344,-2.5079971565665584,233.107375,37.937976454239546,0.769195444526089,219.435,1509201,1787947667,2026-08-28T20:07:47Z,NYSE:WM
12.005356456037712,-8.581466551980725,-207.90586361121552,-2.341389728096681,233.107375,38.79338647072066,0.9414033798677496,219.81,1541551,1787947848,2026-08-28T20:10:48Z,NYSE:WM
12.005356456037717,-8.615233123409325,-206.32798080706323,-2.2733325928558847,233.107375,39.13606565544604,1.0117482549595866,219.963183,1601378,1787948027,2026-08-28T20:13:47Z,NYSE:WM
12.005356456037717,-8.52860940912359,-209.2549148593521,-2.4080326994846346,233.107375,38.45406780940966,0.8725202057310828,219.66,1961894,1787948205,2026-08-28T20:16:45Z,NYSE:WM
12.005356456037717,-8.52860940912359,-209.2549148593521,-2.4080326994846346,233.107375,38.45406780940966,0.8725202057310828,219.66,1961897,1787948387,2026-08-28T20:19:47Z,NYSE:WM
12.005356456037717,-8.52860940912359,-209.2549148593521,-2.4080326994846346,233.107375,38.45406780940966,0.8725202057310828,219.66,1961924,1787948566,2026-08-28T20:22:46Z,NYSE:WM
12.005356456037717,-8.52860940912359,-209.2549148593521,-2.4080326994846346,233.107375,38.45406780940966,0.8725202057310828,219.66,1961929,1787948749,2026-08-28T20:25:49Z,NYSE:WM
12.005356456037717,-8.52860940912359,-209.2549148593521,-2.4080326994846346,233.107375,38.45406780940966,0.8725202057310828,219.66,1961929,1787948927,2026-08-28T20:28:47Z,NYSE:WM
12.005356456037717,-8.52860940912359,-209.2549148593521,-2.4080326994846346,233.107375,38.45406780940966,0.8725202057310828,219.66,1961934,1787949107,2026-08-28T20:31:47Z,NYSE:WM
12.005356456037717,-8.52860940912359,-209.2549148593521,-2.4080326994846346,233.107375,38.45406780940966,0.8725202057310828,219.66,1961945,1787949285,2026-08-28T20:34:45Z,NYSE:WM
12.005356456037717,-8.52860940912359,-209.2549148593521,-2.4080326994846346,233.107375,38.45406780940966,0.8725202057310828,219.66,1962012,1787949467,2026-08-28T20:37:47Z,NYSE:WM
12.005356456037717,-8.52860940912359,-209.2549148593521,-2.4080326994846346,233.107375,38.45406780940966,0.8725202057310828,219.66,1962012,1787949646,2026-08-28T20:40:46Z,NYSE:WM
12.005356456037717,-8.52860940912359,-209.2549148593521,-2.4080326994846346,233.107375,38.45406780940966,0.8725202057310828,219.66,1962012,1787949828,2026-08-28T20:43:48Z,NYSE:WM
12.005356456037717,-8.52860940912359,-209.2549148593521,-2.4080326994846346,233.107375,38.45406780940966,0.8725202057310828,219.66,1962016,1787950006,2026-08-28T20:46:46Z,NYSE:WM
12.005356456037717,-8.52860940912359,-209.2549148593521,-2.4080326994846346,233.107375,38.45406780940966,0.8725202057310828,219.66,1962016,1787950184,2026-08-28T20:49:44Z,NYSE:WM
12.005356456037717,-8.52860940912359,-209.2549148593521,-2.4080326994846346,233.107375,38.45406780940966,0.8725202057310828,219.66,1962176,1787950367,2026-08-28T20:52:47Z,NYSE:WM
12.005356456037717,-8.52860940912359,-209.2549148593521,-2.4080326994846346,233.107375,38.45406780940966,0.8725202057310828,219.66,1962176,1787950544,2026-08-28T20:55:44Z,NYSE:WM
12.005356456037717,-8.52860940912359,-209.2549148593521,-2.4080326994846346,233.107375,38.45406780940966,0.8725202057310828,219.66,1962176,1787950726,2026-08-28T20:58:46Z,NYSE:WM
12.005356456037717,-8.52860940912359,-209.2549148593521,-2.4080326994846346,233.107375,38.45406780940966,0.8725202057310828,219.66,1962176,1787950905,2026-08-28T21:01:45Z,NYSE:WM
12.005356456037717,-8.52860940912359,-209.2549148593521,-2.4080326994846346,233.107375,38.45406780940966,0.8725202057310828,219.66,1962192,1787951086,2026-08-28T21:04:46Z,NYSE:WM
12.005356456037717,-8.52860940912359,-209.2549148593521,-2.4080326994846346,233.107375,38.45406780940966,0.8725202057310828,219.66,1962192,1787951271,2026-08-28T21:07:51Z,NYSE:WM
12.005356456037717,-8.52860940912359,-209.2549148593521,-2.4080326994846346,233.107375,38.45406780940966,0.8725202057310828,219.66,1962192,1787951445,2026-08-28T21:10:45Z,NYSE:WM
12.005356456037717,-8.52860940912359,-209.2549148593521,-2.4080326994846346,233.107375,38.45406780940966,0.8725202057310828,219.66,1962194,1787951626,2026-08-28T21:13:46Z,NYSE:WM
12.005356456037717,-8.52860940912359,-209.2549148593521,-2.4080326994846346,233.107375,38.45406780940966,0.8725202057310828,219.66,1962194,1787951806,2026-08-28T21:16:46Z,NYSE:WM
12.005356456037717,-8.52860940912359,-209.2549148593521,-2.4080326994846346,233.107375,38.45406780940966,0.8725202057310828,219.66,1962194,1787951989,2026-08-28T21:19:49Z,NYSE:WM
12.005356456037717,-8.52860940912359,-209.2549148593521,-2.4080326994846346,233.107375,38.45406780940966,0.8725202057310828,219.66,1962207,1787952164,2026-08-28T21:22:44Z,NYSE:WM
12.005356456037717,-8.52860940912359,-209.2549148593521,-2.4080326994846346,233.107375,38.45406780940966,0.8725202057310828,219.66,1962207,1787952345,2026-08-28T21:25:45Z,NYSE:WM
12.005356456037717,-8.52860940912359,-209.2549148593521,-2.4080326994846346,233.107375,38.45406780940966,0.8725202057310828,219.66,1962207,1787952525,2026-08-28T21:28:45Z,NYSE:WM
12.005356456037717,-8.52860940912359,-209.2549148593521,-2.4080326994846346,233.107375,38.45406780940966,0.8725202057310828,219.66,1962209,1787952708,2026-08-28T21:31:48Z,NYSE:WM
12.005356456037717,-8.52860940912359,-209.2549148593521,-2.4080326994846346,233.107375,38.45406780940966,0.8725202057310828,219.66,1962209,1787952883,2026-08-28T21:34:43Z,NYSE:WM
12.005356456037717,-8.52860940912359,-209.2549148593521,-2.4080326994846346,233.107375,38.45406780940966,0.8725202057310828,219.66,1962235,1787953067,2026-08-28T21:37:47Z,NYSE:WM
12.005356456037717,-8.52860940912359,-209.2549148593521,-2.4080326994846346,233.107375,38.45406780940966,0.8725202057310828,219.66,1962235,1787953249,2026-08-28T21:40:49Z,NYSE:WM
12.005356456037717,-8.52860940912359,-209.2549148593521,-2.4080326994846346,233.107375,38.45406780940966,0.8725202057310828,219.66,1962235,1787953427,2026-08-28T21:43:47Z,NYSE:WM
12.005356456037717,-8.52860940912359,-209.2549148593521,-2.4080326994846346,233.107375,38.45406780940966,0.8725202057310828,219.66,1962235,1787953607,2026-08-28T21:46:47Z,NYSE:WM
12.005356456037717,-8.52860940912359,-209.2549148593521,-2.4080326994846346,233.107375,38.45406780940966,0.8725202057310828,219.66,1962735,1787953788,2026-08-28T21:49:48Z,NYSE:WM
12.005356456037717,-8.52860940912359,-209.2549148593521,-2.4080326994846346,233.107375,38.45406780940966,0.8725202057310828,219.66,1962736,1787953966,2026-08-28T21:52:46Z,NYSE:WM
12.005356456037717,-8.52860940912359,-209.2549148593521,-2.4080326994846346,233.107375,38.45406780940966,0.8725202057310828,219.66,1962738,1787954148,2026-08-28T21:55:48Z,NYSE:WM
12.005356456037717,-8.52860940912359,-209.2549148593521,-2.4080326994846346,233.107375,38.45406780940966,0.8725202057310828,219.66,1962738,1787954327,2026-08-28T21:58:47Z,NYSE:WM
12.005356456037717,-8.52860940912359,-209.2549148593521,-2.4080326994846346,233.107375,38.45406780940966,0.8725202057310828,219.66,1962931,1788179693,2026-08-31T12:34:53Z,NYSE:WM
12.005356456037717,-8.52860940912359,-209.2549148593521,-2.4080326994846346,233.107375,38.45406780940966,0.8725202057310828,219.66,1962931,1788179866,2026-08-31T12:37:46Z,NYSE:WM
12.005356456037717,-8.52860940912359,-209.2549148593521,-2.4080326994846346,233.107375,38.45406780940966,0.8725202057310828,219.66,1962931,1788180051,2026-08-31T12:40:51Z,NYSE:WM
12.005356456037717,-8.52860940912359,-209.2549148593521,-2.4080326994846346,233.107375,38.45406780940966,0.8725202057310828,219.66,1962931,1788180237,2026-08-31T12:43:57Z,NYSE:WM
12.005356456037717,-8.52860940912359,-209.2549148593521,-2.4080326994846346,233.107375,38.45406780940966,0.8725202057310828,219.66,1962931,1788180409,2026-08-31T12:46:49Z,NYSE:WM
12.005356456037717,-8.52860940912359,-209.2549148593521,-2.4080326994846346,233.107375,38.45406780940966,0.8725202057310828,219.66,1962931,1788180592,2026-08-31T12:49:52Z,NYSE:WM
12.005356456037717,-8.52860940912359,-209.2549148593521,-2.4080326994846346,233.107375,38.45406780940966,0.8725202057310828,219.66,1962931,1788180771,2026-08-31T12:52:51Z,NYSE:WM
12.005356456037717,-8.52860940912359,-209.2549148593521,-2.4080326994846346,233.107375,38.45406780940966,0.8725202057310828,219.66,1962931,1788180952,2026-08-31T12:55:52Z,NYSE:WM
12.005356456037717,-8.52860940912359,-209.2549148593521,-2.4080326994846346,233.107375,38.45406780940966,0.8725202057310828,219.66,1962931,1788181131,2026-08-31T12:58:51Z,NYSE:WM
12.005356456037717,-8.52860940912359,-209.2549148593521,-2.4080326994846346,233.107375,38.45406780940966,0.8725202057310828,219.66,1962931,1788181304,2026-08-31T13:01:44Z,NYSE:WM
12.005356456037717,-8.52860940912359,-209.2549148593521,-2.4080326994846346,233.107375,38.45406780940966,0.8725202057310828,219.66,1962931,1788181490,2026-08-31T13:04:50Z,NYSE:WM
12.005356456037717,-8.52860940912359,-209.2549148593521,-2.4080326994846346,233.107375,38.45406780940966,0.8725202057310828,219.66,1962931,1788181675,2026-08-31T13:07:55Z,NYSE:WM
12.005356456037717,-8.52860940912359,-209.2549148593521,-2.4080326994846346,233.107375,38.45406780940966,0.8725202057310828,219.66,1962931,1788181850,2026-08-31T13:10:50Z,NYSE:WM
12.005356456037717,-8.52860940912359,-209.2549148593521,-2.4080326994846346,233.107375,38.45406780940966,0.8725202057310828,219.66,1962931,1788182034,2026-08-31T13:13:54Z,NYSE:WM
12.005356456037717,-8.52860940912359,-209.2549148593521,-2.4080326994846346,233.107375,38.45406780940966,0.8725202057310828,219.66,1962931,1788182211,2026-08-31T13:16:51Z,NYSE:WM
12.005356456037717,-8.52860940912359,-209.2549148593521,-2.4080326994846346,233.107375,38.45406780940966,0.8725202057310828,219.66,1962931,1788182388,2026-08-31T13:19:48Z,NYSE:WM
12.005356456037717,-8.52860940912359,-209.2549148593521,-2.4080326994846346,233.107375,38.45406780940966,0.8725202057310828,219.66,1962931,1788182574,2026-08-31T13:22:54Z,NYSE:WM
12.005356456037717,-8.52860940912359,-209.2549148593521,-2.4080326994846346,233.107375,38.45406780940966,0.8725202057310828,219.66,1962931,1788182744,2026-08-31T13:25:44Z,NYSE:WM
12.005356456037717,-8.52860940912359,-209.2549148593521,-2.4080326994846346,233.107375,38.45406780940966,0.8725202057310828,219.66,1962931,1788182932,2026-08-31T13:28:52Z,NYSE:WM
12.005356456037717,-8.52860940912359,-209.2549148593521,-2.4080326994846346,233.107375,38.45406780940966,0.8725202057310828,219.66,1962931,1788183108,2026-08-31T13:31:48Z,NYSE:WM
12.005356456037717,-8.52860940912359,-209.2549148593521,-2.4080326994846346,233.107375,38.45406780940966,0.8725202057310828,219.66,1962931,1788183289,2026-08-31T13:34:49Z,NYSE:WM
12.005356456037717,-8.52860940912359,-209.2549148593521,-2.4080326994846346,233.107375,38.45406780940966,0.8725202057310828,219.66,1962931,1788183466,2026-08-31T13:37:46Z,NYSE:WM
12.005356456037717,-8.52860940912359,-209.2549148593521,-2.4080326994846346,233.107375,38.45406780940966,0.8725202057310828,219.66,1962931,1788183650,2026-08-31T13:40:50Z,NYSE:WM
12.005356456037717,-8.52860940912359,-209.2549148593521,-2.4080326994846346,233.107375,38.45406780940966,0.8725202057310828,219.66,1962931,1788183828,2026-08-31T13:43:48Z,NYSE:WM
12.594122149287893,-6.251665207820253,-166.57084701302492,-2.670043093873557,233.107375,37.58638426531719,-0.1638896476372508,219.3,40919,1788184009,2026-08-31T13:46:49Z,NYSE:WM
12.594122149287893,-6.520950922105982,-172.24688124026056,-2.803323115198366,233.107375,37.15277002773538,-0.4006191386688498,218.78,55796,1788184189,2026-08-31T13:49:49Z,NYSE:WM
12.594122149287893,-6.708093779248799,-166.57084701302577,-2.5123284019725447,233.107375,38.112752591864506,-0.1024310297732834,219.435,69866,1788184366,2026-08-31T13:52:46Z,NYSE:WM
12.594122149287893,-6.760950922105934,-164.95311449914638,-2.430139055488915,233.107375,38.39294346436227,-0.0182099608485805,219.62,75821,1788184554,2026-08-31T13:55:54Z,NYSE:WM
12.594122149287893,-6.728093779248837,-165.95949308384667,-2.4812297303300936,233.107375,38.2182884680124,-0.0705635982882642,219.505,96836,1788184726,2026-08-31T13:58:46Z,NYSE:WM
12.327227284249524,-6.30247949353452,-149.53132264751525,-1.992536318805817,233.107375,40.685063326096085,0.430210325047798,220.605,123724,1788184908,2026-08-31T14:01:48Z,NYSE:WM
12.227055227869048,-6.055950922105978,-145.43009176428572,-1.9247856412990405,233.107375,41.0300230066926,0.4996358007830268,220.7575,145376,1788185084,2026-08-31T14:04:44Z,NYSE:WM
12.227055227869048,-6.008093779248839,-146.9865437490452,-1.9992003198720512,233.107375,40.65091473236546,0.4233815897295852,220.59,163500,1788185266,2026-08-31T14:07:46Z,NYSE:WM
12.227055227869048,-6.048093779248802,-145.68599443945843,-1.937002976587149,233.107375,40.96811400873368,0.4871164526996235,220.73,169991,1788185452,2026-08-31T14:10:52Z,NYSE:WM
12.227055227869048,-5.983808064963114,-147.774350618237,-2.036962992580749,233.107375,40.45666089582373,0.3846854229263401,220.505,182554,1788185628,2026-08-31T14:13:48Z,NYSE:WM
12.227055227869048,-5.856665207820242,-151.86467862683503,-2.2346616908792045,233.107375,39.41856805747158,0.1820996084858443,220.06,190005,1788185811,2026-08-31T14:16:51Z,NYSE:WM
12.227055227869048,-5.899522350677387,-150.4979370477021,-2.1680216802168,233.107375,39.77250756245952,0.3232268050623727,220.37,198715,1788185988,2026-08-31T14:19:48Z,NYSE:WM
12.227055227869048,-6.068093779248841,-145.03432255457284,-1.905904304944685,233.107375,41.12544554959873,0.5189838841846557,220.8,208327,1788186167,2026-08-31T14:22:47Z,NYSE:WM
12.21343201621726,-6.076665207820213,-143.07369391026765,-1.830378959527302,233.107375,41.50406741257075,0.5963762177911328,220.97,225036,1788186350,2026-08-31T14:25:50Z,NYSE:WM
12.1761999059436,-5.992379493534514,-141.19856229058013,-1.7903949531298595,233.107375,41.70254944817075,0.6373486297004487,221.06,236857,1788186527,2026-08-31T14:28:47Z,NYSE:WM
12.1761999059436,-6.000950922105943,-140.91662763854742,-1.7770669509973789,233.107375,41.76841114590337,0.6510061003368874,221.09,244211,1788186709,2026-08-31T14:31:49Z,NYSE:WM
12.1761999059436,-5.88380806496312,-144.7547487544749,-1.9592163134746088,233.107375,40.85521852770355,0.4643540016389011,220.68,255954,1788186894,2026-08-31T14:34:54Z,NYSE:WM
12.1761999059436,-5.929522350677388,-143.26078415892357,-1.888133635434715,233.107375,41.214973328123065,0.5371938450332363,220.84,265765,1788187067,2026-08-31T14:37:47Z,NYSE:WM
12.1761999059436,-5.94952235067737,-142.6056323979926,-1.857034963792264,233.107375,41.37099350230862,0.5690612765182554,220.91,277346,1788187244,2026-08-31T14:40:44Z,NYSE:WM
12.1761999059436,-5.963808064963104,-142.13709045092807,-1.834821626904792,233.107375,41.48193039425677,0.5918237275789909,220.96,302545,1788187429,2026-08-31T14:43:49Z,NYSE:WM
12.1761999059436,-5.97095092210597,-141.90263908313355,-1.823714958461056,233.107375,41.53724155424497,0.6032049531093586,220.985,308624,1788187612,2026-08-31T14:46:52Z,NYSE:WM
12.169466689334657,-5.906665207820254,-143.16724862556777,-1.8925763028122045,233.107375,41.19261691958137,0.5326413548210944,220.83,344746,1788187792,2026-08-31T14:49:52Z,NYSE:WM
12.169466689334657,-5.920950922105931,-142.69928311157574,-1.8703629659247447,233.107375,41.30422923866186,0.5554038058818168,220.88,350733,1788187967,2026-08-31T14:52:47Z,NYSE:WM
12.169466689334657,-5.9409509221059125,-142.04332434424168,-1.8392642942822937,233.107375,41.45977661467128,0.5872712373668361,220.95,367778,1788188150,2026-08-31T14:55:50Z,NYSE:WM
12.169466689334657,-5.946665207820217,-141.85573436618037,-1.830378959527302,233.107375,41.50406741257075,0.5963762177911328,220.97,383044,1788188328,2026-08-31T14:58:48Z,NYSE:WM
12.169466689334657,-5.883808064963091,-143.91499629322513,-1.9281176418321573,233.107375,41.01315161615722,0.4962214331239203,220.75,413238,1788188511,2026-08-31T15:01:51Z,NYSE:WM
12.169466689334657,-5.863808064963109,-144.5682708208808,-1.9592163134746088,233.107375,40.85521852770355,0.4643540016389011,220.68,428408,1788188689,2026-08-31T15:04:49Z,NYSE:WM
12.169466689334657,-5.818093779248784,-146.05795972771637,-2.030298991514502,233.107375,40.49103333227588,0.391514158244566,220.52,432567,1788188871,2026-08-31T15:07:51Z,NYSE:WM
12.169466689334657,-5.8738080649631,-144.24175063186007,-1.943666977653383,233.107375,40.93429064425026,0.4802877173814108,220.715,444139,1788189053,2026-08-31T15:10:53Z,NYSE:WM
12.169466689334657,-5.922379493534493,-142.65246015658562,-1.868141632236,233.107375,41.31536717342628,0.5576800509878878,220.885,450863,1788189226,2026-08-31T15:13:46Z,NYSE:WM
12.169466689334657,-5.818093779248784,-146.05795972771637,-2.030298991514502,233.107375,40.49103333227588,0.391514158244566,220.52,458186,1788189411,2026-08-31T15:16:51Z,NYSE:WM
12.169466689334657,-5.808093779248793,-146.38317996456385,-2.045848327335728,233.107375,40.410769166341545,0.3755804425020564,220.485,465730,1788189585,2026-08-31T15:19:45Z,NYSE:WM
12.169466689334657,-5.710950922105951,-149.53040019971448,-2.1968990181705066,233.107375,39.61964283723539,0.2207957752890893,220.145,471453,1788189767,2026-08-31T15:22:47Z,NYSE:WM
12.169466689334657,-5.669522350677369,-150.86597917879783,-2.2613176951441663,233.107375,39.27582471105144,0.154784667212967,220.0,483050,1788189951,2026-08-31T15:25:51Z,NYSE:WM
12.169466689334657,-5.663808064963064,-151.04958095927006,-2.2702030298991573,233.107375,39.2280939958074,0.1456796867886703,219.98,486955,1788190127,2026-08-31T15:28:47Z,NYSE:WM
12.169466689334657,-5.659522350677378,-151.18554274194236,-2.276867030965392,233.107375,39.19224668856788,0.1388509514704574,219.965,495397,1788190308,2026-08-31T15:31:48Z,NYSE:WM
12.169466689334657,-5.680950922105922,-150.4979370477021,-2.243547025634196,233.107375,39.37106156591471,0.1729946280615475,220.04,504125,1788190489,2026-08-31T15:34:49Z,NYSE:WM
12.169466689334657,-5.643808064963082,-151.68368531843527,-2.3013017015416084,233.107375,39.06044396122238,0.1138122553036511,219.91,510146,1788190668,2026-08-31T15:37:48Z,NYSE:WM
12.169466689334657,-5.695236636391655,-150.03746306689098,-2.221333688746724,233.107375,39.48968836774516,0.195757079122283,220.09,518273,1788190850,2026-08-31T15:40:50Z,NYSE:WM
12.169466689334657,-5.682379493534484,-150.45191072510784,-2.241325691945451,233.107375,39.38294517245481,0.1752708731676185,220.045,523039,1788191026,2026-08-31T15:43:46Z,NYSE:WM
12.169466689334657,-5.800950922105926,-146.6153377705146,-2.056954995779464,233.107375,40.35330493029452,0.3641992169716887,220.46,558833,1788191213,2026-08-31T15:46:53Z,NYSE:WM
12.169466689334657,-5.875236636391662,-144.1950857821907,-1.9414456439646384,233.107375,40.94556940485475,0.4825639624874817,220.72,575345,1788191395,2026-08-31T15:49:55Z,NYSE:WM
12.169466689334657,-5.870950922105919,-144.33506599624667,-1.9481096450308724,233.107375,40.91172019337118,0.4757352271692688,220.705,584494,1788191565,2026-08-31T15:52:45Z,NYSE:WM
12.169466689334657,-5.868093779248795,-144.4283622522509,-1.9525523124083743,233.107375,40.88913248645645,0.471182736957114,220.695,599838,1788191750,2026-08-31T15:55:50Z,NYSE:WM
12.169466689334657,-5.818093779248784,-146.05795972771637,-2.030298991514502,233.107375,40.49103333227588,0.391514158244566,220.52,616607,1788191927,2026-08-31T15:58:47Z,NYSE:WM
12.169466689334657,-5.783808064963068,-147.172033062729,-2.0836110000444257,233.107375,40.21493752824287,0.3368842756988114,220.4,625437,1788192104,2026-08-31T16:01:44Z,NYSE:WM
12.169466689334657,-5.813808064963098,-146.1973683149625,-2.036962992580749,233.107375,40.45666089582373,0.3846854229263401,220.505,633286,1788192289,2026-08-31T16:04:49Z,NYSE:WM
12.169466689334657,-5.795236636391678,-146.80097866712072,-2.0658403305344555,233.107375,40.30725368221882,0.3550942365473919,220.44,638007,1788192467,2026-08-31T16:07:47Z,NYSE:WM
12.169466689334657,-5.845236636391633,-145.17404510231214,-1.988093651428315,233.107375,40.70780723184305,0.4347628152599528,220.615,644085,1788192652,2026-08-31T16:10:52Z,NYSE:WM
12.169466689334657,-5.895236636391644,-143.54127572631694,-1.9103469723221875,233.107375,41.10302097997618,0.5144313939725009,220.79,653611,1788192831,2026-08-31T16:13:51Z,NYSE:WM
12.169466689334657,-5.893265207820207,-143.6057643914903,-1.9134124128126584,233.107375,41.08753806438587,0.5112901757261193,220.7831,661130,1788193011,2026-08-31T16:16:51Z,NYSE:WM
12.169466689334657,-5.878093779248786,-144.10174174422497,-1.937002976587149,233.107375,40.96811400873368,0.4871164526996235,220.73,665957,1788193193,2026-08-31T16:19:53Z,NYSE:WM
12.169466689334657,-5.835236636391642,-145.49989767753877,-2.0036429872495405,233.107375,40.62812715047736,0.4188290995174433,220.58,671923,1788193364,2026-08-31T16:22:44Z,NYSE:WM
12.169466689334657,-5.863808064963109,-144.5682708208808,-1.9592163134746088,233.107375,40.85521852770355,0.4643540016389011,220.68,676047,1788193549,2026-08-31T16:25:49Z,NYSE:WM
12.169466689334657,-5.826665207820213,-145.77901428221864,-2.0169709893820214,233.107375,40.55965928992249,0.4051716288810046,220.55,682806,1788193726,2026-08-31T16:28:46Z,NYSE:WM
12.169466689334657,-5.819522350677346,-146.011480699506,-2.0280776578257576,233.107375,40.50248199408247,0.3937904033506369,220.525,690038,1788193911,2026-08-31T16:31:51Z,NYSE:WM
12.169466689334657,-5.822379493534527,-145.9185083900264,-2.023634990448268,233.107375,40.52536610743999,0.3983428935627788,220.535,694568,1788194092,2026-08-31T16:34:52Z,NYSE:WM
12.169466689334657,-5.835236636391642,-145.49989767753877,-2.0036429872495405,233.107375,40.62812715047736,0.4188290995174433,220.58,699641,1788194264,2026-08-31T16:37:44Z,NYSE:WM
12.169466689334657,-5.840950922105947,-145.3137247748407,-1.9947576524945616,233.107375,40.67368482871244,0.427934079941727,220.6,708196,1788194449,2026-08-31T16:40:49Z,NYSE:WM
12.169466689334657,-5.808093779248793,-146.38317996456385,-2.045848327335728,233.107375,40.410769166341545,0.3755804425020564,220.485,711574,1788194625,2026-08-31T16:43:45Z,NYSE:WM
12.169466689334657,-5.806665207820231,-146.42962101275916,-2.0480696610244853,233.107375,40.3992851787004,0.3733041973959725,220.48,719687,1788194808,2026-08-31T16:46:48Z,NYSE:WM
12.169466689334657,-5.823808064963089,-145.872015107296,-2.021413656759524,233.107375,40.53680156407092,0.4006191386688498,220.54,724998,1788194989,2026-08-31T16:49:49Z,NYSE:WM
12.169466689334657,-5.858093779248804,-144.754748754474,-1.9681016482296,233.107375,40.80993933488234,0.4552490212146044,220.66,731584,1788195174,2026-08-31T16:52:54Z,NYSE:WM
12.169466689334657,-5.820522350677379,-145.97894255309,-2.026522724243634,233.107375,40.51049343665788,0.3953837749248892,220.5285,738979,1788195349,2026-08-31T16:55:49Z,NYSE:WM
12.169466689334657,-5.836665207820204,-145.45336159188793,-2.001421653560796,233.107375,40.63952312837263,0.4211053446235143,220.585,744665,1788195527,2026-08-31T16:58:47Z,NYSE:WM
12.169466689334657,-5.720950922105942,-149.20742805129944,-2.181349682349281,233.107375,39.70205090413879,0.2367294910315989,220.18,753714,1788195710,2026-08-31T17:01:50Z,NYSE:WM
12.169466689334657,-5.7380937792488,-148.6532254749471,-2.15469367808432,233.107375,39.8427997592332,0.2640444323044762,220.24,759157,1788195891,2026-08-31T17:04:51Z,NYSE:WM
12.169466689334657,-5.735236636391676,-148.74563963245313,-2.159136345461821,233.107375,39.819387264921296,0.2594919420923214,220.23,765132,1788196069,2026-08-31T17:07:49Z,NYSE:WM
12.169466689334657,-5.755236636391658,-148.0983447300002,-2.1280376738193576,233.107375,39.9828930661149,0.2913593735773535,220.3,770775,1788196250,2026-08-31T17:10:50Z,NYSE:WM
12.169466689334657,-5.728093779248809,-148.97659264771085,-2.170243013905545,233.107375,39.76077622258581,0.2481107165619666,220.205,779468,1788196432,2026-08-31T17:13:52Z,NYSE:WM
12.169466689334657,-5.669522350677369,-150.86597917879783,-2.2613176951441663,233.107375,39.27582471105144,0.154784667212967,220.0,784289,1788196607,2026-08-31T17:16:47Z,NYSE:WM
12.169466689334657,-5.666665207820245,-150.95794294616312,-2.265760362521656,233.107375,39.25196872912763,0.1502321770008251,219.99,799094,1788196785,2026-08-31T17:19:45Z,NYSE:WM
12.169466689334657,-5.641065207820248,-151.77057204656876,-2.305566662224005,233.107375,39.03737980304667,0.1094418646999881,219.9004,806312,1788196970,2026-08-31T17:22:50Z,NYSE:WM
12.169466689334657,-5.635236636391653,-151.9551454196381,-2.3146297036740893,233.107375,38.988310452722665,0.1001547846672124,219.88,819806,1788197153,2026-08-31T17:25:53Z,NYSE:WM
12.169466689334657,-5.70809377924877,-149.62263568298945,-2.2013416855480084,233.107375,39.59605628645157,0.2162432850769345,220.135,826290,1788197330,2026-08-31T17:28:50Z,NYSE:WM
12.169466689334657,-5.696665207820217,-149.99138989677255,-2.219112355057979,233.107375,39.50152552130314,0.1980333242283539,220.095,832600,1788197510,2026-08-31T17:31:50Z,NYSE:WM
12.169466689334657,-5.686665207820226,-150.31380366525607,-2.2346616908792045,233.107375,39.41856805747158,0.1820996084858443,220.06,837857,1788197690,2026-08-31T17:34:50Z,NYSE:WM
12.169466689334657,-5.606665207820242,-152.85871999379236,-2.359056377449021,233.107375,38.7466272191861,0.0546298825457545,219.78,848868,1788197869,2026-08-31T17:37:49Z,NYSE:WM
12.169466689334657,-5.576665207820213,-153.80533884996726,-2.4057043849126982,233.107375,38.49079047711125,0.0068287353182257,219.675,882331,1788198050,2026-08-31T17:40:50Z,NYSE:WM
12.169466689334657,-5.552379493534488,-154.5700529897827,-2.443467057621396,233.107375,38.34722757583312,-0.0318674314850192,219.59,908862,1788198225,2026-08-31T17:43:45Z,NYSE:WM
12.169466689334657,-5.599522350677376,-153.08430348601547,-2.3701630458927574,233.107375,38.68590693597874,0.0432486570153868,219.755,913996,1788198404,2026-08-31T17:46:44Z,NYSE:WM
12.169466689334657,-5.558093779248793,-154.3902485112327,-2.4345817228664046,233.107375,38.37769272844481,-0.0227624510607224,219.61,919939,1788198587,2026-08-31T17:49:47Z,NYSE:WM
12.169466689334657,-5.586665207820204,-153.4900417229713,-2.3901550490914723,233.107375,38.57630651709108,0.0227624510607353,219.71,927388,1788198770,2026-08-31T17:52:50Z,NYSE:WM
12.169466689334657,-5.558093779248793,-154.3902485112327,-2.4345817228664046,233.107375,38.37769272844481,-0.0227624510607224,219.61,937548,1788198952,2026-08-31T17:55:52Z,NYSE:WM
12.169466689334657,-5.568093779248784,-154.07540081247325,-2.419032387045178,233.107375,38.43112338556758,-0.0068287353182128,219.645,941981,1788199130,2026-08-31T17:58:50Z,NYSE:WM
12.169466689334657,-5.6009509221059375,-153.0391966993292,-2.3679417122040127,233.107375,38.6980606214045,0.0455249021214578,219.76,949756,1788199314,2026-08-31T18:01:54Z,NYSE:WM
12.169466689334657,-5.572379493534527,-153.94039205568768,-2.4123683859789447,233.107375,38.45406780940966,0.0,219.66,972768,1788199486,2026-08-31T18:04:46Z,NYSE:WM
12.169466689334657,-5.575236636391651,-153.8503615253316,-2.407925718601456,233.107375,38.478554458034345,0.0045524902121419,219.67,997110,1788199673,2026-08-31T18:07:53Z,NYSE:WM
12.169466689334657,-5.580950922105956,-153.67024117335905,-2.399040383846464,233.107375,38.527469348249376,0.0136574706364386,219.69,1005261,1788199845,2026-08-31T18:10:45Z,NYSE:WM
12.169466689334657,-5.625236636391662,-152.27162253417828,-2.330179039495315,233.107375,38.9039385633899,0.0842210689247028,219.845,1021988,1788200028,2026-08-31T18:13:48Z,NYSE:WM
12.169466689334657,-5.616665207820233,-152.54269483189816,-2.343507041627796,233.107375,38.831433851137646,0.0705635982882642,219.815,1028629,1788200211,2026-08-31T18:16:51Z,NYSE:WM
12.169466689334657,-5.530950922105944,-155.24361805179885,-2.4767870629526043,233.107375,38.23341275221249,-0.0660111080761222,219.515,1064510,1788200391,2026-08-31T18:19:51Z,NYSE:WM
12.169466689334657,-5.520950922105953,-155.55756977208145,-2.49233639877383,233.107375,38.18053005554655,-0.0819448238186319,219.48,1068144,1788200562,2026-08-31T18:22:42Z,NYSE:WM
12.169466689334657,-5.485236636391676,-156.6768639995896,-2.547869740992498,233.107375,37.992851614215446,-0.1388509514704574,219.355,1077480,1788200748,2026-08-31T18:25:48Z,NYSE:WM
12.169466689334657,-5.472379493534504,-157.07906117002258,-2.567861744191213,233.107375,37.92573825472611,-0.1593371574251089,219.31,1096299,1788200933,2026-08-31T18:28:53Z,NYSE:WM
12.169466689334657,-5.449522350677341,-157.79310227407726,-2.603403083211166,233.107375,37.80700923449476,-0.195757079122283,219.23,1102814,1788201105,2026-08-31T18:31:45Z,NYSE:WM
12.169466689334657,-5.46952235067738,-157.1683845931067,-2.572304411568702,233.107375,37.91085636204561,-0.1502321770008122,219.33,1129370,1788201289,2026-08-31T18:34:49Z,NYSE:WM
12.169466689334657,-5.46952235067738,-157.1683845931067,-2.572304411568702,233.107375,37.91085636204561,-0.1638896476372508,219.3,1134762,1788201466,2026-08-31T18:37:46Z,NYSE:WM
12.169466689334657,-5.475236636391628,-156.98971821772332,-2.5634190768137235,233.107375,37.940631835757856,-0.154784667212967,219.32,1144436,1788201647,2026-08-31T18:40:47Z,NYSE:WM
12.169466689334657,-5.5123794935345245,-155.82647976083038,-2.5056644009063107,233.107375,38.135318326713566,-0.0956022944550705,219.45,1148624,1788201831,2026-08-31T18:43:51Z,NYSE:WM
12.169466689334657,-5.526665207820201,-155.37819826454822,-2.4834510640188383,233.107375,38.21073081214684,-0.0728398433943351,219.5,1155859,1788202010,2026-08-31T18:46:50Z,NYSE:WM
12.169466689334657,-5.523808064963077,-155.46789384078676,-2.487893731396328,233.107375,38.1956244640166,-0.077392333606477,219.49,1163114,1788202185,2026-08-31T18:49:45Z,NYSE:WM
12.169466689334657,-5.5123794935345245,-155.82647976083038,-2.5056644009063107,233.107375,38.135318326713566,-0.0956022944550705,219.45,1172017,1788202370,2026-08-31T18:52:50Z,NYSE:WM
12.169466689334657,-5.480950922105933,-156.8109736998499,-2.554533742058732,233.107375,37.970454117999054,-0.1456796867886703,219.34,1177777,1788202544,2026-08-31T18:55:44Z,NYSE:WM
12.169466689334657,-5.452379493534522,-157.70391537639463,-2.598960415833664,233.107375,37.821809692623056,-0.1912045889101281,219.24,1183456,1788202730,2026-08-31T18:58:50Z,NYSE:WM
12.169466689334657,-5.472379493534504,-157.07906117002258,-2.567861744191213,233.107375,37.92573825472611,-0.1593371574251089,219.31,1190992,1788202905,2026-08-31T19:01:45Z,NYSE:WM
12.169466689334657,-5.383808064963091,-159.8390378560902,-2.705584432893511,233.107375,37.46976721250101,-0.3004643540016373,219.0,1199983,1788203091,2026-08-31T19:04:51Z,NYSE:WM
12.169466689334657,-5.389522350677396,-159.6615374952732,-2.69669909813852,233.107375,37.49885358163543,-0.2913593735773406,219.02,1205388,1788203264,2026-08-31T19:07:44Z,NYSE:WM
12.169466689334657,-5.432379493534484,-158.32781484379433,-2.630059087476128,233.107375,37.71844916841904,-0.2230720203951602,219.17,1214098,1788203448,2026-08-31T19:10:48Z,NYSE:WM
12.169466689334657,-5.420950922105931,-158.68390100858,-2.647829756986098,233.107375,37.659639259731776,-0.2412819812437408,219.13,1226927,1788203629,2026-08-31T19:13:49Z,NYSE:WM
12.169466689334657,-5.375236636391662,-160.1051434228598,-2.718912435025992,233.107375,37.42622216475094,-0.314121824638076,218.97,1246836,1788203807,2026-08-31T19:16:47Z,NYSE:WM
12.169466689334657,-5.39237949353452,-159.57275830101554,-2.69225643076103,233.107375,37.51341370676749,-0.2868068833651987,219.03,1256619,1788203983,2026-08-31T19:19:43Z,NYSE:WM
12.169466689334657,-5.402379493534511,-159.26187869046936,-2.6767070949398044,233.107375,37.5644633074652,-0.2708731676226891,219.065,1262643,1788204169,2026-08-31T19:22:49Z,NYSE:WM
12.169466689334657,-5.389522350677396,-159.6615374952732,-2.69669909813852,233.107375,37.49885358163543,-0.2913593735773406,219.02,1271281,1788204340,2026-08-31T19:25:40Z,NYSE:WM
12.169466689334657,-5.44669377924879,-157.88137811588024,-2.607801323914879,233.107375,37.79236818680858,-0.2002640444323019,219.2201,1292186,1788204529,2026-08-31T19:28:49Z,NYSE:WM
12.169466689334657,-5.408093779248816,-159.08412666378172,-2.667821760184813,233.107375,37.59369693775201,-0.2617681871983923,219.085,1307297,1788204706,2026-08-31T19:31:46Z,NYSE:WM
12.169466689334657,-5.402379493534511,-159.26187869046936,-2.6767070949398044,233.107375,37.5644633074652,-0.2708731676226891,219.065,1314159,1788204887,2026-08-31T19:34:47Z,NYSE:WM
12.169466689334657,-5.409522350677378,-159.03967654294422,-2.665600426496068,233.107375,37.60101245619529,-0.2594919420923214,219.09,1322491,1788205068,2026-08-31T19:37:48Z,NYSE:WM
12.169466689334657,-5.389522350677396,-159.6615374952732,-2.69669909813852,233.107375,37.49885358163543,-0.2913593735773406,219.02,1333201,1788205246,2026-08-31T19:40:46Z,NYSE:WM
12.169466689334657,-5.362665207820214,-160.4951172182219,-2.738460171486968,233.107375,37.36253886215486,-0.3341527815715236,218.926,1363395,1788205426,2026-08-31T19:43:46Z,NYSE:WM
12.169466689334657,-5.335236636391642,-161.34467389200168,-2.781109778310894,233.107375,37.22434295414233,-0.3778566876081144,218.83,1394658,1788205610,2026-08-31T19:46:50Z,NYSE:WM
12.169466689334657,-5.35523663639168,-160.72538074797222,-2.7500111066684427,233.107375,37.32500958619043,-0.3459892561230951,218.9,1407367,1788205788,2026-08-31T19:49:48Z,NYSE:WM
12.169466689334657,-5.365236636391671,-160.4153802429537,-2.734461770847217,233.107375,37.3755473549539,-0.3300555403805856,218.935,1420159,1788205968,2026-08-31T19:52:48Z,NYSE:WM
12.169466689334657,-5.35523663639168,-160.72538074797222,-2.7500111066684427,233.107375,37.32500958619043,-0.3459892561230951,218.9,1436393,1788206148,2026-08-31T19:55:48Z,NYSE:WM
12.169466689334657,-5.386665207820215,-159.75029734485577,-2.701141765516021,233.107375,37.48430475459499,-0.2959118637894954,219.01,1449970,1788206329,2026-08-31T19:58:49Z,NYSE:WM
12.169466689334657,-5.390950922105958,-159.61715031662297,-2.6944777644497746,233.107375,37.50613223111764,-0.2890831284712696,219.025,1463988,1788206509,2026-08-31T20:01:49Z,NYSE:WM
12.169466689334657,-5.369522350677357,-160.28245055806332,-2.727797769780983,233.107375,37.397248317569456,-0.3232268050623727,218.95,1496144,1788206686,2026-08-31T20:04:46Z,NYSE:WM
12.169466689334657,-5.4252366363916735,-158.5504051206318,-2.641165755919851,233.107375,37.68167147182528,-0.234453245925515,219.145,1534225,1788206866,2026-08-31T20:07:46Z,NYSE:WM
12.169466689334657,-5.478093779248809,-156.9003557298034,-2.5589764094362213,233.107375,37.955537118916446,-0.1502321770008122,219.33,1578284,1788207044,2026-08-31T20:10:44Z,NYSE:WM
12.169466689334657,-5.475236636391628,-156.98971821772332,-2.5634190768137235,233.107375,37.940631835757856,-0.154784667212967,219.32,1654061,1788207225,2026-08-31T20:13:45Z,NYSE:WM
12.169466689334657,-5.360950922105928,-160.54826652303947,-2.741125771913464,233.107375,37.35387156310272,-0.3368842756988114,218.92,2680817,1788207407,2026-08-31T20:16:47Z,NYSE:WM
12.169466689334657,-5.360950922105928,-160.54826652303947,-2.741125771913464,233.107375,37.35387156310272,-0.3368842756988114,218.92,2692493,1788207591,2026-08-31T20:19:51Z,NYSE:WM
12.169466689334657,-5.360950922105928,-160.54826652303947,-2.741125771913464,233.107375,37.35387156310272,-0.3368842756988114,218.92,2693627,1788207761,2026-08-31T20:22:41Z,NYSE:WM
12.169466689334657,-5.360950922105928,-160.54826652303947,-2.741125771913464,233.107375,37.35387156310272,-0.3368842756988114,218.92,2697441,1788207946,2026-08-31T20:25:46Z,NYSE:WM
12.169466689334657,-5.360950922105928,-160.54826652303947,-2.741125771913464,233.107375,37.35387156310272,-0.3368842756988114,218.92,2728533,1788208128,2026-08-31T20:28:48Z,NYSE:WM
12.169466689334657,-5.360950922105928,-160.54826652303947,-2.741125771913464,233.107375,37.35387156310272,-0.3368842756988114,218.92,2728536,1788208309,2026-08-31T20:31:49Z,NYSE:WM
12.169466689334657,-5.360950922105928,-160.54826652303947,-2.741125771913464,233.107375,37.35387156310272,-0.3368842756988114,218.92,2728536,1788208484,2026-08-31T20:34:44Z,NYSE:WM
12.169466689334657,-5.360950922105928,-160.54826652303947,-2.741125771913464,233.107375,37.35387156310272,-0.3368842756988114,218.92,2728547,1788208671,2026-08-31T20:37:51Z,NYSE:WM
12.169466689334657,-5.360950922105928,-160.54826652303947,-2.741125771913464,233.107375,37.35387156310272,-0.3368842756988114,218.92,2767304,1788208849,2026-08-31T20:40:49Z,NYSE:WM
12.169466689334657,-5.360950922105928,-160.54826652303947,-2.741125771913464,233.107375,37.35387156310272,-0.3368842756988114,218.92,2767304,1788209025,2026-08-31T20:43:45Z,NYSE:WM
12.169466689334657,-5.360950922105928,-160.54826652303947,-2.741125771913464,233.107375,37.35387156310272,-0.3368842756988114,218.92,2767308,1788209210,2026-08-31T20:46:50Z,NYSE:WM
12.169466689334657,-5.360950922105928,-160.54826652303947,-2.741125771913464,233.107375,37.35387156310272,-0.3368842756988114,218.92,2767308,1788209385,2026-08-31T20:49:45Z,NYSE:WM
12.169466689334657,-5.360950922105928,-160.54826652303947,-2.741125771913464,233.107375,37.35387156310272,-0.3368842756988114,218.92,2767308,1788209571,2026-08-31T20:52:51Z,NYSE:WM
12.169466689334657,-5.360950922105928,-160.54826652303947,-2.741125771913464,233.107375,37.35387156310272,-0.3368842756988114,218.92,2767308,1788209754,2026-08-31T20:55:54Z,NYSE:WM
12.169466689334657,-5.360950922105928,-160.54826652303947,-2.741125771913464,233.107375,37.35387156310272,-0.3368842756988114,218.92,2767308,1788209930,2026-08-31T20:58:50Z,NYSE:WM
12.169466689334657,-5.360950922105928,-160.54826652303947,-2.741125771913464,233.107375,37.35387156310272,-0.3368842756988114,218.92,2767308,1788210110,2026-08-31T21:01:50Z,NYSE:WM
12.169466689334657,-5.360950922105928,-160.54826652303947,-2.741125771913464,233.107375,37.35387156310272,-0.3368842756988114,218.92,2767308,1788210295,2026-08-31T21:04:55Z,NYSE:WM
12.169466689334657,-5.360950922105928,-160.54826652303947,-2.741125771913464,233.107375,37.35387156310272,-0.3368842756988114,218.92,2767308,1788210467,2026-08-31T21:07:47Z,NYSE:WM
12.169466689334657,-5.360950922105928,-160.54826652303947,-2.741125771913464,233.107375,37.35387156310272,-0.3368842756988114,218.92,2767308,1788210645,2026-08-31T21:10:45Z,NYSE:WM
12.169466689334657,-5.360950922105928,-160.54826652303947,-2.741125771913464,233.107375,37.35387156310272,-0.3368842756988114,218.92,2767310,1788210827,2026-08-31T21:13:47Z,NYSE:WM
12.169466689334657,-5.360950922105928,-160.54826652303947,-2.741125771913464,233.107375,37.35387156310272,-0.3368842756988114,218.92,2767310,1788211008,2026-08-31T21:16:48Z,NYSE:WM
12.169466689334657,-5.360950922105928,-160.54826652303947,-2.741125771913464,233.107375,37.35387156310272,-0.3368842756988114,218.92,2767322,1788211190,2026-08-31T21:19:50Z,NYSE:WM
12.169466689334657,-5.360950922105928,-160.54826652303947,-2.741125771913464,233.107375,37.35387156310272,-0.3368842756988114,218.92,2779084,1788211366,2026-08-31T21:22:46Z,NYSE:WM
12.169466689334657,-5.360950922105928,-160.54826652303947,-2.741125771913464,233.107375,37.35387156310272,-0.3368842756988114,218.92,2779084,1788211551,2026-08-31T21:25:51Z,NYSE:WM
12.169466689334657,-5.360950922105928,-160.54826652303947,-2.741125771913464,233.107375,37.35387156310272,-0.3368842756988114,218.92,2779084,1788211728,2026-08-31T21:28:48Z,NYSE:WM
12.169466689334657,-5.360950922105928,-160.54826652303947,-2.741125771913464,233.107375,37.35387156310272,-0.3368842756988114,218.92,2779084,1788211906,2026-08-31T21:31:46Z,NYSE:WM
12.169466689334657,-5.360950922105928,-160.54826652303947,-2.741125771913464,233.107375,37.35387156310272,-0.3368842756988114,218.92,2779086,1788212088,2026-08-31T21:34:48Z,NYSE:WM
12.169466689334657,-5.360950922105928,-160.54826652303947,-2.741125771913464,233.107375,37.35387156310272,-0.3368842756988114,218.92,2779086,1788212267,2026-08-31T21:37:47Z,NYSE:WM
12.169466689334657,-5.360950922105928,-160.54826652303947,-2.741125771913464,233.107375,37.35387156310272,-0.3368842756988114,218.92,2779087,1788212449,2026-08-31T21:40:49Z,NYSE:WM
12.169466689334657,-5.360950922105928,-160.54826652303947,-2.741125771913464,233.107375,37.35387156310272,-0.3368842756988114,218.92,2779087,1788212626,2026-08-31T21:43:46Z,NYSE:WM
12.169466689334657,-5.360950922105928,-160.54826652303947,-2.741125771913464,233.107375,37.35387156310272,-0.3368842756988114,218.92,2779095,1788212811,2026-08-31T21:46:51Z,NYSE:WM
12.169466689334657,-5.360950922105928,-160.54826652303947,-2.741125771913464,233.107375,37.35387156310272,-0.3368842756988114,218.92,2779095,1788212982,2026-08-31T21:49:42Z,NYSE:WM
12.169466689334657,-5.360950922105928,-160.54826652303947,-2.741125771913464,233.107375,37.35387156310272,-0.3368842756988114,218.92,2779195,1788213169,2026-08-31T21:52:49Z,NYSE:WM
12.169466689334657,-5.360950922105928,-160.54826652303947,-2.741125771913464,233.107375,37.35387156310272,-0.3368842756988114,218.92,2779196,1788213348,2026-08-31T21:55:48Z,NYSE:WM
12.169466689334657,-5.360950922105928,-160.54826652303947,-2.741125771913464,233.107375,37.35387156310272,-0.3368842756988114,218.92,2779202,1788213529,2026-08-31T21:58:49Z,NYSE:WM
12.169466689334657,-5.360950922105928,-160.54826652303947,-2.741125771913464,233.107375,37.35387156310272,-0.3368842756988114,218.92,2779204,1788213711,2026-08-31T22:01:51Z,NYSE:WM
12.169466689334657,-5.360950922105928,-160.54826652303947,-2.741125771913464,233.107375,37.35387156310272,-0.3368842756988114,218.92,2779204,1788213892,2026-08-31T22:04:52Z,NYSE:WM
12.169466689334657,-5.360950922105928,-160.54826652303947,-2.741125771913464,233.107375,37.35387156310272,-0.3368842756988114,218.92,2779205,1788214067,2026-08-31T22:07:47Z,NYSE:WM
12.169466689334657,-5.360950922105928,-160.54826652303947,-2.741125771913464,233.107375,37.35387156310272,-0.3368842756988114,218.92,2779205,1788214246,2026-08-31T22:10:46Z,NYSE:WM
12.169466689334657,-5.360950922105928,-160.54826652303947,-2.741125771913464,233.107375,37.35387156310272,-0.3368842756988114,218.92,2779206,1788214429,2026-08-31T22:13:49Z,NYSE:WM
12.169466689334657,-5.360950922105928,-160.54826652303947,-2.741125771913464,233.107375,37.35387156310272,-0.3368842756988114,218.92,2779206,1788214606,2026-08-31T22:16:46Z,NYSE:WM
12.169466689334657,-5.360950922105928,-160.54826652303947,-2.741125771913464,233.107375,37.35387156310272,-0.3368842756988114,218.92,2779206,1788214793,2026-08-31T22:19:53Z,NYSE:WM
12.169466689334657,-5.360950922105928,-160.54826652303947,-2.741125771913464,233.107375,37.35387156310272,-0.3368842756988114,218.92,2779208,1788214969,2026-08-31T22:22:49Z,NYSE:WM
12.169466689334657,-5.360950922105928,-160.54826652303947,-2.741125771913464,233.107375,37.35387156310272,-0.3368842756988114,218.92,2779209,1788215150,2026-08-31T22:25:50Z,NYSE:WM
12.169466689334657,-5.360950922105928,-160.54826652303947,-2.741125771913464,233.107375,37.35387156310272,-0.3368842756988114,218.92,2779211,1788215325,2026-08-31T22:28:45Z,NYSE:WM
12.169466689334657,-5.360950922105928,-160.54826652303947,-2.741125771913464,233.107375,37.35387156310272,-0.3368842756988114,218.92,2779211,1788215507,2026-08-31T22:31:47Z,NYSE:WM
12.169466689334657,-5.360950922105928,-160.54826652303947,-2.741125771913464,233.107375,37.35387156310272,-0.3368842756988114,218.92,2779211,1788215687,2026-08-31T22:34:47Z,NYSE:WM
12.169466689334657,-5.360950922105928,-160.54826652303947,-2.741125771913464,233.107375,37.35387156310272,-0.3368842756988114,218.92,2779213,1788215866,2026-08-31T22:37:46Z,NYSE:WM
12.169466689334657,-5.360950922105928,-160.54826652303947,-2.741125771913464,233.107375,37.35387156310272,-0.3368842756988114,218.92,2779215,1788216049,2026-08-31T22:40:49Z,NYSE:WM
12.169466689334657,-5.360950922105928,-160.54826652303947,-2.741125771913464,233.107375,37.35387156310272,-0.3368842756988114,218.92,2779216,1788216221,2026-08-31T22:43:41Z,NYSE:WM
12.169466689334657,-5.360950922105928,-160.54826652303947,-2.741125771913464,233.107375,37.35387156310272,-0.3368842756988114,218.92,2779216,1788216413,2026-08-31T22:46:53Z,NYSE:WM
12.169466689334657,-5.360950922105928,-160.54826652303947,-2.741125771913464,233.107375,37.35387156310272,-0.3368842756988114,218.92,2779216,1788216585,2026-08-31T22:49:45Z,NYSE:WM
12.169466689334657,-5.360950922105928,-160.54826652303947,-2.741125771913464,233.107375,37.35387156310272,-0.3368842756988114,218.92,2779216,1788216769,2026-08-31T22:52:49Z,NYSE:WM
12.169466689334657,-5.360950922105928,-160.54826652303947,-2.741125771913464,233.107375,37.35387156310272,-0.3368842756988114,218.92,2779216,1788216948,2026-08-31T22:55:48Z,NYSE:WM
12.169466689334657,-5.360950922105928,-160.54826652303947,-2.741125771913464,233.107375,37.35387156310272,-0.3368842756988114,218.92,2779216,1788217132,2026-08-31T22:58:52Z,NYSE:WM
12.169466689334657,-5.360950922105928,-160.54826652303947,-2.741125771913464,233.107375,37.35387156310272,-0.3368842756988114,218.92,2779218,1788217308,2026-08-31T23:01:48Z,NYSE:WM
12.169466689334657,-5.360950922105928,-160.54826652303947,-2.741125771913464,233.107375,37.35387156310272,-0.3368842756988114,218.92,2779218,1788217487,2026-08-31T23:04:47Z,NYSE:WM
12.169466689334657,-5.360950922105928,-160.54826652303947,-2.741125771913464,233.107375,37.35387156310272,-0.3368842756988114,218.92,2779218,1788217668,2026-08-31T23:07:48Z,NYSE:WM
12.169466689334657,-5.360950922105928,-160.54826652303947,-2.741125771913464,233.107375,37.35387156310272,-0.3368842756988114,218.92,2779218,1788217851,2026-08-31T23:10:51Z,NYSE:WM
12.169466689334657,-5.360950922105928,-160.54826652303947,-2.741125771913464,233.107375,37.35387156310272,-0.3368842756988114,218.92,2779218,1788218022,2026-08-31T23:13:42Z,NYSE:WM
12.169466689334657,-5.360950922105928,-160.54826652303947,-2.741125771913464,233.107375,37.35387156310272,-0.3368842756988114,218.92,2779223,1788218207,2026-08-31T23:16:47Z,NYSE:WM
12.169466689334657,-5.360950922105928,-160.54826652303947,-2.741125771913464,233.107375,37.35387156310272,-0.3368842756988114,218.92,2779223,1788218387,2026-08-31T23:19:47Z,NYSE:WM
12.169466689334657,-5.360950922105928,-160.54826652303947,-2.741125771913464,233.107375,37.35387156310272,-0.3368842756988114,218.92,2779224,1788218564,2026-08-31T23:22:44Z,NYSE:WM
12.169466689334657,-5.360950922105928,-160.54826652303947,-2.741125771913464,233.107375,37.35387156310272,-0.3368842756988114,218.92,2779224,1788218749,2026-08-31T23:25:49Z,NYSE:WM
12.169466689334657,-5.360950922105928,-160.54826652303947,-2.741125771913464,233.107375,37.35387156310272,-0.3368842756988114,218.92,2779224,1788218923,2026-08-31T23:28:43Z,NYSE:WM
12.169466689334657,-5.360950922105928,-160.54826652303947,-2.741125771913464,233.107375,37.35387156310272,-0.3368842756988114,218.92,2779224,1788219105,2026-08-31T23:31:45Z,NYSE:WM
12.169466689334657,-5.360950922105928,-160.54826652303947,-2.741125771913464,233.107375,37.35387156310272,-0.3368842756988114,218.92,2779224,1788219288,2026-08-31T23:34:48Z,NYSE:WM
12.169466689334657,-5.360950922105928,-160.54826652303947,-2.741125771913464,233.107375,37.35387156310272,-0.3368842756988114,218.92,2779224,1788219463,2026-08-31T23:37:43Z,NYSE:WM
12.169466689334657,-5.360950922105928,-160.54826652303947,-2.741125771913464,233.107375,37.35387156310272,-0.3368842756988114,218.92,2779224,1788219646,2026-08-31T23:40:46Z,NYSE:WM
12.169466689334657,-5.360950922105928,-160.54826652303947,-2.741125771913464,233.107375,37.35387156310272,-0.3368842756988114,218.92,2779224,1788219831,2026-08-31T23:43:51Z,NYSE:WM
12.169466689334657,-5.360950922105928,-160.54826652303947,-2.741125771913464,233.107375,37.35387156310272,-0.3368842756988114,218.92,2779225,1788220010,2026-08-31T23:46:50Z,NYSE:WM
12.169466689334657,-5.360950922105928,-160.54826652303947,-2.741125771913464,233.107375,37.35387156310272,-0.3368842756988114,218.92,2779225,1788220188,2026-08-31T23:49:48Z,NYSE:WM
12.169466689334657,-5.360950922105928,-160.54826652303947,-2.741125771913464,233.107375,37.35387156310272,-0.3368842756988114,218.92,2779225,1788220367,2026-08-31T23:52:47Z,NYSE:WM
12.169466689334657,-5.360950922105928,-160.54826652303947,-2.741125771913464,233.107375,37.35387156310272,-0.3368842756988114,218.92,2779227,1788220541,2026-08-31T23:55:41Z,NYSE:WM
12.169466689334657,-5.360950922105928,-160.54826652303947,-2.741125771913464,233.107375,37.35387156310272,-0.3368842756988114,218.92,2779241,1788220724,2026-08-31T23:58:44Z,NYSE:WM
