ADX,BBPower,CCI20,Perf.W,Pivot.M.Camarilla.R3,RSI,change,close,volume,timestamp_utc,fecha_iso,simbolo
10.20245633096405,25.448096925647576,30.57379149986555,9.903437509034664,376.329,53.21663517146266,2.689159620735294,380.145,1202691,1789154884,2026-09-11T19:28:04Z,NASDAQ:TER
10.20245633096405,25.68381121136184,29.648039806756508,9.6649223741652,376.329,52.99585383121287,2.466301088630162,379.32,1210864,1789155060,2026-09-11T19:31:00Z,NASDAQ:TER
10.20245633096405,25.63809692564763,29.827710215505142,9.711179854867163,376.329,53.03883476131301,2.5095221372808614,379.48,1215113,1789155243,2026-09-11T19:34:03Z,NASDAQ:TER
10.20245633096405,25.59809692564756,29.98487020676376,9.751655150481373,376.329,53.0763786467378,2.547340554850214,379.62,1220651,1789155424,2026-09-11T19:37:04Z,NASDAQ:TER
10.20245633096405,25.726668354219044,29.260411220770163,9.62155598600712,376.329,52.90290794978494,2.373105702477113,378.975,1225788,1789155600,2026-09-11T19:40:00Z,NASDAQ:TER
10.20245633096405,25.71809692564756,29.51324568808914,9.63022926363873,376.329,52.96356646699022,2.4338853021421407,379.2,1230319,1789155781,2026-09-11T19:43:01Z,NASDAQ:TER
10.20245633096405,25.75952549707614,29.35032219480368,9.588308421752586,376.329,52.92449333865172,2.394716226802456,379.055,1244642,1789155961,2026-09-11T19:46:01Z,NASDAQ:TER
10.20245633096405,25.65523978279049,29.76034118760964,9.693833299603927,376.329,53.02272612710837,2.4933142440368505,379.42,1254093,1789156140,2026-09-11T19:49:00Z,NASDAQ:TER
10.20245633096405,25.71523978279044,29.52447988419101,9.6331203561826,376.329,52.96625877475714,2.4365866176828064,379.21,1265382,1789156320,2026-09-11T19:52:00Z,NASDAQ:TER
10.20245633096405,25.69095406850471,29.619960619419103,9.657694642805524,376.329,52.989130952897526,2.459547799778497,379.295,1271240,1789156503,2026-09-11T19:55:03Z,NASDAQ:TER
10.20245633096405,25.709525497076186,29.54694753838753,9.638902541270356,376.329,52.97164246577046,2.4419892487641537,379.23,1282693,1789156683,2026-09-11T19:58:03Z,NASDAQ:TER
10.20245633096405,25.61523978279041,29.91752182226304,9.734308595218138,376.329,53.06029576327947,2.5311326616062035,379.56,1293436,1789156862,2026-09-11T20:01:02Z,NASDAQ:TER
10.20245633096405,25.7438112113619,29.41212685161361,9.604209430743886,376.329,52.9393218197492,2.409573462276133,379.11,1305858,1789157039,2026-09-11T20:03:59Z,NASDAQ:TER
10.20245633096405,25.50381121136189,30.355128276987383,9.847061204429156,376.329,53.164637877520434,2.636483967692264,379.95,1332223,1789157217,2026-09-11T20:06:57Z,NASDAQ:TER
10.20245633096405,25.352382639933296,30.94922601498544,10.000289109254396,376.329,53.305694819232464,2.779653691347692,380.48,1377998,1789157403,2026-09-11T20:10:03Z,NASDAQ:TER
10.20245633096405,25.526668354219,30.26539329662646,9.82393246407818,376.329,53.14327220240511,2.6148734433669216,379.87,1424451,1789157579,2026-09-11T20:12:59Z,NASDAQ:TER
10.20245633096405,25.5695254970762,30.09709786120456,9.780566075920104,376.329,53.10315897556691,2.574353710256903,379.72,2008447,1789157760,2026-09-11T20:16:00Z,NASDAQ:TER
10.20245633096405,25.5695254970762,30.09709786120456,9.780566075920104,376.329,53.10315897556691,2.574353710256903,379.72,2024536,1789157946,2026-09-11T20:19:06Z,NASDAQ:TER
10.20245633096405,25.5695254970762,30.09709786120456,9.780566075920104,376.329,53.10315897556691,2.574353710256903,379.72,2025077,1789158121,2026-09-11T20:22:01Z,NASDAQ:TER
10.20245633096405,25.5695254970762,30.09709786120456,9.780566075920104,376.329,53.10315897556691,2.574353710256903,379.72,2025118,1789158301,2026-09-11T20:25:01Z,NASDAQ:TER
10.20245633096405,25.5695254970762,30.09709786120456,9.780566075920104,376.329,53.10315897556691,2.574353710256903,379.72,2025388,1789158483,2026-09-11T20:28:03Z,NASDAQ:TER
10.20245633096405,25.5695254970762,30.09709786120456,9.780566075920104,376.329,53.10315897556691,2.574353710256903,379.72,2025404,1789158658,2026-09-11T20:30:58Z,NASDAQ:TER
10.20245633096405,25.5695254970762,30.09709786120456,9.780566075920104,376.329,53.10315897556691,2.574353710256903,379.72,2025462,1789158839,2026-09-11T20:33:59Z,NASDAQ:TER
10.20245633096405,25.5695254970762,30.09709786120456,9.780566075920104,376.329,53.10315897556691,2.574353710256903,379.72,2025890,1789159021,2026-09-11T20:37:01Z,NASDAQ:TER
10.20245633096405,25.5695254970762,30.09709786120456,9.780566075920104,376.329,53.10315897556691,2.574353710256903,379.72,2025933,1789159198,2026-09-11T20:39:58Z,NASDAQ:TER
10.20245633096405,25.5695254970762,30.09709786120456,9.780566075920104,376.329,53.10315897556691,2.574353710256903,379.72,2026005,1789159384,2026-09-11T20:43:04Z,NASDAQ:TER
10.20245633096405,25.5695254970762,30.09709786120456,9.780566075920104,376.329,53.10315897556691,2.574353710256903,379.72,2022732,1789159561,2026-09-11T20:46:01Z,NASDAQ:TER
10.20245633096405,25.5695254970762,30.09709786120456,9.780566075920104,376.329,53.10315897556691,2.574353710256903,379.72,2022946,1789159742,2026-09-11T20:49:02Z,NASDAQ:TER
10.20245633096405,25.5695254970762,30.09709786120456,9.780566075920104,376.329,53.10315897556691,2.574353710256903,379.72,2022946,1789159916,2026-09-11T20:51:56Z,NASDAQ:TER
10.20245633096405,25.5695254970762,30.09709786120456,9.780566075920104,376.329,53.10315897556691,2.574353710256903,379.72,2022974,1789160101,2026-09-11T20:55:01Z,NASDAQ:TER
10.20245633096405,25.5695254970762,30.09709786120456,9.780566075920104,376.329,53.10315897556691,2.574353710256903,379.72,2022978,1789160282,2026-09-11T20:58:02Z,NASDAQ:TER
10.20245633096405,25.5695254970762,30.09709786120456,9.780566075920104,376.329,53.10315897556691,2.574353710256903,379.72,2022986,1789160460,2026-09-11T21:01:00Z,NASDAQ:TER
10.20245633096405,25.5695254970762,30.09709786120456,9.780566075920104,376.329,53.10315897556691,2.574353710256903,379.72,2023042,1789160638,2026-09-11T21:03:58Z,NASDAQ:TER
10.20245633096405,25.5695254970762,30.09709786120456,9.780566075920104,376.329,53.10315897556691,2.574353710256903,379.72,2023101,1789160822,2026-09-11T21:07:02Z,NASDAQ:TER
10.20245633096405,25.5695254970762,30.09709786120456,9.780566075920104,376.329,53.10315897556691,2.574353710256903,379.72,2392618,1789161001,2026-09-11T21:10:01Z,NASDAQ:TER
10.20245633096405,25.5695254970762,30.09709786120456,9.780566075920104,376.329,53.10315897556691,2.574353710256903,379.72,2392618,1789161185,2026-09-11T21:13:05Z,NASDAQ:TER
10.20245633096405,25.5695254970762,30.09709786120456,9.780566075920104,376.329,53.10315897556691,2.574353710256903,379.72,2392619,1789161360,2026-09-11T21:16:00Z,NASDAQ:TER
10.20245633096405,25.5695254970762,30.09709786120456,9.780566075920104,376.329,53.10315897556691,2.574353710256903,379.72,2392619,1789161541,2026-09-11T21:19:01Z,NASDAQ:TER
10.20245633096405,25.5695254970762,30.09709786120456,9.780566075920104,376.329,53.10315897556691,2.574353710256903,379.72,2392629,1789161720,2026-09-11T21:22:00Z,NASDAQ:TER
10.20245633096405,25.5695254970762,30.09709786120456,9.780566075920104,376.329,53.10315897556691,2.574353710256903,379.72,2392634,1789161901,2026-09-11T21:25:01Z,NASDAQ:TER
10.20245633096405,25.5695254970762,30.09709786120456,9.780566075920104,376.329,53.10315897556691,2.574353710256903,379.72,2392634,1789162080,2026-09-11T21:28:00Z,NASDAQ:TER
10.20245633096405,25.5695254970762,30.09709786120456,9.780566075920104,376.329,53.10315897556691,2.574353710256903,379.72,2392744,1789162260,2026-09-11T21:31:00Z,NASDAQ:TER
10.20245633096405,25.5695254970762,30.09709786120456,9.780566075920104,376.329,53.10315897556691,2.574353710256903,379.72,2392744,1789162440,2026-09-11T21:34:00Z,NASDAQ:TER
10.20245633096405,25.5695254970762,30.09709786120456,9.780566075920104,376.329,53.10315897556691,2.574353710256903,379.72,2392747,1789162620,2026-09-11T21:37:00Z,NASDAQ:TER
10.20245633096405,25.5695254970762,30.09709786120456,9.780566075920104,376.329,53.10315897556691,2.574353710256903,379.72,2393171,1789162801,2026-09-11T21:40:01Z,NASDAQ:TER
10.20245633096405,25.5695254970762,30.09709786120456,9.780566075920104,376.329,53.10315897556691,2.574353710256903,379.72,2393174,1789162977,2026-09-11T21:42:57Z,NASDAQ:TER
10.20245633096405,25.5695254970762,30.09709786120456,9.780566075920104,376.329,53.10315897556691,2.574353710256903,379.72,2393177,1789163161,2026-09-11T21:46:01Z,NASDAQ:TER
10.20245633096405,25.5695254970762,30.09709786120456,9.780566075920104,376.329,53.10315897556691,2.574353710256903,379.72,2393185,1789163341,2026-09-11T21:49:01Z,NASDAQ:TER
10.20245633096405,25.5695254970762,30.09709786120456,9.780566075920104,376.329,53.10315897556691,2.574353710256903,379.72,2393269,1789163518,2026-09-11T21:51:58Z,NASDAQ:TER
10.20245633096405,25.5695254970762,30.09709786120456,9.780566075920104,376.329,53.10315897556691,2.574353710256903,379.72,2393269,1789163699,2026-09-11T21:54:59Z,NASDAQ:TER
10.20245633096405,25.5695254970762,30.09709786120456,9.780566075920104,376.329,53.10315897556691,2.574353710256903,379.72,2393271,1789163878,2026-09-11T21:57:58Z,NASDAQ:TER
10.20245633096405,25.5695254970762,30.09709786120456,9.780566075920104,376.329,53.10315897556691,2.574353710256903,379.72,2394327,1789362060,2026-09-14T05:01:00Z,NASDAQ:TER
10.20245633096405,25.5695254970762,30.09709786120456,9.780566075920104,376.329,53.10315897556691,2.574353710256903,379.72,2394327,1789362242,2026-09-14T05:04:02Z,NASDAQ:TER
10.20245633096405,25.5695254970762,30.09709786120456,9.780566075920104,376.329,53.10315897556691,2.574353710256903,379.72,2394327,1789362417,2026-09-14T05:06:57Z,NASDAQ:TER
10.20245633096405,25.5695254970762,30.09709786120456,9.780566075920104,376.329,53.10315897556691,2.574353710256903,379.72,2394327,1789362599,2026-09-14T05:09:59Z,NASDAQ:TER
10.20245633096405,25.5695254970762,30.09709786120456,9.780566075920104,376.329,53.10315897556691,2.574353710256903,379.72,2394327,1789362777,2026-09-14T05:12:57Z,NASDAQ:TER
10.20245633096405,25.5695254970762,30.09709786120456,9.780566075920104,376.329,53.10315897556691,2.574353710256903,379.72,2394327,1789362962,2026-09-14T05:16:02Z,NASDAQ:TER
10.20245633096405,25.5695254970762,30.09709786120456,9.780566075920104,376.329,53.10315897556691,2.574353710256903,379.72,2394327,1789363136,2026-09-14T05:18:56Z,NASDAQ:TER
10.20245633096405,25.5695254970762,30.09709786120456,9.780566075920104,376.329,53.10315897556691,2.574353710256903,379.72,2394327,1789363322,2026-09-14T05:22:02Z,NASDAQ:TER
10.20245633096405,25.5695254970762,30.09709786120456,9.780566075920104,376.329,53.10315897556691,2.574353710256903,379.72,2394327,1789363497,2026-09-14T05:24:57Z,NASDAQ:TER
10.20245633096405,25.5695254970762,30.09709786120456,9.780566075920104,376.329,53.10315897556691,2.574353710256903,379.72,2394327,1789363678,2026-09-14T05:27:58Z,NASDAQ:TER
10.20245633096405,25.5695254970762,30.09709786120456,9.780566075920104,376.329,53.10315897556691,2.574353710256903,379.72,2394327,1789363855,2026-09-14T05:30:55Z,NASDAQ:TER
10.20245633096405,25.5695254970762,30.09709786120456,9.780566075920104,376.329,53.10315897556691,2.574353710256903,379.72,2394327,1789364037,2026-09-14T05:33:57Z,NASDAQ:TER
10.20245633096405,25.5695254970762,30.09709786120456,9.780566075920104,376.329,53.10315897556691,2.574353710256903,379.72,2394327,1789364221,2026-09-14T05:37:01Z,NASDAQ:TER
10.20245633096405,25.5695254970762,30.09709786120456,9.780566075920104,376.329,53.10315897556691,2.574353710256903,379.72,2394327,1789364398,2026-09-14T05:39:58Z,NASDAQ:TER
10.20245633096405,25.5695254970762,30.09709786120456,9.780566075920104,376.329,53.10315897556691,2.574353710256903,379.72,2394327,1789364580,2026-09-14T05:43:00Z,NASDAQ:TER
10.20245633096405,25.5695254970762,30.09709786120456,9.780566075920104,376.329,53.10315897556691,2.574353710256903,379.72,2394327,1789364759,2026-09-14T05:45:59Z,NASDAQ:TER
10.20245633096405,25.5695254970762,30.09709786120456,9.780566075920104,376.329,53.10315897556691,2.574353710256903,379.72,2394327,1789364942,2026-09-14T05:49:02Z,NASDAQ:TER
10.20245633096405,25.5695254970762,30.09709786120456,9.780566075920104,376.329,53.10315897556691,2.574353710256903,379.72,2394327,1789365118,2026-09-14T05:51:58Z,NASDAQ:TER
10.20245633096405,25.5695254970762,30.09709786120456,9.780566075920104,376.329,53.10315897556691,2.574353710256903,379.72,2394327,1789365298,2026-09-14T05:54:58Z,NASDAQ:TER
10.20245633096405,25.5695254970762,30.09709786120456,9.780566075920104,376.329,53.10315897556691,2.574353710256903,379.72,2394327,1789365480,2026-09-14T05:58:00Z,NASDAQ:TER
10.20245633096405,25.5695254970762,30.09709786120456,9.780566075920104,376.329,53.10315897556691,2.574353710256903,379.72,2394327,1789365659,2026-09-14T06:00:59Z,NASDAQ:TER
10.20245633096405,25.5695254970762,30.09709786120456,9.780566075920104,376.329,53.10315897556691,2.574353710256903,379.72,2394327,1789365835,2026-09-14T06:03:55Z,NASDAQ:TER
10.20245633096405,25.5695254970762,30.09709786120456,9.780566075920104,376.329,53.10315897556691,2.574353710256903,379.72,2394327,1789366017,2026-09-14T06:06:57Z,NASDAQ:TER
10.20245633096405,25.5695254970762,30.09709786120456,9.780566075920104,376.329,53.10315897556691,2.574353710256903,379.72,2394327,1789366202,2026-09-14T06:10:02Z,NASDAQ:TER
10.20245633096405,25.5695254970762,30.09709786120456,9.780566075920104,376.329,53.10315897556691,2.574353710256903,379.72,2394327,1789366381,2026-09-14T06:13:01Z,NASDAQ:TER
10.20245633096405,25.5695254970762,30.09709786120456,9.780566075920104,376.329,53.10315897556691,2.574353710256903,379.72,2394327,1789366558,2026-09-14T06:15:58Z,NASDAQ:TER
10.20245633096405,25.5695254970762,30.09709786120456,9.780566075920104,376.329,53.10315897556691,2.574353710256903,379.72,2394327,1789366736,2026-09-14T06:18:56Z,NASDAQ:TER
10.20245633096405,25.5695254970762,30.09709786120456,9.780566075920104,376.329,53.10315897556691,2.574353710256903,379.72,2394327,1789366919,2026-09-14T06:21:59Z,NASDAQ:TER
10.20245633096405,25.5695254970762,30.09709786120456,9.780566075920104,376.329,53.10315897556691,2.574353710256903,379.72,2394327,1789367096,2026-09-14T06:24:56Z,NASDAQ:TER
10.20245633096405,25.5695254970762,30.09709786120456,9.780566075920104,376.329,53.10315897556691,2.574353710256903,379.72,2394327,1789367278,2026-09-14T06:27:58Z,NASDAQ:TER
10.20245633096405,25.5695254970762,30.09709786120456,9.780566075920104,376.329,53.10315897556691,2.574353710256903,379.72,2394327,1789367458,2026-09-14T06:30:58Z,NASDAQ:TER
10.20245633096405,25.5695254970762,30.09709786120456,9.780566075920104,376.329,53.10315897556691,2.574353710256903,379.72,2394327,1789367644,2026-09-14T06:34:04Z,NASDAQ:TER
10.20245633096405,25.5695254970762,30.09709786120456,9.780566075920104,376.329,53.10315897556691,2.574353710256903,379.72,2394327,1789367820,2026-09-14T06:37:00Z,NASDAQ:TER
10.20245633096405,25.5695254970762,30.09709786120456,9.780566075920104,376.329,53.10315897556691,2.574353710256903,379.72,2394327,1789367999,2026-09-14T06:39:59Z,NASDAQ:TER
10.20245633096405,25.5695254970762,30.09709786120456,9.780566075920104,376.329,53.10315897556691,2.574353710256903,379.72,2394327,1789368183,2026-09-14T06:43:03Z,NASDAQ:TER
10.20245633096405,25.5695254970762,30.09709786120456,9.780566075920104,376.329,53.10315897556691,2.574353710256903,379.72,2394327,1789368361,2026-09-14T06:46:01Z,NASDAQ:TER
10.20245633096405,25.5695254970762,30.09709786120456,9.780566075920104,376.329,53.10315897556691,2.574353710256903,379.72,2394327,1789368537,2026-09-14T06:48:57Z,NASDAQ:TER
10.20245633096405,25.5695254970762,30.09709786120456,9.780566075920104,376.329,53.10315897556691,2.574353710256903,379.72,2394327,1789368721,2026-09-14T06:52:01Z,NASDAQ:TER
10.20245633096405,25.5695254970762,30.09709786120456,9.780566075920104,376.329,53.10315897556691,2.574353710256903,379.72,2394327,1789368900,2026-09-14T06:55:00Z,NASDAQ:TER
10.20245633096405,25.5695254970762,30.09709786120456,9.780566075920104,376.329,53.10315897556691,2.574353710256903,379.72,2394327,1789369084,2026-09-14T06:58:04Z,NASDAQ:TER
10.20245633096405,25.5695254970762,30.09709786120456,9.780566075920104,376.329,53.10315897556691,2.574353710256903,379.72,2394327,1789369259,2026-09-14T07:00:59Z,NASDAQ:TER
10.20245633096405,25.5695254970762,30.09709786120456,9.780566075920104,376.329,53.10315897556691,2.574353710256903,379.72,2394327,1789369438,2026-09-14T07:03:58Z,NASDAQ:TER
10.20245633096405,25.5695254970762,30.09709786120456,9.780566075920104,376.329,53.10315897556691,2.574353710256903,379.72,2394327,1789369621,2026-09-14T07:07:01Z,NASDAQ:TER
10.20245633096405,25.5695254970762,30.09709786120456,9.780566075920104,376.329,53.10315897556691,2.574353710256903,379.72,2394327,1789369802,2026-09-14T07:10:02Z,NASDAQ:TER
10.20245633096405,25.5695254970762,30.09709786120456,9.780566075920104,376.329,53.10315897556691,2.574353710256903,379.72,2394327,1789369979,2026-09-14T07:12:59Z,NASDAQ:TER
10.20245633096405,25.5695254970762,30.09709786120456,9.780566075920104,376.329,53.10315897556691,2.574353710256903,379.72,2394327,1789370161,2026-09-14T07:16:01Z,NASDAQ:TER
10.20245633096405,25.5695254970762,30.09709786120456,9.780566075920104,376.329,53.10315897556691,2.574353710256903,379.72,2394327,1789370339,2026-09-14T07:18:59Z,NASDAQ:TER
10.20245633096405,25.5695254970762,30.09709786120456,9.780566075920104,376.329,53.10315897556691,2.574353710256903,379.72,2394327,1789370520,2026-09-14T07:22:00Z,NASDAQ:TER
10.20245633096405,25.5695254970762,30.09709786120456,9.780566075920104,376.329,53.10315897556691,2.574353710256903,379.72,2394327,1789370699,2026-09-14T07:24:59Z,NASDAQ:TER
10.20245633096405,25.5695254970762,30.09709786120456,9.780566075920104,376.329,53.10315897556691,2.574353710256903,379.72,2394327,1789370880,2026-09-14T07:28:00Z,NASDAQ:TER
10.20245633096405,25.5695254970762,30.09709786120456,9.780566075920104,376.329,53.10315897556691,2.574353710256903,379.72,2394327,1789371058,2026-09-14T07:30:58Z,NASDAQ:TER
10.20245633096405,25.5695254970762,30.09709786120456,9.780566075920104,376.329,53.10315897556691,2.574353710256903,379.72,2394327,1789371243,2026-09-14T07:34:03Z,NASDAQ:TER
10.20245633096405,25.5695254970762,30.09709786120456,9.780566075920104,376.329,53.10315897556691,2.574353710256903,379.72,2394327,1789371421,2026-09-14T07:37:01Z,NASDAQ:TER
10.20245633096405,25.5695254970762,30.09709786120456,9.780566075920104,376.329,53.10315897556691,2.574353710256903,379.72,2394327,1789371597,2026-09-14T07:39:57Z,NASDAQ:TER
10.20245633096405,25.5695254970762,30.09709786120456,9.780566075920104,376.329,53.10315897556691,2.574353710256903,379.72,2394327,1789371778,2026-09-14T07:42:58Z,NASDAQ:TER
10.20245633096405,25.5695254970762,30.09709786120456,9.780566075920104,376.329,53.10315897556691,2.574353710256903,379.72,2394327,1789371962,2026-09-14T07:46:02Z,NASDAQ:TER
10.20245633096405,25.5695254970762,30.09709786120456,9.780566075920104,376.329,53.10315897556691,2.574353710256903,379.72,2394327,1789372141,2026-09-14T07:49:01Z,NASDAQ:TER
10.20245633096405,25.5695254970762,30.09709786120456,9.780566075920104,376.329,53.10315897556691,2.574353710256903,379.72,2394327,1789372320,2026-09-14T07:52:00Z,NASDAQ:TER
10.20245633096405,25.5695254970762,30.09709786120456,9.780566075920104,376.329,53.10315897556691,2.574353710256903,379.72,2394327,1789372501,2026-09-14T07:55:01Z,NASDAQ:TER
10.20245633096405,25.5695254970762,30.09709786120456,9.780566075920104,376.329,53.10315897556691,2.574353710256903,379.72,2394327,1789372679,2026-09-14T07:57:59Z,NASDAQ:TER
10.20245633096405,25.5695254970762,30.09709786120456,9.780566075920104,376.329,53.10315897556691,2.574353710256903,379.72,2394327,1789372862,2026-09-14T08:01:02Z,NASDAQ:TER
10.20245633096405,25.5695254970762,30.09709786120456,9.780566075920104,376.329,53.10315897556691,2.574353710256903,379.72,2394327,1789373043,2026-09-14T08:04:03Z,NASDAQ:TER
10.20245633096405,25.5695254970762,30.09709786120456,9.780566075920104,376.329,53.10315897556691,2.574353710256903,379.72,2394327,1789373223,2026-09-14T08:07:03Z,NASDAQ:TER
10.20245633096405,25.5695254970762,30.09709786120456,9.780566075920104,376.329,53.10315897556691,2.574353710256903,379.72,2394327,1789373401,2026-09-14T08:10:01Z,NASDAQ:TER
10.20245633096405,25.5695254970762,30.09709786120456,9.780566075920104,376.329,53.10315897556691,2.574353710256903,379.72,2394327,1789373583,2026-09-14T08:13:03Z,NASDAQ:TER
10.20245633096405,25.5695254970762,30.09709786120456,9.780566075920104,376.329,53.10315897556691,2.574353710256903,379.72,2394327,1789373760,2026-09-14T08:16:00Z,NASDAQ:TER
10.20245633096405,25.5695254970762,30.09709786120456,9.780566075920104,376.329,53.10315897556691,2.574353710256903,379.72,2394327,1789373942,2026-09-14T08:19:02Z,NASDAQ:TER
10.20245633096405,25.5695254970762,30.09709786120456,9.780566075920104,376.329,53.10315897556691,2.574353710256903,379.72,2394327,1789374120,2026-09-14T08:22:00Z,NASDAQ:TER
10.20245633096405,25.5695254970762,30.09709786120456,9.780566075920104,376.329,53.10315897556691,2.574353710256903,379.72,2394327,1789374303,2026-09-14T08:25:03Z,NASDAQ:TER
10.20245633096405,25.5695254970762,30.09709786120456,9.780566075920104,376.329,53.10315897556691,2.574353710256903,379.72,2394327,1789374477,2026-09-14T08:27:57Z,NASDAQ:TER
10.20245633096405,25.5695254970762,30.09709786120456,9.780566075920104,376.329,53.10315897556691,2.574353710256903,379.72,2394327,1789374659,2026-09-14T08:30:59Z,NASDAQ:TER
10.20245633096405,25.5695254970762,30.09709786120456,9.780566075920104,376.329,53.10315897556691,2.574353710256903,379.72,2394327,1789374842,2026-09-14T08:34:02Z,NASDAQ:TER
10.20245633096405,25.5695254970762,30.09709786120456,9.780566075920104,376.329,53.10315897556691,2.574353710256903,379.72,2394327,1789375021,2026-09-14T08:37:01Z,NASDAQ:TER
10.20245633096405,25.5695254970762,30.09709786120456,9.780566075920104,376.329,53.10315897556691,2.574353710256903,379.72,2394327,1789375201,2026-09-14T08:40:01Z,NASDAQ:TER
10.20245633096405,25.5695254970762,30.09709786120456,9.780566075920104,376.329,53.10315897556691,2.574353710256903,379.72,2394327,1789375379,2026-09-14T08:42:59Z,NASDAQ:TER
10.20245633096405,25.5695254970762,30.09709786120456,9.780566075920104,376.329,53.10315897556691,2.574353710256903,379.72,2394327,1789375559,2026-09-14T08:45:59Z,NASDAQ:TER
10.20245633096405,25.5695254970762,30.09709786120456,9.780566075920104,376.329,53.10315897556691,2.574353710256903,379.72,2394327,1789375740,2026-09-14T08:49:00Z,NASDAQ:TER
10.20245633096405,25.5695254970762,30.09709786120456,9.780566075920104,376.329,53.10315897556691,2.574353710256903,379.72,2394327,1789375922,2026-09-14T08:52:02Z,NASDAQ:TER
10.20245633096405,25.5695254970762,30.09709786120456,9.780566075920104,376.329,53.10315897556691,2.574353710256903,379.72,2394327,1789376102,2026-09-14T08:55:02Z,NASDAQ:TER
10.20245633096405,25.5695254970762,30.09709786120456,9.780566075920104,376.329,53.10315897556691,2.574353710256903,379.72,2394327,1789376282,2026-09-14T08:58:02Z,NASDAQ:TER
10.20245633096405,25.5695254970762,30.09709786120456,9.780566075920104,376.329,53.10315897556691,2.574353710256903,379.72,2394327,1789376457,2026-09-14T09:00:57Z,NASDAQ:TER
10.20245633096405,25.5695254970762,30.09709786120456,9.780566075920104,376.329,53.10315897556691,2.574353710256903,379.72,2394327,1789376641,2026-09-14T09:04:01Z,NASDAQ:TER
10.20245633096405,25.5695254970762,30.09709786120456,9.780566075920104,376.329,53.10315897556691,2.574353710256903,379.72,2394327,1789376821,2026-09-14T09:07:01Z,NASDAQ:TER
10.20245633096405,25.5695254970762,30.09709786120456,9.780566075920104,376.329,53.10315897556691,2.574353710256903,379.72,2394327,1789376997,2026-09-14T09:09:57Z,NASDAQ:TER
10.20245633096405,25.5695254970762,30.09709786120456,9.780566075920104,376.329,53.10315897556691,2.574353710256903,379.72,2394327,1789377182,2026-09-14T09:13:02Z,NASDAQ:TER
10.20245633096405,25.5695254970762,30.09709786120456,9.780566075920104,376.329,53.10315897556691,2.574353710256903,379.72,2394327,1789377361,2026-09-14T09:16:01Z,NASDAQ:TER
10.20245633096405,25.5695254970762,30.09709786120456,9.780566075920104,376.329,53.10315897556691,2.574353710256903,379.72,2394327,1789377539,2026-09-14T09:18:59Z,NASDAQ:TER
10.20245633096405,25.5695254970762,30.09709786120456,9.780566075920104,376.329,53.10315897556691,2.574353710256903,379.72,2394327,1789377718,2026-09-14T09:21:58Z,NASDAQ:TER
10.20245633096405,25.5695254970762,30.09709786120456,9.780566075920104,376.329,53.10315897556691,2.574353710256903,379.72,2394327,1789377901,2026-09-14T09:25:01Z,NASDAQ:TER
10.20245633096405,25.5695254970762,30.09709786120456,9.780566075920104,376.329,53.10315897556691,2.574353710256903,379.72,2394327,1789378081,2026-09-14T09:28:01Z,NASDAQ:TER
10.20245633096405,25.5695254970762,30.09709786120456,9.780566075920104,376.329,53.10315897556691,2.574353710256903,379.72,2394327,1789378259,2026-09-14T09:30:59Z,NASDAQ:TER
10.20245633096405,25.5695254970762,30.09709786120456,9.780566075920104,376.329,53.10315897556691,2.574353710256903,379.72,2394327,1789378440,2026-09-14T09:34:00Z,NASDAQ:TER
10.20245633096405,25.5695254970762,30.09709786120456,9.780566075920104,376.329,53.10315897556691,2.574353710256903,379.72,2394327,1789378621,2026-09-14T09:37:01Z,NASDAQ:TER
10.20245633096405,25.5695254970762,30.09709786120456,9.780566075920104,376.329,53.10315897556691,2.574353710256903,379.72,2394327,1789378799,2026-09-14T09:39:59Z,NASDAQ:TER
10.20245633096405,25.5695254970762,30.09709786120456,9.780566075920104,376.329,53.10315897556691,2.574353710256903,379.72,2394327,1789378980,2026-09-14T09:43:00Z,NASDAQ:TER
10.20245633096405,25.5695254970762,30.09709786120456,9.780566075920104,376.329,53.10315897556691,2.574353710256903,379.72,2394327,1789379158,2026-09-14T09:45:58Z,NASDAQ:TER
10.20245633096405,25.5695254970762,30.09709786120456,9.780566075920104,376.329,53.10315897556691,2.574353710256903,379.72,2394327,1789379340,2026-09-14T09:49:00Z,NASDAQ:TER
10.20245633096405,25.5695254970762,30.09709786120456,9.780566075920104,376.329,53.10315897556691,2.574353710256903,379.72,2394327,1789379520,2026-09-14T09:52:00Z,NASDAQ:TER
10.20245633096405,25.5695254970762,30.09709786120456,9.780566075920104,376.329,53.10315897556691,2.574353710256903,379.72,2394327,1789379700,2026-09-14T09:55:00Z,NASDAQ:TER
10.20245633096405,25.5695254970762,30.09709786120456,9.780566075920104,376.329,53.10315897556691,2.574353710256903,379.72,2394327,1789379880,2026-09-14T09:58:00Z,NASDAQ:TER
10.20245633096405,25.5695254970762,30.09709786120456,9.780566075920104,376.329,53.10315897556691,2.574353710256903,379.72,2394327,1789380061,2026-09-14T10:01:01Z,NASDAQ:TER
10.20245633096405,25.5695254970762,30.09709786120456,9.780566075920104,376.329,53.10315897556691,2.574353710256903,379.72,2394327,1789380239,2026-09-14T10:03:59Z,NASDAQ:TER
10.20245633096405,25.5695254970762,30.09709786120456,9.780566075920104,376.329,53.10315897556691,2.574353710256903,379.72,2394327,1789380418,2026-09-14T10:06:58Z,NASDAQ:TER
10.20245633096405,25.5695254970762,30.09709786120456,9.780566075920104,376.329,53.10315897556691,2.574353710256903,379.72,2394327,1789380600,2026-09-14T10:10:00Z,NASDAQ:TER
10.20245633096405,25.5695254970762,30.09709786120456,9.780566075920104,376.329,53.10315897556691,2.574353710256903,379.72,2394327,1789380780,2026-09-14T10:13:00Z,NASDAQ:TER
10.20245633096405,25.5695254970762,30.09709786120456,9.780566075920104,376.329,53.10315897556691,2.574353710256903,379.72,2394327,1789380959,2026-09-14T10:15:59Z,NASDAQ:TER
10.20245633096405,25.5695254970762,30.09709786120456,9.780566075920104,376.329,53.10315897556691,2.574353710256903,379.72,2394327,1789381144,2026-09-14T10:19:04Z,NASDAQ:TER
10.20245633096405,25.5695254970762,30.09709786120456,9.780566075920104,376.329,53.10315897556691,2.574353710256903,379.72,2394327,1789381319,2026-09-14T10:21:59Z,NASDAQ:TER
10.20245633096405,25.5695254970762,30.09709786120456,9.780566075920104,376.329,53.10315897556691,2.574353710256903,379.72,2394327,1789381497,2026-09-14T10:24:57Z,NASDAQ:TER
10.20245633096405,25.5695254970762,30.09709786120456,9.780566075920104,376.329,53.10315897556691,2.574353710256903,379.72,2394327,1789381682,2026-09-14T10:28:02Z,NASDAQ:TER
10.20245633096405,25.5695254970762,30.09709786120456,9.780566075920104,376.329,53.10315897556691,2.574353710256903,379.72,2394327,1789381856,2026-09-14T10:30:56Z,NASDAQ:TER
10.20245633096405,25.5695254970762,30.09709786120456,9.780566075920104,376.329,53.10315897556691,2.574353710256903,379.72,2394327,1789382043,2026-09-14T10:34:03Z,NASDAQ:TER
10.20245633096405,25.5695254970762,30.09709786120456,9.780566075920104,376.329,53.10315897556691,2.574353710256903,379.72,2394327,1789382218,2026-09-14T10:36:58Z,NASDAQ:TER
10.20245633096405,25.5695254970762,30.09709786120456,9.780566075920104,376.329,53.10315897556691,2.574353710256903,379.72,2394327,1789382401,2026-09-14T10:40:01Z,NASDAQ:TER
10.20245633096405,25.5695254970762,30.09709786120456,9.780566075920104,376.329,53.10315897556691,2.574353710256903,379.72,2394327,1789382575,2026-09-14T10:42:55Z,NASDAQ:TER
10.20245633096405,25.5695254970762,30.09709786120456,9.780566075920104,376.329,53.10315897556691,2.574353710256903,379.72,2394327,1789382760,2026-09-14T10:46:00Z,NASDAQ:TER
10.20245633096405,25.5695254970762,30.09709786120456,9.780566075920104,376.329,53.10315897556691,2.574353710256903,379.72,2394327,1789382936,2026-09-14T10:48:56Z,NASDAQ:TER
10.20245633096405,25.5695254970762,30.09709786120456,9.780566075920104,376.329,53.10315897556691,2.574353710256903,379.72,2394327,1789383118,2026-09-14T10:51:58Z,NASDAQ:TER
10.20245633096405,25.5695254970762,30.09709786120456,9.780566075920104,376.329,53.10315897556691,2.574353710256903,379.72,2394327,1789383297,2026-09-14T10:54:57Z,NASDAQ:TER
10.20245633096405,25.5695254970762,30.09709786120456,9.780566075920104,376.329,53.10315897556691,2.574353710256903,379.72,2394327,1789383481,2026-09-14T10:58:01Z,NASDAQ:TER
10.20245633096405,25.5695254970762,30.09709786120456,9.780566075920104,376.329,53.10315897556691,2.574353710256903,379.72,2394327,1789383659,2026-09-14T11:00:59Z,NASDAQ:TER
10.20245633096405,25.5695254970762,30.09709786120456,9.780566075920104,376.329,53.10315897556691,2.574353710256903,379.72,2394327,1789383839,2026-09-14T11:03:59Z,NASDAQ:TER
10.20245633096405,25.5695254970762,30.09709786120456,9.780566075920104,376.329,53.10315897556691,2.574353710256903,379.72,2394327,1789384019,2026-09-14T11:06:59Z,NASDAQ:TER
10.20245633096405,25.5695254970762,30.09709786120456,9.780566075920104,376.329,53.10315897556691,2.574353710256903,379.72,2394327,1789384204,2026-09-14T11:10:04Z,NASDAQ:TER
10.20245633096405,25.5695254970762,30.09709786120456,9.780566075920104,376.329,53.10315897556691,2.574353710256903,379.72,2394327,1789384383,2026-09-14T11:13:03Z,NASDAQ:TER
10.20245633096405,25.5695254970762,30.09709786120456,9.780566075920104,376.329,53.10315897556691,2.574353710256903,379.72,2394327,1789384561,2026-09-14T11:16:01Z,NASDAQ:TER
10.20245633096405,25.5695254970762,30.09709786120456,9.780566075920104,376.329,53.10315897556691,2.574353710256903,379.72,2394327,1789384743,2026-09-14T11:19:03Z,NASDAQ:TER
10.20245633096405,25.5695254970762,30.09709786120456,9.780566075920104,376.329,53.10315897556691,2.574353710256903,379.72,2394327,1789384917,2026-09-14T11:21:57Z,NASDAQ:TER
10.20245633096405,25.5695254970762,30.09709786120456,9.780566075920104,376.329,53.10315897556691,2.574353710256903,379.72,2394327,1789385098,2026-09-14T11:24:58Z,NASDAQ:TER
10.20245633096405,25.5695254970762,30.09709786120456,9.780566075920104,376.329,53.10315897556691,2.574353710256903,379.72,2394327,1789385280,2026-09-14T11:28:00Z,NASDAQ:TER
10.20245633096405,25.5695254970762,30.09709786120456,9.780566075920104,376.329,53.10315897556691,2.574353710256903,379.72,2394327,1789385460,2026-09-14T11:31:00Z,NASDAQ:TER
10.20245633096405,25.5695254970762,30.09709786120456,9.780566075920104,376.329,53.10315897556691,2.574353710256903,379.72,2394327,1789385638,2026-09-14T11:33:58Z,NASDAQ:TER
10.20245633096405,25.5695254970762,30.09709786120456,9.780566075920104,376.329,53.10315897556691,2.574353710256903,379.72,2394327,1789385823,2026-09-14T11:37:03Z,NASDAQ:TER
10.20245633096405,25.5695254970762,30.09709786120456,9.780566075920104,376.329,53.10315897556691,2.574353710256903,379.72,2394327,1789385998,2026-09-14T11:39:58Z,NASDAQ:TER
10.20245633096405,25.5695254970762,30.09709786120456,9.780566075920104,376.329,53.10315897556691,2.574353710256903,379.72,2394327,1789386177,2026-09-14T11:42:57Z,NASDAQ:TER
10.20245633096405,25.5695254970762,30.09709786120456,9.780566075920104,376.329,53.10315897556691,2.574353710256903,379.72,2394327,1789386359,2026-09-14T11:45:59Z,NASDAQ:TER
10.20245633096405,25.5695254970762,30.09709786120456,9.780566075920104,376.329,53.10315897556691,2.574353710256903,379.72,2394327,1789386542,2026-09-14T11:49:02Z,NASDAQ:TER
10.20245633096405,25.5695254970762,30.09709786120456,9.780566075920104,376.329,53.10315897556691,2.574353710256903,379.72,2394327,1789386720,2026-09-14T11:52:00Z,NASDAQ:TER
10.20245633096405,25.5695254970762,30.09709786120456,9.780566075920104,376.329,53.10315897556691,2.574353710256903,379.72,2394327,1789386900,2026-09-14T11:55:00Z,NASDAQ:TER
10.20245633096405,25.5695254970762,30.09709786120456,9.780566075920104,376.329,53.10315897556691,2.574353710256903,379.72,2394327,1789387081,2026-09-14T11:58:01Z,NASDAQ:TER
10.20245633096405,25.5695254970762,30.09709786120456,9.780566075920104,376.329,53.10315897556691,2.574353710256903,379.72,2394327,1789387259,2026-09-14T12:00:59Z,NASDAQ:TER
10.20245633096405,25.5695254970762,30.09709786120456,9.780566075920104,376.329,53.10315897556691,2.574353710256903,379.72,2394327,1789387439,2026-09-14T12:03:59Z,NASDAQ:TER
10.20245633096405,25.5695254970762,30.09709786120456,9.780566075920104,376.329,53.10315897556691,2.574353710256903,379.72,2394327,1789387620,2026-09-14T12:07:00Z,NASDAQ:TER
10.20245633096405,25.5695254970762,30.09709786120456,9.780566075920104,376.329,53.10315897556691,2.574353710256903,379.72,2394327,1789387800,2026-09-14T12:10:00Z,NASDAQ:TER
10.20245633096405,25.5695254970762,30.09709786120456,9.780566075920104,376.329,53.10315897556691,2.574353710256903,379.72,2394327,1789387984,2026-09-14T12:13:04Z,NASDAQ:TER
10.20245633096405,25.5695254970762,30.09709786120456,9.780566075920104,376.329,53.10315897556691,2.574353710256903,379.72,2394327,1789388163,2026-09-14T12:16:03Z,NASDAQ:TER
10.20245633096405,25.5695254970762,30.09709786120456,9.780566075920104,376.329,53.10315897556691,2.574353710256903,379.72,2394327,1789388341,2026-09-14T12:19:01Z,NASDAQ:TER
10.20245633096405,25.5695254970762,30.09709786120456,9.780566075920104,376.329,53.10315897556691,2.574353710256903,379.72,2394327,1789388521,2026-09-14T12:22:01Z,NASDAQ:TER
10.20245633096405,25.5695254970762,30.09709786120456,9.780566075920104,376.329,53.10315897556691,2.574353710256903,379.72,2394327,1789388698,2026-09-14T12:24:58Z,NASDAQ:TER
10.20245633096405,25.5695254970762,30.09709786120456,9.780566075920104,376.329,53.10315897556691,2.574353710256903,379.72,2394327,1789388883,2026-09-14T12:28:03Z,NASDAQ:TER
10.20245633096405,25.5695254970762,30.09709786120456,9.780566075920104,376.329,53.10315897556691,2.574353710256903,379.72,2394327,1789389057,2026-09-14T12:30:57Z,NASDAQ:TER
10.20245633096405,25.5695254970762,30.09709786120456,9.780566075920104,376.329,53.10315897556691,2.574353710256903,379.72,2394327,1789389243,2026-09-14T12:34:03Z,NASDAQ:TER
10.20245633096405,25.5695254970762,30.09709786120456,9.780566075920104,376.329,53.10315897556691,2.574353710256903,379.72,2394327,1789389424,2026-09-14T12:37:04Z,NASDAQ:TER
10.20245633096405,25.5695254970762,30.09709786120456,9.780566075920104,376.329,53.10315897556691,2.574353710256903,379.72,2394327,1789389603,2026-09-14T12:40:03Z,NASDAQ:TER
10.20245633096405,25.5695254970762,30.09709786120456,9.780566075920104,376.329,53.10315897556691,2.574353710256903,379.72,2394327,1789389781,2026-09-14T12:43:01Z,NASDAQ:TER
10.20245633096405,25.5695254970762,30.09709786120456,9.780566075920104,376.329,53.10315897556691,2.574353710256903,379.72,2394327,1789389963,2026-09-14T12:46:03Z,NASDAQ:TER
10.20245633096405,25.5695254970762,30.09709786120456,9.780566075920104,376.329,53.10315897556691,2.574353710256903,379.72,2394327,1789390139,2026-09-14T12:48:59Z,NASDAQ:TER
10.20245633096405,25.5695254970762,30.09709786120456,9.780566075920104,376.329,53.10315897556691,2.574353710256903,379.72,2394327,1789390323,2026-09-14T12:52:03Z,NASDAQ:TER
10.20245633096405,25.5695254970762,30.09709786120456,9.780566075920104,376.329,53.10315897556691,2.574353710256903,379.72,2394327,1789390500,2026-09-14T12:55:00Z,NASDAQ:TER
10.20245633096405,25.5695254970762,30.09709786120456,9.780566075920104,376.329,53.10315897556691,2.574353710256903,379.72,2394327,1789390684,2026-09-14T12:58:04Z,NASDAQ:TER
10.20245633096405,25.5695254970762,30.09709786120456,9.780566075920104,376.329,53.10315897556691,2.574353710256903,379.72,2394327,1789390859,2026-09-14T13:00:59Z,NASDAQ:TER
10.20245633096405,25.5695254970762,30.09709786120456,9.780566075920104,376.329,53.10315897556691,2.574353710256903,379.72,2394327,1789391043,2026-09-14T13:04:03Z,NASDAQ:TER
10.20245633096405,25.5695254970762,30.09709786120456,9.780566075920104,376.329,53.10315897556691,2.574353710256903,379.72,2394327,1789391222,2026-09-14T13:07:02Z,NASDAQ:TER
10.20245633096405,25.5695254970762,30.09709786120456,9.780566075920104,376.329,53.10315897556691,2.574353710256903,379.72,2394327,1789391398,2026-09-14T13:09:58Z,NASDAQ:TER
10.20245633096405,25.5695254970762,30.09709786120456,9.780566075920104,376.329,53.10315897556691,2.574353710256903,379.72,2394327,1789391582,2026-09-14T13:13:02Z,NASDAQ:TER
10.20245633096405,25.5695254970762,30.09709786120456,9.780566075920104,376.329,53.10315897556691,2.574353710256903,379.72,2394327,1789391761,2026-09-14T13:16:01Z,NASDAQ:TER
10.20245633096405,25.5695254970762,30.09709786120456,9.780566075920104,376.329,53.10315897556691,2.574353710256903,379.72,2394327,1789391946,2026-09-14T13:19:06Z,NASDAQ:TER
10.20245633096405,25.5695254970762,30.09709786120456,9.780566075920104,376.329,53.10315897556691,2.574353710256903,379.72,2394327,1789392123,2026-09-14T13:22:03Z,NASDAQ:TER
10.20245633096405,25.5695254970762,30.09709786120456,9.780566075920104,376.329,53.10315897556691,2.574353710256903,379.72,2394327,1789392302,2026-09-14T13:25:02Z,NASDAQ:TER
10.20245633096405,25.5695254970762,30.09709786120456,9.780566075920104,376.329,53.10315897556691,2.574353710256903,379.72,2394327,1789392482,2026-09-14T13:28:02Z,NASDAQ:TER
10.20245633096405,25.5695254970762,30.09709786120456,9.780566075920104,376.329,53.10315897556691,2.574353710256903,379.72,2394327,1789392663,2026-09-14T13:31:03Z,NASDAQ:TER
10.20245633096405,25.5695254970762,30.09709786120456,9.780566075920104,376.329,53.10315897556691,2.574353710256903,379.72,2394327,1789392843,2026-09-14T13:34:03Z,NASDAQ:TER
10.20245633096405,25.5695254970762,30.09709786120456,9.780566075920104,376.329,53.10315897556691,2.574353710256903,379.72,2394327,1789393021,2026-09-14T13:37:01Z,NASDAQ:TER
10.20245633096405,25.5695254970762,30.09709786120456,9.780566075920104,376.329,53.10315897556691,2.574353710256903,379.72,2394327,1789393201,2026-09-14T13:40:01Z,NASDAQ:TER
10.20245633096405,25.5695254970762,30.09709786120456,9.780566075920104,376.329,53.10315897556691,2.574353710256903,379.72,2394327,1789393383,2026-09-14T13:43:03Z,NASDAQ:TER
9.8056359024719,-33.990406716791824,-83.71681789686716,0.1937032004394506,376.329,44.270829828634376,-8.548404087222172,347.26,85391,1789393565,2026-09-14T13:46:05Z,NASDAQ:TER
9.912911304003698,-35.66897814536327,-87.98280509206035,-0.2630894214923728,376.329,43.759601887683104,-9.148846518487307,344.98,135209,1789393742,2026-09-14T13:49:02Z,NASDAQ:TER
9.968674000440046,-36.41612100250615,-92.68065359700716,-1.024892306802729,376.329,43.18328889899616,-9.842778889708203,342.345,210735,1789393925,2026-09-14T13:52:05Z,NASDAQ:TER
9.968674000440046,-36.75754957393468,-91.32726181525372,-0.6794067478099876,376.329,43.4427604480492,-9.528073317181082,343.54,259819,1789394106,2026-09-14T13:55:06Z,NASDAQ:TER
9.968674000440046,-36.64897814536329,-91.75800409075636,-0.7892682644771347,376.329,43.359913192884925,-9.628147055725272,343.16,305354,1789394284,2026-09-14T13:58:04Z,NASDAQ:TER
9.968674000440046,-37.80612100250613,-87.14910608771706,0.3816242157911455,376.329,44.25949061889597,-8.561571684399043,347.21,356735,1789394464,2026-09-14T14:01:04Z,NASDAQ:TER
9.968674000440046,-37.90897814536328,-86.73748543831428,0.4857035473705533,376.329,44.341262818423175,-8.466764984725597,347.57,394360,1789394640,2026-09-14T14:04:00Z,NASDAQ:TER
9.968674000440046,-37.03612100250615,-90.2204643574951,-0.8181791899158647,376.329,43.65678445161988,-9.654482250079012,343.06,422926,1789394818,2026-09-14T14:06:58Z,NASDAQ:TER
9.991086383109378,-36.61040671679183,-95.01123329354064,-1.4455462719361647,376.329,42.8715174973976,-10.22595596755505,340.89,473476,1789395002,2026-09-14T14:10:02Z,NASDAQ:TER
10.041597008798174,-38.437549573934746,-94.85355214286436,-1.0032091127236895,376.329,43.199482529806495,-9.823027493942908,342.42,505656,1789395185,2026-09-14T14:13:05Z,NASDAQ:TER
10.041597008798174,-38.59469243107759,-94.2336345487562,-0.8441990228107084,376.329,43.31860794744277,-9.678183924997366,342.97,558448,1789395362,2026-09-14T14:16:02Z,NASDAQ:TER
10.041597008798174,-38.271835288220416,-95.50649639644566,-1.1708924802682967,376.329,43.07456707616328,-9.975771621194578,341.84,592839,1789395545,2026-09-14T14:19:05Z,NASDAQ:TER
10.041597008798174,-38.97754957393471,-92.72024060512656,-0.4567926219318234,376.329,43.54896072698798,-9.325292320657333,344.31,638950,1789395723,2026-09-14T14:22:03Z,NASDAQ:TER
10.041597008798174,-39.19469243107761,-91.85997073752914,-0.237069588597529,376.329,43.77955800068157,-9.125144843568954,345.07,662410,1789395906,2026-09-14T14:25:06Z,NASDAQ:TER
10.041597008798174,-39.388978145363296,-91.08906977594442,-0.0404752956142086,376.329,43.93092784746437,-8.94606552196356,345.75,695256,1789396081,2026-09-14T14:28:01Z,NASDAQ:TER
10.041597008798174,-39.15612100250616,-92.01288392203163,-0.2760993379398028,376.329,43.74963065210186,-9.160697355946493,344.935,729203,1789396266,2026-09-14T14:31:06Z,NASDAQ:TER
10.041597008798174,-38.53183528822041,-94.48168885164972,-0.9078030587759076,376.329,43.27087902817006,-9.736121352575587,342.75,759471,1789396440,2026-09-14T14:34:00Z,NASDAQ:TER
10.041597008798174,-38.388978145363296,-95.0450159891118,-1.052357685969524,376.329,43.16279438686143,-9.86779732434426,342.25,787394,1789396622,2026-09-14T14:37:02Z,NASDAQ:TER
10.041597008798174,-38.6604067167919,-93.97418053967196,-0.777703894301656,376.329,43.3686190733377,-9.617612977983788,343.2,819277,1789396800,2026-09-14T14:40:00Z,NASDAQ:TER
10.041597008798174,-38.71183528822047,-93.77104073487727,-0.7256642285119521,376.329,43.32729724745269,-9.570209628147063,343.38,849846,1789396979,2026-09-14T14:42:59Z,NASDAQ:TER
10.041597008798174,-38.67754957393476,-93.90647594151966,-0.7603573390384213,376.329,43.38168445092468,-9.601811861371544,343.26,902024,1789397163,2026-09-14T14:46:03Z,NASDAQ:TER
10.041597008798174,-38.1806924310776,-95.86527189061206,-1.2631183324178124,376.329,43.00617101500793,-10.059780891182978,341.521,914728,1789397336,2026-09-14T14:48:56Z,NASDAQ:TER
10.041597008798174,-38.011835288220425,-96.52931873771637,-1.4339819017606694,376.329,42.88002834122583,-10.215421889813552,340.93,952240,1789397522,2026-09-14T14:52:02Z,NASDAQ:TER
10.05993709641774,-38.03326385964903,-99.01626245167844,-1.928358726762832,376.329,42.51917995768568,-10.665753713262404,339.22,971193,1789397702,2026-09-14T14:55:02Z,NASDAQ:TER
10.05993709641774,-38.05612100250613,-98.92684652506556,-1.9052299864118576,376.329,42.53592628099901,-10.64468555777942,339.3,996159,1789397879,2026-09-14T14:57:59Z,NASDAQ:TER
10.05993709641774,-38.45612100250611,-97.3596048113818,-1.5004770302697383,376.329,42.83113708299956,-10.275992836827143,340.7,1017912,1789398062,2026-09-14T15:01:02Z,NASDAQ:TER
10.067459192721005,-38.12040671679193,-99.73104334128728,-2.052675706149344,376.329,42.42939390607612,-10.778995048983464,338.79,1038970,1789398239,2026-09-14T15:03:59Z,NASDAQ:TER
10.112584689555929,-39.250406716791815,-101.69169415014672,-2.1943392407990907,376.329,42.32754071167441,-10.908037501316764,338.3,1062922,1789398419,2026-09-14T15:06:59Z,NASDAQ:TER
10.161614164751285,-40.11612100250608,-105.3151539530436,-2.734973546503218,376.329,41.9432889782507,-11.400505635731596,336.43,1084168,1789398602,2026-09-14T15:10:02Z,NASDAQ:TER
10.178946028439508,-40.63612100250617,-105.78977339685356,-2.7147358986961136,376.329,41.95754700162921,-11.382070999683984,336.5,1109515,1789398778,2026-09-14T15:12:58Z,NASDAQ:TER
10.178946028439508,-40.558978145363255,-106.08757022913028,-2.792795397380661,376.329,41.90260511249936,-11.45317602443906,336.23,1132575,1789398962,2026-09-14T15:16:02Z,NASDAQ:TER
10.205627242386283,-41.04540671679183,-108.05207897472414,-3.0847957443117635,376.329,41.69835138409613,-11.719161487411776,335.22,1163745,1789399140,2026-09-14T15:19:00Z,NASDAQ:TER
10.20579866123237,-41.47612100250615,-106.41825673546492,-2.6540229552748005,376.329,42.00037929288143,-11.326767091541146,336.71,1191009,1789399323,2026-09-14T15:22:03Z,NASDAQ:TER
10.213674030839083,-41.191835288220375,-108.65041654891114,-3.1744196131718065,376.329,41.63605843411804,-11.800800589908352,334.91,1203936,1789399502,2026-09-14T15:25:02Z,NASDAQ:TER
10.219823879685022,-41.396121002506106,-108.75464370070142,-3.1498453265488977,376.329,41.6531202316941,-11.778415674707684,334.995,1223218,1789399682,2026-09-14T15:28:02Z,NASDAQ:TER
10.219823879685022,-41.720406716791786,-107.50803945515132,-2.821706322819391,376.329,41.88229276197088,-11.479511218792805,336.13,1294070,1789399863,2026-09-14T15:31:03Z,NASDAQ:TER
10.219823879685022,-42.014692431077606,-106.37417728911149,-2.5239237908005325,376.329,42.0924578960495,-11.20825871694933,337.16,1310342,1789400041,2026-09-14T15:34:01Z,NASDAQ:TER
10.219823879685022,-42.020406716791854,-106.35213617153876,-2.518141605712793,376.329,42.09655964991828,-11.20299167807859,337.18,1327041,1789400224,2026-09-14T15:37:04Z,NASDAQ:TER
10.219823879685022,-42.0689781453633,-106.16474913057324,-2.4689930324669587,376.329,42.131456860390415,-11.158221847677236,337.35,1344672,1789400400,2026-09-14T15:40:00Z,NASDAQ:TER
10.219823879685022,-42.21466385964902,-105.60229499786696,-2.3215762236549207,376.329,42.236475859069415,-11.023938691667556,337.8599,1386612,1789400581,2026-09-14T15:43:01Z,NASDAQ:TER
10.219823879685022,-42.337549573934666,-105.12739485359792,-2.1972303333429606,376.329,42.32546716647544,-10.910671020752137,338.29,1410530,1789400764,2026-09-14T15:46:04Z,NASDAQ:TER
10.219823879685022,-42.62897814536325,-103.99942347024354,-1.902338893867988,376.329,42.53802049896456,-10.64205203834405,339.31,1436297,1789400939,2026-09-14T15:48:59Z,NASDAQ:TER
10.219823879685022,-42.528978145363226,-104.38674643323056,-2.0035271329035265,376.329,42.4648453563526,-10.734225218582123,338.96,1456264,1789401125,2026-09-14T15:52:05Z,NASDAQ:TER
10.219823879685022,-42.46326385964903,-104.64111703236073,-2.0700222614125785,376.329,42.4168957578683,-10.794796165595704,338.73,1469240,1789401302,2026-09-14T15:55:02Z,NASDAQ:TER
10.219823879685022,-42.6775495739347,-103.8111917691208,-1.853190320622154,376.329,42.57365378152984,-10.597282207942696,339.48,1490951,1789401481,2026-09-14T15:58:01Z,NASDAQ:TER
10.219823879685022,-42.52326385964898,-104.40887052285149,-2.0093093179912658,376.329,42.46067152294409,-10.739492257452866,338.94,1504285,1789401663,2026-09-14T16:01:03Z,NASDAQ:TER
10.219823879685022,-42.21454957393473,-105.60273646209563,-2.321691867356663,376.329,42.23639326988059,-11.02404403244496,337.8595,1534252,1789401840,2026-09-14T16:04:00Z,NASDAQ:TER
10.219823879685022,-42.110406716791886,-106.00486590156686,-2.4270721905808155,376.329,42.09040731884679,-11.120035815864329,337.495,1547162,1789402019,2026-09-14T16:06:59Z,NASDAQ:TER
10.219823879685022,-41.7218352882204,-107.50254121235436,-2.820260776547456,376.329,41.88330791177996,-11.478194459075116,336.135,1563417,1789402200,2026-09-14T16:10:00Z,NASDAQ:TER
10.219823879685022,-41.92326385964896,-106.7267087823523,-2.616438752204461,376.329,42.0269383729347,-11.292531338881291,336.84,1585991,1789402385,2026-09-14T16:13:05Z,NASDAQ:TER
10.219823879685022,-41.88326385964899,-106.88086653799198,-2.65691404781867,376.329,41.99833767705548,-11.32940061097652,336.7,1608089,1789402563,2026-09-14T16:16:03Z,NASDAQ:TER
10.219823879685022,-41.706121002506165,-107.56301869810386,-2.836161785538756,376.329,41.872143969748905,-11.492678815969674,336.08,1624271,1789402741,2026-09-14T16:19:01Z,NASDAQ:TER
10.219823879685022,-41.56612100250607,-108.10150899821322,-2.9778253201885025,376.329,41.772945473718266,-11.621721268302974,335.59,1638928,1789402920,2026-09-14T16:22:00Z,NASDAQ:TER
10.219823879685022,-41.33183528822042,-109.00141439747595,-3.214894908786032,376.329,41.607987099491744,-11.837669862003592,334.77,1658411,1789403100,2026-09-14T16:25:00Z,NASDAQ:TER
10.219823879685022,-41.36612100250613,-108.8698178957993,-3.1802017982595623,376.329,41.632045924660126,-11.80606762877911,334.89,1680521,1789403279,2026-09-14T16:27:59Z,NASDAQ:TER
10.219823879685022,-41.76040671679186,-107.35406676269191,-2.781231027205182,376.329,41.91073557046307,-11.442641946697576,336.27,1702786,1789403461,2026-09-14T16:31:01Z,NASDAQ:TER
10.219823879685022,-42.3518352882204,-105.07215876264752,-2.182774870623612,376.329,42.33583692454828,-10.897503423575278,338.34,1745883,1789403641,2026-09-14T16:34:01Z,NASDAQ:TER
10.219823879685022,-42.12183528822038,-105.96075157609783,-2.41550782040532,376.329,42.169499036966826,-11.109501738122828,337.535,1771790,1789403820,2026-09-14T16:37:00Z,NASDAQ:TER
10.219823879685022,-42.24754957393475,-105.47524818198995,-2.2882997484749383,376.329,42.26025432399468,-10.993626882966396,337.975,1782086,1789404002,2026-09-14T16:40:02Z,NASDAQ:TER
10.219823879685022,-41.901835288220354,-106.80929895214274,-2.638121946283501,376.329,42.0116117289414,-11.312282734646592,336.765,1791017,1789404177,2026-09-14T16:42:57Z,NASDAQ:TER
10.219823879685022,-42.03754957393471,-106.28600724053037,-2.5007950504495584,376.329,42.10886970933562,-11.187190561466348,337.24,1804840,1789404362,2026-09-14T16:46:02Z,NASDAQ:TER
10.219823879685022,-41.934692431077565,-106.68265535210422,-2.6048743820289664,376.329,42.03511715652157,-11.281997261139797,336.88,1819770,1789404537,2026-09-14T16:48:57Z,NASDAQ:TER
10.219823879685022,-41.53754957393471,-108.21133672992298,-3.006736245627216,376.329,41.75275860383217,-11.6480564626567,335.49,1837371,1789404721,2026-09-14T16:52:01Z,NASDAQ:TER
10.219823879685022,-41.481749573934735,-108.42576363323226,-3.063199283009052,376.329,41.713389855039885,-11.69948909722955,335.2947,1854921,1789404898,2026-09-14T16:54:58Z,NASDAQ:TER
10.219823879685022,-41.35612100250614,-108.90820364053609,-3.190320622163106,376.329,41.62502589373886,-11.81528494680291,334.855,1876399,1789405083,2026-09-14T16:58:03Z,NASDAQ:TER
10.219823879685022,-41.71183528822041,-107.5410276958103,-2.830379600451,376.329,41.87620289636648,-11.487411777098917,336.1,1900177,1789405258,2026-09-14T17:00:58Z,NASDAQ:TER
10.219823879685022,-41.86326385964901,-106.95792835767364,-2.6771516956257746,376.329,41.98405192192694,-11.34783524702413,336.63,1920248,1789405442,2026-09-14T17:04:02Z,NASDAQ:TER
10.219823879685022,-41.76754957393473,-107.32656685974985,-2.774003295845492,376.329,41.915818709105565,-11.436058148109137,336.295,1930042,1789405617,2026-09-14T17:06:57Z,NASDAQ:TER
10.219823879685022,-41.70894957393466,-107.5521332677667,-2.833299603920317,376.329,41.87415304007502,-11.490071631728648,336.0899,1935209,1789405799,2026-09-14T17:09:59Z,NASDAQ:TER
10.219823879685022,-41.337549573934666,-108.97948395409608,-3.209112723698276,376.329,41.61199497247243,-11.832402823132837,334.79,1973617,1789405981,2026-09-14T17:13:01Z,NASDAQ:TER
10.22647289846009,-41.45826385964898,-109.4781733776219,-3.2842811298389702,376.329,41.559952773262026,-11.900874328452558,334.53,2006427,1789406158,2026-09-14T17:15:58Z,NASDAQ:TER
10.228005324922004,-41.40326385964897,-109.91071485123764,-3.385469368874492,376.329,41.49010118365236,-11.99304750869062,334.18,2021217,1789406339,2026-09-14T17:18:59Z,NASDAQ:TER
10.233957780720758,-41.625406716791815,-109.9216606078325,-3.3377663419005925,376.329,41.52300194075613,-11.949594438006953,334.345,2033185,1789406520,2026-09-14T17:22:00Z,NASDAQ:TER
10.238202748211569,-41.771835288220416,-109.97638594026684,-3.3160831478215536,376.329,41.53797408588554,-11.929843042241654,334.42,2048038,1789406699,2026-09-14T17:24:59Z,NASDAQ:TER
10.238202748211569,-41.84183528822047,-109.70817685078964,-3.24525138049668,376.329,41.58695842620994,-11.865321816075005,334.665,2057867,1789406882,2026-09-14T17:28:02Z,NASDAQ:TER
10.24295041324808,-41.71754957393472,-110.8730616116476,-3.512677440804873,376.329,41.40262019003985,-12.10892236384705,333.74,2069328,1789407062,2026-09-14T17:31:02Z,NASDAQ:TER
10.278166305667732,-42.463978145363285,-113.1515239195836,-3.8147966116395366,376.329,41.1963239598633,-12.384125144843578,332.695,2092004,1789407242,2026-09-14T17:34:02Z,NASDAQ:TER
10.278333867340471,-42.65469243107759,-112.44942725704196,-3.6268755962878254,376.329,41.32439976231005,-12.212946381544294,333.345,2104362,1789407420,2026-09-14T17:37:00Z,NASDAQ:TER
10.278333867340471,-42.70469243107755,-112.2587721361378,-3.576281476770073,376.329,41.35901788640211,-12.166859791425273,333.52,2119172,1789407601,2026-09-14T17:40:01Z,NASDAQ:TER
10.292040504834322,-42.89202100250611,-113.55265331862292,-3.8014975859377262,376.329,41.205361676840425,-12.372010955440862,332.741,2142582,1789407784,2026-09-14T17:43:04Z,NASDAQ:TER
10.292040504834322,-42.89744957393475,-113.53200093063606,-3.796004510104367,376.329,41.20909580420607,-12.367007268513651,332.76,2149682,1789407961,2026-09-14T17:46:01Z,NASDAQ:TER
10.292040504834322,-43.12887814536328,-112.65079202464776,-3.561826014050708,376.329,41.36891943467301,-12.153692194248402,333.57,2175744,1789408141,2026-09-14T17:49:01Z,NASDAQ:TER
10.292040504834322,-43.12887814536328,-112.65079202464776,-3.561826014050708,376.329,41.36891943467301,-12.153692194248402,333.57,2191058,1789408317,2026-09-14T17:51:57Z,NASDAQ:TER
10.292040504834322,-43.16459243107761,-112.5146697125834,-3.525687357252304,376.329,41.39369405945777,-12.120773201306234,333.695,2205411,1789408498,2026-09-14T17:54:58Z,NASDAQ:TER
10.292040504834322,-43.32887814536332,-111.88804734217112,-3.3594495359796483,376.329,41.50804058500028,-11.969345833772264,334.27,2225508,1789408676,2026-09-14T17:57:56Z,NASDAQ:TER
10.292040504834322,-43.53744957393474,-111.091419627505,-3.148399780276963,376.329,41.65412430232251,-11.77709891499,335.0,2240408,1789408857,2026-09-14T18:00:57Z,NASDAQ:TER
10.292040504834322,-43.56316385964897,-110.99312070731352,-3.122379947382119,376.329,41.6722058548776,-11.753397240071644,335.09,2252929,1789409042,2026-09-14T18:04:02Z,NASDAQ:TER
10.292040504834322,-43.46173528822044,-111.38074751315726,-3.225013732689576,376.329,41.600975179181845,-11.846887180027393,334.735,2267202,1789409220,2026-09-14T18:07:00Z,NASDAQ:TER
10.292040504834322,-43.531735288220375,-111.11326130981958,-3.1541819653647023,376.329,41.65010831022477,-11.78236595386074,334.98,2281111,1789409402,2026-09-14T18:10:02Z,NASDAQ:TER
10.292040504834322,-43.465106716791865,-111.36786765690042,-3.221602243487808,376.329,41.60333893393684,-11.843779627093651,334.7468,2289375,1789409584,2026-09-14T18:13:04Z,NASDAQ:TER
10.292040504834322,-43.580306716791824,-110.92757777403338,-3.1050333921188846,376.329,41.68426894686522,-11.737596123459404,335.15,2303345,1789409764,2026-09-14T18:16:04Z,NASDAQ:TER
10.292040504834322,-43.19887814536333,-112.38395872838268,-3.4909942467258346,376.329,41.41750563221718,-12.089170968081753,333.815,2314389,1789409943,2026-09-14T18:19:03Z,NASDAQ:TER
10.292040504834322,-43.166735288220366,-112.50650123947511,-3.5235190378444017,376.329,41.3951814805987,-12.118798061729706,333.7025,2326278,1789410120,2026-09-14T18:22:00Z,NASDAQ:TER
10.292040504834322,-43.17887814536323,-112.46021079902113,-3.511231894532939,376.329,41.40361221996572,-12.107605604129365,333.745,2341070,1789410298,2026-09-14T18:24:58Z,NASDAQ:TER
10.292040504834322,-43.00602100250615,-113.1187805151566,-3.68614299343722,376.329,41.28392073567456,-12.26693352996946,333.14,2350198,1789410483,2026-09-14T18:28:03Z,NASDAQ:TER
10.292040504834322,-43.17744957393472,-112.46565694727632,-3.512677440804873,376.329,41.40262019003985,-12.10892236384705,333.74,2365055,1789410662,2026-09-14T18:31:02Z,NASDAQ:TER
10.292040504834322,-43.38602100250614,-111.6699145271369,-3.3016276851021886,376.329,41.54796151583315,-11.916675445064785,334.47,2384273,1789410840,2026-09-14T18:34:00Z,NASDAQ:TER
10.292040504834322,-43.29030671679186,-112.03523526375898,-3.398479285321922,376.329,41.48113729665788,-12.004898346149805,334.135,2397284,1789411021,2026-09-14T18:37:01Z,NASDAQ:TER
10.292040504834322,-43.32602100250608,-111.89895158061849,-3.362340628523518,376.329,41.50604655213669,-11.971979353207637,334.26,2406926,1789411202,2026-09-14T18:40:02Z,NASDAQ:TER
10.292040504834322,-43.23459243107754,-112.24776647646476,-3.4548555899274302,376.329,41.44233850232049,-12.056251975139585,333.94,2418290,1789411385,2026-09-14T18:43:05Z,NASDAQ:TER
10.292040504834322,-43.14039243107754,-112.60691008733436,-3.550174911098902,376.329,41.37690353379899,-12.143079110923846,333.6103,2430728,1789411562,2026-09-14T18:46:02Z,NASDAQ:TER
10.292040504834322,-43.23173528822042,-112.258663170353,-3.4577466824713,376.329,41.440350776923374,-12.058885494574954,333.93,2446846,1789411740,2026-09-14T18:49:00Z,NASDAQ:TER
10.292040504834322,-43.42887814536323,-111.50625483556333,-3.2582612969441103,376.329,41.57795264312279,-11.877172653534188,334.62,2463136,1789411926,2026-09-14T18:52:06Z,NASDAQ:TER
10.292040504834322,-43.474592431077554,-111.33162770592958,-3.212003816242162,376.329,41.60999093947254,-11.83503634256822,334.78,2475661,1789412099,2026-09-14T18:54:59Z,NASDAQ:TER
10.292040504834322,-43.75922100250614,-110.2430349130159,-2.923993177021588,376.329,41.81058548413785,-11.572685136416307,335.7762,2500658,1789412282,2026-09-14T18:58:02Z,NASDAQ:TER
10.292040504834322,-44.09744957393468,-108.94647689752364,-2.5817456416779923,376.329,42.05148427736008,-11.26092910565681,336.96,2521290,1789412462,2026-09-14T19:01:02Z,NASDAQ:TER
10.292040504834322,-43.82316385964896,-109.99816502279764,-2.85929052588973,376.329,41.85591612860512,-11.513746971452656,336.0,2543370,1789412642,2026-09-14T19:04:02Z,NASDAQ:TER
10.292040504834322,-44.031735288220375,-109.19863726838216,-2.6482407701870447,376.329,42.00446312007121,-11.32150005267039,336.73,2559612,1789412823,2026-09-14T19:07:03Z,NASDAQ:TER
10.292040504834322,-44.090306716791815,-108.97389154339628,-2.5889733730376663,376.329,42.04636818310198,-11.26751290424524,336.935,2573726,1789413002,2026-09-14T19:10:02Z,NASDAQ:TER
10.292040504834322,-44.277449573934746,-108.2551515421989,-2.3996068114140368,376.329,42.18082212493759,-11.095017381228288,337.59,2598570,1789413182,2026-09-14T19:13:02Z,NASDAQ:TER
10.292040504834322,-44.277449573934746,-108.2551515421989,-2.3996068114140368,376.329,42.18082212493759,-11.095017381228288,337.59,2620031,1789413364,2026-09-14T19:16:04Z,NASDAQ:TER
10.292040504834322,-44.07402100250613,-109.03639154530856,-2.605452600537744,376.329,42.03470814173922,-11.282523965026872,336.878,2638781,1789413539,2026-09-14T19:18:59Z,NASDAQ:TER
10.292040504834322,-43.7945924310776,-110.10759386153772,-2.88820145132846,376.329,41.835649007021736,-11.540082165806396,335.9,2657276,1789413721,2026-09-14T19:22:01Z,NASDAQ:TER
10.292040504834322,-43.95887814536332,-109.47806382796676,-2.721963630055788,376.329,41.95245373776924,-11.38865479827241,336.475,2693622,1789413902,2026-09-14T19:25:02Z,NASDAQ:TER
10.292040504834322,-43.70316385964895,-110.4576116732461,-2.9807164127323724,376.329,41.77092590836611,-11.624354787738344,335.58,2712405,1789414079,2026-09-14T19:27:59Z,NASDAQ:TER
10.292040504834322,-43.49744957393466,-111.24429214813148,-3.1888750758911715,376.329,41.626028610349806,-11.813968187085225,334.86,2759711,1789414264,2026-09-14T19:31:04Z,NASDAQ:TER
10.292040504834322,-43.4803067167918,-111.3097951913011,-3.2062216311544063,376.329,41.6139991985193,-11.829769303697464,334.8,2791078,1789414439,2026-09-14T19:33:59Z,NASDAQ:TER
10.292040504834322,-43.66602100250611,-110.59973921127846,-3.0183006158027115,376.329,41.7446893178181,-11.658590540398198,335.45,2813948,1789414622,2026-09-14T19:37:02Z,NASDAQ:TER
10.292040504834322,-43.6053067167918,-110.83197952706864,-3.079736332359992,376.329,41.70187348026414,-11.714552828399876,335.2375,2987630,1789414802,2026-09-14T19:40:02Z,NASDAQ:TER
10.292040504834322,-43.60459243107755,-110.83471114931352,-3.08045910549596,376.329,41.70137028724087,-11.71521120825872,335.235,3003887,1789414982,2026-09-14T19:43:02Z,NASDAQ:TER
10.292040504834322,-43.34316385964894,-111.8335227186116,-3.3449940732602834,376.329,41.51801362392763,-11.956178236595392,334.32,3060086,1789415160,2026-09-14T19:46:00Z,NASDAQ:TER
10.292210670252944,-42.77877814536333,-114.00820981500996,-3.921246639104917,376.329,41.12412554953869,-12.481091330454028,332.3268,3108746,1789415347,2026-09-14T19:49:07Z,NASDAQ:TER
10.31928662332535,-43.34612100250615,-115.83142202595609,-4.171846540807773,376.329,40.95515428453744,-12.7093647951122,331.46,3157526,1789415523,2026-09-14T19:52:03Z,NASDAQ:TER
10.338414627509362,-43.76897814536329,-117.0528418850918,-4.330856630720739,376.329,40.84865719218527,-12.854208364057726,330.91,3207926,1789415702,2026-09-14T19:55:02Z,NASDAQ:TER
10.343178485656969,-43.94254957393474,-117.10142285369676,-4.301945705282025,376.329,40.86797908449246,-12.827873169704002,331.01,3254618,1789415884,2026-09-14T19:58:04Z,NASDAQ:TER
10.364282129014804,-44.32754957393479,-118.77736662629488,-4.565035126774398,376.329,40.69282064830822,-13.067523438322976,330.1,3297774,1789416061,2026-09-14T20:01:01Z,NASDAQ:TER
10.367215540573351,-44.441835288220375,-118.78274675399032,-4.540460840151489,376.329,40.709118003213895,-13.045138523122308,330.185,3351087,1789416240,2026-09-14T20:04:00Z,NASDAQ:TER
10.412815581451104,-45.57040671679192,-121.35339971886243,-4.825233455722917,376.329,40.52105758158534,-13.304540187506596,329.2,3446416,1789416422,2026-09-14T20:07:02Z,NASDAQ:TER
10.412815581451104,-46.13040671679187,-119.25060337686948,-4.582381682037632,376.329,40.89699622034125,-13.083324554935215,330.04,3555526,1789416602,2026-09-14T20:10:02Z,NASDAQ:TER
10.412815581451104,-45.59326385964903,-121.26773901301924,-4.802104715371943,376.329,40.536266671140815,-13.28347203202361,329.28,3742922,1789416783,2026-09-14T20:13:03Z,NASDAQ:TER
10.412815581451104,-45.57040671679192,-121.35339971886243,-4.825233455722917,376.329,40.52105758158534,-13.304540187506596,329.2,4874413,1789416963,2026-09-14T20:16:03Z,NASDAQ:TER
10.412815581451104,-45.57040671679192,-121.35339971886243,-4.825233455722917,376.329,40.52105758158534,-13.304540187506596,329.2,4875268,1789417138,2026-09-14T20:18:58Z,NASDAQ:TER
10.412815581451104,-45.57040671679192,-121.35339971886243,-4.825233455722917,376.329,40.52105758158534,-13.304540187506596,329.2,4877214,1789417323,2026-09-14T20:22:03Z,NASDAQ:TER
10.412815581451104,-45.57040671679192,-121.35339971886243,-4.825233455722917,376.329,40.52105758158534,-13.304540187506596,329.2,4877888,1789417499,2026-09-14T20:24:59Z,NASDAQ:TER
10.412815581451104,-45.57040671679192,-121.35339971886243,-4.825233455722917,376.329,40.52105758158534,-13.304540187506596,329.2,4879165,1789417684,2026-09-14T20:28:04Z,NASDAQ:TER
10.412815581451104,-45.57040671679192,-121.35339971886243,-4.825233455722917,376.329,40.52105758158534,-13.304540187506596,329.2,4880220,1789417863,2026-09-14T20:31:03Z,NASDAQ:TER
10.412815581451104,-45.57040671679192,-121.35339971886243,-4.825233455722917,376.329,40.52105758158534,-13.304540187506596,329.2,4880255,1789418041,2026-09-14T20:34:01Z,NASDAQ:TER
10.412815581451104,-45.57040671679192,-121.35339971886243,-4.825233455722917,376.329,40.52105758158534,-13.304540187506596,329.2,4880478,1789418220,2026-09-14T20:37:00Z,NASDAQ:TER
10.412815581451104,-45.57040671679192,-121.35339971886243,-4.825233455722917,376.329,40.52105758158534,-13.304540187506596,329.2,4880659,1789418399,2026-09-14T20:39:59Z,NASDAQ:TER
10.412815581451104,-45.57040671679192,-121.35339971886243,-4.825233455722917,376.329,40.52105758158534,-13.304540187506596,329.2,4880715,1789418581,2026-09-14T20:43:01Z,NASDAQ:TER
10.412815581451104,-45.57040671679192,-121.35339971886243,-4.825233455722917,376.329,40.52105758158534,-13.304540187506596,329.2,4880863,1789418762,2026-09-14T20:46:02Z,NASDAQ:TER
10.412815581451104,-45.57040671679192,-121.35339971886243,-4.825233455722917,376.329,40.52105758158534,-13.304540187506596,329.2,4881042,1789418940,2026-09-14T20:49:00Z,NASDAQ:TER
10.412815581451104,-45.57040671679192,-121.35339971886243,-4.825233455722917,376.329,40.52105758158534,-13.304540187506596,329.2,4881503,1789419123,2026-09-14T20:52:03Z,NASDAQ:TER
10.412815581451104,-45.57040671679192,-121.35339971886243,-4.825233455722917,376.329,40.52105758158534,-13.304540187506596,329.2,4881815,1789419301,2026-09-14T20:55:01Z,NASDAQ:TER
10.412815581451104,-45.57040671679192,-121.35339971886243,-4.825233455722917,376.329,40.52105758158534,-13.304540187506596,329.2,4881941,1789419481,2026-09-14T20:58:01Z,NASDAQ:TER
10.412815581451104,-45.57040671679192,-121.35339971886243,-4.825233455722917,376.329,40.52105758158534,-13.304540187506596,329.2,4882183,1789419663,2026-09-14T21:01:03Z,NASDAQ:TER
10.412815581451104,-45.57040671679192,-121.35339971886243,-4.825233455722917,376.329,40.52105758158534,-13.304540187506596,329.2,4882402,1789419839,2026-09-14T21:03:59Z,NASDAQ:TER
10.412815581451104,-45.57040671679192,-121.35339971886243,-4.825233455722917,376.329,40.52105758158534,-13.304540187506596,329.2,4882950,1789420024,2026-09-14T21:07:04Z,NASDAQ:TER
10.412815581451104,-45.57040671679192,-121.35339971886243,-4.825233455722917,376.329,40.52105758158534,-13.304540187506596,329.2,4882974,1789420204,2026-09-14T21:10:04Z,NASDAQ:TER
10.412815581451104,-45.57040671679192,-121.35339971886243,-4.825233455722917,376.329,40.52105758158534,-13.304540187506596,329.2,4883071,1789420381,2026-09-14T21:13:01Z,NASDAQ:TER
10.412815581451104,-45.57040671679192,-121.35339971886243,-4.825233455722917,376.329,40.52105758158534,-13.304540187506596,329.2,4883086,1789420558,2026-09-14T21:15:58Z,NASDAQ:TER
10.412815581451104,-45.57040671679192,-121.35339971886243,-4.825233455722917,376.329,40.52105758158534,-13.304540187506596,329.2,4883275,1789420741,2026-09-14T21:19:01Z,NASDAQ:TER
10.412815581451104,-45.57040671679192,-121.35339971886243,-4.825233455722917,376.329,40.52105758158534,-13.304540187506596,329.2,4883359,1789420921,2026-09-14T21:22:01Z,NASDAQ:TER
10.412815581451104,-45.57040671679192,-121.35339971886243,-4.825233455722917,376.329,40.52105758158534,-13.304540187506596,329.2,4883397,1789421097,2026-09-14T21:24:57Z,NASDAQ:TER
10.412815581451104,-45.57040671679192,-121.35339971886243,-4.825233455722917,376.329,40.52105758158534,-13.304540187506596,329.2,4883422,1789421282,2026-09-14T21:28:02Z,NASDAQ:TER
10.412815581451104,-45.57040671679192,-121.35339971886243,-4.825233455722917,376.329,40.52105758158534,-13.304540187506596,329.2,4883531,1789421461,2026-09-14T21:31:01Z,NASDAQ:TER
10.412815581451104,-45.57040671679192,-121.35339971886243,-4.825233455722917,376.329,40.52105758158534,-13.304540187506596,329.2,4883568,1789421639,2026-09-14T21:33:59Z,NASDAQ:TER
10.412815581451104,-45.57040671679192,-121.35339971886243,-4.825233455722917,376.329,40.52105758158534,-13.304540187506596,329.2,4884034,1789421818,2026-09-14T21:36:58Z,NASDAQ:TER
10.412815581451104,-45.57040671679192,-121.35339971886243,-4.825233455722917,376.329,40.52105758158534,-13.304540187506596,329.2,4884456,1789421999,2026-09-14T21:39:59Z,NASDAQ:TER
10.412815581451104,-45.57040671679192,-121.35339971886243,-4.825233455722917,376.329,40.52105758158534,-13.304540187506596,329.2,4884984,1789422183,2026-09-14T21:43:03Z,NASDAQ:TER
10.412815581451104,-45.57040671679192,-121.35339971886243,-4.825233455722917,376.329,40.52105758158534,-13.304540187506596,329.2,4885044,1789422361,2026-09-14T21:46:01Z,NASDAQ:TER
10.412815581451104,-45.57040671679192,-121.35339971886243,-4.825233455722917,376.329,40.52105758158534,-13.304540187506596,329.2,4885314,1789422545,2026-09-14T21:49:05Z,NASDAQ:TER
10.412815581451104,-45.57040671679192,-121.35339971886243,-4.825233455722917,376.329,40.52105758158534,-13.304540187506596,329.2,4885338,1789422718,2026-09-14T21:51:58Z,NASDAQ:TER
10.412815581451104,-45.57040671679192,-121.35339971886243,-4.825233455722917,376.329,40.52105758158534,-13.304540187506596,329.2,4885372,1789422904,2026-09-14T21:55:04Z,NASDAQ:TER
10.412815581451104,-45.57040671679192,-121.35339971886243,-4.825233455722917,376.329,40.52105758158534,-13.304540187506596,329.2,4885430,1789423081,2026-09-14T21:58:01Z,NASDAQ:TER
10.412815581451104,-45.57040671679192,-121.35339971886243,-4.825233455722917,376.329,40.52105758158534,-13.304540187506596,329.2,4885506,1789423258,2026-09-14T22:00:58Z,NASDAQ:TER
10.412815581451104,-45.57040671679192,-121.35339971886243,-4.825233455722917,376.329,40.52105758158534,-13.304540187506596,329.2,4885917,1789423442,2026-09-14T22:04:02Z,NASDAQ:TER
10.412815581451104,-45.57040671679192,-121.35339971886243,-4.825233455722917,376.329,40.52105758158534,-13.304540187506596,329.2,4885956,1789423620,2026-09-14T22:07:00Z,NASDAQ:TER
10.412815581451104,-45.57040671679192,-121.35339971886243,-4.825233455722917,376.329,40.52105758158534,-13.304540187506596,329.2,4886039,1789423800,2026-09-14T22:10:00Z,NASDAQ:TER
10.412815581451104,-45.57040671679192,-121.35339971886243,-4.825233455722917,376.329,40.52105758158534,-13.304540187506596,329.2,4886159,1789423983,2026-09-14T22:13:03Z,NASDAQ:TER
10.412815581451104,-45.57040671679192,-121.35339971886243,-4.825233455722917,376.329,40.52105758158534,-13.304540187506596,329.2,4886225,1789424159,2026-09-14T22:15:59Z,NASDAQ:TER
10.412815581451104,-45.57040671679192,-121.35339971886243,-4.825233455722917,376.329,40.52105758158534,-13.304540187506596,329.2,4886298,1789424342,2026-09-14T22:19:02Z,NASDAQ:TER
10.412815581451104,-45.57040671679192,-121.35339971886243,-4.825233455722917,376.329,40.52105758158534,-13.304540187506596,329.2,4886341,1789424523,2026-09-14T22:22:03Z,NASDAQ:TER
10.412815581451104,-45.57040671679192,-121.35339971886243,-4.825233455722917,376.329,40.52105758158534,-13.304540187506596,329.2,4886375,1789424702,2026-09-14T22:25:02Z,NASDAQ:TER
10.412815581451104,-45.57040671679192,-121.35339971886243,-4.825233455722917,376.329,40.52105758158534,-13.304540187506596,329.2,4886469,1789424881,2026-09-14T22:28:01Z,NASDAQ:TER
10.412815581451104,-45.57040671679192,-121.35339971886243,-4.825233455722917,376.329,40.52105758158534,-13.304540187506596,329.2,4886628,1789425058,2026-09-14T22:30:58Z,NASDAQ:TER
10.412815581451104,-45.57040671679192,-121.35339971886243,-4.825233455722917,376.329,40.52105758158534,-13.304540187506596,329.2,4886725,1789425241,2026-09-14T22:34:01Z,NASDAQ:TER
10.412815581451104,-45.57040671679192,-121.35339971886243,-4.825233455722917,376.329,40.52105758158534,-13.304540187506596,329.2,4886728,1789425424,2026-09-14T22:37:04Z,NASDAQ:TER
10.412815581451104,-45.57040671679192,-121.35339971886243,-4.825233455722917,376.329,40.52105758158534,-13.304540187506596,329.2,4886779,1789425604,2026-09-14T22:40:04Z,NASDAQ:TER
10.412815581451104,-45.57040671679192,-121.35339971886243,-4.825233455722917,376.329,40.52105758158534,-13.304540187506596,329.2,4886815,1789425777,2026-09-14T22:42:57Z,NASDAQ:TER
10.412815581451104,-45.57040671679192,-121.35339971886243,-4.825233455722917,376.329,40.52105758158534,-13.304540187506596,329.2,4887031,1789425960,2026-09-14T22:46:00Z,NASDAQ:TER
10.412815581451104,-45.57040671679192,-121.35339971886243,-4.825233455722917,376.329,40.52105758158534,-13.304540187506596,329.2,4887061,1789426135,2026-09-14T22:48:55Z,NASDAQ:TER
10.412815581451104,-45.57040671679192,-121.35339971886243,-4.825233455722917,376.329,40.52105758158534,-13.304540187506596,329.2,4887113,1789426320,2026-09-14T22:52:00Z,NASDAQ:TER
10.412815581451104,-45.57040671679192,-121.35339971886243,-4.825233455722917,376.329,40.52105758158534,-13.304540187506596,329.2,4887142,1789426503,2026-09-14T22:55:03Z,NASDAQ:TER
10.412815581451104,-45.57040671679192,-121.35339971886243,-4.825233455722917,376.329,40.52105758158534,-13.304540187506596,329.2,4887161,1789426683,2026-09-14T22:58:03Z,NASDAQ:TER
10.412815581451104,-45.57040671679192,-121.35339971886243,-4.825233455722917,376.329,40.52105758158534,-13.304540187506596,329.2,4887414,1789426863,2026-09-14T23:01:03Z,NASDAQ:TER
10.412815581451104,-45.57040671679192,-121.35339971886243,-4.825233455722917,376.329,40.52105758158534,-13.304540187506596,329.2,4887455,1789427040,2026-09-14T23:04:00Z,NASDAQ:TER
10.412815581451104,-45.57040671679192,-121.35339971886243,-4.825233455722917,376.329,40.52105758158534,-13.304540187506596,329.2,4887514,1789427221,2026-09-14T23:07:01Z,NASDAQ:TER
10.412815581451104,-45.57040671679192,-121.35339971886243,-4.825233455722917,376.329,40.52105758158534,-13.304540187506596,329.2,4887592,1789427400,2026-09-14T23:10:00Z,NASDAQ:TER
10.412815581451104,-45.57040671679192,-121.35339971886243,-4.825233455722917,376.329,40.52105758158534,-13.304540187506596,329.2,4887641,1789427581,2026-09-14T23:13:01Z,NASDAQ:TER
10.412815581451104,-45.57040671679192,-121.35339971886243,-4.825233455722917,376.329,40.52105758158534,-13.304540187506596,329.2,4887715,1789427763,2026-09-14T23:16:03Z,NASDAQ:TER
10.412815581451104,-45.57040671679192,-121.35339971886243,-4.825233455722917,376.329,40.52105758158534,-13.304540187506596,329.2,4887766,1789427942,2026-09-14T23:19:02Z,NASDAQ:TER
10.412815581451104,-45.57040671679192,-121.35339971886243,-4.825233455722917,376.329,40.52105758158534,-13.304540187506596,329.2,4887860,1789428122,2026-09-14T23:22:02Z,NASDAQ:TER
10.412815581451104,-45.57040671679192,-121.35339971886243,-4.825233455722917,376.329,40.52105758158534,-13.304540187506596,329.2,4887904,1789428296,2026-09-14T23:24:56Z,NASDAQ:TER
10.412815581451104,-45.57040671679192,-121.35339971886243,-4.825233455722917,376.329,40.52105758158534,-13.304540187506596,329.2,4887944,1789428478,2026-09-14T23:27:58Z,NASDAQ:TER
10.412815581451104,-45.57040671679192,-121.35339971886243,-4.825233455722917,376.329,40.52105758158534,-13.304540187506596,329.2,4887944,1789428657,2026-09-14T23:30:57Z,NASDAQ:TER
10.412815581451104,-45.57040671679192,-121.35339971886243,-4.825233455722917,376.329,40.52105758158534,-13.304540187506596,329.2,4887994,1789428842,2026-09-14T23:34:02Z,NASDAQ:TER
10.412815581451104,-45.57040671679192,-121.35339971886243,-4.825233455722917,376.329,40.52105758158534,-13.304540187506596,329.2,4888114,1789429018,2026-09-14T23:36:58Z,NASDAQ:TER
10.412815581451104,-45.57040671679192,-121.35339971886243,-4.825233455722917,376.329,40.52105758158534,-13.304540187506596,329.2,4888232,1789429204,2026-09-14T23:40:04Z,NASDAQ:TER
10.412815581451104,-45.57040671679192,-121.35339971886243,-4.825233455722917,376.329,40.52105758158534,-13.304540187506596,329.2,4888244,1789429381,2026-09-14T23:43:01Z,NASDAQ:TER
10.412815581451104,-45.57040671679192,-121.35339971886243,-4.825233455722917,376.329,40.52105758158534,-13.304540187506596,329.2,4888321,1789429561,2026-09-14T23:46:01Z,NASDAQ:TER
10.412815581451104,-45.57040671679192,-121.35339971886243,-4.825233455722917,376.329,40.52105758158534,-13.304540187506596,329.2,4888325,1789429742,2026-09-14T23:49:02Z,NASDAQ:TER
10.412815581451104,-45.57040671679192,-121.35339971886243,-4.825233455722917,376.329,40.52105758158534,-13.304540187506596,329.2,4888335,1789429923,2026-09-14T23:52:03Z,NASDAQ:TER
10.412815581451104,-45.57040671679192,-121.35339971886243,-4.825233455722917,376.329,40.52105758158534,-13.304540187506596,329.2,4888369,1789430100,2026-09-14T23:55:00Z,NASDAQ:TER
10.412815581451104,-45.57040671679192,-121.35339971886243,-4.825233455722917,376.329,40.52105758158534,-13.304540187506596,329.2,4888457,1789430282,2026-09-14T23:58:02Z,NASDAQ:TER
10.412815581451104,-45.57040671679192,-121.35339971886243,-4.825233455722917,376.329,40.52105758158534,-13.304540187506596,329.2,4889079,1789430462,2026-09-15T00:01:02Z,NASDAQ:TER
10.412815581451104,-45.57040671679192,-121.35339971886243,-4.825233455722917,376.329,40.52105758158534,-13.304540187506596,329.2,4889110,1789430639,2026-09-15T00:03:59Z,NASDAQ:TER
10.412815581451104,-45.57040671679192,-121.35339971886243,-4.825233455722917,376.329,40.52105758158534,-13.304540187506596,329.2,4889626,1789430822,2026-09-15T00:07:02Z,NASDAQ:TER
10.412815581451104,-45.57040671679192,-121.35339971886243,-4.825233455722917,376.329,40.52105758158534,-13.304540187506596,329.2,4889644,1789431003,2026-09-15T00:10:03Z,NASDAQ:TER
10.412815581451104,-45.57040671679192,-121.35339971886243,-4.825233455722917,376.329,40.52105758158534,-13.304540187506596,329.2,4889696,1789431183,2026-09-15T00:13:03Z,NASDAQ:TER
10.412815581451104,-45.57040671679192,-121.35339971886243,-4.825233455722917,376.329,40.52105758158534,-13.304540187506596,329.2,4889699,1789431366,2026-09-15T00:16:06Z,NASDAQ:TER
10.412815581451104,-45.57040671679192,-121.35339971886243,-4.825233455722917,376.329,40.52105758158534,-13.304540187506596,329.2,4889699,1789431545,2026-09-15T00:19:05Z,NASDAQ:TER
10.412815581451104,-45.57040671679192,-121.35339971886243,-4.825233455722917,376.329,40.52105758158534,-13.304540187506596,329.2,4889699,1789431721,2026-09-15T00:22:01Z,NASDAQ:TER
10.412815581451104,-45.57040671679192,-121.35339971886243,-4.825233455722917,376.329,40.52105758158534,-13.304540187506596,329.2,4889699,1789431902,2026-09-15T00:25:02Z,NASDAQ:TER
10.412815581451104,-45.57040671679192,-121.35339971886243,-4.825233455722917,376.329,40.52105758158534,-13.304540187506596,329.2,4889699,1789432082,2026-09-15T00:28:02Z,NASDAQ:TER
10.412815581451104,-45.57040671679192,-121.35339971886243,-4.825233455722917,376.329,40.52105758158534,-13.304540187506596,329.2,4889699,1789432262,2026-09-15T00:31:02Z,NASDAQ:TER
10.412815581451104,-45.57040671679192,-121.35339971886243,-4.825233455722917,376.329,40.52105758158534,-13.304540187506596,329.2,4889699,1789432443,2026-09-15T00:34:03Z,NASDAQ:TER
10.412815581451104,-45.57040671679192,-121.35339971886243,-4.825233455722917,376.329,40.52105758158534,-13.304540187506596,329.2,4889699,1789432622,2026-09-15T00:37:02Z,NASDAQ:TER
10.412815581451104,-45.57040671679192,-121.35339971886243,-4.825233455722917,376.329,40.52105758158534,-13.304540187506596,329.2,4889699,1789432801,2026-09-15T00:40:01Z,NASDAQ:TER
10.412815581451104,-45.57040671679192,-121.35339971886243,-4.825233455722917,376.329,40.52105758158534,-13.304540187506596,329.2,4889699,1789432982,2026-09-15T00:43:02Z,NASDAQ:TER
10.412815581451104,-45.57040671679192,-121.35339971886243,-4.825233455722917,376.329,40.52105758158534,-13.304540187506596,329.2,4889699,1789433161,2026-09-15T00:46:01Z,NASDAQ:TER
10.412815581451104,-45.57040671679192,-121.35339971886243,-4.825233455722917,376.329,40.52105758158534,-13.304540187506596,329.2,4889699,1789433342,2026-09-15T00:49:02Z,NASDAQ:TER
10.412815581451104,-45.57040671679192,-121.35339971886243,-4.825233455722917,376.329,40.52105758158534,-13.304540187506596,329.2,4889699,1789433524,2026-09-15T00:52:04Z,NASDAQ:TER
10.412815581451104,-45.57040671679192,-121.35339971886243,-4.825233455722917,376.329,40.52105758158534,-13.304540187506596,329.2,4889699,1789433702,2026-09-15T00:55:02Z,NASDAQ:TER
10.412815581451104,-45.57040671679192,-121.35339971886243,-4.825233455722917,376.329,40.52105758158534,-13.304540187506596,329.2,4889699,1789433879,2026-09-15T00:57:59Z,NASDAQ:TER
10.412815581451104,-45.57040671679192,-121.35339971886243,-4.825233455722917,376.329,40.52105758158534,-13.304540187506596,329.2,4889699,1789434064,2026-09-15T01:01:04Z,NASDAQ:TER
10.412815581451104,-45.57040671679192,-121.35339971886243,-4.825233455722917,376.329,40.52105758158534,-13.304540187506596,329.2,4889699,1789434241,2026-09-15T01:04:01Z,NASDAQ:TER
10.412815581451104,-45.57040671679192,-121.35339971886243,-4.825233455722917,376.329,40.52105758158534,-13.304540187506596,329.2,4889699,1789434423,2026-09-15T01:07:03Z,NASDAQ:TER
10.412815581451104,-45.57040671679192,-121.35339971886243,-4.825233455722917,376.329,40.52105758158534,-13.304540187506596,329.2,4889699,1789434598,2026-09-15T01:09:58Z,NASDAQ:TER
10.412815581451104,-45.57040671679192,-121.35339971886243,-4.825233455722917,376.329,40.52105758158534,-13.304540187506596,329.2,4889699,1789434780,2026-09-15T01:13:00Z,NASDAQ:TER
10.412815581451104,-45.57040671679192,-121.35339971886243,-4.825233455722917,376.329,40.52105758158534,-13.304540187506596,329.2,4889699,1789434963,2026-09-15T01:16:03Z,NASDAQ:TER
10.412815581451104,-45.57040671679192,-121.35339971886243,-4.825233455722917,376.329,40.52105758158534,-13.304540187506596,329.2,4889699,1789435141,2026-09-15T01:19:01Z,NASDAQ:TER
10.412815581451104,-45.57040671679192,-121.35339971886243,-4.825233455722917,376.329,40.52105758158534,-13.304540187506596,329.2,4889699,1789435322,2026-09-15T01:22:02Z,NASDAQ:TER
10.412815581451104,-45.57040671679192,-121.35339971886243,-4.825233455722917,376.329,40.52105758158534,-13.304540187506596,329.2,4889699,1789435500,2026-09-15T01:25:00Z,NASDAQ:TER
10.412815581451104,-45.57040671679192,-121.35339971886243,-4.825233455722917,376.329,40.52105758158534,-13.304540187506596,329.2,4889699,1789435679,2026-09-15T01:27:59Z,NASDAQ:TER
10.412815581451104,-45.57040671679192,-121.35339971886243,-4.825233455722917,376.329,40.52105758158534,-13.304540187506596,329.2,4889699,1789435861,2026-09-15T01:31:01Z,NASDAQ:TER
10.412815581451104,-45.57040671679192,-121.35339971886243,-4.825233455722917,376.329,40.52105758158534,-13.304540187506596,329.2,4889699,1789436042,2026-09-15T01:34:02Z,NASDAQ:TER
10.412815581451104,-45.57040671679192,-121.35339971886243,-4.825233455722917,376.329,40.52105758158534,-13.304540187506596,329.2,4889699,1789436221,2026-09-15T01:37:01Z,NASDAQ:TER
10.412815581451104,-45.57040671679192,-121.35339971886243,-4.825233455722917,376.329,40.52105758158534,-13.304540187506596,329.2,4889699,1789436403,2026-09-15T01:40:03Z,NASDAQ:TER
10.412815581451104,-45.57040671679192,-121.35339971886243,-4.825233455722917,376.329,40.52105758158534,-13.304540187506596,329.2,4889699,1789436577,2026-09-15T01:42:57Z,NASDAQ:TER
10.412815581451104,-45.57040671679192,-121.35339971886243,-4.825233455722917,376.329,40.52105758158534,-13.304540187506596,329.2,4889699,1789436762,2026-09-15T01:46:02Z,NASDAQ:TER
10.412815581451104,-45.57040671679192,-121.35339971886243,-4.825233455722917,376.329,40.52105758158534,-13.304540187506596,329.2,4889699,1789436940,2026-09-15T01:49:00Z,NASDAQ:TER
10.412815581451104,-45.57040671679192,-121.35339971886243,-4.825233455722917,376.329,40.52105758158534,-13.304540187506596,329.2,4889699,1789437129,2026-09-15T01:52:09Z,NASDAQ:TER
10.412815581451104,-45.57040671679192,-121.35339971886243,-4.825233455722917,376.329,40.52105758158534,-13.304540187506596,329.2,4889699,1789437297,2026-09-15T01:54:57Z,NASDAQ:TER
10.412815581451104,-45.57040671679192,-121.35339971886243,-4.825233455722917,376.329,40.52105758158534,-13.304540187506596,329.2,4889699,1789437479,2026-09-15T01:57:59Z,NASDAQ:TER
10.412815581451104,-45.57040671679192,-121.35339971886243,-4.825233455722917,376.329,40.52105758158534,-13.304540187506596,329.2,4889699,1789437663,2026-09-15T02:01:03Z,NASDAQ:TER
10.412815581451104,-45.57040671679192,-121.35339971886243,-4.825233455722917,376.329,40.52105758158534,-13.304540187506596,329.2,4889699,1789437846,2026-09-15T02:04:06Z,NASDAQ:TER
10.412815581451104,-45.57040671679192,-121.35339971886243,-4.825233455722917,376.329,40.52105758158534,-13.304540187506596,329.2,4889699,1789438020,2026-09-15T02:07:00Z,NASDAQ:TER
10.412815581451104,-45.57040671679192,-121.35339971886243,-4.825233455722917,376.329,40.52105758158534,-13.304540187506596,329.2,4889699,1789438204,2026-09-15T02:10:04Z,NASDAQ:TER
10.412815581451104,-45.57040671679192,-121.35339971886243,-4.825233455722917,376.329,40.52105758158534,-13.304540187506596,329.2,4889699,1789438384,2026-09-15T02:13:04Z,NASDAQ:TER
10.412815581451104,-45.57040671679192,-121.35339971886243,-4.825233455722917,376.329,40.52105758158534,-13.304540187506596,329.2,4889699,1789438562,2026-09-15T02:16:02Z,NASDAQ:TER
10.412815581451104,-45.57040671679192,-121.35339971886243,-4.825233455722917,376.329,40.52105758158534,-13.304540187506596,329.2,4889699,1789438743,2026-09-15T02:19:03Z,NASDAQ:TER
10.412815581451104,-45.57040671679192,-121.35339971886243,-4.825233455722917,376.329,40.52105758158534,-13.304540187506596,329.2,4889699,1789438918,2026-09-15T02:21:58Z,NASDAQ:TER
10.412815581451104,-45.57040671679192,-121.35339971886243,-4.825233455722917,376.329,40.52105758158534,-13.304540187506596,329.2,4889699,1789439103,2026-09-15T02:25:03Z,NASDAQ:TER
10.412815581451104,-45.57040671679192,-121.35339971886243,-4.825233455722917,376.329,40.52105758158534,-13.304540187506596,329.2,4889699,1789439279,2026-09-15T02:27:59Z,NASDAQ:TER
10.412815581451104,-45.57040671679192,-121.35339971886243,-4.825233455722917,376.329,40.52105758158534,-13.304540187506596,329.2,4889699,1789439461,2026-09-15T02:31:01Z,NASDAQ:TER
10.412815581451104,-45.57040671679192,-121.35339971886243,-4.825233455722917,376.329,40.52105758158534,-13.304540187506596,329.2,4889699,1789439642,2026-09-15T02:34:02Z,NASDAQ:TER
10.412815581451104,-45.57040671679192,-121.35339971886243,-4.825233455722917,376.329,40.52105758158534,-13.304540187506596,329.2,4889699,1789439827,2026-09-15T02:37:07Z,NASDAQ:TER
10.412815581451104,-45.57040671679192,-121.35339971886243,-4.825233455722917,376.329,40.52105758158534,-13.304540187506596,329.2,4889699,1789440001,2026-09-15T02:40:01Z,NASDAQ:TER
10.412815581451104,-45.57040671679192,-121.35339971886243,-4.825233455722917,376.329,40.52105758158534,-13.304540187506596,329.2,4889699,1789440187,2026-09-15T02:43:07Z,NASDAQ:TER
10.412815581451104,-45.57040671679192,-121.35339971886243,-4.825233455722917,376.329,40.52105758158534,-13.304540187506596,329.2,4889699,1789440365,2026-09-15T02:46:05Z,NASDAQ:TER
10.412815581451104,-45.57040671679192,-121.35339971886243,-4.825233455722917,376.329,40.52105758158534,-13.304540187506596,329.2,4889699,1789440541,2026-09-15T02:49:01Z,NASDAQ:TER
10.412815581451104,-45.57040671679192,-121.35339971886243,-4.825233455722917,376.329,40.52105758158534,-13.304540187506596,329.2,4889699,1789440722,2026-09-15T02:52:02Z,NASDAQ:TER
10.412815581451104,-45.57040671679192,-121.35339971886243,-4.825233455722917,376.329,40.52105758158534,-13.304540187506596,329.2,4889699,1789440900,2026-09-15T02:55:00Z,NASDAQ:TER
10.412815581451104,-45.57040671679192,-121.35339971886243,-4.825233455722917,376.329,40.52105758158534,-13.304540187506596,329.2,4889699,1789441082,2026-09-15T02:58:02Z,NASDAQ:TER
10.412815581451104,-45.57040671679192,-121.35339971886243,-4.825233455722917,376.329,40.52105758158534,-13.304540187506596,329.2,4889699,1789441259,2026-09-15T03:00:59Z,NASDAQ:TER
10.412815581451104,-45.57040671679192,-121.35339971886243,-4.825233455722917,376.329,40.52105758158534,-13.304540187506596,329.2,4889699,1789441443,2026-09-15T03:04:03Z,NASDAQ:TER
10.412815581451104,-45.57040671679192,-121.35339971886243,-4.825233455722917,376.329,40.52105758158534,-13.304540187506596,329.2,4889699,1789441621,2026-09-15T03:07:01Z,NASDAQ:TER
10.412815581451104,-45.57040671679192,-121.35339971886243,-4.825233455722917,376.329,40.52105758158534,-13.304540187506596,329.2,4889699,1789441800,2026-09-15T03:10:00Z,NASDAQ:TER
10.412815581451104,-45.57040671679192,-121.35339971886243,-4.825233455722917,376.329,40.52105758158534,-13.304540187506596,329.2,4889699,1789441981,2026-09-15T03:13:01Z,NASDAQ:TER
10.412815581451104,-45.57040671679192,-121.35339971886243,-4.825233455722917,376.329,40.52105758158534,-13.304540187506596,329.2,4889699,1789442159,2026-09-15T03:15:59Z,NASDAQ:TER
10.412815581451104,-45.57040671679192,-121.35339971886243,-4.825233455722917,376.329,40.52105758158534,-13.304540187506596,329.2,4889699,1789442342,2026-09-15T03:19:02Z,NASDAQ:TER
10.412815581451104,-45.57040671679192,-121.35339971886243,-4.825233455722917,376.329,40.52105758158534,-13.304540187506596,329.2,4889699,1789442524,2026-09-15T03:22:04Z,NASDAQ:TER
10.412815581451104,-45.57040671679192,-121.35339971886243,-4.825233455722917,376.329,40.52105758158534,-13.304540187506596,329.2,4889699,1789442699,2026-09-15T03:24:59Z,NASDAQ:TER
10.412815581451104,-45.57040671679192,-121.35339971886243,-4.825233455722917,376.329,40.52105758158534,-13.304540187506596,329.2,4889699,1789442880,2026-09-15T03:28:00Z,NASDAQ:TER
10.412815581451104,-45.57040671679192,-121.35339971886243,-4.825233455722917,376.329,40.52105758158534,-13.304540187506596,329.2,4889699,1789443062,2026-09-15T03:31:02Z,NASDAQ:TER
10.412815581451104,-45.57040671679192,-121.35339971886243,-4.825233455722917,376.329,40.52105758158534,-13.304540187506596,329.2,4889699,1789443241,2026-09-15T03:34:01Z,NASDAQ:TER
10.412815581451104,-45.57040671679192,-121.35339971886243,-4.825233455722917,376.329,40.52105758158534,-13.304540187506596,329.2,4889699,1789443420,2026-09-15T03:37:00Z,NASDAQ:TER
10.412815581451104,-45.57040671679192,-121.35339971886243,-4.825233455722917,376.329,40.52105758158534,-13.304540187506596,329.2,4889699,1789443601,2026-09-15T03:40:01Z,NASDAQ:TER
10.412815581451104,-45.57040671679192,-121.35339971886243,-4.825233455722917,376.329,40.52105758158534,-13.304540187506596,329.2,4889699,1789443780,2026-09-15T03:43:00Z,NASDAQ:TER
10.412815581451104,-45.57040671679192,-121.35339971886243,-4.825233455722917,376.329,40.52105758158534,-13.304540187506596,329.2,4889699,1789443964,2026-09-15T03:46:04Z,NASDAQ:TER
10.412815581451104,-45.57040671679192,-121.35339971886243,-4.825233455722917,376.329,40.52105758158534,-13.304540187506596,329.2,4889699,1789444142,2026-09-15T03:49:02Z,NASDAQ:TER
10.412815581451104,-45.57040671679192,-121.35339971886243,-4.825233455722917,376.329,40.52105758158534,-13.304540187506596,329.2,4889699,1789444322,2026-09-15T03:52:02Z,NASDAQ:TER
10.412815581451104,-45.57040671679192,-121.35339971886243,-4.825233455722917,376.329,40.52105758158534,-13.304540187506596,329.2,4889699,1789444502,2026-09-15T03:55:02Z,NASDAQ:TER
10.412815581451104,-45.57040671679192,-121.35339971886243,-4.825233455722917,376.329,40.52105758158534,-13.304540187506596,329.2,4889699,1789444680,2026-09-15T03:58:00Z,NASDAQ:TER
10.412815581451104,-45.57040671679192,-121.35339971886243,-4.825233455722917,376.329,40.52105758158534,-13.304540187506596,329.2,4889699,1789444864,2026-09-15T04:01:04Z,NASDAQ:TER
10.412815581451104,-45.57040671679192,-121.35339971886243,-4.825233455722917,376.329,40.52105758158534,-13.304540187506596,329.2,4889699,1789445041,2026-09-15T04:04:01Z,NASDAQ:TER
10.412815581451104,-45.57040671679192,-121.35339971886243,-4.825233455722917,376.329,40.52105758158534,-13.304540187506596,329.2,4889699,1789445221,2026-09-15T04:07:01Z,NASDAQ:TER
10.412815581451104,-45.57040671679192,-121.35339971886243,-4.825233455722917,376.329,40.52105758158534,-13.304540187506596,329.2,4889699,1789445405,2026-09-15T04:10:05Z,NASDAQ:TER
10.412815581451104,-45.57040671679192,-121.35339971886243,-4.825233455722917,376.329,40.52105758158534,-13.304540187506596,329.2,4889699,1789445582,2026-09-15T04:13:02Z,NASDAQ:TER
10.412815581451104,-45.57040671679192,-121.35339971886243,-4.825233455722917,376.329,40.52105758158534,-13.304540187506596,329.2,4889699,1789445763,2026-09-15T04:16:03Z,NASDAQ:TER
10.412815581451104,-45.57040671679192,-121.35339971886243,-4.825233455722917,376.329,40.52105758158534,-13.304540187506596,329.2,4889699,1789445939,2026-09-15T04:18:59Z,NASDAQ:TER
10.412815581451104,-45.57040671679192,-121.35339971886243,-4.825233455722917,376.329,40.52105758158534,-13.304540187506596,329.2,4889699,1789446121,2026-09-15T04:22:01Z,NASDAQ:TER
10.412815581451104,-45.57040671679192,-121.35339971886243,-4.825233455722917,376.329,40.52105758158534,-13.304540187506596,329.2,4889699,1789446299,2026-09-15T04:24:59Z,NASDAQ:TER
10.412815581451104,-45.57040671679192,-121.35339971886243,-4.825233455722917,376.329,40.52105758158534,-13.304540187506596,329.2,4889699,1789446480,2026-09-15T04:28:00Z,NASDAQ:TER
10.412815581451104,-45.57040671679192,-121.35339971886243,-4.825233455722917,376.329,40.52105758158534,-13.304540187506596,329.2,4889699,1789446659,2026-09-15T04:30:59Z,NASDAQ:TER
10.412815581451104,-45.57040671679192,-121.35339971886243,-4.825233455722917,376.329,40.52105758158534,-13.304540187506596,329.2,4889699,1789446843,2026-09-15T04:34:03Z,NASDAQ:TER
10.412815581451104,-45.57040671679192,-121.35339971886243,-4.825233455722917,376.329,40.52105758158534,-13.304540187506596,329.2,4889699,1789447022,2026-09-15T04:37:02Z,NASDAQ:TER
10.412815581451104,-45.57040671679192,-121.35339971886243,-4.825233455722917,376.329,40.52105758158534,-13.304540187506596,329.2,4889699,1789447201,2026-09-15T04:40:01Z,NASDAQ:TER
10.412815581451104,-45.57040671679192,-121.35339971886243,-4.825233455722917,376.329,40.52105758158534,-13.304540187506596,329.2,4889699,1789447376,2026-09-15T04:42:56Z,NASDAQ:TER
10.412815581451104,-45.57040671679192,-121.35339971886243,-4.825233455722917,376.329,40.52105758158534,-13.304540187506596,329.2,4889699,1789447561,2026-09-15T04:46:01Z,NASDAQ:TER
10.412815581451104,-45.57040671679192,-121.35339971886243,-4.825233455722917,376.329,40.52105758158534,-13.304540187506596,329.2,4889699,1789447742,2026-09-15T04:49:02Z,NASDAQ:TER
10.412815581451104,-45.57040671679192,-121.35339971886243,-4.825233455722917,376.329,40.52105758158534,-13.304540187506596,329.2,4889699,1789447925,2026-09-15T04:52:05Z,NASDAQ:TER
10.412815581451104,-45.57040671679192,-121.35339971886243,-4.825233455722917,376.329,40.52105758158534,-13.304540187506596,329.2,4889699,1789448101,2026-09-15T04:55:01Z,NASDAQ:TER
10.412815581451104,-45.57040671679192,-121.35339971886243,-4.825233455722917,376.329,40.52105758158534,-13.304540187506596,329.2,4889699,1789448287,2026-09-15T04:58:07Z,NASDAQ:TER
10.412815581451104,-45.57040671679192,-121.35339971886243,-4.825233455722917,376.329,40.52105758158534,-13.304540187506596,329.2,4889699,1789448464,2026-09-15T05:01:04Z,NASDAQ:TER
10.412815581451104,-45.57040671679192,-121.35339971886243,-4.825233455722917,376.329,40.52105758158534,-13.304540187506596,329.2,4889699,1789448640,2026-09-15T05:04:00Z,NASDAQ:TER
10.412815581451104,-45.57040671679192,-121.35339971886243,-4.825233455722917,376.329,40.52105758158534,-13.304540187506596,329.2,4889699,1789448820,2026-09-15T05:07:00Z,NASDAQ:TER
10.412815581451104,-45.57040671679192,-121.35339971886243,-4.825233455722917,376.329,40.52105758158534,-13.304540187506596,329.2,4889699,1789449000,2026-09-15T05:10:00Z,NASDAQ:TER
10.412815581451104,-45.57040671679192,-121.35339971886243,-4.825233455722917,376.329,40.52105758158534,-13.304540187506596,329.2,4889699,1789449177,2026-09-15T05:12:57Z,NASDAQ:TER
10.412815581451104,-45.57040671679192,-121.35339971886243,-4.825233455722917,376.329,40.52105758158534,-13.304540187506596,329.2,4889699,1789449365,2026-09-15T05:16:05Z,NASDAQ:TER
10.412815581451104,-45.57040671679192,-121.35339971886243,-4.825233455722917,376.329,40.52105758158534,-13.304540187506596,329.2,4889699,1789449543,2026-09-15T05:19:03Z,NASDAQ:TER
10.412815581451104,-45.57040671679192,-121.35339971886243,-4.825233455722917,376.329,40.52105758158534,-13.304540187506596,329.2,4889699,1789449724,2026-09-15T05:22:04Z,NASDAQ:TER
10.412815581451104,-45.57040671679192,-121.35339971886243,-4.825233455722917,376.329,40.52105758158534,-13.304540187506596,329.2,4889699,1789449902,2026-09-15T05:25:02Z,NASDAQ:TER
10.412815581451104,-45.57040671679192,-121.35339971886243,-4.825233455722917,376.329,40.52105758158534,-13.304540187506596,329.2,4889699,1789450082,2026-09-15T05:28:02Z,NASDAQ:TER
10.412815581451104,-45.57040671679192,-121.35339971886243,-4.825233455722917,376.329,40.52105758158534,-13.304540187506596,329.2,4889699,1789450264,2026-09-15T05:31:04Z,NASDAQ:TER
10.412815581451104,-45.57040671679192,-121.35339971886243,-4.825233455722917,376.329,40.52105758158534,-13.304540187506596,329.2,4889699,1789450442,2026-09-15T05:34:02Z,NASDAQ:TER
10.412815581451104,-45.57040671679192,-121.35339971886243,-4.825233455722917,376.329,40.52105758158534,-13.304540187506596,329.2,4889699,1789450622,2026-09-15T05:37:02Z,NASDAQ:TER
10.412815581451104,-45.57040671679192,-121.35339971886243,-4.825233455722917,376.329,40.52105758158534,-13.304540187506596,329.2,4889699,1789450799,2026-09-15T05:39:59Z,NASDAQ:TER
10.412815581451104,-45.57040671679192,-121.35339971886243,-4.825233455722917,376.329,40.52105758158534,-13.304540187506596,329.2,4889699,1789450981,2026-09-15T05:43:01Z,NASDAQ:TER
10.412815581451104,-45.57040671679192,-121.35339971886243,-4.825233455722917,376.329,40.52105758158534,-13.304540187506596,329.2,4889699,1789451159,2026-09-15T05:45:59Z,NASDAQ:TER
10.412815581451104,-45.57040671679192,-121.35339971886243,-4.825233455722917,376.329,40.52105758158534,-13.304540187506596,329.2,4889699,1789451341,2026-09-15T05:49:01Z,NASDAQ:TER
10.412815581451104,-45.57040671679192,-121.35339971886243,-4.825233455722917,376.329,40.52105758158534,-13.304540187506596,329.2,4889699,1789451520,2026-09-15T05:52:00Z,NASDAQ:TER
10.412815581451104,-45.57040671679192,-121.35339971886243,-4.825233455722917,376.329,40.52105758158534,-13.304540187506596,329.2,4889699,1789451700,2026-09-15T05:55:00Z,NASDAQ:TER
10.412815581451104,-45.57040671679192,-121.35339971886243,-4.825233455722917,376.329,40.52105758158534,-13.304540187506596,329.2,4889699,1789451880,2026-09-15T05:58:00Z,NASDAQ:TER
10.412815581451104,-45.57040671679192,-121.35339971886243,-4.825233455722917,376.329,40.52105758158534,-13.304540187506596,329.2,4889699,1789452062,2026-09-15T06:01:02Z,NASDAQ:TER
10.412815581451104,-45.57040671679192,-121.35339971886243,-4.825233455722917,376.329,40.52105758158534,-13.304540187506596,329.2,4889699,1789452239,2026-09-15T06:03:59Z,NASDAQ:TER
10.412815581451104,-45.57040671679192,-121.35339971886243,-4.825233455722917,376.329,40.52105758158534,-13.304540187506596,329.2,4889699,1789452420,2026-09-15T06:07:00Z,NASDAQ:TER
10.412815581451104,-45.57040671679192,-121.35339971886243,-4.825233455722917,376.329,40.52105758158534,-13.304540187506596,329.2,4889699,1789452604,2026-09-15T06:10:04Z,NASDAQ:TER
10.412815581451104,-45.57040671679192,-121.35339971886243,-4.825233455722917,376.329,40.52105758158534,-13.304540187506596,329.2,4889699,1789452779,2026-09-15T06:12:59Z,NASDAQ:TER
10.412815581451104,-45.57040671679192,-121.35339971886243,-4.825233455722917,376.329,40.52105758158534,-13.304540187506596,329.2,4889699,1789452956,2026-09-15T06:15:56Z,NASDAQ:TER
10.412815581451104,-45.57040671679192,-121.35339971886243,-4.825233455722917,376.329,40.52105758158534,-13.304540187506596,329.2,4889699,1789453145,2026-09-15T06:19:05Z,NASDAQ:TER
10.412815581451104,-45.57040671679192,-121.35339971886243,-4.825233455722917,376.329,40.52105758158534,-13.304540187506596,329.2,4889699,1789453322,2026-09-15T06:22:02Z,NASDAQ:TER
10.412815581451104,-45.57040671679192,-121.35339971886243,-4.825233455722917,376.329,40.52105758158534,-13.304540187506596,329.2,4889699,1789453501,2026-09-15T06:25:01Z,NASDAQ:TER
10.412815581451104,-45.57040671679192,-121.35339971886243,-4.825233455722917,376.329,40.52105758158534,-13.304540187506596,329.2,4889699,1789453683,2026-09-15T06:28:03Z,NASDAQ:TER
10.412815581451104,-45.57040671679192,-121.35339971886243,-4.825233455722917,376.329,40.52105758158534,-13.304540187506596,329.2,4889699,1789453860,2026-09-15T06:31:00Z,NASDAQ:TER
10.412815581451104,-45.57040671679192,-121.35339971886243,-4.825233455722917,376.329,40.52105758158534,-13.304540187506596,329.2,4889699,1789454043,2026-09-15T06:34:03Z,NASDAQ:TER
10.412815581451104,-45.57040671679192,-121.35339971886243,-4.825233455722917,376.329,40.52105758158534,-13.304540187506596,329.2,4889699,1789454217,2026-09-15T06:36:57Z,NASDAQ:TER
10.412815581451104,-45.57040671679192,-121.35339971886243,-4.825233455722917,376.329,40.52105758158534,-13.304540187506596,329.2,4889699,1789454402,2026-09-15T06:40:02Z,NASDAQ:TER
10.412815581451104,-45.57040671679192,-121.35339971886243,-4.825233455722917,376.329,40.52105758158534,-13.304540187506596,329.2,4889699,1789454580,2026-09-15T06:43:00Z,NASDAQ:TER
10.412815581451104,-45.57040671679192,-121.35339971886243,-4.825233455722917,376.329,40.52105758158534,-13.304540187506596,329.2,4889699,1789454759,2026-09-15T06:45:59Z,NASDAQ:TER
10.412815581451104,-45.57040671679192,-121.35339971886243,-4.825233455722917,376.329,40.52105758158534,-13.304540187506596,329.2,4889699,1789454944,2026-09-15T06:49:04Z,NASDAQ:TER
10.412815581451104,-45.57040671679192,-121.35339971886243,-4.825233455722917,376.329,40.52105758158534,-13.304540187506596,329.2,4889699,1789455118,2026-09-15T06:51:58Z,NASDAQ:TER
10.412815581451104,-45.57040671679192,-121.35339971886243,-4.825233455722917,376.329,40.52105758158534,-13.304540187506596,329.2,4889699,1789455300,2026-09-15T06:55:00Z,NASDAQ:TER
10.412815581451104,-45.57040671679192,-121.35339971886243,-4.825233455722917,376.329,40.52105758158534,-13.304540187506596,329.2,4889699,1789455480,2026-09-15T06:58:00Z,NASDAQ:TER
10.412815581451104,-45.57040671679192,-121.35339971886243,-4.825233455722917,376.329,40.52105758158534,-13.304540187506596,329.2,4889699,1789455660,2026-09-15T07:01:00Z,NASDAQ:TER
10.412815581451104,-45.57040671679192,-121.35339971886243,-4.825233455722917,376.329,40.52105758158534,-13.304540187506596,329.2,4889699,1789455842,2026-09-15T07:04:02Z,NASDAQ:TER
10.412815581451104,-45.57040671679192,-121.35339971886243,-4.825233455722917,376.329,40.52105758158534,-13.304540187506596,329.2,4889699,1789456020,2026-09-15T07:07:00Z,NASDAQ:TER
10.412815581451104,-45.57040671679192,-121.35339971886243,-4.825233455722917,376.329,40.52105758158534,-13.304540187506596,329.2,4889699,1789456201,2026-09-15T07:10:01Z,NASDAQ:TER
10.412815581451104,-45.57040671679192,-121.35339971886243,-4.825233455722917,376.329,40.52105758158534,-13.304540187506596,329.2,4889699,1789456377,2026-09-15T07:12:57Z,NASDAQ:TER
10.412815581451104,-45.57040671679192,-121.35339971886243,-4.825233455722917,376.329,40.52105758158534,-13.304540187506596,329.2,4889699,1789456561,2026-09-15T07:16:01Z,NASDAQ:TER
10.412815581451104,-45.57040671679192,-121.35339971886243,-4.825233455722917,376.329,40.52105758158534,-13.304540187506596,329.2,4889699,1789456739,2026-09-15T07:18:59Z,NASDAQ:TER
10.412815581451104,-45.57040671679192,-121.35339971886243,-4.825233455722917,376.329,40.52105758158534,-13.304540187506596,329.2,4889699,1789456922,2026-09-15T07:22:02Z,NASDAQ:TER
10.412815581451104,-45.57040671679192,-121.35339971886243,-4.825233455722917,376.329,40.52105758158534,-13.304540187506596,329.2,4889699,1789457100,2026-09-15T07:25:00Z,NASDAQ:TER
10.412815581451104,-45.57040671679192,-121.35339971886243,-4.825233455722917,376.329,40.52105758158534,-13.304540187506596,329.2,4889699,1789457283,2026-09-15T07:28:03Z,NASDAQ:TER
10.412815581451104,-45.57040671679192,-121.35339971886243,-4.825233455722917,376.329,40.52105758158534,-13.304540187506596,329.2,4889699,1789457464,2026-09-15T07:31:04Z,NASDAQ:TER
10.412815581451104,-45.57040671679192,-121.35339971886243,-4.825233455722917,376.329,40.52105758158534,-13.304540187506596,329.2,4889699,1789457640,2026-09-15T07:34:00Z,NASDAQ:TER
10.412815581451104,-45.57040671679192,-121.35339971886243,-4.825233455722917,376.329,40.52105758158534,-13.304540187506596,329.2,4889699,1789457822,2026-09-15T07:37:02Z,NASDAQ:TER
10.412815581451104,-45.57040671679192,-121.35339971886243,-4.825233455722917,376.329,40.52105758158534,-13.304540187506596,329.2,4889699,1789458005,2026-09-15T07:40:05Z,NASDAQ:TER
10.412815581451104,-45.57040671679192,-121.35339971886243,-4.825233455722917,376.329,40.52105758158534,-13.304540187506596,329.2,4889699,1789458179,2026-09-15T07:42:59Z,NASDAQ:TER
10.412815581451104,-45.57040671679192,-121.35339971886243,-4.825233455722917,376.329,40.52105758158534,-13.304540187506596,329.2,4889699,1789458360,2026-09-15T07:46:00Z,NASDAQ:TER
10.412815581451104,-45.57040671679192,-121.35339971886243,-4.825233455722917,376.329,40.52105758158534,-13.304540187506596,329.2,4889699,1789458540,2026-09-15T07:49:00Z,NASDAQ:TER
10.412815581451104,-45.57040671679192,-121.35339971886243,-4.825233455722917,376.329,40.52105758158534,-13.304540187506596,329.2,4889699,1789458720,2026-09-15T07:52:00Z,NASDAQ:TER
10.412815581451104,-45.57040671679192,-121.35339971886243,-4.825233455722917,376.329,40.52105758158534,-13.304540187506596,329.2,4889699,1789458900,2026-09-15T07:55:00Z,NASDAQ:TER
10.412815581451104,-45.57040671679192,-121.35339971886243,-4.825233455722917,376.329,40.52105758158534,-13.304540187506596,329.2,4889699,1789459080,2026-09-15T07:58:00Z,NASDAQ:TER
10.412815581451104,-45.57040671679192,-121.35339971886243,-4.825233455722917,376.329,40.52105758158534,-13.304540187506596,329.2,4889699,1789459261,2026-09-15T08:01:01Z,NASDAQ:TER
10.412815581451104,-45.57040671679192,-121.35339971886243,-4.825233455722917,376.329,40.52105758158534,-13.304540187506596,329.2,4889699,1789459442,2026-09-15T08:04:02Z,NASDAQ:TER
10.412815581451104,-45.57040671679192,-121.35339971886243,-4.825233455722917,376.329,40.52105758158534,-13.304540187506596,329.2,4889699,1789459623,2026-09-15T08:07:03Z,NASDAQ:TER
10.412815581451104,-45.57040671679192,-121.35339971886243,-4.825233455722917,376.329,40.52105758158534,-13.304540187506596,329.2,4889699,1789459798,2026-09-15T08:09:58Z,NASDAQ:TER
10.412815581451104,-45.57040671679192,-121.35339971886243,-4.825233455722917,376.329,40.52105758158534,-13.304540187506596,329.2,4889699,1789459979,2026-09-15T08:12:59Z,NASDAQ:TER
10.412815581451104,-45.57040671679192,-121.35339971886243,-4.825233455722917,376.329,40.52105758158534,-13.304540187506596,329.2,4889699,1789460161,2026-09-15T08:16:01Z,NASDAQ:TER
10.412815581451104,-45.57040671679192,-121.35339971886243,-4.825233455722917,376.329,40.52105758158534,-13.304540187506596,329.2,4889699,1789460341,2026-09-15T08:19:01Z,NASDAQ:TER
10.412815581451104,-45.57040671679192,-121.35339971886243,-4.825233455722917,376.329,40.52105758158534,-13.304540187506596,329.2,4889699,1789460518,2026-09-15T08:21:58Z,NASDAQ:TER
10.412815581451104,-45.57040671679192,-121.35339971886243,-4.825233455722917,376.329,40.52105758158534,-13.304540187506596,329.2,4889699,1789460700,2026-09-15T08:25:00Z,NASDAQ:TER
10.412815581451104,-45.57040671679192,-121.35339971886243,-4.825233455722917,376.329,40.52105758158534,-13.304540187506596,329.2,4889699,1789460880,2026-09-15T08:28:00Z,NASDAQ:TER
10.412815581451104,-45.57040671679192,-121.35339971886243,-4.825233455722917,376.329,40.52105758158534,-13.304540187506596,329.2,4889699,1789461061,2026-09-15T08:31:01Z,NASDAQ:TER
10.412815581451104,-45.57040671679192,-121.35339971886243,-4.825233455722917,376.329,40.52105758158534,-13.304540187506596,329.2,4889699,1789461238,2026-09-15T08:33:58Z,NASDAQ:TER
10.412815581451104,-45.57040671679192,-121.35339971886243,-4.825233455722917,376.329,40.52105758158534,-13.304540187506596,329.2,4889699,1789461419,2026-09-15T08:36:59Z,NASDAQ:TER
10.412815581451104,-45.57040671679192,-121.35339971886243,-4.825233455722917,376.329,40.52105758158534,-13.304540187506596,329.2,4889699,1789461602,2026-09-15T08:40:02Z,NASDAQ:TER
10.412815581451104,-45.57040671679192,-121.35339971886243,-4.825233455722917,376.329,40.52105758158534,-13.304540187506596,329.2,4889699,1789461781,2026-09-15T08:43:01Z,NASDAQ:TER
10.412815581451104,-45.57040671679192,-121.35339971886243,-4.825233455722917,376.329,40.52105758158534,-13.304540187506596,329.2,4889699,1789461961,2026-09-15T08:46:01Z,NASDAQ:TER
10.412815581451104,-45.57040671679192,-121.35339971886243,-4.825233455722917,376.329,40.52105758158534,-13.304540187506596,329.2,4889699,1789462140,2026-09-15T08:49:00Z,NASDAQ:TER
10.412815581451104,-45.57040671679192,-121.35339971886243,-4.825233455722917,376.329,40.52105758158534,-13.304540187506596,329.2,4889699,1789462322,2026-09-15T08:52:02Z,NASDAQ:TER
10.412815581451104,-45.57040671679192,-121.35339971886243,-4.825233455722917,376.329,40.52105758158534,-13.304540187506596,329.2,4889699,1789462495,2026-09-15T08:54:55Z,NASDAQ:TER
10.412815581451104,-45.57040671679192,-121.35339971886243,-4.825233455722917,376.329,40.52105758158534,-13.304540187506596,329.2,4889699,1789462675,2026-09-15T08:57:55Z,NASDAQ:TER
10.412815581451104,-45.57040671679192,-121.35339971886243,-4.825233455722917,376.329,40.52105758158534,-13.304540187506596,329.2,4889699,1789462859,2026-09-15T09:00:59Z,NASDAQ:TER
10.412815581451104,-45.57040671679192,-121.35339971886243,-4.825233455722917,376.329,40.52105758158534,-13.304540187506596,329.2,4889699,1789463040,2026-09-15T09:04:00Z,NASDAQ:TER
10.412815581451104,-45.57040671679192,-121.35339971886243,-4.825233455722917,376.329,40.52105758158534,-13.304540187506596,329.2,4889699,1789463221,2026-09-15T09:07:01Z,NASDAQ:TER
10.412815581451104,-45.57040671679192,-121.35339971886243,-4.825233455722917,376.329,40.52105758158534,-13.304540187506596,329.2,4889699,1789463398,2026-09-15T09:09:58Z,NASDAQ:TER
10.412815581451104,-45.57040671679192,-121.35339971886243,-4.825233455722917,376.329,40.52105758158534,-13.304540187506596,329.2,4889699,1789463582,2026-09-15T09:13:02Z,NASDAQ:TER
10.412815581451104,-45.57040671679192,-121.35339971886243,-4.825233455722917,376.329,40.52105758158534,-13.304540187506596,329.2,4889699,1789463759,2026-09-15T09:15:59Z,NASDAQ:TER
10.412815581451104,-45.57040671679192,-121.35339971886243,-4.825233455722917,376.329,40.52105758158534,-13.304540187506596,329.2,4889699,1789463941,2026-09-15T09:19:01Z,NASDAQ:TER
10.412815581451104,-45.57040671679192,-121.35339971886243,-4.825233455722917,376.329,40.52105758158534,-13.304540187506596,329.2,4889699,1789464116,2026-09-15T09:21:56Z,NASDAQ:TER
10.412815581451104,-45.57040671679192,-121.35339971886243,-4.825233455722917,376.329,40.52105758158534,-13.304540187506596,329.2,4889699,1789464301,2026-09-15T09:25:01Z,NASDAQ:TER
10.412815581451104,-45.57040671679192,-121.35339971886243,-4.825233455722917,376.329,40.52105758158534,-13.304540187506596,329.2,4889699,1789464482,2026-09-15T09:28:02Z,NASDAQ:TER
10.412815581451104,-45.57040671679192,-121.35339971886243,-4.825233455722917,376.329,40.52105758158534,-13.304540187506596,329.2,4889699,1789464660,2026-09-15T09:31:00Z,NASDAQ:TER
10.412815581451104,-45.57040671679192,-121.35339971886243,-4.825233455722917,376.329,40.52105758158534,-13.304540187506596,329.2,4889699,1789464838,2026-09-15T09:33:58Z,NASDAQ:TER
10.412815581451104,-45.57040671679192,-121.35339971886243,-4.825233455722917,376.329,40.52105758158534,-13.304540187506596,329.2,4889699,1789465024,2026-09-15T09:37:04Z,NASDAQ:TER
10.412815581451104,-45.57040671679192,-121.35339971886243,-4.825233455722917,376.329,40.52105758158534,-13.304540187506596,329.2,4889699,1789465198,2026-09-15T09:39:58Z,NASDAQ:TER
10.412815581451104,-45.57040671679192,-121.35339971886243,-4.825233455722917,376.329,40.52105758158534,-13.304540187506596,329.2,4889699,1789465380,2026-09-15T09:43:00Z,NASDAQ:TER
10.412815581451104,-45.57040671679192,-121.35339971886243,-4.825233455722917,376.329,40.52105758158534,-13.304540187506596,329.2,4889699,1789465562,2026-09-15T09:46:02Z,NASDAQ:TER
10.412815581451104,-45.57040671679192,-121.35339971886243,-4.825233455722917,376.329,40.52105758158534,-13.304540187506596,329.2,4889699,1789465742,2026-09-15T09:49:02Z,NASDAQ:TER
10.412815581451104,-45.57040671679192,-121.35339971886243,-4.825233455722917,376.329,40.52105758158534,-13.304540187506596,329.2,4889699,1789465918,2026-09-15T09:51:58Z,NASDAQ:TER
10.412815581451104,-45.57040671679192,-121.35339971886243,-4.825233455722917,376.329,40.52105758158534,-13.304540187506596,329.2,4889699,1789466100,2026-09-15T09:55:00Z,NASDAQ:TER
10.412815581451104,-45.57040671679192,-121.35339971886243,-4.825233455722917,376.329,40.52105758158534,-13.304540187506596,329.2,4889699,1789466277,2026-09-15T09:57:57Z,NASDAQ:TER
10.412815581451104,-45.57040671679192,-121.35339971886243,-4.825233455722917,376.329,40.52105758158534,-13.304540187506596,329.2,4889699,1789466460,2026-09-15T10:01:00Z,NASDAQ:TER
10.412815581451104,-45.57040671679192,-121.35339971886243,-4.825233455722917,376.329,40.52105758158534,-13.304540187506596,329.2,4889699,1789466643,2026-09-15T10:04:03Z,NASDAQ:TER
10.412815581451104,-45.57040671679192,-121.35339971886243,-4.825233455722917,376.329,40.52105758158534,-13.304540187506596,329.2,4889699,1789466818,2026-09-15T10:06:58Z,NASDAQ:TER
10.412815581451104,-45.57040671679192,-121.35339971886243,-4.825233455722917,376.329,40.52105758158534,-13.304540187506596,329.2,4889699,1789467001,2026-09-15T10:10:01Z,NASDAQ:TER
10.412815581451104,-45.57040671679192,-121.35339971886243,-4.825233455722917,376.329,40.52105758158534,-13.304540187506596,329.2,4889699,1789467182,2026-09-15T10:13:02Z,NASDAQ:TER
10.412815581451104,-45.57040671679192,-121.35339971886243,-4.825233455722917,376.329,40.52105758158534,-13.304540187506596,329.2,4889699,1789467360,2026-09-15T10:16:00Z,NASDAQ:TER
10.412815581451104,-45.57040671679192,-121.35339971886243,-4.825233455722917,376.329,40.52105758158534,-13.304540187506596,329.2,4889699,1789467543,2026-09-15T10:19:03Z,NASDAQ:TER
10.412815581451104,-45.57040671679192,-121.35339971886243,-4.825233455722917,376.329,40.52105758158534,-13.304540187506596,329.2,4889699,1789467721,2026-09-15T10:22:01Z,NASDAQ:TER
10.412815581451104,-45.57040671679192,-121.35339971886243,-4.825233455722917,376.329,40.52105758158534,-13.304540187506596,329.2,4889699,1789467901,2026-09-15T10:25:01Z,NASDAQ:TER
10.412815581451104,-45.57040671679192,-121.35339971886243,-4.825233455722917,376.329,40.52105758158534,-13.304540187506596,329.2,4889699,1789468079,2026-09-15T10:27:59Z,NASDAQ:TER
10.412815581451104,-45.57040671679192,-121.35339971886243,-4.825233455722917,376.329,40.52105758158534,-13.304540187506596,329.2,4889699,1789468262,2026-09-15T10:31:02Z,NASDAQ:TER
10.412815581451104,-45.57040671679192,-121.35339971886243,-4.825233455722917,376.329,40.52105758158534,-13.304540187506596,329.2,4889699,1789468440,2026-09-15T10:34:00Z,NASDAQ:TER
10.412815581451104,-45.57040671679192,-121.35339971886243,-4.825233455722917,376.329,40.52105758158534,-13.304540187506596,329.2,4889699,1789468625,2026-09-15T10:37:05Z,NASDAQ:TER
10.412815581451104,-45.57040671679192,-121.35339971886243,-4.825233455722917,376.329,40.52105758158534,-13.304540187506596,329.2,4889699,1789468801,2026-09-15T10:40:01Z,NASDAQ:TER
10.412815581451104,-45.57040671679192,-121.35339971886243,-4.825233455722917,376.329,40.52105758158534,-13.304540187506596,329.2,4889699,1789468981,2026-09-15T10:43:01Z,NASDAQ:TER
10.412815581451104,-45.57040671679192,-121.35339971886243,-4.825233455722917,376.329,40.52105758158534,-13.304540187506596,329.2,4889699,1789469159,2026-09-15T10:45:59Z,NASDAQ:TER
10.412815581451104,-45.57040671679192,-121.35339971886243,-4.825233455722917,376.329,40.52105758158534,-13.304540187506596,329.2,4889699,1789469340,2026-09-15T10:49:00Z,NASDAQ:TER
10.412815581451104,-45.57040671679192,-121.35339971886243,-4.825233455722917,376.329,40.52105758158534,-13.304540187506596,329.2,4889699,1789469524,2026-09-15T10:52:04Z,NASDAQ:TER
10.412815581451104,-45.57040671679192,-121.35339971886243,-4.825233455722917,376.329,40.52105758158534,-13.304540187506596,329.2,4889699,1789469703,2026-09-15T10:55:03Z,NASDAQ:TER
10.412815581451104,-45.57040671679192,-121.35339971886243,-4.825233455722917,376.329,40.52105758158534,-13.304540187506596,329.2,4889699,1789469883,2026-09-15T10:58:03Z,NASDAQ:TER
10.412815581451104,-45.57040671679192,-121.35339971886243,-4.825233455722917,376.329,40.52105758158534,-13.304540187506596,329.2,4889699,1789470060,2026-09-15T11:01:00Z,NASDAQ:TER
10.412815581451104,-45.57040671679192,-121.35339971886243,-4.825233455722917,376.329,40.52105758158534,-13.304540187506596,329.2,4889699,1789470241,2026-09-15T11:04:01Z,NASDAQ:TER
10.412815581451104,-45.57040671679192,-121.35339971886243,-4.825233455722917,376.329,40.52105758158534,-13.304540187506596,329.2,4889699,1789470421,2026-09-15T11:07:01Z,NASDAQ:TER
10.412815581451104,-45.57040671679192,-121.35339971886243,-4.825233455722917,376.329,40.52105758158534,-13.304540187506596,329.2,4889699,1789470602,2026-09-15T11:10:02Z,NASDAQ:TER
10.412815581451104,-45.57040671679192,-121.35339971886243,-4.825233455722917,376.329,40.52105758158534,-13.304540187506596,329.2,4889699,1789470775,2026-09-15T11:12:55Z,NASDAQ:TER
10.412815581451104,-45.57040671679192,-121.35339971886243,-4.825233455722917,376.329,40.52105758158534,-13.304540187506596,329.2,4889699,1789470962,2026-09-15T11:16:02Z,NASDAQ:TER
10.412815581451104,-45.57040671679192,-121.35339971886243,-4.825233455722917,376.329,40.52105758158534,-13.304540187506596,329.2,4889699,1789471138,2026-09-15T11:18:58Z,NASDAQ:TER
10.412815581451104,-45.57040671679192,-121.35339971886243,-4.825233455722917,376.329,40.52105758158534,-13.304540187506596,329.2,4889699,1789471320,2026-09-15T11:22:00Z,NASDAQ:TER
10.412815581451104,-45.57040671679192,-121.35339971886243,-4.825233455722917,376.329,40.52105758158534,-13.304540187506596,329.2,4889699,1789471498,2026-09-15T11:24:58Z,NASDAQ:TER
10.412815581451104,-45.57040671679192,-121.35339971886243,-4.825233455722917,376.329,40.52105758158534,-13.304540187506596,329.2,4889699,1789471684,2026-09-15T11:28:04Z,NASDAQ:TER
10.412815581451104,-45.57040671679192,-121.35339971886243,-4.825233455722917,376.329,40.52105758158534,-13.304540187506596,329.2,4889699,1789471857,2026-09-15T11:30:57Z,NASDAQ:TER
10.412815581451104,-45.57040671679192,-121.35339971886243,-4.825233455722917,376.329,40.52105758158534,-13.304540187506596,329.2,4889699,1789472040,2026-09-15T11:34:00Z,NASDAQ:TER
10.412815581451104,-45.57040671679192,-121.35339971886243,-4.825233455722917,376.329,40.52105758158534,-13.304540187506596,329.2,4889699,1789472224,2026-09-15T11:37:04Z,NASDAQ:TER
10.412815581451104,-45.57040671679192,-121.35339971886243,-4.825233455722917,376.329,40.52105758158534,-13.304540187506596,329.2,4889699,1789472399,2026-09-15T11:39:59Z,NASDAQ:TER
10.412815581451104,-45.57040671679192,-121.35339971886243,-4.825233455722917,376.329,40.52105758158534,-13.304540187506596,329.2,4889699,1789472576,2026-09-15T11:42:56Z,NASDAQ:TER
10.412815581451104,-45.57040671679192,-121.35339971886243,-4.825233455722917,376.329,40.52105758158534,-13.304540187506596,329.2,4889699,1789472760,2026-09-15T11:46:00Z,NASDAQ:TER
10.412815581451104,-45.57040671679192,-121.35339971886243,-4.825233455722917,376.329,40.52105758158534,-13.304540187506596,329.2,4889699,1789472938,2026-09-15T11:48:58Z,NASDAQ:TER
10.412815581451104,-45.57040671679192,-121.35339971886243,-4.825233455722917,376.329,40.52105758158534,-13.304540187506596,329.2,4889699,1789473122,2026-09-15T11:52:02Z,NASDAQ:TER
10.412815581451104,-45.57040671679192,-121.35339971886243,-4.825233455722917,376.329,40.52105758158534,-13.304540187506596,329.2,4889699,1789473300,2026-09-15T11:55:00Z,NASDAQ:TER
10.412815581451104,-45.57040671679192,-121.35339971886243,-4.825233455722917,376.329,40.52105758158534,-13.304540187506596,329.2,4889699,1789473481,2026-09-15T11:58:01Z,NASDAQ:TER
10.412815581451104,-45.57040671679192,-121.35339971886243,-4.825233455722917,376.329,40.52105758158534,-13.304540187506596,329.2,4889699,1789473660,2026-09-15T12:01:00Z,NASDAQ:TER
10.412815581451104,-45.57040671679192,-121.35339971886243,-4.825233455722917,376.329,40.52105758158534,-13.304540187506596,329.2,4889699,1789473840,2026-09-15T12:04:00Z,NASDAQ:TER
10.412815581451104,-45.57040671679192,-121.35339971886243,-4.825233455722917,376.329,40.52105758158534,-13.304540187506596,329.2,4889699,1789474023,2026-09-15T12:07:03Z,NASDAQ:TER
10.412815581451104,-45.57040671679192,-121.35339971886243,-4.825233455722917,376.329,40.52105758158534,-13.304540187506596,329.2,4889699,1789474197,2026-09-15T12:09:57Z,NASDAQ:TER
10.412815581451104,-45.57040671679192,-121.35339971886243,-4.825233455722917,376.329,40.52105758158534,-13.304540187506596,329.2,4889699,1789474380,2026-09-15T12:13:00Z,NASDAQ:TER
10.412815581451104,-45.57040671679192,-121.35339971886243,-4.825233455722917,376.329,40.52105758158534,-13.304540187506596,329.2,4889699,1789474561,2026-09-15T12:16:01Z,NASDAQ:TER
10.412815581451104,-45.57040671679192,-121.35339971886243,-4.825233455722917,376.329,40.52105758158534,-13.304540187506596,329.2,4889699,1789474740,2026-09-15T12:19:00Z,NASDAQ:TER
10.412815581451104,-45.57040671679192,-121.35339971886243,-4.825233455722917,376.329,40.52105758158534,-13.304540187506596,329.2,4889699,1789474919,2026-09-15T12:21:59Z,NASDAQ:TER
10.412815581451104,-45.57040671679192,-121.35339971886243,-4.825233455722917,376.329,40.52105758158534,-13.304540187506596,329.2,4889699,1789475100,2026-09-15T12:25:00Z,NASDAQ:TER
10.412815581451104,-45.57040671679192,-121.35339971886243,-4.825233455722917,376.329,40.52105758158534,-13.304540187506596,329.2,4889699,1789475277,2026-09-15T12:27:57Z,NASDAQ:TER
10.412815581451104,-45.57040671679192,-121.35339971886243,-4.825233455722917,376.329,40.52105758158534,-13.304540187506596,329.2,4889699,1789475462,2026-09-15T12:31:02Z,NASDAQ:TER
10.412815581451104,-45.57040671679192,-121.35339971886243,-4.825233455722917,376.329,40.52105758158534,-13.304540187506596,329.2,4889699,1789475638,2026-09-15T12:33:58Z,NASDAQ:TER
10.412815581451104,-45.57040671679192,-121.35339971886243,-4.825233455722917,376.329,40.52105758158534,-13.304540187506596,329.2,4889699,1789475819,2026-09-15T12:36:59Z,NASDAQ:TER
10.412815581451104,-45.57040671679192,-121.35339971886243,-4.825233455722917,376.329,40.52105758158534,-13.304540187506596,329.2,4889699,1789475999,2026-09-15T12:39:59Z,NASDAQ:TER
10.412815581451104,-45.57040671679192,-121.35339971886243,-4.825233455722917,376.329,40.52105758158534,-13.304540187506596,329.2,4889699,1789476180,2026-09-15T12:43:00Z,NASDAQ:TER
10.412815581451104,-45.57040671679192,-121.35339971886243,-4.825233455722917,376.329,40.52105758158534,-13.304540187506596,329.2,4889699,1789476360,2026-09-15T12:46:00Z,NASDAQ:TER
10.412815581451104,-45.57040671679192,-121.35339971886243,-4.825233455722917,376.329,40.52105758158534,-13.304540187506596,329.2,4889699,1789476542,2026-09-15T12:49:02Z,NASDAQ:TER
10.412815581451104,-45.57040671679192,-121.35339971886243,-4.825233455722917,376.329,40.52105758158534,-13.304540187506596,329.2,4889699,1789476720,2026-09-15T12:52:00Z,NASDAQ:TER
10.412815581451104,-45.57040671679192,-121.35339971886243,-4.825233455722917,376.329,40.52105758158534,-13.304540187506596,329.2,4889699,1789476902,2026-09-15T12:55:02Z,NASDAQ:TER
10.412815581451104,-45.57040671679192,-121.35339971886243,-4.825233455722917,376.329,40.52105758158534,-13.304540187506596,329.2,4889699,1789477081,2026-09-15T12:58:01Z,NASDAQ:TER
10.412815581451104,-45.57040671679192,-121.35339971886243,-4.825233455722917,376.329,40.52105758158534,-13.304540187506596,329.2,4889699,1789477259,2026-09-15T13:00:59Z,NASDAQ:TER
10.412815581451104,-45.57040671679192,-121.35339971886243,-4.825233455722917,376.329,40.52105758158534,-13.304540187506596,329.2,4889699,1789477440,2026-09-15T13:04:00Z,NASDAQ:TER
10.412815581451104,-45.57040671679192,-121.35339971886243,-4.825233455722917,376.329,40.52105758158534,-13.304540187506596,329.2,4889699,1789477616,2026-09-15T13:06:56Z,NASDAQ:TER
10.412815581451104,-45.57040671679192,-121.35339971886243,-4.825233455722917,376.329,40.52105758158534,-13.304540187506596,329.2,4889699,1789477801,2026-09-15T13:10:01Z,NASDAQ:TER
10.412815581451104,-45.57040671679192,-121.35339971886243,-4.825233455722917,376.329,40.52105758158534,-13.304540187506596,329.2,4889699,1789477981,2026-09-15T13:13:01Z,NASDAQ:TER
10.412815581451104,-45.57040671679192,-121.35339971886243,-4.825233455722917,376.329,40.52105758158534,-13.304540187506596,329.2,4889699,1789478161,2026-09-15T13:16:01Z,NASDAQ:TER
10.412815581451104,-45.57040671679192,-121.35339971886243,-4.825233455722917,376.329,40.52105758158534,-13.304540187506596,329.2,4889699,1789478341,2026-09-15T13:19:01Z,NASDAQ:TER
10.412815581451104,-45.57040671679192,-121.35339971886243,-4.825233455722917,376.329,40.52105758158534,-13.304540187506596,329.2,4889699,1789478523,2026-09-15T13:22:03Z,NASDAQ:TER
10.412815581451104,-45.57040671679192,-121.35339971886243,-4.825233455722917,376.329,40.52105758158534,-13.304540187506596,329.2,4889699,1789478701,2026-09-15T13:25:01Z,NASDAQ:TER
10.412815581451104,-45.57040671679192,-121.35339971886243,-4.825233455722917,376.329,40.52105758158534,-13.304540187506596,329.2,4889699,1789478880,2026-09-15T13:28:00Z,NASDAQ:TER
10.412815581451104,-45.57040671679192,-121.35339971886243,-4.825233455722917,376.329,40.52105758158534,-13.304540187506596,329.2,4889699,1789479060,2026-09-15T13:31:00Z,NASDAQ:TER
10.412815581451104,-45.57040671679192,-121.35339971886243,-4.825233455722917,376.329,40.52105758158534,-13.304540187506596,329.2,4889699,1789479243,2026-09-15T13:34:03Z,NASDAQ:TER
10.412815581451104,-45.57040671679192,-121.35339971886243,-4.825233455722917,376.329,40.52105758158534,-13.304540187506596,329.2,4889699,1789479420,2026-09-15T13:37:00Z,NASDAQ:TER
10.412815581451104,-45.57040671679192,-121.35339971886243,-4.825233455722917,376.329,40.52105758158534,-13.304540187506596,329.2,4889699,1789479602,2026-09-15T13:40:02Z,NASDAQ:TER
10.412815581451104,-45.57040671679192,-121.35339971886243,-4.825233455722917,376.329,40.52105758158534,-13.304540187506596,329.2,4889699,1789479783,2026-09-15T13:43:03Z,NASDAQ:TER
10.608149171189078,-42.135348614393024,-111.35533298065668,-8.092485549132938,376.329,42.35246738389294,1.9106925880923515,335.49,103514,1789479955,2026-09-15T13:45:55Z,NASDAQ:TER
10.608149171189078,-42.7039200429644,-112.65709277820604,-8.199326082787703,376.329,42.24220004333456,1.7922235722964868,335.1,139259,1789480140,2026-09-15T13:49:00Z,NASDAQ:TER
10.608149171189078,-45.42677718582161,-119.0860845051466,-8.752705257102154,376.329,41.66425346209388,1.1786148238153085,333.08,164531,1789480318,2026-09-15T13:51:58Z,NASDAQ:TER
10.608149171189078,-46.6439200429644,-124.75412581730868,-9.503328493548477,376.329,40.86156676644791,0.3462940461725353,330.34,202674,1789480506,2026-09-15T13:55:06Z,NASDAQ:TER
10.608149171189078,-47.272491471535886,-122.13036811941068,-8.900638303701054,376.329,41.50778835924443,1.0145808019441167,332.54,220578,1789480684,2026-09-15T13:58:04Z,NASDAQ:TER
10.608149171189078,-47.03106290010726,-123.13955449148212,-9.132126126619726,376.329,41.26125805042947,0.7578979343863926,331.695,240316,1789480861,2026-09-15T14:01:01Z,NASDAQ:TER
10.608149171189078,-47.06106290010735,-123.01424947762769,-9.103361367558822,376.329,41.29200500567161,0.7897934386391321,331.8,255070,1789481039,2026-09-15T14:03:59Z,NASDAQ:TER
10.608149171189078,-46.87820575725016,-123.7775872283396,-9.278689422787156,376.329,41.10409354856966,0.5953827460510439,331.16,269827,1789481220,2026-09-15T14:07:00Z,NASDAQ:TER
10.608149171189078,-46.96963432867869,-123.39604576911036,-9.191025395172987,376.329,41.19819940273413,0.692588092345088,331.48,281981,1789481402,2026-09-15T14:10:02Z,NASDAQ:TER
10.608149171189078,-47.023920042964505,-123.16938497156166,-9.138974878777075,376.329,41.253932599290216,0.7503037667071771,331.67,293810,1789481582,2026-09-15T14:13:02Z,NASDAQ:TER
10.608149171189078,-47.02106290010727,-123.1813167278231,-9.141714379640016,376.329,41.25100190720712,0.747266099635491,331.66,305906,1789481758,2026-09-15T14:15:58Z,NASDAQ:TER
10.608149171189078,-47.50677718582165,-121.14933488706524,-8.675999232939748,376.329,41.74505442189479,1.2636695018226078,333.36,323237,1789481938,2026-09-15T14:18:58Z,NASDAQ:TER
10.608149171189078,-47.93392004296447,-119.35640888626848,-8.266443853929802,376.329,42.172713538454936,1.7178007290401065,334.855,343630,1789482122,2026-09-15T14:22:02Z,NASDAQ:TER
10.608149171189078,-47.629634328678776,-120.63421814409708,-8.558200695833207,376.329,41.86870671336753,1.3942891859052349,333.79,356427,1789482298,2026-09-15T14:24:58Z,NASDAQ:TER
10.608149171189078,-47.11963432867879,-122.76952719269376,-9.0472015998685,376.329,41.35194209822367,0.8520656136087505,332.005,365025,1789482481,2026-09-15T14:28:01Z,NASDAQ:TER
10.608149171189078,-47.54389147153586,-120.99377053440958,-8.64041311673013,376.329,41.78246433481007,1.303128797083836,333.4899,387639,1789482664,2026-09-15T14:31:04Z,NASDAQ:TER
10.608149171189078,-47.35392004296443,-121.78958982710294,-8.822562529107193,376.329,41.5904716075024,1.101154313487242,332.825,399270,1789482837,2026-09-15T14:33:57Z,NASDAQ:TER
10.608149171189078,-47.41106290010725,-121.55032597018167,-8.76777251184834,376.329,41.64835549927375,1.1619076549210172,333.025,406877,1789483019,2026-09-15T14:36:59Z,NASDAQ:TER
10.608149171189078,-47.146777185821634,-122.65608378780576,-9.021176341670534,376.329,41.37967634527613,0.8809234507898038,332.1,413462,1789483197,2026-09-15T14:39:57Z,NASDAQ:TER
10.608149171189078,-46.77963432867875,-124.18865143412565,-9.373202202558687,376.329,41.00229766152893,0.490583232077767,330.815,421796,1789483383,2026-09-15T14:43:03Z,NASDAQ:TER
10.608149171189078,-46.90249147153588,-123.676265118699,-9.255403665452146,376.329,41.12911978208973,0.6212029161603937,331.245,437932,1789483559,2026-09-15T14:45:59Z,NASDAQ:TER
10.608149171189078,-46.608205757250175,-124.90284184140984,-9.53757225433526,376.329,40.82442066219273,0.3083232077764236,330.215,463788,1789483745,2026-09-15T14:49:05Z,NASDAQ:TER
10.608149171189078,-46.865348614392985,-126.9333944587992,-9.847135851847792,376.329,40.4975352375557,-0.0349331713244256,329.085,484840,1789483921,2026-09-15T14:52:01Z,NASDAQ:TER
10.63431462325662,-47.67249147153592,-129.44669988638302,-10.12793469029942,376.329,40.28907981389384,-0.3462940461725353,328.06,512195,1789484104,2026-09-15T14:55:04Z,NASDAQ:TER
10.670103250759167,-48.6096343286788,-131.1494255731975,-10.236144974385656,376.329,40.20931992042824,-0.466281895504243,327.665,527618,1789484278,2026-09-15T14:57:58Z,NASDAQ:TER
10.670103250759167,-48.97106290010731,-129.65908250664455,-9.889598115223396,376.329,40.465874384460975,-0.0820170109355959,328.93,547295,1789484461,2026-09-15T15:01:01Z,NASDAQ:TER
10.670103250759167,-49.06249147153585,-129.28145854207682,-9.801934087609231,376.329,40.536074393663455,0.0151883353584481,329.25,562009,1789484641,2026-09-15T15:04:01Z,NASDAQ:TER
10.670103250759167,-48.53677718582162,-131.4493774209407,-10.306002246390694,376.329,40.157996883921136,-0.5437424058323098,327.41,579473,1789484821,2026-09-15T15:07:01Z,NASDAQ:TER
10.683891323985218,-48.69029147153583,-132.97350361071156,-10.549817823192612,376.329,39.97989149792439,-0.8140947752126388,326.52,598453,1789485001,2026-09-15T15:10:01Z,NASDAQ:TER
10.683891323985218,-48.79029147153585,-132.56286951375537,-10.453935292989607,376.329,40.049744133161006,-0.7077764277035189,326.87,620569,1789485182,2026-09-15T15:13:02Z,NASDAQ:TER
10.683891323985218,-49.00314861439301,-131.6878142561069,-10.249842478700373,376.329,40.19924624310765,-0.4814702308626912,327.615,635795,1789485362,2026-09-15T15:16:02Z,NASDAQ:TER
10.683891323985218,-48.95743432867869,-131.87585943043774,-10.293674492507463,376.329,40.16704436794558,-0.530072904009722,327.455,650895,1789485544,2026-09-15T15:19:04Z,NASDAQ:TER
10.683891323985218,-49.37457718582152,-130.15763381887282,-9.893707366517807,376.329,40.46281305793863,-0.0865735115431252,328.915,664217,1789485722,2026-09-15T15:22:02Z,NASDAQ:TER
10.683891323985218,-49.331720042964434,-130.33440363899803,-9.93479987946196,376.329,40.4322252489774,-0.1321385176184697,328.765,676466,1789485900,2026-09-15T15:25:00Z,NASDAQ:TER
10.683891323985218,-48.89600575725012,-132.12844703328847,-10.352573761060723,376.329,40.123854251638576,-0.5953827460510266,327.24,707010,1789486081,2026-09-15T15:28:01Z,NASDAQ:TER
10.683891323985218,-49.033148614392985,-131.5643757376584,-10.221077719639467,376.329,40.22040679845262,-0.4495747266099518,327.72,723691,1789486262,2026-09-15T15:31:02Z,NASDAQ:TER
10.683891323985218,-49.13029147153589,-131.16448575819524,-10.12793469029942,376.329,40.28907981389384,-0.3462940461725353,328.06,732810,1789486439,2026-09-15T15:33:59Z,NASDAQ:TER
10.683891323985218,-49.150291471535866,-131.08212048977165,-10.108758184258823,376.329,40.30324749664487,-0.3250303766707148,328.13,744512,1789486620,2026-09-15T15:37:00Z,NASDAQ:TER
10.683891323985218,-49.19600575725019,-130.89381214206867,-10.064926170451733,376.329,40.335668218006056,-0.2764277035236842,328.29,760183,1789486801,2026-09-15T15:40:01Z,NASDAQ:TER
10.683891323985218,-49.54886290010722,-129.438202931241,-9.72659781387831,376.329,40.61853150778771,0.0987241798298872,329.525,782230,1789486982,2026-09-15T15:43:02Z,NASDAQ:TER
10.683891323985218,-49.36172004296441,-130.2106705393509,-9.906035120401055,376.329,40.45363185688868,-0.1002430133657302,328.87,792326,1789487160,2026-09-15T15:46:00Z,NASDAQ:TER
10.683891323985218,-49.24600575725015,-130.68777836449016,-10.016984905350244,376.329,40.37118815849328,-0.2232685297691414,328.465,806113,1789487340,2026-09-15T15:49:00Z,NASDAQ:TER
10.683891323985218,-49.42743432867872,-129.93954194942864,-9.843026600553369,376.329,40.50060182053736,-0.030376670716879,329.1,817379,1789487524,2026-09-15T15:52:04Z,NASDAQ:TER
10.683891323985218,-49.39886290010725,-130.057439839319,-9.8704216091828,376.329,40.48016670194325,-0.0607533414337754,329.0,826368,1789487703,2026-09-15T15:55:03Z,NASDAQ:TER
10.683891323985218,-49.27029147153587,-130.58767784172545,-9.993699148015224,376.329,40.38846328274393,-0.1974483596597744,328.55,836544,1789487883,2026-09-15T15:58:03Z,NASDAQ:TER
10.683891323985218,-49.29172004296447,-130.49933919963453,-9.973152891543156,376.329,40.403718321694015,-0.1746658566221107,328.625,840204,1789488060,2026-09-15T16:01:00Z,NASDAQ:TER
10.683891323985218,-49.18457718582158,-130.94089508367128,-10.075884173903509,376.329,40.32755814867465,-0.2885783718104461,328.25,848557,1789488240,2026-09-15T16:04:00Z,NASDAQ:TER
10.683891323985218,-49.27743432867874,-130.55823315405823,-9.98685039585787,376.329,40.3935470156168,-0.1898541919805589,328.575,860339,1789488418,2026-09-15T16:06:58Z,NASDAQ:TER
10.683891323985218,-49.25029147153589,-130.67011484816155,-10.01287565405582,376.329,40.37423563591824,-0.2187120291615949,328.48,868206,1789488602,2026-09-15T16:10:02Z,NASDAQ:TER
10.683891323985218,-49.34743432867867,-130.269594423447,-9.919732624715772,376.329,40.44343540781008,-0.1154313487241784,328.82,877295,1789488782,2026-09-15T16:13:02Z,NASDAQ:TER
10.683891323985218,-49.0445771858216,-131.51734447728757,-10.210119716187709,376.329,40.22847382340683,-0.4374240583232071,327.76,890763,1789488960,2026-09-15T16:16:00Z,NASDAQ:TER
10.683891323985218,-48.9917200429644,-131.7348313920974,-10.260800482152147,376.329,40.19119093474814,-0.4936208991494532,327.575,899062,1789489141,2026-09-15T16:19:01Z,NASDAQ:TER
10.683891323985218,-49.156005757250114,-131.0585853611832,-10.103279182532942,376.329,40.30729723633636,-0.3189550425273424,328.15,908465,1789489320,2026-09-15T16:22:00Z,NASDAQ:TER
10.683891323985218,-49.01886290010725,-131.6231593329996,-10.234775223954184,376.329,40.210327565851244,-0.4647630619684,327.67,918002,1789489503,2026-09-15T16:25:03Z,NASDAQ:TER
10.683891323985218,-48.93457718582158,-131.969858652812,-10.315590499411,376.329,40.15096276926443,-0.5543742405832286,327.375,921818,1789489681,2026-09-15T16:28:01Z,NASDAQ:TER
10.683891323985218,-49.09600575725017,-131.30565556704892,-10.160808700654734,376.329,40.26481551754564,-0.382746051032804,327.94,930536,1789489862,2026-09-15T16:31:02Z,NASDAQ:TER
10.683891323985218,-49.19029147153583,-130.91735410083052,-10.070405172177628,376.329,40.33161277563769,-0.2825030376670737,328.27,936998,1789490040,2026-09-15T16:34:00Z,NASDAQ:TER
10.683891323985218,-49.19029147153583,-130.91735410083052,-10.070405172177628,376.329,40.33161277563769,-0.2825030376670737,328.27,942667,1789490223,2026-09-15T16:37:03Z,NASDAQ:TER
10.683891323985218,-49.326005757250186,-130.3579687937334,-9.94027888118784,376.329,40.42815036821104,-0.1382138517618421,328.745,949668,1789490404,2026-09-15T16:40:04Z,NASDAQ:TER
10.683891323985218,-49.24743432867877,-130.68189058674727,-10.01561515491876,376.329,40.37220393318346,-0.221749696233281,328.47,957595,1789490580,2026-09-15T16:43:00Z,NASDAQ:TER
10.683891323985218,-49.22743432867867,-130.76431392157636,-10.034791660959373,376.329,40.35798773740033,-0.2430133657351189,328.4,965046,1789490760,2026-09-15T16:46:00Z,NASDAQ:TER
10.683891323985218,-49.1645771858216,-131.02328083911192,-10.095060679944105,376.329,40.313373372071695,-0.3098420413122666,328.18,971606,1789490940,2026-09-15T16:49:00Z,NASDAQ:TER
10.683891323985218,-49.20600575725018,-130.85261136574272,-10.05533791743144,376.329,40.34276720495974,-0.2657958687727825,328.325,1008607,1789491121,2026-09-15T16:52:01Z,NASDAQ:TER
10.683891323985218,-49.05172004296446,-131.4879479603867,-10.20327096403034,376.329,40.23351735749741,-0.4298298906439743,327.785,1025314,1789491299,2026-09-15T16:54:59Z,NASDAQ:TER
10.683891323985218,-48.94314861439295,-131.93461076939903,-10.30737199682218,376.329,40.15699185950639,-0.5452612393681701,327.405,1037558,1789491476,2026-09-15T16:57:56Z,NASDAQ:TER
10.683891323985218,-48.97600575725016,-131.7994735939518,-10.275867736898336,376.329,40.180120155541246,-0.5103280680437445,327.52,1044570,1789491663,2026-09-15T17:01:03Z,NASDAQ:TER
10.683891323985218,-48.95029147153582,-131.90523586036906,-10.300523244664811,376.329,40.14393111838119,-0.5376670716889373,327.43,1052458,1789491843,2026-09-15T17:04:03Z,NASDAQ:TER
10.683891323985218,-49.05029147153584,-131.4938273855696,-10.204640714461826,376.329,40.23250854951075,-0.4313487241798347,327.78,1057763,1789492020,2026-09-15T17:07:00Z,NASDAQ:TER
10.683891323985218,-49.11314861439303,-131.23507505058222,-10.144371695477078,376.329,40.276944011296365,-0.3645200486026697,328.0,1087737,1789492201,2026-09-15T17:10:01Z,NASDAQ:TER
10.683891323985218,-48.91314861439298,-132.05796878175076,-10.33613675588307,376.329,40.13589796114852,-0.5771567436208922,327.3,1093175,1789492384,2026-09-15T17:13:04Z,NASDAQ:TER
10.683891323985218,-48.867434328678655,-132.24589133060852,-10.37996876969016,376.329,40.10379745662676,-0.625759416767923,327.14,1099782,1789492559,2026-09-15T17:15:59Z,NASDAQ:TER
10.683891323985218,-49.23886290010728,-130.71721633774322,-10.023833657507597,376.329,40.36611005166031,-0.2308626974483569,328.44,1143593,1789492741,2026-09-15T17:19:01Z,NASDAQ:TER
10.683891323985218,-48.91029147153586,-132.06971576507763,-10.338876256746008,376.329,40.13389017416089,-0.5801944106925784,327.29,1166667,1789492918,2026-09-15T17:21:58Z,NASDAQ:TER
10.683891323985218,-48.91029147153586,-132.06971576507763,-10.338876256746008,376.329,40.13389017416089,-0.5801944106925784,327.29,1174443,1789493101,2026-09-15T17:25:01Z,NASDAQ:TER
10.683891323985218,-48.92172004296447,-132.02272637226358,-10.327918253294248,376.329,40.14192252762038,-0.5680437424058337,327.33,1180344,1789493281,2026-09-15T17:28:01Z,NASDAQ:TER
10.683891323985218,-48.8602914715359,-132.2752486058139,-10.38681752184751,376.329,40.098786390554864,-0.6333535844471384,327.115,1185528,1789493461,2026-09-15T17:31:01Z,NASDAQ:TER
10.683891323985218,-48.90743432867873,-132.0814625051666,-10.341615757608963,376.329,40.13188258804115,-0.5832320777642819,327.28,1193779,1789493640,2026-09-15T17:34:00Z,NASDAQ:TER
10.683891323985218,-49.01600575725013,-131.63491532146054,-10.237514724817125,376.329,40.20831232550589,-0.4678007290400862,327.66,1202919,1789493822,2026-09-15T17:37:02Z,NASDAQ:TER
10.683891323985218,-48.90314861439299,-132.09908215924395,-10.345725008903376,376.329,40.12887158542296,-0.5877885783718112,327.265,1209709,1789494003,2026-09-15T17:40:03Z,NASDAQ:TER
10.683891323985218,-48.88600575725013,-132.16955530337066,-10.362162014081033,376.329,40.11683209176631,-0.6060145808019456,327.205,1214751,1789494177,2026-09-15T17:42:57Z,NASDAQ:TER
10.683891323985218,-48.89029147153588,-132.15193783811554,-10.358052762786606,376.329,40.11984128786133,-0.601458080194399,327.22,1219311,1789494362,2026-09-15T17:46:02Z,NASDAQ:TER
10.683891323985218,-49.05600575725009,-131.47030931941558,-10.19916171273593,376.329,40.23654408502383,-0.4252733900364451,327.8,1231156,1789494540,2026-09-15T17:49:00Z,NASDAQ:TER
10.683891323985218,-48.96172004296443,-131.85823284239737,-10.289565241213037,376.329,40.17006110196522,-0.5255164034021754,327.47,1238172,1789494720,2026-09-15T17:52:00Z,NASDAQ:TER
10.683891323985218,-48.84886290010729,-132.3222170858112,-10.397775525299286,376.329,40.09077128908142,-0.6455042527339003,327.075,1244926,1789494900,2026-09-15T17:55:00Z,NASDAQ:TER
10.683891323985218,-48.84886290010729,-132.3222170858112,-10.397775525299286,376.329,40.09077128908142,-0.6455042527339003,327.075,1249689,1789495084,2026-09-15T17:58:04Z,NASDAQ:TER
10.683891323985218,-48.90457718582161,-132.09320900202428,-10.344355258471904,376.329,40.1298752027592,-0.586269744835968,327.27,1256644,1789495262,2026-09-15T18:01:02Z,NASDAQ:TER
10.683891323985218,-48.89886290010725,-132.11670126607763,-10.349834260197785,376.329,40.12586103458804,-0.5923450789793404,327.25,1261750,1789495438,2026-09-15T18:03:58Z,NASDAQ:TER
10.683891323985218,-48.95029147153582,-131.90523586036906,-10.300523244664811,376.329,40.162017484693074,-0.5376670716889373,327.43,1271359,1789495623,2026-09-15T18:07:03Z,NASDAQ:TER
10.683891323985218,-48.916005757250105,-132.04622155517768,-10.33339725502013,376.329,40.137905949034206,-0.574119076549206,327.31,1276728,1789495805,2026-09-15T18:10:05Z,NASDAQ:TER
10.683891323985218,-49.06172004296445,-131.4467902787657,-10.19368271101005,376.329,40.24058043018966,-0.4191980558930728,327.82,1282597,1789495979,2026-09-15T18:12:59Z,NASDAQ:TER
10.683891323985218,-49.06457718582158,-131.43503039298548,-10.19094321014711,376.329,40.242598906468494,-0.4161603888213866,327.83,1320374,1789496162,2026-09-15T18:16:02Z,NASDAQ:TER
10.683891323985218,-49.05886290010733,-131.45854992090648,-10.19642221187299,376.329,40.23856215638492,-0.422235722964759,327.81,1327280,1789496343,2026-09-15T18:19:03Z,NASDAQ:TER
10.683891323985218,-49.18457718582158,-130.94089508367128,-10.075884173903509,376.329,40.32755814867465,-0.2885783718104461,328.25,1330536,1789496516,2026-09-15T18:21:56Z,NASDAQ:TER
10.683891323985218,-49.36172004296441,-130.2106705393509,-9.906035120401055,376.329,40.45363185688868,-0.1002430133657302,328.87,1340106,1789496704,2026-09-15T18:25:04Z,NASDAQ:TER
10.683891323985218,-49.27886290010724,-130.55234403336985,-9.9854806454264,376.329,40.39456391576983,-0.1883353584447158,328.58,1367592,1789496880,2026-09-15T18:28:00Z,NASDAQ:TER
10.683891323985218,-49.23029147153591,-130.7525398917555,-10.032052160096416,376.329,40.360018009510966,-0.2399756986634154,328.41,1383713,1789497060,2026-09-15T18:31:00Z,NASDAQ:TER
10.683891323985218,-49.09029147153581,-131.32918045594928,-10.166287702380616,376.329,40.26077430934249,-0.3888213851761764,327.92,1390715,1789497238,2026-09-15T18:33:58Z,NASDAQ:TER
10.683891323985218,-49.23886290010728,-130.71721633774322,-10.023833657507597,376.329,40.36611005166031,-0.2308626974483569,328.44,1397698,1789497423,2026-09-15T18:37:03Z,NASDAQ:TER
10.683891323985218,-49.23172004296441,-130.74665278531293,-10.030682409664948,376.329,40.36103322217025,-0.2384568651275723,328.415,1405037,1789497601,2026-09-15T18:40:01Z,NASDAQ:TER
10.683891323985218,-49.25314861439301,-130.65833886543618,-10.01013615319288,376.329,40.37626754315133,-0.2156743620899087,328.49,1424444,1789497776,2026-09-15T18:42:56Z,NASDAQ:TER
10.683891323985218,-49.17029147153585,-130.99974327151682,-10.089581678218224,376.329,40.317425147051885,-0.3037667071688943,328.2,1445216,1789497962,2026-09-15T18:46:02Z,NASDAQ:TER
10.683891323985218,-49.05600575725009,-131.47030931941558,-10.19916171273593,376.329,40.23654408502383,-0.4252733900364451,327.8,1455688,1789498141,2026-09-15T18:49:01Z,NASDAQ:TER
10.683891323985218,-49.04886290010722,-131.49970674985,-10.206010464893296,376.329,40.231499792112174,-0.4328675577156778,327.775,1463652,1789498322,2026-09-15T18:52:02Z,NASDAQ:TER
10.683891323985218,-48.94457718582157,-131.9287359092595,-10.306002246390694,376.329,40.157996883921136,-0.5437424058323098,327.41,1472721,1789498498,2026-09-15T18:54:58Z,NASDAQ:TER
10.683891323985218,-48.953148614392944,-131.89348547091123,-10.297783743801872,376.329,40.16402808699972,-0.5346294046172512,327.44,1484051,1789498682,2026-09-15T18:58:02Z,NASDAQ:TER
10.683891323985218,-49.05314861439297,-131.48206847430086,-10.201901213598871,376.329,40.23452621607593,-0.4283110571081313,327.79,1494440,1789498860,2026-09-15T19:01:00Z,NASDAQ:TER
10.683891323985218,-49.00743432867876,-131.67018182576467,-10.245733227405962,376.329,40.202267816272816,-0.476913730255162,327.63,1499551,1789499044,2026-09-15T19:04:04Z,NASDAQ:TER
10.683891323985218,-49.07172004296445,-131.4056296125637,-10.184094457989742,376.329,40.24764598318981,-0.4085662211421538,327.855,1508575,1789499219,2026-09-15T19:06:59Z,NASDAQ:TER
10.683891323985218,-49.04172004296447,-131.52910265775216,-10.212859217050646,376.329,40.22645676380722,-0.4404617253948932,327.75,1513763,1789499399,2026-09-15T19:09:59Z,NASDAQ:TER
10.683891323985218,-49.12886290010727,-131.170368534459,-10.12930444073089,376.329,40.28806821769217,-0.3478128797083784,328.055,1522848,1789499580,2026-09-15T19:13:00Z,NASDAQ:TER
10.683891323985218,-49.14743432867874,-131.09388768825085,-10.111497685121764,376.329,40.30122293194675,-0.328068043742401,328.12,1539526,1789499763,2026-09-15T19:16:03Z,NASDAQ:TER
10.683891323985218,-48.99457718582153,-131.72307747329933,-10.258060981289209,376.329,40.19320445916795,-0.490583232077767,327.585,1556046,1789499937,2026-09-15T19:18:57Z,NASDAQ:TER
10.683891323985218,-49.17029147153585,-130.99974327151682,-10.089581678218224,376.329,40.317425147051885,-0.3037667071688943,328.2,1567134,1789500121,2026-09-15T19:22:01Z,NASDAQ:TER
10.683891323985218,-49.55029147153584,-129.43230219324315,-9.72522806344684,376.329,40.62002861136852,0.1002430133657302,329.53,1591132,1789500300,2026-09-15T19:25:00Z,NASDAQ:TER
10.683891323985218,-49.43457718582158,-129.91006365520687,-9.836177848396016,376.329,40.50571382434797,-0.0227825030376636,329.125,1596550,1789500479,2026-09-15T19:27:59Z,NASDAQ:TER
10.683891323985218,-49.58743432867868,-129.27886150914975,-9.68961455222857,376.329,40.65892682524344,0.1397326852977024,329.66,1626947,1789500662,2026-09-15T19:31:02Z,NASDAQ:TER
10.683891323985218,-49.82743432867869,-128.28639960731152,-9.459496479741384,376.329,40.90904578441619,0.394896719319566,330.5,1635967,1789500846,2026-09-15T19:34:06Z,NASDAQ:TER
10.683891323985218,-49.89600575725012,-128.00252086124914,-9.393748459030755,376.329,40.98012153964049,0.4678007290401034,330.74,1642921,1789501019,2026-09-15T19:36:59Z,NASDAQ:TER
10.683891323985218,-49.89743432867874,-127.99660521515924,-9.392378708599283,376.329,40.98160046641203,0.4693195625759465,330.745,1660409,1789501202,2026-09-15T19:40:02Z,NASDAQ:TER
10.683891323985218,-50.03600575725011,-127.42249524672108,-9.259512916746557,376.329,41.12470493351343,0.6166464155528644,331.23,1668528,1789501384,2026-09-15T19:43:04Z,NASDAQ:TER
10.683891323985218,-49.93743432867871,-127.83094216560308,-9.35402569651809,376.329,41.022980345113325,0.5118469015795876,330.885,1685599,1789501561,2026-09-15T19:46:01Z,NASDAQ:TER
10.683891323985218,-50.06314861439296,-127.30997290533068,-9.233487658548608,376.329,41.15265446337316,0.6455042527339003,331.325,1698257,1789501737,2026-09-15T19:48:57Z,NASDAQ:TER
10.683891323985218,-50.256005757250136,-126.50983156783232,-9.04857135029997,376.329,41.3504816740376,0.8505467800729074,332.0,1714256,1789501921,2026-09-15T19:52:01Z,NASDAQ:TER
10.683891323985218,-50.19314861439295,-126.77074179847712,-9.108840369284716,376.329,41.28615092471941,0.7837181044957425,331.78,1725072,1789502098,2026-09-15T19:54:58Z,NASDAQ:TER
10.683891323985218,-50.3388629001073,-126.16572190022328,-8.969125825274624,376.329,41.435066221774186,0.938639125151893,332.29,1737684,1789502284,2026-09-15T19:58:04Z,NASDAQ:TER
10.683891323985218,-50.4702914715358,-125.61946652639368,-8.843108785579261,376.329,41.56873552994031,1.0783718104495783,332.75,1755565,1789502461,2026-09-15T20:01:01Z,NASDAQ:TER
10.683891323985218,-50.54172004296447,-125.32236907700909,-8.774621264005692,376.329,41.64112628765616,1.1543134872418015,333.0,1780268,1789502641,2026-09-15T20:04:01Z,NASDAQ:TER
10.683891323985218,-50.41029147153586,-125.86890887963187,-8.900638303701054,376.329,41.50778835924443,1.0145808019441167,332.54,1832734,1789502821,2026-09-15T20:07:01Z,NASDAQ:TER
10.683891323985218,-50.484577185821536,-125.56005941090588,-8.829411281264544,376.329,41.583228045357785,1.0935601458080264,332.8,1894880,1789503001,2026-09-15T20:10:01Z,NASDAQ:TER
10.683891323985218,-50.47314861439304,-125.60758559814812,-8.84036928471632,376.329,41.57163460826294,1.0814094775212644,332.76,1991222,1789503181,2026-09-15T20:13:01Z,NASDAQ:TER
10.683891323985218,-50.49886290010727,-125.50064610918996,-8.815713776949826,376.329,41.5977133734955,1.1087484811664745,332.85,2404399,1789503357,2026-09-15T20:15:57Z,NASDAQ:TER
10.683891323985218,-50.49886290010727,-125.50064610918996,-8.815713776949826,376.329,41.5977133734955,1.1087484811664745,332.85,2404889,1789503540,2026-09-15T20:19:00Z,NASDAQ:TER
10.683891323985218,-50.49886290010727,-125.50064610918996,-8.815713776949826,376.329,41.5977133734955,1.1087484811664745,332.85,2405971,1789503720,2026-09-15T20:22:00Z,NASDAQ:TER
10.683891323985218,-50.49886290010727,-125.50064610918996,-8.815713776949826,376.329,41.5977133734955,1.1087484811664745,332.85,2406276,1789503900,2026-09-15T20:25:00Z,NASDAQ:TER
10.683891323985218,-50.49886290010727,-125.50064610918996,-8.815713776949826,376.329,41.5977133734955,1.1087484811664745,332.85,2406822,1789504080,2026-09-15T20:28:00Z,NASDAQ:TER
10.683891323985218,-50.49886290010727,-125.50064610918996,-8.815713776949826,376.329,41.5977133734955,1.1087484811664745,332.85,2407084,1789504260,2026-09-15T20:31:00Z,NASDAQ:TER
10.683891323985218,-50.49886290010727,-125.50064610918996,-8.815713776949826,376.329,41.5977133734955,1.1087484811664745,332.85,2407151,1789504440,2026-09-15T20:34:00Z,NASDAQ:TER
10.683891323985218,-50.49886290010727,-125.50064610918996,-8.815713776949826,376.329,41.5977133734955,1.1087484811664745,332.85,2409234,1789504619,2026-09-15T20:36:59Z,NASDAQ:TER
10.683891323985218,-50.49886290010727,-125.50064610918996,-8.815713776949826,376.329,41.5977133734955,1.1087484811664745,332.85,2409614,1789504799,2026-09-15T20:39:59Z,NASDAQ:TER
10.683891323985218,-50.49886290010727,-125.50064610918996,-8.815713776949826,376.329,41.5977133734955,1.1087484811664745,332.85,2409674,1789504980,2026-09-15T20:43:00Z,NASDAQ:TER
10.683891323985218,-50.49886290010727,-125.50064610918996,-8.815713776949826,376.329,41.5977133734955,1.1087484811664745,332.85,2409682,1789505161,2026-09-15T20:46:01Z,NASDAQ:TER
10.683891323985218,-50.49886290010727,-125.50064610918996,-8.815713776949826,376.329,41.5977133734955,1.1087484811664745,332.85,2409682,1789505339,2026-09-15T20:48:59Z,NASDAQ:TER
10.683891323985218,-50.49886290010727,-125.50064610918996,-8.815713776949826,376.329,41.5977133734955,1.1087484811664745,332.85,2409722,1789505518,2026-09-15T20:51:58Z,NASDAQ:TER
10.683891323985218,-50.49886290010727,-125.50064610918996,-8.815713776949826,376.329,41.5977133734955,1.1087484811664745,332.85,2409723,1789505702,2026-09-15T20:55:02Z,NASDAQ:TER
10.683891323985218,-50.49886290010727,-125.50064610918996,-8.815713776949826,376.329,41.5977133734955,1.1087484811664745,332.85,2409723,1789505881,2026-09-15T20:58:01Z,NASDAQ:TER
10.683891323985218,-50.49886290010727,-125.50064610918996,-8.815713776949826,376.329,41.5977133734955,1.1087484811664745,332.85,2409762,1789506063,2026-09-15T21:01:03Z,NASDAQ:TER
10.683891323985218,-50.49886290010727,-125.50064610918996,-8.815713776949826,376.329,41.5977133734955,1.1087484811664745,332.85,2409762,1789506242,2026-09-15T21:04:02Z,NASDAQ:TER
10.683891323985218,-50.49886290010727,-125.50064610918996,-8.815713776949826,376.329,41.5977133734955,1.1087484811664745,332.85,2409778,1789506419,2026-09-15T21:06:59Z,NASDAQ:TER
10.683891323985218,-50.49886290010727,-125.50064610918996,-8.815713776949826,376.329,41.5977133734955,1.1087484811664745,332.85,2409778,1789506602,2026-09-15T21:10:02Z,NASDAQ:TER
10.683891323985218,-50.49886290010727,-125.50064610918996,-8.815713776949826,376.329,41.5977133734955,1.1087484811664745,332.85,2409857,1789506781,2026-09-15T21:13:01Z,NASDAQ:TER
10.683891323985218,-50.49886290010727,-125.50064610918996,-8.815713776949826,376.329,41.5977133734955,1.1087484811664745,332.85,2409902,1789506961,2026-09-15T21:16:01Z,NASDAQ:TER
10.683891323985218,-50.49886290010727,-125.50064610918996,-8.815713776949826,376.329,41.5977133734955,1.1087484811664745,332.85,2409920,1789507139,2026-09-15T21:18:59Z,NASDAQ:TER
10.683891323985218,-50.49886290010727,-125.50064610918996,-8.815713776949826,376.329,41.5977133734955,1.1087484811664745,332.85,2409935,1789507319,2026-09-15T21:21:59Z,NASDAQ:TER
10.683891323985218,-50.49886290010727,-125.50064610918996,-8.815713776949826,376.329,41.5977133734955,1.1087484811664745,332.85,2412122,1789507500,2026-09-15T21:25:00Z,NASDAQ:TER
10.683891323985218,-50.49886290010727,-125.50064610918996,-8.815713776949826,376.329,41.5977133734955,1.1087484811664745,332.85,2412123,1789507677,2026-09-15T21:27:57Z,NASDAQ:TER
10.683891323985218,-50.49886290010727,-125.50064610918996,-8.815713776949826,376.329,41.5977133734955,1.1087484811664745,332.85,2688554,1789507860,2026-09-15T21:31:00Z,NASDAQ:TER
10.683891323985218,-50.49886290010727,-125.50064610918996,-8.815713776949826,376.329,41.5977133734955,1.1087484811664745,332.85,2688557,1789508041,2026-09-15T21:34:01Z,NASDAQ:TER
10.683891323985218,-50.49886290010727,-125.50064610918996,-8.815713776949826,376.329,41.5977133734955,1.1087484811664745,332.85,2689557,1789508221,2026-09-15T21:37:01Z,NASDAQ:TER
10.683891323985218,-50.49886290010727,-125.50064610918996,-8.815713776949826,376.329,41.5977133734955,1.1087484811664745,332.85,2689567,1789508399,2026-09-15T21:39:59Z,NASDAQ:TER
10.683891323985218,-50.49886290010727,-125.50064610918996,-8.815713776949826,376.329,41.5977133734955,1.1087484811664745,332.85,2690490,1789508580,2026-09-15T21:43:00Z,NASDAQ:TER
10.683891323985218,-50.49886290010727,-125.50064610918996,-8.815713776949826,376.329,41.5977133734955,1.1087484811664745,332.85,2690515,1789508759,2026-09-15T21:45:59Z,NASDAQ:TER
10.683891323985218,-50.49886290010727,-125.50064610918996,-8.815713776949826,376.329,41.5977133734955,1.1087484811664745,332.85,2690515,1789508940,2026-09-15T21:49:00Z,NASDAQ:TER
10.683891323985218,-50.49886290010727,-125.50064610918996,-8.815713776949826,376.329,41.5977133734955,1.1087484811664745,332.85,2690530,1789509121,2026-09-15T21:52:01Z,NASDAQ:TER
10.683891323985218,-50.49886290010727,-125.50064610918996,-8.815713776949826,376.329,41.5977133734955,1.1087484811664745,332.85,2690544,1789509303,2026-09-15T21:55:03Z,NASDAQ:TER
10.683891323985218,-50.49886290010727,-125.50064610918996,-8.815713776949826,376.329,41.5977133734955,1.1087484811664745,332.85,2690544,1789509480,2026-09-15T21:58:00Z,NASDAQ:TER
10.683891323985218,-50.49886290010727,-125.50064610918996,-8.815713776949826,376.329,41.5977133734955,1.1087484811664745,332.85,2690553,1789509663,2026-09-15T22:01:03Z,NASDAQ:TER
10.683891323985218,-50.49886290010727,-125.50064610918996,-8.815713776949826,376.329,41.5977133734955,1.1087484811664745,332.85,2690553,1789509838,2026-09-15T22:03:58Z,NASDAQ:TER
10.683891323985218,-50.49886290010727,-125.50064610918996,-8.815713776949826,376.329,41.5977133734955,1.1087484811664745,332.85,2690859,1789510020,2026-09-15T22:07:00Z,NASDAQ:TER
10.683891323985218,-50.49886290010727,-125.50064610918996,-8.815713776949826,376.329,41.5977133734955,1.1087484811664745,332.85,2691412,1789510201,2026-09-15T22:10:01Z,NASDAQ:TER
10.683891323985218,-50.49886290010727,-125.50064610918996,-8.815713776949826,376.329,41.5977133734955,1.1087484811664745,332.85,2691435,1789510380,2026-09-15T22:13:00Z,NASDAQ:TER
10.683891323985218,-50.49886290010727,-125.50064610918996,-8.815713776949826,376.329,41.5977133734955,1.1087484811664745,332.85,2691489,1789510560,2026-09-15T22:16:00Z,NASDAQ:TER
10.683891323985218,-50.49886290010727,-125.50064610918996,-8.815713776949826,376.329,41.5977133734955,1.1087484811664745,332.85,2691501,1789510740,2026-09-15T22:19:00Z,NASDAQ:TER
10.683891323985218,-50.49886290010727,-125.50064610918996,-8.815713776949826,376.329,41.5977133734955,1.1087484811664745,332.85,2691502,1789510922,2026-09-15T22:22:02Z,NASDAQ:TER
10.683891323985218,-50.49886290010727,-125.50064610918996,-8.815713776949826,376.329,41.5977133734955,1.1087484811664745,332.85,2691537,1789511099,2026-09-15T22:24:59Z,NASDAQ:TER
10.683891323985218,-50.49886290010727,-125.50064610918996,-8.815713776949826,376.329,41.5977133734955,1.1087484811664745,332.85,2691537,1789511282,2026-09-15T22:28:02Z,NASDAQ:TER
10.683891323985218,-50.49886290010727,-125.50064610918996,-8.815713776949826,376.329,41.5977133734955,1.1087484811664745,332.85,2691557,1789511459,2026-09-15T22:30:59Z,NASDAQ:TER
10.683891323985218,-50.49886290010727,-125.50064610918996,-8.815713776949826,376.329,41.5977133734955,1.1087484811664745,332.85,2691558,1789511641,2026-09-15T22:34:01Z,NASDAQ:TER
10.683891323985218,-50.49886290010727,-125.50064610918996,-8.815713776949826,376.329,41.5977133734955,1.1087484811664745,332.85,2691558,1789511823,2026-09-15T22:37:03Z,NASDAQ:TER
10.683891323985218,-50.49886290010727,-125.50064610918996,-8.815713776949826,376.329,41.5977133734955,1.1087484811664745,332.85,2691558,1789511997,2026-09-15T22:39:57Z,NASDAQ:TER
10.683891323985218,-50.49886290010727,-125.50064610918996,-8.815713776949826,376.329,41.5977133734955,1.1087484811664745,332.85,2691567,1789512179,2026-09-15T22:42:59Z,NASDAQ:TER
10.683891323985218,-50.49886290010727,-125.50064610918996,-8.815713776949826,376.329,41.5977133734955,1.1087484811664745,332.85,2691567,1789512360,2026-09-15T22:46:00Z,NASDAQ:TER
10.683891323985218,-50.49886290010727,-125.50064610918996,-8.815713776949826,376.329,41.5977133734955,1.1087484811664745,332.85,2691577,1789512540,2026-09-15T22:49:00Z,NASDAQ:TER
10.683891323985218,-50.49886290010727,-125.50064610918996,-8.815713776949826,376.329,41.5977133734955,1.1087484811664745,332.85,2691652,1789512723,2026-09-15T22:52:03Z,NASDAQ:TER
10.683891323985218,-50.49886290010727,-125.50064610918996,-8.815713776949826,376.329,41.5977133734955,1.1087484811664745,332.85,2691652,1789512900,2026-09-15T22:55:00Z,NASDAQ:TER
10.683891323985218,-50.49886290010727,-125.50064610918996,-8.815713776949826,376.329,41.5977133734955,1.1087484811664745,332.85,2691657,1789513079,2026-09-15T22:57:59Z,NASDAQ:TER
10.683891323985218,-50.49886290010727,-125.50064610918996,-8.815713776949826,376.329,41.5977133734955,1.1087484811664745,332.85,2691688,1789513259,2026-09-15T23:00:59Z,NASDAQ:TER
10.683891323985218,-50.49886290010727,-125.50064610918996,-8.815713776949826,376.329,41.5977133734955,1.1087484811664745,332.85,2691689,1789513439,2026-09-15T23:03:59Z,NASDAQ:TER
10.683891323985218,-50.49886290010727,-125.50064610918996,-8.815713776949826,376.329,41.5977133734955,1.1087484811664745,332.85,2691790,1789513616,2026-09-15T23:06:56Z,NASDAQ:TER
10.683891323985218,-50.49886290010727,-125.50064610918996,-8.815713776949826,376.329,41.5977133734955,1.1087484811664745,332.85,2691792,1789513799,2026-09-15T23:09:59Z,NASDAQ:TER
10.683891323985218,-50.49886290010727,-125.50064610918996,-8.815713776949826,376.329,41.5977133734955,1.1087484811664745,332.85,2691798,1789513981,2026-09-15T23:13:01Z,NASDAQ:TER
10.683891323985218,-50.49886290010727,-125.50064610918996,-8.815713776949826,376.329,41.5977133734955,1.1087484811664745,332.85,2691805,1789514159,2026-09-15T23:15:59Z,NASDAQ:TER
10.683891323985218,-50.49886290010727,-125.50064610918996,-8.815713776949826,376.329,41.5977133734955,1.1087484811664745,332.85,2691850,1789514341,2026-09-15T23:19:01Z,NASDAQ:TER
10.683891323985218,-50.49886290010727,-125.50064610918996,-8.815713776949826,376.329,41.5977133734955,1.1087484811664745,332.85,2691851,1789514520,2026-09-15T23:22:00Z,NASDAQ:TER
10.683891323985218,-50.49886290010727,-125.50064610918996,-8.815713776949826,376.329,41.5977133734955,1.1087484811664745,332.85,2691883,1789514699,2026-09-15T23:24:59Z,NASDAQ:TER
10.683891323985218,-50.49886290010727,-125.50064610918996,-8.815713776949826,376.329,41.5977133734955,1.1087484811664745,332.85,2692036,1789514877,2026-09-15T23:27:57Z,NASDAQ:TER
10.683891323985218,-50.49886290010727,-125.50064610918996,-8.815713776949826,376.329,41.5977133734955,1.1087484811664745,332.85,2692044,1789515057,2026-09-15T23:30:57Z,NASDAQ:TER
10.683891323985218,-50.49886290010727,-125.50064610918996,-8.815713776949826,376.329,41.5977133734955,1.1087484811664745,332.85,2692056,1789515244,2026-09-15T23:34:04Z,NASDAQ:TER
10.683891323985218,-50.49886290010727,-125.50064610918996,-8.815713776949826,376.329,41.5977133734955,1.1087484811664745,332.85,2692107,1789515418,2026-09-15T23:36:58Z,NASDAQ:TER
10.683891323985218,-50.49886290010727,-125.50064610918996,-8.815713776949826,376.329,41.5977133734955,1.1087484811664745,332.85,2692127,1789515599,2026-09-15T23:39:59Z,NASDAQ:TER
10.683891323985218,-50.49886290010727,-125.50064610918996,-8.815713776949826,376.329,41.5977133734955,1.1087484811664745,332.85,2692127,1789515778,2026-09-15T23:42:58Z,NASDAQ:TER
10.683891323985218,-50.49886290010727,-125.50064610918996,-8.815713776949826,376.329,41.5977133734955,1.1087484811664745,332.85,2692135,1789515959,2026-09-15T23:45:59Z,NASDAQ:TER
10.683891323985218,-50.49886290010727,-125.50064610918996,-8.815713776949826,376.329,41.5977133734955,1.1087484811664745,332.85,2692187,1789516141,2026-09-15T23:49:01Z,NASDAQ:TER
10.683891323985218,-50.49886290010727,-125.50064610918996,-8.815713776949826,376.329,41.5977133734955,1.1087484811664745,332.85,2692201,1789516320,2026-09-15T23:52:00Z,NASDAQ:TER
10.683891323985218,-50.49886290010727,-125.50064610918996,-8.815713776949826,376.329,41.5977133734955,1.1087484811664745,332.85,2692220,1789516502,2026-09-15T23:55:02Z,NASDAQ:TER
10.683891323985218,-50.49886290010727,-125.50064610918996,-8.815713776949826,376.329,41.5977133734955,1.1087484811664745,332.85,2692280,1789516680,2026-09-15T23:58:00Z,NASDAQ:TER
10.683891323985218,-50.49886290010727,-125.50064610918996,-8.815713776949826,376.329,41.5977133734955,1.1087484811664745,332.85,2692316,1789516863,2026-09-16T00:01:03Z,NASDAQ:TER
10.683891323985218,-50.49886290010727,-125.50064610918996,-8.815713776949826,376.329,41.5977133734955,1.1087484811664745,332.85,2692400,1789517041,2026-09-16T00:04:01Z,NASDAQ:TER
10.683891323985218,-50.49886290010727,-125.50064610918996,-8.815713776949826,376.329,41.5977133734955,1.1087484811664745,332.85,2692434,1789517222,2026-09-16T00:07:02Z,NASDAQ:TER
10.683891323985218,-50.49886290010727,-125.50064610918996,-8.815713776949826,376.329,41.5977133734955,1.1087484811664745,332.85,2692462,1789517398,2026-09-16T00:09:58Z,NASDAQ:TER
10.683891323985218,-50.49886290010727,-125.50064610918996,-8.815713776949826,376.329,41.5977133734955,1.1087484811664745,332.85,2692589,1789517580,2026-09-16T00:13:00Z,NASDAQ:TER
10.683891323985218,-50.49886290010727,-125.50064610918996,-8.815713776949826,376.329,41.5977133734955,1.1087484811664745,332.85,2692589,1789517756,2026-09-16T00:15:56Z,NASDAQ:TER
10.683891323985218,-50.49886290010727,-125.50064610918996,-8.815713776949826,376.329,41.5977133734955,1.1087484811664745,332.85,2692589,1789517946,2026-09-16T00:19:06Z,NASDAQ:TER
10.683891323985218,-50.49886290010727,-125.50064610918996,-8.815713776949826,376.329,41.5977133734955,1.1087484811664745,332.85,2692589,1789518122,2026-09-16T00:22:02Z,NASDAQ:TER
10.683891323985218,-50.49886290010727,-125.50064610918996,-8.815713776949826,376.329,41.5977133734955,1.1087484811664745,332.85,2692589,1789518299,2026-09-16T00:24:59Z,NASDAQ:TER
10.683891323985218,-50.49886290010727,-125.50064610918996,-8.815713776949826,376.329,41.5977133734955,1.1087484811664745,332.85,2692589,1789518482,2026-09-16T00:28:02Z,NASDAQ:TER
10.683891323985218,-50.49886290010727,-125.50064610918996,-8.815713776949826,376.329,41.5977133734955,1.1087484811664745,332.85,2692589,1789518664,2026-09-16T00:31:04Z,NASDAQ:TER
10.683891323985218,-50.49886290010727,-125.50064610918996,-8.815713776949826,376.329,41.5977133734955,1.1087484811664745,332.85,2692589,1789518840,2026-09-16T00:34:00Z,NASDAQ:TER
10.683891323985218,-50.49886290010727,-125.50064610918996,-8.815713776949826,376.329,41.5977133734955,1.1087484811664745,332.85,2692589,1789519022,2026-09-16T00:37:02Z,NASDAQ:TER
10.683891323985218,-50.49886290010727,-125.50064610918996,-8.815713776949826,376.329,41.5977133734955,1.1087484811664745,332.85,2692589,1789519196,2026-09-16T00:39:56Z,NASDAQ:TER
10.683891323985218,-50.49886290010727,-125.50064610918996,-8.815713776949826,376.329,41.5977133734955,1.1087484811664745,332.85,2692589,1789519381,2026-09-16T00:43:01Z,NASDAQ:TER
10.683891323985218,-50.49886290010727,-125.50064610918996,-8.815713776949826,376.329,41.5977133734955,1.1087484811664745,332.85,2692589,1789519558,2026-09-16T00:45:58Z,NASDAQ:TER
10.683891323985218,-50.49886290010727,-125.50064610918996,-8.815713776949826,376.329,41.5977133734955,1.1087484811664745,332.85,2692589,1789519741,2026-09-16T00:49:01Z,NASDAQ:TER
10.683891323985218,-50.49886290010727,-125.50064610918996,-8.815713776949826,376.329,41.5977133734955,1.1087484811664745,332.85,2692589,1789519920,2026-09-16T00:52:00Z,NASDAQ:TER
10.683891323985218,-50.49886290010727,-125.50064610918996,-8.815713776949826,376.329,41.5977133734955,1.1087484811664745,332.85,2692589,1789520099,2026-09-16T00:54:59Z,NASDAQ:TER
10.683891323985218,-50.49886290010727,-125.50064610918996,-8.815713776949826,376.329,41.5977133734955,1.1087484811664745,332.85,2692589,1789520279,2026-09-16T00:57:59Z,NASDAQ:TER
10.683891323985218,-50.49886290010727,-125.50064610918996,-8.815713776949826,376.329,41.5977133734955,1.1087484811664745,332.85,2692589,1789520461,2026-09-16T01:01:01Z,NASDAQ:TER
10.683891323985218,-50.49886290010727,-125.50064610918996,-8.815713776949826,376.329,41.5977133734955,1.1087484811664745,332.85,2692589,1789520639,2026-09-16T01:03:59Z,NASDAQ:TER
10.683891323985218,-50.49886290010727,-125.50064610918996,-8.815713776949826,376.329,41.5977133734955,1.1087484811664745,332.85,2692589,1789520820,2026-09-16T01:07:00Z,NASDAQ:TER
10.683891323985218,-50.49886290010727,-125.50064610918996,-8.815713776949826,376.329,41.5977133734955,1.1087484811664745,332.85,2692589,1789521001,2026-09-16T01:10:01Z,NASDAQ:TER
10.683891323985218,-50.49886290010727,-125.50064610918996,-8.815713776949826,376.329,41.5977133734955,1.1087484811664745,332.85,2692589,1789521181,2026-09-16T01:13:01Z,NASDAQ:TER
10.683891323985218,-50.49886290010727,-125.50064610918996,-8.815713776949826,376.329,41.5977133734955,1.1087484811664745,332.85,2692589,1789521362,2026-09-16T01:16:02Z,NASDAQ:TER
10.683891323985218,-50.49886290010727,-125.50064610918996,-8.815713776949826,376.329,41.5977133734955,1.1087484811664745,332.85,2692589,1789521542,2026-09-16T01:19:02Z,NASDAQ:TER
10.683891323985218,-50.49886290010727,-125.50064610918996,-8.815713776949826,376.329,41.5977133734955,1.1087484811664745,332.85,2692589,1789521722,2026-09-16T01:22:02Z,NASDAQ:TER
10.683891323985218,-50.49886290010727,-125.50064610918996,-8.815713776949826,376.329,41.5977133734955,1.1087484811664745,332.85,2692589,1789521901,2026-09-16T01:25:01Z,NASDAQ:TER
10.683891323985218,-50.49886290010727,-125.50064610918996,-8.815713776949826,376.329,41.5977133734955,1.1087484811664745,332.85,2692589,1789522078,2026-09-16T01:27:58Z,NASDAQ:TER
10.683891323985218,-50.49886290010727,-125.50064610918996,-8.815713776949826,376.329,41.5977133734955,1.1087484811664745,332.85,2692589,1789522262,2026-09-16T01:31:02Z,NASDAQ:TER
10.683891323985218,-50.49886290010727,-125.50064610918996,-8.815713776949826,376.329,41.5977133734955,1.1087484811664745,332.85,2692589,1789522439,2026-09-16T01:33:59Z,NASDAQ:TER
10.683891323985218,-50.49886290010727,-125.50064610918996,-8.815713776949826,376.329,41.5977133734955,1.1087484811664745,332.85,2692589,1789522621,2026-09-16T01:37:01Z,NASDAQ:TER
10.683891323985218,-50.49886290010727,-125.50064610918996,-8.815713776949826,376.329,41.5977133734955,1.1087484811664745,332.85,2692589,1789522799,2026-09-16T01:39:59Z,NASDAQ:TER
10.683891323985218,-50.49886290010727,-125.50064610918996,-8.815713776949826,376.329,41.5977133734955,1.1087484811664745,332.85,2692589,1789522979,2026-09-16T01:42:59Z,NASDAQ:TER
10.683891323985218,-50.49886290010727,-125.50064610918996,-8.815713776949826,376.329,41.5977133734955,1.1087484811664745,332.85,2692589,1789523159,2026-09-16T01:45:59Z,NASDAQ:TER
10.683891323985218,-50.49886290010727,-125.50064610918996,-8.815713776949826,376.329,41.5977133734955,1.1087484811664745,332.85,2692589,1789523342,2026-09-16T01:49:02Z,NASDAQ:TER
10.683891323985218,-50.49886290010727,-125.50064610918996,-8.815713776949826,376.329,41.5977133734955,1.1087484811664745,332.85,2692589,1789523521,2026-09-16T01:52:01Z,NASDAQ:TER
10.683891323985218,-50.49886290010727,-125.50064610918996,-8.815713776949826,376.329,41.5977133734955,1.1087484811664745,332.85,2692589,1789523696,2026-09-16T01:54:56Z,NASDAQ:TER
10.683891323985218,-50.49886290010727,-125.50064610918996,-8.815713776949826,376.329,41.5977133734955,1.1087484811664745,332.85,2692589,1789523889,2026-09-16T01:58:09Z,NASDAQ:TER
10.683891323985218,-50.49886290010727,-125.50064610918996,-8.815713776949826,376.329,41.5977133734955,1.1087484811664745,332.85,2692589,1789524062,2026-09-16T02:01:02Z,NASDAQ:TER
10.683891323985218,-50.49886290010727,-125.50064610918996,-8.815713776949826,376.329,41.5977133734955,1.1087484811664745,332.85,2692589,1789524241,2026-09-16T02:04:01Z,NASDAQ:TER
10.683891323985218,-50.49886290010727,-125.50064610918996,-8.815713776949826,376.329,41.5977133734955,1.1087484811664745,332.85,2692589,1789524416,2026-09-16T02:06:56Z,NASDAQ:TER
10.683891323985218,-50.49886290010727,-125.50064610918996,-8.815713776949826,376.329,41.5977133734955,1.1087484811664745,332.85,2692589,1789524602,2026-09-16T02:10:02Z,NASDAQ:TER
10.683891323985218,-50.49886290010727,-125.50064610918996,-8.815713776949826,376.329,41.5977133734955,1.1087484811664745,332.85,2692589,1789524782,2026-09-16T02:13:02Z,NASDAQ:TER
10.683891323985218,-50.49886290010727,-125.50064610918996,-8.815713776949826,376.329,41.5977133734955,1.1087484811664745,332.85,2692589,1789524960,2026-09-16T02:16:00Z,NASDAQ:TER
10.683891323985218,-50.49886290010727,-125.50064610918996,-8.815713776949826,376.329,41.5977133734955,1.1087484811664745,332.85,2692589,1789525140,2026-09-16T02:19:00Z,NASDAQ:TER
10.683891323985218,-50.49886290010727,-125.50064610918996,-8.815713776949826,376.329,41.5977133734955,1.1087484811664745,332.85,2692589,1789525317,2026-09-16T02:21:57Z,NASDAQ:TER
10.683891323985218,-50.49886290010727,-125.50064610918996,-8.815713776949826,376.329,41.5977133734955,1.1087484811664745,332.85,2692589,1789525501,2026-09-16T02:25:01Z,NASDAQ:TER
10.683891323985218,-50.49886290010727,-125.50064610918996,-8.815713776949826,376.329,41.5977133734955,1.1087484811664745,332.85,2692589,1789525680,2026-09-16T02:28:00Z,NASDAQ:TER
10.683891323985218,-50.49886290010727,-125.50064610918996,-8.815713776949826,376.329,41.5977133734955,1.1087484811664745,332.85,2692589,1789525860,2026-09-16T02:31:00Z,NASDAQ:TER
10.683891323985218,-50.49886290010727,-125.50064610918996,-8.815713776949826,376.329,41.5977133734955,1.1087484811664745,332.85,2692589,1789526038,2026-09-16T02:33:58Z,NASDAQ:TER
10.683891323985218,-50.49886290010727,-125.50064610918996,-8.815713776949826,376.329,41.5977133734955,1.1087484811664745,332.85,2692589,1789526220,2026-09-16T02:37:00Z,NASDAQ:TER
10.683891323985218,-50.49886290010727,-125.50064610918996,-8.815713776949826,376.329,41.5977133734955,1.1087484811664745,332.85,2692589,1789526398,2026-09-16T02:39:58Z,NASDAQ:TER
10.683891323985218,-50.49886290010727,-125.50064610918996,-8.815713776949826,376.329,41.5977133734955,1.1087484811664745,332.85,2692589,1789526581,2026-09-16T02:43:01Z,NASDAQ:TER
10.683891323985218,-50.49886290010727,-125.50064610918996,-8.815713776949826,376.329,41.5977133734955,1.1087484811664745,332.85,2692589,1789526759,2026-09-16T02:45:59Z,NASDAQ:TER
10.683891323985218,-50.49886290010727,-125.50064610918996,-8.815713776949826,376.329,41.5977133734955,1.1087484811664745,332.85,2692589,1789526939,2026-09-16T02:48:59Z,NASDAQ:TER
10.683891323985218,-50.49886290010727,-125.50064610918996,-8.815713776949826,376.329,41.5977133734955,1.1087484811664745,332.85,2692589,1789527123,2026-09-16T02:52:03Z,NASDAQ:TER
10.683891323985218,-50.49886290010727,-125.50064610918996,-8.815713776949826,376.329,41.5977133734955,1.1087484811664745,332.85,2692589,1789527296,2026-09-16T02:54:56Z,NASDAQ:TER
10.683891323985218,-50.49886290010727,-125.50064610918996,-8.815713776949826,376.329,41.5977133734955,1.1087484811664745,332.85,2692589,1789527478,2026-09-16T02:57:58Z,NASDAQ:TER
10.683891323985218,-50.49886290010727,-125.50064610918996,-8.815713776949826,376.329,41.5977133734955,1.1087484811664745,332.85,2692589,1789527660,2026-09-16T03:01:00Z,NASDAQ:TER
10.683891323985218,-50.49886290010727,-125.50064610918996,-8.815713776949826,376.329,41.5977133734955,1.1087484811664745,332.85,2692589,1789527842,2026-09-16T03:04:02Z,NASDAQ:TER
10.683891323985218,-50.49886290010727,-125.50064610918996,-8.815713776949826,376.329,41.5977133734955,1.1087484811664745,332.85,2692589,1789528023,2026-09-16T03:07:03Z,NASDAQ:TER
10.683891323985218,-50.49886290010727,-125.50064610918996,-8.815713776949826,376.329,41.5977133734955,1.1087484811664745,332.85,2692589,1789528200,2026-09-16T03:10:00Z,NASDAQ:TER
10.683891323985218,-50.49886290010727,-125.50064610918996,-8.815713776949826,376.329,41.5977133734955,1.1087484811664745,332.85,2692589,1789528381,2026-09-16T03:13:01Z,NASDAQ:TER
10.683891323985218,-50.49886290010727,-125.50064610918996,-8.815713776949826,376.329,41.5977133734955,1.1087484811664745,332.85,2692589,1789528561,2026-09-16T03:16:01Z,NASDAQ:TER
10.683891323985218,-50.49886290010727,-125.50064610918996,-8.815713776949826,376.329,41.5977133734955,1.1087484811664745,332.85,2692589,1789528741,2026-09-16T03:19:01Z,NASDAQ:TER
10.683891323985218,-50.49886290010727,-125.50064610918996,-8.815713776949826,376.329,41.5977133734955,1.1087484811664745,332.85,2692589,1789528919,2026-09-16T03:21:59Z,NASDAQ:TER
10.683891323985218,-50.49886290010727,-125.50064610918996,-8.815713776949826,376.329,41.5977133734955,1.1087484811664745,332.85,2692589,1789529104,2026-09-16T03:25:04Z,NASDAQ:TER
10.683891323985218,-50.49886290010727,-125.50064610918996,-8.815713776949826,376.329,41.5977133734955,1.1087484811664745,332.85,2692589,1789529277,2026-09-16T03:27:57Z,NASDAQ:TER
10.683891323985218,-50.49886290010727,-125.50064610918996,-8.815713776949826,376.329,41.5977133734955,1.1087484811664745,332.85,2692589,1789529457,2026-09-16T03:30:57Z,NASDAQ:TER
10.683891323985218,-50.49886290010727,-125.50064610918996,-8.815713776949826,376.329,41.5977133734955,1.1087484811664745,332.85,2692589,1789529642,2026-09-16T03:34:02Z,NASDAQ:TER
10.683891323985218,-50.49886290010727,-125.50064610918996,-8.815713776949826,376.329,41.5977133734955,1.1087484811664745,332.85,2692589,1789529822,2026-09-16T03:37:02Z,NASDAQ:TER
10.683891323985218,-50.49886290010727,-125.50064610918996,-8.815713776949826,376.329,41.5977133734955,1.1087484811664745,332.85,2692589,1789530000,2026-09-16T03:40:00Z,NASDAQ:TER
10.683891323985218,-50.49886290010727,-125.50064610918996,-8.815713776949826,376.329,41.5977133734955,1.1087484811664745,332.85,2692589,1789530181,2026-09-16T03:43:01Z,NASDAQ:TER
10.683891323985218,-50.49886290010727,-125.50064610918996,-8.815713776949826,376.329,41.5977133734955,1.1087484811664745,332.85,2692589,1789530355,2026-09-16T03:45:55Z,NASDAQ:TER
10.683891323985218,-50.49886290010727,-125.50064610918996,-8.815713776949826,376.329,41.5977133734955,1.1087484811664745,332.85,2692589,1789530541,2026-09-16T03:49:01Z,NASDAQ:TER
10.683891323985218,-50.49886290010727,-125.50064610918996,-8.815713776949826,376.329,41.5977133734955,1.1087484811664745,332.85,2692589,1789530720,2026-09-16T03:52:00Z,NASDAQ:TER
10.683891323985218,-50.49886290010727,-125.50064610918996,-8.815713776949826,376.329,41.5977133734955,1.1087484811664745,332.85,2692589,1789530903,2026-09-16T03:55:03Z,NASDAQ:TER
10.683891323985218,-50.49886290010727,-125.50064610918996,-8.815713776949826,376.329,41.5977133734955,1.1087484811664745,332.85,2692589,1789531079,2026-09-16T03:57:59Z,NASDAQ:TER
10.683891323985218,-50.49886290010727,-125.50064610918996,-8.815713776949826,376.329,41.5977133734955,1.1087484811664745,332.85,2692589,1789531261,2026-09-16T04:01:01Z,NASDAQ:TER
10.683891323985218,-50.49886290010727,-125.50064610918996,-8.815713776949826,376.329,41.5977133734955,1.1087484811664745,332.85,2692589,1789531443,2026-09-16T04:04:03Z,NASDAQ:TER
10.683891323985218,-50.49886290010727,-125.50064610918996,-8.815713776949826,376.329,41.5977133734955,1.1087484811664745,332.85,2692589,1789531620,2026-09-16T04:07:00Z,NASDAQ:TER
10.683891323985218,-50.49886290010727,-125.50064610918996,-8.815713776949826,376.329,41.5977133734955,1.1087484811664745,332.85,2692589,1789531799,2026-09-16T04:09:59Z,NASDAQ:TER
10.683891323985218,-50.49886290010727,-125.50064610918996,-8.815713776949826,376.329,41.5977133734955,1.1087484811664745,332.85,2692589,1789531977,2026-09-16T04:12:57Z,NASDAQ:TER
10.683891323985218,-50.49886290010727,-125.50064610918996,-8.815713776949826,376.329,41.5977133734955,1.1087484811664745,332.85,2692589,1789532163,2026-09-16T04:16:03Z,NASDAQ:TER
10.683891323985218,-50.49886290010727,-125.50064610918996,-8.815713776949826,376.329,41.5977133734955,1.1087484811664745,332.85,2692589,1789532340,2026-09-16T04:19:00Z,NASDAQ:TER
10.683891323985218,-50.49886290010727,-125.50064610918996,-8.815713776949826,376.329,41.5977133734955,1.1087484811664745,332.85,2692589,1789532521,2026-09-16T04:22:01Z,NASDAQ:TER
10.683891323985218,-50.49886290010727,-125.50064610918996,-8.815713776949826,376.329,41.5977133734955,1.1087484811664745,332.85,2692589,1789532701,2026-09-16T04:25:01Z,NASDAQ:TER
10.683891323985218,-50.49886290010727,-125.50064610918996,-8.815713776949826,376.329,41.5977133734955,1.1087484811664745,332.85,2692589,1789532879,2026-09-16T04:27:59Z,NASDAQ:TER
10.683891323985218,-50.49886290010727,-125.50064610918996,-8.815713776949826,376.329,41.5977133734955,1.1087484811664745,332.85,2692589,1789533061,2026-09-16T04:31:01Z,NASDAQ:TER
10.683891323985218,-50.49886290010727,-125.50064610918996,-8.815713776949826,376.329,41.5977133734955,1.1087484811664745,332.85,2692589,1789533237,2026-09-16T04:33:57Z,NASDAQ:TER
10.683891323985218,-50.49886290010727,-125.50064610918996,-8.815713776949826,376.329,41.5977133734955,1.1087484811664745,332.85,2692589,1789533416,2026-09-16T04:36:56Z,NASDAQ:TER
10.683891323985218,-50.49886290010727,-125.50064610918996,-8.815713776949826,376.329,41.5977133734955,1.1087484811664745,332.85,2692589,1789533597,2026-09-16T04:39:57Z,NASDAQ:TER
10.683891323985218,-50.49886290010727,-125.50064610918996,-8.815713776949826,376.329,41.5977133734955,1.1087484811664745,332.85,2692589,1789533781,2026-09-16T04:43:01Z,NASDAQ:TER
10.683891323985218,-50.49886290010727,-125.50064610918996,-8.815713776949826,376.329,41.5977133734955,1.1087484811664745,332.85,2692589,1789533962,2026-09-16T04:46:02Z,NASDAQ:TER
10.683891323985218,-50.49886290010727,-125.50064610918996,-8.815713776949826,376.329,41.5977133734955,1.1087484811664745,332.85,2692589,1789534141,2026-09-16T04:49:01Z,NASDAQ:TER
10.683891323985218,-50.49886290010727,-125.50064610918996,-8.815713776949826,376.329,41.5977133734955,1.1087484811664745,332.85,2692589,1789534318,2026-09-16T04:51:58Z,NASDAQ:TER
10.683891323985218,-50.49886290010727,-125.50064610918996,-8.815713776949826,376.329,41.5977133734955,1.1087484811664745,332.85,2692589,1789534500,2026-09-16T04:55:00Z,NASDAQ:TER
10.683891323985218,-50.49886290010727,-125.50064610918996,-8.815713776949826,376.329,41.5977133734955,1.1087484811664745,332.85,2692589,1789534678,2026-09-16T04:57:58Z,NASDAQ:TER
10.683891323985218,-50.49886290010727,-125.50064610918996,-8.815713776949826,376.329,41.5977133734955,1.1087484811664745,332.85,2692589,1789534861,2026-09-16T05:01:01Z,NASDAQ:TER
10.683891323985218,-50.49886290010727,-125.50064610918996,-8.815713776949826,376.329,41.5977133734955,1.1087484811664745,332.85,2692589,1789535042,2026-09-16T05:04:02Z,NASDAQ:TER
10.683891323985218,-50.49886290010727,-125.50064610918996,-8.815713776949826,376.329,41.5977133734955,1.1087484811664745,332.85,2692589,1789535221,2026-09-16T05:07:01Z,NASDAQ:TER
10.683891323985218,-50.49886290010727,-125.50064610918996,-8.815713776949826,376.329,41.5977133734955,1.1087484811664745,332.85,2692589,1789535401,2026-09-16T05:10:01Z,NASDAQ:TER
10.683891323985218,-50.49886290010727,-125.50064610918996,-8.815713776949826,376.329,41.5977133734955,1.1087484811664745,332.85,2692589,1789535580,2026-09-16T05:13:00Z,NASDAQ:TER
10.683891323985218,-50.49886290010727,-125.50064610918996,-8.815713776949826,376.329,41.5977133734955,1.1087484811664745,332.85,2692589,1789535758,2026-09-16T05:15:58Z,NASDAQ:TER
10.683891323985218,-50.49886290010727,-125.50064610918996,-8.815713776949826,376.329,41.5977133734955,1.1087484811664745,332.85,2692589,1789535936,2026-09-16T05:18:56Z,NASDAQ:TER
10.683891323985218,-50.49886290010727,-125.50064610918996,-8.815713776949826,376.329,41.5977133734955,1.1087484811664745,332.85,2692589,1789536117,2026-09-16T05:21:57Z,NASDAQ:TER
10.683891323985218,-50.49886290010727,-125.50064610918996,-8.815713776949826,376.329,41.5977133734955,1.1087484811664745,332.85,2692589,1789536297,2026-09-16T05:24:57Z,NASDAQ:TER
10.683891323985218,-50.49886290010727,-125.50064610918996,-8.815713776949826,376.329,41.5977133734955,1.1087484811664745,332.85,2692589,1789536477,2026-09-16T05:27:57Z,NASDAQ:TER
10.683891323985218,-50.49886290010727,-125.50064610918996,-8.815713776949826,376.329,41.5977133734955,1.1087484811664745,332.85,2692589,1789536661,2026-09-16T05:31:01Z,NASDAQ:TER
10.683891323985218,-50.49886290010727,-125.50064610918996,-8.815713776949826,376.329,41.5977133734955,1.1087484811664745,332.85,2692589,1789536840,2026-09-16T05:34:00Z,NASDAQ:TER
10.683891323985218,-50.49886290010727,-125.50064610918996,-8.815713776949826,376.329,41.5977133734955,1.1087484811664745,332.85,2692589,1789537019,2026-09-16T05:36:59Z,NASDAQ:TER
10.683891323985218,-50.49886290010727,-125.50064610918996,-8.815713776949826,376.329,41.5977133734955,1.1087484811664745,332.85,2692589,1789537203,2026-09-16T05:40:03Z,NASDAQ:TER
10.683891323985218,-50.49886290010727,-125.50064610918996,-8.815713776949826,376.329,41.5977133734955,1.1087484811664745,332.85,2692589,1789537376,2026-09-16T05:42:56Z,NASDAQ:TER
10.683891323985218,-50.49886290010727,-125.50064610918996,-8.815713776949826,376.329,41.5977133734955,1.1087484811664745,332.85,2692589,1789537562,2026-09-16T05:46:02Z,NASDAQ:TER
10.683891323985218,-50.49886290010727,-125.50064610918996,-8.815713776949826,376.329,41.5977133734955,1.1087484811664745,332.85,2692589,1789537741,2026-09-16T05:49:01Z,NASDAQ:TER
10.683891323985218,-50.49886290010727,-125.50064610918996,-8.815713776949826,376.329,41.5977133734955,1.1087484811664745,332.85,2692589,1789537921,2026-09-16T05:52:01Z,NASDAQ:TER
10.683891323985218,-50.49886290010727,-125.50064610918996,-8.815713776949826,376.329,41.5977133734955,1.1087484811664745,332.85,2692589,1789538101,2026-09-16T05:55:01Z,NASDAQ:TER
10.683891323985218,-50.49886290010727,-125.50064610918996,-8.815713776949826,376.329,41.5977133734955,1.1087484811664745,332.85,2692589,1789538282,2026-09-16T05:58:02Z,NASDAQ:TER
10.683891323985218,-50.49886290010727,-125.50064610918996,-8.815713776949826,376.329,41.5977133734955,1.1087484811664745,332.85,2692589,1789538457,2026-09-16T06:00:57Z,NASDAQ:TER
10.683891323985218,-50.49886290010727,-125.50064610918996,-8.815713776949826,376.329,41.5977133734955,1.1087484811664745,332.85,2692589,1789538639,2026-09-16T06:03:59Z,NASDAQ:TER
10.683891323985218,-50.49886290010727,-125.50064610918996,-8.815713776949826,376.329,41.5977133734955,1.1087484811664745,332.85,2692589,1789538818,2026-09-16T06:06:58Z,NASDAQ:TER
10.683891323985218,-50.49886290010727,-125.50064610918996,-8.815713776949826,376.329,41.5977133734955,1.1087484811664745,332.85,2692589,1789538998,2026-09-16T06:09:58Z,NASDAQ:TER
10.683891323985218,-50.49886290010727,-125.50064610918996,-8.815713776949826,376.329,41.5977133734955,1.1087484811664745,332.85,2692589,1789539178,2026-09-16T06:12:58Z,NASDAQ:TER
10.683891323985218,-50.49886290010727,-125.50064610918996,-8.815713776949826,376.329,41.5977133734955,1.1087484811664745,332.85,2692589,1789539359,2026-09-16T06:15:59Z,NASDAQ:TER
10.683891323985218,-50.49886290010727,-125.50064610918996,-8.815713776949826,376.329,41.5977133734955,1.1087484811664745,332.85,2692589,1789539541,2026-09-16T06:19:01Z,NASDAQ:TER
10.683891323985218,-50.49886290010727,-125.50064610918996,-8.815713776949826,376.329,41.5977133734955,1.1087484811664745,332.85,2692589,1789539721,2026-09-16T06:22:01Z,NASDAQ:TER
10.683891323985218,-50.49886290010727,-125.50064610918996,-8.815713776949826,376.329,41.5977133734955,1.1087484811664745,332.85,2692589,1789539902,2026-09-16T06:25:02Z,NASDAQ:TER
10.683891323985218,-50.49886290010727,-125.50064610918996,-8.815713776949826,376.329,41.5977133734955,1.1087484811664745,332.85,2692589,1789540081,2026-09-16T06:28:01Z,NASDAQ:TER
10.683891323985218,-50.49886290010727,-125.50064610918996,-8.815713776949826,376.329,41.5977133734955,1.1087484811664745,332.85,2692589,1789540257,2026-09-16T06:30:57Z,NASDAQ:TER
10.683891323985218,-50.49886290010727,-125.50064610918996,-8.815713776949826,376.329,41.5977133734955,1.1087484811664745,332.85,2692589,1789540440,2026-09-16T06:34:00Z,NASDAQ:TER
10.683891323985218,-50.49886290010727,-125.50064610918996,-8.815713776949826,376.329,41.5977133734955,1.1087484811664745,332.85,2692589,1789540619,2026-09-16T06:36:59Z,NASDAQ:TER
10.683891323985218,-50.49886290010727,-125.50064610918996,-8.815713776949826,376.329,41.5977133734955,1.1087484811664745,332.85,2692589,1789540800,2026-09-16T06:40:00Z,NASDAQ:TER
10.683891323985218,-50.49886290010727,-125.50064610918996,-8.815713776949826,376.329,41.5977133734955,1.1087484811664745,332.85,2692589,1789540978,2026-09-16T06:42:58Z,NASDAQ:TER
10.683891323985218,-50.49886290010727,-125.50064610918996,-8.815713776949826,376.329,41.5977133734955,1.1087484811664745,332.85,2692589,1789541158,2026-09-16T06:45:58Z,NASDAQ:TER
10.683891323985218,-50.49886290010727,-125.50064610918996,-8.815713776949826,376.329,41.5977133734955,1.1087484811664745,332.85,2692589,1789541342,2026-09-16T06:49:02Z,NASDAQ:TER
10.683891323985218,-50.49886290010727,-125.50064610918996,-8.815713776949826,376.329,41.5977133734955,1.1087484811664745,332.85,2692589,1789541517,2026-09-16T06:51:57Z,NASDAQ:TER
10.683891323985218,-50.49886290010727,-125.50064610918996,-8.815713776949826,376.329,41.5977133734955,1.1087484811664745,332.85,2692589,1789541704,2026-09-16T06:55:04Z,NASDAQ:TER
10.683891323985218,-50.49886290010727,-125.50064610918996,-8.815713776949826,376.329,41.5977133734955,1.1087484811664745,332.85,2692589,1789541874,2026-09-16T06:57:54Z,NASDAQ:TER
10.683891323985218,-50.49886290010727,-125.50064610918996,-8.815713776949826,376.329,41.5977133734955,1.1087484811664745,332.85,2692589,1789542060,2026-09-16T07:01:00Z,NASDAQ:TER
10.683891323985218,-50.49886290010727,-125.50064610918996,-8.815713776949826,376.329,41.5977133734955,1.1087484811664745,332.85,2692589,1789542240,2026-09-16T07:04:00Z,NASDAQ:TER
10.683891323985218,-50.49886290010727,-125.50064610918996,-8.815713776949826,376.329,41.5977133734955,1.1087484811664745,332.85,2692589,1789542422,2026-09-16T07:07:02Z,NASDAQ:TER
10.683891323985218,-50.49886290010727,-125.50064610918996,-8.815713776949826,376.329,41.5977133734955,1.1087484811664745,332.85,2692589,1789542600,2026-09-16T07:10:00Z,NASDAQ:TER
10.683891323985218,-50.49886290010727,-125.50064610918996,-8.815713776949826,376.329,41.5977133734955,1.1087484811664745,332.85,2692589,1789542783,2026-09-16T07:13:03Z,NASDAQ:TER
10.683891323985218,-50.49886290010727,-125.50064610918996,-8.815713776949826,376.329,41.5977133734955,1.1087484811664745,332.85,2692589,1789542962,2026-09-16T07:16:02Z,NASDAQ:TER
10.683891323985218,-50.49886290010727,-125.50064610918996,-8.815713776949826,376.329,41.5977133734955,1.1087484811664745,332.85,2692589,1789543138,2026-09-16T07:18:58Z,NASDAQ:TER
10.683891323985218,-50.49886290010727,-125.50064610918996,-8.815713776949826,376.329,41.5977133734955,1.1087484811664745,332.85,2692589,1789543323,2026-09-16T07:22:03Z,NASDAQ:TER
10.683891323985218,-50.49886290010727,-125.50064610918996,-8.815713776949826,376.329,41.5977133734955,1.1087484811664745,332.85,2692589,1789543501,2026-09-16T07:25:01Z,NASDAQ:TER
10.683891323985218,-50.49886290010727,-125.50064610918996,-8.815713776949826,376.329,41.5977133734955,1.1087484811664745,332.85,2692589,1789543676,2026-09-16T07:27:56Z,NASDAQ:TER
10.683891323985218,-50.49886290010727,-125.50064610918996,-8.815713776949826,376.329,41.5977133734955,1.1087484811664745,332.85,2692589,1789543863,2026-09-16T07:31:03Z,NASDAQ:TER
10.683891323985218,-50.49886290010727,-125.50064610918996,-8.815713776949826,376.329,41.5977133734955,1.1087484811664745,332.85,2692589,1789544039,2026-09-16T07:33:59Z,NASDAQ:TER
10.683891323985218,-50.49886290010727,-125.50064610918996,-8.815713776949826,376.329,41.5977133734955,1.1087484811664745,332.85,2692589,1789544217,2026-09-16T07:36:57Z,NASDAQ:TER
10.683891323985218,-50.49886290010727,-125.50064610918996,-8.815713776949826,376.329,41.5977133734955,1.1087484811664745,332.85,2692589,1789544400,2026-09-16T07:40:00Z,NASDAQ:TER
10.683891323985218,-50.49886290010727,-125.50064610918996,-8.815713776949826,376.329,41.5977133734955,1.1087484811664745,332.85,2692589,1789544577,2026-09-16T07:42:57Z,NASDAQ:TER
10.683891323985218,-50.49886290010727,-125.50064610918996,-8.815713776949826,376.329,41.5977133734955,1.1087484811664745,332.85,2692589,1789544760,2026-09-16T07:46:00Z,NASDAQ:TER
10.683891323985218,-50.49886290010727,-125.50064610918996,-8.815713776949826,376.329,41.5977133734955,1.1087484811664745,332.85,2692589,1789544944,2026-09-16T07:49:04Z,NASDAQ:TER
10.683891323985218,-50.49886290010727,-125.50064610918996,-8.815713776949826,376.329,41.5977133734955,1.1087484811664745,332.85,2692589,1789545122,2026-09-16T07:52:02Z,NASDAQ:TER
10.683891323985218,-50.49886290010727,-125.50064610918996,-8.815713776949826,376.329,41.5977133734955,1.1087484811664745,332.85,2692589,1789545295,2026-09-16T07:54:55Z,NASDAQ:TER
10.683891323985218,-50.49886290010727,-125.50064610918996,-8.815713776949826,376.329,41.5977133734955,1.1087484811664745,332.85,2692589,1789545478,2026-09-16T07:57:58Z,NASDAQ:TER
10.683891323985218,-50.49886290010727,-125.50064610918996,-8.815713776949826,376.329,41.5977133734955,1.1087484811664745,332.85,2692589,1789545662,2026-09-16T08:01:02Z,NASDAQ:TER
10.683891323985218,-50.49886290010727,-125.50064610918996,-8.815713776949826,376.329,41.5977133734955,1.1087484811664745,332.85,2692589,1789545843,2026-09-16T08:04:03Z,NASDAQ:TER
10.683891323985218,-50.49886290010727,-125.50064610918996,-8.815713776949826,376.329,41.5977133734955,1.1087484811664745,332.85,2692589,1789546020,2026-09-16T08:07:00Z,NASDAQ:TER
10.683891323985218,-50.49886290010727,-125.50064610918996,-8.815713776949826,376.329,41.5977133734955,1.1087484811664745,332.85,2692589,1789546197,2026-09-16T08:09:57Z,NASDAQ:TER
10.683891323985218,-50.49886290010727,-125.50064610918996,-8.815713776949826,376.329,41.5977133734955,1.1087484811664745,332.85,2692589,1789546383,2026-09-16T08:13:03Z,NASDAQ:TER
10.683891323985218,-50.49886290010727,-125.50064610918996,-8.815713776949826,376.329,41.5977133734955,1.1087484811664745,332.85,2692589,1789546561,2026-09-16T08:16:01Z,NASDAQ:TER
10.683891323985218,-50.49886290010727,-125.50064610918996,-8.815713776949826,376.329,41.5977133734955,1.1087484811664745,332.85,2692589,1789546742,2026-09-16T08:19:02Z,NASDAQ:TER
10.683891323985218,-50.49886290010727,-125.50064610918996,-8.815713776949826,376.329,41.5977133734955,1.1087484811664745,332.85,2692589,1789546921,2026-09-16T08:22:01Z,NASDAQ:TER
10.683891323985218,-50.49886290010727,-125.50064610918996,-8.815713776949826,376.329,41.5977133734955,1.1087484811664745,332.85,2692589,1789547099,2026-09-16T08:24:59Z,NASDAQ:TER
10.683891323985218,-50.49886290010727,-125.50064610918996,-8.815713776949826,376.329,41.5977133734955,1.1087484811664745,332.85,2692589,1789547279,2026-09-16T08:27:59Z,NASDAQ:TER
10.683891323985218,-50.49886290010727,-125.50064610918996,-8.815713776949826,376.329,41.5977133734955,1.1087484811664745,332.85,2692589,1789547461,2026-09-16T08:31:01Z,NASDAQ:TER
10.683891323985218,-50.49886290010727,-125.50064610918996,-8.815713776949826,376.329,41.5977133734955,1.1087484811664745,332.85,2692589,1789547642,2026-09-16T08:34:02Z,NASDAQ:TER
10.683891323985218,-50.49886290010727,-125.50064610918996,-8.815713776949826,376.329,41.5977133734955,1.1087484811664745,332.85,2692589,1789547819,2026-09-16T08:36:59Z,NASDAQ:TER
10.683891323985218,-50.49886290010727,-125.50064610918996,-8.815713776949826,376.329,41.5977133734955,1.1087484811664745,332.85,2692589,1789547999,2026-09-16T08:39:59Z,NASDAQ:TER
10.683891323985218,-50.49886290010727,-125.50064610918996,-8.815713776949826,376.329,41.5977133734955,1.1087484811664745,332.85,2692589,1789548181,2026-09-16T08:43:01Z,NASDAQ:TER
10.683891323985218,-50.49886290010727,-125.50064610918996,-8.815713776949826,376.329,41.5977133734955,1.1087484811664745,332.85,2692589,1789548360,2026-09-16T08:46:00Z,NASDAQ:TER
10.683891323985218,-50.49886290010727,-125.50064610918996,-8.815713776949826,376.329,41.5977133734955,1.1087484811664745,332.85,2692589,1789548583,2026-09-16T08:49:43Z,NASDAQ:TER
10.683891323985218,-50.49886290010727,-125.50064610918996,-8.815713776949826,376.329,41.5977133734955,1.1087484811664745,332.85,2692589,1789548715,2026-09-16T08:51:55Z,NASDAQ:TER
10.683891323985218,-50.49886290010727,-125.50064610918996,-8.815713776949826,376.329,41.5977133734955,1.1087484811664745,332.85,2692589,1789548901,2026-09-16T08:55:01Z,NASDAQ:TER
10.683891323985218,-50.49886290010727,-125.50064610918996,-8.815713776949826,376.329,41.5977133734955,1.1087484811664745,332.85,2692589,1789549079,2026-09-16T08:57:59Z,NASDAQ:TER
10.683891323985218,-50.49886290010727,-125.50064610918996,-8.815713776949826,376.329,41.5977133734955,1.1087484811664745,332.85,2692589,1789549260,2026-09-16T09:01:00Z,NASDAQ:TER
10.683891323985218,-50.49886290010727,-125.50064610918996,-8.815713776949826,376.329,41.5977133734955,1.1087484811664745,332.85,2692589,1789549439,2026-09-16T09:03:59Z,NASDAQ:TER
10.683891323985218,-50.49886290010727,-125.50064610918996,-8.815713776949826,376.329,41.5977133734955,1.1087484811664745,332.85,2692589,1789549618,2026-09-16T09:06:58Z,NASDAQ:TER
10.683891323985218,-50.49886290010727,-125.50064610918996,-8.815713776949826,376.329,41.5977133734955,1.1087484811664745,332.85,2692589,1789549802,2026-09-16T09:10:02Z,NASDAQ:TER
10.683891323985218,-50.49886290010727,-125.50064610918996,-8.815713776949826,376.329,41.5977133734955,1.1087484811664745,332.85,2692589,1789549978,2026-09-16T09:12:58Z,NASDAQ:TER
10.683891323985218,-50.49886290010727,-125.50064610918996,-8.815713776949826,376.329,41.5977133734955,1.1087484811664745,332.85,2692589,1789550162,2026-09-16T09:16:02Z,NASDAQ:TER
10.683891323985218,-50.49886290010727,-125.50064610918996,-8.815713776949826,376.329,41.5977133734955,1.1087484811664745,332.85,2692589,1789550338,2026-09-16T09:18:58Z,NASDAQ:TER
10.683891323985218,-50.49886290010727,-125.50064610918996,-8.815713776949826,376.329,41.5977133734955,1.1087484811664745,332.85,2692589,1789550523,2026-09-16T09:22:03Z,NASDAQ:TER
10.683891323985218,-50.49886290010727,-125.50064610918996,-8.815713776949826,376.329,41.5977133734955,1.1087484811664745,332.85,2692589,1789550699,2026-09-16T09:24:59Z,NASDAQ:TER
10.683891323985218,-50.49886290010727,-125.50064610918996,-8.815713776949826,376.329,41.5977133734955,1.1087484811664745,332.85,2692589,1789550881,2026-09-16T09:28:01Z,NASDAQ:TER
10.683891323985218,-50.49886290010727,-125.50064610918996,-8.815713776949826,376.329,41.5977133734955,1.1087484811664745,332.85,2692589,1789551059,2026-09-16T09:30:59Z,NASDAQ:TER
10.683891323985218,-50.49886290010727,-125.50064610918996,-8.815713776949826,376.329,41.5977133734955,1.1087484811664745,332.85,2692589,1789551240,2026-09-16T09:34:00Z,NASDAQ:TER
10.683891323985218,-50.49886290010727,-125.50064610918996,-8.815713776949826,376.329,41.5977133734955,1.1087484811664745,332.85,2692589,1789551419,2026-09-16T09:36:59Z,NASDAQ:TER
10.683891323985218,-50.49886290010727,-125.50064610918996,-8.815713776949826,376.329,41.5977133734955,1.1087484811664745,332.85,2692589,1789551603,2026-09-16T09:40:03Z,NASDAQ:TER
10.683891323985218,-50.49886290010727,-125.50064610918996,-8.815713776949826,376.329,41.5977133734955,1.1087484811664745,332.85,2692589,1789551778,2026-09-16T09:42:58Z,NASDAQ:TER
10.683891323985218,-50.49886290010727,-125.50064610918996,-8.815713776949826,376.329,41.5977133734955,1.1087484811664745,332.85,2692589,1789551962,2026-09-16T09:46:02Z,NASDAQ:TER
10.683891323985218,-50.49886290010727,-125.50064610918996,-8.815713776949826,376.329,41.5977133734955,1.1087484811664745,332.85,2692589,1789552142,2026-09-16T09:49:02Z,NASDAQ:TER
10.683891323985218,-50.49886290010727,-125.50064610918996,-8.815713776949826,376.329,41.5977133734955,1.1087484811664745,332.85,2692589,1789552322,2026-09-16T09:52:02Z,NASDAQ:TER
10.683891323985218,-50.49886290010727,-125.50064610918996,-8.815713776949826,376.329,41.5977133734955,1.1087484811664745,332.85,2692589,1789552499,2026-09-16T09:54:59Z,NASDAQ:TER
10.683891323985218,-50.49886290010727,-125.50064610918996,-8.815713776949826,376.329,41.5977133734955,1.1087484811664745,332.85,2692589,1789552679,2026-09-16T09:57:59Z,NASDAQ:TER
10.683891323985218,-50.49886290010727,-125.50064610918996,-8.815713776949826,376.329,41.5977133734955,1.1087484811664745,332.85,2692589,1789552864,2026-09-16T10:01:04Z,NASDAQ:TER
10.683891323985218,-50.49886290010727,-125.50064610918996,-8.815713776949826,376.329,41.5977133734955,1.1087484811664745,332.85,2692589,1789553041,2026-09-16T10:04:01Z,NASDAQ:TER
10.683891323985218,-50.49886290010727,-125.50064610918996,-8.815713776949826,376.329,41.5977133734955,1.1087484811664745,332.85,2692589,1789553220,2026-09-16T10:07:00Z,NASDAQ:TER
10.683891323985218,-50.49886290010727,-125.50064610918996,-8.815713776949826,376.329,41.5977133734955,1.1087484811664745,332.85,2692589,1789553400,2026-09-16T10:10:00Z,NASDAQ:TER
10.683891323985218,-50.49886290010727,-125.50064610918996,-8.815713776949826,376.329,41.5977133734955,1.1087484811664745,332.85,2692589,1789553584,2026-09-16T10:13:04Z,NASDAQ:TER
10.683891323985218,-50.49886290010727,-125.50064610918996,-8.815713776949826,376.329,41.5977133734955,1.1087484811664745,332.85,2692589,1789553762,2026-09-16T10:16:02Z,NASDAQ:TER
10.683891323985218,-50.49886290010727,-125.50064610918996,-8.815713776949826,376.329,41.5977133734955,1.1087484811664745,332.85,2692589,1789553938,2026-09-16T10:18:58Z,NASDAQ:TER
10.683891323985218,-50.49886290010727,-125.50064610918996,-8.815713776949826,376.329,41.5977133734955,1.1087484811664745,332.85,2692589,1789554122,2026-09-16T10:22:02Z,NASDAQ:TER
10.683891323985218,-50.49886290010727,-125.50064610918996,-8.815713776949826,376.329,41.5977133734955,1.1087484811664745,332.85,2692589,1789554298,2026-09-16T10:24:58Z,NASDAQ:TER
10.683891323985218,-50.49886290010727,-125.50064610918996,-8.815713776949826,376.329,41.5977133734955,1.1087484811664745,332.85,2692589,1789554482,2026-09-16T10:28:02Z,NASDAQ:TER
10.683891323985218,-50.49886290010727,-125.50064610918996,-8.815713776949826,376.329,41.5977133734955,1.1087484811664745,332.85,2692589,1789554655,2026-09-16T10:30:55Z,NASDAQ:TER
10.683891323985218,-50.49886290010727,-125.50064610918996,-8.815713776949826,376.329,41.5977133734955,1.1087484811664745,332.85,2692589,1789554838,2026-09-16T10:33:58Z,NASDAQ:TER
10.683891323985218,-50.49886290010727,-125.50064610918996,-8.815713776949826,376.329,41.5977133734955,1.1087484811664745,332.85,2692589,1789555023,2026-09-16T10:37:03Z,NASDAQ:TER
10.683891323985218,-50.49886290010727,-125.50064610918996,-8.815713776949826,376.329,41.5977133734955,1.1087484811664745,332.85,2692589,1789555198,2026-09-16T10:39:58Z,NASDAQ:TER
10.683891323985218,-50.49886290010727,-125.50064610918996,-8.815713776949826,376.329,41.5977133734955,1.1087484811664745,332.85,2692589,1789555377,2026-09-16T10:42:57Z,NASDAQ:TER
10.683891323985218,-50.49886290010727,-125.50064610918996,-8.815713776949826,376.329,41.5977133734955,1.1087484811664745,332.85,2692589,1789555562,2026-09-16T10:46:02Z,NASDAQ:TER
10.683891323985218,-50.49886290010727,-125.50064610918996,-8.815713776949826,376.329,41.5977133734955,1.1087484811664745,332.85,2692589,1789555739,2026-09-16T10:48:59Z,NASDAQ:TER
10.683891323985218,-50.49886290010727,-125.50064610918996,-8.815713776949826,376.329,41.5977133734955,1.1087484811664745,332.85,2692589,1789555919,2026-09-16T10:51:59Z,NASDAQ:TER
10.683891323985218,-50.49886290010727,-125.50064610918996,-8.815713776949826,376.329,41.5977133734955,1.1087484811664745,332.85,2692589,1789556100,2026-09-16T10:55:00Z,NASDAQ:TER
10.683891323985218,-50.49886290010727,-125.50064610918996,-8.815713776949826,376.329,41.5977133734955,1.1087484811664745,332.85,2692589,1789556282,2026-09-16T10:58:02Z,NASDAQ:TER
10.683891323985218,-50.49886290010727,-125.50064610918996,-8.815713776949826,376.329,41.5977133734955,1.1087484811664745,332.85,2692589,1789556463,2026-09-16T11:01:03Z,NASDAQ:TER
10.683891323985218,-50.49886290010727,-125.50064610918996,-8.815713776949826,376.329,41.5977133734955,1.1087484811664745,332.85,2692589,1789556637,2026-09-16T11:03:57Z,NASDAQ:TER
10.683891323985218,-50.49886290010727,-125.50064610918996,-8.815713776949826,376.329,41.5977133734955,1.1087484811664745,332.85,2692589,1789556820,2026-09-16T11:07:00Z,NASDAQ:TER
10.683891323985218,-50.49886290010727,-125.50064610918996,-8.815713776949826,376.329,41.5977133734955,1.1087484811664745,332.85,2692589,1789557000,2026-09-16T11:10:00Z,NASDAQ:TER
10.683891323985218,-50.49886290010727,-125.50064610918996,-8.815713776949826,376.329,41.5977133734955,1.1087484811664745,332.85,2692589,1789557183,2026-09-16T11:13:03Z,NASDAQ:TER
10.683891323985218,-50.49886290010727,-125.50064610918996,-8.815713776949826,376.329,41.5977133734955,1.1087484811664745,332.85,2692589,1789557364,2026-09-16T11:16:04Z,NASDAQ:TER
10.683891323985218,-50.49886290010727,-125.50064610918996,-8.815713776949826,376.329,41.5977133734955,1.1087484811664745,332.85,2692589,1789557535,2026-09-16T11:18:55Z,NASDAQ:TER
10.683891323985218,-50.49886290010727,-125.50064610918996,-8.815713776949826,376.329,41.5977133734955,1.1087484811664745,332.85,2692589,1789557723,2026-09-16T11:22:03Z,NASDAQ:TER
10.683891323985218,-50.49886290010727,-125.50064610918996,-8.815713776949826,376.329,41.5977133734955,1.1087484811664745,332.85,2692589,1789557903,2026-09-16T11:25:03Z,NASDAQ:TER
10.683891323985218,-50.49886290010727,-125.50064610918996,-8.815713776949826,376.329,41.5977133734955,1.1087484811664745,332.85,2692589,1789558079,2026-09-16T11:27:59Z,NASDAQ:TER
10.683891323985218,-50.49886290010727,-125.50064610918996,-8.815713776949826,376.329,41.5977133734955,1.1087484811664745,332.85,2692589,1789558261,2026-09-16T11:31:01Z,NASDAQ:TER
10.683891323985218,-50.49886290010727,-125.50064610918996,-8.815713776949826,376.329,41.5977133734955,1.1087484811664745,332.85,2692589,1789558440,2026-09-16T11:34:00Z,NASDAQ:TER
10.683891323985218,-50.49886290010727,-125.50064610918996,-8.815713776949826,376.329,41.5977133734955,1.1087484811664745,332.85,2692589,1789558621,2026-09-16T11:37:01Z,NASDAQ:TER
10.683891323985218,-50.49886290010727,-125.50064610918996,-8.815713776949826,376.329,41.5977133734955,1.1087484811664745,332.85,2692589,1789558800,2026-09-16T11:40:00Z,NASDAQ:TER
10.683891323985218,-50.49886290010727,-125.50064610918996,-8.815713776949826,376.329,41.5977133734955,1.1087484811664745,332.85,2692589,1789558982,2026-09-16T11:43:02Z,NASDAQ:TER
10.683891323985218,-50.49886290010727,-125.50064610918996,-8.815713776949826,376.329,41.5977133734955,1.1087484811664745,332.85,2692589,1789559162,2026-09-16T11:46:02Z,NASDAQ:TER
10.683891323985218,-50.49886290010727,-125.50064610918996,-8.815713776949826,376.329,41.5977133734955,1.1087484811664745,332.85,2692589,1789559341,2026-09-16T11:49:01Z,NASDAQ:TER
10.683891323985218,-50.49886290010727,-125.50064610918996,-8.815713776949826,376.329,41.5977133734955,1.1087484811664745,332.85,2692589,1789559519,2026-09-16T11:51:59Z,NASDAQ:TER
10.683891323985218,-50.49886290010727,-125.50064610918996,-8.815713776949826,376.329,41.5977133734955,1.1087484811664745,332.85,2692589,1789559700,2026-09-16T11:55:00Z,NASDAQ:TER
10.683891323985218,-50.49886290010727,-125.50064610918996,-8.815713776949826,376.329,41.5977133734955,1.1087484811664745,332.85,2692589,1789559879,2026-09-16T11:57:59Z,NASDAQ:TER
10.683891323985218,-50.49886290010727,-125.50064610918996,-8.815713776949826,376.329,41.5977133734955,1.1087484811664745,332.85,2692589,1789560063,2026-09-16T12:01:03Z,NASDAQ:TER
10.683891323985218,-50.49886290010727,-125.50064610918996,-8.815713776949826,376.329,41.5977133734955,1.1087484811664745,332.85,2692589,1789560238,2026-09-16T12:03:58Z,NASDAQ:TER
10.683891323985218,-50.49886290010727,-125.50064610918996,-8.815713776949826,376.329,41.5977133734955,1.1087484811664745,332.85,2692589,1789560418,2026-09-16T12:06:58Z,NASDAQ:TER
10.683891323985218,-50.49886290010727,-125.50064610918996,-8.815713776949826,376.329,41.5977133734955,1.1087484811664745,332.85,2692589,1789560602,2026-09-16T12:10:02Z,NASDAQ:TER
10.683891323985218,-50.49886290010727,-125.50064610918996,-8.815713776949826,376.329,41.5977133734955,1.1087484811664745,332.85,2692589,1789560778,2026-09-16T12:12:58Z,NASDAQ:TER
10.683891323985218,-50.49886290010727,-125.50064610918996,-8.815713776949826,376.329,41.5977133734955,1.1087484811664745,332.85,2692589,1789560960,2026-09-16T12:16:00Z,NASDAQ:TER
10.683891323985218,-50.49886290010727,-125.50064610918996,-8.815713776949826,376.329,41.5977133734955,1.1087484811664745,332.85,2692589,1789561136,2026-09-16T12:18:56Z,NASDAQ:TER
10.683891323985218,-50.49886290010727,-125.50064610918996,-8.815713776949826,376.329,41.5977133734955,1.1087484811664745,332.85,2692589,1789561321,2026-09-16T12:22:01Z,NASDAQ:TER
10.683891323985218,-50.49886290010727,-125.50064610918996,-8.815713776949826,376.329,41.5977133734955,1.1087484811664745,332.85,2692589,1789561502,2026-09-16T12:25:02Z,NASDAQ:TER
10.683891323985218,-50.49886290010727,-125.50064610918996,-8.815713776949826,376.329,41.5977133734955,1.1087484811664745,332.85,2692589,1789561682,2026-09-16T12:28:02Z,NASDAQ:TER
10.683891323985218,-50.49886290010727,-125.50064610918996,-8.815713776949826,376.329,41.5977133734955,1.1087484811664745,332.85,2692589,1789561863,2026-09-16T12:31:03Z,NASDAQ:TER
10.683891323985218,-50.49886290010727,-125.50064610918996,-8.815713776949826,376.329,41.5977133734955,1.1087484811664745,332.85,2692589,1789562043,2026-09-16T12:34:03Z,NASDAQ:TER
10.683891323985218,-50.49886290010727,-125.50064610918996,-8.815713776949826,376.329,41.5977133734955,1.1087484811664745,332.85,2692589,1789562219,2026-09-16T12:36:59Z,NASDAQ:TER
10.683891323985218,-50.49886290010727,-125.50064610918996,-8.815713776949826,376.329,41.5977133734955,1.1087484811664745,332.85,2692589,1789562402,2026-09-16T12:40:02Z,NASDAQ:TER
10.683891323985218,-50.49886290010727,-125.50064610918996,-8.815713776949826,376.329,41.5977133734955,1.1087484811664745,332.85,2692589,1789562579,2026-09-16T12:42:59Z,NASDAQ:TER
10.683891323985218,-50.49886290010727,-125.50064610918996,-8.815713776949826,376.329,41.5977133734955,1.1087484811664745,332.85,2692589,1789562762,2026-09-16T12:46:02Z,NASDAQ:TER
10.683891323985218,-50.49886290010727,-125.50064610918996,-8.815713776949826,376.329,41.5977133734955,1.1087484811664745,332.85,2692589,1789562940,2026-09-16T12:49:00Z,NASDAQ:TER
10.683891323985218,-50.49886290010727,-125.50064610918996,-8.815713776949826,376.329,41.5977133734955,1.1087484811664745,332.85,2692589,1789563122,2026-09-16T12:52:02Z,NASDAQ:TER
10.683891323985218,-50.49886290010727,-125.50064610918996,-8.815713776949826,376.329,41.5977133734955,1.1087484811664745,332.85,2692589,1789563297,2026-09-16T12:54:57Z,NASDAQ:TER
10.683891323985218,-50.49886290010727,-125.50064610918996,-8.815713776949826,376.329,41.5977133734955,1.1087484811664745,332.85,2692589,1789563480,2026-09-16T12:58:00Z,NASDAQ:TER
10.683891323985218,-50.49886290010727,-125.50064610918996,-8.815713776949826,376.329,41.5977133734955,1.1087484811664745,332.85,2692589,1789563659,2026-09-16T13:00:59Z,NASDAQ:TER
10.683891323985218,-50.49886290010727,-125.50064610918996,-8.815713776949826,376.329,41.5977133734955,1.1087484811664745,332.85,2692589,1789563839,2026-09-16T13:03:59Z,NASDAQ:TER
10.683891323985218,-50.49886290010727,-125.50064610918996,-8.815713776949826,376.329,41.5977133734955,1.1087484811664745,332.85,2692589,1789564018,2026-09-16T13:06:58Z,NASDAQ:TER
10.683891323985218,-50.49886290010727,-125.50064610918996,-8.815713776949826,376.329,41.5977133734955,1.1087484811664745,332.85,2692589,1789564200,2026-09-16T13:10:00Z,NASDAQ:TER
10.683891323985218,-50.49886290010727,-125.50064610918996,-8.815713776949826,376.329,41.5977133734955,1.1087484811664745,332.85,2692589,1789564381,2026-09-16T13:13:01Z,NASDAQ:TER
10.683891323985218,-50.49886290010727,-125.50064610918996,-8.815713776949826,376.329,41.5977133734955,1.1087484811664745,332.85,2692589,1789564561,2026-09-16T13:16:01Z,NASDAQ:TER
10.683891323985218,-50.49886290010727,-125.50064610918996,-8.815713776949826,376.329,41.5977133734955,1.1087484811664745,332.85,2692589,1789564739,2026-09-16T13:18:59Z,NASDAQ:TER
10.683891323985218,-50.49886290010727,-125.50064610918996,-8.815713776949826,376.329,41.5977133734955,1.1087484811664745,332.85,2692589,1789564920,2026-09-16T13:22:00Z,NASDAQ:TER
10.683891323985218,-50.49886290010727,-125.50064610918996,-8.815713776949826,376.329,41.5977133734955,1.1087484811664745,332.85,2692589,1789565100,2026-09-16T13:25:00Z,NASDAQ:TER
10.683891323985218,-50.49886290010727,-125.50064610918996,-8.815713776949826,376.329,41.5977133734955,1.1087484811664745,332.85,2692589,1789565280,2026-09-16T13:28:00Z,NASDAQ:TER
10.683891323985218,-50.49886290010727,-125.50064610918996,-8.815713776949826,376.329,41.5977133734955,1.1087484811664745,332.85,2692589,1789565461,2026-09-16T13:31:01Z,NASDAQ:TER
10.683891323985218,-50.49886290010727,-125.50064610918996,-8.815713776949826,376.329,41.5977133734955,1.1087484811664745,332.85,2692589,1789565646,2026-09-16T13:34:06Z,NASDAQ:TER
10.683891323985218,-50.49886290010727,-125.50064610918996,-8.815713776949826,376.329,41.5977133734955,1.1087484811664745,332.85,2692589,1789565823,2026-09-16T13:37:03Z,NASDAQ:TER
10.683891323985218,-50.49886290010727,-125.50064610918996,-8.815713776949826,376.329,41.5977133734955,1.1087484811664745,332.85,2692589,1789565999,2026-09-16T13:39:59Z,NASDAQ:TER
10.683891323985218,-50.49886290010727,-125.50064610918996,-8.815713776949826,376.329,41.5977133734955,1.1087484811664745,332.85,2692589,1789566181,2026-09-16T13:43:01Z,NASDAQ:TER
10.815288895979576,-30.34662534294916,-85.90124845916245,-7.729549883033641,376.329,43.74586987102391,2.1481147664112896,340.0,134917,1789566365,2026-09-16T13:46:05Z,NASDAQ:TER
10.815288895979576,-31.685196771520623,-89.54071251757769,-8.044354948138594,376.329,43.408161507355786,1.7996094336788198,338.84,141629,1789566540,2026-09-16T13:49:00Z,NASDAQ:TER
10.815288895979576,-31.876625342949183,-88.68154320130583,-7.862527884672802,376.329,43.60371012517516,2.000901306894988,339.51,153375,1789566718,2026-09-16T13:51:58Z,NASDAQ:TER
10.815288895979576,-32.16516820009201,-87.38361394803756,-7.588457509457726,376.329,43.89592272695767,2.304311251314401,340.5199,164604,1789566899,2026-09-16T13:54:59Z,NASDAQ:TER
10.815288895979576,-32.02802534294915,-88.00094693577476,-7.718721674328742,376.329,43.75741418684937,2.160102148114756,340.0399,173611,1789567080,2026-09-16T13:58:00Z,NASDAQ:TER
10.795619419686426,-31.878053914377745,-86.24320964784235,-7.462236961371251,376.329,44.02948250745626,2.44404386360222,340.985,185932,1789567261,2026-09-16T14:01:01Z,NASDAQ:TER
10.722479158305916,-30.87376820009206,-81.58349408720859,-6.915398852589821,376.329,44.60084681864748,3.049421661409036,343.0,219441,1789567441,2026-09-16T14:04:01Z,NASDAQ:TER
10.683908013692063,-30.17733962866339,-79.80247180847996,-6.77427934064623,376.329,44.74640700567204,3.205648189875307,343.52,237046,1789567623,2026-09-16T14:07:03Z,NASDAQ:TER
10.68005333605327,-30.09243962866344,-79.69148094710062,-6.77427934064623,376.329,44.74640700567204,3.205648189875307,343.52,244974,1789567799,2026-09-16T14:09:59Z,NASDAQ:TER
10.644135363487308,-29.60876820009196,-77.22054442706697,-6.478471132918301,376.329,45.04905499880353,3.5331230283911643,344.61,257322,1789567977,2026-09-16T14:12:57Z,NASDAQ:TER
10.644135363487308,-29.548768200092013,-77.49642573148691,-6.535461705049379,376.329,44.99100479040665,3.470031545741311,344.4,270808,1789568158,2026-09-16T14:15:58Z,NASDAQ:TER
10.644135363487308,-29.251625342949183,-78.86040494238257,-6.817700728936559,376.329,44.70170079176718,3.157578488808769,343.36,286734,1789568338,2026-09-16T14:18:58Z,NASDAQ:TER
10.644135363487308,-29.215911057234848,-79.0240886883659,-6.851623688538385,376.329,44.66672369298585,3.1200240348505304,343.235,295986,1789568519,2026-09-16T14:21:59Z,NASDAQ:TER
10.633586352108608,-29.26243962866345,-77.42431749842235,-6.584310766875993,376.329,44.94114976222275,3.4159531320414613,344.22,309535,1789568699,2026-09-16T14:24:59Z,NASDAQ:TER
10.633586352108608,-29.24243962866348,-77.51625691499005,-6.603307624253031,376.329,44.92173728218947,3.3949226378248323,344.15,315909,1789568878,2026-09-16T14:27:58Z,NASDAQ:TER
10.633586352108608,-29.25529677152059,-77.4571549885557,-6.591095358796368,376.329,44.93421830469998,3.408442241249803,344.195,322974,1789569064,2026-09-16T14:31:04Z,NASDAQ:TER
10.633586352108608,-29.411011057234816,-76.74079746116313,-6.443191254932402,376.329,45.08492948371267,3.5721796605077323,344.74,331668,1789569244,2026-09-16T14:34:04Z,NASDAQ:TER
10.633586352108608,-29.25386820009197,-77.4637222220059,-6.59245227718044,376.329,44.93283180376289,3.4069400630914752,344.19,344040,1789569419,2026-09-16T14:36:59Z,NASDAQ:TER
10.633586352108608,-29.182439628663417,-77.79197149181526,-6.660298196384091,376.329,44.8634176224135,3.331831155174996,343.94,370268,1789569602,2026-09-16T14:40:02Z,NASDAQ:TER
10.633586352108608,-29.019239628663456,-78.54112928633862,-6.815312552580589,376.329,44.70416151349984,3.160222322367432,343.3688,376445,1789569779,2026-09-16T14:42:59Z,NASDAQ:TER
10.633586352108608,-29.156725342949187,-77.91008730063204,-6.6847227272974,376.329,44.83838565811109,3.304791948325071,343.85,386653,1789569963,2026-09-16T14:46:03Z,NASDAQ:TER
10.633586352108608,-29.123868200091977,-78.0609715339995,-6.715931850131082,376.329,44.80636727490917,3.2702418506834885,343.735,390488,1789570143,2026-09-16T14:49:03Z,NASDAQ:TER
10.602313056187796,-28.468053914377663,-76.93793323527636,-6.673867380224825,376.329,44.8495137810601,3.316809373591697,343.89,418244,1789570317,2026-09-16T14:51:57Z,NASDAQ:TER
10.602313056187796,-28.78519677152059,-75.47626943859783,-6.372631498960607,376.329,45.1565381137648,3.6502929247408673,345.0,424910,1789570502,2026-09-16T14:55:02Z,NASDAQ:TER
10.600978526050318,-28.658082485806347,-75.8847893268366,-6.464874810709892,376.329,45.06288602305665,3.555655700766105,344.685,433100,1789570685,2026-09-16T14:58:05Z,NASDAQ:TER
10.600978526050318,-28.74805391437775,-75.46967548910592,-6.379416090880968,376.329,45.14966078480629,3.642782033949226,344.975,441217,1789570864,2026-09-16T15:01:04Z,NASDAQ:TER
10.598310831012451,-28.693768200091995,-75.36416022894605,-6.37398841734468,376.329,45.15516278594516,3.6487907465825393,344.995,453330,1789571041,2026-09-16T15:04:01Z,NASDAQ:TER
10.598310831012451,-28.645196771520546,-75.588353006243,-6.420123642403167,376.329,45.10836056248255,3.5977166891993284,344.825,460940,1789571221,2026-09-16T15:07:01Z,NASDAQ:TER
10.593868713397326,-28.76662534294917,-74.43332376351916,-6.209801292871838,376.329,45.32107817875281,3.830554303740424,345.6,470192,1789571401,2026-09-16T15:10:01Z,NASDAQ:TER
10.593868713397326,-28.53822534294909,-75.48866582344354,-6.426745404117447,376.329,45.10163651088397,3.55114916629112,344.67,474724,1789571580,2026-09-16T15:13:00Z,NASDAQ:TER
10.5774766645254,-28.52519677152054,-73.34842223278866,-6.087678638305267,376.329,45.44383676749389,3.9657503379900825,346.05,485408,1789571762,2026-09-16T15:16:02Z,NASDAQ:TER
10.565633154315094,-28.29832534294917,-72.80069547428587,-6.048328005167154,376.329,45.48327497717864,4.009313504581635,346.195,492127,1789571941,2026-09-16T15:19:01Z,NASDAQ:TER
10.565633154315094,-27.985468200091987,-74.25051391199658,-6.345493131279142,376.329,45.18403019216888,3.680336487907466,345.1,505758,1789572123,2026-09-16T15:22:03Z,NASDAQ:TER
10.55191893370516,-28.03376820009197,-72.1681886057792,-6.003549698492739,376.329,45.5280836383503,4.058885383806516,346.36,517990,1789572307,2026-09-16T15:25:07Z,NASDAQ:TER
10.55191893370516,-27.73376820009201,-73.56029870127551,-6.288502559148079,376.329,45.24167393487826,3.7434279705573017,345.31,526904,1789572485,2026-09-16T15:28:05Z,NASDAQ:TER
10.55191893370516,-27.766625342949112,-73.40802173014917,-6.257293436314397,376.329,45.27318940234692,3.777978068198885,345.425,533115,1789572663,2026-09-16T15:31:03Z,NASDAQ:TER
10.55191893370516,-27.573768200092047,-74.30114703253778,-6.440477418164258,376.329,45.08768711941248,3.575184016824388,344.75,541491,1789572838,2026-09-16T15:33:58Z,NASDAQ:TER
10.55191893370516,-27.76805391437773,-73.40139992095804,-6.255936517930325,376.329,45.274558817172455,3.779480246357213,345.43,551512,1789573019,2026-09-16T15:36:59Z,NASDAQ:TER
10.55191893370516,-27.96519677152054,-72.48673306724079,-6.068681780928247,376.329,45.4628830247825,3.986780832206694,346.12,560376,1789573202,2026-09-16T15:40:02Z,NASDAQ:TER
10.55191893370516,-28.090911057234905,-71.90257715086183,-5.94927296312982,376.329,45.58229851259124,4.118972510139696,346.56,567395,1789573379,2026-09-16T15:42:59Z,NASDAQ:TER
10.543144715925546,-27.62376820009206,-72.87799468565525,-6.203016700951478,376.329,45.32791259172398,3.838065194532065,345.625,574106,1789573557,2026-09-16T15:45:57Z,NASDAQ:TER
10.543144715925546,-27.572339628663485,-73.11657763217704,-6.25186576277811,376.329,45.27866665048176,3.7839867808321976,345.445,589052,1789573739,2026-09-16T15:48:59Z,NASDAQ:TER
10.543144715925546,-27.568053914377742,-73.13645431513181,-6.255936517930325,376.329,45.274558817172455,3.779480246357213,345.43,598525,1789573921,2026-09-16T15:52:01Z,NASDAQ:TER
10.543144715925546,-27.56519677152062,-73.14970499028064,-6.258650354698468,376.329,45.27181991898494,3.776475890040557,345.42,602913,1789574097,2026-09-16T15:54:57Z,NASDAQ:TER
10.543144715925546,-27.45662534294911,-73.6529659148796,-6.361776151888018,376.329,45.1675382536343,3.66231035000751,345.04,609946,1789574282,2026-09-16T15:58:02Z,NASDAQ:TER
10.543144715925546,-27.46233962866347,-73.62649135280778,-6.35634847835173,376.329,45.17303666898334,3.668319062640823,345.06,616546,1789574460,2026-09-16T16:01:00Z,NASDAQ:TER
10.543144715925546,-27.830911057234857,-71.91586113127093,-6.006263535260882,376.329,45.52537005882485,4.05588102748986,346.35,626457,1789574644,2026-09-16T16:04:04Z,NASDAQ:TER
10.543144715925546,-27.63091105723481,-72.84484900021548,-6.196232109031119,376.329,45.33474529641849,3.8455760853237058,345.65,632572,1789574820,2026-09-16T16:07:00Z,NASDAQ:TER
10.543144715925546,-27.496625342949187,-73.46761399505395,-6.323782437133977,376.329,45.20600401777079,3.7043713384407337,345.18,636822,1789575000,2026-09-16T16:10:00Z,NASDAQ:TER
10.543144715925546,-27.52519677152054,-73.33517691772443,-6.296644069452524,376.329,45.23344653814411,3.734414901607316,345.28,641751,1789575180,2026-09-16T16:13:00Z,NASDAQ:TER
10.543144715925546,-27.49948248580631,-73.45437189447897,-6.321068600365833,376.329,45.208749507331255,3.677332131590792,345.09,645212,1789575360,2026-09-16T16:16:00Z,NASDAQ:TER
10.543144715925546,-27.590911057234848,-73.03043604436043,-6.23422582378516,376.329,45.29646013761956,3.8035150968904814,345.51,649686,1789575540,2026-09-16T16:19:00Z,NASDAQ:TER
10.543144715925546,-27.64233962866342,-72.7918112523684,-6.18537676195853,376.329,45.34567407231256,3.857593510590348,345.69,653954,1789575723,2026-09-16T16:22:03Z,NASDAQ:TER
10.543144715925546,-27.64233962866342,-72.7918112523684,-6.18537676195853,376.329,45.34567407231256,3.857593510590348,345.69,661309,1789575900,2026-09-16T16:25:00Z,NASDAQ:TER
10.543144715925546,-27.608053914377702,-72.9509073237314,-6.217942803176284,376.329,45.31287462736004,3.8215412347904367,345.57,667673,1789576083,2026-09-16T16:28:03Z,NASDAQ:TER
10.543144715925546,-27.650911057234907,-72.75202918430818,-6.177235251654083,376.329,45.353867786981134,3.866606579540335,345.72,670894,1789576263,2026-09-16T16:31:03Z,NASDAQ:TER
10.543144715925546,-27.673768200092013,-72.6459279219451,-6.155524557508919,376.329,45.37570568661565,3.8906414300736034,345.8,677975,1789576438,2026-09-16T16:33:58Z,NASDAQ:TER
10.543144715925546,-27.639482485806298,-72.80507122604025,-6.188090598726673,376.329,45.34294228802837,3.854589154273692,345.68,682468,1789576620,2026-09-16T16:37:00Z,NASDAQ:TER
10.543144715925546,-27.725196771520583,-72.40711630058168,-6.106675495682287,376.329,45.4247772023273,3.94471984377347,345.98,687217,1789576801,2026-09-16T16:40:01Z,NASDAQ:TER
10.543144715925546,-27.673768200092013,-72.6459279219451,-6.155524557508919,376.329,45.37570568661565,3.8906414300736034,345.8,695128,1789576981,2026-09-16T16:43:01Z,NASDAQ:TER
10.543144715925546,-27.88376820009205,-71.67004939948608,-5.95605755505018,376.329,45.575527555816016,4.111461619348055,346.535,704050,1789577164,2026-09-16T16:46:04Z,NASDAQ:TER
10.543144715925546,-27.770911057234912,-72.1947418620767,-6.06325410739196,376.329,45.4683223702254,3.992789544840007,346.14,708267,1789577342,2026-09-16T16:49:02Z,NASDAQ:TER
10.543144715925546,-27.818339628663463,-71.97430638286001,-6.018204417040735,376.329,45.51342709633174,4.0426618596965485,346.306,711227,1789577518,2026-09-16T16:51:58Z,NASDAQ:TER
10.543144715925546,-27.7366253429492,-72.3540312913093,-6.095820148609713,376.329,45.43567001277167,3.956737269040096,346.02,716269,1789577700,2026-09-16T16:55:00Z,NASDAQ:TER
10.543144715925546,-27.742339628663444,-72.32748663687464,-6.09039247507341,376.329,45.44111478756335,3.962745981673425,346.04,718571,1789577881,2026-09-16T16:58:01Z,NASDAQ:TER
10.543144715925546,-27.75662534294917,-72.2611187296131,-6.076823291232693,376.329,45.45472197172934,3.977767763256708,346.09,723956,1789578056,2026-09-16T17:00:56Z,NASDAQ:TER
10.543144715925546,-27.853768200091963,-71.8095792406918,-5.984552841115717,376.329,45.54707112796407,4.079915878023129,346.43,727200,1789578239,2026-09-16T17:03:59Z,NASDAQ:TER
10.543144715925546,-27.77376820009204,-72.18146541317739,-6.060540270623816,376.329,45.47104163609087,3.995793901156664,346.15,731534,1789578420,2026-09-16T17:07:00Z,NASDAQ:TER
10.543144715925546,-27.810911057234875,-72.00883894887012,-6.025260392637917,376.329,45.50636742942568,4.034850533273231,346.28,733942,1789578599,2026-09-16T17:09:59Z,NASDAQ:TER
10.543144715925546,-27.84519677152059,-71.84943764104617,-5.992694351420164,376.329,45.53893525352534,4.070902809073142,346.4,737944,1789578784,2026-09-16T17:13:04Z,NASDAQ:TER
10.543144715925546,-27.759511057234818,-72.24771132460927,-6.07408231609686,376.329,45.45746979897304,3.980802163136541,346.1001,745727,1789578964,2026-09-16T17:16:04Z,NASDAQ:TER
10.543144715925546,-27.77376820009204,-72.18146541317739,-6.060540270623816,376.329,45.47104163609087,3.995793901156664,346.15,748531,1789579138,2026-09-16T17:18:58Z,NASDAQ:TER
10.543144715925546,-27.682339628663385,-72.6061340421172,-6.147383047204488,376.329,45.38389039982116,3.899654499023572,345.83,755795,1789579324,2026-09-16T17:22:04Z,NASDAQ:TER
10.543144715925546,-27.762339628663423,-72.234569057933,-6.071395617696391,376.329,45.46016294512389,3.983776475890038,346.11,760107,1789579499,2026-09-16T17:24:59Z,NASDAQ:TER
10.543144715925546,-27.64948248580629,-72.75865975264598,-6.17859217003817,376.329,45.352502338484015,3.865104401381989,345.715,763025,1789579683,2026-09-16T17:28:03Z,NASDAQ:TER
10.543144715925546,-27.730911057234835,-72.38057451250587,-6.101247822146,376.329,45.430224151134816,3.950728556406783,346.0,766504,1789579862,2026-09-16T17:31:02Z,NASDAQ:TER
10.543144715925546,-27.6999396286634,-72.52441384063589,-6.130665812712709,376.329,45.4006886579018,3.918161333934192,345.8916,768264,1789580036,2026-09-16T17:33:56Z,NASDAQ:TER
10.543144715925546,-27.54805391437776,-73.2292015354355,-6.274933375307346,376.329,45.255380770924106,3.758449752140601,345.36,775224,1789580220,2026-09-16T17:37:00Z,NASDAQ:TER
10.543144715925546,-27.348053914377715,-74.15571148855646,-6.464901949077567,376.329,45.06285842315653,3.548144809974464,344.66,786091,1789580399,2026-09-16T17:39:59Z,NASDAQ:TER
10.543144715925546,-27.386625342949174,-73.97716347960774,-6.428265152707597,376.329,45.10009305349397,3.58870362024936,344.795,790823,1789580585,2026-09-16T17:43:05Z,NASDAQ:TER
10.543144715925546,-27.436625342949128,-73.74561564081831,-6.380773009265038,376.329,45.14828511203054,3.641279855790898,344.97,793521,1789580763,2026-09-16T17:46:03Z,NASDAQ:TER
10.543144715925546,-27.108053914377702,-75.26521903665412,-6.692864237601846,376.329,44.830036618360566,3.2957788793750846,343.82,799250,1789580943,2026-09-16T17:49:03Z,NASDAQ:TER
10.543144715925546,-27.056625342949133,-75.50264434931724,-6.741713299428477,376.329,44.77988925717977,3.241700465675218,343.64,802728,1789581124,2026-09-16T17:52:04Z,NASDAQ:TER
10.543144715925546,-26.990911057234825,-75.80585382397751,-6.804131545095826,376.329,44.71567925302509,3.172600270392069,343.41,806134,1789581300,2026-09-16T17:55:00Z,NASDAQ:TER
10.543144715925546,-26.935196771520623,-76.06277580334115,-6.857051362074688,376.329,44.66112325062511,3.1140153222172,343.215,815266,1789581477,2026-09-16T17:57:57Z,NASDAQ:TER
10.543144715925546,-26.853768200091963,-76.43803486648629,-6.934395709966842,376.329,44.58119358827623,3.028391167192424,342.93,824735,1789581665,2026-09-16T18:01:05Z,NASDAQ:TER
10.543144715925546,-26.936625342949128,-76.05618974351513,-6.8556944436906,376.329,44.66252346749458,3.115517500375546,343.22,827324,1789581841,2026-09-16T18:04:01Z,NASDAQ:TER
10.543144715925546,-26.848053914377715,-76.4643580391659,-6.939823383503129,376.329,44.5755758181527,3.022382454559111,342.91,830062,1789582021,2026-09-16T18:07:01Z,NASDAQ:TER
10.543144715925546,-26.9880539143777,-75.81903258877057,-6.806845381863986,376.329,44.7128841261645,3.169595914075395,343.4,839324,1789582200,2026-09-16T18:10:00Z,NASDAQ:TER
10.543144715925546,-27.26148248580625,-74.55621617014049,-6.547131203152392,376.329,44.979103187846114,3.457112813579692,344.357,845712,1789582382,2026-09-16T18:13:02Z,NASDAQ:TER
10.543144715925546,-27.51662534294917,-73.37491179126201,-6.304785579756955,376.329,45.22521666871827,3.7254018326573455,345.25,861761,1789582563,2026-09-16T18:16:03Z,NASDAQ:TER
10.543144715925546,-26.912339628663403,-76.1681407165935,-6.878762056219851,376.329,44.63871013984839,3.089980471683932,343.135,879268,1789582739,2026-09-16T18:18:59Z,NASDAQ:TER
10.543144715925546,-27.38233962866343,-73.99700535546035,-6.432335907859828,376.329,45.09595836502065,3.584197085774358,344.78,888669,1789582920,2026-09-16T18:22:00Z,NASDAQ:TER
10.543144715925546,-27.326625342949114,-74.25487676256449,-6.485255724838675,376.329,45.04215068512931,3.525612137599506,344.585,897302,1789583101,2026-09-16T18:25:01Z,NASDAQ:TER
10.543144715925546,-27.15376820009203,-75.05407771988982,-6.649442849311501,376.329,44.87453564893936,3.3438485804416382,343.98,908306,1789583280,2026-09-16T18:28:00Z,NASDAQ:TER
10.543144715925546,-27.18111105723483,-74.92774534371989,-6.623471431440354,376.329,44.9011173396974,3.372600270392057,344.0757,914918,1789583458,2026-09-16T18:30:58Z,NASDAQ:TER
10.543144715925546,-27.195196771520614,-74.86265232295422,-6.610092216173388,376.329,44.91480093575324,3.3874117470331906,344.125,921936,1789583641,2026-09-16T18:34:01Z,NASDAQ:TER
10.543144715925546,-27.05233962866339,-75.52242460079582,-6.745784054580692,376.329,44.77570619506039,3.237193931200234,343.625,928232,1789583821,2026-09-16T18:37:01Z,NASDAQ:TER
10.543144715925546,-26.9880539143777,-75.81903258877057,-6.806845381863986,376.329,44.7128841261645,3.169595914075395,343.4,933815,1789583999,2026-09-16T18:39:59Z,NASDAQ:TER
10.543144715925546,-26.4651967715206,-78.22479218082333,-7.303477510434711,376.329,44.19657297337078,2.619798708126775,341.57,944271,1789584181,2026-09-16T18:43:01Z,NASDAQ:TER
10.543144715925546,-26.790911057234894,-76.72751194123964,-6.994100118866063,376.329,44.51933541166634,2.9622953282259146,342.71,951437,1789584361,2026-09-16T18:46:01Z,NASDAQ:TER
10.543144715925546,-26.645196771520546,-77.39791455730632,-7.13250579404151,376.329,44.37540442319425,2.8090731560763005,342.2,958540,1789584543,2026-09-16T18:49:03Z,NASDAQ:TER
10.543144715925546,-26.3416253429491,-78.79164140493415,-7.42085095065703,376.329,44.07313662762313,2.489860297431265,341.1375,967948,1789584718,2026-09-16T18:51:58Z,NASDAQ:TER
10.543144715925546,-26.64948248580629,-77.37820994110595,-7.128435038889295,376.329,44.379648345909935,2.813579690551285,342.215,978922,1789584900,2026-09-16T18:55:00Z,NASDAQ:TER
10.543144715925546,-27.070911057234863,-75.43670441068346,-6.728144115587743,376.329,44.79382822196076,3.256722247258517,343.69,985220,1789585081,2026-09-16T18:58:01Z,NASDAQ:TER
10.543144715925546,-27.033768200092027,-75.60812979821948,-6.763423993573641,376.329,44.757572266748014,3.217665615141949,343.56,996348,1789585262,2026-09-16T19:01:02Z,NASDAQ:TER
10.543144715925546,-26.59519677152059,-77.6277431020632,-7.17999793748407,376.329,44.325844095746845,2.7564969205347616,342.025,1004755,1789585443,2026-09-16T19:04:03Z,NASDAQ:TER
10.543144715925546,-26.38233962866343,-78.60494870055373,-7.382178776710952,376.329,44.113866682981545,2.400480697010651,340.84,1017178,1789585623,2026-09-16T19:07:03Z,NASDAQ:TER
10.543144715925546,-26.19091105723487,-79.48211144116009,-7.564005840176729,376.329,43.92184592247016,2.331380501727502,340.61,1026992,1789585804,2026-09-16T19:10:04Z,NASDAQ:TER
10.543144715925546,-25.74805391437769,-81.50534401860746,-7.9846505392393725,376.329,43.47252086679228,1.8657052726453287,339.06,1040972,1789585977,2026-09-16T19:12:57Z,NASDAQ:TER
10.543144715925546,-26.17948248580626,-79.53442954259067,-7.574861187249319,376.329,43.91034024707902,2.319363076460859,340.57,1056863,1789586162,2026-09-16T19:16:02Z,NASDAQ:TER
10.543144715925546,-25.970911057234844,-80.48825067767503,-7.772971271323986,376.329,43.69952923040964,2.100045065344736,339.84,1066287,1789586344,2026-09-16T19:19:04Z,NASDAQ:TER
10.543144715925546,-25.74519677152057,-81.51836990095212,-7.987364376007516,376.329,43.46959861725741,1.8627009163286727,339.05,1078715,1789586524,2026-09-16T19:22:04Z,NASDAQ:TER
10.543144715925546,-25.53948248580621,-84.44036224062812,-8.505707198723423,376.329,42.905853711347405,1.2888688598467668,337.14,1097714,1789586701,2026-09-16T19:25:01Z,NASDAQ:TER
10.543144715925546,-25.64948248580629,-85.04852183551463,-8.581694628231505,376.329,42.822264124299785,1.2047468829803187,336.86,1120042,1789586879,2026-09-16T19:27:59Z,NASDAQ:TER
10.543144715925546,-26.12662534294913,-83.9351402377209,-8.299455604344324,376.329,43.13151260956697,1.51719993991286,337.9,1134948,1789587059,2026-09-16T19:30:59Z,NASDAQ:TER
10.543144715925546,-26.09519677152053,-84.07769196850275,-8.329307808793917,376.329,43.09896192231962,1.484152020429622,337.79,1144837,1789587244,2026-09-16T19:34:04Z,NASDAQ:TER
10.543144715925546,-26.009482485806245,-84.46625689875738,-8.410722911838302,376.329,43.009997629671126,1.394021330929844,337.49,1163471,1789587423,2026-09-16T19:37:03Z,NASDAQ:TER
10.543144715925546,-25.9823396286634,-84.58923766858679,-8.436504361135698,376.329,42.98176758008362,1.3654799459215738,337.395,1172124,1789587599,2026-09-16T19:39:59Z,NASDAQ:TER
10.543144715925546,-25.91662534294909,-84.88685162766834,-8.498922606803047,376.329,42.91330518383009,1.296379750638425,337.165,1183333,1789587781,2026-09-16T19:43:01Z,NASDAQ:TER
10.543144715925546,-26.40805391437772,-82.65678726862772,-8.03214268268193,376.329,43.42133784155609,1.8131290371037907,338.885,1195433,1789587961,2026-09-16T19:46:01Z,NASDAQ:TER
10.543144715925546,-26.48662534294914,-82.29928580309148,-7.957512171557905,376.329,43.50172675400976,1.895748835811928,339.16,1214483,1789588137,2026-09-16T19:48:57Z,NASDAQ:TER
10.543144715925546,-26.11519677152052,-83.98698207091304,-8.310310951416898,376.329,43.11968030588234,1.505182514646234,337.86,1240904,1789588319,2026-09-16T19:51:59Z,NASDAQ:TER
10.543144715925546,-26.48091105723489,-82.32529476860428,-7.962939845094208,376.329,43.49588799117101,1.889740123178598,339.14,1257969,1789588500,2026-09-16T19:55:00Z,NASDAQ:TER
10.543144715925546,-26.29519677152058,-83.16983006369847,-8.139339235023696,376.329,43.30546903142726,1.6944569625957595,338.49,1278734,1789588679,2026-09-16T19:57:59Z,NASDAQ:TER
10.543144715925546,-26.860911057234887,-80.59266568797018,-7.601999554930769,376.329,43.88155539236459,2.289319513294278,340.47,1306516,1789588860,2026-09-16T20:01:00Z,NASDAQ:TER
10.543144715925546,-27.125196771520507,-79.3839998818226,-7.35096965387727,376.329,44.14669332077733,2.567222472585236,341.395,1333460,1789589042,2026-09-16T20:04:02Z,NASDAQ:TER
10.543144715925546,-26.93233962866344,-80.26629450529687,-7.534153635727117,376.329,43.95346220436886,2.364428421210757,340.72,1389760,1789589219,2026-09-16T20:06:59Z,NASDAQ:TER
10.543144715925546,-26.503768200092,-82.2212505650061,-7.941229150949027,376.329,43.51923580469808,1.913774973711884,339.22,1428862,1789589402,2026-09-16T20:10:02Z,NASDAQ:TER
10.543144715925546,-26.883768200092,-80.48825067767503,-7.580288860785605,376.329,43.90458563871871,2.3133543638275462,340.55,1479674,1789589579,2026-09-16T20:12:59Z,NASDAQ:TER
10.543144715925546,-27.05519677152057,-79.70442464486258,-7.417458654696851,376.329,44.07671181481495,2.4936157428270853,341.15,1941343,1789589759,2026-09-16T20:15:59Z,NASDAQ:TER
10.543144715925546,-27.05519677152057,-79.70442464486258,-7.417458654696851,376.329,44.07671181481495,2.4936157428270853,341.15,1948062,1789589939,2026-09-16T20:18:59Z,NASDAQ:TER
10.543144715925546,-27.05519677152057,-79.70442464486258,-7.417458654696851,376.329,44.07671181481495,2.4936157428270853,341.15,2536971,1789590121,2026-09-16T20:22:01Z,NASDAQ:TER
10.543144715925546,-27.05519677152057,-79.70442464486258,-7.417458654696851,376.329,44.07671181481495,2.4936157428270853,341.15,2537144,1789590302,2026-09-16T20:25:02Z,NASDAQ:TER
10.543144715925546,-27.05519677152057,-79.70442464486258,-7.417458654696851,376.329,44.07671181481495,2.4936157428270853,341.15,2537175,1789590479,2026-09-16T20:27:59Z,NASDAQ:TER
10.543144715925546,-27.05519677152057,-79.70442464486258,-7.417458654696851,376.329,44.07671181481495,2.4936157428270853,341.15,2537281,1789590658,2026-09-16T20:30:58Z,NASDAQ:TER
10.543144715925546,-27.05519677152057,-79.70442464486258,-7.417458654696851,376.329,44.07671181481495,2.4936157428270853,341.15,2537587,1789590840,2026-09-16T20:34:00Z,NASDAQ:TER
10.543144715925546,-27.05519677152057,-79.70442464486258,-7.417458654696851,376.329,44.07671181481495,2.4936157428270853,341.15,2537746,1789591021,2026-09-16T20:37:01Z,NASDAQ:TER
10.543144715925546,-27.05519677152057,-79.70442464486258,-7.417458654696851,376.329,44.07671181481495,2.4936157428270853,341.15,2537772,1789591204,2026-09-16T20:40:04Z,NASDAQ:TER
10.543144715925546,-27.05519677152057,-79.70442464486258,-7.417458654696851,376.329,44.07671181481495,2.4936157428270853,341.15,2537787,1789591380,2026-09-16T20:43:00Z,NASDAQ:TER
10.543144715925546,-27.05519677152057,-79.70442464486258,-7.417458654696851,376.329,44.07671181481495,2.4936157428270853,341.15,2537849,1789591562,2026-09-16T20:46:02Z,NASDAQ:TER
10.543144715925546,-27.05519677152057,-79.70442464486258,-7.417458654696851,376.329,44.07671181481495,2.4936157428270853,341.15,2537859,1789591738,2026-09-16T20:48:58Z,NASDAQ:TER
10.543144715925546,-27.05519677152057,-79.70442464486258,-7.417458654696851,376.329,44.07671181481495,2.4936157428270853,341.15,2537868,1789591920,2026-09-16T20:52:00Z,NASDAQ:TER
10.543144715925546,-27.05519677152057,-79.70442464486258,-7.417458654696851,376.329,44.07671181481495,2.4936157428270853,341.15,2537883,1789592100,2026-09-16T20:55:00Z,NASDAQ:TER
10.543144715925546,-27.05519677152057,-79.70442464486258,-7.417458654696851,376.329,44.07671181481495,2.4936157428270853,341.15,2537895,1789592278,2026-09-16T20:57:58Z,NASDAQ:TER
10.543144715925546,-27.05519677152057,-79.70442464486258,-7.417458654696851,376.329,44.07671181481495,2.4936157428270853,341.15,2537908,1789592461,2026-09-16T21:01:01Z,NASDAQ:TER
10.543144715925546,-27.05519677152057,-79.70442464486258,-7.417458654696851,376.329,44.07671181481495,2.4936157428270853,341.15,2537945,1789592643,2026-09-16T21:04:03Z,NASDAQ:TER
10.543144715925546,-27.05519677152057,-79.70442464486258,-7.417458654696851,376.329,44.07671181481495,2.4936157428270853,341.15,2538085,1789592822,2026-09-16T21:07:02Z,NASDAQ:TER
10.543144715925546,-27.05519677152057,-79.70442464486258,-7.417458654696851,376.329,44.07671181481495,2.4936157428270853,341.15,2538090,1789592999,2026-09-16T21:09:59Z,NASDAQ:TER
10.543144715925546,-27.05519677152057,-79.70442464486258,-7.417458654696851,376.329,44.07671181481495,2.4936157428270853,341.15,2538116,1789593182,2026-09-16T21:13:02Z,NASDAQ:TER
10.543144715925546,-27.05519677152057,-79.70442464486258,-7.417458654696851,376.329,44.07671181481495,2.4936157428270853,341.15,2538157,1789593359,2026-09-16T21:15:59Z,NASDAQ:TER
10.543144715925546,-27.05519677152057,-79.70442464486258,-7.417458654696851,376.329,44.07671181481495,2.4936157428270853,341.15,2538197,1789593542,2026-09-16T21:19:02Z,NASDAQ:TER
10.543144715925546,-27.05519677152057,-79.70442464486258,-7.417458654696851,376.329,44.07671181481495,2.4936157428270853,341.15,2538203,1789593718,2026-09-16T21:21:58Z,NASDAQ:TER
10.543144715925546,-27.05519677152057,-79.70442464486258,-7.417458654696851,376.329,44.07671181481495,2.4936157428270853,341.15,2538252,1789593902,2026-09-16T21:25:02Z,NASDAQ:TER
10.543144715925546,-27.05519677152057,-79.70442464486258,-7.417458654696851,376.329,44.07671181481495,2.4936157428270853,341.15,2538283,1789594083,2026-09-16T21:28:03Z,NASDAQ:TER
10.543144715925546,-27.05519677152057,-79.70442464486258,-7.417458654696851,376.329,44.07671181481495,2.4936157428270853,341.15,2538284,1789594258,2026-09-16T21:30:58Z,NASDAQ:TER
10.543144715925546,-27.05519677152057,-79.70442464486258,-7.417458654696851,376.329,44.07671181481495,2.4936157428270853,341.15,2538286,1789594442,2026-09-16T21:34:02Z,NASDAQ:TER
10.543144715925546,-27.05519677152057,-79.70442464486258,-7.417458654696851,376.329,44.07671181481495,2.4936157428270853,341.15,2539807,1789594618,2026-09-16T21:36:58Z,NASDAQ:TER
10.543144715925546,-27.05519677152057,-79.70442464486258,-7.417458654696851,376.329,44.07671181481495,2.4936157428270853,341.15,2539902,1789594802,2026-09-16T21:40:02Z,NASDAQ:TER
10.543144715925546,-27.05519677152057,-79.70442464486258,-7.417458654696851,376.329,44.07671181481495,2.4936157428270853,341.15,2539968,1789594978,2026-09-16T21:42:58Z,NASDAQ:TER
10.543144715925546,-27.05519677152057,-79.70442464486258,-7.417458654696851,376.329,44.07671181481495,2.4936157428270853,341.15,2540032,1789595161,2026-09-16T21:46:01Z,NASDAQ:TER
10.543144715925546,-27.05519677152057,-79.70442464486258,-7.417458654696851,376.329,44.07671181481495,2.4936157428270853,341.15,2540147,1789595340,2026-09-16T21:49:00Z,NASDAQ:TER
10.543144715925546,-27.05519677152057,-79.70442464486258,-7.417458654696851,376.329,44.07671181481495,2.4936157428270853,341.15,2540435,1789595519,2026-09-16T21:51:59Z,NASDAQ:TER
10.543144715925546,-27.05519677152057,-79.70442464486258,-7.417458654696851,376.329,44.07671181481495,2.4936157428270853,341.15,2540556,1789595700,2026-09-16T21:55:00Z,NASDAQ:TER
10.543144715925546,-27.05519677152057,-79.70442464486258,-7.417458654696851,376.329,44.07671181481495,2.4936157428270853,341.15,2540851,1789595877,2026-09-16T21:57:57Z,NASDAQ:TER
10.543144715925546,-27.05519677152057,-79.70442464486258,-7.417458654696851,376.329,44.07671181481495,2.4936157428270853,341.15,2540905,1789596059,2026-09-16T22:00:59Z,NASDAQ:TER
10.543144715925546,-27.05519677152057,-79.70442464486258,-7.417458654696851,376.329,44.07671181481495,2.4936157428270853,341.15,2540930,1789596242,2026-09-16T22:04:02Z,NASDAQ:TER
10.543144715925546,-27.05519677152057,-79.70442464486258,-7.417458654696851,376.329,44.07671181481495,2.4936157428270853,341.15,2540935,1789596423,2026-09-16T22:07:03Z,NASDAQ:TER
10.543144715925546,-27.05519677152057,-79.70442464486258,-7.417458654696851,376.329,44.07671181481495,2.4936157428270853,341.15,2541040,1789596600,2026-09-16T22:10:00Z,NASDAQ:TER
10.543144715925546,-27.05519677152057,-79.70442464486258,-7.417458654696851,376.329,44.07671181481495,2.4936157428270853,341.15,2541174,1789596782,2026-09-16T22:13:02Z,NASDAQ:TER
10.543144715925546,-27.05519677152057,-79.70442464486258,-7.417458654696851,376.329,44.07671181481495,2.4936157428270853,341.15,2541182,1789596959,2026-09-16T22:15:59Z,NASDAQ:TER
10.543144715925546,-27.05519677152057,-79.70442464486258,-7.417458654696851,376.329,44.07671181481495,2.4936157428270853,341.15,2541227,1789597141,2026-09-16T22:19:01Z,NASDAQ:TER
10.543144715925546,-27.05519677152057,-79.70442464486258,-7.417458654696851,376.329,44.07671181481495,2.4936157428270853,341.15,2541245,1789597319,2026-09-16T22:21:59Z,NASDAQ:TER
10.543144715925546,-27.05519677152057,-79.70442464486258,-7.417458654696851,376.329,44.07671181481495,2.4936157428270853,341.15,2541251,1789597499,2026-09-16T22:24:59Z,NASDAQ:TER
10.543144715925546,-27.05519677152057,-79.70442464486258,-7.417458654696851,376.329,44.07671181481495,2.4936157428270853,341.15,2541262,1789597680,2026-09-16T22:28:00Z,NASDAQ:TER
10.543144715925546,-27.05519677152057,-79.70442464486258,-7.417458654696851,376.329,44.07671181481495,2.4936157428270853,341.15,2541263,1789597859,2026-09-16T22:30:59Z,NASDAQ:TER
10.543144715925546,-27.05519677152057,-79.70442464486258,-7.417458654696851,376.329,44.07671181481495,2.4936157428270853,341.15,2541314,1789598042,2026-09-16T22:34:02Z,NASDAQ:TER
10.543144715925546,-27.05519677152057,-79.70442464486258,-7.417458654696851,376.329,44.07671181481495,2.4936157428270853,341.15,2541372,1789598224,2026-09-16T22:37:04Z,NASDAQ:TER
10.543144715925546,-27.05519677152057,-79.70442464486258,-7.417458654696851,376.329,44.07671181481495,2.4936157428270853,341.15,2541555,1789598395,2026-09-16T22:39:55Z,NASDAQ:TER
10.543144715925546,-27.05519677152057,-79.70442464486258,-7.417458654696851,376.329,44.07671181481495,2.4936157428270853,341.15,2542136,1789598580,2026-09-16T22:43:00Z,NASDAQ:TER
10.543144715925546,-27.05519677152057,-79.70442464486258,-7.417458654696851,376.329,44.07671181481495,2.4936157428270853,341.15,2542190,1789598760,2026-09-16T22:46:00Z,NASDAQ:TER
10.543144715925546,-27.05519677152057,-79.70442464486258,-7.417458654696851,376.329,44.07671181481495,2.4936157428270853,341.15,2542312,1789598937,2026-09-16T22:48:57Z,NASDAQ:TER
10.543144715925546,-27.05519677152057,-79.70442464486258,-7.417458654696851,376.329,44.07671181481495,2.4936157428270853,341.15,2542373,1789599120,2026-09-16T22:52:00Z,NASDAQ:TER
10.543144715925546,-27.05519677152057,-79.70442464486258,-7.417458654696851,376.329,44.07671181481495,2.4936157428270853,341.15,2542474,1789599303,2026-09-16T22:55:03Z,NASDAQ:TER
10.543144715925546,-27.05519677152057,-79.70442464486258,-7.417458654696851,376.329,44.07671181481495,2.4936157428270853,341.15,2542558,1789599480,2026-09-16T22:58:00Z,NASDAQ:TER
10.543144715925546,-27.05519677152057,-79.70442464486258,-7.417458654696851,376.329,44.07671181481495,2.4936157428270853,341.15,2542562,1789599657,2026-09-16T23:00:57Z,NASDAQ:TER
10.543144715925546,-27.05519677152057,-79.70442464486258,-7.417458654696851,376.329,44.07671181481495,2.4936157428270853,341.15,2542680,1789599840,2026-09-16T23:04:00Z,NASDAQ:TER
10.543144715925546,-27.05519677152057,-79.70442464486258,-7.417458654696851,376.329,44.07671181481495,2.4936157428270853,341.15,2542750,1789600023,2026-09-16T23:07:03Z,NASDAQ:TER
10.543144715925546,-27.05519677152057,-79.70442464486258,-7.417458654696851,376.329,44.07671181481495,2.4936157428270853,341.15,2544896,1789600201,2026-09-16T23:10:01Z,NASDAQ:TER
10.543144715925546,-27.05519677152057,-79.70442464486258,-7.417458654696851,376.329,44.07671181481495,2.4936157428270853,341.15,2546082,1789600380,2026-09-16T23:13:00Z,NASDAQ:TER
10.543144715925546,-27.05519677152057,-79.70442464486258,-7.417458654696851,376.329,44.07671181481495,2.4936157428270853,341.15,2546899,1789600558,2026-09-16T23:15:58Z,NASDAQ:TER
10.543144715925546,-27.05519677152057,-79.70442464486258,-7.417458654696851,376.329,44.07671181481495,2.4936157428270853,341.15,2546904,1789600739,2026-09-16T23:18:59Z,NASDAQ:TER
10.543144715925546,-27.05519677152057,-79.70442464486258,-7.417458654696851,376.329,44.07671181481495,2.4936157428270853,341.15,2546925,1789600923,2026-09-16T23:22:03Z,NASDAQ:TER
10.543144715925546,-27.05519677152057,-79.70442464486258,-7.417458654696851,376.329,44.07671181481495,2.4936157428270853,341.15,2547059,1789601098,2026-09-16T23:24:58Z,NASDAQ:TER
10.543144715925546,-27.05519677152057,-79.70442464486258,-7.417458654696851,376.329,44.07671181481495,2.4936157428270853,341.15,2547273,1789601278,2026-09-16T23:27:58Z,NASDAQ:TER
10.543144715925546,-27.05519677152057,-79.70442464486258,-7.417458654696851,376.329,44.07671181481495,2.4936157428270853,341.15,2547334,1789601457,2026-09-16T23:30:57Z,NASDAQ:TER
10.543144715925546,-27.05519677152057,-79.70442464486258,-7.417458654696851,376.329,44.07671181481495,2.4936157428270853,341.15,2548202,1789601635,2026-09-16T23:33:55Z,NASDAQ:TER
10.543144715925546,-27.05519677152057,-79.70442464486258,-7.417458654696851,376.329,44.07671181481495,2.4936157428270853,341.15,2548241,1789601817,2026-09-16T23:36:57Z,NASDAQ:TER
10.543144715925546,-27.05519677152057,-79.70442464486258,-7.417458654696851,376.329,44.07671181481495,2.4936157428270853,341.15,2548274,1789601999,2026-09-16T23:39:59Z,NASDAQ:TER
10.543144715925546,-27.05519677152057,-79.70442464486258,-7.417458654696851,376.329,44.07671181481495,2.4936157428270853,341.15,2548284,1789602179,2026-09-16T23:42:59Z,NASDAQ:TER
10.543144715925546,-27.05519677152057,-79.70442464486258,-7.417458654696851,376.329,44.07671181481495,2.4936157428270853,341.15,2548287,1789602361,2026-09-16T23:46:01Z,NASDAQ:TER
10.543144715925546,-27.05519677152057,-79.70442464486258,-7.417458654696851,376.329,44.07671181481495,2.4936157428270853,341.15,2548332,1789602542,2026-09-16T23:49:02Z,NASDAQ:TER
10.543144715925546,-27.05519677152057,-79.70442464486258,-7.417458654696851,376.329,44.07671181481495,2.4936157428270853,341.15,2548493,1789602721,2026-09-16T23:52:01Z,NASDAQ:TER
10.543144715925546,-27.05519677152057,-79.70442464486258,-7.417458654696851,376.329,44.07671181481495,2.4936157428270853,341.15,2548497,1789602901,2026-09-16T23:55:01Z,NASDAQ:TER
10.543144715925546,-27.05519677152057,-79.70442464486258,-7.417458654696851,376.329,44.07671181481495,2.4936157428270853,341.15,2548527,1789603078,2026-09-16T23:57:58Z,NASDAQ:TER
10.543144715925546,-27.05519677152057,-79.70442464486258,-7.417458654696851,376.329,44.07671181481495,2.4936157428270853,341.15,2548539,1789603261,2026-09-17T00:01:01Z,NASDAQ:TER
10.543144715925546,-27.05519677152057,-79.70442464486258,-7.417458654696851,376.329,44.07671181481495,2.4936157428270853,341.15,2548555,1789603437,2026-09-17T00:03:57Z,NASDAQ:TER
10.543144715925546,-27.05519677152057,-79.70442464486258,-7.417458654696851,376.329,44.07671181481495,2.4936157428270853,341.15,2548576,1789603622,2026-09-17T00:07:02Z,NASDAQ:TER
10.543144715925546,-27.05519677152057,-79.70442464486258,-7.417458654696851,376.329,44.07671181481495,2.4936157428270853,341.15,2549803,1789603797,2026-09-17T00:09:57Z,NASDAQ:TER
10.543144715925546,-27.05519677152057,-79.70442464486258,-7.417458654696851,376.329,44.07671181481495,2.4936157428270853,341.15,2549892,1789603978,2026-09-17T00:12:58Z,NASDAQ:TER
10.543144715925546,-27.05519677152057,-79.70442464486258,-7.417458654696851,376.329,44.07671181481495,2.4936157428270853,341.15,2549972,1789604158,2026-09-17T00:15:58Z,NASDAQ:TER
10.543144715925546,-27.05519677152057,-79.70442464486258,-7.417458654696851,376.329,44.07671181481495,2.4936157428270853,341.15,2549972,1789604341,2026-09-17T00:19:01Z,NASDAQ:TER
10.543144715925546,-27.05519677152057,-79.70442464486258,-7.417458654696851,376.329,44.07671181481495,2.4936157428270853,341.15,2549972,1789604519,2026-09-17T00:21:59Z,NASDAQ:TER
10.543144715925546,-27.05519677152057,-79.70442464486258,-7.417458654696851,376.329,44.07671181481495,2.4936157428270853,341.15,2549972,1789604697,2026-09-17T00:24:57Z,NASDAQ:TER
10.543144715925546,-27.05519677152057,-79.70442464486258,-7.417458654696851,376.329,44.07671181481495,2.4936157428270853,341.15,2549972,1789604881,2026-09-17T00:28:01Z,NASDAQ:TER
10.543144715925546,-27.05519677152057,-79.70442464486258,-7.417458654696851,376.329,44.07671181481495,2.4936157428270853,341.15,2549972,1789605058,2026-09-17T00:30:58Z,NASDAQ:TER
10.543144715925546,-27.05519677152057,-79.70442464486258,-7.417458654696851,376.329,44.07671181481495,2.4936157428270853,341.15,2549972,1789605245,2026-09-17T00:34:05Z,NASDAQ:TER
10.543144715925546,-27.05519677152057,-79.70442464486258,-7.417458654696851,376.329,44.07671181481495,2.4936157428270853,341.15,2549972,1789605423,2026-09-17T00:37:03Z,NASDAQ:TER
10.543144715925546,-27.05519677152057,-79.70442464486258,-7.417458654696851,376.329,44.07671181481495,2.4936157428270853,341.15,2549972,1789605604,2026-09-17T00:40:04Z,NASDAQ:TER
10.543144715925546,-27.05519677152057,-79.70442464486258,-7.417458654696851,376.329,44.07671181481495,2.4936157428270853,341.15,2549972,1789605779,2026-09-17T00:42:59Z,NASDAQ:TER
10.543144715925546,-27.05519677152057,-79.70442464486258,-7.417458654696851,376.329,44.07671181481495,2.4936157428270853,341.15,2549972,1789605959,2026-09-17T00:45:59Z,NASDAQ:TER
10.543144715925546,-27.05519677152057,-79.70442464486258,-7.417458654696851,376.329,44.07671181481495,2.4936157428270853,341.15,2549972,1789606142,2026-09-17T00:49:02Z,NASDAQ:TER
10.543144715925546,-27.05519677152057,-79.70442464486258,-7.417458654696851,376.329,44.07671181481495,2.4936157428270853,341.15,2549972,1789606323,2026-09-17T00:52:03Z,NASDAQ:TER
10.543144715925546,-27.05519677152057,-79.70442464486258,-7.417458654696851,376.329,44.07671181481495,2.4936157428270853,341.15,2549972,1789606498,2026-09-17T00:54:58Z,NASDAQ:TER
10.543144715925546,-27.05519677152057,-79.70442464486258,-7.417458654696851,376.329,44.07671181481495,2.4936157428270853,341.15,2549972,1789606679,2026-09-17T00:57:59Z,NASDAQ:TER
10.543144715925546,-27.05519677152057,-79.70442464486258,-7.417458654696851,376.329,44.07671181481495,2.4936157428270853,341.15,2549972,1789606862,2026-09-17T01:01:02Z,NASDAQ:TER
10.543144715925546,-27.05519677152057,-79.70442464486258,-7.417458654696851,376.329,44.07671181481495,2.4936157428270853,341.15,2549972,1789607040,2026-09-17T01:04:00Z,NASDAQ:TER
10.543144715925546,-27.05519677152057,-79.70442464486258,-7.417458654696851,376.329,44.07671181481495,2.4936157428270853,341.15,2549972,1789607218,2026-09-17T01:06:58Z,NASDAQ:TER
10.543144715925546,-27.05519677152057,-79.70442464486258,-7.417458654696851,376.329,44.07671181481495,2.4936157428270853,341.15,2549972,1789607400,2026-09-17T01:10:00Z,NASDAQ:TER
10.543144715925546,-27.05519677152057,-79.70442464486258,-7.417458654696851,376.329,44.07671181481495,2.4936157428270853,341.15,2549972,1789607581,2026-09-17T01:13:01Z,NASDAQ:TER
10.543144715925546,-27.05519677152057,-79.70442464486258,-7.417458654696851,376.329,44.07671181481495,2.4936157428270853,341.15,2549972,1789607764,2026-09-17T01:16:04Z,NASDAQ:TER
10.543144715925546,-27.05519677152057,-79.70442464486258,-7.417458654696851,376.329,44.07671181481495,2.4936157428270853,341.15,2549972,1789607940,2026-09-17T01:19:00Z,NASDAQ:TER
10.543144715925546,-27.05519677152057,-79.70442464486258,-7.417458654696851,376.329,44.07671181481495,2.4936157428270853,341.15,2549972,1789608122,2026-09-17T01:22:02Z,NASDAQ:TER
10.543144715925546,-27.05519677152057,-79.70442464486258,-7.417458654696851,376.329,44.07671181481495,2.4936157428270853,341.15,2549972,1789608304,2026-09-17T01:25:04Z,NASDAQ:TER
10.543144715925546,-27.05519677152057,-79.70442464486258,-7.417458654696851,376.329,44.07671181481495,2.4936157428270853,341.15,2549972,1789608478,2026-09-17T01:27:58Z,NASDAQ:TER
10.543144715925546,-27.05519677152057,-79.70442464486258,-7.417458654696851,376.329,44.07671181481495,2.4936157428270853,341.15,2549972,1789608662,2026-09-17T01:31:02Z,NASDAQ:TER
10.543144715925546,-27.05519677152057,-79.70442464486258,-7.417458654696851,376.329,44.07671181481495,2.4936157428270853,341.15,2549972,1789608838,2026-09-17T01:33:58Z,NASDAQ:TER
10.543144715925546,-27.05519677152057,-79.70442464486258,-7.417458654696851,376.329,44.07671181481495,2.4936157428270853,341.15,2549972,1789609025,2026-09-17T01:37:05Z,NASDAQ:TER
10.543144715925546,-27.05519677152057,-79.70442464486258,-7.417458654696851,376.329,44.07671181481495,2.4936157428270853,341.15,2549972,1789609200,2026-09-17T01:40:00Z,NASDAQ:TER
10.543144715925546,-27.05519677152057,-79.70442464486258,-7.417458654696851,376.329,44.07671181481495,2.4936157428270853,341.15,2549972,1789609378,2026-09-17T01:42:58Z,NASDAQ:TER
10.543144715925546,-27.05519677152057,-79.70442464486258,-7.417458654696851,376.329,44.07671181481495,2.4936157428270853,341.15,2549972,1789609564,2026-09-17T01:46:04Z,NASDAQ:TER
10.543144715925546,-27.05519677152057,-79.70442464486258,-7.417458654696851,376.329,44.07671181481495,2.4936157428270853,341.15,2549972,1789609741,2026-09-17T01:49:01Z,NASDAQ:TER
10.543144715925546,-27.05519677152057,-79.70442464486258,-7.417458654696851,376.329,44.07671181481495,2.4936157428270853,341.15,2549972,1789609916,2026-09-17T01:51:56Z,NASDAQ:TER
10.543144715925546,-27.05519677152057,-79.70442464486258,-7.417458654696851,376.329,44.07671181481495,2.4936157428270853,341.15,2549972,1789610101,2026-09-17T01:55:01Z,NASDAQ:TER
10.543144715925546,-27.05519677152057,-79.70442464486258,-7.417458654696851,376.329,44.07671181481495,2.4936157428270853,341.15,2549972,1789610278,2026-09-17T01:57:58Z,NASDAQ:TER
10.543144715925546,-27.05519677152057,-79.70442464486258,-7.417458654696851,376.329,44.07671181481495,2.4936157428270853,341.15,2549972,1789610462,2026-09-17T02:01:02Z,NASDAQ:TER
10.543144715925546,-27.05519677152057,-79.70442464486258,-7.417458654696851,376.329,44.07671181481495,2.4936157428270853,341.15,2549972,1789610644,2026-09-17T02:04:04Z,NASDAQ:TER
10.543144715925546,-27.05519677152057,-79.70442464486258,-7.417458654696851,376.329,44.07671181481495,2.4936157428270853,341.15,2549972,1789610821,2026-09-17T02:07:01Z,NASDAQ:TER
10.543144715925546,-27.05519677152057,-79.70442464486258,-7.417458654696851,376.329,44.07671181481495,2.4936157428270853,341.15,2549972,1789610998,2026-09-17T02:09:58Z,NASDAQ:TER
10.543144715925546,-27.05519677152057,-79.70442464486258,-7.417458654696851,376.329,44.07671181481495,2.4936157428270853,341.15,2549972,1789611179,2026-09-17T02:12:59Z,NASDAQ:TER
10.543144715925546,-27.05519677152057,-79.70442464486258,-7.417458654696851,376.329,44.07671181481495,2.4936157428270853,341.15,2549972,1789611361,2026-09-17T02:16:01Z,NASDAQ:TER
10.543144715925546,-27.05519677152057,-79.70442464486258,-7.417458654696851,376.329,44.07671181481495,2.4936157428270853,341.15,2549972,1789611539,2026-09-17T02:18:59Z,NASDAQ:TER
10.543144715925546,-27.05519677152057,-79.70442464486258,-7.417458654696851,376.329,44.07671181481495,2.4936157428270853,341.15,2549972,1789611718,2026-09-17T02:21:58Z,NASDAQ:TER
10.543144715925546,-27.05519677152057,-79.70442464486258,-7.417458654696851,376.329,44.07671181481495,2.4936157428270853,341.15,2549972,1789611901,2026-09-17T02:25:01Z,NASDAQ:TER
10.543144715925546,-27.05519677152057,-79.70442464486258,-7.417458654696851,376.329,44.07671181481495,2.4936157428270853,341.15,2549972,1789612082,2026-09-17T02:28:02Z,NASDAQ:TER
10.543144715925546,-27.05519677152057,-79.70442464486258,-7.417458654696851,376.329,44.07671181481495,2.4936157428270853,341.15,2549972,1789612260,2026-09-17T02:31:00Z,NASDAQ:TER
10.543144715925546,-27.05519677152057,-79.70442464486258,-7.417458654696851,376.329,44.07671181481495,2.4936157428270853,341.15,2549972,1789612440,2026-09-17T02:34:00Z,NASDAQ:TER
10.543144715925546,-27.05519677152057,-79.70442464486258,-7.417458654696851,376.329,44.07671181481495,2.4936157428270853,341.15,2549972,1789612621,2026-09-17T02:37:01Z,NASDAQ:TER
10.543144715925546,-27.05519677152057,-79.70442464486258,-7.417458654696851,376.329,44.07671181481495,2.4936157428270853,341.15,2549972,1789612805,2026-09-17T02:40:05Z,NASDAQ:TER
10.543144715925546,-27.05519677152057,-79.70442464486258,-7.417458654696851,376.329,44.07671181481495,2.4936157428270853,341.15,2549972,1789612989,2026-09-17T02:43:09Z,NASDAQ:TER
10.543144715925546,-27.05519677152057,-79.70442464486258,-7.417458654696851,376.329,44.07671181481495,2.4936157428270853,341.15,2549972,1789613161,2026-09-17T02:46:01Z,NASDAQ:TER
10.543144715925546,-27.05519677152057,-79.70442464486258,-7.417458654696851,376.329,44.07671181481495,2.4936157428270853,341.15,2549972,1789613343,2026-09-17T02:49:03Z,NASDAQ:TER
10.543144715925546,-27.05519677152057,-79.70442464486258,-7.417458654696851,376.329,44.07671181481495,2.4936157428270853,341.15,2549972,1789613518,2026-09-17T02:51:58Z,NASDAQ:TER
10.543144715925546,-27.05519677152057,-79.70442464486258,-7.417458654696851,376.329,44.07671181481495,2.4936157428270853,341.15,2549972,1789613706,2026-09-17T02:55:06Z,NASDAQ:TER
10.543144715925546,-27.05519677152057,-79.70442464486258,-7.417458654696851,376.329,44.07671181481495,2.4936157428270853,341.15,2549972,1789613878,2026-09-17T02:57:58Z,NASDAQ:TER
10.543144715925546,-27.05519677152057,-79.70442464486258,-7.417458654696851,376.329,44.07671181481495,2.4936157428270853,341.15,2549972,1789614060,2026-09-17T03:01:00Z,NASDAQ:TER
10.543144715925546,-27.05519677152057,-79.70442464486258,-7.417458654696851,376.329,44.07671181481495,2.4936157428270853,341.15,2549972,1789614240,2026-09-17T03:04:00Z,NASDAQ:TER
10.543144715925546,-27.05519677152057,-79.70442464486258,-7.417458654696851,376.329,44.07671181481495,2.4936157428270853,341.15,2549972,1789614421,2026-09-17T03:07:01Z,NASDAQ:TER
10.543144715925546,-27.05519677152057,-79.70442464486258,-7.417458654696851,376.329,44.07671181481495,2.4936157428270853,341.15,2549972,1789614606,2026-09-17T03:10:06Z,NASDAQ:TER
10.543144715925546,-27.05519677152057,-79.70442464486258,-7.417458654696851,376.329,44.07671181481495,2.4936157428270853,341.15,2549972,1789614779,2026-09-17T03:12:59Z,NASDAQ:TER
10.543144715925546,-27.05519677152057,-79.70442464486258,-7.417458654696851,376.329,44.07671181481495,2.4936157428270853,341.15,2549972,1789614961,2026-09-17T03:16:01Z,NASDAQ:TER
10.543144715925546,-27.05519677152057,-79.70442464486258,-7.417458654696851,376.329,44.07671181481495,2.4936157428270853,341.15,2549972,1789615144,2026-09-17T03:19:04Z,NASDAQ:TER
10.543144715925546,-27.05519677152057,-79.70442464486258,-7.417458654696851,376.329,44.07671181481495,2.4936157428270853,341.15,2549972,1789615319,2026-09-17T03:21:59Z,NASDAQ:TER
10.543144715925546,-27.05519677152057,-79.70442464486258,-7.417458654696851,376.329,44.07671181481495,2.4936157428270853,341.15,2549972,1789615500,2026-09-17T03:25:00Z,NASDAQ:TER
10.543144715925546,-27.05519677152057,-79.70442464486258,-7.417458654696851,376.329,44.07671181481495,2.4936157428270853,341.15,2549972,1789615679,2026-09-17T03:27:59Z,NASDAQ:TER
10.543144715925546,-27.05519677152057,-79.70442464486258,-7.417458654696851,376.329,44.07671181481495,2.4936157428270853,341.15,2549972,1789615861,2026-09-17T03:31:01Z,NASDAQ:TER
10.543144715925546,-27.05519677152057,-79.70442464486258,-7.417458654696851,376.329,44.07671181481495,2.4936157428270853,341.15,2549972,1789616041,2026-09-17T03:34:01Z,NASDAQ:TER
10.543144715925546,-27.05519677152057,-79.70442464486258,-7.417458654696851,376.329,44.07671181481495,2.4936157428270853,341.15,2549972,1789616220,2026-09-17T03:37:00Z,NASDAQ:TER
10.543144715925546,-27.05519677152057,-79.70442464486258,-7.417458654696851,376.329,44.07671181481495,2.4936157428270853,341.15,2549972,1789616401,2026-09-17T03:40:01Z,NASDAQ:TER
10.543144715925546,-27.05519677152057,-79.70442464486258,-7.417458654696851,376.329,44.07671181481495,2.4936157428270853,341.15,2549972,1789616581,2026-09-17T03:43:01Z,NASDAQ:TER
10.543144715925546,-27.05519677152057,-79.70442464486258,-7.417458654696851,376.329,44.07671181481495,2.4936157428270853,341.15,2549972,1789616758,2026-09-17T03:45:58Z,NASDAQ:TER
10.543144715925546,-27.05519677152057,-79.70442464486258,-7.417458654696851,376.329,44.07671181481495,2.4936157428270853,341.15,2549972,1789616941,2026-09-17T03:49:01Z,NASDAQ:TER
10.543144715925546,-27.05519677152057,-79.70442464486258,-7.417458654696851,376.329,44.07671181481495,2.4936157428270853,341.15,2549972,1789617121,2026-09-17T03:52:01Z,NASDAQ:TER
10.543144715925546,-27.05519677152057,-79.70442464486258,-7.417458654696851,376.329,44.07671181481495,2.4936157428270853,341.15,2549972,1789617298,2026-09-17T03:54:58Z,NASDAQ:TER
10.543144715925546,-27.05519677152057,-79.70442464486258,-7.417458654696851,376.329,44.07671181481495,2.4936157428270853,341.15,2549972,1789617480,2026-09-17T03:58:00Z,NASDAQ:TER
10.543144715925546,-27.05519677152057,-79.70442464486258,-7.417458654696851,376.329,44.07671181481495,2.4936157428270853,341.15,2549972,1789617657,2026-09-17T04:00:57Z,NASDAQ:TER
10.543144715925546,-27.05519677152057,-79.70442464486258,-7.417458654696851,376.329,44.07671181481495,2.4936157428270853,341.15,2549972,1789617842,2026-09-17T04:04:02Z,NASDAQ:TER
10.543144715925546,-27.05519677152057,-79.70442464486258,-7.417458654696851,376.329,44.07671181481495,2.4936157428270853,341.15,2549972,1789618021,2026-09-17T04:07:01Z,NASDAQ:TER
10.543144715925546,-27.05519677152057,-79.70442464486258,-7.417458654696851,376.329,44.07671181481495,2.4936157428270853,341.15,2549972,1789618200,2026-09-17T04:10:00Z,NASDAQ:TER
10.543144715925546,-27.05519677152057,-79.70442464486258,-7.417458654696851,376.329,44.07671181481495,2.4936157428270853,341.15,2549972,1789618379,2026-09-17T04:12:59Z,NASDAQ:TER
10.543144715925546,-27.05519677152057,-79.70442464486258,-7.417458654696851,376.329,44.07671181481495,2.4936157428270853,341.15,2549972,1789618559,2026-09-17T04:15:59Z,NASDAQ:TER
10.543144715925546,-27.05519677152057,-79.70442464486258,-7.417458654696851,376.329,44.07671181481495,2.4936157428270853,341.15,2549972,1789618741,2026-09-17T04:19:01Z,NASDAQ:TER
10.543144715925546,-27.05519677152057,-79.70442464486258,-7.417458654696851,376.329,44.07671181481495,2.4936157428270853,341.15,2549972,1789618921,2026-09-17T04:22:01Z,NASDAQ:TER
10.543144715925546,-27.05519677152057,-79.70442464486258,-7.417458654696851,376.329,44.07671181481495,2.4936157428270853,341.15,2549972,1789619102,2026-09-17T04:25:02Z,NASDAQ:TER
10.543144715925546,-27.05519677152057,-79.70442464486258,-7.417458654696851,376.329,44.07671181481495,2.4936157428270853,341.15,2549972,1789619280,2026-09-17T04:28:00Z,NASDAQ:TER
10.543144715925546,-27.05519677152057,-79.70442464486258,-7.417458654696851,376.329,44.07671181481495,2.4936157428270853,341.15,2549972,1789619458,2026-09-17T04:30:58Z,NASDAQ:TER
10.543144715925546,-27.05519677152057,-79.70442464486258,-7.417458654696851,376.329,44.07671181481495,2.4936157428270853,341.15,2549972,1789619639,2026-09-17T04:33:59Z,NASDAQ:TER
10.543144715925546,-27.05519677152057,-79.70442464486258,-7.417458654696851,376.329,44.07671181481495,2.4936157428270853,341.15,2549972,1789619820,2026-09-17T04:37:00Z,NASDAQ:TER
10.543144715925546,-27.05519677152057,-79.70442464486258,-7.417458654696851,376.329,44.07671181481495,2.4936157428270853,341.15,2549972,1789619999,2026-09-17T04:39:59Z,NASDAQ:TER
10.543144715925546,-27.05519677152057,-79.70442464486258,-7.417458654696851,376.329,44.07671181481495,2.4936157428270853,341.15,2549972,1789620182,2026-09-17T04:43:02Z,NASDAQ:TER
10.543144715925546,-27.05519677152057,-79.70442464486258,-7.417458654696851,376.329,44.07671181481495,2.4936157428270853,341.15,2549972,1789620359,2026-09-17T04:45:59Z,NASDAQ:TER
10.543144715925546,-27.05519677152057,-79.70442464486258,-7.417458654696851,376.329,44.07671181481495,2.4936157428270853,341.15,2549972,1789620540,2026-09-17T04:49:00Z,NASDAQ:TER
10.543144715925546,-27.05519677152057,-79.70442464486258,-7.417458654696851,376.329,44.07671181481495,2.4936157428270853,341.15,2549972,1789620722,2026-09-17T04:52:02Z,NASDAQ:TER
10.543144715925546,-27.05519677152057,-79.70442464486258,-7.417458654696851,376.329,44.07671181481495,2.4936157428270853,341.15,2549972,1789620901,2026-09-17T04:55:01Z,NASDAQ:TER
10.543144715925546,-27.05519677152057,-79.70442464486258,-7.417458654696851,376.329,44.07671181481495,2.4936157428270853,341.15,2549972,1789621082,2026-09-17T04:58:02Z,NASDAQ:TER
10.543144715925546,-27.05519677152057,-79.70442464486258,-7.417458654696851,376.329,44.07671181481495,2.4936157428270853,341.15,2549972,1789621259,2026-09-17T05:00:59Z,NASDAQ:TER
10.543144715925546,-27.05519677152057,-79.70442464486258,-7.417458654696851,376.329,44.07671181481495,2.4936157428270853,341.15,2549972,1789621439,2026-09-17T05:03:59Z,NASDAQ:TER
10.543144715925546,-27.05519677152057,-79.70442464486258,-7.417458654696851,376.329,44.07671181481495,2.4936157428270853,341.15,2549972,1789621623,2026-09-17T05:07:03Z,NASDAQ:TER
10.543144715925546,-27.05519677152057,-79.70442464486258,-7.417458654696851,376.329,44.07671181481495,2.4936157428270853,341.15,2549972,1789621798,2026-09-17T05:09:58Z,NASDAQ:TER
10.543144715925546,-27.05519677152057,-79.70442464486258,-7.417458654696851,376.329,44.07671181481495,2.4936157428270853,341.15,2549972,1789621976,2026-09-17T05:12:56Z,NASDAQ:TER
10.543144715925546,-27.05519677152057,-79.70442464486258,-7.417458654696851,376.329,44.07671181481495,2.4936157428270853,341.15,2549972,1789622160,2026-09-17T05:16:00Z,NASDAQ:TER
10.543144715925546,-27.05519677152057,-79.70442464486258,-7.417458654696851,376.329,44.07671181481495,2.4936157428270853,341.15,2549972,1789622340,2026-09-17T05:19:00Z,NASDAQ:TER
10.543144715925546,-27.05519677152057,-79.70442464486258,-7.417458654696851,376.329,44.07671181481495,2.4936157428270853,341.15,2549972,1789622518,2026-09-17T05:21:58Z,NASDAQ:TER
10.543144715925546,-27.05519677152057,-79.70442464486258,-7.417458654696851,376.329,44.07671181481495,2.4936157428270853,341.15,2549972,1789622704,2026-09-17T05:25:04Z,NASDAQ:TER
10.543144715925546,-27.05519677152057,-79.70442464486258,-7.417458654696851,376.329,44.07671181481495,2.4936157428270853,341.15,2549972,1789622877,2026-09-17T05:27:57Z,NASDAQ:TER
10.543144715925546,-27.05519677152057,-79.70442464486258,-7.417458654696851,376.329,44.07671181481495,2.4936157428270853,341.15,2549972,1789623061,2026-09-17T05:31:01Z,NASDAQ:TER
10.543144715925546,-27.05519677152057,-79.70442464486258,-7.417458654696851,376.329,44.07671181481495,2.4936157428270853,341.15,2549972,1789623242,2026-09-17T05:34:02Z,NASDAQ:TER
10.543144715925546,-27.05519677152057,-79.70442464486258,-7.417458654696851,376.329,44.07671181481495,2.4936157428270853,341.15,2549972,1789623421,2026-09-17T05:37:01Z,NASDAQ:TER
10.543144715925546,-27.05519677152057,-79.70442464486258,-7.417458654696851,376.329,44.07671181481495,2.4936157428270853,341.15,2549972,1789623603,2026-09-17T05:40:03Z,NASDAQ:TER
10.543144715925546,-27.05519677152057,-79.70442464486258,-7.417458654696851,376.329,44.07671181481495,2.4936157428270853,341.15,2549972,1789623780,2026-09-17T05:43:00Z,NASDAQ:TER
10.543144715925546,-27.05519677152057,-79.70442464486258,-7.417458654696851,376.329,44.07671181481495,2.4936157428270853,341.15,2549972,1789623958,2026-09-17T05:45:58Z,NASDAQ:TER
10.543144715925546,-27.05519677152057,-79.70442464486258,-7.417458654696851,376.329,44.07671181481495,2.4936157428270853,341.15,2549972,1789624139,2026-09-17T05:48:59Z,NASDAQ:TER
10.543144715925546,-27.05519677152057,-79.70442464486258,-7.417458654696851,376.329,44.07671181481495,2.4936157428270853,341.15,2549972,1789624320,2026-09-17T05:52:00Z,NASDAQ:TER
10.543144715925546,-27.05519677152057,-79.70442464486258,-7.417458654696851,376.329,44.07671181481495,2.4936157428270853,341.15,2549972,1789624504,2026-09-17T05:55:04Z,NASDAQ:TER
10.543144715925546,-27.05519677152057,-79.70442464486258,-7.417458654696851,376.329,44.07671181481495,2.4936157428270853,341.15,2549972,1789624682,2026-09-17T05:58:02Z,NASDAQ:TER
10.543144715925546,-27.05519677152057,-79.70442464486258,-7.417458654696851,376.329,44.07671181481495,2.4936157428270853,341.15,2549972,1789624865,2026-09-17T06:01:05Z,NASDAQ:TER
10.543144715925546,-27.05519677152057,-79.70442464486258,-7.417458654696851,376.329,44.07671181481495,2.4936157428270853,341.15,2549972,1789625036,2026-09-17T06:03:56Z,NASDAQ:TER
10.543144715925546,-27.05519677152057,-79.70442464486258,-7.417458654696851,376.329,44.07671181481495,2.4936157428270853,341.15,2549972,1789625220,2026-09-17T06:07:00Z,NASDAQ:TER
10.543144715925546,-27.05519677152057,-79.70442464486258,-7.417458654696851,376.329,44.07671181481495,2.4936157428270853,341.15,2549972,1789625401,2026-09-17T06:10:01Z,NASDAQ:TER
10.543144715925546,-27.05519677152057,-79.70442464486258,-7.417458654696851,376.329,44.07671181481495,2.4936157428270853,341.15,2549972,1789625580,2026-09-17T06:13:00Z,NASDAQ:TER
10.543144715925546,-27.05519677152057,-79.70442464486258,-7.417458654696851,376.329,44.07671181481495,2.4936157428270853,341.15,2549972,1789625763,2026-09-17T06:16:03Z,NASDAQ:TER
10.543144715925546,-27.05519677152057,-79.70442464486258,-7.417458654696851,376.329,44.07671181481495,2.4936157428270853,341.15,2549972,1789625941,2026-09-17T06:19:01Z,NASDAQ:TER
10.543144715925546,-27.05519677152057,-79.70442464486258,-7.417458654696851,376.329,44.07671181481495,2.4936157428270853,341.15,2549972,1789626121,2026-09-17T06:22:01Z,NASDAQ:TER
10.543144715925546,-27.05519677152057,-79.70442464486258,-7.417458654696851,376.329,44.07671181481495,2.4936157428270853,341.15,2549972,1789626300,2026-09-17T06:25:00Z,NASDAQ:TER
10.543144715925546,-27.05519677152057,-79.70442464486258,-7.417458654696851,376.329,44.07671181481495,2.4936157428270853,341.15,2549972,1789626484,2026-09-17T06:28:04Z,NASDAQ:TER
10.543144715925546,-27.05519677152057,-79.70442464486258,-7.417458654696851,376.329,44.07671181481495,2.4936157428270853,341.15,2549972,1789626663,2026-09-17T06:31:03Z,NASDAQ:TER
10.543144715925546,-27.05519677152057,-79.70442464486258,-7.417458654696851,376.329,44.07671181481495,2.4936157428270853,341.15,2549972,1789626843,2026-09-17T06:34:03Z,NASDAQ:TER
10.543144715925546,-27.05519677152057,-79.70442464486258,-7.417458654696851,376.329,44.07671181481495,2.4936157428270853,341.15,2549972,1789627023,2026-09-17T06:37:03Z,NASDAQ:TER
10.543144715925546,-27.05519677152057,-79.70442464486258,-7.417458654696851,376.329,44.07671181481495,2.4936157428270853,341.15,2549972,1789627198,2026-09-17T06:39:58Z,NASDAQ:TER
10.543144715925546,-27.05519677152057,-79.70442464486258,-7.417458654696851,376.329,44.07671181481495,2.4936157428270853,341.15,2549972,1789627380,2026-09-17T06:43:00Z,NASDAQ:TER
10.543144715925546,-27.05519677152057,-79.70442464486258,-7.417458654696851,376.329,44.07671181481495,2.4936157428270853,341.15,2549972,1789627561,2026-09-17T06:46:01Z,NASDAQ:TER
10.543144715925546,-27.05519677152057,-79.70442464486258,-7.417458654696851,376.329,44.07671181481495,2.4936157428270853,341.15,2549972,1789627740,2026-09-17T06:49:00Z,NASDAQ:TER
10.543144715925546,-27.05519677152057,-79.70442464486258,-7.417458654696851,376.329,44.07671181481495,2.4936157428270853,341.15,2549972,1789627919,2026-09-17T06:51:59Z,NASDAQ:TER
10.543144715925546,-27.05519677152057,-79.70442464486258,-7.417458654696851,376.329,44.07671181481495,2.4936157428270853,341.15,2549972,1789628101,2026-09-17T06:55:01Z,NASDAQ:TER
10.543144715925546,-27.05519677152057,-79.70442464486258,-7.417458654696851,376.329,44.07671181481495,2.4936157428270853,341.15,2549972,1789628279,2026-09-17T06:57:59Z,NASDAQ:TER
10.543144715925546,-27.05519677152057,-79.70442464486258,-7.417458654696851,376.329,44.07671181481495,2.4936157428270853,341.15,2549972,1789628464,2026-09-17T07:01:04Z,NASDAQ:TER
10.543144715925546,-27.05519677152057,-79.70442464486258,-7.417458654696851,376.329,44.07671181481495,2.4936157428270853,341.15,2549972,1789628641,2026-09-17T07:04:01Z,NASDAQ:TER
10.543144715925546,-27.05519677152057,-79.70442464486258,-7.417458654696851,376.329,44.07671181481495,2.4936157428270853,341.15,2549972,1789628822,2026-09-17T07:07:02Z,NASDAQ:TER
10.543144715925546,-27.05519677152057,-79.70442464486258,-7.417458654696851,376.329,44.07671181481495,2.4936157428270853,341.15,2549972,1789628996,2026-09-17T07:09:56Z,NASDAQ:TER
10.543144715925546,-27.05519677152057,-79.70442464486258,-7.417458654696851,376.329,44.07671181481495,2.4936157428270853,341.15,2549972,1789629183,2026-09-17T07:13:03Z,NASDAQ:TER
10.543144715925546,-27.05519677152057,-79.70442464486258,-7.417458654696851,376.329,44.07671181481495,2.4936157428270853,341.15,2549972,1789629355,2026-09-17T07:15:55Z,NASDAQ:TER
10.543144715925546,-27.05519677152057,-79.70442464486258,-7.417458654696851,376.329,44.07671181481495,2.4936157428270853,341.15,2549972,1789629544,2026-09-17T07:19:04Z,NASDAQ:TER
10.543144715925546,-27.05519677152057,-79.70442464486258,-7.417458654696851,376.329,44.07671181481495,2.4936157428270853,341.15,2549972,1789629716,2026-09-17T07:21:56Z,NASDAQ:TER
10.543144715925546,-27.05519677152057,-79.70442464486258,-7.417458654696851,376.329,44.07671181481495,2.4936157428270853,341.15,2549972,1789629903,2026-09-17T07:25:03Z,NASDAQ:TER
10.543144715925546,-27.05519677152057,-79.70442464486258,-7.417458654696851,376.329,44.07671181481495,2.4936157428270853,341.15,2549972,1789630081,2026-09-17T07:28:01Z,NASDAQ:TER
10.543144715925546,-27.05519677152057,-79.70442464486258,-7.417458654696851,376.329,44.07671181481495,2.4936157428270853,341.15,2549972,1789630258,2026-09-17T07:30:58Z,NASDAQ:TER
10.543144715925546,-27.05519677152057,-79.70442464486258,-7.417458654696851,376.329,44.07671181481495,2.4936157428270853,341.15,2549972,1789630445,2026-09-17T07:34:05Z,NASDAQ:TER
10.543144715925546,-27.05519677152057,-79.70442464486258,-7.417458654696851,376.329,44.07671181481495,2.4936157428270853,341.15,2549972,1789630620,2026-09-17T07:37:00Z,NASDAQ:TER
10.543144715925546,-27.05519677152057,-79.70442464486258,-7.417458654696851,376.329,44.07671181481495,2.4936157428270853,341.15,2549972,1789630806,2026-09-17T07:40:06Z,NASDAQ:TER
10.543144715925546,-27.05519677152057,-79.70442464486258,-7.417458654696851,376.329,44.07671181481495,2.4936157428270853,341.15,2549972,1789630977,2026-09-17T07:42:57Z,NASDAQ:TER
10.543144715925546,-27.05519677152057,-79.70442464486258,-7.417458654696851,376.329,44.07671181481495,2.4936157428270853,341.15,2549972,1789631161,2026-09-17T07:46:01Z,NASDAQ:TER
10.543144715925546,-27.05519677152057,-79.70442464486258,-7.417458654696851,376.329,44.07671181481495,2.4936157428270853,341.15,2549972,1789631341,2026-09-17T07:49:01Z,NASDAQ:TER
10.543144715925546,-27.05519677152057,-79.70442464486258,-7.417458654696851,376.329,44.07671181481495,2.4936157428270853,341.15,2549972,1789631518,2026-09-17T07:51:58Z,NASDAQ:TER
10.543144715925546,-27.05519677152057,-79.70442464486258,-7.417458654696851,376.329,44.07671181481495,2.4936157428270853,341.15,2549972,1789631698,2026-09-17T07:54:58Z,NASDAQ:TER
10.543144715925546,-27.05519677152057,-79.70442464486258,-7.417458654696851,376.329,44.07671181481495,2.4936157428270853,341.15,2549972,1789631881,2026-09-17T07:58:01Z,NASDAQ:TER
10.543144715925546,-27.05519677152057,-79.70442464486258,-7.417458654696851,376.329,44.07671181481495,2.4936157428270853,341.15,2549972,1789632077,2026-09-17T08:01:17Z,NASDAQ:TER
10.543144715925546,-27.05519677152057,-79.70442464486258,-7.417458654696851,376.329,44.07671181481495,2.4936157428270853,341.15,2549972,1789632238,2026-09-17T08:03:58Z,NASDAQ:TER
10.543144715925546,-27.05519677152057,-79.70442464486258,-7.417458654696851,376.329,44.07671181481495,2.4936157428270853,341.15,2549972,1789632422,2026-09-17T08:07:02Z,NASDAQ:TER
10.543144715925546,-27.05519677152057,-79.70442464486258,-7.417458654696851,376.329,44.07671181481495,2.4936157428270853,341.15,2549972,1789632603,2026-09-17T08:10:03Z,NASDAQ:TER
10.543144715925546,-27.05519677152057,-79.70442464486258,-7.417458654696851,376.329,44.07671181481495,2.4936157428270853,341.15,2549972,1789632779,2026-09-17T08:12:59Z,NASDAQ:TER
10.543144715925546,-27.05519677152057,-79.70442464486258,-7.417458654696851,376.329,44.07671181481495,2.4936157428270853,341.15,2549972,1789632961,2026-09-17T08:16:01Z,NASDAQ:TER
10.543144715925546,-27.05519677152057,-79.70442464486258,-7.417458654696851,376.329,44.07671181481495,2.4936157428270853,341.15,2549972,1789633142,2026-09-17T08:19:02Z,NASDAQ:TER
10.543144715925546,-27.05519677152057,-79.70442464486258,-7.417458654696851,376.329,44.07671181481495,2.4936157428270853,341.15,2549972,1789633319,2026-09-17T08:21:59Z,NASDAQ:TER
10.543144715925546,-27.05519677152057,-79.70442464486258,-7.417458654696851,376.329,44.07671181481495,2.4936157428270853,341.15,2549972,1789633503,2026-09-17T08:25:03Z,NASDAQ:TER
10.543144715925546,-27.05519677152057,-79.70442464486258,-7.417458654696851,376.329,44.07671181481495,2.4936157428270853,341.15,2549972,1789633685,2026-09-17T08:28:05Z,NASDAQ:TER
10.543144715925546,-27.05519677152057,-79.70442464486258,-7.417458654696851,376.329,44.07671181481495,2.4936157428270853,341.15,2549972,1789633861,2026-09-17T08:31:01Z,NASDAQ:TER
10.543144715925546,-27.05519677152057,-79.70442464486258,-7.417458654696851,376.329,44.07671181481495,2.4936157428270853,341.15,2549972,1789634041,2026-09-17T08:34:01Z,NASDAQ:TER
10.543144715925546,-27.05519677152057,-79.70442464486258,-7.417458654696851,376.329,44.07671181481495,2.4936157428270853,341.15,2549972,1789634223,2026-09-17T08:37:03Z,NASDAQ:TER
10.543144715925546,-27.05519677152057,-79.70442464486258,-7.417458654696851,376.329,44.07671181481495,2.4936157428270853,341.15,2549972,1789634398,2026-09-17T08:39:58Z,NASDAQ:TER
10.543144715925546,-27.05519677152057,-79.70442464486258,-7.417458654696851,376.329,44.07671181481495,2.4936157428270853,341.15,2549972,1789634580,2026-09-17T08:43:00Z,NASDAQ:TER
10.543144715925546,-27.05519677152057,-79.70442464486258,-7.417458654696851,376.329,44.07671181481495,2.4936157428270853,341.15,2549972,1789634759,2026-09-17T08:45:59Z,NASDAQ:TER
10.543144715925546,-27.05519677152057,-79.70442464486258,-7.417458654696851,376.329,44.07671181481495,2.4936157428270853,341.15,2549972,1789634941,2026-09-17T08:49:01Z,NASDAQ:TER
10.543144715925546,-27.05519677152057,-79.70442464486258,-7.417458654696851,376.329,44.07671181481495,2.4936157428270853,341.15,2549972,1789635119,2026-09-17T08:51:59Z,NASDAQ:TER
10.543144715925546,-27.05519677152057,-79.70442464486258,-7.417458654696851,376.329,44.07671181481495,2.4936157428270853,341.15,2549972,1789635296,2026-09-17T08:54:56Z,NASDAQ:TER
10.543144715925546,-27.05519677152057,-79.70442464486258,-7.417458654696851,376.329,44.07671181481495,2.4936157428270853,341.15,2549972,1789635480,2026-09-17T08:58:00Z,NASDAQ:TER
10.543144715925546,-27.05519677152057,-79.70442464486258,-7.417458654696851,376.329,44.07671181481495,2.4936157428270853,341.15,2549972,1789635664,2026-09-17T09:01:04Z,NASDAQ:TER
10.543144715925546,-27.05519677152057,-79.70442464486258,-7.417458654696851,376.329,44.07671181481495,2.4936157428270853,341.15,2549972,1789635844,2026-09-17T09:04:04Z,NASDAQ:TER
10.543144715925546,-27.05519677152057,-79.70442464486258,-7.417458654696851,376.329,44.07671181481495,2.4936157428270853,341.15,2549972,1789636022,2026-09-17T09:07:02Z,NASDAQ:TER
10.543144715925546,-27.05519677152057,-79.70442464486258,-7.417458654696851,376.329,44.07671181481495,2.4936157428270853,341.15,2549972,1789636203,2026-09-17T09:10:03Z,NASDAQ:TER
10.543144715925546,-27.05519677152057,-79.70442464486258,-7.417458654696851,376.329,44.07671181481495,2.4936157428270853,341.15,2549972,1789636382,2026-09-17T09:13:02Z,NASDAQ:TER
10.543144715925546,-27.05519677152057,-79.70442464486258,-7.417458654696851,376.329,44.07671181481495,2.4936157428270853,341.15,2549972,1789636564,2026-09-17T09:16:04Z,NASDAQ:TER
10.543144715925546,-27.05519677152057,-79.70442464486258,-7.417458654696851,376.329,44.07671181481495,2.4936157428270853,341.15,2549972,1789636741,2026-09-17T09:19:01Z,NASDAQ:TER
10.543144715925546,-27.05519677152057,-79.70442464486258,-7.417458654696851,376.329,44.07671181481495,2.4936157428270853,341.15,2549972,1789636921,2026-09-17T09:22:01Z,NASDAQ:TER
10.543144715925546,-27.05519677152057,-79.70442464486258,-7.417458654696851,376.329,44.07671181481495,2.4936157428270853,341.15,2549972,1789637100,2026-09-17T09:25:00Z,NASDAQ:TER
10.543144715925546,-27.05519677152057,-79.70442464486258,-7.417458654696851,376.329,44.07671181481495,2.4936157428270853,341.15,2549972,1789637284,2026-09-17T09:28:04Z,NASDAQ:TER
10.543144715925546,-27.05519677152057,-79.70442464486258,-7.417458654696851,376.329,44.07671181481495,2.4936157428270853,341.15,2549972,1789637459,2026-09-17T09:30:59Z,NASDAQ:TER
10.543144715925546,-27.05519677152057,-79.70442464486258,-7.417458654696851,376.329,44.07671181481495,2.4936157428270853,341.15,2549972,1789637640,2026-09-17T09:34:00Z,NASDAQ:TER
10.543144715925546,-27.05519677152057,-79.70442464486258,-7.417458654696851,376.329,44.07671181481495,2.4936157428270853,341.15,2549972,1789637824,2026-09-17T09:37:04Z,NASDAQ:TER
10.543144715925546,-27.05519677152057,-79.70442464486258,-7.417458654696851,376.329,44.07671181481495,2.4936157428270853,341.15,2549972,1789638001,2026-09-17T09:40:01Z,NASDAQ:TER
10.543144715925546,-27.05519677152057,-79.70442464486258,-7.417458654696851,376.329,44.07671181481495,2.4936157428270853,341.15,2549972,1789638180,2026-09-17T09:43:00Z,NASDAQ:TER
10.543144715925546,-27.05519677152057,-79.70442464486258,-7.417458654696851,376.329,44.07671181481495,2.4936157428270853,341.15,2549972,1789638360,2026-09-17T09:46:00Z,NASDAQ:TER
10.543144715925546,-27.05519677152057,-79.70442464486258,-7.417458654696851,376.329,44.07671181481495,2.4936157428270853,341.15,2549972,1789638543,2026-09-17T09:49:03Z,NASDAQ:TER
10.543144715925546,-27.05519677152057,-79.70442464486258,-7.417458654696851,376.329,44.07671181481495,2.4936157428270853,341.15,2549972,1789638720,2026-09-17T09:52:00Z,NASDAQ:TER
10.543144715925546,-27.05519677152057,-79.70442464486258,-7.417458654696851,376.329,44.07671181481495,2.4936157428270853,341.15,2549972,1789638900,2026-09-17T09:55:00Z,NASDAQ:TER
10.543144715925546,-27.05519677152057,-79.70442464486258,-7.417458654696851,376.329,44.07671181481495,2.4936157428270853,341.15,2549972,1789639081,2026-09-17T09:58:01Z,NASDAQ:TER
10.543144715925546,-27.05519677152057,-79.70442464486258,-7.417458654696851,376.329,44.07671181481495,2.4936157428270853,341.15,2549972,1789639260,2026-09-17T10:01:00Z,NASDAQ:TER
10.543144715925546,-27.05519677152057,-79.70442464486258,-7.417458654696851,376.329,44.07671181481495,2.4936157428270853,341.15,2549972,1789639439,2026-09-17T10:03:59Z,NASDAQ:TER
10.543144715925546,-27.05519677152057,-79.70442464486258,-7.417458654696851,376.329,44.07671181481495,2.4936157428270853,341.15,2549972,1789639620,2026-09-17T10:07:00Z,NASDAQ:TER
10.543144715925546,-27.05519677152057,-79.70442464486258,-7.417458654696851,376.329,44.07671181481495,2.4936157428270853,341.15,2549972,1789639803,2026-09-17T10:10:03Z,NASDAQ:TER
10.543144715925546,-27.05519677152057,-79.70442464486258,-7.417458654696851,376.329,44.07671181481495,2.4936157428270853,341.15,2549972,1789639979,2026-09-17T10:12:59Z,NASDAQ:TER
10.543144715925546,-27.05519677152057,-79.70442464486258,-7.417458654696851,376.329,44.07671181481495,2.4936157428270853,341.15,2549972,1789640160,2026-09-17T10:16:00Z,NASDAQ:TER
10.543144715925546,-27.05519677152057,-79.70442464486258,-7.417458654696851,376.329,44.07671181481495,2.4936157428270853,341.15,2549972,1789640342,2026-09-17T10:19:02Z,NASDAQ:TER
10.543144715925546,-27.05519677152057,-79.70442464486258,-7.417458654696851,376.329,44.07671181481495,2.4936157428270853,341.15,2549972,1789640519,2026-09-17T10:21:59Z,NASDAQ:TER
10.543144715925546,-27.05519677152057,-79.70442464486258,-7.417458654696851,376.329,44.07671181481495,2.4936157428270853,341.15,2549972,1789640701,2026-09-17T10:25:01Z,NASDAQ:TER
10.543144715925546,-27.05519677152057,-79.70442464486258,-7.417458654696851,376.329,44.07671181481495,2.4936157428270853,341.15,2549972,1789640879,2026-09-17T10:27:59Z,NASDAQ:TER
10.543144715925546,-27.05519677152057,-79.70442464486258,-7.417458654696851,376.329,44.07671181481495,2.4936157428270853,341.15,2549972,1789641064,2026-09-17T10:31:04Z,NASDAQ:TER
10.543144715925546,-27.05519677152057,-79.70442464486258,-7.417458654696851,376.329,44.07671181481495,2.4936157428270853,341.15,2549972,1789641239,2026-09-17T10:33:59Z,NASDAQ:TER
10.543144715925546,-27.05519677152057,-79.70442464486258,-7.417458654696851,376.329,44.07671181481495,2.4936157428270853,341.15,2549972,1789641423,2026-09-17T10:37:03Z,NASDAQ:TER
10.543144715925546,-27.05519677152057,-79.70442464486258,-7.417458654696851,376.329,44.07671181481495,2.4936157428270853,341.15,2549972,1789641604,2026-09-17T10:40:04Z,NASDAQ:TER
10.543144715925546,-27.05519677152057,-79.70442464486258,-7.417458654696851,376.329,44.07671181481495,2.4936157428270853,341.15,2549972,1789641776,2026-09-17T10:42:56Z,NASDAQ:TER
10.543144715925546,-27.05519677152057,-79.70442464486258,-7.417458654696851,376.329,44.07671181481495,2.4936157428270853,341.15,2549972,1789641960,2026-09-17T10:46:00Z,NASDAQ:TER
10.543144715925546,-27.05519677152057,-79.70442464486258,-7.417458654696851,376.329,44.07671181481495,2.4936157428270853,341.15,2549972,1789642140,2026-09-17T10:49:00Z,NASDAQ:TER
10.543144715925546,-27.05519677152057,-79.70442464486258,-7.417458654696851,376.329,44.07671181481495,2.4936157428270853,341.15,2549972,1789642320,2026-09-17T10:52:00Z,NASDAQ:TER
10.543144715925546,-27.05519677152057,-79.70442464486258,-7.417458654696851,376.329,44.07671181481495,2.4936157428270853,341.15,2549972,1789642501,2026-09-17T10:55:01Z,NASDAQ:TER
10.543144715925546,-27.05519677152057,-79.70442464486258,-7.417458654696851,376.329,44.07671181481495,2.4936157428270853,341.15,2549972,1789642683,2026-09-17T10:58:03Z,NASDAQ:TER
10.543144715925546,-27.05519677152057,-79.70442464486258,-7.417458654696851,376.329,44.07671181481495,2.4936157428270853,341.15,2549972,1789642861,2026-09-17T11:01:01Z,NASDAQ:TER
10.543144715925546,-27.05519677152057,-79.70442464486258,-7.417458654696851,376.329,44.07671181481495,2.4936157428270853,341.15,2549972,1789643038,2026-09-17T11:03:58Z,NASDAQ:TER
10.543144715925546,-27.05519677152057,-79.70442464486258,-7.417458654696851,376.329,44.07671181481495,2.4936157428270853,341.15,2549972,1789643219,2026-09-17T11:06:59Z,NASDAQ:TER
10.543144715925546,-27.05519677152057,-79.70442464486258,-7.417458654696851,376.329,44.07671181481495,2.4936157428270853,341.15,2549972,1789643404,2026-09-17T11:10:04Z,NASDAQ:TER
10.543144715925546,-27.05519677152057,-79.70442464486258,-7.417458654696851,376.329,44.07671181481495,2.4936157428270853,341.15,2549972,1789643580,2026-09-17T11:13:00Z,NASDAQ:TER
10.543144715925546,-27.05519677152057,-79.70442464486258,-7.417458654696851,376.329,44.07671181481495,2.4936157428270853,341.15,2549972,1789643761,2026-09-17T11:16:01Z,NASDAQ:TER
10.543144715925546,-27.05519677152057,-79.70442464486258,-7.417458654696851,376.329,44.07671181481495,2.4936157428270853,341.15,2549972,1789643942,2026-09-17T11:19:02Z,NASDAQ:TER
10.543144715925546,-27.05519677152057,-79.70442464486258,-7.417458654696851,376.329,44.07671181481495,2.4936157428270853,341.15,2549972,1789644120,2026-09-17T11:22:00Z,NASDAQ:TER
10.543144715925546,-27.05519677152057,-79.70442464486258,-7.417458654696851,376.329,44.07671181481495,2.4936157428270853,341.15,2549972,1789644297,2026-09-17T11:24:57Z,NASDAQ:TER
10.543144715925546,-27.05519677152057,-79.70442464486258,-7.417458654696851,376.329,44.07671181481495,2.4936157428270853,341.15,2549972,1789644481,2026-09-17T11:28:01Z,NASDAQ:TER
10.543144715925546,-27.05519677152057,-79.70442464486258,-7.417458654696851,376.329,44.07671181481495,2.4936157428270853,341.15,2549972,1789644660,2026-09-17T11:31:00Z,NASDAQ:TER
10.543144715925546,-27.05519677152057,-79.70442464486258,-7.417458654696851,376.329,44.07671181481495,2.4936157428270853,341.15,2549972,1789644838,2026-09-17T11:33:58Z,NASDAQ:TER
10.543144715925546,-27.05519677152057,-79.70442464486258,-7.417458654696851,376.329,44.07671181481495,2.4936157428270853,341.15,2549972,1789645021,2026-09-17T11:37:01Z,NASDAQ:TER
10.543144715925546,-27.05519677152057,-79.70442464486258,-7.417458654696851,376.329,44.07671181481495,2.4936157428270853,341.15,2549972,1789645202,2026-09-17T11:40:02Z,NASDAQ:TER
10.543144715925546,-27.05519677152057,-79.70442464486258,-7.417458654696851,376.329,44.07671181481495,2.4936157428270853,341.15,2549972,1789645381,2026-09-17T11:43:01Z,NASDAQ:TER
10.543144715925546,-27.05519677152057,-79.70442464486258,-7.417458654696851,376.329,44.07671181481495,2.4936157428270853,341.15,2549972,1789645558,2026-09-17T11:45:58Z,NASDAQ:TER
10.543144715925546,-27.05519677152057,-79.70442464486258,-7.417458654696851,376.329,44.07671181481495,2.4936157428270853,341.15,2549972,1789645745,2026-09-17T11:49:05Z,NASDAQ:TER
10.543144715925546,-27.05519677152057,-79.70442464486258,-7.417458654696851,376.329,44.07671181481495,2.4936157428270853,341.15,2549972,1789645919,2026-09-17T11:51:59Z,NASDAQ:TER
10.543144715925546,-27.05519677152057,-79.70442464486258,-7.417458654696851,376.329,44.07671181481495,2.4936157428270853,341.15,2549972,1789646099,2026-09-17T11:54:59Z,NASDAQ:TER
10.543144715925546,-27.05519677152057,-79.70442464486258,-7.417458654696851,376.329,44.07671181481495,2.4936157428270853,341.15,2549972,1789646281,2026-09-17T11:58:01Z,NASDAQ:TER
10.543144715925546,-27.05519677152057,-79.70442464486258,-7.417458654696851,376.329,44.07671181481495,2.4936157428270853,341.15,2549972,1789646462,2026-09-17T12:01:02Z,NASDAQ:TER
10.543144715925546,-27.05519677152057,-79.70442464486258,-7.417458654696851,376.329,44.07671181481495,2.4936157428270853,341.15,2549972,1789646639,2026-09-17T12:03:59Z,NASDAQ:TER
10.543144715925546,-27.05519677152057,-79.70442464486258,-7.417458654696851,376.329,44.07671181481495,2.4936157428270853,341.15,2549972,1789646824,2026-09-17T12:07:04Z,NASDAQ:TER
10.543144715925546,-27.05519677152057,-79.70442464486258,-7.417458654696851,376.329,44.07671181481495,2.4936157428270853,341.15,2549972,1789647001,2026-09-17T12:10:01Z,NASDAQ:TER
10.543144715925546,-27.05519677152057,-79.70442464486258,-7.417458654696851,376.329,44.07671181481495,2.4936157428270853,341.15,2549972,1789647182,2026-09-17T12:13:02Z,NASDAQ:TER
10.543144715925546,-27.05519677152057,-79.70442464486258,-7.417458654696851,376.329,44.07671181481495,2.4936157428270853,341.15,2549972,1789647367,2026-09-17T12:16:07Z,NASDAQ:TER
10.543144715925546,-27.05519677152057,-79.70442464486258,-7.417458654696851,376.329,44.07671181481495,2.4936157428270853,341.15,2549972,1789647543,2026-09-17T12:19:03Z,NASDAQ:TER
10.543144715925546,-27.05519677152057,-79.70442464486258,-7.417458654696851,376.329,44.07671181481495,2.4936157428270853,341.15,2549972,1789647721,2026-09-17T12:22:01Z,NASDAQ:TER
10.543144715925546,-27.05519677152057,-79.70442464486258,-7.417458654696851,376.329,44.07671181481495,2.4936157428270853,341.15,2549972,1789647901,2026-09-17T12:25:01Z,NASDAQ:TER
10.543144715925546,-27.05519677152057,-79.70442464486258,-7.417458654696851,376.329,44.07671181481495,2.4936157428270853,341.15,2549972,1789648079,2026-09-17T12:27:59Z,NASDAQ:TER
10.543144715925546,-27.05519677152057,-79.70442464486258,-7.417458654696851,376.329,44.07671181481495,2.4936157428270853,341.15,2549972,1789648259,2026-09-17T12:30:59Z,NASDAQ:TER
10.543144715925546,-27.05519677152057,-79.70442464486258,-7.417458654696851,376.329,44.07671181481495,2.4936157428270853,341.15,2549972,1789648445,2026-09-17T12:34:05Z,NASDAQ:TER
10.543144715925546,-27.05519677152057,-79.70442464486258,-7.417458654696851,376.329,44.07671181481495,2.4936157428270853,341.15,2549972,1789648620,2026-09-17T12:37:00Z,NASDAQ:TER
10.543144715925546,-27.05519677152057,-79.70442464486258,-7.417458654696851,376.329,44.07671181481495,2.4936157428270853,341.15,2549972,1789648803,2026-09-17T12:40:03Z,NASDAQ:TER
10.543144715925546,-27.05519677152057,-79.70442464486258,-7.417458654696851,376.329,44.07671181481495,2.4936157428270853,341.15,2549972,1789648979,2026-09-17T12:42:59Z,NASDAQ:TER
10.543144715925546,-27.05519677152057,-79.70442464486258,-7.417458654696851,376.329,44.07671181481495,2.4936157428270853,341.15,2549972,1789649159,2026-09-17T12:45:59Z,NASDAQ:TER
10.543144715925546,-27.05519677152057,-79.70442464486258,-7.417458654696851,376.329,44.07671181481495,2.4936157428270853,341.15,2549972,1789649338,2026-09-17T12:48:58Z,NASDAQ:TER
10.543144715925546,-27.05519677152057,-79.70442464486258,-7.417458654696851,376.329,44.07671181481495,2.4936157428270853,341.15,2549972,1789649524,2026-09-17T12:52:04Z,NASDAQ:TER
10.543144715925546,-27.05519677152057,-79.70442464486258,-7.417458654696851,376.329,44.07671181481495,2.4936157428270853,341.15,2549972,1789649701,2026-09-17T12:55:01Z,NASDAQ:TER
10.543144715925546,-27.05519677152057,-79.70442464486258,-7.417458654696851,376.329,44.07671181481495,2.4936157428270853,341.15,2549972,1789649877,2026-09-17T12:57:57Z,NASDAQ:TER
10.543144715925546,-27.05519677152057,-79.70442464486258,-7.417458654696851,376.329,44.07671181481495,2.4936157428270853,341.15,2549972,1789650058,2026-09-17T13:00:58Z,NASDAQ:TER
10.543144715925546,-27.05519677152057,-79.70442464486258,-7.417458654696851,376.329,44.07671181481495,2.4936157428270853,341.15,2549972,1789650243,2026-09-17T13:04:03Z,NASDAQ:TER
10.543144715925546,-27.05519677152057,-79.70442464486258,-7.417458654696851,376.329,44.07671181481495,2.4936157428270853,341.15,2549972,1789650422,2026-09-17T13:07:02Z,NASDAQ:TER
10.543144715925546,-27.05519677152057,-79.70442464486258,-7.417458654696851,376.329,44.07671181481495,2.4936157428270853,341.15,2549972,1789650601,2026-09-17T13:10:01Z,NASDAQ:TER
10.543144715925546,-27.05519677152057,-79.70442464486258,-7.417458654696851,376.329,44.07671181481495,2.4936157428270853,341.15,2549972,1789650782,2026-09-17T13:13:02Z,NASDAQ:TER
10.543144715925546,-27.05519677152057,-79.70442464486258,-7.417458654696851,376.329,44.07671181481495,2.4936157428270853,341.15,2549972,1789650960,2026-09-17T13:16:00Z,NASDAQ:TER
10.543144715925546,-27.05519677152057,-79.70442464486258,-7.417458654696851,376.329,44.07671181481495,2.4936157428270853,341.15,2549972,1789651143,2026-09-17T13:19:03Z,NASDAQ:TER
10.543144715925546,-27.05519677152057,-79.70442464486258,-7.417458654696851,376.329,44.07671181481495,2.4936157428270853,341.15,2549972,1789651318,2026-09-17T13:21:58Z,NASDAQ:TER
10.543144715925546,-27.05519677152057,-79.70442464486258,-7.417458654696851,376.329,44.07671181481495,2.4936157428270853,341.15,2549972,1789651498,2026-09-17T13:24:58Z,NASDAQ:TER
10.543144715925546,-27.05519677152057,-79.70442464486258,-7.417458654696851,376.329,44.07671181481495,2.4936157428270853,341.15,2549972,1789651683,2026-09-17T13:28:03Z,NASDAQ:TER
10.543144715925546,-27.05519677152057,-79.70442464486258,-7.417458654696851,376.329,44.07671181481495,2.4936157428270853,341.15,2549972,1789651861,2026-09-17T13:31:01Z,NASDAQ:TER
10.543144715925546,-27.05519677152057,-79.70442464486258,-7.417458654696851,376.329,44.07671181481495,2.4936157428270853,341.15,2549972,1789652041,2026-09-17T13:34:01Z,NASDAQ:TER
10.543144715925546,-27.05519677152057,-79.70442464486258,-7.417458654696851,376.329,44.07671181481495,2.4936157428270853,341.15,2549972,1789652217,2026-09-17T13:36:57Z,NASDAQ:TER
10.543144715925546,-27.05519677152057,-79.70442464486258,-7.417458654696851,376.329,44.07671181481495,2.4936157428270853,341.15,2549972,1789652401,2026-09-17T13:40:01Z,NASDAQ:TER
10.543144715925546,-27.05519677152057,-79.70442464486258,-7.417458654696851,376.329,44.07671181481495,2.4936157428270853,341.15,2549972,1789652580,2026-09-17T13:43:00Z,NASDAQ:TER
10.14541375545126,-5.95445437558908,-25.716256662565847,-5.1974046560363165,376.329,47.46484084097142,3.43250769456252,352.86,48364,1789652758,2026-09-17T13:45:58Z,NASDAQ:TER
10.070054526274976,-4.23913123273195,-23.104849198802302,-5.183603390604642,376.329,47.47879957722908,3.447565293859007,352.911369,64936,1789652943,2026-09-17T13:49:03Z,NASDAQ:TER
10.070054526274976,-4.42445437558905,-22.15097381338232,-5.009336252871397,376.329,47.65441904759101,3.6376960281401214,353.56,89753,1789653118,2026-09-17T13:51:58Z,NASDAQ:TER
10.070054526274976,-4.863882947017657,-27.216307286630503,-5.639902741768639,376.329,47.01332749396231,2.9497288582735,351.213,110344,1789653307,2026-09-17T13:55:07Z,NASDAQ:TER
10.070054526274976,-5.271597232731949,-25.130927370044272,-5.256511868459585,376.329,47.40497519245093,3.368019932580979,352.64,141579,1789653481,2026-09-17T13:58:01Z,NASDAQ:TER
10.070054526274976,-5.454454375589023,-24.193133449947144,-5.084563614137374,376.329,47.57875218899302,3.561365968049252,353.2996,151271,1789653666,2026-09-17T14:01:06Z,NASDAQ:TER
9.994927152163232,-4.530168661303264,-17.280342137152633,-4.298706358055373,376.329,48.358567574085335,4.413014802872639,356.205,173258,1789653844,2026-09-17T14:04:04Z,NASDAQ:TER
9.913652220514784,-2.798025804160432,-13.27275568903727,-4.098547843258419,376.329,48.55349400541908,4.631393815037377,356.95,196320,1789654019,2026-09-17T14:06:59Z,NASDAQ:TER
9.901070107096462,-2.5758829470175897,-12.382491473306352,-4.02063379051866,376.329,48.62897409653338,4.716400410376677,357.24,214636,1789654198,2026-09-17T14:09:58Z,NASDAQ:TER
9.901070107096462,-2.4515972327318423,-13.033493722203977,-4.13750486962829,376.329,48.51567072082815,4.588890517367736,356.805,232222,1789654384,2026-09-17T14:13:04Z,NASDAQ:TER
9.901070107096462,-1.881597232731906,-16.009618140441038,-4.673499818648321,376.329,47.989570243630965,4.00410376667156,354.81,262515,1789654560,2026-09-17T14:16:00Z,NASDAQ:TER
9.901070107096462,-1.4901686613033007,-18.044377424808737,-5.0415765505568135,376.329,47.62201715833406,3.602520885241103,353.44,281317,1789654742,2026-09-17T14:19:02Z,NASDAQ:TER
9.901070107096462,-1.2544543755890345,-19.26617455929487,-5.263228597144041,376.329,47.39816364364238,3.3606917778103567,352.615,306516,1789654918,2026-09-17T14:21:58Z,NASDAQ:TER
9.901070107096462,-1.4930258041604247,-18.029551587712863,-5.038889859083032,376.329,47.62471884780624,3.605452147149352,353.45,324750,1789655101,2026-09-17T14:25:01Z,NASDAQ:TER
9.901070107096462,-1.8244543755890843,-16.30711856945411,-4.72723364812401,376.329,47.93623475169196,3.945478528506533,354.61,347623,1789655282,2026-09-17T14:28:02Z,NASDAQ:TER
9.901070107096462,-1.7387400898747956,-16.75307703561263,-4.807834392337552,376.329,47.85602609413176,3.8575406712589846,354.31,366240,1789655462,2026-09-17T14:31:02Z,NASDAQ:TER
9.901070107096462,-1.611568661303295,-17.41408555309744,-4.927419029835711,376.329,47.73656679856357,3.727070203722703,353.8649,378766,1789655642,2026-09-17T14:34:02Z,NASDAQ:TER
9.901070107096462,-1.535882947017626,-17.807117480747323,-4.998589486976253,376.329,47.6652107705816,3.6494210757731342,353.6,393171,1789655823,2026-09-17T14:37:03Z,NASDAQ:TER
9.901070107096462,-1.2587400898747774,-19.243983576598367,-5.259198559933367,376.329,47.40225078462932,3.36508867067273,352.63,400180,1789656000,2026-09-17T14:40:00Z,NASDAQ:TER
9.901070107096462,-1.2744543755890163,-19.162609197512843,-5.24442175682755,376.329,47.4172315358345,3.381210611168115,352.685,409693,1789656179,2026-09-17T14:42:59Z,NASDAQ:TER
9.901070107096462,-1.377311518446163,-18.62968792689425,-5.1477008637713,376.329,47.51507702457427,3.486736039865174,353.045,418688,1789656361,2026-09-17T14:46:01Z,NASDAQ:TER
9.901070107096462,-1.6415972327318968,-17.25807324464625,-4.899181902446221,376.329,47.764823665762734,3.757877766378441,353.97,430020,1789656544,2026-09-17T14:49:04Z,NASDAQ:TER
9.901070107096462,-2.0158829470176443,-15.30987797448812,-4.547225319380452,376.329,48.11447954284329,4.141873076359372,355.28,440686,1789656718,2026-09-17T14:51:58Z,NASDAQ:TER
9.901070107096462,-2.0930258041604475,-14.907509425639386,-4.474684649588258,376.329,48.185964991941695,4.221017147882174,355.55,450235,1789656901,2026-09-17T14:55:01Z,NASDAQ:TER
9.901070107096462,-2.488740089874796,-12.839019296340132,-4.102577880469092,376.329,48.54958382920042,4.626996922175004,356.935,457731,1789657082,2026-09-17T14:58:02Z,NASDAQ:TER
9.901070107096462,-2.5573115184462267,-12.479814979832664,-4.038097285098258,376.329,48.61207540930717,4.697347207973043,357.175,467926,1789657257,2026-09-17T15:00:57Z,NASDAQ:TER
9.901070107096462,-2.8415972327319423,-10.988193174612784,-3.7707714834566888,376.329,48.8695439192597,4.989007767844068,358.17,493649,1789657442,2026-09-17T15:04:02Z,NASDAQ:TER
9.901070107096462,-2.744454375589044,-11.49833228560527,-3.862118993565374,376.329,48.78185540339699,4.889344862963508,357.83,511326,1789657625,2026-09-17T15:07:05Z,NASDAQ:TER
9.901070107096462,-2.154454375589012,-14.586900964301698,-4.416920782901895,376.329,48.24274786713441,4.284039278909574,355.765,524024,1789657798,2026-09-17T15:09:58Z,NASDAQ:TER
9.901070107096462,-2.150168661303269,-14.60927486563788,-4.4209508201125685,376.329,48.23879031010735,4.2796423860472,355.75,535909,1789657984,2026-09-17T15:13:04Z,NASDAQ:TER
9.901070107096462,-2.0058829470176534,-15.362016003159129,-4.55662873953869,376.329,48.10519846593949,4.1316136596805,355.245,546111,1789658165,2026-09-17T15:16:05Z,NASDAQ:TER
9.901070107096462,-2.1701686613033644,-14.504855791326634,-4.402143979796078,376.329,48.25725373342218,4.300161219404959,355.82,553378,1789658343,2026-09-17T15:19:03Z,NASDAQ:TER
9.901070107096462,-2.2601686613032825,-14.034732497233652,-4.317513198371864,376.329,48.34017639670081,4.39249596951488,356.135,561064,1789658520,2026-09-17T15:22:00Z,NASDAQ:TER
9.901070107096462,-2.464454375589071,-12.966183169589224,-4.125414757996255,376.329,48.527414931879214,4.602081195954872,356.85,565253,1789658698,2026-09-17T15:24:58Z,NASDAQ:TER
9.901070107096462,-2.213025804160452,-14.281036031197122,-4.361843607689299,376.329,48.29677389130988,4.344130148028742,355.97,569723,1789658883,2026-09-17T15:28:03Z,NASDAQ:TER
9.901070107096462,-2.4930258041604247,-12.816575664076998,-4.098547843258419,376.329,48.55349400541908,4.631393815037377,356.95,576481,1789659061,2026-09-17T15:31:01Z,NASDAQ:TER
9.901070107096462,-2.733025804160434,-11.558318650683448,-3.872865759460503,376.329,48.77151932955944,4.877619815330513,357.79,585798,1789659240,2026-09-17T15:34:00Z,NASDAQ:TER
9.901070107096462,-2.811597232731856,-11.145784855138215,-3.798981743931432,376.329,48.84249570430193,4.958229517807423,358.065,600851,1789659421,2026-09-17T15:37:01Z,NASDAQ:TER
9.897365673847585,-2.751597232731968,-10.853079919935524,-3.7707714834566888,376.329,48.8695439192597,4.989007767844068,358.17,610553,1789659603,2026-09-17T15:40:03Z,NASDAQ:TER
9.897365673847585,-2.6744543755890504,-11.25832368041855,-3.843312153248884,376.329,48.79993349992821,4.909863696321266,357.9,618258,1789659778,2026-09-17T15:42:58Z,NASDAQ:TER
9.87971881077134,-2.5787400898747137,-8.852667690822313,-3.5289692508160804,376.329,49.1002177852688,5.2528213395866965,359.07,632021,1789659961,2026-09-17T15:46:01Z,NASDAQ:TER
9.8776724235881,-2.360168661303362,-9.66571059212745,-3.687484047769365,376.329,48.94923393599623,5.079876886999866,358.48,642129,1789660144,2026-09-17T15:49:04Z,NASDAQ:TER
9.875218287036938,-2.4315972327318605,-8.882801037656167,-3.563896239975279,376.329,49.06702691817375,5.214714934779429,358.94,649975,1789660324,2026-09-17T15:52:04Z,NASDAQ:TER
9.875218287036938,-2.5087400898747774,-8.475866710180254,-3.4913555701830994,376.329,49.135913452430856,5.293859006302214,359.21,655184,1789660500,2026-09-17T15:55:00Z,NASDAQ:TER
9.851962436335729,-2.032425804160482,-7.116416335527328,-3.4026947515481965,376.329,49.21985547246468,5.390590649274526,359.54,661120,1789660682,2026-09-17T15:58:02Z,NASDAQ:TER
9.851962436335729,-1.9952829470176423,-7.312850230690876,-3.437621740707395,376.329,49.18682049996507,5.352484244467258,359.41,669372,1789660861,2026-09-17T16:01:01Z,NASDAQ:TER
9.851962436335729,-1.878140089874762,-7.931931035109087,-3.54777609113257,376.329,49.082351157072566,5.2323025062289386,359.0,676149,1789661040,2026-09-17T16:04:00Z,NASDAQ:TER
9.851962436335729,-1.8324258041605503,-8.173341855710602,-3.590763154713131,376.329,49.04146601193556,5.185402315696907,358.84,687384,1789661221,2026-09-17T16:07:01Z,NASDAQ:TER
9.851962436335729,-1.878140089874762,-7.931931035109087,-3.54777609113257,376.329,49.082351157072566,5.2323025062289386,359.0,694838,1789661402,2026-09-17T16:10:02Z,NASDAQ:TER
9.851962436335729,-1.9124258041604776,-7.750806007432827,-3.515535793447154,376.329,49.112971987820295,5.267477649127958,359.12,700120,1789661582,2026-09-17T16:13:02Z,NASDAQ:TER
9.851962436335729,-2.0152829470176243,-7.207086513568872,-3.4188149003909047,376.329,49.2046139011359,5.373003077825016,359.48,710182,1789661761,2026-09-17T16:16:01Z,NASDAQ:TER
9.834964215502003,-1.7644543755890254,-5.679797008104866,-3.26030010343762,376.329,49.35409315568439,5.545947530411848,360.07,720315,1789661942,2026-09-17T16:19:02Z,NASDAQ:TER
9.833347210081795,-1.6601686613033737,-5.96001939761944,-3.320750661597764,376.329,49.29719225068766,5.479994137476198,359.845,729363,1789662122,2026-09-17T16:22:02Z,NASDAQ:TER
9.833347210081795,-1.5901686613033237,-6.330913845000715,-3.386574602705488,376.329,49.23508789982076,5.408178220724035,359.6,738016,1789662302,2026-09-17T16:25:02Z,NASDAQ:TER
9.833347210081795,-1.5730258041604657,-6.421708530814798,-3.4026947515481965,376.329,49.21985547246468,5.390590649274526,359.54,746113,1789662483,2026-09-17T16:28:03Z,NASDAQ:TER
9.833347210081795,-1.6330258041605248,-6.103864125602595,-3.346274230598725,376.329,49.273129017290685,5.452147149347801,359.75,749863,1789662662,2026-09-17T16:31:02Z,NASDAQ:TER
9.833347210081795,-1.5844543755890754,-6.361180340036423,-3.391947985653068,376.329,49.23001143952436,5.402315696907521,359.58,759373,1789662842,2026-09-17T16:34:02Z,NASDAQ:TER
9.833347210081795,-1.5901686613033237,-6.330913845000715,-3.386574602705488,376.329,49.23508789982076,5.408178220724035,359.6,763599,1789663021,2026-09-17T16:37:01Z,NASDAQ:TER
9.833347210081795,-1.6958829470175942,-5.770694965351601,-3.2871670181754564,376.329,49.32881963952446,5.516634911329342,359.97,771595,1789663203,2026-09-17T16:40:03Z,NASDAQ:TER
9.833347210081795,-1.6501686613033826,-6.013019026902993,-3.330154081756017,376.329,49.288329505459146,5.469734720797312,359.81,778723,1789663382,2026-09-17T16:43:02Z,NASDAQ:TER
9.833347210081795,-1.6530258041605066,-5.997876776104463,-3.3274673902822345,376.329,49.29086203452689,5.47266598270556,359.82,782915,1789663560,2026-09-17T16:46:00Z,NASDAQ:TER
9.833347210081795,-1.553025804160484,-6.527617469592172,-3.4215015918646867,376.329,49.202072749672254,5.370071815916767,359.47,793548,1789663741,2026-09-17T16:49:01Z,NASDAQ:TER
9.833347210081795,-1.3358829470175806,-7.676226198746348,-3.6256901438723297,376.329,49.00819845355061,5.147295910889639,358.71,804834,1789663918,2026-09-17T16:51:58Z,NASDAQ:TER
9.833347210081795,-1.3515972327319332,-7.593180555609958,-3.610913340766513,376.329,49.02227848938004,5.163417851385025,358.765,812749,1789664101,2026-09-17T16:55:01Z,NASDAQ:TER
9.833347210081795,-1.3273115184462083,-7.721518740272341,-3.633750218293677,376.329,49.00051515526461,5.138502125164893,358.68,816425,1789664279,2026-09-17T16:57:59Z,NASDAQ:TER
9.833347210081795,-1.3215972327319605,-7.751711775290125,-3.639123601241241,376.329,48.995391669947686,5.132639601348394,358.66,824459,1789664457,2026-09-17T17:00:57Z,NASDAQ:TER
9.833347210081795,-1.355882947017676,-7.570529650980115,-3.60688330355584,376.329,49.02611714975893,5.167814744247398,358.78,832670,1789664641,2026-09-17T17:04:01Z,NASDAQ:TER
9.833347210081795,-1.364454375589048,-7.525225150537384,-3.598823229134477,376.329,49.03379273645397,5.17660852997216,358.81,837193,1789664825,2026-09-17T17:07:05Z,NASDAQ:TER
9.833347210081795,-1.048740089874741,-9.1915762342017,-3.8957026369876817,376.329,48.74954131522754,4.83365088670673,357.64,850614,1789665001,2026-09-17T17:10:01Z,NASDAQ:TER
9.833347210081795,-0.5829400898747963,-11.641239404547056,-4.33371394795878,376.329,48.324323205467934,4.374820460208129,356.0747,864926,1789665183,2026-09-17T17:13:03Z,NASDAQ:TER
9.833347210081795,-0.6287400898747819,-11.400840976419245,-4.290646283634011,376.329,48.366445499274576,4.421808588597402,356.235,878743,1789665357,2026-09-17T17:15:57Z,NASDAQ:TER
9.833347210081795,-0.6015972327319332,-11.543322651249072,-4.316169852634972,376.329,48.34149048663548,4.393961600469005,356.14,903598,1789665540,2026-09-17T17:19:00Z,NASDAQ:TER
9.833347210081795,-0.5501686613033598,-11.813190290544348,-4.364530299163097,376.329,48.29414109237643,4.341198886120476,355.96,913625,1789665719,2026-09-17T17:21:59Z,NASDAQ:TER
9.833347210081795,-0.5801686613033326,-11.655783031012142,-4.336320038688354,376.329,48.32177211526827,4.371977136157122,356.065,921837,1789665899,2026-09-17T17:24:59Z,NASDAQ:TER
9.833347210081795,-0.5373115184462449,-11.880637237092078,-4.376620410795117,376.329,48.28229017828895,4.328008207533356,355.915,938264,1789666081,2026-09-17T17:28:01Z,NASDAQ:TER
9.833347210081795,-0.4701686613033189,-12.232730521981624,-4.439757660429058,376.329,48.22031370544008,4.2591235526894415,355.68,943301,1789666259,2026-09-17T17:30:59Z,NASDAQ:TER
9.833347210081795,-0.4244543755891072,-12.472329146670708,-4.482744724009619,376.329,48.17803189309329,4.2122233621574106,355.52,959411,1789666439,2026-09-17T17:33:59Z,NASDAQ:TER
9.833347210081795,-0.3987400898747637,-12.607059090935875,-4.506924947273674,376.329,48.15421801448108,4.185842004983154,355.43,968602,1789666619,2026-09-17T17:36:59Z,NASDAQ:TER
9.833347210081795,-0.4844543755890527,-12.157835278625113,-4.426324203060132,376.329,48.23351262585552,4.273779862230702,355.73,980932,1789666796,2026-09-17T17:39:56Z,NASDAQ:TER
9.833347210081795,-0.5901686613033235,-11.60330428186306,-4.326916618530101,376.329,48.33097589486572,4.38223655283601,356.1,991413,1789666982,2026-09-17T17:43:02Z,NASDAQ:TER
9.833347210081795,-0.5073115184461585,-12.037982405192274,-4.40483067126986,376.329,48.254616908007,4.29722995749671,355.81,996288,1789667166,2026-09-17T17:46:06Z,NASDAQ:TER
9.833347210081795,-0.5215972327318923,-11.963061553727714,-4.391397213900934,376.329,48.26779834829969,4.311886267037971,355.86,1001109,1789667344,2026-09-17T17:49:04Z,NASDAQ:TER
9.833347210081795,-0.6715972327318696,-11.17579738055112,-4.250345911527248,376.329,48.40579909926206,4.465777517221168,356.385,1007957,1789667520,2026-09-17T17:52:00Z,NASDAQ:TER
9.833347210081795,-0.5773115184462085,-11.670776071844156,-4.339006730162136,376.329,48.3191418616716,4.369045874248873,356.055,1014076,1789667699,2026-09-17T17:54:59Z,NASDAQ:TER
9.833347210081795,-0.6287400898747819,-11.400840976419245,-4.290646283634011,376.329,48.366445499274576,4.421808588597402,356.235,1022500,1789667882,2026-09-17T17:58:02Z,NASDAQ:TER
9.833347210081795,-0.7215972327319378,-10.91313420730706,-4.203328810736014,376.329,48.45163588133159,4.517074600615572,356.56,1028025,1789668064,2026-09-17T18:01:04Z,NASDAQ:TER
9.833347210081795,-0.713025804160452,-10.958170773169398,-4.211388885157376,376.329,48.44378393230642,4.50828081489081,356.53,1034576,1789668238,2026-09-17T18:03:58Z,NASDAQ:TER
9.833347210081795,-0.7187400898748137,-10.928146791108167,-4.206015502209796,376.329,48.44901883074609,4.481899457716553,356.44,1038682,1789668419,2026-09-17T18:06:59Z,NASDAQ:TER
9.833347210081795,-0.70445437558908,-11.003203782642274,-4.219448959578723,376.329,48.43592959086795,4.499487029166064,356.5,1044933,1789668599,2026-09-17T18:09:59Z,NASDAQ:TER
9.833347210081795,-0.5587400898747319,-11.768221224104543,-4.356470224741735,376.329,48.30203868490526,4.349992671845239,355.99,1055074,1789668780,2026-09-17T18:13:00Z,NASDAQ:TER
9.833347210081795,-0.6444543755890209,-11.318335305440534,-4.275869480528194,376.329,48.38088212128096,4.437930529092787,356.29,1060970,1789668963,2026-09-17T18:16:03Z,NASDAQ:TER
9.833347210081795,-0.5101686613033962,-12.022999023027769,-4.402143979796078,376.329,48.25725373342218,4.300161219404959,355.82,1066993,1789669136,2026-09-17T18:18:56Z,NASDAQ:TER
9.833347210081795,-0.3887400898747728,-12.659445462074148,-4.516328367431926,376.329,48.144951149924296,4.175582588304266,355.395,1077776,1789669323,2026-09-17T18:22:03Z,NASDAQ:TER
9.833347210081795,-0.4387400898747273,-12.397465402965992,-4.469311266640693,376.329,48.19125237528037,4.226879671698671,355.57,1090956,1789669504,2026-09-17T18:25:04Z,NASDAQ:TER
9.833347210081795,-0.4930258041605384,-12.1128934058306,-4.4182641286387865,376.329,48.24142874870194,4.282573647955449,355.76,1098056,1789669679,2026-09-17T18:27:59Z,NASDAQ:TER
9.833347210081795,-0.4387400898747273,-12.397465402965992,-4.469311266640693,376.329,48.19125237528037,4.226879671698671,355.57,1101717,1789669858,2026-09-17T18:30:58Z,NASDAQ:TER
9.833347210081795,-0.3330258041604566,-12.95122418811274,-4.568718851170725,376.329,48.09326077281063,4.118422981093365,355.2,1109431,1789670046,2026-09-17T18:34:06Z,NASDAQ:TER
9.833347210081795,-0.2501686613034053,-13.38487512072406,-4.646632903910469,376.329,48.01619703186788,4.033416385754082,354.91,1115871,1789670220,2026-09-17T18:37:00Z,NASDAQ:TER
9.833347210081795,-0.2415972327319195,-13.429716708993894,-4.654692978331831,376.329,48.00821185847446,4.024622600029319,354.88,1123112,1789670399,2026-09-17T18:39:59Z,NASDAQ:TER
9.833347210081795,-0.2615972327319014,-13.32508083936851,-4.63588613801534,376.329,48.026840115024406,4.0451414333870765,354.95,1127100,1789670580,2026-09-17T18:43:00Z,NASDAQ:TER
9.833347210081795,-0.5215972327318923,-11.963061553727714,-4.391397213900934,376.329,48.26779834829969,4.311886267037971,355.86,1133272,1789670760,2026-09-17T18:46:00Z,NASDAQ:TER
9.833347210081795,-0.5473115184462358,-11.82817919080445,-4.367216990636879,376.329,48.29150802529792,4.338267624212227,355.95,1143188,1789670938,2026-09-17T18:48:58Z,NASDAQ:TER
9.833347210081795,-0.4644543755890709,-12.262685862398287,-4.445131043376623,376.329,48.21503225249487,4.253261028872944,355.66,1153206,1789671119,2026-09-17T18:51:59Z,NASDAQ:TER
9.833347210081795,-0.368740089874791,-12.764203747979716,-4.535135207748417,376.329,48.12640747915477,4.155063754946508,355.325,1158814,1789671301,2026-09-17T18:55:01Z,NASDAQ:TER
9.833347210081795,-0.2473115184461676,-13.39982270943081,-4.649319595384266,376.329,48.01353557995182,4.030485123845816,354.9,1161910,1789671480,2026-09-17T18:58:00Z,NASDAQ:TER
9.833347210081795,-0.3001686613033598,-13.123228746396023,-4.59961580311925,376.329,48.06272836788455,4.084713469148469,355.085,1169505,1789671663,2026-09-17T19:01:03Z,NASDAQ:TER
9.833347210081795,-0.1330258041605247,-13.997404472502014,-4.756787254335644,376.329,47.906853577911065,3.913234647515763,354.5,1174362,1789671839,2026-09-17T19:03:59Z,NASDAQ:TER
9.833347210081795,0.2241170529823648,-15.86080944451464,-5.09262368855872,376.329,47.57063204883378,3.546826908984325,353.25,1185356,1789672023,2026-09-17T19:07:03Z,NASDAQ:TER
9.833347210081795,0.4126884815538005,-16.84222668615498,-5.269945325828511,376.329,47.39135033028641,3.353363623039718,352.59,1199193,1789672202,2026-09-17T19:10:02Z,NASDAQ:TER
9.833347210081795,0.292688481553796,-16.217884810399507,-5.157104283929553,376.329,47.50558025190289,3.4764766231862856,353.01,1210664,1789672379,2026-09-17T19:12:59Z,NASDAQ:TER
9.833347210081795,0.3326884815537596,-16.426075096666725,-5.194717964562535,376.329,47.46755876885889,3.435438956470769,352.87,1217509,1789672558,2026-09-17T19:15:58Z,NASDAQ:TER
9.833347210081795,0.5084027672680804,-17.33972157582774,-5.35994949020029,376.329,47.29988134760899,3.255166349113299,352.255,1223482,1789672738,2026-09-17T19:18:58Z,NASDAQ:TER
9.833347210081795,0.6084027672681032,-17.859026580560055,-5.453983691782757,376.329,47.20397637049387,3.152572182324489,351.905,1235203,1789672917,2026-09-17T19:21:57Z,NASDAQ:TER
9.833347210081795,0.5826884815537596,-17.72553643299269,-5.429803468518688,376.329,47.22867097356839,3.1789535394987625,351.995,1250019,1789673101,2026-09-17T19:25:01Z,NASDAQ:TER
9.833347210081795,0.3755456244109609,-16.649051402886073,-5.235018336669297,376.329,47.42676029886116,3.391470027847003,352.72,1264976,1789673276,2026-09-17T19:27:56Z,NASDAQ:TER
9.833347210081795,0.4069741958395525,-16.81251169241752,-5.264571942880932,376.329,47.39680112215692,3.359226146856233,352.61,1286122,1789673460,2026-09-17T19:31:00Z,NASDAQ:TER
9.833347210081795,0.5841170529823785,-17.732953377044513,-5.4311468142555785,376.329,47.2272996572388,3.177487908544638,351.99,1294512,1789673638,2026-09-17T19:33:58Z,NASDAQ:TER
9.833347210081795,0.6898313386966493,-18.28153808316121,-5.530554398785611,376.329,47.12562409332486,3.069031217939331,351.62,1311815,1789673823,2026-09-17T19:37:03Z,NASDAQ:TER
9.833347210081795,0.7055456244108882,-18.36303913998212,-5.545331201891427,376.329,47.11047670042155,3.0529092774439457,351.565,1328933,1789674001,2026-09-17T19:40:01Z,NASDAQ:TER
9.833347210081795,0.7855456244109291,-18.77777192337462,-5.620558563157389,376.329,47.03322794613235,2.970833944012912,351.285,1345645,1789674179,2026-09-17T19:42:59Z,NASDAQ:TER
9.833347210081795,0.7826884815538051,-18.762965265848205,-5.617871871683607,376.329,47.03599071563762,2.9737652059211603,351.295,1356700,1789674357,2026-09-17T19:45:57Z,NASDAQ:TER
9.833347210081795,0.5812599101252545,-17.718119391901137,-5.428460122781797,376.329,47.2300422186316,3.180419170452887,352.0,1376848,1789674542,2026-09-17T19:49:02Z,NASDAQ:TER
9.833347210081795,0.2698313386966902,-16.09888464051017,-5.13561075213928,376.329,47.527282113040286,3.499926718452293,353.09,1394235,1789674721,2026-09-17T19:52:01Z,NASDAQ:TER
9.833347210081795,0.1812599101252772,-15.637523255730386,-5.052323316451957,376.329,47.6112076126293,3.5907958376080904,353.4,1411116,1789674900,2026-09-17T19:55:00Z,NASDAQ:TER
9.833347210081795,0.204117052982383,-15.756620148486434,-5.07381684824223,376.329,47.58957513072398,3.567345742342084,353.32,1435942,1789675078,2026-09-17T19:57:58Z,NASDAQ:TER
9.833347210081795,0.1541170529823148,-15.49606325036998,-5.026799747450996,376.329,47.63687300219889,3.618642825736488,353.495,1464783,1789675260,2026-09-17T20:01:00Z,NASDAQ:TER
9.833347210081795,0.0769741958395116,-15.093826583010689,-4.954259077658817,376.329,47.70967963307508,3.697786897259273,353.765,1487052,1789675441,2026-09-17T20:04:01Z,NASDAQ:TER
9.833347210081795,0.121259910125218,-15.32477504239074,-4.995902795502471,376.329,47.66790800609814,3.6523523376813833,353.61,1524646,1789675618,2026-09-17T20:06:58Z,NASDAQ:TER
9.833347210081795,0.0555456244109109,-14.982043619349549,-4.934108891605435,376.329,47.729867780094295,3.719771361571156,353.84,1562679,1789675798,2026-09-17T20:09:58Z,NASDAQ:TER
9.833347210081795,0.1026884815537414,-15.22793711777337,-4.978439300922871,376.329,47.68543326246861,3.6714055400850167,353.675,1642503,1789675981,2026-09-17T20:13:01Z,NASDAQ:TER
9.833347210081795,0.2584027672680804,-16.039375200009793,-5.1248639862441365,376.329,47.53812631613044,3.511651766085305,353.13,2554244,1789676158,2026-09-17T20:15:58Z,NASDAQ:TER
9.833347210081795,0.2584027672680804,-16.039375200009793,-5.1248639862441365,376.329,47.53812631613044,3.511651766085305,353.13,2558232,1789676339,2026-09-17T20:18:59Z,NASDAQ:TER
9.833347210081795,0.2584027672680804,-16.039375200009793,-5.1248639862441365,376.329,47.53812631613044,3.511651766085305,353.13,2561762,1789676517,2026-09-17T20:21:57Z,NASDAQ:TER
9.833347210081795,0.2584027672680804,-16.039375200009793,-5.1248639862441365,376.329,47.53812631613044,3.511651766085305,353.13,2561907,1789676701,2026-09-17T20:25:01Z,NASDAQ:TER
9.833347210081795,0.2584027672680804,-16.039375200009793,-5.1248639862441365,376.329,47.53812631613044,3.511651766085305,353.13,2562188,1789676879,2026-09-17T20:27:59Z,NASDAQ:TER
9.833347210081795,0.2584027672680804,-16.039375200009793,-5.1248639862441365,376.329,47.53812631613044,3.511651766085305,353.13,2569265,1789677060,2026-09-17T20:31:00Z,NASDAQ:TER
9.833347210081795,0.2584027672680804,-16.039375200009793,-5.1248639862441365,376.329,47.53812631613044,3.511651766085305,353.13,2569305,1789677243,2026-09-17T20:34:03Z,NASDAQ:TER
9.833347210081795,0.2584027672680804,-16.039375200009793,-5.1248639862441365,376.329,47.53812631613044,3.511651766085305,353.13,2569476,1789677418,2026-09-17T20:36:58Z,NASDAQ:TER
9.833347210081795,0.2584027672680804,-16.039375200009793,-5.1248639862441365,376.329,47.53812631613044,3.511651766085305,353.13,2569479,1789677602,2026-09-17T20:40:02Z,NASDAQ:TER
9.833347210081795,0.2584027672680804,-16.039375200009793,-5.1248639862441365,376.329,47.53812631613044,3.511651766085305,353.13,2569479,1789677777,2026-09-17T20:42:57Z,NASDAQ:TER
9.833347210081795,0.2584027672680804,-16.039375200009793,-5.1248639862441365,376.329,47.53812631613044,3.511651766085305,353.13,2569487,1789677963,2026-09-17T20:46:03Z,NASDAQ:TER
9.833347210081795,0.2584027672680804,-16.039375200009793,-5.1248639862441365,376.329,47.53812631613044,3.511651766085305,353.13,2569522,1789678142,2026-09-17T20:49:02Z,NASDAQ:TER
9.833347210081795,0.2584027672680804,-16.039375200009793,-5.1248639862441365,376.329,47.53812631613044,3.511651766085305,353.13,2569572,1789678321,2026-09-17T20:52:01Z,NASDAQ:TER
9.833347210081795,0.2584027672680804,-16.039375200009793,-5.1248639862441365,376.329,47.53812631613044,3.511651766085305,353.13,2569573,1789678497,2026-09-17T20:54:57Z,NASDAQ:TER
9.833347210081795,0.2584027672680804,-16.039375200009793,-5.1248639862441365,376.329,47.53812631613044,3.511651766085305,353.13,2569671,1789678684,2026-09-17T20:58:04Z,NASDAQ:TER
9.833347210081795,0.2584027672680804,-16.039375200009793,-5.1248639862441365,376.329,47.53812631613044,3.511651766085305,353.13,2569700,1789678859,2026-09-17T21:00:59Z,NASDAQ:TER
9.833347210081795,0.2584027672680804,-16.039375200009793,-5.1248639862441365,376.329,47.53812631613044,3.511651766085305,353.13,2578095,1789679037,2026-09-17T21:03:57Z,NASDAQ:TER
9.833347210081795,0.2584027672680804,-16.039375200009793,-5.1248639862441365,376.329,47.53812631613044,3.511651766085305,353.13,2578113,1789679220,2026-09-17T21:07:00Z,NASDAQ:TER
9.833347210081795,0.2584027672680804,-16.039375200009793,-5.1248639862441365,376.329,47.53812631613044,3.511651766085305,353.13,2578133,1789679399,2026-09-17T21:09:59Z,NASDAQ:TER
9.833347210081795,0.2584027672680804,-16.039375200009793,-5.1248639862441365,376.329,47.53812631613044,3.511651766085305,353.13,2578140,1789679582,2026-09-17T21:13:02Z,NASDAQ:TER
9.833347210081795,0.2584027672680804,-16.039375200009793,-5.1248639862441365,376.329,47.53812631613044,3.511651766085305,353.13,2578381,1789679759,2026-09-17T21:15:59Z,NASDAQ:TER
9.833347210081795,0.2584027672680804,-16.039375200009793,-5.1248639862441365,376.329,47.53812631613044,3.511651766085305,353.13,2578594,1789679942,2026-09-17T21:19:02Z,NASDAQ:TER
9.833347210081795,0.2584027672680804,-16.039375200009793,-5.1248639862441365,376.329,47.53812631613044,3.511651766085305,353.13,2578597,1789680121,2026-09-17T21:22:01Z,NASDAQ:TER
9.833347210081795,0.2584027672680804,-16.039375200009793,-5.1248639862441365,376.329,47.53812631613044,3.511651766085305,353.13,2578609,1789680302,2026-09-17T21:25:02Z,NASDAQ:TER
9.833347210081795,0.2584027672680804,-16.039375200009793,-5.1248639862441365,376.329,47.53812631613044,3.511651766085305,353.13,2578610,1789680478,2026-09-17T21:27:58Z,NASDAQ:TER
9.833347210081795,0.2584027672680804,-16.039375200009793,-5.1248639862441365,376.329,47.53812631613044,3.511651766085305,353.13,2578623,1789680660,2026-09-17T21:31:00Z,NASDAQ:TER
9.833347210081795,0.2584027672680804,-16.039375200009793,-5.1248639862441365,376.329,47.53812631613044,3.511651766085305,353.13,2578628,1789680839,2026-09-17T21:33:59Z,NASDAQ:TER
9.833347210081795,0.2584027672680804,-16.039375200009793,-5.1248639862441365,376.329,47.53812631613044,3.511651766085305,353.13,2578629,1789681022,2026-09-17T21:37:02Z,NASDAQ:TER
9.833347210081795,0.2584027672680804,-16.039375200009793,-5.1248639862441365,376.329,47.53812631613044,3.511651766085305,353.13,2578629,1789681202,2026-09-17T21:40:02Z,NASDAQ:TER
9.833347210081795,0.2584027672680804,-16.039375200009793,-5.1248639862441365,376.329,47.53812631613044,3.511651766085305,353.13,2578921,1789681381,2026-09-17T21:43:01Z,NASDAQ:TER
9.833347210081795,0.2584027672680804,-16.039375200009793,-5.1248639862441365,376.329,47.53812631613044,3.511651766085305,353.13,2578921,1789681563,2026-09-17T21:46:03Z,NASDAQ:TER
9.833347210081795,0.2584027672680804,-16.039375200009793,-5.1248639862441365,376.329,47.53812631613044,3.511651766085305,353.13,2579165,1789681745,2026-09-17T21:49:05Z,NASDAQ:TER
9.833347210081795,0.2584027672680804,-16.039375200009793,-5.1248639862441365,376.329,47.53812631613044,3.511651766085305,353.13,2579170,1789681924,2026-09-17T21:52:04Z,NASDAQ:TER
9.833347210081795,0.2584027672680804,-16.039375200009793,-5.1248639862441365,376.329,47.53812631613044,3.511651766085305,353.13,2579170,1789682101,2026-09-17T21:55:01Z,NASDAQ:TER
9.833347210081795,0.2584027672680804,-16.039375200009793,-5.1248639862441365,376.329,47.53812631613044,3.511651766085305,353.13,2579172,1789682280,2026-09-17T21:58:00Z,NASDAQ:TER
9.833347210081795,0.2584027672680804,-16.039375200009793,-5.1248639862441365,376.329,47.53812631613044,3.511651766085305,353.13,2597372,1789682462,2026-09-17T22:01:02Z,NASDAQ:TER
9.833347210081795,0.2584027672680804,-16.039375200009793,-5.1248639862441365,376.329,47.53812631613044,3.511651766085305,353.13,2597434,1789682645,2026-09-17T22:04:05Z,NASDAQ:TER
9.833347210081795,0.2584027672680804,-16.039375200009793,-5.1248639862441365,376.329,47.53812631613044,3.511651766085305,353.13,2597453,1789682822,2026-09-17T22:07:02Z,NASDAQ:TER
9.833347210081795,0.2584027672680804,-16.039375200009793,-5.1248639862441365,376.329,47.53812631613044,3.511651766085305,353.13,2597459,1789683005,2026-09-17T22:10:05Z,NASDAQ:TER
9.833347210081795,0.2584027672680804,-16.039375200009793,-5.1248639862441365,376.329,47.53812631613044,3.511651766085305,353.13,2597487,1789683181,2026-09-17T22:13:01Z,NASDAQ:TER
9.833347210081795,0.2584027672680804,-16.039375200009793,-5.1248639862441365,376.329,47.53812631613044,3.511651766085305,353.13,2597510,1789683366,2026-09-17T22:16:06Z,NASDAQ:TER
9.833347210081795,0.2584027672680804,-16.039375200009793,-5.1248639862441365,376.329,47.53812631613044,3.511651766085305,353.13,2597531,1789683543,2026-09-17T22:19:03Z,NASDAQ:TER
9.833347210081795,0.2584027672680804,-16.039375200009793,-5.1248639862441365,376.329,47.53812631613044,3.511651766085305,353.13,2597534,1789683720,2026-09-17T22:22:00Z,NASDAQ:TER
9.833347210081795,0.2584027672680804,-16.039375200009793,-5.1248639862441365,376.329,47.53812631613044,3.511651766085305,353.13,2597741,1789683903,2026-09-17T22:25:03Z,NASDAQ:TER
9.833347210081795,0.2584027672680804,-16.039375200009793,-5.1248639862441365,376.329,47.53812631613044,3.511651766085305,353.13,2597748,1789684077,2026-09-17T22:27:57Z,NASDAQ:TER
9.833347210081795,0.2584027672680804,-16.039375200009793,-5.1248639862441365,376.329,47.53812631613044,3.511651766085305,353.13,2597757,1789684262,2026-09-17T22:31:02Z,NASDAQ:TER
9.833347210081795,0.2584027672680804,-16.039375200009793,-5.1248639862441365,376.329,47.53812631613044,3.511651766085305,353.13,2597765,1789684443,2026-09-17T22:34:03Z,NASDAQ:TER
9.833347210081795,0.2584027672680804,-16.039375200009793,-5.1248639862441365,376.329,47.53812631613044,3.511651766085305,353.13,2597952,1789684624,2026-09-17T22:37:04Z,NASDAQ:TER
9.833347210081795,0.2584027672680804,-16.039375200009793,-5.1248639862441365,376.329,47.53812631613044,3.511651766085305,353.13,2597960,1789684804,2026-09-17T22:40:04Z,NASDAQ:TER
9.833347210081795,0.2584027672680804,-16.039375200009793,-5.1248639862441365,376.329,47.53812631613044,3.511651766085305,353.13,2597964,1789684985,2026-09-17T22:43:05Z,NASDAQ:TER
9.833347210081795,0.2584027672680804,-16.039375200009793,-5.1248639862441365,376.329,47.53812631613044,3.511651766085305,353.13,2597967,1789685162,2026-09-17T22:46:02Z,NASDAQ:TER
9.833347210081795,0.2584027672680804,-16.039375200009793,-5.1248639862441365,376.329,47.53812631613044,3.511651766085305,353.13,2597974,1789685343,2026-09-17T22:49:03Z,NASDAQ:TER
9.833347210081795,0.2584027672680804,-16.039375200009793,-5.1248639862441365,376.329,47.53812631613044,3.511651766085305,353.13,2598013,1789685521,2026-09-17T22:52:01Z,NASDAQ:TER
9.833347210081795,0.2584027672680804,-16.039375200009793,-5.1248639862441365,376.329,47.53812631613044,3.511651766085305,353.13,2598021,1789685699,2026-09-17T22:54:59Z,NASDAQ:TER
9.833347210081795,0.2584027672680804,-16.039375200009793,-5.1248639862441365,376.329,47.53812631613044,3.511651766085305,353.13,2598021,1789685884,2026-09-17T22:58:04Z,NASDAQ:TER
9.833347210081795,0.2584027672680804,-16.039375200009793,-5.1248639862441365,376.329,47.53812631613044,3.511651766085305,353.13,2598061,1789686063,2026-09-17T23:01:03Z,NASDAQ:TER
9.833347210081795,0.2584027672680804,-16.039375200009793,-5.1248639862441365,376.329,47.53812631613044,3.511651766085305,353.13,2598062,1789686240,2026-09-17T23:04:00Z,NASDAQ:TER
9.833347210081795,0.2584027672680804,-16.039375200009793,-5.1248639862441365,376.329,47.53812631613044,3.511651766085305,353.13,2598062,1789686424,2026-09-17T23:07:04Z,NASDAQ:TER
9.833347210081795,0.2584027672680804,-16.039375200009793,-5.1248639862441365,376.329,47.53812631613044,3.511651766085305,353.13,2598062,1789686600,2026-09-17T23:10:00Z,NASDAQ:TER
9.833347210081795,0.2584027672680804,-16.039375200009793,-5.1248639862441365,376.329,47.53812631613044,3.511651766085305,353.13,2598062,1789686776,2026-09-17T23:12:56Z,NASDAQ:TER
9.833347210081795,0.2584027672680804,-16.039375200009793,-5.1248639862441365,376.329,47.53812631613044,3.511651766085305,353.13,2598175,1789686961,2026-09-17T23:16:01Z,NASDAQ:TER
9.833347210081795,0.2584027672680804,-16.039375200009793,-5.1248639862441365,376.329,47.53812631613044,3.511651766085305,353.13,2598228,1789687142,2026-09-17T23:19:02Z,NASDAQ:TER
9.833347210081795,0.2584027672680804,-16.039375200009793,-5.1248639862441365,376.329,47.53812631613044,3.511651766085305,353.13,2598242,1789687320,2026-09-17T23:22:00Z,NASDAQ:TER
9.833347210081795,0.2584027672680804,-16.039375200009793,-5.1248639862441365,376.329,47.53812631613044,3.511651766085305,353.13,2598242,1789687502,2026-09-17T23:25:02Z,NASDAQ:TER
9.833347210081795,0.2584027672680804,-16.039375200009793,-5.1248639862441365,376.329,47.53812631613044,3.511651766085305,353.13,2598292,1789687685,2026-09-17T23:28:05Z,NASDAQ:TER
9.833347210081795,0.2584027672680804,-16.039375200009793,-5.1248639862441365,376.329,47.53812631613044,3.511651766085305,353.13,2598292,1789687859,2026-09-17T23:30:59Z,NASDAQ:TER
9.833347210081795,0.2584027672680804,-16.039375200009793,-5.1248639862441365,376.329,47.53812631613044,3.511651766085305,353.13,2598303,1789688041,2026-09-17T23:34:01Z,NASDAQ:TER
9.833347210081795,0.2584027672680804,-16.039375200009793,-5.1248639862441365,376.329,47.53812631613044,3.511651766085305,353.13,2598306,1789688216,2026-09-17T23:36:56Z,NASDAQ:TER
9.833347210081795,0.2584027672680804,-16.039375200009793,-5.1248639862441365,376.329,47.53812631613044,3.511651766085305,353.13,2598356,1789688401,2026-09-17T23:40:01Z,NASDAQ:TER
9.833347210081795,0.2584027672680804,-16.039375200009793,-5.1248639862441365,376.329,47.53812631613044,3.511651766085305,353.13,2598361,1789688579,2026-09-17T23:42:59Z,NASDAQ:TER
9.833347210081795,0.2584027672680804,-16.039375200009793,-5.1248639862441365,376.329,47.53812631613044,3.511651766085305,353.13,2598365,1789688761,2026-09-17T23:46:01Z,NASDAQ:TER
9.833347210081795,0.2584027672680804,-16.039375200009793,-5.1248639862441365,376.329,47.53812631613044,3.511651766085305,353.13,2598365,1789688943,2026-09-17T23:49:03Z,NASDAQ:TER
9.833347210081795,0.2584027672680804,-16.039375200009793,-5.1248639862441365,376.329,47.53812631613044,3.511651766085305,353.13,2598390,1789689124,2026-09-17T23:52:04Z,NASDAQ:TER
9.833347210081795,0.2584027672680804,-16.039375200009793,-5.1248639862441365,376.329,47.53812631613044,3.511651766085305,353.13,2598390,1789689304,2026-09-17T23:55:04Z,NASDAQ:TER
9.833347210081795,0.2584027672680804,-16.039375200009793,-5.1248639862441365,376.329,47.53812631613044,3.511651766085305,353.13,2598394,1789689483,2026-09-17T23:58:03Z,NASDAQ:TER
9.833347210081795,0.2584027672680804,-16.039375200009793,-5.1248639862441365,376.329,47.53812631613044,3.511651766085305,353.13,2598411,1789689666,2026-09-18T00:01:06Z,NASDAQ:TER
9.833347210081795,0.2584027672680804,-16.039375200009793,-5.1248639862441365,376.329,47.53812631613044,3.511651766085305,353.13,2598531,1789689837,2026-09-18T00:03:57Z,NASDAQ:TER
9.833347210081795,0.2584027672680804,-16.039375200009793,-5.1248639862441365,376.329,47.53812631613044,3.511651766085305,353.13,2598534,1789690024,2026-09-18T00:07:04Z,NASDAQ:TER
9.833347210081795,0.2584027672680804,-16.039375200009793,-5.1248639862441365,376.329,47.53812631613044,3.511651766085305,353.13,2598539,1789690202,2026-09-18T00:10:02Z,NASDAQ:TER
9.833347210081795,0.2584027672680804,-16.039375200009793,-5.1248639862441365,376.329,47.53812631613044,3.511651766085305,353.13,2598550,1789690383,2026-09-18T00:13:03Z,NASDAQ:TER
9.833347210081795,0.2584027672680804,-16.039375200009793,-5.1248639862441365,376.329,47.53812631613044,3.511651766085305,353.13,2598550,1789690563,2026-09-18T00:16:03Z,NASDAQ:TER
9.833347210081795,0.2584027672680804,-16.039375200009793,-5.1248639862441365,376.329,47.53812631613044,3.511651766085305,353.13,2598550,1789690744,2026-09-18T00:19:04Z,NASDAQ:TER
9.833347210081795,0.2584027672680804,-16.039375200009793,-5.1248639862441365,376.329,47.53812631613044,3.511651766085305,353.13,2598550,1789690921,2026-09-18T00:22:01Z,NASDAQ:TER
9.833347210081795,0.2584027672680804,-16.039375200009793,-5.1248639862441365,376.329,47.53812631613044,3.511651766085305,353.13,2598550,1789691102,2026-09-18T00:25:02Z,NASDAQ:TER
9.833347210081795,0.2584027672680804,-16.039375200009793,-5.1248639862441365,376.329,47.53812631613044,3.511651766085305,353.13,2598550,1789691281,2026-09-18T00:28:01Z,NASDAQ:TER
9.833347210081795,0.2584027672680804,-16.039375200009793,-5.1248639862441365,376.329,47.53812631613044,3.511651766085305,353.13,2598550,1789691468,2026-09-18T00:31:08Z,NASDAQ:TER
9.833347210081795,0.2584027672680804,-16.039375200009793,-5.1248639862441365,376.329,47.53812631613044,3.511651766085305,353.13,2598550,1789691646,2026-09-18T00:34:06Z,NASDAQ:TER
9.833347210081795,0.2584027672680804,-16.039375200009793,-5.1248639862441365,376.329,47.53812631613044,3.511651766085305,353.13,2598550,1789691822,2026-09-18T00:37:02Z,NASDAQ:TER
9.833347210081795,0.2584027672680804,-16.039375200009793,-5.1248639862441365,376.329,47.53812631613044,3.511651766085305,353.13,2598550,1789692004,2026-09-18T00:40:04Z,NASDAQ:TER
9.833347210081795,0.2584027672680804,-16.039375200009793,-5.1248639862441365,376.329,47.53812631613044,3.511651766085305,353.13,2598550,1789692181,2026-09-18T00:43:01Z,NASDAQ:TER
9.833347210081795,0.2584027672680804,-16.039375200009793,-5.1248639862441365,376.329,47.53812631613044,3.511651766085305,353.13,2598550,1789692364,2026-09-18T00:46:04Z,NASDAQ:TER
9.833347210081795,0.2584027672680804,-16.039375200009793,-5.1248639862441365,376.329,47.53812631613044,3.511651766085305,353.13,2598550,1789692543,2026-09-18T00:49:03Z,NASDAQ:TER
9.833347210081795,0.2584027672680804,-16.039375200009793,-5.1248639862441365,376.329,47.53812631613044,3.511651766085305,353.13,2598550,1789692723,2026-09-18T00:52:03Z,NASDAQ:TER
9.833347210081795,0.2584027672680804,-16.039375200009793,-5.1248639862441365,376.329,47.53812631613044,3.511651766085305,353.13,2598550,1789692907,2026-09-18T00:55:07Z,NASDAQ:TER
9.833347210081795,0.2584027672680804,-16.039375200009793,-5.1248639862441365,376.329,47.53812631613044,3.511651766085305,353.13,2598550,1789693084,2026-09-18T00:58:04Z,NASDAQ:TER
9.833347210081795,0.2584027672680804,-16.039375200009793,-5.1248639862441365,376.329,47.53812631613044,3.511651766085305,353.13,2598550,1789693260,2026-09-18T01:01:00Z,NASDAQ:TER
9.833347210081795,0.2584027672680804,-16.039375200009793,-5.1248639862441365,376.329,47.53812631613044,3.511651766085305,353.13,2598550,1789693443,2026-09-18T01:04:03Z,NASDAQ:TER
9.833347210081795,0.2584027672680804,-16.039375200009793,-5.1248639862441365,376.329,47.53812631613044,3.511651766085305,353.13,2598550,1789693619,2026-09-18T01:06:59Z,NASDAQ:TER
9.833347210081795,0.2584027672680804,-16.039375200009793,-5.1248639862441365,376.329,47.53812631613044,3.511651766085305,353.13,2598550,1789693808,2026-09-18T01:10:08Z,NASDAQ:TER
9.833347210081795,0.2584027672680804,-16.039375200009793,-5.1248639862441365,376.329,47.53812631613044,3.511651766085305,353.13,2598550,1789693980,2026-09-18T01:13:00Z,NASDAQ:TER
9.833347210081795,0.2584027672680804,-16.039375200009793,-5.1248639862441365,376.329,47.53812631613044,3.511651766085305,353.13,2598550,1789694159,2026-09-18T01:15:59Z,NASDAQ:TER
9.833347210081795,0.2584027672680804,-16.039375200009793,-5.1248639862441365,376.329,47.53812631613044,3.511651766085305,353.13,2598550,1789694340,2026-09-18T01:19:00Z,NASDAQ:TER
9.833347210081795,0.2584027672680804,-16.039375200009793,-5.1248639862441365,376.329,47.53812631613044,3.511651766085305,353.13,2598550,1789694521,2026-09-18T01:22:01Z,NASDAQ:TER
9.833347210081795,0.2584027672680804,-16.039375200009793,-5.1248639862441365,376.329,47.53812631613044,3.511651766085305,353.13,2598550,1789694701,2026-09-18T01:25:01Z,NASDAQ:TER
9.833347210081795,0.2584027672680804,-16.039375200009793,-5.1248639862441365,376.329,47.53812631613044,3.511651766085305,353.13,2598550,1789694881,2026-09-18T01:28:01Z,NASDAQ:TER
9.833347210081795,0.2584027672680804,-16.039375200009793,-5.1248639862441365,376.329,47.53812631613044,3.511651766085305,353.13,2598550,1789695059,2026-09-18T01:30:59Z,NASDAQ:TER
9.833347210081795,0.2584027672680804,-16.039375200009793,-5.1248639862441365,376.329,47.53812631613044,3.511651766085305,353.13,2598550,1789695246,2026-09-18T01:34:06Z,NASDAQ:TER
9.833347210081795,0.2584027672680804,-16.039375200009793,-5.1248639862441365,376.329,47.53812631613044,3.511651766085305,353.13,2598550,1789695434,2026-09-18T01:37:14Z,NASDAQ:TER
9.833347210081795,0.2584027672680804,-16.039375200009793,-5.1248639862441365,376.329,47.53812631613044,3.511651766085305,353.13,2598550,1789695605,2026-09-18T01:40:05Z,NASDAQ:TER
9.833347210081795,0.2584027672680804,-16.039375200009793,-5.1248639862441365,376.329,47.53812631613044,3.511651766085305,353.13,2598550,1789695788,2026-09-18T01:43:08Z,NASDAQ:TER
9.833347210081795,0.2584027672680804,-16.039375200009793,-5.1248639862441365,376.329,47.53812631613044,3.511651766085305,353.13,2598550,1789695965,2026-09-18T01:46:05Z,NASDAQ:TER
9.833347210081795,0.2584027672680804,-16.039375200009793,-5.1248639862441365,376.329,47.53812631613044,3.511651766085305,353.13,2598550,1789696139,2026-09-18T01:48:59Z,NASDAQ:TER
9.833347210081795,0.2584027672680804,-16.039375200009793,-5.1248639862441365,376.329,47.53812631613044,3.511651766085305,353.13,2598550,1789696322,2026-09-18T01:52:02Z,NASDAQ:TER
9.833347210081795,0.2584027672680804,-16.039375200009793,-5.1248639862441365,376.329,47.53812631613044,3.511651766085305,353.13,2598550,1789696506,2026-09-18T01:55:06Z,NASDAQ:TER
9.833347210081795,0.2584027672680804,-16.039375200009793,-5.1248639862441365,376.329,47.53812631613044,3.511651766085305,353.13,2598550,1789696681,2026-09-18T01:58:01Z,NASDAQ:TER
9.833347210081795,0.2584027672680804,-16.039375200009793,-5.1248639862441365,376.329,47.53812631613044,3.511651766085305,353.13,2598550,1789696863,2026-09-18T02:01:03Z,NASDAQ:TER
9.833347210081795,0.2584027672680804,-16.039375200009793,-5.1248639862441365,376.329,47.53812631613044,3.511651766085305,353.13,2598550,1789697044,2026-09-18T02:04:04Z,NASDAQ:TER
9.833347210081795,0.2584027672680804,-16.039375200009793,-5.1248639862441365,376.329,47.53812631613044,3.511651766085305,353.13,2598550,1789697224,2026-09-18T02:07:04Z,NASDAQ:TER
9.833347210081795,0.2584027672680804,-16.039375200009793,-5.1248639862441365,376.329,47.53812631613044,3.511651766085305,353.13,2598550,1789697412,2026-09-18T02:10:12Z,NASDAQ:TER
9.833347210081795,0.2584027672680804,-16.039375200009793,-5.1248639862441365,376.329,47.53812631613044,3.511651766085305,353.13,2598550,1789697590,2026-09-18T02:13:10Z,NASDAQ:TER
9.833347210081795,0.2584027672680804,-16.039375200009793,-5.1248639862441365,376.329,47.53812631613044,3.511651766085305,353.13,2598550,1789697767,2026-09-18T02:16:07Z,NASDAQ:TER
9.833347210081795,0.2584027672680804,-16.039375200009793,-5.1248639862441365,376.329,47.53812631613044,3.511651766085305,353.13,2598550,1789697945,2026-09-18T02:19:05Z,NASDAQ:TER
9.833347210081795,0.2584027672680804,-16.039375200009793,-5.1248639862441365,376.329,47.53812631613044,3.511651766085305,353.13,2598550,1789698120,2026-09-18T02:22:00Z,NASDAQ:TER
9.833347210081795,0.2584027672680804,-16.039375200009793,-5.1248639862441365,376.329,47.53812631613044,3.511651766085305,353.13,2598550,1789698316,2026-09-18T02:25:16Z,NASDAQ:TER
9.833347210081795,0.2584027672680804,-16.039375200009793,-5.1248639862441365,376.329,47.53812631613044,3.511651766085305,353.13,2598550,1789698489,2026-09-18T02:28:09Z,NASDAQ:TER
9.833347210081795,0.2584027672680804,-16.039375200009793,-5.1248639862441365,376.329,47.53812631613044,3.511651766085305,353.13,2598550,1789698676,2026-09-18T02:31:16Z,NASDAQ:TER
9.833347210081795,0.2584027672680804,-16.039375200009793,-5.1248639862441365,376.329,47.53812631613044,3.511651766085305,353.13,2598550,1789698839,2026-09-18T02:33:59Z,NASDAQ:TER
9.833347210081795,0.2584027672680804,-16.039375200009793,-5.1248639862441365,376.329,47.53812631613044,3.511651766085305,353.13,2598550,1789699021,2026-09-18T02:37:01Z,NASDAQ:TER
9.833347210081795,0.2584027672680804,-16.039375200009793,-5.1248639862441365,376.329,47.53812631613044,3.511651766085305,353.13,2598550,1789699197,2026-09-18T02:39:57Z,NASDAQ:TER
9.833347210081795,0.2584027672680804,-16.039375200009793,-5.1248639862441365,376.329,47.53812631613044,3.511651766085305,353.13,2598550,1789699388,2026-09-18T02:43:08Z,NASDAQ:TER
9.833347210081795,0.2584027672680804,-16.039375200009793,-5.1248639862441365,376.329,47.53812631613044,3.511651766085305,353.13,2598550,1789699561,2026-09-18T02:46:01Z,NASDAQ:TER
9.833347210081795,0.2584027672680804,-16.039375200009793,-5.1248639862441365,376.329,47.53812631613044,3.511651766085305,353.13,2598550,1789699746,2026-09-18T02:49:06Z,NASDAQ:TER
9.833347210081795,0.2584027672680804,-16.039375200009793,-5.1248639862441365,376.329,47.53812631613044,3.511651766085305,353.13,2598550,1789699921,2026-09-18T02:52:01Z,NASDAQ:TER
9.833347210081795,0.2584027672680804,-16.039375200009793,-5.1248639862441365,376.329,47.53812631613044,3.511651766085305,353.13,2598550,1789700103,2026-09-18T02:55:03Z,NASDAQ:TER
9.833347210081795,0.2584027672680804,-16.039375200009793,-5.1248639862441365,376.329,47.53812631613044,3.511651766085305,353.13,2598550,1789700279,2026-09-18T02:57:59Z,NASDAQ:TER
9.833347210081795,0.2584027672680804,-16.039375200009793,-5.1248639862441365,376.329,47.53812631613044,3.511651766085305,353.13,2598550,1789700459,2026-09-18T03:00:59Z,NASDAQ:TER
9.833347210081795,0.2584027672680804,-16.039375200009793,-5.1248639862441365,376.329,47.53812631613044,3.511651766085305,353.13,2598550,1789700648,2026-09-18T03:04:08Z,NASDAQ:TER
9.833347210081795,0.2584027672680804,-16.039375200009793,-5.1248639862441365,376.329,47.53812631613044,3.511651766085305,353.13,2598550,1789700815,2026-09-18T03:06:55Z,NASDAQ:TER
9.833347210081795,0.2584027672680804,-16.039375200009793,-5.1248639862441365,376.329,47.53812631613044,3.511651766085305,353.13,2598550,1789701006,2026-09-18T03:10:06Z,NASDAQ:TER
9.833347210081795,0.2584027672680804,-16.039375200009793,-5.1248639862441365,376.329,47.53812631613044,3.511651766085305,353.13,2598550,1789701176,2026-09-18T03:12:56Z,NASDAQ:TER
9.833347210081795,0.2584027672680804,-16.039375200009793,-5.1248639862441365,376.329,47.53812631613044,3.511651766085305,353.13,2598550,1789701358,2026-09-18T03:15:58Z,NASDAQ:TER
9.833347210081795,0.2584027672680804,-16.039375200009793,-5.1248639862441365,376.329,47.53812631613044,3.511651766085305,353.13,2598550,1789701542,2026-09-18T03:19:02Z,NASDAQ:TER
9.833347210081795,0.2584027672680804,-16.039375200009793,-5.1248639862441365,376.329,47.53812631613044,3.511651766085305,353.13,2598550,1789701727,2026-09-18T03:22:07Z,NASDAQ:TER
9.833347210081795,0.2584027672680804,-16.039375200009793,-5.1248639862441365,376.329,47.53812631613044,3.511651766085305,353.13,2598550,1789701898,2026-09-18T03:24:58Z,NASDAQ:TER
9.833347210081795,0.2584027672680804,-16.039375200009793,-5.1248639862441365,376.329,47.53812631613044,3.511651766085305,353.13,2598550,1789702082,2026-09-18T03:28:02Z,NASDAQ:TER
9.833347210081795,0.2584027672680804,-16.039375200009793,-5.1248639862441365,376.329,47.53812631613044,3.511651766085305,353.13,2598550,1789702260,2026-09-18T03:31:00Z,NASDAQ:TER
9.833347210081795,0.2584027672680804,-16.039375200009793,-5.1248639862441365,376.329,47.53812631613044,3.511651766085305,353.13,2598550,1789702442,2026-09-18T03:34:02Z,NASDAQ:TER
9.833347210081795,0.2584027672680804,-16.039375200009793,-5.1248639862441365,376.329,47.53812631613044,3.511651766085305,353.13,2598550,1789702618,2026-09-18T03:36:58Z,NASDAQ:TER
9.833347210081795,0.2584027672680804,-16.039375200009793,-5.1248639862441365,376.329,47.53812631613044,3.511651766085305,353.13,2598550,1789702801,2026-09-18T03:40:01Z,NASDAQ:TER
9.833347210081795,0.2584027672680804,-16.039375200009793,-5.1248639862441365,376.329,47.53812631613044,3.511651766085305,353.13,2598550,1789702978,2026-09-18T03:42:58Z,NASDAQ:TER
9.833347210081795,0.2584027672680804,-16.039375200009793,-5.1248639862441365,376.329,47.53812631613044,3.511651766085305,353.13,2598550,1789703159,2026-09-18T03:45:59Z,NASDAQ:TER
9.833347210081795,0.2584027672680804,-16.039375200009793,-5.1248639862441365,376.329,47.53812631613044,3.511651766085305,353.13,2598550,1789703342,2026-09-18T03:49:02Z,NASDAQ:TER
9.833347210081795,0.2584027672680804,-16.039375200009793,-5.1248639862441365,376.329,47.53812631613044,3.511651766085305,353.13,2598550,1789703518,2026-09-18T03:51:58Z,NASDAQ:TER
9.833347210081795,0.2584027672680804,-16.039375200009793,-5.1248639862441365,376.329,47.53812631613044,3.511651766085305,353.13,2598550,1789703702,2026-09-18T03:55:02Z,NASDAQ:TER
9.833347210081795,0.2584027672680804,-16.039375200009793,-5.1248639862441365,376.329,47.53812631613044,3.511651766085305,353.13,2598550,1789703878,2026-09-18T03:57:58Z,NASDAQ:TER
9.833347210081795,0.2584027672680804,-16.039375200009793,-5.1248639862441365,376.329,47.53812631613044,3.511651766085305,353.13,2598550,1789704062,2026-09-18T04:01:02Z,NASDAQ:TER
9.833347210081795,0.2584027672680804,-16.039375200009793,-5.1248639862441365,376.329,47.53812631613044,3.511651766085305,353.13,2598550,1789704238,2026-09-18T04:03:58Z,NASDAQ:TER
9.833347210081795,0.2584027672680804,-16.039375200009793,-5.1248639862441365,376.329,47.53812631613044,3.511651766085305,353.13,2598550,1789704419,2026-09-18T04:06:59Z,NASDAQ:TER
9.833347210081795,0.2584027672680804,-16.039375200009793,-5.1248639862441365,376.329,47.53812631613044,3.511651766085305,353.13,2598550,1789704599,2026-09-18T04:09:59Z,NASDAQ:TER
9.833347210081795,0.2584027672680804,-16.039375200009793,-5.1248639862441365,376.329,47.53812631613044,3.511651766085305,353.13,2598550,1789704779,2026-09-18T04:12:59Z,NASDAQ:TER
9.833347210081795,0.2584027672680804,-16.039375200009793,-5.1248639862441365,376.329,47.53812631613044,3.511651766085305,353.13,2598550,1789704961,2026-09-18T04:16:01Z,NASDAQ:TER
9.833347210081795,0.2584027672680804,-16.039375200009793,-5.1248639862441365,376.329,47.53812631613044,3.511651766085305,353.13,2598550,1789705135,2026-09-18T04:18:55Z,NASDAQ:TER
9.833347210081795,0.2584027672680804,-16.039375200009793,-5.1248639862441365,376.329,47.53812631613044,3.511651766085305,353.13,2598550,1789705321,2026-09-18T04:22:01Z,NASDAQ:TER
9.833347210081795,0.2584027672680804,-16.039375200009793,-5.1248639862441365,376.329,47.53812631613044,3.511651766085305,353.13,2598550,1789705500,2026-09-18T04:25:00Z,NASDAQ:TER
9.833347210081795,0.2584027672680804,-16.039375200009793,-5.1248639862441365,376.329,47.53812631613044,3.511651766085305,353.13,2598550,1789705681,2026-09-18T04:28:01Z,NASDAQ:TER
9.833347210081795,0.2584027672680804,-16.039375200009793,-5.1248639862441365,376.329,47.53812631613044,3.511651766085305,353.13,2598550,1789705859,2026-09-18T04:30:59Z,NASDAQ:TER
9.833347210081795,0.2584027672680804,-16.039375200009793,-5.1248639862441365,376.329,47.53812631613044,3.511651766085305,353.13,2598550,1789706036,2026-09-18T04:33:56Z,NASDAQ:TER
9.833347210081795,0.2584027672680804,-16.039375200009793,-5.1248639862441365,376.329,47.53812631613044,3.511651766085305,353.13,2598550,1789706218,2026-09-18T04:36:58Z,NASDAQ:TER
9.833347210081795,0.2584027672680804,-16.039375200009793,-5.1248639862441365,376.329,47.53812631613044,3.511651766085305,353.13,2598550,1789706401,2026-09-18T04:40:01Z,NASDAQ:TER
9.833347210081795,0.2584027672680804,-16.039375200009793,-5.1248639862441365,376.329,47.53812631613044,3.511651766085305,353.13,2598550,1789706582,2026-09-18T04:43:02Z,NASDAQ:TER
9.833347210081795,0.2584027672680804,-16.039375200009793,-5.1248639862441365,376.329,47.53812631613044,3.511651766085305,353.13,2598550,1789706758,2026-09-18T04:45:58Z,NASDAQ:TER
9.833347210081795,0.2584027672680804,-16.039375200009793,-5.1248639862441365,376.329,47.53812631613044,3.511651766085305,353.13,2598550,1789706938,2026-09-18T04:48:58Z,NASDAQ:TER
9.833347210081795,0.2584027672680804,-16.039375200009793,-5.1248639862441365,376.329,47.53812631613044,3.511651766085305,353.13,2598550,1789707119,2026-09-18T04:51:59Z,NASDAQ:TER
9.833347210081795,0.2584027672680804,-16.039375200009793,-5.1248639862441365,376.329,47.53812631613044,3.511651766085305,353.13,2598550,1789707302,2026-09-18T04:55:02Z,NASDAQ:TER
9.833347210081795,0.2584027672680804,-16.039375200009793,-5.1248639862441365,376.329,47.53812631613044,3.511651766085305,353.13,2598550,1789707477,2026-09-18T04:57:57Z,NASDAQ:TER
9.833347210081795,0.2584027672680804,-16.039375200009793,-5.1248639862441365,376.329,47.53812631613044,3.511651766085305,353.13,2598550,1789707660,2026-09-18T05:01:00Z,NASDAQ:TER
9.833347210081795,0.2584027672680804,-16.039375200009793,-5.1248639862441365,376.329,47.53812631613044,3.511651766085305,353.13,2598550,1789707835,2026-09-18T05:03:55Z,NASDAQ:TER
9.833347210081795,0.2584027672680804,-16.039375200009793,-5.1248639862441365,376.329,47.53812631613044,3.511651766085305,353.13,2598550,1789708024,2026-09-18T05:07:04Z,NASDAQ:TER
9.833347210081795,0.2584027672680804,-16.039375200009793,-5.1248639862441365,376.329,47.53812631613044,3.511651766085305,353.13,2598550,1789708199,2026-09-18T05:09:59Z,NASDAQ:TER
9.833347210081795,0.2584027672680804,-16.039375200009793,-5.1248639862441365,376.329,47.53812631613044,3.511651766085305,353.13,2598550,1789708378,2026-09-18T05:12:58Z,NASDAQ:TER
9.833347210081795,0.2584027672680804,-16.039375200009793,-5.1248639862441365,376.329,47.53812631613044,3.511651766085305,353.13,2598550,1789708558,2026-09-18T05:15:58Z,NASDAQ:TER
9.833347210081795,0.2584027672680804,-16.039375200009793,-5.1248639862441365,376.329,47.53812631613044,3.511651766085305,353.13,2598550,1789708745,2026-09-18T05:19:05Z,NASDAQ:TER
9.833347210081795,0.2584027672680804,-16.039375200009793,-5.1248639862441365,376.329,47.53812631613044,3.511651766085305,353.13,2598550,1789708923,2026-09-18T05:22:03Z,NASDAQ:TER
9.833347210081795,0.2584027672680804,-16.039375200009793,-5.1248639862441365,376.329,47.53812631613044,3.511651766085305,353.13,2598550,1789709103,2026-09-18T05:25:03Z,NASDAQ:TER
9.833347210081795,0.2584027672680804,-16.039375200009793,-5.1248639862441365,376.329,47.53812631613044,3.511651766085305,353.13,2598550,1789709288,2026-09-18T05:28:08Z,NASDAQ:TER
9.833347210081795,0.2584027672680804,-16.039375200009793,-5.1248639862441365,376.329,47.53812631613044,3.511651766085305,353.13,2598550,1789709461,2026-09-18T05:31:01Z,NASDAQ:TER
9.833347210081795,0.2584027672680804,-16.039375200009793,-5.1248639862441365,376.329,47.53812631613044,3.511651766085305,353.13,2598550,1789709639,2026-09-18T05:33:59Z,NASDAQ:TER
9.833347210081795,0.2584027672680804,-16.039375200009793,-5.1248639862441365,376.329,47.53812631613044,3.511651766085305,353.13,2598550,1789709821,2026-09-18T05:37:01Z,NASDAQ:TER
9.833347210081795,0.2584027672680804,-16.039375200009793,-5.1248639862441365,376.329,47.53812631613044,3.511651766085305,353.13,2598550,1789709997,2026-09-18T05:39:57Z,NASDAQ:TER
9.833347210081795,0.2584027672680804,-16.039375200009793,-5.1248639862441365,376.329,47.53812631613044,3.511651766085305,353.13,2598550,1789710181,2026-09-18T05:43:01Z,NASDAQ:TER
9.833347210081795,0.2584027672680804,-16.039375200009793,-5.1248639862441365,376.329,47.53812631613044,3.511651766085305,353.13,2598550,1789710364,2026-09-18T05:46:04Z,NASDAQ:TER
9.833347210081795,0.2584027672680804,-16.039375200009793,-5.1248639862441365,376.329,47.53812631613044,3.511651766085305,353.13,2598550,1789710539,2026-09-18T05:48:59Z,NASDAQ:TER
9.833347210081795,0.2584027672680804,-16.039375200009793,-5.1248639862441365,376.329,47.53812631613044,3.511651766085305,353.13,2598550,1789710721,2026-09-18T05:52:01Z,NASDAQ:TER
9.833347210081795,0.2584027672680804,-16.039375200009793,-5.1248639862441365,376.329,47.53812631613044,3.511651766085305,353.13,2598550,1789710903,2026-09-18T05:55:03Z,NASDAQ:TER
9.833347210081795,0.2584027672680804,-16.039375200009793,-5.1248639862441365,376.329,47.53812631613044,3.511651766085305,353.13,2598550,1789711080,2026-09-18T05:58:00Z,NASDAQ:TER
9.833347210081795,0.2584027672680804,-16.039375200009793,-5.1248639862441365,376.329,47.53812631613044,3.511651766085305,353.13,2598550,1789711260,2026-09-18T06:01:00Z,NASDAQ:TER
9.833347210081795,0.2584027672680804,-16.039375200009793,-5.1248639862441365,376.329,47.53812631613044,3.511651766085305,353.13,2598550,1789711440,2026-09-18T06:04:00Z,NASDAQ:TER
9.833347210081795,0.2584027672680804,-16.039375200009793,-5.1248639862441365,376.329,47.53812631613044,3.511651766085305,353.13,2598550,1789711621,2026-09-18T06:07:01Z,NASDAQ:TER
9.833347210081795,0.2584027672680804,-16.039375200009793,-5.1248639862441365,376.329,47.53812631613044,3.511651766085305,353.13,2598550,1789711801,2026-09-18T06:10:01Z,NASDAQ:TER
9.833347210081795,0.2584027672680804,-16.039375200009793,-5.1248639862441365,376.329,47.53812631613044,3.511651766085305,353.13,2598550,1789711983,2026-09-18T06:13:03Z,NASDAQ:TER
9.833347210081795,0.2584027672680804,-16.039375200009793,-5.1248639862441365,376.329,47.53812631613044,3.511651766085305,353.13,2598550,1789712158,2026-09-18T06:15:58Z,NASDAQ:TER
9.833347210081795,0.2584027672680804,-16.039375200009793,-5.1248639862441365,376.329,47.53812631613044,3.511651766085305,353.13,2598550,1789712336,2026-09-18T06:18:56Z,NASDAQ:TER
9.833347210081795,0.2584027672680804,-16.039375200009793,-5.1248639862441365,376.329,47.53812631613044,3.511651766085305,353.13,2598550,1789712521,2026-09-18T06:22:01Z,NASDAQ:TER
9.833347210081795,0.2584027672680804,-16.039375200009793,-5.1248639862441365,376.329,47.53812631613044,3.511651766085305,353.13,2598550,1789712698,2026-09-18T06:24:58Z,NASDAQ:TER
9.833347210081795,0.2584027672680804,-16.039375200009793,-5.1248639862441365,376.329,47.53812631613044,3.511651766085305,353.13,2598550,1789712881,2026-09-18T06:28:01Z,NASDAQ:TER
9.833347210081795,0.2584027672680804,-16.039375200009793,-5.1248639862441365,376.329,47.53812631613044,3.511651766085305,353.13,2598550,1789713061,2026-09-18T06:31:01Z,NASDAQ:TER
9.833347210081795,0.2584027672680804,-16.039375200009793,-5.1248639862441365,376.329,47.53812631613044,3.511651766085305,353.13,2598550,1789713240,2026-09-18T06:34:00Z,NASDAQ:TER
9.833347210081795,0.2584027672680804,-16.039375200009793,-5.1248639862441365,376.329,47.53812631613044,3.511651766085305,353.13,2598550,1789713421,2026-09-18T06:37:01Z,NASDAQ:TER
9.833347210081795,0.2584027672680804,-16.039375200009793,-5.1248639862441365,376.329,47.53812631613044,3.511651766085305,353.13,2598550,1789713599,2026-09-18T06:39:59Z,NASDAQ:TER
9.833347210081795,0.2584027672680804,-16.039375200009793,-5.1248639862441365,376.329,47.53812631613044,3.511651766085305,353.13,2598550,1789713778,2026-09-18T06:42:58Z,NASDAQ:TER
9.833347210081795,0.2584027672680804,-16.039375200009793,-5.1248639862441365,376.329,47.53812631613044,3.511651766085305,353.13,2598550,1789713957,2026-09-18T06:45:57Z,NASDAQ:TER
9.833347210081795,0.2584027672680804,-16.039375200009793,-5.1248639862441365,376.329,47.53812631613044,3.511651766085305,353.13,2598550,1789714140,2026-09-18T06:49:00Z,NASDAQ:TER
9.833347210081795,0.2584027672680804,-16.039375200009793,-5.1248639862441365,376.329,47.53812631613044,3.511651766085305,353.13,2598550,1789714323,2026-09-18T06:52:03Z,NASDAQ:TER
9.833347210081795,0.2584027672680804,-16.039375200009793,-5.1248639862441365,376.329,47.53812631613044,3.511651766085305,353.13,2598550,1789714501,2026-09-18T06:55:01Z,NASDAQ:TER
9.833347210081795,0.2584027672680804,-16.039375200009793,-5.1248639862441365,376.329,47.53812631613044,3.511651766085305,353.13,2598550,1789714678,2026-09-18T06:57:58Z,NASDAQ:TER
9.833347210081795,0.2584027672680804,-16.039375200009793,-5.1248639862441365,376.329,47.53812631613044,3.511651766085305,353.13,2598550,1789714865,2026-09-18T07:01:05Z,NASDAQ:TER
9.833347210081795,0.2584027672680804,-16.039375200009793,-5.1248639862441365,376.329,47.53812631613044,3.511651766085305,353.13,2598550,1789715038,2026-09-18T07:03:58Z,NASDAQ:TER
9.833347210081795,0.2584027672680804,-16.039375200009793,-5.1248639862441365,376.329,47.53812631613044,3.511651766085305,353.13,2598550,1789715219,2026-09-18T07:06:59Z,NASDAQ:TER
9.833347210081795,0.2584027672680804,-16.039375200009793,-5.1248639862441365,376.329,47.53812631613044,3.511651766085305,353.13,2598550,1789715399,2026-09-18T07:09:59Z,NASDAQ:TER
9.833347210081795,0.2584027672680804,-16.039375200009793,-5.1248639862441365,376.329,47.53812631613044,3.511651766085305,353.13,2598550,1789715580,2026-09-18T07:13:00Z,NASDAQ:TER
9.833347210081795,0.2584027672680804,-16.039375200009793,-5.1248639862441365,376.329,47.53812631613044,3.511651766085305,353.13,2598550,1789715763,2026-09-18T07:16:03Z,NASDAQ:TER
9.833347210081795,0.2584027672680804,-16.039375200009793,-5.1248639862441365,376.329,47.53812631613044,3.511651766085305,353.13,2598550,1789715943,2026-09-18T07:19:03Z,NASDAQ:TER
9.833347210081795,0.2584027672680804,-16.039375200009793,-5.1248639862441365,376.329,47.53812631613044,3.511651766085305,353.13,2598550,1789716117,2026-09-18T07:21:57Z,NASDAQ:TER
9.833347210081795,0.2584027672680804,-16.039375200009793,-5.1248639862441365,376.329,47.53812631613044,3.511651766085305,353.13,2598550,1789716301,2026-09-18T07:25:01Z,NASDAQ:TER
9.833347210081795,0.2584027672680804,-16.039375200009793,-5.1248639862441365,376.329,47.53812631613044,3.511651766085305,353.13,2598550,1789716478,2026-09-18T07:27:58Z,NASDAQ:TER
9.833347210081795,0.2584027672680804,-16.039375200009793,-5.1248639862441365,376.329,47.53812631613044,3.511651766085305,353.13,2598550,1789716659,2026-09-18T07:30:59Z,NASDAQ:TER
9.833347210081795,0.2584027672680804,-16.039375200009793,-5.1248639862441365,376.329,47.53812631613044,3.511651766085305,353.13,2598550,1789716839,2026-09-18T07:33:59Z,NASDAQ:TER
9.833347210081795,0.2584027672680804,-16.039375200009793,-5.1248639862441365,376.329,47.53812631613044,3.511651766085305,353.13,2598550,1789717022,2026-09-18T07:37:02Z,NASDAQ:TER
9.833347210081795,0.2584027672680804,-16.039375200009793,-5.1248639862441365,376.329,47.53812631613044,3.511651766085305,353.13,2598550,1789717201,2026-09-18T07:40:01Z,NASDAQ:TER
9.833347210081795,0.2584027672680804,-16.039375200009793,-5.1248639862441365,376.329,47.53812631613044,3.511651766085305,353.13,2598550,1789717382,2026-09-18T07:43:02Z,NASDAQ:TER
9.833347210081795,0.2584027672680804,-16.039375200009793,-5.1248639862441365,376.329,47.53812631613044,3.511651766085305,353.13,2598550,1789717558,2026-09-18T07:45:58Z,NASDAQ:TER
9.833347210081795,0.2584027672680804,-16.039375200009793,-5.1248639862441365,376.329,47.53812631613044,3.511651766085305,353.13,2598550,1789717740,2026-09-18T07:49:00Z,NASDAQ:TER
9.833347210081795,0.2584027672680804,-16.039375200009793,-5.1248639862441365,376.329,47.53812631613044,3.511651766085305,353.13,2598550,1789717921,2026-09-18T07:52:01Z,NASDAQ:TER
9.833347210081795,0.2584027672680804,-16.039375200009793,-5.1248639862441365,376.329,47.53812631613044,3.511651766085305,353.13,2598550,1789718103,2026-09-18T07:55:03Z,NASDAQ:TER
9.833347210081795,0.2584027672680804,-16.039375200009793,-5.1248639862441365,376.329,47.53812631613044,3.511651766085305,353.13,2598550,1789718279,2026-09-18T07:57:59Z,NASDAQ:TER
9.833347210081795,0.2584027672680804,-16.039375200009793,-5.1248639862441365,376.329,47.53812631613044,3.511651766085305,353.13,2598550,1789718459,2026-09-18T08:00:59Z,NASDAQ:TER
9.833347210081795,0.2584027672680804,-16.039375200009793,-5.1248639862441365,376.329,47.53812631613044,3.511651766085305,353.13,2598550,1789718641,2026-09-18T08:04:01Z,NASDAQ:TER
9.833347210081795,0.2584027672680804,-16.039375200009793,-5.1248639862441365,376.329,47.53812631613044,3.511651766085305,353.13,2598550,1789718819,2026-09-18T08:06:59Z,NASDAQ:TER
9.833347210081795,0.2584027672680804,-16.039375200009793,-5.1248639862441365,376.329,47.53812631613044,3.511651766085305,353.13,2598550,1789719002,2026-09-18T08:10:02Z,NASDAQ:TER
9.833347210081795,0.2584027672680804,-16.039375200009793,-5.1248639862441365,376.329,47.53812631613044,3.511651766085305,353.13,2598550,1789719180,2026-09-18T08:13:00Z,NASDAQ:TER
9.833347210081795,0.2584027672680804,-16.039375200009793,-5.1248639862441365,376.329,47.53812631613044,3.511651766085305,353.13,2598550,1789719361,2026-09-18T08:16:01Z,NASDAQ:TER
9.833347210081795,0.2584027672680804,-16.039375200009793,-5.1248639862441365,376.329,47.53812631613044,3.511651766085305,353.13,2598550,1789719538,2026-09-18T08:18:58Z,NASDAQ:TER
9.833347210081795,0.2584027672680804,-16.039375200009793,-5.1248639862441365,376.329,47.53812631613044,3.511651766085305,353.13,2598550,1789719721,2026-09-18T08:22:01Z,NASDAQ:TER
9.833347210081795,0.2584027672680804,-16.039375200009793,-5.1248639862441365,376.329,47.53812631613044,3.511651766085305,353.13,2598550,1789719897,2026-09-18T08:24:57Z,NASDAQ:TER
9.833347210081795,0.2584027672680804,-16.039375200009793,-5.1248639862441365,376.329,47.53812631613044,3.511651766085305,353.13,2598550,1789720081,2026-09-18T08:28:01Z,NASDAQ:TER
9.833347210081795,0.2584027672680804,-16.039375200009793,-5.1248639862441365,376.329,47.53812631613044,3.511651766085305,353.13,2598550,1789720262,2026-09-18T08:31:02Z,NASDAQ:TER
9.833347210081795,0.2584027672680804,-16.039375200009793,-5.1248639862441365,376.329,47.53812631613044,3.511651766085305,353.13,2598550,1789720437,2026-09-18T08:33:57Z,NASDAQ:TER
9.833347210081795,0.2584027672680804,-16.039375200009793,-5.1248639862441365,376.329,47.53812631613044,3.511651766085305,353.13,2598550,1789720620,2026-09-18T08:37:00Z,NASDAQ:TER
9.833347210081795,0.2584027672680804,-16.039375200009793,-5.1248639862441365,376.329,47.53812631613044,3.511651766085305,353.13,2598550,1789720802,2026-09-18T08:40:02Z,NASDAQ:TER
9.833347210081795,0.2584027672680804,-16.039375200009793,-5.1248639862441365,376.329,47.53812631613044,3.511651766085305,353.13,2598550,1789720980,2026-09-18T08:43:00Z,NASDAQ:TER
9.833347210081795,0.2584027672680804,-16.039375200009793,-5.1248639862441365,376.329,47.53812631613044,3.511651766085305,353.13,2598550,1789721156,2026-09-18T08:45:56Z,NASDAQ:TER
9.833347210081795,0.2584027672680804,-16.039375200009793,-5.1248639862441365,376.329,47.53812631613044,3.511651766085305,353.13,2598550,1789721344,2026-09-18T08:49:04Z,NASDAQ:TER
9.833347210081795,0.2584027672680804,-16.039375200009793,-5.1248639862441365,376.329,47.53812631613044,3.511651766085305,353.13,2598550,1789721520,2026-09-18T08:52:00Z,NASDAQ:TER
9.833347210081795,0.2584027672680804,-16.039375200009793,-5.1248639862441365,376.329,47.53812631613044,3.511651766085305,353.13,2598550,1789721696,2026-09-18T08:54:56Z,NASDAQ:TER
9.833347210081795,0.2584027672680804,-16.039375200009793,-5.1248639862441365,376.329,47.53812631613044,3.511651766085305,353.13,2598550,1789721883,2026-09-18T08:58:03Z,NASDAQ:TER
9.833347210081795,0.2584027672680804,-16.039375200009793,-5.1248639862441365,376.329,47.53812631613044,3.511651766085305,353.13,2598550,1789722062,2026-09-18T09:01:02Z,NASDAQ:TER
9.833347210081795,0.2584027672680804,-16.039375200009793,-5.1248639862441365,376.329,47.53812631613044,3.511651766085305,353.13,2598550,1789722239,2026-09-18T09:03:59Z,NASDAQ:TER
9.833347210081795,0.2584027672680804,-16.039375200009793,-5.1248639862441365,376.329,47.53812631613044,3.511651766085305,353.13,2598550,1789722420,2026-09-18T09:07:00Z,NASDAQ:TER
9.833347210081795,0.2584027672680804,-16.039375200009793,-5.1248639862441365,376.329,47.53812631613044,3.511651766085305,353.13,2598550,1789722602,2026-09-18T09:10:02Z,NASDAQ:TER
9.833347210081795,0.2584027672680804,-16.039375200009793,-5.1248639862441365,376.329,47.53812631613044,3.511651766085305,353.13,2598550,1789722781,2026-09-18T09:13:01Z,NASDAQ:TER
9.833347210081795,0.2584027672680804,-16.039375200009793,-5.1248639862441365,376.329,47.53812631613044,3.511651766085305,353.13,2598550,1789722963,2026-09-18T09:16:03Z,NASDAQ:TER
9.833347210081795,0.2584027672680804,-16.039375200009793,-5.1248639862441365,376.329,47.53812631613044,3.511651766085305,353.13,2598550,1789723138,2026-09-18T09:18:58Z,NASDAQ:TER
9.833347210081795,0.2584027672680804,-16.039375200009793,-5.1248639862441365,376.329,47.53812631613044,3.511651766085305,353.13,2598550,1789723320,2026-09-18T09:22:00Z,NASDAQ:TER
9.833347210081795,0.2584027672680804,-16.039375200009793,-5.1248639862441365,376.329,47.53812631613044,3.511651766085305,353.13,2598550,1789723501,2026-09-18T09:25:01Z,NASDAQ:TER
9.833347210081795,0.2584027672680804,-16.039375200009793,-5.1248639862441365,376.329,47.53812631613044,3.511651766085305,353.13,2598550,1789723677,2026-09-18T09:27:57Z,NASDAQ:TER
9.833347210081795,0.2584027672680804,-16.039375200009793,-5.1248639862441365,376.329,47.53812631613044,3.511651766085305,353.13,2598550,1789723861,2026-09-18T09:31:01Z,NASDAQ:TER
9.833347210081795,0.2584027672680804,-16.039375200009793,-5.1248639862441365,376.329,47.53812631613044,3.511651766085305,353.13,2598550,1789724043,2026-09-18T09:34:03Z,NASDAQ:TER
9.833347210081795,0.2584027672680804,-16.039375200009793,-5.1248639862441365,376.329,47.53812631613044,3.511651766085305,353.13,2598550,1789724221,2026-09-18T09:37:01Z,NASDAQ:TER
9.833347210081795,0.2584027672680804,-16.039375200009793,-5.1248639862441365,376.329,47.53812631613044,3.511651766085305,353.13,2598550,1789724397,2026-09-18T09:39:57Z,NASDAQ:TER
9.833347210081795,0.2584027672680804,-16.039375200009793,-5.1248639862441365,376.329,47.53812631613044,3.511651766085305,353.13,2598550,1789724583,2026-09-18T09:43:03Z,NASDAQ:TER
9.833347210081795,0.2584027672680804,-16.039375200009793,-5.1248639862441365,376.329,47.53812631613044,3.511651766085305,353.13,2598550,1789724759,2026-09-18T09:45:59Z,NASDAQ:TER
9.833347210081795,0.2584027672680804,-16.039375200009793,-5.1248639862441365,376.329,47.53812631613044,3.511651766085305,353.13,2598550,1789724936,2026-09-18T09:48:56Z,NASDAQ:TER
9.833347210081795,0.2584027672680804,-16.039375200009793,-5.1248639862441365,376.329,47.53812631613044,3.511651766085305,353.13,2598550,1789725120,2026-09-18T09:52:00Z,NASDAQ:TER
9.833347210081795,0.2584027672680804,-16.039375200009793,-5.1248639862441365,376.329,47.53812631613044,3.511651766085305,353.13,2598550,1789725300,2026-09-18T09:55:00Z,NASDAQ:TER
9.833347210081795,0.2584027672680804,-16.039375200009793,-5.1248639862441365,376.329,47.53812631613044,3.511651766085305,353.13,2598550,1789725480,2026-09-18T09:58:00Z,NASDAQ:TER
9.833347210081795,0.2584027672680804,-16.039375200009793,-5.1248639862441365,376.329,47.53812631613044,3.511651766085305,353.13,2598550,1789725658,2026-09-18T10:00:58Z,NASDAQ:TER
9.833347210081795,0.2584027672680804,-16.039375200009793,-5.1248639862441365,376.329,47.53812631613044,3.511651766085305,353.13,2598550,1789725840,2026-09-18T10:04:00Z,NASDAQ:TER
9.833347210081795,0.2584027672680804,-16.039375200009793,-5.1248639862441365,376.329,47.53812631613044,3.511651766085305,353.13,2598550,1789726022,2026-09-18T10:07:02Z,NASDAQ:TER
9.833347210081795,0.2584027672680804,-16.039375200009793,-5.1248639862441365,376.329,47.53812631613044,3.511651766085305,353.13,2598550,1789726203,2026-09-18T10:10:03Z,NASDAQ:TER
9.833347210081795,0.2584027672680804,-16.039375200009793,-5.1248639862441365,376.329,47.53812631613044,3.511651766085305,353.13,2598550,1789726382,2026-09-18T10:13:02Z,NASDAQ:TER
9.833347210081795,0.2584027672680804,-16.039375200009793,-5.1248639862441365,376.329,47.53812631613044,3.511651766085305,353.13,2598550,1789726556,2026-09-18T10:15:56Z,NASDAQ:TER
9.833347210081795,0.2584027672680804,-16.039375200009793,-5.1248639862441365,376.329,47.53812631613044,3.511651766085305,353.13,2598550,1789726743,2026-09-18T10:19:03Z,NASDAQ:TER
9.833347210081795,0.2584027672680804,-16.039375200009793,-5.1248639862441365,376.329,47.53812631613044,3.511651766085305,353.13,2598550,1789726926,2026-09-18T10:22:06Z,NASDAQ:TER
9.833347210081795,0.2584027672680804,-16.039375200009793,-5.1248639862441365,376.329,47.53812631613044,3.511651766085305,353.13,2598550,1789727100,2026-09-18T10:25:00Z,NASDAQ:TER
9.833347210081795,0.2584027672680804,-16.039375200009793,-5.1248639862441365,376.329,47.53812631613044,3.511651766085305,353.13,2598550,1789727282,2026-09-18T10:28:02Z,NASDAQ:TER
9.833347210081795,0.2584027672680804,-16.039375200009793,-5.1248639862441365,376.329,47.53812631613044,3.511651766085305,353.13,2598550,1789727458,2026-09-18T10:30:58Z,NASDAQ:TER
9.833347210081795,0.2584027672680804,-16.039375200009793,-5.1248639862441365,376.329,47.53812631613044,3.511651766085305,353.13,2598550,1789727641,2026-09-18T10:34:01Z,NASDAQ:TER
9.833347210081795,0.2584027672680804,-16.039375200009793,-5.1248639862441365,376.329,47.53812631613044,3.511651766085305,353.13,2598550,1789727821,2026-09-18T10:37:01Z,NASDAQ:TER
9.833347210081795,0.2584027672680804,-16.039375200009793,-5.1248639862441365,376.329,47.53812631613044,3.511651766085305,353.13,2598550,1789727999,2026-09-18T10:39:59Z,NASDAQ:TER
9.833347210081795,0.2584027672680804,-16.039375200009793,-5.1248639862441365,376.329,47.53812631613044,3.511651766085305,353.13,2598550,1789728177,2026-09-18T10:42:57Z,NASDAQ:TER
9.833347210081795,0.2584027672680804,-16.039375200009793,-5.1248639862441365,376.329,47.53812631613044,3.511651766085305,353.13,2598550,1789728361,2026-09-18T10:46:01Z,NASDAQ:TER
9.833347210081795,0.2584027672680804,-16.039375200009793,-5.1248639862441365,376.329,47.53812631613044,3.511651766085305,353.13,2598550,1789728542,2026-09-18T10:49:02Z,NASDAQ:TER
9.833347210081795,0.2584027672680804,-16.039375200009793,-5.1248639862441365,376.329,47.53812631613044,3.511651766085305,353.13,2598550,1789728718,2026-09-18T10:51:58Z,NASDAQ:TER
9.833347210081795,0.2584027672680804,-16.039375200009793,-5.1248639862441365,376.329,47.53812631613044,3.511651766085305,353.13,2598550,1789728899,2026-09-18T10:54:59Z,NASDAQ:TER
9.833347210081795,0.2584027672680804,-16.039375200009793,-5.1248639862441365,376.329,47.53812631613044,3.511651766085305,353.13,2598550,1789729079,2026-09-18T10:57:59Z,NASDAQ:TER
9.833347210081795,0.2584027672680804,-16.039375200009793,-5.1248639862441365,376.329,47.53812631613044,3.511651766085305,353.13,2598550,1789729258,2026-09-18T11:00:58Z,NASDAQ:TER
9.833347210081795,0.2584027672680804,-16.039375200009793,-5.1248639862441365,376.329,47.53812631613044,3.511651766085305,353.13,2598550,1789729440,2026-09-18T11:04:00Z,NASDAQ:TER
9.833347210081795,0.2584027672680804,-16.039375200009793,-5.1248639862441365,376.329,47.53812631613044,3.511651766085305,353.13,2598550,1789729617,2026-09-18T11:06:57Z,NASDAQ:TER
9.833347210081795,0.2584027672680804,-16.039375200009793,-5.1248639862441365,376.329,47.53812631613044,3.511651766085305,353.13,2598550,1789729803,2026-09-18T11:10:03Z,NASDAQ:TER
9.833347210081795,0.2584027672680804,-16.039375200009793,-5.1248639862441365,376.329,47.53812631613044,3.511651766085305,353.13,2598550,1789729976,2026-09-18T11:12:56Z,NASDAQ:TER
9.833347210081795,0.2584027672680804,-16.039375200009793,-5.1248639862441365,376.329,47.53812631613044,3.511651766085305,353.13,2598550,1789730162,2026-09-18T11:16:02Z,NASDAQ:TER
9.833347210081795,0.2584027672680804,-16.039375200009793,-5.1248639862441365,376.329,47.53812631613044,3.511651766085305,353.13,2598550,1789730342,2026-09-18T11:19:02Z,NASDAQ:TER
9.833347210081795,0.2584027672680804,-16.039375200009793,-5.1248639862441365,376.329,47.53812631613044,3.511651766085305,353.13,2598550,1789730517,2026-09-18T11:21:57Z,NASDAQ:TER
9.833347210081795,0.2584027672680804,-16.039375200009793,-5.1248639862441365,376.329,47.53812631613044,3.511651766085305,353.13,2598550,1789730699,2026-09-18T11:24:59Z,NASDAQ:TER
9.833347210081795,0.2584027672680804,-16.039375200009793,-5.1248639862441365,376.329,47.53812631613044,3.511651766085305,353.13,2598550,1789730882,2026-09-18T11:28:02Z,NASDAQ:TER
9.833347210081795,0.2584027672680804,-16.039375200009793,-5.1248639862441365,376.329,47.53812631613044,3.511651766085305,353.13,2598550,1789731062,2026-09-18T11:31:02Z,NASDAQ:TER
9.833347210081795,0.2584027672680804,-16.039375200009793,-5.1248639862441365,376.329,47.53812631613044,3.511651766085305,353.13,2598550,1789731238,2026-09-18T11:33:58Z,NASDAQ:TER
9.833347210081795,0.2584027672680804,-16.039375200009793,-5.1248639862441365,376.329,47.53812631613044,3.511651766085305,353.13,2598550,1789731420,2026-09-18T11:37:00Z,NASDAQ:TER
9.833347210081795,0.2584027672680804,-16.039375200009793,-5.1248639862441365,376.329,47.53812631613044,3.511651766085305,353.13,2598550,1789731602,2026-09-18T11:40:02Z,NASDAQ:TER
9.833347210081795,0.2584027672680804,-16.039375200009793,-5.1248639862441365,376.329,47.53812631613044,3.511651766085305,353.13,2598550,1789731779,2026-09-18T11:42:59Z,NASDAQ:TER
9.833347210081795,0.2584027672680804,-16.039375200009793,-5.1248639862441365,376.329,47.53812631613044,3.511651766085305,353.13,2598550,1789731961,2026-09-18T11:46:01Z,NASDAQ:TER
9.833347210081795,0.2584027672680804,-16.039375200009793,-5.1248639862441365,376.329,47.53812631613044,3.511651766085305,353.13,2598550,1789732143,2026-09-18T11:49:03Z,NASDAQ:TER
9.833347210081795,0.2584027672680804,-16.039375200009793,-5.1248639862441365,376.329,47.53812631613044,3.511651766085305,353.13,2598550,1789732322,2026-09-18T11:52:02Z,NASDAQ:TER
9.833347210081795,0.2584027672680804,-16.039375200009793,-5.1248639862441365,376.329,47.53812631613044,3.511651766085305,353.13,2598550,1789732498,2026-09-18T11:54:58Z,NASDAQ:TER
9.833347210081795,0.2584027672680804,-16.039375200009793,-5.1248639862441365,376.329,47.53812631613044,3.511651766085305,353.13,2598550,1789732679,2026-09-18T11:57:59Z,NASDAQ:TER
9.833347210081795,0.2584027672680804,-16.039375200009793,-5.1248639862441365,376.329,47.53812631613044,3.511651766085305,353.13,2598550,1789732860,2026-09-18T12:01:00Z,NASDAQ:TER
9.833347210081795,0.2584027672680804,-16.039375200009793,-5.1248639862441365,376.329,47.53812631613044,3.511651766085305,353.13,2598550,1789733039,2026-09-18T12:03:59Z,NASDAQ:TER
9.833347210081795,0.2584027672680804,-16.039375200009793,-5.1248639862441365,376.329,47.53812631613044,3.511651766085305,353.13,2598550,1789733222,2026-09-18T12:07:02Z,NASDAQ:TER
9.833347210081795,0.2584027672680804,-16.039375200009793,-5.1248639862441365,376.329,47.53812631613044,3.511651766085305,353.13,2598550,1789733399,2026-09-18T12:09:59Z,NASDAQ:TER
9.833347210081795,0.2584027672680804,-16.039375200009793,-5.1248639862441365,376.329,47.53812631613044,3.511651766085305,353.13,2598550,1789733582,2026-09-18T12:13:02Z,NASDAQ:TER
9.833347210081795,0.2584027672680804,-16.039375200009793,-5.1248639862441365,376.329,47.53812631613044,3.511651766085305,353.13,2598550,1789733760,2026-09-18T12:16:00Z,NASDAQ:TER
9.833347210081795,0.2584027672680804,-16.039375200009793,-5.1248639862441365,376.329,47.53812631613044,3.511651766085305,353.13,2598550,1789733941,2026-09-18T12:19:01Z,NASDAQ:TER
9.833347210081795,0.2584027672680804,-16.039375200009793,-5.1248639862441365,376.329,47.53812631613044,3.511651766085305,353.13,2598550,1789734122,2026-09-18T12:22:02Z,NASDAQ:TER
9.833347210081795,0.2584027672680804,-16.039375200009793,-5.1248639862441365,376.329,47.53812631613044,3.511651766085305,353.13,2598550,1789734303,2026-09-18T12:25:03Z,NASDAQ:TER
9.833347210081795,0.2584027672680804,-16.039375200009793,-5.1248639862441365,376.329,47.53812631613044,3.511651766085305,353.13,2598550,1789734480,2026-09-18T12:28:00Z,NASDAQ:TER
9.833347210081795,0.2584027672680804,-16.039375200009793,-5.1248639862441365,376.329,47.53812631613044,3.511651766085305,353.13,2598550,1789734661,2026-09-18T12:31:01Z,NASDAQ:TER
9.833347210081795,0.2584027672680804,-16.039375200009793,-5.1248639862441365,376.329,47.53812631613044,3.511651766085305,353.13,2598550,1789734841,2026-09-18T12:34:01Z,NASDAQ:TER
9.833347210081795,0.2584027672680804,-16.039375200009793,-5.1248639862441365,376.329,47.53812631613044,3.511651766085305,353.13,2598550,1789735023,2026-09-18T12:37:03Z,NASDAQ:TER
9.833347210081795,0.2584027672680804,-16.039375200009793,-5.1248639862441365,376.329,47.53812631613044,3.511651766085305,353.13,2598550,1789735200,2026-09-18T12:40:00Z,NASDAQ:TER
9.833347210081795,0.2584027672680804,-16.039375200009793,-5.1248639862441365,376.329,47.53812631613044,3.511651766085305,353.13,2598550,1789735381,2026-09-18T12:43:01Z,NASDAQ:TER
9.833347210081795,0.2584027672680804,-16.039375200009793,-5.1248639862441365,376.329,47.53812631613044,3.511651766085305,353.13,2598550,1789735565,2026-09-18T12:46:05Z,NASDAQ:TER
9.833347210081795,0.2584027672680804,-16.039375200009793,-5.1248639862441365,376.329,47.53812631613044,3.511651766085305,353.13,2598550,1789735740,2026-09-18T12:49:00Z,NASDAQ:TER
9.833347210081795,0.2584027672680804,-16.039375200009793,-5.1248639862441365,376.329,47.53812631613044,3.511651766085305,353.13,2598550,1789735923,2026-09-18T12:52:03Z,NASDAQ:TER
9.833347210081795,0.2584027672680804,-16.039375200009793,-5.1248639862441365,376.329,47.53812631613044,3.511651766085305,353.13,2598550,1789736098,2026-09-18T12:54:58Z,NASDAQ:TER
9.833347210081795,0.2584027672680804,-16.039375200009793,-5.1248639862441365,376.329,47.53812631613044,3.511651766085305,353.13,2598550,1789736280,2026-09-18T12:58:00Z,NASDAQ:TER
9.833347210081795,0.2584027672680804,-16.039375200009793,-5.1248639862441365,376.329,47.53812631613044,3.511651766085305,353.13,2598550,1789736461,2026-09-18T13:01:01Z,NASDAQ:TER
9.833347210081795,0.2584027672680804,-16.039375200009793,-5.1248639862441365,376.329,47.53812631613044,3.511651766085305,353.13,2598550,1789736642,2026-09-18T13:04:02Z,NASDAQ:TER
9.833347210081795,0.2584027672680804,-16.039375200009793,-5.1248639862441365,376.329,47.53812631613044,3.511651766085305,353.13,2598550,1789736821,2026-09-18T13:07:01Z,NASDAQ:TER
9.833347210081795,0.2584027672680804,-16.039375200009793,-5.1248639862441365,376.329,47.53812631613044,3.511651766085305,353.13,2598550,1789737001,2026-09-18T13:10:01Z,NASDAQ:TER
9.833347210081795,0.2584027672680804,-16.039375200009793,-5.1248639862441365,376.329,47.53812631613044,3.511651766085305,353.13,2598550,1789737177,2026-09-18T13:12:57Z,NASDAQ:TER
9.833347210081795,0.2584027672680804,-16.039375200009793,-5.1248639862441365,376.329,47.53812631613044,3.511651766085305,353.13,2598550,1789737359,2026-09-18T13:15:59Z,NASDAQ:TER
9.833347210081795,0.2584027672680804,-16.039375200009793,-5.1248639862441365,376.329,47.53812631613044,3.511651766085305,353.13,2598550,1789737539,2026-09-18T13:18:59Z,NASDAQ:TER
9.833347210081795,0.2584027672680804,-16.039375200009793,-5.1248639862441365,376.329,47.53812631613044,3.511651766085305,353.13,2598550,1789737719,2026-09-18T13:21:59Z,NASDAQ:TER
9.833347210081795,0.2584027672680804,-16.039375200009793,-5.1248639862441365,376.329,47.53812631613044,3.511651766085305,353.13,2598550,1789737905,2026-09-18T13:25:05Z,NASDAQ:TER
9.833347210081795,0.2584027672680804,-16.039375200009793,-5.1248639862441365,376.329,47.53812631613044,3.511651766085305,353.13,2598550,1789738081,2026-09-18T13:28:01Z,NASDAQ:TER
9.833347210081795,0.2584027672680804,-16.039375200009793,-5.1248639862441365,376.329,47.53812631613044,3.511651766085305,353.13,2598550,1789738259,2026-09-18T13:30:59Z,NASDAQ:TER
9.833347210081795,0.2584027672680804,-16.039375200009793,-5.1248639862441365,376.329,47.53812631613044,3.511651766085305,353.13,2598550,1789738442,2026-09-18T13:34:02Z,NASDAQ:TER
9.833347210081795,0.2584027672680804,-16.039375200009793,-5.1248639862441365,376.329,47.53812631613044,3.511651766085305,353.13,2598550,1789738621,2026-09-18T13:37:01Z,NASDAQ:TER
9.833347210081795,0.2584027672680804,-16.039375200009793,-5.1248639862441365,376.329,47.53812631613044,3.511651766085305,353.13,2598550,1789738800,2026-09-18T13:40:00Z,NASDAQ:TER
9.833347210081795,0.2584027672680804,-16.039375200009793,-5.1248639862441365,376.329,47.53812631613044,3.511651766085305,353.13,2598550,1789738982,2026-09-18T13:43:02Z,NASDAQ:TER
9.17424952608403,6.071488086229806,8.784781374801577,-5.807503220548422,376.329,48.99952994956828,1.4583864299266496,358.28,271413,1789739161,2026-09-18T13:46:01Z,NASDAQ:TER
9.1421847652796,6.794345229086957,15.566485329916553,-5.09241002182086,376.329,49.73899764462176,2.2286410103927743,361.0,291002,1789739343,2026-09-18T13:49:03Z,NASDAQ:TER
9.13610051154541,7.142916657658361,16.349675199624926,-5.063490811578197,376.329,49.76845171856065,2.259791011808688,361.11,310111,1789739521,2026-09-18T13:52:01Z,NASDAQ:TER
9.194418410034167,8.242216657658389,20.03684815599426,-4.8150485054026335,376.329,50.02007392136871,2.659077393594423,362.52,331174,1789739697,2026-09-18T13:54:57Z,NASDAQ:TER
9.194418410034167,8.54935951480121,18.326578140540512,-5.097668060046793,376.329,49.733638646959626,2.2229773737717053,360.98,351604,1789739883,2026-09-18T13:58:03Z,NASDAQ:TER
9.209622231957251,8.320059514801187,22.179781900863656,-4.554775613218705,376.329,50.280988452810846,2.807747854897636,363.045,371425,1789740063,2026-09-18T14:01:03Z,NASDAQ:TER
9.218863405164935,9.327202371943995,18.152451243899403,-5.2790703788416495,376.329,49.54805082852896,2.02758191034464,360.29,388289,1789740244,2026-09-18T14:04:04Z,NASDAQ:TER
9.218863405164935,9.787202371944034,15.58247761186308,-5.702342456029656,376.329,49.10963689058739,1.571659162348147,358.68,397590,1789740417,2026-09-18T14:06:57Z,NASDAQ:TER
9.218863405164935,9.667202371944027,16.253821758194803,-5.5919236532849546,376.329,49.22473865603243,1.6905955313907135,359.1,403116,1789740602,2026-09-18T14:10:02Z,NASDAQ:TER
9.218863405164935,10.057202371944015,13.997456910300723,-5.959986329100618,376.329,48.83902591467323,1.2941409679154965,357.7,412133,1789740779,2026-09-18T14:12:59Z,NASDAQ:TER
9.218863405164935,9.410059514801162,17.61848742271032,-5.364513500013153,376.329,49.46016069086042,1.935547815252168,359.965,421898,1789740965,2026-09-18T14:16:05Z,NASDAQ:TER
9.218863405164935,9.845773800515474,15.18256028052004,-5.765438914740913,376.329,49.043629851394,1.5036955228952518,358.44,435402,1789741145,2026-09-18T14:19:05Z,NASDAQ:TER
9.218863405164935,9.561488086229758,12.954822049627802,-5.9915345584562445,376.329,48.80569197037027,1.260159148189049,357.58,446829,1789741319,2026-09-18T14:21:59Z,NASDAQ:TER
9.218863405164935,9.272916657658412,14.574245595307024,-5.726003628046383,376.329,49.08490430042562,1.5461727975533033,358.59,465494,1789741503,2026-09-18T14:25:03Z,NASDAQ:TER
9.218863405164935,9.001945800515557,16.091476607789886,-5.476667981176231,376.329,49.344328358980334,1.814741879760988,359.538398,476636,1789741683,2026-09-18T14:28:03Z,NASDAQ:TER
9.218863405164935,8.882916657658427,16.756905005803546,-5.367142519126119,376.329,49.45745152265232,1.9327159969416328,359.955,488598,1789741859,2026-09-18T14:30:59Z,NASDAQ:TER
9.218863405164935,8.561488086229758,18.55066443355697,-5.0713778689171125,376.329,49.76042221347119,2.2512955568770674,361.08,501791,1789742043,2026-09-18T14:34:03Z,NASDAQ:TER
9.218863405164935,8.255888086229845,20.251805197696488,-4.790177984593944,376.329,50.0451240297014,2.554186843372136,362.1496,513346,1789742219,2026-09-18T14:36:59Z,NASDAQ:TER
9.229335433566106,8.174345229086896,22.48860963214497,-4.485106606725031,376.329,50.35036766661359,2.882791040126868,363.31,525282,1789742403,2026-09-18T14:40:03Z,NASDAQ:TER
9.229335433566106,8.194345229086991,22.37776424001154,-4.503509740515812,376.329,50.3320599069349,2.862968311953109,363.24,532784,1789742579,2026-09-18T14:42:59Z,NASDAQ:TER
9.23852513585597,8.37577380051556,22.9397256187726,-4.468017982490734,376.329,50.36735564834498,2.770934216860653,362.915,539738,1789742763,2026-09-18T14:46:03Z,NASDAQ:TER
9.23852513585597,8.417202371944143,22.710247198484392,-4.5061387596287785,376.329,50.32944341046781,2.860136493642574,363.23,546942,1789742938,2026-09-18T14:48:58Z,NASDAQ:TER
9.24123568848286,8.653630943372718,21.862892401289432,-4.663879906406922,376.329,50.17194754133071,2.690227395010336,362.63,552754,1789743122,2026-09-18T14:52:02Z,NASDAQ:TER
9.24123568848286,8.549345229086953,22.441106636670508,-4.567920708783553,376.329,50.26787628577427,2.793588763344946,362.995,559247,1789743298,2026-09-18T14:54:58Z,NASDAQ:TER
9.24123568848286,8.525059514801228,22.57568999437221,-4.545574046323322,376.329,50.290162856546566,2.817659218984507,363.08,562866,1789743483,2026-09-18T14:58:03Z,NASDAQ:TER
9.24123568848286,8.736488086229883,21.40314501097152,-4.740121460683027,376.329,50.095465953917255,2.608104664004752,362.34,570946,1789743662,2026-09-18T15:01:02Z,NASDAQ:TER
9.24123568848286,8.607888086229877,22.116574020652408,-4.621789310408289,376.329,50.21407030368575,2.7355648061620363,362.7901,580017,1789743841,2026-09-18T15:04:01Z,NASDAQ:TER
9.24123568848286,8.590773800515535,22.21146287862504,-4.6060414859215975,376.329,50.229811861321295,2.752527397842162,362.85,583305,1789744021,2026-09-18T15:07:01Z,NASDAQ:TER
9.24123568848286,8.693630943372682,21.6409834714024,-4.700686173988483,376.329,50.13505468562506,2.65058193866282,362.49,586876,1789744201,2026-09-18T15:10:01Z,NASDAQ:TER
9.24123568848286,8.579345229086925,22.274820486970096,-4.595525409469731,376.329,50.24031821086683,2.7638546710843004,362.89,590919,1789744381,2026-09-18T15:13:01Z,NASDAQ:TER
9.24123568848286,8.48220237194414,22.813126241836404,-4.5061387596287785,376.329,50.32944341046781,2.860136493642574,363.23,596625,1789744561,2026-09-18T15:16:01Z,NASDAQ:TER
9.24123568848286,8.773716657658383,21.196476397288915,-4.774377579725006,376.329,50.06102548799365,2.5712060714184584,362.2097,600837,1789744742,2026-09-18T15:19:02Z,NASDAQ:TER
9.24123568848286,8.749345229086998,21.3317775521812,-4.751952046691376,376.329,50.08357707368738,2.595361481607346,362.295,605553,1789744920,2026-09-18T15:22:00Z,NASDAQ:TER
9.24123568848286,8.650773800515594,21.87874031963404,-4.661250887293956,376.329,50.17458065648767,2.6930592133208706,362.64,608837,1789745098,2026-09-18T15:24:58Z,NASDAQ:TER
9.24123568848286,8.822202371944059,20.927223085369857,-4.818992034072084,376.329,50.01609960909091,2.5231501146886486,362.04,611444,1789745283,2026-09-18T15:28:03Z,NASDAQ:TER
9.24123568848286,8.796488086229829,21.070033977846567,-4.795330862055369,376.329,50.03993600637779,2.5486364794834766,362.13,618694,1789745459,2026-09-18T15:30:59Z,NASDAQ:TER
9.24123568848286,8.885059514801242,20.578005895172147,-4.876830454557408,376.329,49.95773699421325,2.4608501118568227,361.82,620739,1789745640,2026-09-18T15:34:00Z,NASDAQ:TER
9.24123568848286,8.9450595148013,20.24449806986078,-4.93203985592975,376.329,49.90189994374374,2.4013819273355472,361.61,623217,1789745820,2026-09-18T15:37:00Z,NASDAQ:TER
9.24123568848286,8.829345229086925,20.88754817123013,-4.825564581854515,376.329,50.00947435053042,2.5160705689122964,362.015,628309,1789745999,2026-09-18T15:39:59Z,NASDAQ:TER
9.24123568848286,8.8050595148012,21.022433615994,-4.803217919394269,376.329,50.03199306704751,2.5401410245518727,362.1,631171,1789746179,2026-09-18T15:42:59Z,NASDAQ:TER
9.24123568848286,8.597916657658402,22.171861429991043,-4.61261403370403,376.329,50.22324313956685,2.690227395010336,362.63,634184,1789746360,2026-09-18T15:46:00Z,NASDAQ:TER
9.24123568848286,8.725059514801274,21.46657658265344,-4.729605384231146,376.329,50.10602909409829,2.6194319372469064,362.38,647269,1789746538,2026-09-18T15:48:58Z,NASDAQ:TER
9.24123568848286,8.852202371944145,20.76057318588396,-4.846596734758262,376.329,49.98826171560746,2.493416022428003,361.935,655593,1789746720,2026-09-18T15:52:00Z,NASDAQ:TER
9.24123568848286,9.03077380051559,19.76777996950578,-5.010910429318821,376.329,49.821916230903874,2.316427378019428,361.31,659523,1789746897,2026-09-18T15:54:57Z,NASDAQ:TER
9.24123568848286,9.153630943372718,19.083912338289128,-5.1239582511764885,376.329,49.70682650767308,2.194659190666327,360.88,665299,1789747078,2026-09-18T15:57:58Z,NASDAQ:TER
9.24123568848286,9.248630943372632,18.554645412612675,-5.211373136682702,376.329,49.61747011278318,2.10050123184097,360.5475,668079,1789747260,2026-09-18T16:01:00Z,NASDAQ:TER
9.24123568848286,9.027916657658352,19.78367585178621,-5.008281410205855,376.329,49.82458646913843,2.319259196329963,361.32,671248,1789747440,2026-09-18T16:04:00Z,NASDAQ:TER
9.24123568848286,9.050773800515572,19.65649859541675,-5.029313563109603,376.329,49.80321660242179,2.2966046498456696,361.24,672644,1789747621,2026-09-18T16:07:01Z,NASDAQ:TER
9.24123568848286,9.11505951480126,19.298687547048427,-5.08846649315141,376.329,49.743016143053104,2.2328887378585764,361.015,681141,1789747798,2026-09-18T16:09:58Z,NASDAQ:TER
9.24123568848286,8.97220237194415,20.093572780944605,-4.957015537502962,376.329,49.87659937018435,2.3744796533854364,361.515,683886,1789747980,2026-09-18T16:13:00Z,NASDAQ:TER
9.24123568848286,9.03365951480123,19.75172475872773,-5.013565738622926,376.329,49.81921900178429,2.31356724152578,361.2999,686056,1789748160,2026-09-18T16:16:00Z,NASDAQ:TER
9.24123568848286,9.073630943372676,19.5292980250369,-5.05034571601335,376.329,49.78182852496201,2.2739501033613765,361.16,688121,1789748341,2026-09-18T16:19:01Z,NASDAQ:TER
9.24123568848286,9.010773800515494,19.879043498099907,-4.992507295528041,376.329,49.84060193236248,2.336250106193187,361.38,690709,1789748520,2026-09-18T16:22:00Z,NASDAQ:TER
9.24123568848286,9.127916657658377,19.22710319472464,-5.100297079159759,376.329,49.73095871955991,2.2201455554611704,360.97,693077,1789748699,2026-09-18T16:24:59Z,NASDAQ:TER
9.24123568848286,9.265059514801235,18.46307712000846,-5.2264899965822735,376.329,49.60198529060974,2.0842182765553803,360.49,697557,1789748881,2026-09-18T16:28:01Z,NASDAQ:TER
9.24123568848286,9.145059514801233,19.13164590590874,-5.116071193837573,376.329,49.71487315232047,2.2031546455979467,360.91,700358,1789749062,2026-09-18T16:31:02Z,NASDAQ:TER
9.24123568848286,9.025059514801228,19.799571369885093,-5.005652391092888,376.329,49.82725642319343,2.3220910146404976,361.33,704472,1789749243,2026-09-18T16:34:03Z,NASDAQ:TER
9.24123568848286,8.919345229086957,20.38744963444887,-4.908378683913036,376.329,49.92584535878163,2.4268682921303752,361.7,710798,1789749419,2026-09-18T16:36:59Z,NASDAQ:TER
9.24123568848286,9.122202371944129,19.25891937390552,-5.095039040933826,376.329,49.73631828863168,2.22580919208224,360.99,716743,1789749602,2026-09-18T16:40:02Z,NASDAQ:TER
9.24123568848286,9.339345229086916,18.04887840782824,-5.294844493519464,376.329,49.53184797224074,2.010591000481416,360.23,720806,1789749778,2026-09-18T16:42:58Z,NASDAQ:TER
9.24123568848286,9.159345229086966,19.05208813623453,-5.129216289402422,376.329,49.70146064705879,2.188995554045258,360.86,726348,1789749959,2026-09-18T16:45:59Z,NASDAQ:TER
9.24123568848286,9.260773800515494,18.486965664736545,-5.222546467912824,376.329,49.606025727013815,2.088466004021182,360.505,732847,1789750139,2026-09-18T16:48:59Z,NASDAQ:TER
9.24123568848286,9.197916657658425,18.8372366045718,-5.1647080474275,376.329,49.66521111781955,2.1507660068530083,360.725,736087,1789750320,2026-09-18T16:52:00Z,NASDAQ:TER
9.24123568848286,9.1307738005155,19.21119455821084,-5.102926098272741,376.329,49.72827850638679,2.21731373715062,360.96,740750,1789750503,2026-09-18T16:55:03Z,NASDAQ:TER
9.24123568848286,9.250773800515503,18.54270240697976,-5.213344901017426,376.329,49.61545089301903,2.098377368108069,360.54,743712,1789750681,2026-09-18T16:58:01Z,NASDAQ:TER
9.24123568848286,9.19934522908693,18.8292778633825,-5.166022556983983,376.329,49.66386753922242,2.1493500976977407,360.72,746298,1789750859,2026-09-18T17:00:59Z,NASDAQ:TER
9.24123568848286,9.23220237194414,18.646201632451564,-5.196256276783129,376.329,49.63294542243637,2.1167841871265605,360.605,751140,1789751041,2026-09-18T17:04:01Z,NASDAQ:TER
9.24123568848286,9.190773800515558,18.877028942075576,-5.158135499645083,376.329,49.67192793505955,2.1578455526293445,360.75,752898,1789751221,2026-09-18T17:07:01Z,NASDAQ:TER
9.24123568848286,9.319345229086936,18.16041774552439,-5.2764413597286834,376.329,49.55075029314182,2.030413728655174,360.3,756352,1789751401,2026-09-18T17:10:01Z,NASDAQ:TER
9.24123568848286,9.477916657658398,17.27557792211023,-5.422351920498462,376.329,49.40049182123016,1.873247812420357,359.745,758416,1789751580,2026-09-18T17:13:00Z,NASDAQ:TER
9.24123568848286,9.516488086229856,17.060176157027374,-5.45784367852354,376.329,49.36380702696402,1.835018265228108,359.61,761672,1789751763,2026-09-18T17:16:03Z,NASDAQ:TER
9.24123568848286,9.436488086229817,17.506861043950693,-5.384231143360417,376.329,49.4398348471671,1.914309177923142,359.89,764894,1789751941,2026-09-18T17:19:01Z,NASDAQ:TER
9.24123568848286,9.31931665765842,18.16057707462456,-5.276415069537561,376.329,49.55077728632913,2.030442046838272,360.3001,769868,1789752124,2026-09-18T17:22:04Z,NASDAQ:TER
9.24123568848286,9.330773800515544,18.09668317416804,-5.286957436180565,376.329,49.53995070107989,2.0190864554130195,360.26,772852,1789752299,2026-09-18T17:24:59Z,NASDAQ:TER
9.24123568848286,9.406488086229842,17.674293888615363,-5.356626442674238,376.329,49.468286453171565,1.944043270183788,359.995,779351,1789752481,2026-09-18T17:28:01Z,NASDAQ:TER
9.24123568848286,9.433630943372693,17.52280876731823,-5.3816021242474505,376.329,49.44254590422237,1.9171409962336767,359.9,781795,1789752662,2026-09-18T17:31:02Z,NASDAQ:TER
9.24123568848286,9.417916657658452,17.610514704562164,-5.367142519126119,376.329,49.45745152265232,1.9327159969416328,359.955,784300,1789752840,2026-09-18T17:34:00Z,NASDAQ:TER
9.24123568848286,9.547916657658448,16.884614246172294,-5.4867628887662026,376.329,49.33387636048909,1.8038682638121952,359.5,788812,1789753020,2026-09-18T17:37:00Z,NASDAQ:TER
9.24123568848286,9.599059514801295,16.598832340239976,-5.53382233088834,376.329,49.28509529289046,1.753178716053587,359.321,791431,1789753200,2026-09-18T17:40:00Z,NASDAQ:TER
9.24123568848286,9.467916657658408,17.33141192967099,-5.413150353603079,376.329,49.40999401862771,1.8831591765072289,359.78,794191,1789753381,2026-09-18T17:43:01Z,NASDAQ:TER
9.24123568848286,9.522202371944104,17.028259107059384,-5.463101716749488,376.329,49.35836771816898,1.8831591765072289,359.78,796063,1789753562,2026-09-18T17:46:02Z,NASDAQ:TER
9.24123568848286,9.53077380051559,16.980380784413537,-5.470988774088387,376.329,49.35020656354628,1.820859173675419,359.56,798727,1789753742,2026-09-18T17:49:02Z,NASDAQ:TER
9.24123568848286,9.505059514801246,17.124005861106095,-5.447327602071674,376.329,49.37468213996016,1.8463455384702467,359.65,802117,1789753919,2026-09-18T17:51:59Z,NASDAQ:TER
9.24123568848286,9.573630943372676,16.740939701327047,-5.510424060782917,376.329,49.30936130227654,1.7783818990173677,359.41,805315,1789754100,2026-09-18T17:55:00Z,NASDAQ:TER
9.24123568848286,9.570773800515552,16.75690500580383,-5.507795041669951,376.329,49.3120863690998,1.781213717327902,359.42,808293,1789754279,2026-09-18T17:57:59Z,NASDAQ:TER
9.24123568848286,9.492202371944131,17.19580727314176,-5.435497016063309,376.329,49.38691105978244,1.8590887208676683,359.695,812060,1789754461,2026-09-18T18:01:01Z,NASDAQ:TER
9.24123568848286,9.47648808622978,17.283554483511868,-5.421037410941978,376.329,49.40184949653919,1.874663721575625,359.75,813478,1789754643,2026-09-18T18:04:03Z,NASDAQ:TER
9.24123568848286,9.480773800515522,17.259624524686537,-5.424980939611428,376.329,49.39777625202135,1.8704159941098235,359.735,815010,1789754817,2026-09-18T18:06:57Z,NASDAQ:TER
9.24123568848286,9.502202371944122,17.139962371395605,-5.444698582958694,376.329,49.37740018835987,1.8491773567807968,359.66,817284,1789755000,2026-09-18T18:10:00Z,NASDAQ:TER
9.24123568848286,9.539345229086962,16.93249916423102,-5.478875831427303,376.329,49.34204277807709,1.812363718743799,359.53,819852,1789755186,2026-09-18T18:13:06Z,NASDAQ:TER
9.24123568848286,9.522202371944104,17.028259107059384,-5.463101716749488,376.329,49.35836771816898,1.8378500835386429,359.62,822326,1789755362,2026-09-18T18:16:02Z,NASDAQ:TER
9.24123568848286,9.57220237194406,16.748922399387283,-5.509109551226433,376.329,49.31072387231322,1.7797978081726349,359.415,826197,1789755541,2026-09-18T18:19:01Z,NASDAQ:TER
9.24123568848286,9.667916657658452,16.213878925391374,-5.597181691510902,376.329,49.21926942731782,1.6849318947696283,359.08,828308,1789755725,2026-09-18T18:22:05Z,NASDAQ:TER
9.24123568848286,9.60097380051559,16.588133194866955,-5.535583773694035,376.329,49.2832675855378,1.7512813977855202,359.3143,835790,1789755902,2026-09-18T18:25:02Z,NASDAQ:TER
9.24123568848286,9.777916657658352,15.598469526310788,-5.698398927360204,376.329,49.11375665305429,1.5759068898139488,358.695,838534,1789756080,2026-09-18T18:28:00Z,NASDAQ:TER
9.24123568848286,9.76791665765836,15.654438333005103,-5.689197360464807,376.329,49.123366838667295,1.585818253900836,358.73,841685,1789756264,2026-09-18T18:31:04Z,NASDAQ:TER
9.24123568848286,9.627916657658377,16.43752925125225,-5.560375423929326,376.329,49.257529304136526,1.7245773511171614,359.22,844273,1789756438,2026-09-18T18:33:58Z,NASDAQ:TER
9.24123568848286,9.56648808622981,16.780852275204538,-5.503851513000499,376.329,49.31617342001797,1.7854614447937038,359.435,847896,1789756622,2026-09-18T18:37:02Z,NASDAQ:TER
9.24123568848286,9.59363094337266,16.62917230498091,-5.528827194573712,376.329,49.29027762719326,1.7585591708435928,359.34,852049,1789756796,2026-09-18T18:39:56Z,NASDAQ:TER
9.24123568848286,9.59363094337266,16.62917230498091,-5.528827194573712,376.329,49.29027762719326,1.7585591708435928,359.34,854221,1789756981,2026-09-18T18:43:01Z,NASDAQ:TER
9.24123568848286,9.553630943372696,16.85268913514435,-5.492020926992136,376.329,49.32843061918018,1.7982046271911258,359.48,857283,1789757160,2026-09-18T18:46:00Z,NASDAQ:TER
9.24123568848286,9.562202371944068,16.804798719866834,-5.499907984331051,376.329,49.32025981189784,1.789709172259506,359.45,860481,1789757338,2026-09-18T18:48:58Z,NASDAQ:TER
9.24123568848286,9.702202371944168,16.022121395524298,-5.628729920866532,376.329,49.186429296203336,1.6509500750431807,358.96,862289,1789757522,2026-09-18T18:52:02Z,NASDAQ:TER
9.24123568848286,9.667916657658452,16.213878925391374,-5.597181691510902,376.329,49.21926942731782,1.6849318947696283,359.08,864868,1789757702,2026-09-18T18:55:02Z,NASDAQ:TER
9.24123568848286,9.622202371944129,16.469473427839734,-5.555117385703393,376.329,49.26299029500443,1.7302409877382308,359.24,867985,1789757882,2026-09-18T18:58:02Z,NASDAQ:TER
9.24123568848286,9.59363094337266,16.62917230498091,-5.528827194573712,376.329,49.29027762719326,1.7585591708435928,359.34,871065,1789758061,2026-09-18T19:01:01Z,NASDAQ:TER
9.24123568848286,9.565059514801304,16.788834515061243,-5.502537003444018,376.329,49.3175356238632,1.7868773539489715,359.44,875127,1789758240,2026-09-18T19:04:00Z,NASDAQ:TER
9.24123568848286,9.605059514801267,16.565297154879133,-5.539343271025578,376.329,49.27936621723115,1.7472318976014545,359.3,881325,1789758420,2026-09-18T19:07:00Z,NASDAQ:TER
9.24123568848286,9.527916657658352,16.996340591671473,-5.468359754975421,376.329,49.35292724067399,1.8236909919859527,359.57,884891,1789758600,2026-09-18T19:10:00Z,NASDAQ:TER
9.24123568848286,9.505059514801246,17.124005861106095,-5.447327602071674,376.329,49.37468213996016,1.8463455384702467,359.65,887158,1789758777,2026-09-18T19:12:57Z,NASDAQ:TER
9.24123568848286,9.479345229087016,17.267601269168978,-5.423666430054945,376.329,49.3991340730595,1.8718319032650903,359.74,890603,1789758959,2026-09-18T19:15:59Z,NASDAQ:TER
9.24123568848286,9.39077380051549,17.761980709163105,-5.342166837552907,376.329,49.48317689976844,1.959618270891744,360.05,895168,1789759143,2026-09-18T19:19:03Z,NASDAQ:TER
9.24123568848286,9.215059514801284,18.74172568855228,-5.1804821621053145,376.329,49.64908343922448,2.133775096989784,360.665,898677,1789759319,2026-09-18T19:21:59Z,NASDAQ:TER
9.24123568848286,9.330773800515544,18.09668317416804,-5.286957436180565,376.329,49.53995070107989,2.0190864554130195,360.26,904853,1789759503,2026-09-18T19:25:03Z,NASDAQ:TER
