ADX,BBPower,CCI20,Perf.W,Pivot.M.Camarilla.R3,RSI,change,close,volume,timestamp_utc,fecha_iso,simbolo
21.03525963878445,-2.3343035861416865,-50.05083016906148,-3.471086395522121,273.00825000000003,48.54408558688524,-0.2890932982917359,265.58,2410784,1789154909,2026-09-11T19:28:29Z,NYSE:JNJ
21.03525963878445,-2.3296178718559304,-50.15323039507545,-3.4770472140442656,273.00825000000003,48.52458235044117,-0.2952506100994986,265.5636,2424142,1789155085,2026-09-11T19:31:25Z,NYSE:JNJ
21.03525963878445,-2.4028750147131177,-48.55031575499312,-3.3838549049540227,273.00825000000003,48.83130288034603,-0.1989862962267803,265.82,2440449,1789155270,2026-09-11T19:34:30Z,NYSE:JNJ
21.03525963878445,-2.4128750147131086,-48.33118143390103,-3.371133645912833,273.00825000000003,48.87347294474928,-0.1858456917589654,265.855,2458166,1789155450,2026-09-11T19:37:30Z,NYSE:JNJ
21.03525963878445,-2.4114464432844898,-48.36249116389988,-3.372950968633,273.00825000000003,48.867444191098,-0.1877229209686502,265.85,2474603,1789155627,2026-09-11T19:40:27Z,NYSE:JNJ
21.03525963878445,-2.4585893004273203,-47.32841967220059,-3.312979318867448,273.00825000000003,49.067181589882665,-0.1257743570490093,266.015,2500648,1789155808,2026-09-11T19:43:28Z,NYSE:JNJ
21.03525963878445,-2.4971607289987787,-46.48105460431642,-3.263911605422898,273.00825000000003,49.23182164160195,-0.0750891683874771,266.15,2524667,1789155985,2026-09-11T19:46:25Z,NYSE:JNJ
21.03525963878445,-2.4057321575702417,-48.48771399311612,-3.3802202595136888,273.00825000000003,48.84334404261283,-0.1952318378074107,265.83,2549914,1789156166,2026-09-11T19:49:26Z,NYSE:JNJ
21.03525963878445,-2.401446443284499,-48.58161422318442,-3.3856722276741897,273.00825000000003,48.8252845252844,-0.2008635254364651,265.815,2581112,1789156344,2026-09-11T19:52:24Z,NYSE:JNJ
21.03525963878445,-2.378589300427393,-49.082171065065104,-3.414749391196882,273.00825000000003,48.72919220310705,-0.2308991927914432,265.735,2602543,1789156531,2026-09-11T19:55:31Z,NYSE:JNJ
21.03525963878445,-2.4257321575702235,-48.04932142933837,-3.35477774143133,273.00825000000003,48.92779874082305,-0.1689506288718023,265.9,2628300,1789156708,2026-09-11T19:58:28Z,NYSE:JNJ
21.03525963878445,-2.398589300427375,-48.644206334684576,-3.389306873114524,273.00825000000003,48.813252264561775,-0.2046179838558347,265.805,2659304,1789156887,2026-09-11T20:01:27Z,NYSE:JNJ
21.03525963878445,-2.4214464432844807,-48.14328925371304,-3.360229709591831,273.00825000000003,48.90967672790644,-0.1745823165008567,265.885,2684176,1789157064,2026-09-11T20:04:24Z,NYSE:JNJ
21.03525963878445,-2.4028750147131177,-48.55031575499312,-3.3838549049540227,273.00825000000003,48.83130288034603,-0.1989862962267803,265.82,2727905,1789157243,2026-09-11T20:07:23Z,NYSE:JNJ
21.03525963878445,-2.4557321575701963,-47.39114063911017,-3.316613964307782,273.00825000000003,49.055029824835344,-0.1295288154683789,266.005,2790957,1789157429,2026-09-11T20:10:29Z,NYSE:JNJ
21.03525963878445,-2.4157321575702326,-48.26855714580079,-3.367499000472499,273.00825000000003,48.885534915740266,-0.1820912333395958,265.865,2875996,1789157605,2026-09-11T20:13:25Z,NYSE:JNJ
21.03525963878445,-2.3343035861416865,-50.05083016906148,-3.471086395522121,273.00825000000003,48.54408558688524,-0.2890932982917359,265.58,4380749,1789157785,2026-09-11T20:16:25Z,NYSE:JNJ
21.03525963878445,-2.3343035861416865,-50.05083016906148,-3.471086395522121,273.00825000000003,48.54408558688524,-0.2890932982917359,265.58,4381157,1789157971,2026-09-11T20:19:31Z,NYSE:JNJ
21.03525963878445,-2.3343035861416865,-50.05083016906148,-3.471086395522121,273.00825000000003,48.54408558688524,-0.2890932982917359,265.58,4381289,1789158145,2026-09-11T20:22:25Z,NYSE:JNJ
21.03525963878445,-2.3343035861416865,-50.05083016906148,-3.471086395522121,273.00825000000003,48.54408558688524,-0.2890932982917359,265.58,4381297,1789158328,2026-09-11T20:25:28Z,NYSE:JNJ
21.03525963878445,-2.3343035861416865,-50.05083016906148,-3.471086395522121,273.00825000000003,48.54408558688524,-0.2890932982917359,265.58,4386267,1789158509,2026-09-11T20:28:29Z,NYSE:JNJ
21.03525963878445,-2.3343035861416865,-50.05083016906148,-3.471086395522121,273.00825000000003,48.54408558688524,-0.2890932982917359,265.58,4386376,1789158683,2026-09-11T20:31:23Z,NYSE:JNJ
21.03525963878445,-2.3343035861416865,-50.05083016906148,-3.471086395522121,273.00825000000003,48.54408558688524,-0.2890932982917359,265.58,4386404,1789158865,2026-09-11T20:34:25Z,NYSE:JNJ
21.03525963878445,-2.3343035861416865,-50.05083016906148,-3.471086395522121,273.00825000000003,48.54408558688524,-0.2890932982917359,265.58,4386519,1789159044,2026-09-11T20:37:24Z,NYSE:JNJ
21.03525963878445,-2.3343035861416865,-50.05083016906148,-3.471086395522121,273.00825000000003,48.54408558688524,-0.2890932982917359,265.58,4386519,1789159223,2026-09-11T20:40:23Z,NYSE:JNJ
21.03525963878445,-2.3343035861416865,-50.05083016906148,-3.471086395522121,273.00825000000003,48.54408558688524,-0.2890932982917359,265.58,4386528,1789159411,2026-09-11T20:43:31Z,NYSE:JNJ
21.03525963878445,-2.3343035861416865,-50.05083016906148,-3.471086395522121,273.00825000000003,48.54408558688524,-0.2890932982917359,265.58,4386533,1789159586,2026-09-11T20:46:26Z,NYSE:JNJ
21.03525963878445,-2.3343035861416865,-50.05083016906148,-3.471086395522121,273.00825000000003,48.54408558688524,-0.2890932982917359,265.58,4386521,1789159767,2026-09-11T20:49:27Z,NYSE:JNJ
21.03525963878445,-2.3343035861416865,-50.05083016906148,-3.471086395522121,273.00825000000003,48.54408558688524,-0.2890932982917359,265.58,4386521,1789159942,2026-09-11T20:52:22Z,NYSE:JNJ
21.03525963878445,-2.3343035861416865,-50.05083016906148,-3.471086395522121,273.00825000000003,48.54408558688524,-0.2890932982917359,265.58,4386592,1789160128,2026-09-11T20:55:28Z,NYSE:JNJ
21.03525963878445,-2.3343035861416865,-50.05083016906148,-3.471086395522121,273.00825000000003,48.54408558688524,-0.2890932982917359,265.58,4386628,1789160308,2026-09-11T20:58:28Z,NYSE:JNJ
21.03525963878445,-2.3343035861416865,-50.05083016906148,-3.471086395522121,273.00825000000003,48.54408558688524,-0.2890932982917359,265.58,4386629,1789160486,2026-09-11T21:01:26Z,NYSE:JNJ
21.03525963878445,-2.3343035861416865,-50.05083016906148,-3.471086395522121,273.00825000000003,48.54408558688524,-0.2890932982917359,265.58,4386645,1789160663,2026-09-11T21:04:23Z,NYSE:JNJ
21.03525963878445,-2.3343035861416865,-50.05083016906148,-3.471086395522121,273.00825000000003,48.54408558688524,-0.2890932982917359,265.58,4388737,1789160847,2026-09-11T21:07:27Z,NYSE:JNJ
21.03525963878445,-2.3343035861416865,-50.05083016906148,-3.471086395522121,273.00825000000003,48.54408558688524,-0.2890932982917359,265.58,4388784,1789161026,2026-09-11T21:10:26Z,NYSE:JNJ
21.03525963878445,-2.3343035861416865,-50.05083016906148,-3.471086395522121,273.00825000000003,48.54408558688524,-0.2890932982917359,265.58,4389262,1789161209,2026-09-11T21:13:29Z,NYSE:JNJ
21.03525963878445,-2.3343035861416865,-50.05083016906148,-3.471086395522121,273.00825000000003,48.54408558688524,-0.2890932982917359,265.58,4637280,1789161387,2026-09-11T21:16:27Z,NYSE:JNJ
21.03525963878445,-2.3343035861416865,-50.05083016906148,-3.471086395522121,273.00825000000003,48.54408558688524,-0.2890932982917359,265.58,4637288,1789161569,2026-09-11T21:19:29Z,NYSE:JNJ
21.03525963878445,-2.3343035861416865,-50.05083016906148,-3.471086395522121,273.00825000000003,48.54408558688524,-0.2890932982917359,265.58,4637409,1789161744,2026-09-11T21:22:24Z,NYSE:JNJ
21.03525963878445,-2.3343035861416865,-50.05083016906148,-3.471086395522121,273.00825000000003,48.54408558688524,-0.2890932982917359,265.58,4637436,1789161925,2026-09-11T21:25:25Z,NYSE:JNJ
21.03525963878445,-2.3343035861416865,-50.05083016906148,-3.471086395522121,273.00825000000003,48.54408558688524,-0.2890932982917359,265.58,4637439,1789162104,2026-09-11T21:28:24Z,NYSE:JNJ
21.03525963878445,-2.3343035861416865,-50.05083016906148,-3.471086395522121,273.00825000000003,48.54408558688524,-0.2890932982917359,265.58,4637891,1789162285,2026-09-11T21:31:25Z,NYSE:JNJ
21.03525963878445,-2.3343035861416865,-50.05083016906148,-3.471086395522121,273.00825000000003,48.54408558688524,-0.2890932982917359,265.58,4637958,1789162469,2026-09-11T21:34:29Z,NYSE:JNJ
21.03525963878445,-2.3343035861416865,-50.05083016906148,-3.471086395522121,273.00825000000003,48.54408558688524,-0.2890932982917359,265.58,4637966,1789162646,2026-09-11T21:37:26Z,NYSE:JNJ
21.03525963878445,-2.3343035861416865,-50.05083016906148,-3.471086395522121,273.00825000000003,48.54408558688524,-0.2890932982917359,265.58,4638489,1789162828,2026-09-11T21:40:28Z,NYSE:JNJ
21.03525963878445,-2.3343035861416865,-50.05083016906148,-3.471086395522121,273.00825000000003,48.54408558688524,-0.2890932982917359,265.58,4638504,1789163002,2026-09-11T21:43:22Z,NYSE:JNJ
21.03525963878445,-2.3343035861416865,-50.05083016906148,-3.471086395522121,273.00825000000003,48.54408558688524,-0.2890932982917359,265.58,4640570,1789163184,2026-09-11T21:46:24Z,NYSE:JNJ
21.03525963878445,-2.3343035861416865,-50.05083016906148,-3.471086395522121,273.00825000000003,48.54408558688524,-0.2890932982917359,265.58,4644670,1789163369,2026-09-11T21:49:29Z,NYSE:JNJ
21.03525963878445,-2.3343035861416865,-50.05083016906148,-3.471086395522121,273.00825000000003,48.54408558688524,-0.2890932982917359,265.58,4700373,1789163543,2026-09-11T21:52:23Z,NYSE:JNJ
21.03525963878445,-2.3343035861416865,-50.05083016906148,-3.471086395522121,273.00825000000003,48.54408558688524,-0.2890932982917359,265.58,4700449,1789163725,2026-09-11T21:55:25Z,NYSE:JNJ
21.03525963878445,-2.3343035861416865,-50.05083016906148,-3.471086395522121,273.00825000000003,48.54408558688524,-0.2890932982917359,265.58,4700453,1789163903,2026-09-11T21:58:23Z,NYSE:JNJ
21.03525963878445,-2.3343035861416865,-50.05083016906148,-3.471086395522121,273.00825000000003,48.54408558688524,-0.2890932982917359,265.58,4706291,1789362086,2026-09-14T05:01:26Z,NYSE:JNJ
21.03525963878445,-2.3343035861416865,-50.05083016906148,-3.471086395522121,273.00825000000003,48.54408558688524,-0.2890932982917359,265.58,4706291,1789362267,2026-09-14T05:04:27Z,NYSE:JNJ
21.03525963878445,-2.3343035861416865,-50.05083016906148,-3.471086395522121,273.00825000000003,48.54408558688524,-0.2890932982917359,265.58,4706291,1789362442,2026-09-14T05:07:22Z,NYSE:JNJ
21.03525963878445,-2.3343035861416865,-50.05083016906148,-3.471086395522121,273.00825000000003,48.54408558688524,-0.2890932982917359,265.58,4706291,1789362623,2026-09-14T05:10:23Z,NYSE:JNJ
21.03525963878445,-2.3343035861416865,-50.05083016906148,-3.471086395522121,273.00825000000003,48.54408558688524,-0.2890932982917359,265.58,4706291,1789362803,2026-09-14T05:13:23Z,NYSE:JNJ
21.03525963878445,-2.3343035861416865,-50.05083016906148,-3.471086395522121,273.00825000000003,48.54408558688524,-0.2890932982917359,265.58,4706291,1789362986,2026-09-14T05:16:26Z,NYSE:JNJ
21.03525963878445,-2.3343035861416865,-50.05083016906148,-3.471086395522121,273.00825000000003,48.54408558688524,-0.2890932982917359,265.58,4706291,1789363161,2026-09-14T05:19:21Z,NYSE:JNJ
21.03525963878445,-2.3343035861416865,-50.05083016906148,-3.471086395522121,273.00825000000003,48.54408558688524,-0.2890932982917359,265.58,4706291,1789363345,2026-09-14T05:22:25Z,NYSE:JNJ
21.03525963878445,-2.3343035861416865,-50.05083016906148,-3.471086395522121,273.00825000000003,48.54408558688524,-0.2890932982917359,265.58,4706291,1789363522,2026-09-14T05:25:22Z,NYSE:JNJ
21.03525963878445,-2.3343035861416865,-50.05083016906148,-3.471086395522121,273.00825000000003,48.54408558688524,-0.2890932982917359,265.58,4706291,1789363707,2026-09-14T05:28:27Z,NYSE:JNJ
21.03525963878445,-2.3343035861416865,-50.05083016906148,-3.471086395522121,273.00825000000003,48.54408558688524,-0.2890932982917359,265.58,4706291,1789363881,2026-09-14T05:31:21Z,NYSE:JNJ
21.03525963878445,-2.3343035861416865,-50.05083016906148,-3.471086395522121,273.00825000000003,48.54408558688524,-0.2890932982917359,265.58,4706291,1789364062,2026-09-14T05:34:22Z,NYSE:JNJ
21.03525963878445,-2.3343035861416865,-50.05083016906148,-3.471086395522121,273.00825000000003,48.54408558688524,-0.2890932982917359,265.58,4706291,1789364247,2026-09-14T05:37:27Z,NYSE:JNJ
21.03525963878445,-2.3343035861416865,-50.05083016906148,-3.471086395522121,273.00825000000003,48.54408558688524,-0.2890932982917359,265.58,4706291,1789364421,2026-09-14T05:40:21Z,NYSE:JNJ
21.03525963878445,-2.3343035861416865,-50.05083016906148,-3.471086395522121,273.00825000000003,48.54408558688524,-0.2890932982917359,265.58,4706291,1789364606,2026-09-14T05:43:26Z,NYSE:JNJ
21.03525963878445,-2.3343035861416865,-50.05083016906148,-3.471086395522121,273.00825000000003,48.54408558688524,-0.2890932982917359,265.58,4706291,1789364785,2026-09-14T05:46:25Z,NYSE:JNJ
21.03525963878445,-2.3343035861416865,-50.05083016906148,-3.471086395522121,273.00825000000003,48.54408558688524,-0.2890932982917359,265.58,4706291,1789364967,2026-09-14T05:49:27Z,NYSE:JNJ
21.03525963878445,-2.3343035861416865,-50.05083016906148,-3.471086395522121,273.00825000000003,48.54408558688524,-0.2890932982917359,265.58,4706291,1789365144,2026-09-14T05:52:24Z,NYSE:JNJ
21.03525963878445,-2.3343035861416865,-50.05083016906148,-3.471086395522121,273.00825000000003,48.54408558688524,-0.2890932982917359,265.58,4706291,1789365321,2026-09-14T05:55:21Z,NYSE:JNJ
21.03525963878445,-2.3343035861416865,-50.05083016906148,-3.471086395522121,273.00825000000003,48.54408558688524,-0.2890932982917359,265.58,4706291,1789365505,2026-09-14T05:58:25Z,NYSE:JNJ
21.03525963878445,-2.3343035861416865,-50.05083016906148,-3.471086395522121,273.00825000000003,48.54408558688524,-0.2890932982917359,265.58,4706291,1789365682,2026-09-14T06:01:22Z,NYSE:JNJ
21.03525963878445,-2.3343035861416865,-50.05083016906148,-3.471086395522121,273.00825000000003,48.54408558688524,-0.2890932982917359,265.58,4706291,1789365859,2026-09-14T06:04:19Z,NYSE:JNJ
21.03525963878445,-2.3343035861416865,-50.05083016906148,-3.471086395522121,273.00825000000003,48.54408558688524,-0.2890932982917359,265.58,4706291,1789366043,2026-09-14T06:07:23Z,NYSE:JNJ
21.03525963878445,-2.3343035861416865,-50.05083016906148,-3.471086395522121,273.00825000000003,48.54408558688524,-0.2890932982917359,265.58,4706291,1789366227,2026-09-14T06:10:27Z,NYSE:JNJ
21.03525963878445,-2.3343035861416865,-50.05083016906148,-3.471086395522121,273.00825000000003,48.54408558688524,-0.2890932982917359,265.58,4706291,1789366408,2026-09-14T06:13:28Z,NYSE:JNJ
21.03525963878445,-2.3343035861416865,-50.05083016906148,-3.471086395522121,273.00825000000003,48.54408558688524,-0.2890932982917359,265.58,4706291,1789366582,2026-09-14T06:16:22Z,NYSE:JNJ
21.03525963878445,-2.3343035861416865,-50.05083016906148,-3.471086395522121,273.00825000000003,48.54408558688524,-0.2890932982917359,265.58,4706291,1789366762,2026-09-14T06:19:22Z,NYSE:JNJ
21.03525963878445,-2.3343035861416865,-50.05083016906148,-3.471086395522121,273.00825000000003,48.54408558688524,-0.2890932982917359,265.58,4706291,1789366944,2026-09-14T06:22:24Z,NYSE:JNJ
21.03525963878445,-2.3343035861416865,-50.05083016906148,-3.471086395522121,273.00825000000003,48.54408558688524,-0.2890932982917359,265.58,4706291,1789367121,2026-09-14T06:25:21Z,NYSE:JNJ
21.03525963878445,-2.3343035861416865,-50.05083016906148,-3.471086395522121,273.00825000000003,48.54408558688524,-0.2890932982917359,265.58,4706291,1789367304,2026-09-14T06:28:24Z,NYSE:JNJ
21.03525963878445,-2.3343035861416865,-50.05083016906148,-3.471086395522121,273.00825000000003,48.54408558688524,-0.2890932982917359,265.58,4706291,1789367482,2026-09-14T06:31:22Z,NYSE:JNJ
21.03525963878445,-2.3343035861416865,-50.05083016906148,-3.471086395522121,273.00825000000003,48.54408558688524,-0.2890932982917359,265.58,4706291,1789367669,2026-09-14T06:34:29Z,NYSE:JNJ
21.03525963878445,-2.3343035861416865,-50.05083016906148,-3.471086395522121,273.00825000000003,48.54408558688524,-0.2890932982917359,265.58,4706291,1789367846,2026-09-14T06:37:26Z,NYSE:JNJ
21.03525963878445,-2.3343035861416865,-50.05083016906148,-3.471086395522121,273.00825000000003,48.54408558688524,-0.2890932982917359,265.58,4706291,1789368025,2026-09-14T06:40:25Z,NYSE:JNJ
21.03525963878445,-2.3343035861416865,-50.05083016906148,-3.471086395522121,273.00825000000003,48.54408558688524,-0.2890932982917359,265.58,4706291,1789368207,2026-09-14T06:43:27Z,NYSE:JNJ
21.03525963878445,-2.3343035861416865,-50.05083016906148,-3.471086395522121,273.00825000000003,48.54408558688524,-0.2890932982917359,265.58,4706291,1789368386,2026-09-14T06:46:26Z,NYSE:JNJ
21.03525963878445,-2.3343035861416865,-50.05083016906148,-3.471086395522121,273.00825000000003,48.54408558688524,-0.2890932982917359,265.58,4706291,1789368561,2026-09-14T06:49:21Z,NYSE:JNJ
21.03525963878445,-2.3343035861416865,-50.05083016906148,-3.471086395522121,273.00825000000003,48.54408558688524,-0.2890932982917359,265.58,4706291,1789368745,2026-09-14T06:52:25Z,NYSE:JNJ
21.03525963878445,-2.3343035861416865,-50.05083016906148,-3.471086395522121,273.00825000000003,48.54408558688524,-0.2890932982917359,265.58,4706291,1789368927,2026-09-14T06:55:27Z,NYSE:JNJ
21.03525963878445,-2.3343035861416865,-50.05083016906148,-3.471086395522121,273.00825000000003,48.54408558688524,-0.2890932982917359,265.58,4706291,1789369110,2026-09-14T06:58:30Z,NYSE:JNJ
21.03525963878445,-2.3343035861416865,-50.05083016906148,-3.471086395522121,273.00825000000003,48.54408558688524,-0.2890932982917359,265.58,4706291,1789369285,2026-09-14T07:01:25Z,NYSE:JNJ
21.03525963878445,-2.3343035861416865,-50.05083016906148,-3.471086395522121,273.00825000000003,48.54408558688524,-0.2890932982917359,265.58,4706291,1789369465,2026-09-14T07:04:25Z,NYSE:JNJ
21.03525963878445,-2.3343035861416865,-50.05083016906148,-3.471086395522121,273.00825000000003,48.54408558688524,-0.2890932982917359,265.58,4706291,1789369646,2026-09-14T07:07:26Z,NYSE:JNJ
21.03525963878445,-2.3343035861416865,-50.05083016906148,-3.471086395522121,273.00825000000003,48.54408558688524,-0.2890932982917359,265.58,4706291,1789369827,2026-09-14T07:10:27Z,NYSE:JNJ
21.03525963878445,-2.3343035861416865,-50.05083016906148,-3.471086395522121,273.00825000000003,48.54408558688524,-0.2890932982917359,265.58,4706291,1789370007,2026-09-14T07:13:27Z,NYSE:JNJ
21.03525963878445,-2.3343035861416865,-50.05083016906148,-3.471086395522121,273.00825000000003,48.54408558688524,-0.2890932982917359,265.58,4706291,1789370186,2026-09-14T07:16:26Z,NYSE:JNJ
21.03525963878445,-2.3343035861416865,-50.05083016906148,-3.471086395522121,273.00825000000003,48.54408558688524,-0.2890932982917359,265.58,4706291,1789370365,2026-09-14T07:19:25Z,NYSE:JNJ
21.03525963878445,-2.3343035861416865,-50.05083016906148,-3.471086395522121,273.00825000000003,48.54408558688524,-0.2890932982917359,265.58,4706291,1789370546,2026-09-14T07:22:26Z,NYSE:JNJ
21.03525963878445,-2.3343035861416865,-50.05083016906148,-3.471086395522121,273.00825000000003,48.54408558688524,-0.2890932982917359,265.58,4706291,1789370725,2026-09-14T07:25:25Z,NYSE:JNJ
21.03525963878445,-2.3343035861416865,-50.05083016906148,-3.471086395522121,273.00825000000003,48.54408558688524,-0.2890932982917359,265.58,4706291,1789370903,2026-09-14T07:28:23Z,NYSE:JNJ
21.03525963878445,-2.3343035861416865,-50.05083016906148,-3.471086395522121,273.00825000000003,48.54408558688524,-0.2890932982917359,265.58,4706291,1789371083,2026-09-14T07:31:23Z,NYSE:JNJ
21.03525963878445,-2.3343035861416865,-50.05083016906148,-3.471086395522121,273.00825000000003,48.54408558688524,-0.2890932982917359,265.58,4706291,1789371268,2026-09-14T07:34:28Z,NYSE:JNJ
21.03525963878445,-2.3343035861416865,-50.05083016906148,-3.471086395522121,273.00825000000003,48.54408558688524,-0.2890932982917359,265.58,4706291,1789371447,2026-09-14T07:37:27Z,NYSE:JNJ
21.03525963878445,-2.3343035861416865,-50.05083016906148,-3.471086395522121,273.00825000000003,48.54408558688524,-0.2890932982917359,265.58,4706291,1789371623,2026-09-14T07:40:23Z,NYSE:JNJ
21.03525963878445,-2.3343035861416865,-50.05083016906148,-3.471086395522121,273.00825000000003,48.54408558688524,-0.2890932982917359,265.58,4706291,1789371803,2026-09-14T07:43:23Z,NYSE:JNJ
21.03525963878445,-2.3343035861416865,-50.05083016906148,-3.471086395522121,273.00825000000003,48.54408558688524,-0.2890932982917359,265.58,4706291,1789371989,2026-09-14T07:46:29Z,NYSE:JNJ
21.03525963878445,-2.3343035861416865,-50.05083016906148,-3.471086395522121,273.00825000000003,48.54408558688524,-0.2890932982917359,265.58,4706291,1789372169,2026-09-14T07:49:29Z,NYSE:JNJ
21.03525963878445,-2.3343035861416865,-50.05083016906148,-3.471086395522121,273.00825000000003,48.54408558688524,-0.2890932982917359,265.58,4706291,1789372345,2026-09-14T07:52:25Z,NYSE:JNJ
21.03525963878445,-2.3343035861416865,-50.05083016906148,-3.471086395522121,273.00825000000003,48.54408558688524,-0.2890932982917359,265.58,4706291,1789372526,2026-09-14T07:55:26Z,NYSE:JNJ
21.03525963878445,-2.3343035861416865,-50.05083016906148,-3.471086395522121,273.00825000000003,48.54408558688524,-0.2890932982917359,265.58,4706291,1789372704,2026-09-14T07:58:24Z,NYSE:JNJ
21.03525963878445,-2.3343035861416865,-50.05083016906148,-3.471086395522121,273.00825000000003,48.54408558688524,-0.2890932982917359,265.58,4706291,1789372886,2026-09-14T08:01:26Z,NYSE:JNJ
21.03525963878445,-2.3343035861416865,-50.05083016906148,-3.471086395522121,273.00825000000003,48.54408558688524,-0.2890932982917359,265.58,4706291,1789373069,2026-09-14T08:04:29Z,NYSE:JNJ
21.03525963878445,-2.3343035861416865,-50.05083016906148,-3.471086395522121,273.00825000000003,48.54408558688524,-0.2890932982917359,265.58,4706291,1789373249,2026-09-14T08:07:29Z,NYSE:JNJ
21.03525963878445,-2.3343035861416865,-50.05083016906148,-3.471086395522121,273.00825000000003,48.54408558688524,-0.2890932982917359,265.58,4706291,1789373425,2026-09-14T08:10:25Z,NYSE:JNJ
21.03525963878445,-2.3343035861416865,-50.05083016906148,-3.471086395522121,273.00825000000003,48.54408558688524,-0.2890932982917359,265.58,4706291,1789373611,2026-09-14T08:13:31Z,NYSE:JNJ
21.03525963878445,-2.3343035861416865,-50.05083016906148,-3.471086395522121,273.00825000000003,48.54408558688524,-0.2890932982917359,265.58,4706291,1789373785,2026-09-14T08:16:25Z,NYSE:JNJ
21.03525963878445,-2.3343035861416865,-50.05083016906148,-3.471086395522121,273.00825000000003,48.54408558688524,-0.2890932982917359,265.58,4706291,1789373967,2026-09-14T08:19:27Z,NYSE:JNJ
21.03525963878445,-2.3343035861416865,-50.05083016906148,-3.471086395522121,273.00825000000003,48.54408558688524,-0.2890932982917359,265.58,4706291,1789374147,2026-09-14T08:22:27Z,NYSE:JNJ
21.03525963878445,-2.3343035861416865,-50.05083016906148,-3.471086395522121,273.00825000000003,48.54408558688524,-0.2890932982917359,265.58,4706291,1789374328,2026-09-14T08:25:28Z,NYSE:JNJ
21.03525963878445,-2.3343035861416865,-50.05083016906148,-3.471086395522121,273.00825000000003,48.54408558688524,-0.2890932982917359,265.58,4706291,1789374503,2026-09-14T08:28:23Z,NYSE:JNJ
21.03525963878445,-2.3343035861416865,-50.05083016906148,-3.471086395522121,273.00825000000003,48.54408558688524,-0.2890932982917359,265.58,4706291,1789374685,2026-09-14T08:31:25Z,NYSE:JNJ
21.03525963878445,-2.3343035861416865,-50.05083016906148,-3.471086395522121,273.00825000000003,48.54408558688524,-0.2890932982917359,265.58,4706291,1789374868,2026-09-14T08:34:28Z,NYSE:JNJ
21.03525963878445,-2.3343035861416865,-50.05083016906148,-3.471086395522121,273.00825000000003,48.54408558688524,-0.2890932982917359,265.58,4706291,1789375046,2026-09-14T08:37:26Z,NYSE:JNJ
21.03525963878445,-2.3343035861416865,-50.05083016906148,-3.471086395522121,273.00825000000003,48.54408558688524,-0.2890932982917359,265.58,4706291,1789375226,2026-09-14T08:40:26Z,NYSE:JNJ
21.03525963878445,-2.3343035861416865,-50.05083016906148,-3.471086395522121,273.00825000000003,48.54408558688524,-0.2890932982917359,265.58,4706291,1789375403,2026-09-14T08:43:23Z,NYSE:JNJ
21.03525963878445,-2.3343035861416865,-50.05083016906148,-3.471086395522121,273.00825000000003,48.54408558688524,-0.2890932982917359,265.58,4706291,1789375584,2026-09-14T08:46:24Z,NYSE:JNJ
21.03525963878445,-2.3343035861416865,-50.05083016906148,-3.471086395522121,273.00825000000003,48.54408558688524,-0.2890932982917359,265.58,4706291,1789375768,2026-09-14T08:49:28Z,NYSE:JNJ
21.03525963878445,-2.3343035861416865,-50.05083016906148,-3.471086395522121,273.00825000000003,48.54408558688524,-0.2890932982917359,265.58,4706291,1789375945,2026-09-14T08:52:25Z,NYSE:JNJ
21.03525963878445,-2.3343035861416865,-50.05083016906148,-3.471086395522121,273.00825000000003,48.54408558688524,-0.2890932982917359,265.58,4706291,1789376127,2026-09-14T08:55:27Z,NYSE:JNJ
21.03525963878445,-2.3343035861416865,-50.05083016906148,-3.471086395522121,273.00825000000003,48.54408558688524,-0.2890932982917359,265.58,4706291,1789376308,2026-09-14T08:58:28Z,NYSE:JNJ
21.03525963878445,-2.3343035861416865,-50.05083016906148,-3.471086395522121,273.00825000000003,48.54408558688524,-0.2890932982917359,265.58,4706291,1789376482,2026-09-14T09:01:22Z,NYSE:JNJ
21.03525963878445,-2.3343035861416865,-50.05083016906148,-3.471086395522121,273.00825000000003,48.54408558688524,-0.2890932982917359,265.58,4706291,1789376665,2026-09-14T09:04:25Z,NYSE:JNJ
21.03525963878445,-2.3343035861416865,-50.05083016906148,-3.471086395522121,273.00825000000003,48.54408558688524,-0.2890932982917359,265.58,4706291,1789376847,2026-09-14T09:07:27Z,NYSE:JNJ
21.03525963878445,-2.3343035861416865,-50.05083016906148,-3.471086395522121,273.00825000000003,48.54408558688524,-0.2890932982917359,265.58,4706291,1789377023,2026-09-14T09:10:23Z,NYSE:JNJ
21.03525963878445,-2.3343035861416865,-50.05083016906148,-3.471086395522121,273.00825000000003,48.54408558688524,-0.2890932982917359,265.58,4706291,1789377209,2026-09-14T09:13:29Z,NYSE:JNJ
21.03525963878445,-2.3343035861416865,-50.05083016906148,-3.471086395522121,273.00825000000003,48.54408558688524,-0.2890932982917359,265.58,4706291,1789377386,2026-09-14T09:16:26Z,NYSE:JNJ
21.03525963878445,-2.3343035861416865,-50.05083016906148,-3.471086395522121,273.00825000000003,48.54408558688524,-0.2890932982917359,265.58,4706291,1789377564,2026-09-14T09:19:24Z,NYSE:JNJ
21.03525963878445,-2.3343035861416865,-50.05083016906148,-3.471086395522121,273.00825000000003,48.54408558688524,-0.2890932982917359,265.58,4706291,1789377744,2026-09-14T09:22:24Z,NYSE:JNJ
21.03525963878445,-2.3343035861416865,-50.05083016906148,-3.471086395522121,273.00825000000003,48.54408558688524,-0.2890932982917359,265.58,4706291,1789377926,2026-09-14T09:25:26Z,NYSE:JNJ
21.03525963878445,-2.3343035861416865,-50.05083016906148,-3.471086395522121,273.00825000000003,48.54408558688524,-0.2890932982917359,265.58,4706291,1789378106,2026-09-14T09:28:26Z,NYSE:JNJ
21.03525963878445,-2.3343035861416865,-50.05083016906148,-3.471086395522121,273.00825000000003,48.54408558688524,-0.2890932982917359,265.58,4706291,1789378284,2026-09-14T09:31:24Z,NYSE:JNJ
21.03525963878445,-2.3343035861416865,-50.05083016906148,-3.471086395522121,273.00825000000003,48.54408558688524,-0.2890932982917359,265.58,4706291,1789378466,2026-09-14T09:34:26Z,NYSE:JNJ
21.03525963878445,-2.3343035861416865,-50.05083016906148,-3.471086395522121,273.00825000000003,48.54408558688524,-0.2890932982917359,265.58,4706291,1789378646,2026-09-14T09:37:26Z,NYSE:JNJ
21.03525963878445,-2.3343035861416865,-50.05083016906148,-3.471086395522121,273.00825000000003,48.54408558688524,-0.2890932982917359,265.58,4706291,1789378845,2026-09-14T09:40:45Z,NYSE:JNJ
21.03525963878445,-2.3343035861416865,-50.05083016906148,-3.471086395522121,273.00825000000003,48.54408558688524,-0.2890932982917359,265.58,4706291,1789379005,2026-09-14T09:43:25Z,NYSE:JNJ
21.03525963878445,-2.3343035861416865,-50.05083016906148,-3.471086395522121,273.00825000000003,48.54408558688524,-0.2890932982917359,265.58,4706291,1789379184,2026-09-14T09:46:24Z,NYSE:JNJ
21.03525963878445,-2.3343035861416865,-50.05083016906148,-3.471086395522121,273.00825000000003,48.54408558688524,-0.2890932982917359,265.58,4706291,1789379365,2026-09-14T09:49:25Z,NYSE:JNJ
21.03525963878445,-2.3343035861416865,-50.05083016906148,-3.471086395522121,273.00825000000003,48.54408558688524,-0.2890932982917359,265.58,4706291,1789379544,2026-09-14T09:52:24Z,NYSE:JNJ
21.03525963878445,-2.3343035861416865,-50.05083016906148,-3.471086395522121,273.00825000000003,48.54408558688524,-0.2890932982917359,265.58,4706291,1789379725,2026-09-14T09:55:25Z,NYSE:JNJ
21.03525963878445,-2.3343035861416865,-50.05083016906148,-3.471086395522121,273.00825000000003,48.54408558688524,-0.2890932982917359,265.58,4706291,1789379905,2026-09-14T09:58:25Z,NYSE:JNJ
21.03525963878445,-2.3343035861416865,-50.05083016906148,-3.471086395522121,273.00825000000003,48.54408558688524,-0.2890932982917359,265.58,4706291,1789380088,2026-09-14T10:01:28Z,NYSE:JNJ
21.03525963878445,-2.3343035861416865,-50.05083016906148,-3.471086395522121,273.00825000000003,48.54408558688524,-0.2890932982917359,265.58,4706291,1789380264,2026-09-14T10:04:24Z,NYSE:JNJ
21.03525963878445,-2.3343035861416865,-50.05083016906148,-3.471086395522121,273.00825000000003,48.54408558688524,-0.2890932982917359,265.58,4706291,1789380443,2026-09-14T10:07:23Z,NYSE:JNJ
21.03525963878445,-2.3343035861416865,-50.05083016906148,-3.471086395522121,273.00825000000003,48.54408558688524,-0.2890932982917359,265.58,4706291,1789380625,2026-09-14T10:10:25Z,NYSE:JNJ
21.03525963878445,-2.3343035861416865,-50.05083016906148,-3.471086395522121,273.00825000000003,48.54408558688524,-0.2890932982917359,265.58,4706291,1789380805,2026-09-14T10:13:25Z,NYSE:JNJ
21.03525963878445,-2.3343035861416865,-50.05083016906148,-3.471086395522121,273.00825000000003,48.54408558688524,-0.2890932982917359,265.58,4706291,1789380985,2026-09-14T10:16:25Z,NYSE:JNJ
21.03525963878445,-2.3343035861416865,-50.05083016906148,-3.471086395522121,273.00825000000003,48.54408558688524,-0.2890932982917359,265.58,4706291,1789381169,2026-09-14T10:19:29Z,NYSE:JNJ
21.03525963878445,-2.3343035861416865,-50.05083016906148,-3.471086395522121,273.00825000000003,48.54408558688524,-0.2890932982917359,265.58,4706291,1789381343,2026-09-14T10:22:23Z,NYSE:JNJ
21.03525963878445,-2.3343035861416865,-50.05083016906148,-3.471086395522121,273.00825000000003,48.54408558688524,-0.2890932982917359,265.58,4706291,1789381522,2026-09-14T10:25:22Z,NYSE:JNJ
21.03525963878445,-2.3343035861416865,-50.05083016906148,-3.471086395522121,273.00825000000003,48.54408558688524,-0.2890932982917359,265.58,4706291,1789381709,2026-09-14T10:28:29Z,NYSE:JNJ
21.03525963878445,-2.3343035861416865,-50.05083016906148,-3.471086395522121,273.00825000000003,48.54408558688524,-0.2890932982917359,265.58,4706291,1789381882,2026-09-14T10:31:22Z,NYSE:JNJ
21.03525963878445,-2.3343035861416865,-50.05083016906148,-3.471086395522121,273.00825000000003,48.54408558688524,-0.2890932982917359,265.58,4706291,1789382069,2026-09-14T10:34:29Z,NYSE:JNJ
21.03525963878445,-2.3343035861416865,-50.05083016906148,-3.471086395522121,273.00825000000003,48.54408558688524,-0.2890932982917359,265.58,4706291,1789382246,2026-09-14T10:37:26Z,NYSE:JNJ
21.03525963878445,-2.3343035861416865,-50.05083016906148,-3.471086395522121,273.00825000000003,48.54408558688524,-0.2890932982917359,265.58,4706291,1789382429,2026-09-14T10:40:29Z,NYSE:JNJ
21.03525963878445,-2.3343035861416865,-50.05083016906148,-3.471086395522121,273.00825000000003,48.54408558688524,-0.2890932982917359,265.58,4706291,1789382602,2026-09-14T10:43:22Z,NYSE:JNJ
21.03525963878445,-2.3343035861416865,-50.05083016906148,-3.471086395522121,273.00825000000003,48.54408558688524,-0.2890932982917359,265.58,4706291,1789382784,2026-09-14T10:46:24Z,NYSE:JNJ
21.03525963878445,-2.3343035861416865,-50.05083016906148,-3.471086395522121,273.00825000000003,48.54408558688524,-0.2890932982917359,265.58,4706291,1789382959,2026-09-14T10:49:19Z,NYSE:JNJ
21.03525963878445,-2.3343035861416865,-50.05083016906148,-3.471086395522121,273.00825000000003,48.54408558688524,-0.2890932982917359,265.58,4706291,1789383144,2026-09-14T10:52:24Z,NYSE:JNJ
21.03525963878445,-2.3343035861416865,-50.05083016906148,-3.471086395522121,273.00825000000003,48.54408558688524,-0.2890932982917359,265.58,4706291,1789383320,2026-09-14T10:55:20Z,NYSE:JNJ
21.03525963878445,-2.3343035861416865,-50.05083016906148,-3.471086395522121,273.00825000000003,48.54408558688524,-0.2890932982917359,265.58,4706291,1789383505,2026-09-14T10:58:25Z,NYSE:JNJ
21.03525963878445,-2.3343035861416865,-50.05083016906148,-3.471086395522121,273.00825000000003,48.54408558688524,-0.2890932982917359,265.58,4706291,1789383685,2026-09-14T11:01:25Z,NYSE:JNJ
21.03525963878445,-2.3343035861416865,-50.05083016906148,-3.471086395522121,273.00825000000003,48.54408558688524,-0.2890932982917359,265.58,4706291,1789383863,2026-09-14T11:04:23Z,NYSE:JNJ
21.03525963878445,-2.3343035861416865,-50.05083016906148,-3.471086395522121,273.00825000000003,48.54408558688524,-0.2890932982917359,265.58,4706291,1789384041,2026-09-14T11:07:21Z,NYSE:JNJ
21.03525963878445,-2.3343035861416865,-50.05083016906148,-3.471086395522121,273.00825000000003,48.54408558688524,-0.2890932982917359,265.58,4706291,1789384230,2026-09-14T11:10:30Z,NYSE:JNJ
21.03525963878445,-2.3343035861416865,-50.05083016906148,-3.471086395522121,273.00825000000003,48.54408558688524,-0.2890932982917359,265.58,4706291,1789384409,2026-09-14T11:13:29Z,NYSE:JNJ
21.03525963878445,-2.3343035861416865,-50.05083016906148,-3.471086395522121,273.00825000000003,48.54408558688524,-0.2890932982917359,265.58,4706291,1789384587,2026-09-14T11:16:27Z,NYSE:JNJ
21.03525963878445,-2.3343035861416865,-50.05083016906148,-3.471086395522121,273.00825000000003,48.54408558688524,-0.2890932982917359,265.58,4706291,1789384767,2026-09-14T11:19:27Z,NYSE:JNJ
21.03525963878445,-2.3343035861416865,-50.05083016906148,-3.471086395522121,273.00825000000003,48.54408558688524,-0.2890932982917359,265.58,4706291,1789384942,2026-09-14T11:22:22Z,NYSE:JNJ
21.03525963878445,-2.3343035861416865,-50.05083016906148,-3.471086395522121,273.00825000000003,48.54408558688524,-0.2890932982917359,265.58,4706291,1789385121,2026-09-14T11:25:21Z,NYSE:JNJ
21.03525963878445,-2.3343035861416865,-50.05083016906148,-3.471086395522121,273.00825000000003,48.54408558688524,-0.2890932982917359,265.58,4706291,1789385303,2026-09-14T11:28:23Z,NYSE:JNJ
21.03525963878445,-2.3343035861416865,-50.05083016906148,-3.471086395522121,273.00825000000003,48.54408558688524,-0.2890932982917359,265.58,4706291,1789385487,2026-09-14T11:31:27Z,NYSE:JNJ
21.03525963878445,-2.3343035861416865,-50.05083016906148,-3.471086395522121,273.00825000000003,48.54408558688524,-0.2890932982917359,265.58,4706291,1789385662,2026-09-14T11:34:22Z,NYSE:JNJ
21.03525963878445,-2.3343035861416865,-50.05083016906148,-3.471086395522121,273.00825000000003,48.54408558688524,-0.2890932982917359,265.58,4706291,1789385849,2026-09-14T11:37:29Z,NYSE:JNJ
21.03525963878445,-2.3343035861416865,-50.05083016906148,-3.471086395522121,273.00825000000003,48.54408558688524,-0.2890932982917359,265.58,4706291,1789386023,2026-09-14T11:40:23Z,NYSE:JNJ
21.03525963878445,-2.3343035861416865,-50.05083016906148,-3.471086395522121,273.00825000000003,48.54408558688524,-0.2890932982917359,265.58,4706291,1789386202,2026-09-14T11:43:22Z,NYSE:JNJ
21.03525963878445,-2.3343035861416865,-50.05083016906148,-3.471086395522121,273.00825000000003,48.54408558688524,-0.2890932982917359,265.58,4706291,1789386384,2026-09-14T11:46:24Z,NYSE:JNJ
21.03525963878445,-2.3343035861416865,-50.05083016906148,-3.471086395522121,273.00825000000003,48.54408558688524,-0.2890932982917359,265.58,4706291,1789386567,2026-09-14T11:49:27Z,NYSE:JNJ
21.03525963878445,-2.3343035861416865,-50.05083016906148,-3.471086395522121,273.00825000000003,48.54408558688524,-0.2890932982917359,265.58,4706291,1789386745,2026-09-14T11:52:25Z,NYSE:JNJ
21.03525963878445,-2.3343035861416865,-50.05083016906148,-3.471086395522121,273.00825000000003,48.54408558688524,-0.2890932982917359,265.58,4706291,1789386926,2026-09-14T11:55:26Z,NYSE:JNJ
21.03525963878445,-2.3343035861416865,-50.05083016906148,-3.471086395522121,273.00825000000003,48.54408558688524,-0.2890932982917359,265.58,4706291,1789387106,2026-09-14T11:58:26Z,NYSE:JNJ
21.03525963878445,-2.3343035861416865,-50.05083016906148,-3.471086395522121,273.00825000000003,48.54408558688524,-0.2890932982917359,265.58,4706291,1789387285,2026-09-14T12:01:25Z,NYSE:JNJ
21.03525963878445,-2.3343035861416865,-50.05083016906148,-3.471086395522121,273.00825000000003,48.54408558688524,-0.2890932982917359,265.58,4706291,1789387464,2026-09-14T12:04:24Z,NYSE:JNJ
21.03525963878445,-2.3343035861416865,-50.05083016906148,-3.471086395522121,273.00825000000003,48.54408558688524,-0.2890932982917359,265.58,4706291,1789387645,2026-09-14T12:07:25Z,NYSE:JNJ
21.03525963878445,-2.3343035861416865,-50.05083016906148,-3.471086395522121,273.00825000000003,48.54408558688524,-0.2890932982917359,265.58,4706291,1789387825,2026-09-14T12:10:25Z,NYSE:JNJ
21.03525963878445,-2.3343035861416865,-50.05083016906148,-3.471086395522121,273.00825000000003,48.54408558688524,-0.2890932982917359,265.58,4706291,1789388012,2026-09-14T12:13:32Z,NYSE:JNJ
21.03525963878445,-2.3343035861416865,-50.05083016906148,-3.471086395522121,273.00825000000003,48.54408558688524,-0.2890932982917359,265.58,4706291,1789388188,2026-09-14T12:16:28Z,NYSE:JNJ
21.03525963878445,-2.3343035861416865,-50.05083016906148,-3.471086395522121,273.00825000000003,48.54408558688524,-0.2890932982917359,265.58,4706291,1789388368,2026-09-14T12:19:28Z,NYSE:JNJ
21.03525963878445,-2.3343035861416865,-50.05083016906148,-3.471086395522121,273.00825000000003,48.54408558688524,-0.2890932982917359,265.58,4706291,1789388546,2026-09-14T12:22:26Z,NYSE:JNJ
21.03525963878445,-2.3343035861416865,-50.05083016906148,-3.471086395522121,273.00825000000003,48.54408558688524,-0.2890932982917359,265.58,4706291,1789388726,2026-09-14T12:25:26Z,NYSE:JNJ
21.03525963878445,-2.3343035861416865,-50.05083016906148,-3.471086395522121,273.00825000000003,48.54408558688524,-0.2890932982917359,265.58,4706291,1789388912,2026-09-14T12:28:32Z,NYSE:JNJ
21.03525963878445,-2.3343035861416865,-50.05083016906148,-3.471086395522121,273.00825000000003,48.54408558688524,-0.2890932982917359,265.58,4706291,1789389081,2026-09-14T12:31:21Z,NYSE:JNJ
21.03525963878445,-2.3343035861416865,-50.05083016906148,-3.471086395522121,273.00825000000003,48.54408558688524,-0.2890932982917359,265.58,4706291,1789389269,2026-09-14T12:34:29Z,NYSE:JNJ
21.03525963878445,-2.3343035861416865,-50.05083016906148,-3.471086395522121,273.00825000000003,48.54408558688524,-0.2890932982917359,265.58,4706291,1789389450,2026-09-14T12:37:30Z,NYSE:JNJ
21.03525963878445,-2.3343035861416865,-50.05083016906148,-3.471086395522121,273.00825000000003,48.54408558688524,-0.2890932982917359,265.58,4706291,1789389630,2026-09-14T12:40:30Z,NYSE:JNJ
21.03525963878445,-2.3343035861416865,-50.05083016906148,-3.471086395522121,273.00825000000003,48.54408558688524,-0.2890932982917359,265.58,4706291,1789389806,2026-09-14T12:43:26Z,NYSE:JNJ
21.03525963878445,-2.3343035861416865,-50.05083016906148,-3.471086395522121,273.00825000000003,48.54408558688524,-0.2890932982917359,265.58,4706291,1789389990,2026-09-14T12:46:30Z,NYSE:JNJ
21.03525963878445,-2.3343035861416865,-50.05083016906148,-3.471086395522121,273.00825000000003,48.54408558688524,-0.2890932982917359,265.58,4706291,1789390165,2026-09-14T12:49:25Z,NYSE:JNJ
21.03525963878445,-2.3343035861416865,-50.05083016906148,-3.471086395522121,273.00825000000003,48.54408558688524,-0.2890932982917359,265.58,4706291,1789390350,2026-09-14T12:52:30Z,NYSE:JNJ
21.03525963878445,-2.3343035861416865,-50.05083016906148,-3.471086395522121,273.00825000000003,48.54408558688524,-0.2890932982917359,265.58,4706291,1789390526,2026-09-14T12:55:26Z,NYSE:JNJ
21.03525963878445,-2.3343035861416865,-50.05083016906148,-3.471086395522121,273.00825000000003,48.54408558688524,-0.2890932982917359,265.58,4706291,1789390710,2026-09-14T12:58:30Z,NYSE:JNJ
21.03525963878445,-2.3343035861416865,-50.05083016906148,-3.471086395522121,273.00825000000003,48.54408558688524,-0.2890932982917359,265.58,4706291,1789390884,2026-09-14T13:01:24Z,NYSE:JNJ
21.03525963878445,-2.3343035861416865,-50.05083016906148,-3.471086395522121,273.00825000000003,48.54408558688524,-0.2890932982917359,265.58,4706291,1789391071,2026-09-14T13:04:31Z,NYSE:JNJ
21.03525963878445,-2.3343035861416865,-50.05083016906148,-3.471086395522121,273.00825000000003,48.54408558688524,-0.2890932982917359,265.58,4706291,1789391247,2026-09-14T13:07:27Z,NYSE:JNJ
21.03525963878445,-2.3343035861416865,-50.05083016906148,-3.471086395522121,273.00825000000003,48.54408558688524,-0.2890932982917359,265.58,4706291,1789391425,2026-09-14T13:10:25Z,NYSE:JNJ
21.03525963878445,-2.3343035861416865,-50.05083016906148,-3.471086395522121,273.00825000000003,48.54408558688524,-0.2890932982917359,265.58,4706291,1789391610,2026-09-14T13:13:30Z,NYSE:JNJ
21.03525963878445,-2.3343035861416865,-50.05083016906148,-3.471086395522121,273.00825000000003,48.54408558688524,-0.2890932982917359,265.58,4706291,1789391785,2026-09-14T13:16:25Z,NYSE:JNJ
21.03525963878445,-2.3343035861416865,-50.05083016906148,-3.471086395522121,273.00825000000003,48.54408558688524,-0.2890932982917359,265.58,4706291,1789391972,2026-09-14T13:19:32Z,NYSE:JNJ
21.03525963878445,-2.3343035861416865,-50.05083016906148,-3.471086395522121,273.00825000000003,48.54408558688524,-0.2890932982917359,265.58,4706291,1789392149,2026-09-14T13:22:29Z,NYSE:JNJ
21.03525963878445,-2.3343035861416865,-50.05083016906148,-3.471086395522121,273.00825000000003,48.54408558688524,-0.2890932982917359,265.58,4706291,1789392331,2026-09-14T13:25:31Z,NYSE:JNJ
21.03525963878445,-2.3343035861416865,-50.05083016906148,-3.471086395522121,273.00825000000003,48.54408558688524,-0.2890932982917359,265.58,4706291,1789392509,2026-09-14T13:28:29Z,NYSE:JNJ
21.03525963878445,-2.3343035861416865,-50.05083016906148,-3.471086395522121,273.00825000000003,48.54408558688524,-0.2890932982917359,265.58,4706291,1789392689,2026-09-14T13:31:29Z,NYSE:JNJ
21.03525963878445,-2.3343035861416865,-50.05083016906148,-3.471086395522121,273.00825000000003,48.54408558688524,-0.2890932982917359,265.58,4706291,1789392872,2026-09-14T13:34:32Z,NYSE:JNJ
21.03525963878445,-2.3343035861416865,-50.05083016906148,-3.471086395522121,273.00825000000003,48.54408558688524,-0.2890932982917359,265.58,4706291,1789393048,2026-09-14T13:37:28Z,NYSE:JNJ
21.03525963878445,-2.3343035861416865,-50.05083016906148,-3.471086395522121,273.00825000000003,48.54408558688524,-0.2890932982917359,265.58,4706291,1789393229,2026-09-14T13:40:29Z,NYSE:JNJ
21.03525963878445,-2.3343035861416865,-50.05083016906148,-3.471086395522121,273.00825000000003,48.54408558688524,-0.2890932982917359,265.58,4706291,1789393408,2026-09-14T13:43:28Z,NYSE:JNJ
20.576518377651627,2.776311211878636,7.036787578350453,-1.900919565296412,273.00825000000003,53.81047488004386,1.6266285111830685,269.9,141052,1789393591,2026-09-14T13:46:31Z,NYSE:JNJ
20.600152773143325,2.713111211878584,13.014589868285633,-1.655144840620806,273.00825000000003,54.53877472100341,1.881241057308528,270.5762,189345,1789393768,2026-09-14T13:49:28Z,NYSE:JNJ
20.600152773143325,2.917739783307127,7.707229425072493,-1.915458147057748,273.00825000000003,53.76666125770321,1.6115671360795354,269.86,219694,1789393952,2026-09-14T13:52:32Z,NYSE:JNJ
20.600152773143325,2.5765969261642567,5.738368853168816,-1.8936502744157235,273.00825000000003,53.8323505655525,1.6341591987348567,269.92,242542,1789394130,2026-09-14T13:55:30Z,NYSE:JNJ
20.600152773143325,2.484882640449939,3.8976383500172367,-1.9372660196997729,273.00825000000003,53.70078475238319,1.588975073424214,269.8,278148,1789394311,2026-09-14T13:58:31Z,NYSE:JNJ
20.600152773143325,2.53916835473575,2.4718828086019533,-2.0063242830661805,273.00825000000003,53.49093170261106,1.5174335416823668,269.61,298186,1789394487,2026-09-14T14:01:27Z,NYSE:JNJ
20.600152773143325,2.316311211878599,8.302518646724867,-1.722821938719881,273.00825000000003,54.34052978787631,1.8111303562015224,270.39,338944,1789394666,2026-09-14T14:04:26Z,NYSE:JNJ
20.600152773143325,2.3005969261642463,8.71142068095157,-1.7028313887980235,273.00825000000003,54.3992673331532,1.8318397469689016,270.445,378385,1789394844,2026-09-14T14:07:24Z,NYSE:JNJ
20.600152773143325,2.5220254975928924,2.9225039698424444,-1.984516410424156,273.00825000000003,53.55740630839608,1.540025604337688,269.67,416097,1789395028,2026-09-14T14:10:28Z,NYSE:JNJ
20.600152773143325,2.507739783307158,3.297751702856921,-1.9663431832224647,273.00825000000003,53.61265683020308,1.558852323217126,269.72,437024,1789395212,2026-09-14T14:13:32Z,NYSE:JNJ
20.600152773143325,2.536882640450017,1.5846289249314005,-2.039036092029228,273.00825000000003,53.39086222500564,1.483545447699374,269.52,474381,1789395390,2026-09-14T14:16:30Z,NYSE:JNJ
20.600152773143325,2.615454069021439,-0.4880934033027176,-2.138988841638495,273.00825000000003,53.082408594481954,1.3799984938624974,269.245,497260,1789395570,2026-09-14T14:19:30Z,NYSE:JNJ
20.600152773143325,2.434882640450041,-5.614404826150055,-2.2807400138116445,273.00825000000003,52.63789843098718,1.23315008660292,268.855,515249,1789395748,2026-09-14T14:22:28Z,NYSE:JNJ
20.600152773143325,2.4248540690214213,-5.351383293294722,-2.2679824083160605,273.00825000000003,52.678248966453246,1.2463664432562822,268.8901,530624,1789395933,2026-09-14T14:25:33Z,NYSE:JNJ
20.600152773143325,2.237739783307177,-8.19500042708118,-2.3225384363755266,273.00825000000003,52.50521241029328,1.1898486331802187,268.74,546497,1789396107,2026-09-14T14:28:27Z,NYSE:JNJ
20.600152773143325,2.152025497592888,-5.95148368101175,-2.213499073165404,273.00825000000003,52.84980120209274,1.302808946456825,269.04,576593,1789396295,2026-09-14T14:31:35Z,NYSE:JNJ
20.600152773143325,2.0406254975928846,-3.0260913022300566,-2.071784247446669,273.00825000000003,53.29024928859901,1.4496197002786322,269.4299,607207,1789396465,2026-09-14T14:34:25Z,NYSE:JNJ
20.600152773143325,2.1234540690214203,-5.202223865196818,-2.177152618762043,273.00825000000003,52.96355566055029,1.3404623842156798,269.14,630928,1789396648,2026-09-14T14:37:28Z,NYSE:JNJ
20.600152773143325,2.1720254975928697,-6.4755423727460855,-2.2389415912477624,273.00825000000003,52.76984514813409,1.276451540025621,268.97,651660,1789396824,2026-09-14T14:40:24Z,NYSE:JNJ
20.600152773143325,2.149168354735764,-5.876589716746463,-2.2098644277250696,273.00825000000003,52.86120140162355,1.3065742902327089,269.05,666368,1789397006,2026-09-14T14:43:26Z,NYSE:JNJ
20.600152773143325,2.1048826404500574,-4.714823164231695,-2.153527423399852,273.00825000000003,53.037202178497694,1.3649371187589427,269.205,704129,1789397188,2026-09-14T14:46:28Z,NYSE:JNJ
20.600152773143325,2.174168354735741,-6.531670865702248,-2.2416675753280333,273.00825000000003,52.76126234144059,1.2736275321936867,268.9625,719905,1789397361,2026-09-14T14:49:21Z,NYSE:JNJ
20.600152773143325,2.0877397833072,-4.264647531870944,-2.131719550757827,273.00825000000003,53.31273219646934,1.387529181414264,269.265,738315,1789397550,2026-09-14T14:52:30Z,NYSE:JNJ
20.600152773143325,2.200596926164337,-7.223593879082446,-2.2752880456511435,273.00825000000003,52.65515066647188,1.2387981022667447,268.87,763505,1789397728,2026-09-14T14:55:28Z,NYSE:JNJ
20.600152773143325,2.1805969261643554,-6.700032372306324,-2.2498455275687848,273.00825000000003,52.73549519482787,1.2651555086979491,268.94,780728,1789397906,2026-09-14T14:58:26Z,NYSE:JNJ
20.600152773143325,2.2463112118786626,-8.419001145654677,-2.3334423726965494,273.00825000000003,52.47047630830156,1.1785526018525476,268.71,796172,1789398087,2026-09-14T15:01:27Z,NYSE:JNJ
20.600152773143325,1.9666969261642748,-10.312245636333865,-2.326173081815861,273.00825000000003,52.49363935239484,1.1860832894043356,268.73,826070,1789398263,2026-09-14T15:04:23Z,NYSE:JNJ
20.600152773143325,2.019554069021467,-11.688862555781474,-2.393414022462101,273.00825000000003,52.2785158567478,1.11642442955043,268.545,844960,1789398444,2026-09-14T15:07:24Z,NYSE:JNJ
20.600152773143325,1.959554069021408,-10.126031336770671,-2.3170864682150256,273.00825000000003,52.52256142854999,1.1954966488440435,268.755,853353,1789398628,2026-09-14T15:10:28Z,NYSE:JNJ
20.600152773143325,1.9448826404500323,-14.293345069467764,-2.4715588994293647,273.00825000000003,52.02604670292699,1.035469538368853,268.33,869857,1789398807,2026-09-14T15:13:27Z,NYSE:JNJ
20.600152773143325,1.9377397833071088,-15.439528226104445,-2.5133573219932472,273.00825000000003,51.8899053775888,0.9921680849461524,268.215,896605,1789398989,2026-09-14T15:16:29Z,NYSE:JNJ
20.600152773143325,1.8257112118786267,-17.21496901377391,-2.5497037763966075,273.00825000000003,51.77089197942906,0.9545146471872976,268.115,918935,1789399165,2026-09-14T15:19:25Z,NYSE:JNJ
20.600152773143325,1.7628540690214436,-15.591717693143204,-2.4697415767091977,273.00825000000003,52.0319484148306,1.037352210256795,268.335,952280,1789399351,2026-09-14T15:22:31Z,NYSE:JNJ
20.600152773143325,1.7399969261643378,-15.000504227878876,-2.4406644131864845,273.00825000000003,52.126178714910445,1.067474960463904,268.415,969306,1789399530,2026-09-14T15:25:30Z,NYSE:JNJ
20.600152773143325,1.72285406902148,-14.556764409455718,-2.41885654054446,273.00825000000003,52.19660884097699,1.090067023119225,268.475,982852,1789399707,2026-09-14T15:28:27Z,NYSE:JNJ
20.600152773143325,1.815711211878636,-16.956977802763795,-2.5369825173554386,273.00825000000003,51.81261358957246,0.9676933504028892,268.15,992483,1789399890,2026-09-14T15:31:30Z,NYSE:JNJ
20.600152773143325,1.801425497592902,-16.58825277891565,-2.518809290153748,273.00825000000003,51.87209082662944,0.9865200692823272,268.2,1012253,1789400067,2026-09-14T15:34:27Z,NYSE:JNJ
20.600152773143325,1.728568354735728,-14.704709104131537,-2.4261258314251486,273.00825000000003,52.17315516893938,1.0825363355674371,268.455,1034362,1789400251,2026-09-14T15:37:31Z,NYSE:JNJ
20.600152773143325,1.7614254975929384,-15.554781560636984,-2.4679242539890307,273.00825000000003,52.0378486748664,1.0392348821447364,268.34,1045723,1789400428,2026-09-14T15:40:28Z,NYSE:JNJ
20.600152773143325,1.7107112118786176,-14.242277546041548,-2.4034092974230408,273.00825000000003,52.24637159720993,1.1060697341667294,268.5175,1063426,1789400606,2026-09-14T15:43:26Z,NYSE:JNJ
20.600152773143325,1.6928540690215073,-13.77953879536271,-2.3806927634209325,273.00825000000003,52.31936419923777,1.1296031327660216,268.58,1083827,1789400790,2026-09-14T15:46:30Z,NYSE:JNJ
20.600152773143325,1.6642826404500397,-13.038517069254391,-2.344346309017552,273.00825000000003,52.4356893594716,1.1672565705248974,268.68,1112434,1789400964,2026-09-14T15:49:24Z,NYSE:JNJ
20.600152773143325,1.7214254975928611,-14.519773324425593,-2.417039217824293,273.00825000000003,52.20246866524561,1.0919496950071672,268.48,1126981,1789401151,2026-09-14T15:52:31Z,NYSE:JNJ
20.600152773143325,1.718568354735737,-14.445785259634134,-2.4134045723839592,273.00825000000003,52.21418400499344,1.0957150387830503,268.49,1135771,1789401326,2026-09-14T15:55:26Z,NYSE:JNJ
20.600152773143325,1.649996926164306,-12.667397703837894,-2.326173081815861,273.00825000000003,52.49363935239484,1.1860832894043356,268.73,1152138,1789401507,2026-09-14T15:58:27Z,NYSE:JNJ
20.600152773143325,1.6842826404500215,-13.55731499033239,-2.3697888270999097,273.00825000000003,52.354321446284416,1.140899164093693,268.61,1159118,1789401689,2026-09-14T16:01:29Z,NYSE:JNJ
20.600152773143325,1.7328540690214709,-14.815647001798451,-2.4315777995856496,273.00825000000003,52.15554980638374,1.0768883199036123,268.44,1171285,1789401863,2026-09-14T16:04:23Z,NYSE:JNJ
20.600152773143325,1.6899969261643832,-13.705472067329136,-2.3770581179805985,273.00825000000003,52.33102231304818,1.133368476541905,268.59,1184027,1789402045,2026-09-14T16:07:25Z,NYSE:JNJ
20.600152773143325,1.6599969261642968,-12.927243898266674,-2.3388943408570504,273.00825000000003,52.45308919671661,1.1729045861887226,268.695,1197375,1789402226,2026-09-14T16:10:26Z,NYSE:JNJ
20.600152773143325,1.6685683547357826,-13.149720561344282,-2.3497982771780523,273.00825000000003,52.41827678259053,1.1616085548610726,268.665,1207409,1789402411,2026-09-14T16:13:31Z,NYSE:JNJ
20.600152773143325,1.768568354735805,-15.739442621480936,-2.4770108675898657,273.00825000000003,52.00833285064847,1.029821522705028,268.315,1218861,1789402589,2026-09-14T16:16:29Z,NYSE:JNJ
20.600152773143325,1.7699969261643105,-15.776368953924395,-2.4788281903100327,273.00825000000003,52.00242532591146,1.0279388508170866,268.31,1235057,1789402768,2026-09-14T16:19:28Z,NYSE:JNJ
20.600152773143325,1.8063112118785511,-19.01381986850019,-2.6133100716025144,273.00825000000003,51.5611955145343,0.8886211311092755,267.94,1248861,1789402943,2026-09-14T16:22:23Z,NYSE:JNJ
20.600152773143325,1.7577397833071018,-17.76306668242583,-2.5515210991167745,273.00825000000003,51.76492585097928,0.952631975299356,268.11,1258722,1789403129,2026-09-14T16:25:29Z,NYSE:JNJ
20.600152773143325,1.7891683547356934,-18.572634739513425,-2.5915021989604896,273.00825000000003,51.633296561126336,0.9112131937645966,268.0,1270501,1789403304,2026-09-14T16:28:24Z,NYSE:JNJ
20.600152773143325,1.7763112118785216,-19.564907266090007,-2.626031330643704,273.00825000000003,51.513008606641066,0.8754424278936624,267.905,1280852,1789403486,2026-09-14T16:31:26Z,NYSE:JNJ
20.600152773143325,1.6648826404500596,-20.33569506424626,-2.6242140079235163,273.00825000000003,51.52506431943989,0.8773250997816254,267.91,1292521,1789403667,2026-09-14T16:34:27Z,NYSE:JNJ
20.600152773143325,1.6148826404499346,-19.38126008223286,-2.5733289717588,273.00825000000003,51.69321700522099,0.9300399126440348,268.05,1302033,1789403847,2026-09-14T16:37:27Z,NYSE:JNJ
20.600152773143325,1.6234540690214203,-19.601630871491828,-2.5842329080798216,273.00825000000003,51.65728256820584,0.9187438813163634,268.02,1309627,1789404028,2026-09-14T16:40:28Z,NYSE:JNJ
20.600152773143325,1.643454069021402,-20.11555735710288,-2.6096754261621804,273.00825000000003,51.57322728001182,0.8923864748851589,267.95,1316547,1789404201,2026-09-14T16:43:21Z,NYSE:JNJ
20.600152773143325,1.56488264044998,-18.09436766429547,-2.5097226765528924,273.00825000000003,51.901774419971495,0.9959334287220568,268.225,1326220,1789404388,2026-09-14T16:46:28Z,NYSE:JNJ
20.600152773143325,1.5721112118785072,-18.28056307450388,-2.518918329516952,273.00825000000003,51.87173440104068,0.9864071089690576,268.1997,1330331,1789404561,2026-09-14T16:49:21Z,NYSE:JNJ
20.600152773143325,1.657739783307136,-20.48241472666222,-2.627848653363871,273.00825000000003,51.513008606641066,0.8735597560057209,267.9,1339041,1789404746,2026-09-14T16:52:26Z,NYSE:JNJ
20.600152773143325,1.66059692616426,-21.21554769985521,-2.6569258168865635,273.00825000000003,51.41634659954198,0.8434370057986329,267.82,1344511,1789404925,2026-09-14T16:55:25Z,NYSE:JNJ
20.600152773143325,1.6481683547357306,-21.589147154816835,-2.667829753207565,273.00825000000003,51.3799989105376,0.8321409744709829,267.79,1352215,1789405107,2026-09-14T16:58:27Z,NYSE:JNJ
20.600152773143325,1.577739783307095,-23.04499366434652,-2.7041762076109466,273.00825000000003,51.25844617169486,0.794487536712107,267.69,1362788,1789405282,2026-09-14T17:01:22Z,NYSE:JNJ
20.600152773143325,1.5634540690214749,-22.67949088331806,-2.686002980409256,273.00825000000003,51.31929841843932,0.813314255591545,267.74,1373760,1789405466,2026-09-14T17:04:26Z,NYSE:JNJ
20.600152773143325,1.481554069021456,-23.9352813221546,-2.7114454984916145,273.00825000000003,51.23406265415561,0.7869568491603405,267.67,1381080,1789405642,2026-09-14T17:07:22Z,NYSE:JNJ
20.600152773143325,1.4477397833072132,-24.65091630271341,-2.7296187256933053,273.00825000000003,51.12403424027962,0.7530687551773477,267.58,1386221,1789405824,2026-09-14T17:10:24Z,NYSE:JNJ
20.600152773143325,1.4591683547357093,-24.942502019689435,-2.744157307454662,273.00825000000003,51.12403424027962,0.7530687551773477,267.58,1395581,1789406008,2026-09-14T17:13:28Z,NYSE:JNJ
20.600152773143325,1.4248826404500503,-25.37965008996421,-2.75142659833533,273.00825000000003,51.09951602128963,0.7455380676255811,267.56,1401602,1789406182,2026-09-14T17:16:22Z,NYSE:JNJ
20.600152773143325,1.3834540690214112,-26.943829671774235,-2.80049431177988,273.00825000000003,50.9333724468341,0.6947059266511135,267.425,1408202,1789406363,2026-09-14T17:19:23Z,NYSE:JNJ
20.600152773143325,1.3191683547357798,-27.92418063432504,-2.820484861701738,273.00825000000003,50.865360205077394,0.673996535883734,267.37,1414574,1789406545,2026-09-14T17:22:25Z,NYSE:JNJ
20.600152773143325,1.304882640450046,-27.561250080676366,-2.802311634500047,273.00825000000003,50.92719729712851,0.6928232547631719,267.42,1421941,1789406725,2026-09-14T17:25:25Z,NYSE:JNJ
20.600152773143325,1.2391683547357388,-25.889306885514365,-2.718714789372304,273.00825000000003,51.209654728140855,0.7794261616085523,267.65,1427639,1789406907,2026-09-14T17:28:27Z,NYSE:JNJ
20.600152773143325,1.1920254975929083,-24.687371243770617,-2.6587431396067305,273.00825000000003,51.41029242588182,0.8415543339106912,267.815,1449297,1789407087,2026-09-14T17:31:27Z,NYSE:JNJ
20.600152773143325,1.219168354735757,-25.37965008996291,-2.693272271289924,273.00825000000003,51.294975762144425,0.8057835680397785,267.72,1478836,1789407270,2026-09-14T17:34:30Z,NYSE:JNJ
20.600152773143325,1.2734540690214544,-26.76213026593866,-2.7623305346563525,273.00825000000003,51.06269253547568,0.7342420362979097,267.53,1486331,1789407444,2026-09-14T17:37:24Z,NYSE:JNJ
20.600152773143325,1.2648826404500824,-26.544027831665108,-2.75142659833533,273.00825000000003,51.09951602128963,0.7455380676255811,267.56,1498877,1789407628,2026-09-14T17:40:28Z,NYSE:JNJ
20.600152773143325,1.313454069021418,-27.779031325411275,-2.813215570821069,273.00825000000003,50.89011373363419,0.6815272234355005,267.39,1507958,1789407811,2026-09-14T17:43:31Z,NYSE:JNJ
20.600152773143325,1.2405969261643577,-25.925696558905088,-2.7205321120924704,273.00825000000003,51.20354892851741,0.7775434897206107,267.645,1518899,1789407986,2026-09-14T17:46:26Z,NYSE:JNJ
20.600152773143325,1.2434540690214817,-25.99847015488606,-2.7241667575328044,273.00825000000003,51.19133274351218,0.7737781459447274,267.635,1531003,1789408165,2026-09-14T17:49:25Z,NYSE:JNJ
20.600152773143325,1.203454069021518,-24.97894158786012,-2.673281721368088,273.00825000000003,51.36180466335671,0.8264929588071365,267.775,1539301,1789408344,2026-09-14T17:52:24Z,NYSE:JNJ
20.600152773143325,1.1763112118785557,-24.286261140828763,-2.638752589684873,273.00825000000003,51.4768054623226,0.8622637246780709,267.87,1546761,1789408523,2026-09-14T17:55:23Z,NYSE:JNJ
20.600152773143325,1.213454069021509,-25.23396478760435,-2.686002980409256,273.00825000000003,51.31929841843932,0.813314255591545,267.74,1555854,1789408704,2026-09-14T17:58:24Z,NYSE:JNJ
20.600152773143325,1.213454069021509,-25.23396478760435,-2.686002980409256,273.00825000000003,51.27062878872506,0.813314255591545,267.74,1570705,1789408881,2026-09-14T18:01:21Z,NYSE:JNJ
20.600152773143325,1.213454069021509,-25.23396478760435,-2.686002980409256,273.00825000000003,51.31929841843932,0.813314255591545,267.74,1576600,1789409067,2026-09-14T18:04:27Z,NYSE:JNJ
20.600152773143325,1.239139211878637,-25.88856451622432,-2.718677715988802,273.00825000000003,51.20977927054958,0.7794645681150765,267.650102,1586734,1789409249,2026-09-14T18:07:29Z,NYSE:JNJ
20.600152773143325,1.219168354735757,-25.37965008996291,-2.693272271289924,273.00825000000003,51.294975762144425,0.8057835680397785,267.72,1595119,1789409431,2026-09-14T18:10:31Z,NYSE:JNJ
20.600152773143325,1.224882640450005,-25.52530468420785,-2.7005415621706126,273.00825000000003,51.27062878872506,0.7982528804879904,267.7,1611266,1789409611,2026-09-14T18:13:31Z,NYSE:JNJ
20.600152773143325,1.2591683547357206,-26.39858792262829,-2.744157307454662,273.00825000000003,51.12403424027962,0.7530687551773477,267.58,1617831,1789409790,2026-09-14T18:16:30Z,NYSE:JNJ
20.600152773143325,1.2317683547357774,-25.700777687934508,-2.709301057681817,273.00825000000003,51.24125832836194,0.7891784019881123,267.6759,1624982,1789409968,2026-09-14T18:19:28Z,NYSE:JNJ
20.600152773143325,1.1963112118786512,-24.79672453469369,-2.6641951077672315,273.00825000000003,51.39212084834252,0.8359063182468663,267.8,1640571,1789410146,2026-09-14T18:22:26Z,NYSE:JNJ
20.600152773143325,1.2534540690214726,-26.25311737334513,-2.7368880165739733,273.00825000000003,51.14852788520589,0.7605994427291357,267.6,1654255,1789410323,2026-09-14T18:25:23Z,NYSE:JNJ
20.600152773143325,1.2563112118785966,-26.325856478622324,-2.740522662014328,273.00825000000003,51.13628413219105,0.7568340989532311,267.59,1663201,1789410510,2026-09-14T18:28:30Z,NYSE:JNJ
20.600152773143325,1.21202549759289,-25.197538662732725,-2.684185657689089,273.00825000000003,51.32537528723108,0.8151969274794866,267.745,1674234,1789410687,2026-09-14T18:31:27Z,NYSE:JNJ
20.600152773143325,1.220596926164376,-25.416066617029976,-2.695089594010112,273.00825000000003,51.28889129994391,0.8039008961518154,267.715,1683617,1789410863,2026-09-14T18:34:23Z,NYSE:JNJ
20.600152773143325,1.2077397833071473,-25.088248767417344,-2.6787336895285883,273.00825000000003,51.34359679402263,0.8208449431433116,267.76,1693123,1789411047,2026-09-14T18:37:27Z,NYSE:JNJ
20.600152773143325,1.2105969261642713,-25.161110617846425,-2.6823683349689222,273.00825000000003,51.33145063904697,0.8170795993674284,267.75,1702313,1789411228,2026-09-14T18:40:28Z,NYSE:JNJ
20.600152773143325,1.2048826404500232,-25.015379235103747,-2.6750990440882543,273.00825000000003,51.35573688790656,0.8246102869191949,267.77,1713416,1789411412,2026-09-14T18:43:32Z,NYSE:JNJ
20.600152773143325,1.1991683547357752,-24.869617119956576,-2.667829753207565,273.00825000000003,51.3799989105376,0.8321409744709829,267.79,1722940,1789411588,2026-09-14T18:46:28Z,NYSE:JNJ
20.600152773143325,1.1763112118785557,-24.286261140828763,-2.638752589684873,273.00825000000003,51.4768054623226,0.8622637246780709,267.87,1755955,1789411764,2026-09-14T18:49:24Z,NYSE:JNJ
20.600152773143325,1.150596926164326,-23.62939694543921,-2.6060407807218464,273.00825000000003,51.58525306980793,0.8961518186610421,267.96,1803231,1789411952,2026-09-14T18:52:32Z,NYSE:JNJ
20.600152773143325,1.1848826404500414,-24.50507731401343,-2.6496565260058955,273.00825000000003,51.44054821495616,0.8509676933503996,267.84,1810577,1789412125,2026-09-14T18:55:25Z,NYSE:JNJ
20.600152773143325,1.2340254975929383,-25.75828818634781,-2.7121724275796857,273.00825000000003,51.23162296053998,0.7862037804051595,267.668,1824899,1789412308,2026-09-14T18:58:28Z,NYSE:JNJ
20.600152773143325,1.224882640450005,-25.52530468420785,-2.7005415621706126,273.00825000000003,51.27062878872506,0.7982528804879904,267.7,1833565,1789412487,2026-09-14T19:01:27Z,NYSE:JNJ
20.600152773143325,1.1777397833071743,-24.322735311678123,-2.64056991240504,273.00825000000003,51.47076634819091,0.8603810527901292,267.865,1844754,1789412668,2026-09-14T19:04:28Z,NYSE:JNJ
20.600152773143325,1.1848826404500414,-24.50507731401343,-2.6496565260058955,273.00825000000003,51.44054821495616,0.8509676933503996,267.84,1857111,1789412847,2026-09-14T19:07:27Z,NYSE:JNJ
20.600152773143325,1.1677397833071836,-24.06737571026573,-2.627848653363871,273.00825000000003,51.513008606641066,0.8735597560057209,267.9,1866430,1789413030,2026-09-14T19:10:30Z,NYSE:JNJ
20.600152773143325,1.1577397833071927,-23.81192179710358,-2.6151273943226814,273.00825000000003,51.55517738952296,0.8867384592213338,267.935,1871702,1789413208,2026-09-14T19:13:28Z,NYSE:JNJ
20.600152773143325,1.2020254975928992,-24.942502019689417,-2.6714643986479203,273.00825000000003,51.36787092523446,0.8283756306950782,267.78,1895094,1789413389,2026-09-14T19:16:29Z,NYSE:JNJ
20.600152773143325,1.2734540690214544,-26.76213026593866,-2.7623305346563525,273.00825000000003,51.06269253547568,0.7342420362979097,267.53,1915906,1789413566,2026-09-14T19:19:26Z,NYSE:JNJ
20.600152773143325,1.327739783307095,-28.79443550991408,-2.856831316105119,273.00825000000003,50.74121731077715,0.636343098124858,267.27,1947395,1789413748,2026-09-14T19:22:28Z,NYSE:JNJ
20.600152773143325,1.3020254975928651,-28.141847340436247,-2.824119507142072,273.00825000000003,50.85297408079506,0.6702311921078505,267.36,1960532,1789413928,2026-09-14T19:25:28Z,NYSE:JNJ
20.600152773143325,1.255382640449966,-29.22552982462245,-2.853196670664785,273.00825000000003,50.7536598222698,0.6401084419007412,267.28,1979800,1789414105,2026-09-14T19:28:25Z,NYSE:JNJ
20.600152773143325,1.21202549759289,-28.79443550991408,-2.824119507142072,273.00825000000003,50.85297408079506,0.6702311921078505,267.36,1995010,1789414290,2026-09-14T19:31:30Z,NYSE:JNJ
20.600152773143325,1.247396926164356,-29.79531959275978,-2.873187220586622,273.00825000000003,50.68514811373383,0.6193990511333831,267.225,2010900,1789414461,2026-09-14T19:34:21Z,NYSE:JNJ
20.600152773143325,1.2259683547357554,-29.252328466374784,-2.8459273797840963,273.00825000000003,50.77852599729604,0.6476391294525293,267.3,2034848,1789414646,2026-09-14T19:37:26Z,NYSE:JNJ
20.600152773143325,1.2248254975928603,-29.44495829733994,-2.853123977755976,273.00825000000003,50.753908608384535,0.6401837487762616,267.2802,2058274,1789414827,2026-09-14T19:40:27Z,NYSE:JNJ
20.600152773143325,1.1891683547357277,-30.820766454950835,-2.8968124159488133,273.00825000000003,50.60393355844352,0.5949243165901201,267.16,2085405,1789415007,2026-09-14T19:43:27Z,NYSE:JNJ
20.600152773143325,1.1063112118786194,-29.373995677570424,-2.8168502162614035,273.00825000000003,50.87774008778488,0.6777618796596173,267.38,2123448,1789415184,2026-09-14T19:46:24Z,NYSE:JNJ
20.600152773143325,1.1856540690214388,-31.382017872525694,-2.917784320139564,273.00825000000003,50.53161557273843,0.5731982830032494,267.1023,2150212,1789415374,2026-09-14T19:49:34Z,NYSE:JNJ
20.600152773143325,1.1320254975928492,-31.32641879301798,-2.900447061389168,273.00825000000003,50.591415263062,0.5911589728142155,267.15,2174694,1789415548,2026-09-14T19:52:28Z,NYSE:JNJ
20.600152773143325,1.0915969261643,-32.545678317038394,-2.936793515792529,273.00825000000003,50.46588245050943,0.5535055350553608,267.05,2221339,1789415729,2026-09-14T19:55:29Z,NYSE:JNJ
20.600152773143325,0.96202549759289,-34.496318475376334,-2.976774615636244,273.00825000000003,50.327057535174745,0.5120867535206016,266.94,2238647,1789415910,2026-09-14T19:58:30Z,NYSE:JNJ
20.600152773143325,0.9220254975929264,-33.48929932352223,-2.925889579471527,273.00825000000003,50.50360922114301,0.5648015663830108,267.08,2268683,1789416086,2026-09-14T20:01:26Z,NYSE:JNJ
20.600152773143325,0.9134540690214408,-33.27331727781155,-2.914985643150504,273.00825000000003,50.541278567678695,0.5760975977106821,267.11,2295977,1789416268,2026-09-14T20:04:28Z,NYSE:JNJ
20.600152773143325,0.966311211878633,-34.927446356449565,-2.9949478428379344,273.00825000000003,50.263697734875855,0.4932600346411636,266.89,2337102,1789416451,2026-09-14T20:07:31Z,NYSE:JNJ
20.600152773143325,0.8370112118785755,-36.5009179627018,-3.020390360920293,273.00825000000003,50.17472198043275,0.466902628209959,266.82,2382338,1789416628,2026-09-14T20:10:28Z,NYSE:JNJ
20.600152773143325,0.8398683547356995,-36.57258169049486,-3.024025006360627,273.00825000000003,50.16198516427002,0.4631372844340757,266.81,2512259,1789416812,2026-09-14T20:13:32Z,NYSE:JNJ
20.600152773143325,0.5191683547357115,-43.35160604429335,-3.202122632937158,273.00825000000003,49.529803013624615,0.2786354394156221,266.32,4636055,1789416990,2026-09-14T20:16:30Z,NYSE:JNJ
20.600152773143325,0.5191683547357115,-43.35160604429335,-3.202122632937158,273.00825000000003,49.529803013624615,0.2786354394156221,266.32,4636071,1789417167,2026-09-14T20:19:27Z,NYSE:JNJ
20.600152773143325,0.5191683547357115,-43.35160604429335,-3.202122632937158,273.00825000000003,49.529803013624615,0.2786354394156221,266.32,4636621,1789417348,2026-09-14T20:22:28Z,NYSE:JNJ
20.600152773143325,0.5191683547357115,-43.35160604429335,-3.202122632937158,273.00825000000003,49.529803013624615,0.2786354394156221,266.32,4637288,1789417524,2026-09-14T20:25:24Z,NYSE:JNJ
20.600152773143325,0.5191683547357115,-43.35160604429335,-3.202122632937158,273.00825000000003,49.529803013624615,0.2786354394156221,266.32,4637294,1789417710,2026-09-14T20:28:30Z,NYSE:JNJ
20.600152773143325,0.5191683547357115,-43.35160604429335,-3.202122632937158,273.00825000000003,49.529803013624615,0.2786354394156221,266.32,4637338,1789417889,2026-09-14T20:31:29Z,NYSE:JNJ
20.600152773143325,0.5191683547357115,-43.35160604429335,-3.202122632937158,273.00825000000003,49.529803013624615,0.2786354394156221,266.32,4637445,1789418067,2026-09-14T20:34:27Z,NYSE:JNJ
20.600152773143325,0.5191683547357115,-43.35160604429335,-3.202122632937158,273.00825000000003,49.529803013624615,0.2786354394156221,266.32,4637540,1789418245,2026-09-14T20:37:25Z,NYSE:JNJ
20.600152773143325,0.5191683547357115,-43.35160604429335,-3.202122632937158,273.00825000000003,49.529803013624615,0.2786354394156221,266.32,4637540,1789418424,2026-09-14T20:40:24Z,NYSE:JNJ
20.600152773143325,0.5191683547357115,-43.35160604429335,-3.202122632937158,273.00825000000003,49.529803013624615,0.2786354394156221,266.32,4637576,1789418607,2026-09-14T20:43:27Z,NYSE:JNJ
20.600152773143325,0.5191683547357115,-43.35160604429335,-3.202122632937158,273.00825000000003,49.529803013624615,0.2786354394156221,266.32,4638460,1789418788,2026-09-14T20:46:28Z,NYSE:JNJ
20.600152773143325,0.5191683547357115,-43.35160604429335,-3.202122632937158,273.00825000000003,49.529803013624615,0.2786354394156221,266.32,4638505,1789418967,2026-09-14T20:49:27Z,NYSE:JNJ
20.600152773143325,0.5191683547357115,-43.35160604429335,-3.202122632937158,273.00825000000003,49.529803013624615,0.2786354394156221,266.32,4638555,1789419148,2026-09-14T20:52:28Z,NYSE:JNJ
20.600152773143325,0.5191683547357115,-43.35160604429335,-3.202122632937158,273.00825000000003,49.529803013624615,0.2786354394156221,266.32,4638597,1789419328,2026-09-14T20:55:28Z,NYSE:JNJ
20.600152773143325,0.5191683547357115,-43.35160604429335,-3.202122632937158,273.00825000000003,49.529803013624615,0.2786354394156221,266.32,4638599,1789419507,2026-09-14T20:58:27Z,NYSE:JNJ
20.600152773143325,0.5191683547357115,-43.35160604429335,-3.202122632937158,273.00825000000003,49.529803013624615,0.2786354394156221,266.32,4638678,1789419690,2026-09-14T21:01:30Z,NYSE:JNJ
20.600152773143325,0.5191683547357115,-43.35160604429335,-3.202122632937158,273.00825000000003,49.529803013624615,0.2786354394156221,266.32,4657722,1789419865,2026-09-14T21:04:25Z,NYSE:JNJ
20.600152773143325,0.5191683547357115,-43.35160604429335,-3.202122632937158,273.00825000000003,49.529803013624615,0.2786354394156221,266.32,4657726,1789420051,2026-09-14T21:07:31Z,NYSE:JNJ
20.600152773143325,0.5191683547357115,-43.35160604429335,-3.202122632937158,273.00825000000003,49.529803013624615,0.2786354394156221,266.32,4660093,1789420230,2026-09-14T21:10:30Z,NYSE:JNJ
20.600152773143325,0.5191683547357115,-43.35160604429335,-3.202122632937158,273.00825000000003,49.529803013624615,0.2786354394156221,266.32,4660093,1789420406,2026-09-14T21:13:26Z,NYSE:JNJ
20.600152773143325,0.5191683547357115,-43.35160604429335,-3.202122632937158,273.00825000000003,49.529803013624615,0.2786354394156221,266.32,4660116,1789420583,2026-09-14T21:16:23Z,NYSE:JNJ
20.600152773143325,0.5191683547357115,-43.35160604429335,-3.202122632937158,273.00825000000003,49.529803013624615,0.2786354394156221,266.32,4660121,1789420766,2026-09-14T21:19:26Z,NYSE:JNJ
20.600152773143325,0.5191683547357115,-43.35160604429335,-3.202122632937158,273.00825000000003,49.529803013624615,0.2786354394156221,266.32,4660149,1789420947,2026-09-14T21:22:27Z,NYSE:JNJ
20.600152773143325,0.5191683547357115,-43.35160604429335,-3.202122632937158,273.00825000000003,49.529803013624615,0.2786354394156221,266.32,4660163,1789421123,2026-09-14T21:25:23Z,NYSE:JNJ
20.600152773143325,0.5191683547357115,-43.35160604429335,-3.202122632937158,273.00825000000003,49.529803013624615,0.2786354394156221,266.32,4660168,1789421309,2026-09-14T21:28:29Z,NYSE:JNJ
20.600152773143325,0.5191683547357115,-43.35160604429335,-3.202122632937158,273.00825000000003,49.529803013624615,0.2786354394156221,266.32,4660168,1789421488,2026-09-14T21:31:28Z,NYSE:JNJ
20.600152773143325,0.5191683547357115,-43.35160604429335,-3.202122632937158,273.00825000000003,49.529803013624615,0.2786354394156221,266.32,4660173,1789421664,2026-09-14T21:34:24Z,NYSE:JNJ
20.600152773143325,0.5191683547357115,-43.35160604429335,-3.202122632937158,273.00825000000003,49.529803013624615,0.2786354394156221,266.32,4675044,1789421844,2026-09-14T21:37:24Z,NYSE:JNJ
20.600152773143325,0.5191683547357115,-43.35160604429335,-3.202122632937158,273.00825000000003,49.529803013624615,0.2786354394156221,266.32,4731307,1789422025,2026-09-14T21:40:25Z,NYSE:JNJ
20.600152773143325,0.5191683547357115,-43.35160604429335,-3.202122632937158,273.00825000000003,49.529803013624615,0.2786354394156221,266.32,4731395,1789422209,2026-09-14T21:43:29Z,NYSE:JNJ
20.600152773143325,0.5191683547357115,-43.35160604429335,-3.202122632937158,273.00825000000003,49.529803013624615,0.2786354394156221,266.32,4731516,1789422385,2026-09-14T21:46:25Z,NYSE:JNJ
20.600152773143325,0.5191683547357115,-43.35160604429335,-3.202122632937158,273.00825000000003,49.529803013624615,0.2786354394156221,266.32,4731517,1789422570,2026-09-14T21:49:30Z,NYSE:JNJ
20.600152773143325,0.5191683547357115,-43.35160604429335,-3.202122632937158,273.00825000000003,49.529803013624615,0.2786354394156221,266.32,4736011,1789422742,2026-09-14T21:52:22Z,NYSE:JNJ
20.600152773143325,0.5191683547357115,-43.35160604429335,-3.202122632937158,273.00825000000003,49.529803013624615,0.2786354394156221,266.32,4736038,1789422929,2026-09-14T21:55:29Z,NYSE:JNJ
20.600152773143325,0.5191683547357115,-43.35160604429335,-3.202122632937158,273.00825000000003,49.529803013624615,0.2786354394156221,266.32,4740459,1789423107,2026-09-14T21:58:27Z,NYSE:JNJ
20.600152773143325,0.5191683547357115,-43.35160604429335,-3.202122632937158,273.00825000000003,49.529803013624615,0.2786354394156221,266.32,4740459,1789423283,2026-09-14T22:01:23Z,NYSE:JNJ
20.600152773143325,0.5191683547357115,-43.35160604429335,-3.202122632937158,273.00825000000003,49.529803013624615,0.2786354394156221,266.32,4740459,1789423469,2026-09-14T22:04:29Z,NYSE:JNJ
20.600152773143325,0.5191683547357115,-43.35160604429335,-3.202122632937158,273.00825000000003,49.529803013624615,0.2786354394156221,266.32,4740495,1789423643,2026-09-14T22:07:23Z,NYSE:JNJ
20.600152773143325,0.5191683547357115,-43.35160604429335,-3.202122632937158,273.00825000000003,49.529803013624615,0.2786354394156221,266.32,4740571,1789423827,2026-09-14T22:10:27Z,NYSE:JNJ
20.600152773143325,0.5191683547357115,-43.35160604429335,-3.202122632937158,273.00825000000003,49.529803013624615,0.2786354394156221,266.32,4740697,1789424010,2026-09-14T22:13:30Z,NYSE:JNJ
20.600152773143325,0.5191683547357115,-43.35160604429335,-3.202122632937158,273.00825000000003,49.529803013624615,0.2786354394156221,266.32,4680053,1789424185,2026-09-14T22:16:25Z,NYSE:JNJ
20.600152773143325,0.5191683547357115,-43.35160604429335,-3.202122632937158,273.00825000000003,49.529803013624615,0.2786354394156221,266.32,4740723,1789424367,2026-09-14T22:19:27Z,NYSE:JNJ
20.600152773143325,0.5191683547357115,-43.35160604429335,-3.202122632937158,273.00825000000003,49.529803013624615,0.2786354394156221,266.32,4740750,1789424549,2026-09-14T22:22:29Z,NYSE:JNJ
20.600152773143325,0.5191683547357115,-43.35160604429335,-3.202122632937158,273.00825000000003,49.529803013624615,0.2786354394156221,266.32,4740824,1789424727,2026-09-14T22:25:27Z,NYSE:JNJ
20.600152773143325,0.5191683547357115,-43.35160604429335,-3.202122632937158,273.00825000000003,49.529803013624615,0.2786354394156221,266.32,4740825,1789424905,2026-09-14T22:28:25Z,NYSE:JNJ
20.600152773143325,0.5191683547357115,-43.35160604429335,-3.202122632937158,273.00825000000003,49.529803013624615,0.2786354394156221,266.32,4740827,1789425082,2026-09-14T22:31:22Z,NYSE:JNJ
20.600152773143325,0.5191683547357115,-43.35160604429335,-3.202122632937158,273.00825000000003,49.529803013624615,0.2786354394156221,266.32,4740827,1789425266,2026-09-14T22:34:26Z,NYSE:JNJ
20.600152773143325,0.5191683547357115,-43.35160604429335,-3.202122632937158,273.00825000000003,49.529803013624615,0.2786354394156221,266.32,4740827,1789425449,2026-09-14T22:37:29Z,NYSE:JNJ
20.600152773143325,0.5191683547357115,-43.35160604429335,-3.202122632937158,273.00825000000003,49.529803013624615,0.2786354394156221,266.32,4740892,1789425630,2026-09-14T22:40:30Z,NYSE:JNJ
20.600152773143325,0.5191683547357115,-43.35160604429335,-3.202122632937158,273.00825000000003,49.529803013624615,0.2786354394156221,266.32,4740900,1789425802,2026-09-14T22:43:22Z,NYSE:JNJ
20.600152773143325,0.5191683547357115,-43.35160604429335,-3.202122632937158,273.00825000000003,49.529803013624615,0.2786354394156221,266.32,4741431,1789425985,2026-09-14T22:46:25Z,NYSE:JNJ
20.600152773143325,0.5191683547357115,-43.35160604429335,-3.202122632937158,273.00825000000003,49.529803013624615,0.2786354394156221,266.32,4741495,1789426159,2026-09-14T22:49:19Z,NYSE:JNJ
20.600152773143325,0.5191683547357115,-43.35160604429335,-3.202122632937158,273.00825000000003,49.529803013624615,0.2786354394156221,266.32,4741505,1789426344,2026-09-14T22:52:24Z,NYSE:JNJ
20.600152773143325,0.5191683547357115,-43.35160604429335,-3.202122632937158,273.00825000000003,49.529803013624615,0.2786354394156221,266.32,4741505,1789426528,2026-09-14T22:55:28Z,NYSE:JNJ
20.600152773143325,0.5191683547357115,-43.35160604429335,-3.202122632937158,273.00825000000003,49.529803013624615,0.2786354394156221,266.32,4741519,1789426709,2026-09-14T22:58:29Z,NYSE:JNJ
20.600152773143325,0.5191683547357115,-43.35160604429335,-3.202122632937158,273.00825000000003,49.529803013624615,0.2786354394156221,266.32,4741530,1789426888,2026-09-14T23:01:28Z,NYSE:JNJ
20.600152773143325,0.5191683547357115,-43.35160604429335,-3.202122632937158,273.00825000000003,49.529803013624615,0.2786354394156221,266.32,4741531,1789427065,2026-09-14T23:04:25Z,NYSE:JNJ
20.600152773143325,0.5191683547357115,-43.35160604429335,-3.202122632937158,273.00825000000003,49.529803013624615,0.2786354394156221,266.32,4741533,1789427247,2026-09-14T23:07:27Z,NYSE:JNJ
20.600152773143325,0.5191683547357115,-43.35160604429335,-3.202122632937158,273.00825000000003,49.529803013624615,0.2786354394156221,266.32,4741533,1789427424,2026-09-14T23:10:24Z,NYSE:JNJ
20.600152773143325,0.5191683547357115,-43.35160604429335,-3.202122632937158,273.00825000000003,49.529803013624615,0.2786354394156221,266.32,4741535,1789427605,2026-09-14T23:13:25Z,NYSE:JNJ
20.600152773143325,0.5191683547357115,-43.35160604429335,-3.202122632937158,273.00825000000003,49.529803013624615,0.2786354394156221,266.32,4741635,1789427788,2026-09-14T23:16:28Z,NYSE:JNJ
20.600152773143325,0.5191683547357115,-43.35160604429335,-3.202122632937158,273.00825000000003,49.529803013624615,0.2786354394156221,266.32,4741835,1789427967,2026-09-14T23:19:27Z,NYSE:JNJ
20.600152773143325,0.5191683547357115,-43.35160604429335,-3.202122632937158,273.00825000000003,49.529803013624615,0.2786354394156221,266.32,4741841,1789428148,2026-09-14T23:22:28Z,NYSE:JNJ
20.600152773143325,0.5191683547357115,-43.35160604429335,-3.202122632937158,273.00825000000003,49.529803013624615,0.2786354394156221,266.32,4742428,1789428322,2026-09-14T23:25:22Z,NYSE:JNJ
20.600152773143325,0.5191683547357115,-43.35160604429335,-3.202122632937158,273.00825000000003,49.529803013624615,0.2786354394156221,266.32,4742441,1789428503,2026-09-14T23:28:23Z,NYSE:JNJ
20.600152773143325,0.5191683547357115,-43.35160604429335,-3.202122632937158,273.00825000000003,49.529803013624615,0.2786354394156221,266.32,4742455,1789428684,2026-09-14T23:31:24Z,NYSE:JNJ
20.600152773143325,0.5191683547357115,-43.35160604429335,-3.202122632937158,273.00825000000003,49.529803013624615,0.2786354394156221,266.32,4742455,1789428869,2026-09-14T23:34:29Z,NYSE:JNJ
20.600152773143325,0.5191683547357115,-43.35160604429335,-3.202122632937158,273.00825000000003,49.529803013624615,0.2786354394156221,266.32,4742463,1789429043,2026-09-14T23:37:23Z,NYSE:JNJ
20.600152773143325,0.5191683547357115,-43.35160604429335,-3.202122632937158,273.00825000000003,49.529803013624615,0.2786354394156221,266.32,4742463,1789429230,2026-09-14T23:40:30Z,NYSE:JNJ
20.600152773143325,0.5191683547357115,-43.35160604429335,-3.202122632937158,273.00825000000003,49.529803013624615,0.2786354394156221,266.32,4742474,1789429406,2026-09-14T23:43:26Z,NYSE:JNJ
20.600152773143325,0.5191683547357115,-43.35160604429335,-3.202122632937158,273.00825000000003,49.529803013624615,0.2786354394156221,266.32,4742492,1789429588,2026-09-14T23:46:28Z,NYSE:JNJ
20.600152773143325,0.5191683547357115,-43.35160604429335,-3.202122632937158,273.00825000000003,49.529803013624615,0.2786354394156221,266.32,4742493,1789429767,2026-09-14T23:49:27Z,NYSE:JNJ
20.600152773143325,0.5191683547357115,-43.35160604429335,-3.202122632937158,273.00825000000003,49.529803013624615,0.2786354394156221,266.32,4742493,1789429952,2026-09-14T23:52:32Z,NYSE:JNJ
20.600152773143325,0.5191683547357115,-43.35160604429335,-3.202122632937158,273.00825000000003,49.529803013624615,0.2786354394156221,266.32,4742549,1789430126,2026-09-14T23:55:26Z,NYSE:JNJ
20.600152773143325,0.5191683547357115,-43.35160604429335,-3.202122632937158,273.00825000000003,49.529803013624615,0.2786354394156221,266.32,4742551,1789430308,2026-09-14T23:58:28Z,NYSE:JNJ
20.600152773143325,0.5191683547357115,-43.35160604429335,-3.202122632937158,273.00825000000003,49.529803013624615,0.2786354394156221,266.32,4742552,1789430485,2026-09-15T00:01:25Z,NYSE:JNJ
20.600152773143325,0.5191683547357115,-43.35160604429335,-3.202122632937158,273.00825000000003,49.529803013624615,0.2786354394156221,266.32,4742586,1789430664,2026-09-15T00:04:24Z,NYSE:JNJ
20.600152773143325,0.5191683547357115,-43.35160604429335,-3.202122632937158,273.00825000000003,49.529803013624615,0.2786354394156221,266.32,4742693,1789430851,2026-09-15T00:07:31Z,NYSE:JNJ
20.600152773143325,0.5191683547357115,-43.35160604429335,-3.202122632937158,273.00825000000003,49.529803013624615,0.2786354394156221,266.32,4742709,1789431028,2026-09-15T00:10:28Z,NYSE:JNJ
20.600152773143325,0.5191683547357115,-43.35160604429335,-3.202122632937158,273.00825000000003,49.529803013624615,0.2786354394156221,266.32,4742711,1789431210,2026-09-15T00:13:30Z,NYSE:JNJ
20.600152773143325,0.5191683547357115,-43.35160604429335,-3.202122632937158,273.00825000000003,49.529803013624615,0.2786354394156221,266.32,4742712,1789431391,2026-09-15T00:16:31Z,NYSE:JNJ
20.600152773143325,0.5191683547357115,-43.35160604429335,-3.202122632937158,273.00825000000003,49.529803013624615,0.2786354394156221,266.32,4742712,1789431571,2026-09-15T00:19:31Z,NYSE:JNJ
20.600152773143325,0.5191683547357115,-43.35160604429335,-3.202122632937158,273.00825000000003,49.529803013624615,0.2786354394156221,266.32,4742712,1789431746,2026-09-15T00:22:26Z,NYSE:JNJ
20.600152773143325,0.5191683547357115,-43.35160604429335,-3.202122632937158,273.00825000000003,49.529803013624615,0.2786354394156221,266.32,4742712,1789431929,2026-09-15T00:25:29Z,NYSE:JNJ
20.600152773143325,0.5191683547357115,-43.35160604429335,-3.202122632937158,273.00825000000003,49.529803013624615,0.2786354394156221,266.32,4742712,1789432109,2026-09-15T00:28:29Z,NYSE:JNJ
20.600152773143325,0.5191683547357115,-43.35160604429335,-3.202122632937158,273.00825000000003,49.529803013624615,0.2786354394156221,266.32,4742712,1789432287,2026-09-15T00:31:27Z,NYSE:JNJ
20.600152773143325,0.5191683547357115,-43.35160604429335,-3.202122632937158,273.00825000000003,49.529803013624615,0.2786354394156221,266.32,4742712,1789432469,2026-09-15T00:34:29Z,NYSE:JNJ
20.600152773143325,0.5191683547357115,-43.35160604429335,-3.202122632937158,273.00825000000003,49.529803013624615,0.2786354394156221,266.32,4742712,1789432647,2026-09-15T00:37:27Z,NYSE:JNJ
20.600152773143325,0.5191683547357115,-43.35160604429335,-3.202122632937158,273.00825000000003,49.529803013624615,0.2786354394156221,266.32,4742712,1789432829,2026-09-15T00:40:29Z,NYSE:JNJ
20.600152773143325,0.5191683547357115,-43.35160604429335,-3.202122632937158,273.00825000000003,49.529803013624615,0.2786354394156221,266.32,4742712,1789433006,2026-09-15T00:43:26Z,NYSE:JNJ
20.600152773143325,0.5191683547357115,-43.35160604429335,-3.202122632937158,273.00825000000003,49.529803013624615,0.2786354394156221,266.32,4742712,1789433187,2026-09-15T00:46:27Z,NYSE:JNJ
20.600152773143325,0.5191683547357115,-43.35160604429335,-3.202122632937158,273.00825000000003,49.529803013624615,0.2786354394156221,266.32,4742712,1789433367,2026-09-15T00:49:27Z,NYSE:JNJ
20.600152773143325,0.5191683547357115,-43.35160604429335,-3.202122632937158,273.00825000000003,49.529803013624615,0.2786354394156221,266.32,4742712,1789433551,2026-09-15T00:52:31Z,NYSE:JNJ
20.600152773143325,0.5191683547357115,-43.35160604429335,-3.202122632937158,273.00825000000003,49.529803013624615,0.2786354394156221,266.32,4742712,1789433727,2026-09-15T00:55:27Z,NYSE:JNJ
20.600152773143325,0.5191683547357115,-43.35160604429335,-3.202122632937158,273.00825000000003,49.529803013624615,0.2786354394156221,266.32,4742712,1789433902,2026-09-15T00:58:22Z,NYSE:JNJ
20.600152773143325,0.5191683547357115,-43.35160604429335,-3.202122632937158,273.00825000000003,49.529803013624615,0.2786354394156221,266.32,4742712,1789434090,2026-09-15T01:01:30Z,NYSE:JNJ
20.600152773143325,0.5191683547357115,-43.35160604429335,-3.202122632937158,273.00825000000003,49.529803013624615,0.2786354394156221,266.32,4742712,1789434267,2026-09-15T01:04:27Z,NYSE:JNJ
20.600152773143325,0.5191683547357115,-43.35160604429335,-3.202122632937158,273.00825000000003,49.529803013624615,0.2786354394156221,266.32,4742712,1789434450,2026-09-15T01:07:30Z,NYSE:JNJ
20.600152773143325,0.5191683547357115,-43.35160604429335,-3.202122632937158,273.00825000000003,49.529803013624615,0.2786354394156221,266.32,4742712,1789434623,2026-09-15T01:10:23Z,NYSE:JNJ
20.600152773143325,0.5191683547357115,-43.35160604429335,-3.202122632937158,273.00825000000003,49.529803013624615,0.2786354394156221,266.32,4742712,1789434808,2026-09-15T01:13:28Z,NYSE:JNJ
20.600152773143325,0.5191683547357115,-43.35160604429335,-3.202122632937158,273.00825000000003,49.529803013624615,0.2786354394156221,266.32,4742712,1789434989,2026-09-15T01:16:29Z,NYSE:JNJ
20.600152773143325,0.5191683547357115,-43.35160604429335,-3.202122632937158,273.00825000000003,49.529803013624615,0.2786354394156221,266.32,4742712,1789435166,2026-09-15T01:19:26Z,NYSE:JNJ
20.600152773143325,0.5191683547357115,-43.35160604429335,-3.202122632937158,273.00825000000003,49.529803013624615,0.2786354394156221,266.32,4742712,1789435349,2026-09-15T01:22:29Z,NYSE:JNJ
20.600152773143325,0.5191683547357115,-43.35160604429335,-3.202122632937158,273.00825000000003,49.529803013624615,0.2786354394156221,266.32,4742712,1789435525,2026-09-15T01:25:25Z,NYSE:JNJ
20.600152773143325,0.5191683547357115,-43.35160604429335,-3.202122632937158,273.00825000000003,49.529803013624615,0.2786354394156221,266.32,4742712,1789435706,2026-09-15T01:28:26Z,NYSE:JNJ
20.600152773143325,0.5191683547357115,-43.35160604429335,-3.202122632937158,273.00825000000003,49.529803013624615,0.2786354394156221,266.32,4742712,1789435887,2026-09-15T01:31:27Z,NYSE:JNJ
20.600152773143325,0.5191683547357115,-43.35160604429335,-3.202122632937158,273.00825000000003,49.529803013624615,0.2786354394156221,266.32,4742712,1789436067,2026-09-15T01:34:27Z,NYSE:JNJ
20.600152773143325,0.5191683547357115,-43.35160604429335,-3.202122632937158,273.00825000000003,49.529803013624615,0.2786354394156221,266.32,4742712,1789436246,2026-09-15T01:37:26Z,NYSE:JNJ
20.600152773143325,0.5191683547357115,-43.35160604429335,-3.202122632937158,273.00825000000003,49.529803013624615,0.2786354394156221,266.32,4742712,1789436429,2026-09-15T01:40:29Z,NYSE:JNJ
20.600152773143325,0.5191683547357115,-43.35160604429335,-3.202122632937158,273.00825000000003,49.529803013624615,0.2786354394156221,266.32,4742712,1789436601,2026-09-15T01:43:21Z,NYSE:JNJ
20.600152773143325,0.5191683547357115,-43.35160604429335,-3.202122632937158,273.00825000000003,49.529803013624615,0.2786354394156221,266.32,4742712,1789436788,2026-09-15T01:46:28Z,NYSE:JNJ
20.600152773143325,0.5191683547357115,-43.35160604429335,-3.202122632937158,273.00825000000003,49.529803013624615,0.2786354394156221,266.32,4742712,1789436965,2026-09-15T01:49:25Z,NYSE:JNJ
20.600152773143325,0.5191683547357115,-43.35160604429335,-3.202122632937158,273.00825000000003,49.529803013624615,0.2786354394156221,266.32,4742712,1789437155,2026-09-15T01:52:35Z,NYSE:JNJ
20.600152773143325,0.5191683547357115,-43.35160604429335,-3.202122632937158,273.00825000000003,49.529803013624615,0.2786354394156221,266.32,4742712,1789437322,2026-09-15T01:55:22Z,NYSE:JNJ
20.600152773143325,0.5191683547357115,-43.35160604429335,-3.202122632937158,273.00825000000003,49.529803013624615,0.2786354394156221,266.32,4742712,1789437504,2026-09-15T01:58:24Z,NYSE:JNJ
20.600152773143325,0.5191683547357115,-43.35160604429335,-3.202122632937158,273.00825000000003,49.529803013624615,0.2786354394156221,266.32,4742712,1789437690,2026-09-15T02:01:30Z,NYSE:JNJ
20.600152773143325,0.5191683547357115,-43.35160604429335,-3.202122632937158,273.00825000000003,49.529803013624615,0.2786354394156221,266.32,4742712,1789437871,2026-09-15T02:04:31Z,NYSE:JNJ
20.600152773143325,0.5191683547357115,-43.35160604429335,-3.202122632937158,273.00825000000003,49.529803013624615,0.2786354394156221,266.32,4742712,1789438047,2026-09-15T02:07:27Z,NYSE:JNJ
20.600152773143325,0.5191683547357115,-43.35160604429335,-3.202122632937158,273.00825000000003,49.529803013624615,0.2786354394156221,266.32,4742712,1789438230,2026-09-15T02:10:30Z,NYSE:JNJ
20.600152773143325,0.5191683547357115,-43.35160604429335,-3.202122632937158,273.00825000000003,49.529803013624615,0.2786354394156221,266.32,4742712,1789438411,2026-09-15T02:13:31Z,NYSE:JNJ
20.600152773143325,0.5191683547357115,-43.35160604429335,-3.202122632937158,273.00825000000003,49.529803013624615,0.2786354394156221,266.32,4742712,1789438587,2026-09-15T02:16:27Z,NYSE:JNJ
20.600152773143325,0.5191683547357115,-43.35160604429335,-3.202122632937158,273.00825000000003,49.529803013624615,0.2786354394156221,266.32,4742712,1789438776,2026-09-15T02:19:36Z,NYSE:JNJ
20.600152773143325,0.5191683547357115,-43.35160604429335,-3.202122632937158,273.00825000000003,49.529803013624615,0.2786354394156221,266.32,4742712,1789438943,2026-09-15T02:22:23Z,NYSE:JNJ
20.600152773143325,0.5191683547357115,-43.35160604429335,-3.202122632937158,273.00825000000003,49.529803013624615,0.2786354394156221,266.32,4742712,1789439128,2026-09-15T02:25:28Z,NYSE:JNJ
20.600152773143325,0.5191683547357115,-43.35160604429335,-3.202122632937158,273.00825000000003,49.529803013624615,0.2786354394156221,266.32,4742712,1789439303,2026-09-15T02:28:23Z,NYSE:JNJ
20.600152773143325,0.5191683547357115,-43.35160604429335,-3.202122632937158,273.00825000000003,49.529803013624615,0.2786354394156221,266.32,4742712,1789439486,2026-09-15T02:31:26Z,NYSE:JNJ
20.600152773143325,0.5191683547357115,-43.35160604429335,-3.202122632937158,273.00825000000003,49.529803013624615,0.2786354394156221,266.32,4742712,1789439668,2026-09-15T02:34:28Z,NYSE:JNJ
20.600152773143325,0.5191683547357115,-43.35160604429335,-3.202122632937158,273.00825000000003,49.529803013624615,0.2786354394156221,266.32,4742712,1789439859,2026-09-15T02:37:39Z,NYSE:JNJ
20.600152773143325,0.5191683547357115,-43.35160604429335,-3.202122632937158,273.00825000000003,49.529803013624615,0.2786354394156221,266.32,4742712,1789440028,2026-09-15T02:40:28Z,NYSE:JNJ
20.600152773143325,0.5191683547357115,-43.35160604429335,-3.202122632937158,273.00825000000003,49.529803013624615,0.2786354394156221,266.32,4742712,1789440212,2026-09-15T02:43:32Z,NYSE:JNJ
20.600152773143325,0.5191683547357115,-43.35160604429335,-3.202122632937158,273.00825000000003,49.529803013624615,0.2786354394156221,266.32,4742712,1789440390,2026-09-15T02:46:30Z,NYSE:JNJ
20.600152773143325,0.5191683547357115,-43.35160604429335,-3.202122632937158,273.00825000000003,49.529803013624615,0.2786354394156221,266.32,4742712,1789440567,2026-09-15T02:49:27Z,NYSE:JNJ
20.600152773143325,0.5191683547357115,-43.35160604429335,-3.202122632937158,273.00825000000003,49.529803013624615,0.2786354394156221,266.32,4742712,1789440747,2026-09-15T02:52:27Z,NYSE:JNJ
20.600152773143325,0.5191683547357115,-43.35160604429335,-3.202122632937158,273.00825000000003,49.529803013624615,0.2786354394156221,266.32,4742712,1789440924,2026-09-15T02:55:24Z,NYSE:JNJ
20.600152773143325,0.5191683547357115,-43.35160604429335,-3.202122632937158,273.00825000000003,49.529803013624615,0.2786354394156221,266.32,4742712,1789441108,2026-09-15T02:58:28Z,NYSE:JNJ
20.600152773143325,0.5191683547357115,-43.35160604429335,-3.202122632937158,273.00825000000003,49.529803013624615,0.2786354394156221,266.32,4742712,1789441286,2026-09-15T03:01:26Z,NYSE:JNJ
20.600152773143325,0.5191683547357115,-43.35160604429335,-3.202122632937158,273.00825000000003,49.529803013624615,0.2786354394156221,266.32,4742712,1789441467,2026-09-15T03:04:27Z,NYSE:JNJ
20.600152773143325,0.5191683547357115,-43.35160604429335,-3.202122632937158,273.00825000000003,49.529803013624615,0.2786354394156221,266.32,4742712,1789441645,2026-09-15T03:07:25Z,NYSE:JNJ
20.600152773143325,0.5191683547357115,-43.35160604429335,-3.202122632937158,273.00825000000003,49.529803013624615,0.2786354394156221,266.32,4742712,1789441824,2026-09-15T03:10:24Z,NYSE:JNJ
20.600152773143325,0.5191683547357115,-43.35160604429335,-3.202122632937158,273.00825000000003,49.529803013624615,0.2786354394156221,266.32,4742712,1789442008,2026-09-15T03:13:28Z,NYSE:JNJ
20.600152773143325,0.5191683547357115,-43.35160604429335,-3.202122632937158,273.00825000000003,49.529803013624615,0.2786354394156221,266.32,4742712,1789442185,2026-09-15T03:16:25Z,NYSE:JNJ
20.600152773143325,0.5191683547357115,-43.35160604429335,-3.202122632937158,273.00825000000003,49.529803013624615,0.2786354394156221,266.32,4742712,1789442367,2026-09-15T03:19:27Z,NYSE:JNJ
20.600152773143325,0.5191683547357115,-43.35160604429335,-3.202122632937158,273.00825000000003,49.529803013624615,0.2786354394156221,266.32,4742712,1789442549,2026-09-15T03:22:29Z,NYSE:JNJ
20.600152773143325,0.5191683547357115,-43.35160604429335,-3.202122632937158,273.00825000000003,49.529803013624615,0.2786354394156221,266.32,4742712,1789442724,2026-09-15T03:25:24Z,NYSE:JNJ
20.600152773143325,0.5191683547357115,-43.35160604429335,-3.202122632937158,273.00825000000003,49.529803013624615,0.2786354394156221,266.32,4742712,1789442906,2026-09-15T03:28:26Z,NYSE:JNJ
20.600152773143325,0.5191683547357115,-43.35160604429335,-3.202122632937158,273.00825000000003,49.529803013624615,0.2786354394156221,266.32,4742712,1789443089,2026-09-15T03:31:29Z,NYSE:JNJ
20.600152773143325,0.5191683547357115,-43.35160604429335,-3.202122632937158,273.00825000000003,49.529803013624615,0.2786354394156221,266.32,4742712,1789443267,2026-09-15T03:34:27Z,NYSE:JNJ
20.600152773143325,0.5191683547357115,-43.35160604429335,-3.202122632937158,273.00825000000003,49.529803013624615,0.2786354394156221,266.32,4742712,1789443445,2026-09-15T03:37:25Z,NYSE:JNJ
20.600152773143325,0.5191683547357115,-43.35160604429335,-3.202122632937158,273.00825000000003,49.529803013624615,0.2786354394156221,266.32,4742712,1789443628,2026-09-15T03:40:28Z,NYSE:JNJ
20.600152773143325,0.5191683547357115,-43.35160604429335,-3.202122632937158,273.00825000000003,49.529803013624615,0.2786354394156221,266.32,4742712,1789443803,2026-09-15T03:43:23Z,NYSE:JNJ
20.600152773143325,0.5191683547357115,-43.35160604429335,-3.202122632937158,273.00825000000003,49.529803013624615,0.2786354394156221,266.32,4742712,1789443991,2026-09-15T03:46:31Z,NYSE:JNJ
20.600152773143325,0.5191683547357115,-43.35160604429335,-3.202122632937158,273.00825000000003,49.529803013624615,0.2786354394156221,266.32,4742712,1789444168,2026-09-15T03:49:28Z,NYSE:JNJ
20.600152773143325,0.5191683547357115,-43.35160604429335,-3.202122632937158,273.00825000000003,49.529803013624615,0.2786354394156221,266.32,4742712,1789444349,2026-09-15T03:52:29Z,NYSE:JNJ
20.600152773143325,0.5191683547357115,-43.35160604429335,-3.202122632937158,273.00825000000003,49.529803013624615,0.2786354394156221,266.32,4742712,1789444528,2026-09-15T03:55:28Z,NYSE:JNJ
20.600152773143325,0.5191683547357115,-43.35160604429335,-3.202122632937158,273.00825000000003,49.529803013624615,0.2786354394156221,266.32,4742712,1789444703,2026-09-15T03:58:23Z,NYSE:JNJ
20.600152773143325,0.5191683547357115,-43.35160604429335,-3.202122632937158,273.00825000000003,49.529803013624615,0.2786354394156221,266.32,4742712,1789444890,2026-09-15T04:01:30Z,NYSE:JNJ
20.600152773143325,0.5191683547357115,-43.35160604429335,-3.202122632937158,273.00825000000003,49.529803013624615,0.2786354394156221,266.32,4742712,1789445066,2026-09-15T04:04:26Z,NYSE:JNJ
20.600152773143325,0.5191683547357115,-43.35160604429335,-3.202122632937158,273.00825000000003,49.529803013624615,0.2786354394156221,266.32,4742712,1789445247,2026-09-15T04:07:27Z,NYSE:JNJ
20.600152773143325,0.5191683547357115,-43.35160604429335,-3.202122632937158,273.00825000000003,49.529803013624615,0.2786354394156221,266.32,4742712,1789445431,2026-09-15T04:10:31Z,NYSE:JNJ
20.600152773143325,0.5191683547357115,-43.35160604429335,-3.202122632937158,273.00825000000003,49.529803013624615,0.2786354394156221,266.32,4742712,1789445608,2026-09-15T04:13:28Z,NYSE:JNJ
20.600152773143325,0.5191683547357115,-43.35160604429335,-3.202122632937158,273.00825000000003,49.529803013624615,0.2786354394156221,266.32,4742712,1789445790,2026-09-15T04:16:30Z,NYSE:JNJ
20.600152773143325,0.5191683547357115,-43.35160604429335,-3.202122632937158,273.00825000000003,49.529803013624615,0.2786354394156221,266.32,4742712,1789445965,2026-09-15T04:19:25Z,NYSE:JNJ
20.600152773143325,0.5191683547357115,-43.35160604429335,-3.202122632937158,273.00825000000003,49.529803013624615,0.2786354394156221,266.32,4742712,1789446148,2026-09-15T04:22:28Z,NYSE:JNJ
20.600152773143325,0.5191683547357115,-43.35160604429335,-3.202122632937158,273.00825000000003,49.529803013624615,0.2786354394156221,266.32,4742712,1789446323,2026-09-15T04:25:23Z,NYSE:JNJ
20.600152773143325,0.5191683547357115,-43.35160604429335,-3.202122632937158,273.00825000000003,49.529803013624615,0.2786354394156221,266.32,4742712,1789446507,2026-09-15T04:28:27Z,NYSE:JNJ
20.600152773143325,0.5191683547357115,-43.35160604429335,-3.202122632937158,273.00825000000003,49.529803013624615,0.2786354394156221,266.32,4742712,1789446684,2026-09-15T04:31:24Z,NYSE:JNJ
20.600152773143325,0.5191683547357115,-43.35160604429335,-3.202122632937158,273.00825000000003,49.529803013624615,0.2786354394156221,266.32,4742712,1789446870,2026-09-15T04:34:30Z,NYSE:JNJ
20.600152773143325,0.5191683547357115,-43.35160604429335,-3.202122632937158,273.00825000000003,49.529803013624615,0.2786354394156221,266.32,4742712,1789447049,2026-09-15T04:37:29Z,NYSE:JNJ
20.600152773143325,0.5191683547357115,-43.35160604429335,-3.202122632937158,273.00825000000003,49.529803013624615,0.2786354394156221,266.32,4742712,1789447229,2026-09-15T04:40:29Z,NYSE:JNJ
20.600152773143325,0.5191683547357115,-43.35160604429335,-3.202122632937158,273.00825000000003,49.529803013624615,0.2786354394156221,266.32,4742712,1789447400,2026-09-15T04:43:20Z,NYSE:JNJ
20.600152773143325,0.5191683547357115,-43.35160604429335,-3.202122632937158,273.00825000000003,49.529803013624615,0.2786354394156221,266.32,4742712,1789447586,2026-09-15T04:46:26Z,NYSE:JNJ
20.600152773143325,0.5191683547357115,-43.35160604429335,-3.202122632937158,273.00825000000003,49.529803013624615,0.2786354394156221,266.32,4742712,1789447770,2026-09-15T04:49:30Z,NYSE:JNJ
20.600152773143325,0.5191683547357115,-43.35160604429335,-3.202122632937158,273.00825000000003,49.529803013624615,0.2786354394156221,266.32,4742712,1789447953,2026-09-15T04:52:33Z,NYSE:JNJ
20.600152773143325,0.5191683547357115,-43.35160604429335,-3.202122632937158,273.00825000000003,49.529803013624615,0.2786354394156221,266.32,4742712,1789448128,2026-09-15T04:55:28Z,NYSE:JNJ
20.600152773143325,0.5191683547357115,-43.35160604429335,-3.202122632937158,273.00825000000003,49.529803013624615,0.2786354394156221,266.32,4742712,1789448312,2026-09-15T04:58:32Z,NYSE:JNJ
20.600152773143325,0.5191683547357115,-43.35160604429335,-3.202122632937158,273.00825000000003,49.529803013624615,0.2786354394156221,266.32,4742712,1789448490,2026-09-15T05:01:30Z,NYSE:JNJ
20.600152773143325,0.5191683547357115,-43.35160604429335,-3.202122632937158,273.00825000000003,49.529803013624615,0.2786354394156221,266.32,4742712,1789448664,2026-09-15T05:04:24Z,NYSE:JNJ
20.600152773143325,0.5191683547357115,-43.35160604429335,-3.202122632937158,273.00825000000003,49.529803013624615,0.2786354394156221,266.32,4742712,1789448848,2026-09-15T05:07:28Z,NYSE:JNJ
20.600152773143325,0.5191683547357115,-43.35160604429335,-3.202122632937158,273.00825000000003,49.529803013624615,0.2786354394156221,266.32,4742712,1789449028,2026-09-15T05:10:28Z,NYSE:JNJ
20.600152773143325,0.5191683547357115,-43.35160604429335,-3.202122632937158,273.00825000000003,49.529803013624615,0.2786354394156221,266.32,4742712,1789449201,2026-09-15T05:13:21Z,NYSE:JNJ
20.600152773143325,0.5191683547357115,-43.35160604429335,-3.202122632937158,273.00825000000003,49.529803013624615,0.2786354394156221,266.32,4742712,1789449393,2026-09-15T05:16:33Z,NYSE:JNJ
20.600152773143325,0.5191683547357115,-43.35160604429335,-3.202122632937158,273.00825000000003,49.529803013624615,0.2786354394156221,266.32,4742712,1789449566,2026-09-15T05:19:26Z,NYSE:JNJ
20.600152773143325,0.5191683547357115,-43.35160604429335,-3.202122632937158,273.00825000000003,49.529803013624615,0.2786354394156221,266.32,4742712,1789449750,2026-09-15T05:22:30Z,NYSE:JNJ
20.600152773143325,0.5191683547357115,-43.35160604429335,-3.202122632937158,273.00825000000003,49.529803013624615,0.2786354394156221,266.32,4742712,1789449929,2026-09-15T05:25:29Z,NYSE:JNJ
20.600152773143325,0.5191683547357115,-43.35160604429335,-3.202122632937158,273.00825000000003,49.529803013624615,0.2786354394156221,266.32,4742712,1789450110,2026-09-15T05:28:30Z,NYSE:JNJ
20.600152773143325,0.5191683547357115,-43.35160604429335,-3.202122632937158,273.00825000000003,49.529803013624615,0.2786354394156221,266.32,4742712,1789450289,2026-09-15T05:31:29Z,NYSE:JNJ
20.600152773143325,0.5191683547357115,-43.35160604429335,-3.202122632937158,273.00825000000003,49.529803013624615,0.2786354394156221,266.32,4742712,1789450467,2026-09-15T05:34:27Z,NYSE:JNJ
20.600152773143325,0.5191683547357115,-43.35160604429335,-3.202122632937158,273.00825000000003,49.529803013624615,0.2786354394156221,266.32,4742712,1789450646,2026-09-15T05:37:26Z,NYSE:JNJ
20.600152773143325,0.5191683547357115,-43.35160604429335,-3.202122632937158,273.00825000000003,49.529803013624615,0.2786354394156221,266.32,4742712,1789450825,2026-09-15T05:40:25Z,NYSE:JNJ
20.600152773143325,0.5191683547357115,-43.35160604429335,-3.202122632937158,273.00825000000003,49.529803013624615,0.2786354394156221,266.32,4742712,1789451008,2026-09-15T05:43:28Z,NYSE:JNJ
20.600152773143325,0.5191683547357115,-43.35160604429335,-3.202122632937158,273.00825000000003,49.529803013624615,0.2786354394156221,266.32,4742712,1789451184,2026-09-15T05:46:24Z,NYSE:JNJ
20.600152773143325,0.5191683547357115,-43.35160604429335,-3.202122632937158,273.00825000000003,49.529803013624615,0.2786354394156221,266.32,4742712,1789451368,2026-09-15T05:49:28Z,NYSE:JNJ
20.600152773143325,0.5191683547357115,-43.35160604429335,-3.202122632937158,273.00825000000003,49.529803013624615,0.2786354394156221,266.32,4742712,1789451548,2026-09-15T05:52:28Z,NYSE:JNJ
20.600152773143325,0.5191683547357115,-43.35160604429335,-3.202122632937158,273.00825000000003,49.529803013624615,0.2786354394156221,266.32,4742712,1789451724,2026-09-15T05:55:24Z,NYSE:JNJ
20.600152773143325,0.5191683547357115,-43.35160604429335,-3.202122632937158,273.00825000000003,49.529803013624615,0.2786354394156221,266.32,4742712,1789451905,2026-09-15T05:58:25Z,NYSE:JNJ
20.600152773143325,0.5191683547357115,-43.35160604429335,-3.202122632937158,273.00825000000003,49.529803013624615,0.2786354394156221,266.32,4742712,1789452089,2026-09-15T06:01:29Z,NYSE:JNJ
20.600152773143325,0.5191683547357115,-43.35160604429335,-3.202122632937158,273.00825000000003,49.529803013624615,0.2786354394156221,266.32,4742712,1789452264,2026-09-15T06:04:24Z,NYSE:JNJ
20.600152773143325,0.5191683547357115,-43.35160604429335,-3.202122632937158,273.00825000000003,49.529803013624615,0.2786354394156221,266.32,4742712,1789452450,2026-09-15T06:07:30Z,NYSE:JNJ
20.600152773143325,0.5191683547357115,-43.35160604429335,-3.202122632937158,273.00825000000003,49.529803013624615,0.2786354394156221,266.32,4742712,1789452631,2026-09-15T06:10:31Z,NYSE:JNJ
20.600152773143325,0.5191683547357115,-43.35160604429335,-3.202122632937158,273.00825000000003,49.529803013624615,0.2786354394156221,266.32,4742712,1789452805,2026-09-15T06:13:25Z,NYSE:JNJ
20.600152773143325,0.5191683547357115,-43.35160604429335,-3.202122632937158,273.00825000000003,49.529803013624615,0.2786354394156221,266.32,4742712,1789452982,2026-09-15T06:16:22Z,NYSE:JNJ
20.600152773143325,0.5191683547357115,-43.35160604429335,-3.202122632937158,273.00825000000003,49.529803013624615,0.2786354394156221,266.32,4742712,1789453172,2026-09-15T06:19:32Z,NYSE:JNJ
20.600152773143325,0.5191683547357115,-43.35160604429335,-3.202122632937158,273.00825000000003,49.529803013624615,0.2786354394156221,266.32,4742712,1789453348,2026-09-15T06:22:28Z,NYSE:JNJ
20.600152773143325,0.5191683547357115,-43.35160604429335,-3.202122632937158,273.00825000000003,49.529803013624615,0.2786354394156221,266.32,4742712,1789453530,2026-09-15T06:25:30Z,NYSE:JNJ
20.600152773143325,0.5191683547357115,-43.35160604429335,-3.202122632937158,273.00825000000003,49.529803013624615,0.2786354394156221,266.32,4742712,1789453710,2026-09-15T06:28:30Z,NYSE:JNJ
20.600152773143325,0.5191683547357115,-43.35160604429335,-3.202122632937158,273.00825000000003,49.529803013624615,0.2786354394156221,266.32,4742712,1789453885,2026-09-15T06:31:25Z,NYSE:JNJ
20.600152773143325,0.5191683547357115,-43.35160604429335,-3.202122632937158,273.00825000000003,49.529803013624615,0.2786354394156221,266.32,4742712,1789454069,2026-09-15T06:34:29Z,NYSE:JNJ
20.600152773143325,0.5191683547357115,-43.35160604429335,-3.202122632937158,273.00825000000003,49.529803013624615,0.2786354394156221,266.32,4742712,1789454240,2026-09-15T06:37:20Z,NYSE:JNJ
20.600152773143325,0.5191683547357115,-43.35160604429335,-3.202122632937158,273.00825000000003,49.529803013624615,0.2786354394156221,266.32,4742712,1789454428,2026-09-15T06:40:28Z,NYSE:JNJ
20.600152773143325,0.5191683547357115,-43.35160604429335,-3.202122632937158,273.00825000000003,49.529803013624615,0.2786354394156221,266.32,4742712,1789454607,2026-09-15T06:43:27Z,NYSE:JNJ
20.600152773143325,0.5191683547357115,-43.35160604429335,-3.202122632937158,273.00825000000003,49.529803013624615,0.2786354394156221,266.32,4742712,1789454785,2026-09-15T06:46:25Z,NYSE:JNJ
20.600152773143325,0.5191683547357115,-43.35160604429335,-3.202122632937158,273.00825000000003,49.529803013624615,0.2786354394156221,266.32,4742712,1789454969,2026-09-15T06:49:29Z,NYSE:JNJ
20.600152773143325,0.5191683547357115,-43.35160604429335,-3.202122632937158,273.00825000000003,49.529803013624615,0.2786354394156221,266.32,4742712,1789455142,2026-09-15T06:52:22Z,NYSE:JNJ
20.600152773143325,0.5191683547357115,-43.35160604429335,-3.202122632937158,273.00825000000003,49.529803013624615,0.2786354394156221,266.32,4742712,1789455327,2026-09-15T06:55:27Z,NYSE:JNJ
20.600152773143325,0.5191683547357115,-43.35160604429335,-3.202122632937158,273.00825000000003,49.529803013624615,0.2786354394156221,266.32,4742712,1789455504,2026-09-15T06:58:24Z,NYSE:JNJ
20.600152773143325,0.5191683547357115,-43.35160604429335,-3.202122632937158,273.00825000000003,49.529803013624615,0.2786354394156221,266.32,4742712,1789455683,2026-09-15T07:01:23Z,NYSE:JNJ
20.600152773143325,0.5191683547357115,-43.35160604429335,-3.202122632937158,273.00825000000003,49.529803013624615,0.2786354394156221,266.32,4742712,1789455868,2026-09-15T07:04:28Z,NYSE:JNJ
20.600152773143325,0.5191683547357115,-43.35160604429335,-3.202122632937158,273.00825000000003,49.529803013624615,0.2786354394156221,266.32,4742712,1789456045,2026-09-15T07:07:25Z,NYSE:JNJ
20.600152773143325,0.5191683547357115,-43.35160604429335,-3.202122632937158,273.00825000000003,49.529803013624615,0.2786354394156221,266.32,4742712,1789456230,2026-09-15T07:10:30Z,NYSE:JNJ
20.600152773143325,0.5191683547357115,-43.35160604429335,-3.202122632937158,273.00825000000003,49.529803013624615,0.2786354394156221,266.32,4742712,1789456402,2026-09-15T07:13:22Z,NYSE:JNJ
20.600152773143325,0.5191683547357115,-43.35160604429335,-3.202122632937158,273.00825000000003,49.529803013624615,0.2786354394156221,266.32,4742712,1789456587,2026-09-15T07:16:27Z,NYSE:JNJ
20.600152773143325,0.5191683547357115,-43.35160604429335,-3.202122632937158,273.00825000000003,49.529803013624615,0.2786354394156221,266.32,4742712,1789456766,2026-09-15T07:19:26Z,NYSE:JNJ
20.600152773143325,0.5191683547357115,-43.35160604429335,-3.202122632937158,273.00825000000003,49.529803013624615,0.2786354394156221,266.32,4742712,1789456949,2026-09-15T07:22:29Z,NYSE:JNJ
20.600152773143325,0.5191683547357115,-43.35160604429335,-3.202122632937158,273.00825000000003,49.529803013624615,0.2786354394156221,266.32,4742712,1789457126,2026-09-15T07:25:26Z,NYSE:JNJ
20.600152773143325,0.5191683547357115,-43.35160604429335,-3.202122632937158,273.00825000000003,49.529803013624615,0.2786354394156221,266.32,4742712,1789457308,2026-09-15T07:28:28Z,NYSE:JNJ
20.600152773143325,0.5191683547357115,-43.35160604429335,-3.202122632937158,273.00825000000003,49.529803013624615,0.2786354394156221,266.32,4742712,1789457490,2026-09-15T07:31:30Z,NYSE:JNJ
20.600152773143325,0.5191683547357115,-43.35160604429335,-3.202122632937158,273.00825000000003,49.529803013624615,0.2786354394156221,266.32,4742712,1789457666,2026-09-15T07:34:26Z,NYSE:JNJ
20.600152773143325,0.5191683547357115,-43.35160604429335,-3.202122632937158,273.00825000000003,49.529803013624615,0.2786354394156221,266.32,4742712,1789457847,2026-09-15T07:37:27Z,NYSE:JNJ
20.600152773143325,0.5191683547357115,-43.35160604429335,-3.202122632937158,273.00825000000003,49.529803013624615,0.2786354394156221,266.32,4742712,1789458030,2026-09-15T07:40:30Z,NYSE:JNJ
20.600152773143325,0.5191683547357115,-43.35160604429335,-3.202122632937158,273.00825000000003,49.529803013624615,0.2786354394156221,266.32,4742712,1789458202,2026-09-15T07:43:22Z,NYSE:JNJ
20.600152773143325,0.5191683547357115,-43.35160604429335,-3.202122632937158,273.00825000000003,49.529803013624615,0.2786354394156221,266.32,4742712,1789458388,2026-09-15T07:46:28Z,NYSE:JNJ
20.600152773143325,0.5191683547357115,-43.35160604429335,-3.202122632937158,273.00825000000003,49.529803013624615,0.2786354394156221,266.32,4742712,1789458563,2026-09-15T07:49:23Z,NYSE:JNJ
20.600152773143325,0.5191683547357115,-43.35160604429335,-3.202122632937158,273.00825000000003,49.529803013624615,0.2786354394156221,266.32,4742712,1789458744,2026-09-15T07:52:24Z,NYSE:JNJ
20.600152773143325,0.5191683547357115,-43.35160604429335,-3.202122632937158,273.00825000000003,49.529803013624615,0.2786354394156221,266.32,4742712,1789458925,2026-09-15T07:55:25Z,NYSE:JNJ
20.600152773143325,0.5191683547357115,-43.35160604429335,-3.202122632937158,273.00825000000003,49.529803013624615,0.2786354394156221,266.32,4742712,1789459107,2026-09-15T07:58:27Z,NYSE:JNJ
20.600152773143325,0.5191683547357115,-43.35160604429335,-3.202122632937158,273.00825000000003,49.529803013624615,0.2786354394156221,266.32,4742712,1789459286,2026-09-15T08:01:26Z,NYSE:JNJ
20.600152773143325,0.5191683547357115,-43.35160604429335,-3.202122632937158,273.00825000000003,49.529803013624615,0.2786354394156221,266.32,4742712,1789459469,2026-09-15T08:04:29Z,NYSE:JNJ
20.600152773143325,0.5191683547357115,-43.35160604429335,-3.202122632937158,273.00825000000003,49.529803013624615,0.2786354394156221,266.32,4742712,1789459648,2026-09-15T08:07:28Z,NYSE:JNJ
20.600152773143325,0.5191683547357115,-43.35160604429335,-3.202122632937158,273.00825000000003,49.529803013624615,0.2786354394156221,266.32,4742712,1789459823,2026-09-15T08:10:23Z,NYSE:JNJ
20.600152773143325,0.5191683547357115,-43.35160604429335,-3.202122632937158,273.00825000000003,49.529803013624615,0.2786354394156221,266.32,4742712,1789460006,2026-09-15T08:13:26Z,NYSE:JNJ
20.600152773143325,0.5191683547357115,-43.35160604429335,-3.202122632937158,273.00825000000003,49.529803013624615,0.2786354394156221,266.32,4742712,1789460187,2026-09-15T08:16:27Z,NYSE:JNJ
20.600152773143325,0.5191683547357115,-43.35160604429335,-3.202122632937158,273.00825000000003,49.529803013624615,0.2786354394156221,266.32,4742712,1789460367,2026-09-15T08:19:27Z,NYSE:JNJ
20.600152773143325,0.5191683547357115,-43.35160604429335,-3.202122632937158,273.00825000000003,49.529803013624615,0.2786354394156221,266.32,4742712,1789460542,2026-09-15T08:22:22Z,NYSE:JNJ
20.600152773143325,0.5191683547357115,-43.35160604429335,-3.202122632937158,273.00825000000003,49.529803013624615,0.2786354394156221,266.32,4742712,1789460726,2026-09-15T08:25:26Z,NYSE:JNJ
20.600152773143325,0.5191683547357115,-43.35160604429335,-3.202122632937158,273.00825000000003,49.529803013624615,0.2786354394156221,266.32,4742712,1789460905,2026-09-15T08:28:25Z,NYSE:JNJ
20.600152773143325,0.5191683547357115,-43.35160604429335,-3.202122632937158,273.00825000000003,49.529803013624615,0.2786354394156221,266.32,4742712,1789461088,2026-09-15T08:31:28Z,NYSE:JNJ
20.600152773143325,0.5191683547357115,-43.35160604429335,-3.202122632937158,273.00825000000003,49.529803013624615,0.2786354394156221,266.32,4742712,1789461264,2026-09-15T08:34:24Z,NYSE:JNJ
20.600152773143325,0.5191683547357115,-43.35160604429335,-3.202122632937158,273.00825000000003,49.529803013624615,0.2786354394156221,266.32,4742712,1789461444,2026-09-15T08:37:24Z,NYSE:JNJ
20.600152773143325,0.5191683547357115,-43.35160604429335,-3.202122632937158,273.00825000000003,49.529803013624615,0.2786354394156221,266.32,4742712,1789461628,2026-09-15T08:40:28Z,NYSE:JNJ
20.600152773143325,0.5191683547357115,-43.35160604429335,-3.202122632937158,273.00825000000003,49.529803013624615,0.2786354394156221,266.32,4742712,1789461806,2026-09-15T08:43:26Z,NYSE:JNJ
20.600152773143325,0.5191683547357115,-43.35160604429335,-3.202122632937158,273.00825000000003,49.529803013624615,0.2786354394156221,266.32,4742712,1789461988,2026-09-15T08:46:28Z,NYSE:JNJ
20.600152773143325,0.5191683547357115,-43.35160604429335,-3.202122632937158,273.00825000000003,49.529803013624615,0.2786354394156221,266.32,4742712,1789462165,2026-09-15T08:49:25Z,NYSE:JNJ
20.600152773143325,0.5191683547357115,-43.35160604429335,-3.202122632937158,273.00825000000003,49.529803013624615,0.2786354394156221,266.32,4742712,1789462347,2026-09-15T08:52:27Z,NYSE:JNJ
20.600152773143325,0.5191683547357115,-43.35160604429335,-3.202122632937158,273.00825000000003,49.529803013624615,0.2786354394156221,266.32,4742712,1789462518,2026-09-15T08:55:18Z,NYSE:JNJ
20.600152773143325,0.5191683547357115,-43.35160604429335,-3.202122632937158,273.00825000000003,49.529803013624615,0.2786354394156221,266.32,4742712,1789462701,2026-09-15T08:58:21Z,NYSE:JNJ
20.600152773143325,0.5191683547357115,-43.35160604429335,-3.202122632937158,273.00825000000003,49.529803013624615,0.2786354394156221,266.32,4742712,1789462886,2026-09-15T09:01:26Z,NYSE:JNJ
20.600152773143325,0.5191683547357115,-43.35160604429335,-3.202122632937158,273.00825000000003,49.529803013624615,0.2786354394156221,266.32,4742712,1789463066,2026-09-15T09:04:26Z,NYSE:JNJ
20.600152773143325,0.5191683547357115,-43.35160604429335,-3.202122632937158,273.00825000000003,49.529803013624615,0.2786354394156221,266.32,4742712,1789463250,2026-09-15T09:07:30Z,NYSE:JNJ
20.600152773143325,0.5191683547357115,-43.35160604429335,-3.202122632937158,273.00825000000003,49.529803013624615,0.2786354394156221,266.32,4742712,1789463424,2026-09-15T09:10:24Z,NYSE:JNJ
20.600152773143325,0.5191683547357115,-43.35160604429335,-3.202122632937158,273.00825000000003,49.529803013624615,0.2786354394156221,266.32,4742712,1789463608,2026-09-15T09:13:28Z,NYSE:JNJ
20.600152773143325,0.5191683547357115,-43.35160604429335,-3.202122632937158,273.00825000000003,49.529803013624615,0.2786354394156221,266.32,4742712,1789463787,2026-09-15T09:16:27Z,NYSE:JNJ
20.600152773143325,0.5191683547357115,-43.35160604429335,-3.202122632937158,273.00825000000003,49.529803013624615,0.2786354394156221,266.32,4742712,1789463968,2026-09-15T09:19:28Z,NYSE:JNJ
20.600152773143325,0.5191683547357115,-43.35160604429335,-3.202122632937158,273.00825000000003,49.529803013624615,0.2786354394156221,266.32,4742712,1789464142,2026-09-15T09:22:22Z,NYSE:JNJ
20.600152773143325,0.5191683547357115,-43.35160604429335,-3.202122632937158,273.00825000000003,49.529803013624615,0.2786354394156221,266.32,4742712,1789464330,2026-09-15T09:25:30Z,NYSE:JNJ
20.600152773143325,0.5191683547357115,-43.35160604429335,-3.202122632937158,273.00825000000003,49.529803013624615,0.2786354394156221,266.32,4742712,1789464510,2026-09-15T09:28:30Z,NYSE:JNJ
20.600152773143325,0.5191683547357115,-43.35160604429335,-3.202122632937158,273.00825000000003,49.529803013624615,0.2786354394156221,266.32,4742712,1789464686,2026-09-15T09:31:26Z,NYSE:JNJ
20.600152773143325,0.5191683547357115,-43.35160604429335,-3.202122632937158,273.00825000000003,49.529803013624615,0.2786354394156221,266.32,4742712,1789464864,2026-09-15T09:34:24Z,NYSE:JNJ
20.600152773143325,0.5191683547357115,-43.35160604429335,-3.202122632937158,273.00825000000003,49.529803013624615,0.2786354394156221,266.32,4742712,1789465049,2026-09-15T09:37:29Z,NYSE:JNJ
20.600152773143325,0.5191683547357115,-43.35160604429335,-3.202122632937158,273.00825000000003,49.529803013624615,0.2786354394156221,266.32,4742712,1789465222,2026-09-15T09:40:22Z,NYSE:JNJ
20.600152773143325,0.5191683547357115,-43.35160604429335,-3.202122632937158,273.00825000000003,49.529803013624615,0.2786354394156221,266.32,4742712,1789465407,2026-09-15T09:43:27Z,NYSE:JNJ
20.600152773143325,0.5191683547357115,-43.35160604429335,-3.202122632937158,273.00825000000003,49.529803013624615,0.2786354394156221,266.32,4742712,1789465590,2026-09-15T09:46:30Z,NYSE:JNJ
20.600152773143325,0.5191683547357115,-43.35160604429335,-3.202122632937158,273.00825000000003,49.529803013624615,0.2786354394156221,266.32,4742712,1789465769,2026-09-15T09:49:29Z,NYSE:JNJ
20.600152773143325,0.5191683547357115,-43.35160604429335,-3.202122632937158,273.00825000000003,49.529803013624615,0.2786354394156221,266.32,4742712,1789465942,2026-09-15T09:52:22Z,NYSE:JNJ
20.600152773143325,0.5191683547357115,-43.35160604429335,-3.202122632937158,273.00825000000003,49.529803013624615,0.2786354394156221,266.32,4742712,1789466126,2026-09-15T09:55:26Z,NYSE:JNJ
20.600152773143325,0.5191683547357115,-43.35160604429335,-3.202122632937158,273.00825000000003,49.529803013624615,0.2786354394156221,266.32,4742712,1789466301,2026-09-15T09:58:21Z,NYSE:JNJ
20.600152773143325,0.5191683547357115,-43.35160604429335,-3.202122632937158,273.00825000000003,49.529803013624615,0.2786354394156221,266.32,4742712,1789466486,2026-09-15T10:01:26Z,NYSE:JNJ
20.600152773143325,0.5191683547357115,-43.35160604429335,-3.202122632937158,273.00825000000003,49.529803013624615,0.2786354394156221,266.32,4742712,1789466669,2026-09-15T10:04:29Z,NYSE:JNJ
20.600152773143325,0.5191683547357115,-43.35160604429335,-3.202122632937158,273.00825000000003,49.529803013624615,0.2786354394156221,266.32,4742712,1789466846,2026-09-15T10:07:26Z,NYSE:JNJ
20.600152773143325,0.5191683547357115,-43.35160604429335,-3.202122632937158,273.00825000000003,49.529803013624615,0.2786354394156221,266.32,4742712,1789467027,2026-09-15T10:10:27Z,NYSE:JNJ
20.600152773143325,0.5191683547357115,-43.35160604429335,-3.202122632937158,273.00825000000003,49.529803013624615,0.2786354394156221,266.32,4742712,1789467207,2026-09-15T10:13:27Z,NYSE:JNJ
20.600152773143325,0.5191683547357115,-43.35160604429335,-3.202122632937158,273.00825000000003,49.529803013624615,0.2786354394156221,266.32,4742712,1789467383,2026-09-15T10:16:23Z,NYSE:JNJ
20.600152773143325,0.5191683547357115,-43.35160604429335,-3.202122632937158,273.00825000000003,49.529803013624615,0.2786354394156221,266.32,4742712,1789467571,2026-09-15T10:19:31Z,NYSE:JNJ
20.600152773143325,0.5191683547357115,-43.35160604429335,-3.202122632937158,273.00825000000003,49.529803013624615,0.2786354394156221,266.32,4742712,1789467747,2026-09-15T10:22:27Z,NYSE:JNJ
20.600152773143325,0.5191683547357115,-43.35160604429335,-3.202122632937158,273.00825000000003,49.529803013624615,0.2786354394156221,266.32,4742712,1789467925,2026-09-15T10:25:25Z,NYSE:JNJ
20.600152773143325,0.5191683547357115,-43.35160604429335,-3.202122632937158,273.00825000000003,49.529803013624615,0.2786354394156221,266.32,4742712,1789468106,2026-09-15T10:28:26Z,NYSE:JNJ
20.600152773143325,0.5191683547357115,-43.35160604429335,-3.202122632937158,273.00825000000003,49.529803013624615,0.2786354394156221,266.32,4742712,1789468289,2026-09-15T10:31:29Z,NYSE:JNJ
20.600152773143325,0.5191683547357115,-43.35160604429335,-3.202122632937158,273.00825000000003,49.529803013624615,0.2786354394156221,266.32,4742712,1789468464,2026-09-15T10:34:24Z,NYSE:JNJ
20.600152773143325,0.5191683547357115,-43.35160604429335,-3.202122632937158,273.00825000000003,49.529803013624615,0.2786354394156221,266.32,4742712,1789468651,2026-09-15T10:37:31Z,NYSE:JNJ
20.600152773143325,0.5191683547357115,-43.35160604429335,-3.202122632937158,273.00825000000003,49.529803013624615,0.2786354394156221,266.32,4742712,1789468826,2026-09-15T10:40:26Z,NYSE:JNJ
20.600152773143325,0.5191683547357115,-43.35160604429335,-3.202122632937158,273.00825000000003,49.529803013624615,0.2786354394156221,266.32,4742712,1789469005,2026-09-15T10:43:25Z,NYSE:JNJ
20.600152773143325,0.5191683547357115,-43.35160604429335,-3.202122632937158,273.00825000000003,49.529803013624615,0.2786354394156221,266.32,4742712,1789469183,2026-09-15T10:46:23Z,NYSE:JNJ
20.600152773143325,0.5191683547357115,-43.35160604429335,-3.202122632937158,273.00825000000003,49.529803013624615,0.2786354394156221,266.32,4742712,1789469365,2026-09-15T10:49:25Z,NYSE:JNJ
20.600152773143325,0.5191683547357115,-43.35160604429335,-3.202122632937158,273.00825000000003,49.529803013624615,0.2786354394156221,266.32,4742712,1789469550,2026-09-15T10:52:30Z,NYSE:JNJ
20.600152773143325,0.5191683547357115,-43.35160604429335,-3.202122632937158,273.00825000000003,49.529803013624615,0.2786354394156221,266.32,4742712,1789469730,2026-09-15T10:55:30Z,NYSE:JNJ
20.600152773143325,0.5191683547357115,-43.35160604429335,-3.202122632937158,273.00825000000003,49.529803013624615,0.2786354394156221,266.32,4742712,1789469907,2026-09-15T10:58:27Z,NYSE:JNJ
20.600152773143325,0.5191683547357115,-43.35160604429335,-3.202122632937158,273.00825000000003,49.529803013624615,0.2786354394156221,266.32,4742712,1789470085,2026-09-15T11:01:25Z,NYSE:JNJ
20.600152773143325,0.5191683547357115,-43.35160604429335,-3.202122632937158,273.00825000000003,49.529803013624615,0.2786354394156221,266.32,4742712,1789470268,2026-09-15T11:04:28Z,NYSE:JNJ
20.600152773143325,0.5191683547357115,-43.35160604429335,-3.202122632937158,273.00825000000003,49.529803013624615,0.2786354394156221,266.32,4742712,1789470446,2026-09-15T11:07:26Z,NYSE:JNJ
20.600152773143325,0.5191683547357115,-43.35160604429335,-3.202122632937158,273.00825000000003,49.529803013624615,0.2786354394156221,266.32,4742712,1789470625,2026-09-15T11:10:25Z,NYSE:JNJ
20.600152773143325,0.5191683547357115,-43.35160604429335,-3.202122632937158,273.00825000000003,49.529803013624615,0.2786354394156221,266.32,4742712,1789470803,2026-09-15T11:13:23Z,NYSE:JNJ
20.600152773143325,0.5191683547357115,-43.35160604429335,-3.202122632937158,273.00825000000003,49.529803013624615,0.2786354394156221,266.32,4742712,1789470987,2026-09-15T11:16:27Z,NYSE:JNJ
20.600152773143325,0.5191683547357115,-43.35160604429335,-3.202122632937158,273.00825000000003,49.529803013624615,0.2786354394156221,266.32,4742712,1789471163,2026-09-15T11:19:23Z,NYSE:JNJ
20.600152773143325,0.5191683547357115,-43.35160604429335,-3.202122632937158,273.00825000000003,49.529803013624615,0.2786354394156221,266.32,4742712,1789471344,2026-09-15T11:22:24Z,NYSE:JNJ
20.600152773143325,0.5191683547357115,-43.35160604429335,-3.202122632937158,273.00825000000003,49.529803013624615,0.2786354394156221,266.32,4742712,1789471523,2026-09-15T11:25:23Z,NYSE:JNJ
20.600152773143325,0.5191683547357115,-43.35160604429335,-3.202122632937158,273.00825000000003,49.529803013624615,0.2786354394156221,266.32,4742712,1789471709,2026-09-15T11:28:29Z,NYSE:JNJ
20.600152773143325,0.5191683547357115,-43.35160604429335,-3.202122632937158,273.00825000000003,49.529803013624615,0.2786354394156221,266.32,4742712,1789471885,2026-09-15T11:31:25Z,NYSE:JNJ
20.600152773143325,0.5191683547357115,-43.35160604429335,-3.202122632937158,273.00825000000003,49.529803013624615,0.2786354394156221,266.32,4742712,1789472064,2026-09-15T11:34:24Z,NYSE:JNJ
20.600152773143325,0.5191683547357115,-43.35160604429335,-3.202122632937158,273.00825000000003,49.529803013624615,0.2786354394156221,266.32,4742712,1789472249,2026-09-15T11:37:29Z,NYSE:JNJ
20.600152773143325,0.5191683547357115,-43.35160604429335,-3.202122632937158,273.00825000000003,49.529803013624615,0.2786354394156221,266.32,4742712,1789472424,2026-09-15T11:40:24Z,NYSE:JNJ
20.600152773143325,0.5191683547357115,-43.35160604429335,-3.202122632937158,273.00825000000003,49.529803013624615,0.2786354394156221,266.32,4742712,1789472605,2026-09-15T11:43:25Z,NYSE:JNJ
20.600152773143325,0.5191683547357115,-43.35160604429335,-3.202122632937158,273.00825000000003,49.529803013624615,0.2786354394156221,266.32,4742712,1789472785,2026-09-15T11:46:25Z,NYSE:JNJ
20.600152773143325,0.5191683547357115,-43.35160604429335,-3.202122632937158,273.00825000000003,49.529803013624615,0.2786354394156221,266.32,4742712,1789472966,2026-09-15T11:49:26Z,NYSE:JNJ
20.600152773143325,0.5191683547357115,-43.35160604429335,-3.202122632937158,273.00825000000003,49.529803013624615,0.2786354394156221,266.32,4742712,1789473148,2026-09-15T11:52:28Z,NYSE:JNJ
20.600152773143325,0.5191683547357115,-43.35160604429335,-3.202122632937158,273.00825000000003,49.529803013624615,0.2786354394156221,266.32,4742712,1789473327,2026-09-15T11:55:27Z,NYSE:JNJ
20.600152773143325,0.5191683547357115,-43.35160604429335,-3.202122632937158,273.00825000000003,49.529803013624615,0.2786354394156221,266.32,4742712,1789473507,2026-09-15T11:58:27Z,NYSE:JNJ
20.600152773143325,0.5191683547357115,-43.35160604429335,-3.202122632937158,273.00825000000003,49.529803013624615,0.2786354394156221,266.32,4742712,1789473686,2026-09-15T12:01:26Z,NYSE:JNJ
20.600152773143325,0.5191683547357115,-43.35160604429335,-3.202122632937158,273.00825000000003,49.529803013624615,0.2786354394156221,266.32,4742712,1789473867,2026-09-15T12:04:27Z,NYSE:JNJ
20.600152773143325,0.5191683547357115,-43.35160604429335,-3.202122632937158,273.00825000000003,49.529803013624615,0.2786354394156221,266.32,4742712,1789474050,2026-09-15T12:07:30Z,NYSE:JNJ
20.600152773143325,0.5191683547357115,-43.35160604429335,-3.202122632937158,273.00825000000003,49.529803013624615,0.2786354394156221,266.32,4742712,1789474223,2026-09-15T12:10:23Z,NYSE:JNJ
20.600152773143325,0.5191683547357115,-43.35160604429335,-3.202122632937158,273.00825000000003,49.529803013624615,0.2786354394156221,266.32,4742712,1789474408,2026-09-15T12:13:28Z,NYSE:JNJ
20.600152773143325,0.5191683547357115,-43.35160604429335,-3.202122632937158,273.00825000000003,49.529803013624615,0.2786354394156221,266.32,4742712,1789474585,2026-09-15T12:16:25Z,NYSE:JNJ
20.600152773143325,0.5191683547357115,-43.35160604429335,-3.202122632937158,273.00825000000003,49.529803013624615,0.2786354394156221,266.32,4742712,1789474764,2026-09-15T12:19:24Z,NYSE:JNJ
20.600152773143325,0.5191683547357115,-43.35160604429335,-3.202122632937158,273.00825000000003,49.529803013624615,0.2786354394156221,266.32,4742712,1789474947,2026-09-15T12:22:27Z,NYSE:JNJ
20.600152773143325,0.5191683547357115,-43.35160604429335,-3.202122632937158,273.00825000000003,49.529803013624615,0.2786354394156221,266.32,4742712,1789475125,2026-09-15T12:25:25Z,NYSE:JNJ
20.600152773143325,0.5191683547357115,-43.35160604429335,-3.202122632937158,273.00825000000003,49.529803013624615,0.2786354394156221,266.32,4742712,1789475300,2026-09-15T12:28:20Z,NYSE:JNJ
20.600152773143325,0.5191683547357115,-43.35160604429335,-3.202122632937158,273.00825000000003,49.529803013624615,0.2786354394156221,266.32,4742712,1789475488,2026-09-15T12:31:28Z,NYSE:JNJ
20.600152773143325,0.5191683547357115,-43.35160604429335,-3.202122632937158,273.00825000000003,49.529803013624615,0.2786354394156221,266.32,4742712,1789475661,2026-09-15T12:34:21Z,NYSE:JNJ
20.600152773143325,0.5191683547357115,-43.35160604429335,-3.202122632937158,273.00825000000003,49.529803013624615,0.2786354394156221,266.32,4742712,1789475846,2026-09-15T12:37:26Z,NYSE:JNJ
20.600152773143325,0.5191683547357115,-43.35160604429335,-3.202122632937158,273.00825000000003,49.529803013624615,0.2786354394156221,266.32,4742712,1789476025,2026-09-15T12:40:25Z,NYSE:JNJ
20.600152773143325,0.5191683547357115,-43.35160604429335,-3.202122632937158,273.00825000000003,49.529803013624615,0.2786354394156221,266.32,4742712,1789476204,2026-09-15T12:43:24Z,NYSE:JNJ
20.600152773143325,0.5191683547357115,-43.35160604429335,-3.202122632937158,273.00825000000003,49.529803013624615,0.2786354394156221,266.32,4742712,1789476385,2026-09-15T12:46:25Z,NYSE:JNJ
20.600152773143325,0.5191683547357115,-43.35160604429335,-3.202122632937158,273.00825000000003,49.529803013624615,0.2786354394156221,266.32,4742712,1789476570,2026-09-15T12:49:30Z,NYSE:JNJ
20.600152773143325,0.5191683547357115,-43.35160604429335,-3.202122632937158,273.00825000000003,49.529803013624615,0.2786354394156221,266.32,4742712,1789476745,2026-09-15T12:52:25Z,NYSE:JNJ
20.600152773143325,0.5191683547357115,-43.35160604429335,-3.202122632937158,273.00825000000003,49.529803013624615,0.2786354394156221,266.32,4742712,1789476928,2026-09-15T12:55:28Z,NYSE:JNJ
20.600152773143325,0.5191683547357115,-43.35160604429335,-3.202122632937158,273.00825000000003,49.529803013624615,0.2786354394156221,266.32,4742712,1789477104,2026-09-15T12:58:24Z,NYSE:JNJ
20.600152773143325,0.5191683547357115,-43.35160604429335,-3.202122632937158,273.00825000000003,49.529803013624615,0.2786354394156221,266.32,4742712,1789477284,2026-09-15T13:01:24Z,NYSE:JNJ
20.600152773143325,0.5191683547357115,-43.35160604429335,-3.202122632937158,273.00825000000003,49.529803013624615,0.2786354394156221,266.32,4742712,1789477466,2026-09-15T13:04:26Z,NYSE:JNJ
20.600152773143325,0.5191683547357115,-43.35160604429335,-3.202122632937158,273.00825000000003,49.529803013624615,0.2786354394156221,266.32,4742712,1789477643,2026-09-15T13:07:23Z,NYSE:JNJ
20.600152773143325,0.5191683547357115,-43.35160604429335,-3.202122632937158,273.00825000000003,49.529803013624615,0.2786354394156221,266.32,4742712,1789477826,2026-09-15T13:10:26Z,NYSE:JNJ
20.600152773143325,0.5191683547357115,-43.35160604429335,-3.202122632937158,273.00825000000003,49.529803013624615,0.2786354394156221,266.32,4742712,1789478008,2026-09-15T13:13:28Z,NYSE:JNJ
20.600152773143325,0.5191683547357115,-43.35160604429335,-3.202122632937158,273.00825000000003,49.529803013624615,0.2786354394156221,266.32,4742712,1789478186,2026-09-15T13:16:26Z,NYSE:JNJ
20.600152773143325,0.5191683547357115,-43.35160604429335,-3.202122632937158,273.00825000000003,49.529803013624615,0.2786354394156221,266.32,4742712,1789478367,2026-09-15T13:19:27Z,NYSE:JNJ
20.600152773143325,0.5191683547357115,-43.35160604429335,-3.202122632937158,273.00825000000003,49.529803013624615,0.2786354394156221,266.32,4742712,1789478548,2026-09-15T13:22:28Z,NYSE:JNJ
20.600152773143325,0.5191683547357115,-43.35160604429335,-3.202122632937158,273.00825000000003,49.529803013624615,0.2786354394156221,266.32,4742712,1789478727,2026-09-15T13:25:27Z,NYSE:JNJ
20.600152773143325,0.5191683547357115,-43.35160604429335,-3.202122632937158,273.00825000000003,49.529803013624615,0.2786354394156221,266.32,4742712,1789478907,2026-09-15T13:28:27Z,NYSE:JNJ
20.600152773143325,0.5191683547357115,-43.35160604429335,-3.202122632937158,273.00825000000003,49.529803013624615,0.2786354394156221,266.32,4742712,1789479085,2026-09-15T13:31:25Z,NYSE:JNJ
20.600152773143325,0.5191683547357115,-43.35160604429335,-3.202122632937158,273.00825000000003,49.529803013624615,0.2786354394156221,266.32,4742712,1789479269,2026-09-15T13:34:29Z,NYSE:JNJ
20.600152773143325,0.5191683547357115,-43.35160604429335,-3.202122632937158,273.00825000000003,49.529803013624615,0.2786354394156221,266.32,4742712,1789479445,2026-09-15T13:37:25Z,NYSE:JNJ
20.600152773143325,0.5191683547357115,-43.35160604429335,-3.202122632937158,273.00825000000003,49.529803013624615,0.2786354394156221,266.32,4742712,1789479626,2026-09-15T13:40:26Z,NYSE:JNJ
20.600152773143325,0.5191683547357115,-43.35160604429335,-3.202122632937158,273.00825000000003,49.529803013624615,0.2786354394156221,266.32,4742712,1789479808,2026-09-15T13:43:28Z,NYSE:JNJ
19.754705507719777,-5.408541410226519,-121.40526082769031,-2.4660867000884688,273.00825000000003,47.25089778061439,-0.649594472814666,264.59,178486,1789479979,2026-09-15T13:46:19Z,NYSE:JNJ
19.383919917374108,-6.6128271245122505,-144.06576306244645,-3.041138307283988,273.00825000000003,45.36857832746745,-1.2353559627515849,263.03,213415,1789480167,2026-09-15T13:49:27Z,NYSE:JNJ
19.379642524931946,-6.62425569594086,-144.41104488508748,-3.052196992037737,273.00825000000003,45.33384850915758,-1.246620606788823,263.0,252630,1789480343,2026-09-15T13:52:23Z,NYSE:JNJ
19.16242552248793,-7.574969981655045,-164.19140254845155,-3.612503686228235,273.00825000000003,43.6412015948565,-1.817362571342736,261.48,299083,1789480533,2026-09-15T13:55:33Z,NYSE:JNJ
19.251213081299447,-7.909969981655024,-169.97997812029632,-3.76732527278088,273.00825000000003,43.195557078813806,-1.9750675878642203,261.06,358396,1789480712,2026-09-15T13:58:32Z,NYSE:JNJ
19.251213081299447,-7.9585414102264735,-168.86412441124074,-3.704659392509568,273.00825000000003,43.37483604702095,-1.911234604986473,261.23,421290,1789480886,2026-09-15T14:01:26Z,NYSE:JNJ
19.251213081299447,-7.898541410226528,-170.2422397930483,-3.782070185785901,273.00825000000003,43.15358896138739,-1.990087113247225,261.02,454399,1789481065,2026-09-15T14:04:25Z,NYSE:JNJ
19.29525611517036,-8.169969981655129,-170.79917690121047,-3.7286198761427136,273.00825000000003,43.30611276334375,-1.935641333733844,261.165,489562,1789481244,2026-09-15T14:07:24Z,NYSE:JNJ
19.29525611517036,-8.262827124512285,-168.66700011288086,-3.608817457976985,273.00825000000003,43.65192428089736,-1.8136076899969904,261.49,547565,1789481428,2026-09-15T14:10:28Z,NYSE:JNJ
19.29525611517036,-8.192827124512235,-170.27501468584697,-3.699130050132693,273.00825000000003,43.390726252808506,-1.905602282967854,261.245,586785,1789481607,2026-09-15T14:13:27Z,NYSE:JNJ
19.29525611517036,-8.153684267369329,-171.17237158551907,-3.7496313771748633,273.00825000000003,43.24602669778251,-1.957044157404622,261.108,625865,1789481783,2026-09-15T14:16:23Z,NYSE:JNJ
19.29525611517036,-8.24282712451219,-169.12685923746133,-3.634621055735756,273.00825000000003,43.57697594075479,-1.839891859417234,261.42,662621,1789481964,2026-09-15T14:19:24Z,NYSE:JNJ
19.29525611517036,-8.329969981655097,-167.12068616308983,-3.522191094072527,273.00825000000003,43.90543306826468,-1.7253679783718725,261.725,708912,1789482149,2026-09-15T14:22:29Z,NYSE:JNJ
19.29525611517036,-8.31282712451224,-167.51585660996545,-3.544308463580048,273.00825000000003,43.84042791339567,-1.74789726644637,261.665,757212,1789482324,2026-09-15T14:25:24Z,NYSE:JNJ
19.29525611517036,-8.409969981655138,-165.2650650501534,-3.418976703037444,273.00825000000003,44.21135713240728,-1.6202313006908973,262.005,786242,1789482507,2026-09-15T14:28:27Z,NYSE:JNJ
19.29525611517036,-8.504541410226523,-163.04212698596612,-3.296962547920953,273.00825000000003,44.578547475431776,-1.4959447281465832,262.336,823856,1789482691,2026-09-15T14:31:31Z,NYSE:JNJ
19.29525611517036,-8.695684267369359,-158.52789460493764,-3.050353877912112,273.00825000000003,45.33963311926484,-1.2447431661159498,263.005,848730,1789482861,2026-09-15T14:34:21Z,NYSE:JNJ
19.29525611517036,-8.606827124512222,-160.63000312704477,-3.1649955765260827,273.00825000000003,44.98261799416552,-1.3615199759687506,262.694,868119,1789483045,2026-09-15T14:37:25Z,NYSE:JNJ
19.29525611517036,-8.731398553083693,-157.68124450592455,-3.0042760247714457,273.00825000000003,45.48472968381175,-1.1978071492940814,263.13,900468,1789483222,2026-09-15T14:40:22Z,NYSE:JNJ
19.29525611517036,-8.784255695940772,-156.42635416406145,-2.9360808021232585,273.00825000000003,45.701185024096695,-1.1283418443977151,263.315,924267,1789483410,2026-09-15T14:43:30Z,NYSE:JNJ
19.29525611517036,-8.791398553083638,-156.2566049287964,-2.9268652314951336,273.00825000000003,45.73059385826143,-1.1189546410333502,263.34,945547,1789483585,2026-09-15T14:46:25Z,NYSE:JNJ
19.29525611517036,-8.864255695940813,-154.5228529763571,-2.8328664110881547,273.00825000000003,46.032740204478,-1.023205166716719,263.595,965496,1789483770,2026-09-15T14:49:30Z,NYSE:JNJ
19.29525611517036,-8.858541410226564,-154.6589857525125,-2.840238867590676,273.00825000000003,46.00889823353919,-1.0307149294082325,263.575,981586,1789483945,2026-09-15T14:52:25Z,NYSE:JNJ
19.29525611517036,-8.943398553083682,-152.63474260825103,-2.730757888528443,273.00825000000003,46.36551095359727,-0.9191949534394634,263.872,1020599,1789484132,2026-09-15T14:55:32Z,NYSE:JNJ
19.29525611517036,-8.891398553083661,-153.87586784350302,-2.797847242701259,273.00825000000003,46.14632784482216,-0.9875337939321102,263.69,1043898,1789484303,2026-09-15T14:58:23Z,NYSE:JNJ
19.29525611517036,-8.934255695940749,-152.85311856191348,-2.742553818932468,273.00825000000003,46.326822529545744,-0.9312105737458766,263.84,1060435,1789484487,2026-09-15T15:01:27Z,NYSE:JNJ
19.29525611517036,-9.005684267369418,-151.1452802879331,-2.6503981126511347,273.00825000000003,46.63080527638069,-0.8373385401021396,264.09,1084531,1789484667,2026-09-15T15:04:27Z,NYSE:JNJ
19.29525611517036,-8.914255695940767,-153.33058362548718,-2.7683574166912384,273.00825000000003,46.242416286524026,-0.9574947431661202,263.77,1110929,1789484847,2026-09-15T15:07:27Z,NYSE:JNJ
19.29525611517036,-8.945684267369359,-152.5801382015959,-2.727808905927447,273.00825000000003,46.37519315842166,-0.9161910483628708,263.88,1132254,1789485028,2026-09-15T15:10:28Z,NYSE:JNJ
19.29525611517036,-8.858541410226564,-154.6589857525125,-2.840238867590676,273.00825000000003,46.00889823353919,-1.0307149294082325,263.575,1167070,1789485206,2026-09-15T15:13:26Z,NYSE:JNJ
19.29525611517036,-8.827112838797973,-155.40725257519637,-2.880787378354467,273.00825000000003,45.87820760158341,-1.0720186242114818,263.465,1205231,1789485387,2026-09-15T15:16:27Z,NYSE:JNJ
19.29525611517036,-8.817112838797982,-155.645173127738,-2.893689177233842,273.00825000000003,45.83677978136814,-1.0851607089215929,263.43,1215377,1789485571,2026-09-15T15:19:31Z,NYSE:JNJ
19.29525611517036,-8.819969981655106,-155.57720391764985,-2.890002948982592,273.00825000000003,45.848608664941096,-1.081405827575847,263.44,1232997,1789485746,2026-09-15T15:22:26Z,NYSE:JNJ
19.29525611517036,-8.751398553083675,-157.20668079799273,-2.978472427012675,273.00825000000003,45.56639013580672,-1.1715229798738376,263.2,1261945,1789485925,2026-09-15T15:25:25Z,NYSE:JNJ
19.29525611517036,-8.842827124512212,-155.0332171655269,-2.860513122972572,273.00825000000003,45.9434599772019,-1.0513667768098571,263.52,1274280,1789486105,2026-09-15T15:28:25Z,NYSE:JNJ
19.29525611517036,-8.825684267369354,-155.4412460804045,-2.882630492480092,273.00825000000003,45.87228475729345,-1.073896064884355,263.46,1285546,1789486288,2026-09-15T15:31:28Z,NYSE:JNJ
19.29525611517036,-8.922827124512253,-153.1259947755999,-2.757298731937468,273.00825000000003,46.27855269938276,-0.9462300991288608,263.8,1293868,1789486466,2026-09-15T15:34:26Z,NYSE:JNJ
19.29525611517036,-8.885684267369413,-154.01212392729695,-2.805219699203759,273.00825000000003,46.122368097289694,-0.9950435566236022,263.67,1301600,1789486645,2026-09-15T15:37:25Z,NYSE:JNJ
19.29525611517036,-8.989969981655065,-151.521354504222,-2.6706723680330096,273.00825000000003,46.56358728459272,-0.8579903875037429,264.035,1316964,1789486826,2026-09-15T15:40:26Z,NYSE:JNJ
19.29525611517036,-9.077112838797971,-149.43335919205808,-2.5582424063698017,273.00825000000003,46.9388036602693,-0.7434665064584027,264.34,1354228,1789487007,2026-09-15T15:43:27Z,NYSE:JNJ
19.29525611517036,-9.127112838797927,-148.23257729919368,-2.4937334119728645,273.00825000000003,47.15683464088021,-0.6777560829077827,264.515,1375068,1789487187,2026-09-15T15:46:27Z,NYSE:JNJ
19.29525611517036,-9.137112838797918,-147.99217954500847,-2.4808316130934687,273.00825000000003,47.20068412421857,-0.6646139981976501,264.55,1388114,1789487366,2026-09-15T15:49:26Z,NYSE:JNJ
19.29525611517036,-9.19568426736936,-146.5825166050427,-2.405263933942781,273.00825000000003,47.57990885434722,-0.5876389306097919,264.755,1404582,1789487549,2026-09-15T15:52:29Z,NYSE:JNJ
19.29525611517036,-9.244255695940808,-145.41142597544626,-2.342598053671469,273.00825000000003,47.67566908047637,-0.5238059477320448,264.925,1413128,1789487730,2026-09-15T15:55:30Z,NYSE:JNJ
19.29525611517036,-9.231398553083691,-145.7216063046068,-2.359186080802115,273.00825000000003,47.618166745664645,-0.5407029137879235,264.88,1425451,1789487911,2026-09-15T15:58:31Z,NYSE:JNJ
19.29525611517036,-9.207112838797968,-146.30713751496512,-2.3905190209377607,273.00825000000003,47.50992881664564,-0.5726194052267863,264.795,1438179,1789488085,2026-09-15T16:01:25Z,NYSE:JNJ
19.29525611517036,-9.201398553083608,-146.44484025407718,-2.397891477440281,273.00825000000003,47.48453254057068,-0.5801291679182998,264.775,1447431,1789488265,2026-09-15T16:04:25Z,NYSE:JNJ
19.29525611517036,-9.151398553083652,-147.64861443723316,-2.462400471837198,273.00825000000003,47.26346789257823,-0.6796335235806558,264.51,1459424,1789488443,2026-09-15T16:07:23Z,NYSE:JNJ
19.29525611517036,-9.135684267369411,-148.02652701218636,-2.4826747272190937,273.00825000000003,47.19441492023009,-0.6664914388705231,264.545,1468737,1789488628,2026-09-15T16:10:28Z,NYSE:JNJ
19.29525611517036,-9.059969981655115,-149.8445933915424,-2.5803597758773225,273.00825000000003,46.86451357144319,-0.7659957945329005,264.28,1480562,1789488807,2026-09-15T16:13:27Z,NYSE:JNJ
19.29525611517036,-9.028541410226524,-150.59791044859048,-2.620908286641093,273.00825000000003,46.728924065754406,-0.8072994893361284,264.17,1489947,1789488984,2026-09-15T16:16:24Z,NYSE:JNJ
19.29525611517036,-9.048541410226504,-150.11861850559998,-2.5951046888823224,273.00825000000003,46.815117351184526,-0.7810153199158847,264.24,1501469,1789489165,2026-09-15T16:19:25Z,NYSE:JNJ
19.29525611517036,-9.023255695940804,-150.7245269108547,-2.627727808905918,273.00825000000003,46.70619741083652,-0.8142460198257715,264.1515,1515084,1789489343,2026-09-15T16:22:23Z,NYSE:JNJ
19.29525611517036,-8.999969981655056,-151.2820574039847,-2.657770569153634,273.00825000000003,46.6063399278718,-0.8448483027936318,264.07,1532295,1789489527,2026-09-15T16:25:27Z,NYSE:JNJ
19.29525611517036,-9.047112838798,-150.15286427874,-2.596947803007948,273.00825000000003,46.808950144285326,-0.7828927605887578,264.235,1543782,1789489706,2026-09-15T16:28:26Z,NYSE:JNJ
19.29525611517036,-9.057112838797991,-149.91310949318844,-2.5840460041285724,273.00825000000003,46.8521547465251,-0.7697506758786465,264.27,1550235,1789489887,2026-09-15T16:31:27Z,NYSE:JNJ
19.29525611517036,-9.049969981655124,-150.08437109581814,-2.5932615747566974,273.00825000000003,46.82128618339053,-0.7791378792430117,264.245,1562943,1789490067,2026-09-15T16:34:27Z,NYSE:JNJ
19.29525611517036,-9.06282712451224,-149.77607073957634,-2.576673547626052,273.00825000000003,46.87687891818965,-0.762240913187133,264.29,1682107,1789490250,2026-09-15T16:37:30Z,NYSE:JNJ
19.29525611517036,-9.065684267369363,-149.7075415363501,-2.5729873193748016,273.00825000000003,46.88925079192812,-0.758486031841387,264.3,1691785,1789490431,2026-09-15T16:40:31Z,NYSE:JNJ
19.29525611517036,-9.124255695940803,-148.30124758205176,-2.4974196402241144,273.00825000000003,47.14432117742204,-0.6815109642535288,264.505,1702268,1789490603,2026-09-15T16:43:23Z,NYSE:JNJ
19.29525611517036,-9.137112838797918,-147.99217954500847,-2.4808316130934687,273.00825000000003,47.20068412421857,-0.6646139981976501,264.55,1708731,1789490786,2026-09-15T16:46:26Z,NYSE:JNJ
19.29525611517036,-9.14282712451228,-147.85477323574924,-2.5029489826009894,273.00825000000003,47.22577760477721,-0.6871432862721478,264.49,1725934,1789490966,2026-09-15T16:49:26Z,NYSE:JNJ
19.29525611517036,-9.145684267369404,-147.7860602151385,-2.4697729283397187,273.00825000000003,47.238334353124245,-0.653349354160412,264.58,1733643,1789491147,2026-09-15T16:52:27Z,NYSE:JNJ
19.29525611517036,-9.124255695940803,-148.30124758205176,-2.4974196402241144,273.00825000000003,47.14432117742204,-0.6815109642535288,264.505,1740466,1789491324,2026-09-15T16:55:24Z,NYSE:JNJ
19.29525611517036,-9.120014838798,-148.4031627671522,-2.5028911088174444,273.00825000000003,47.12575968315167,-0.6870843346350191,264.490157,1747767,1789491502,2026-09-15T16:58:22Z,NYSE:JNJ
19.29525611517036,-9.204255695940844,-146.37599218351275,-2.3942052491890107,273.00825000000003,47.49722728382692,-0.5763742865725323,264.785,1759486,1789491689,2026-09-15T17:01:29Z,NYSE:JNJ
19.29525611517036,-9.185684267369368,-146.82338674557073,-2.4181657328221564,273.00825000000003,47.41483257317064,-0.6007810153199031,264.72,1769810,1789491869,2026-09-15T17:04:29Z,NYSE:JNJ
19.29525611517036,-9.177112838797996,-147.02978259420345,-2.429224417575927,273.00825000000003,47.37690058391918,-0.6120456593571627,264.69,1783086,1789492046,2026-09-15T17:07:26Z,NYSE:JNJ
19.29525611517036,-9.232827124512198,-145.6871484321757,-2.35734296667649,273.00825000000003,47.62454904323943,-0.5388254731150505,264.885,1794202,1789492228,2026-09-15T17:10:28Z,NYSE:JNJ
19.29525611517036,-9.257112838797925,-145.10111176785583,-2.3260100265408234,273.00825000000003,47.73331045954029,-0.5069089816761663,264.97,1807016,1789492410,2026-09-15T17:13:30Z,NYSE:JNJ
19.29525611517036,-9.282827124512266,-144.4800813705346,-2.2928339722795528,273.00825000000003,47.849012372620834,-0.4731150495644303,265.06,1816114,1789492584,2026-09-15T17:16:24Z,NYSE:JNJ
19.29525611517036,-9.17996998165512,-146.96099056823738,-2.425538189324677,273.00825000000003,47.3895378350509,-0.6082907780114165,264.7,2202460,1789492768,2026-09-15T17:19:28Z,NYSE:JNJ
19.29525611517036,-9.1999699816551,-146.4792618154106,-2.3997345915659065,273.00825000000003,47.478187713327536,-0.5820066085911728,264.77,2214147,1789492944,2026-09-15T17:22:24Z,NYSE:JNJ
19.29525611517036,-9.179998553083635,-146.96030261470065,-2.425501327042153,273.00825000000003,47.38966424160787,-0.6082532291979472,264.7001,2229139,1789493124,2026-09-15T17:25:24Z,NYSE:JNJ
19.29525611517036,-9.244255695940808,-145.41142597544626,-2.342598053671469,273.00825000000003,47.67566908047637,-0.5238059477320448,264.925,2236162,1789493306,2026-09-15T17:28:26Z,NYSE:JNJ
19.29525611517036,-9.255684267369418,-145.13559773823067,-2.3278531406664693,273.00825000000003,47.7268989798048,-0.5087864223490607,264.965,2242124,1789493488,2026-09-15T17:31:28Z,NYSE:JNJ
19.29525611517036,-9.191398553083616,-146.68575655560906,-2.4107932763196565,273.00825000000003,47.478187713327536,-0.593271252628411,264.74,2250995,1789493666,2026-09-15T17:34:26Z,NYSE:JNJ
19.29525611517036,-9.202827124512226,-146.41041704348396,-2.3960483633146565,273.00825000000003,47.49087906384374,-0.5782517272454267,264.78,2260802,1789493847,2026-09-15T17:37:27Z,NYSE:JNJ
19.29525611517036,-9.145684267369404,-147.7860602151385,-2.4697729283397187,273.00825000000003,47.238334353124245,-0.653349354160412,264.58,2272920,1789494029,2026-09-15T17:40:29Z,NYSE:JNJ
19.29525611517036,-9.159969981655138,-147.44239641448954,-2.451341787083448,273.00825000000003,47.30121838870189,-0.6345749474316603,264.63,2283660,1789494203,2026-09-15T17:43:23Z,NYSE:JNJ
19.29525611517036,-9.171398553083634,-147.16734688013364,-2.436596874078427,273.00825000000003,47.35164629054511,-0.6195554220486548,264.67,2294197,1789494388,2026-09-15T17:46:28Z,NYSE:JNJ
19.29525611517036,-9.152827124512273,-147.61424888025803,-2.460557357711573,273.00825000000003,47.269755456905074,-0.6439621507960255,264.605,2308385,1789494566,2026-09-15T17:49:26Z,NYSE:JNJ
19.29525611517036,-9.17996998165512,-146.96099056823738,-2.425538189324677,273.00825000000003,47.3895378350509,-0.6082907780114165,264.7,2319183,1789494748,2026-09-15T17:52:28Z,NYSE:JNJ
19.29525611517036,-9.162827124512262,-147.37364390822373,-2.447655558832198,273.00825000000003,47.31381529197918,-0.6308200660859142,264.64,2323176,1789494922,2026-09-15T17:55:22Z,NYSE:JNJ
19.29525611517036,-9.211398553083711,-146.20384313884952,-2.3849896785608857,273.00825000000003,47.52899385822344,-0.5669870832081673,264.81,2333345,1789495110,2026-09-15T17:58:30Z,NYSE:JNJ
19.29525611517036,-9.308541410226496,-143.85851441818775,-2.259657918018282,273.00825000000003,47.96527655386641,-0.4393211174526945,265.15,2346334,1789495288,2026-09-15T18:01:28Z,NYSE:JNJ
19.29525611517036,-9.329969981655095,-143.34013158763133,-2.232011206133865,273.00825000000003,48.06259584492681,-0.4111595073595563,265.225,2357952,1789495465,2026-09-15T18:04:25Z,NYSE:JNJ
19.29525611517036,-9.307112838797991,-143.89306000365278,-2.261501032143907,273.00825000000003,47.95880261214067,-0.4411985581255674,265.145,2371015,1789495648,2026-09-15T18:07:28Z,NYSE:JNJ
19.29525611517036,-9.345684267369336,-142.95974682520574,-2.2117369507519906,273.00825000000003,48.13421468789401,-0.390507659957953,265.28,2383737,1789495830,2026-09-15T18:10:30Z,NYSE:JNJ
19.29525611517036,-9.368541410226555,-142.4061010165536,-2.182247124741949,273.00825000000003,48.238769396249694,-0.3604686091919418,265.36,2395556,1789496003,2026-09-15T18:13:23Z,NYSE:JNJ
19.29525611517036,-9.415684267369386,-141.26286128505012,-2.121424358596282,273.00825000000003,48.45585444709228,-0.2985130669870892,265.525,2408235,1789496186,2026-09-15T18:16:26Z,NYSE:JNJ
19.29525611517036,-9.482827124512198,-139.63147542614345,-2.0347979946918247,273.00825000000003,48.76843100113376,-0.2102733553619714,265.76,2417967,1789496368,2026-09-15T18:19:28Z,NYSE:JNJ
19.29525611517036,-9.479855695940785,-139.70375098510482,-2.0386316720731297,273.00825000000003,48.75451256507002,-0.2141784319615524,265.7496,2438886,1789496541,2026-09-15T18:22:21Z,NYSE:JNJ
19.29525611517036,-9.505684267369418,-139.07526754852046,-2.005308168681804,273.00825000000003,48.87576215799592,-0.1802343045959816,265.84,2453692,1789496732,2026-09-15T18:25:32Z,NYSE:JNJ
19.29525611517036,-9.452827124512226,-140.36084844854025,-2.073503391329991,273.00825000000003,48.62827218561313,-0.2496996094923477,265.655,2467988,1789496906,2026-09-15T18:28:26Z,NYSE:JNJ
19.29525611517036,-9.499969981655056,-139.21435969295516,-2.012680625184304,273.00825000000003,48.84888510227657,-0.1877440672874737,265.82,2484594,1789497084,2026-09-15T18:31:24Z,NYSE:JNJ
19.29525611517036,-9.482827124512198,-139.63147542614345,-2.0347979946918247,273.00825000000003,48.76843100113376,-0.2102733553619714,265.76,2499717,1789497262,2026-09-15T18:34:22Z,NYSE:JNJ
19.29525611517036,-9.40854141022652,-141.4361960213466,-2.130639929224408,273.00825000000003,48.422837265780345,-0.3079002703514543,265.5,2517127,1789497448,2026-09-15T18:37:28Z,NYSE:JNJ
19.29525611517036,-9.462827124512216,-140.117806007478,-2.060601592450596,273.00825000000003,48.674902191244925,-0.2365575247822151,265.69,2528380,1789497629,2026-09-15T18:40:29Z,NYSE:JNJ
19.29525611517036,-9.468541410226464,-139.9788878501237,-2.0532291359480954,273.00825000000003,48.70158808197671,-0.229047762090723,265.71,2536730,1789497799,2026-09-15T18:43:19Z,NYSE:JNJ
19.29525611517036,-9.501398553083677,-139.17958916857071,-2.010837511058679,273.00825000000003,48.855601594604686,-0.1858666266146006,265.825,2548662,1789497989,2026-09-15T18:46:29Z,NYSE:JNJ
19.29525611517036,-9.509969981655049,-138.97093085557594,-1.9997788263049083,273.00825000000003,48.89593936701621,-0.1746019825773411,265.855,2558589,1789498167,2026-09-15T18:49:27Z,NYSE:JNJ
19.29525611517036,-9.542827124512256,-138.17051510482077,-1.957387201415492,273.00825000000003,49.05118652148171,-0.1314208471012188,265.97,2569170,1789498347,2026-09-15T18:52:27Z,NYSE:JNJ
19.29525611517036,-9.542827124512256,-138.17051510482077,-1.957387201415492,273.00825000000003,49.05118652148171,-0.1314208471012188,265.97,2582067,1789498522,2026-09-15T18:55:22Z,NYSE:JNJ
19.29525611517036,-9.601398553083698,-136.7414846462937,-1.8818195222648049,273.00825000000003,49.33039038767942,-0.0544457795133605,266.175,2600491,1789498709,2026-09-15T18:58:29Z,NYSE:JNJ
19.29525611517036,-9.555612838798028,-137.81178038514304,-1.938956060159242,273.00825000000003,49.11899320061469,-0.1126464403724885,266.02,2626186,1789498885,2026-09-15T19:01:25Z,NYSE:JNJ
19.29525611517036,-9.48224141022655,-134.419164268645,-1.8209967561191385,273.00825000000003,49.55792804469374,0.0075097626914921,266.34,2647440,1789499070,2026-09-15T19:04:30Z,NYSE:JNJ
19.29525611517036,-9.457955695940823,-135.02081482592135,-1.852329696254784,273.00825000000003,49.44021213823438,-0.0244067287473707,266.255,2656530,1789499246,2026-09-15T19:07:26Z,NYSE:JNJ
19.29525611517036,-9.345098553083687,-137.7783358426152,-1.997935712179284,273.00825000000003,48.902668805948565,-0.1727245419044681,265.86,2672693,1789499426,2026-09-15T19:10:26Z,NYSE:JNJ
19.29525611517036,-9.309384267369351,-138.6487831623469,-2.0440135653199496,273.00825000000003,48.7349866218109,-0.2196605587263365,265.735,2692922,1789499607,2026-09-15T19:13:27Z,NYSE:JNJ
19.29525611517036,-9.24224141022654,-140.28238940886766,-2.130639929224408,273.00825000000003,48.422837265780345,-0.3079002703514543,265.5,2725414,1789499789,2026-09-15T19:16:29Z,NYSE:JNJ
19.29525611517036,-9.299384267369362,-138.8923205904391,-2.0569153641993454,273.00825000000003,48.68824147999533,-0.2328026434364691,265.7,2737481,1789499961,2026-09-15T19:19:21Z,NYSE:JNJ
19.29525611517036,-9.275098553083636,-139.4834269302941,-2.088248304334991,273.00825000000003,48.5750900293733,-0.264719134875332,265.615,2751378,1789500147,2026-09-15T19:22:27Z,NYSE:JNJ
19.29525611517036,-9.237955695940798,-140.38653672247838,-2.1361692716012826,273.00825000000003,48.40304854574078,-0.3135325923700734,265.485,2770295,1789500326,2026-09-15T19:25:26Z,NYSE:JNJ
19.29525611517036,-9.24224141022654,-140.28238940886766,-2.130639929224408,273.00825000000003,48.422837265780345,-0.3079002703514543,265.5,2787710,1789500504,2026-09-15T19:28:24Z,NYSE:JNJ
19.29525611517036,-9.313669981655096,-138.54438483755283,-2.038484222943074,273.00825000000003,48.755047742627816,-0.2140282367077175,265.75,2816788,1789500688,2026-09-15T19:31:28Z,NYSE:JNJ
19.29525611517036,-9.350812838797935,-137.63896692239035,-1.990563255676784,273.00825000000003,48.92960509503381,-0.165214779212976,265.88,2840114,1789500872,2026-09-15T19:34:32Z,NYSE:JNJ
19.29525611517036,-9.355098553083678,-137.53442259508864,-1.9850339132999084,273.00825000000003,48.94982679331797,-0.1595824571943569,265.895,2857486,1789501046,2026-09-15T19:37:26Z,NYSE:JNJ
19.29525611517036,-9.296527124512238,-138.9618876323151,-2.060601592450596,273.00825000000003,48.674902191244925,-0.2365575247822151,265.69,2875093,1789501229,2026-09-15T19:40:29Z,NYSE:JNJ
19.29525611517036,-9.292241410226495,-139.0662256317308,-2.0661309348274703,273.00825000000003,48.65490695728394,-0.2421898468008342,265.675,2894048,1789501410,2026-09-15T19:43:30Z,NYSE:JNJ
19.29525611517036,-9.357955695940802,-137.4647179764321,-1.9813476850486584,273.00825000000003,48.96331721390304,-0.1558275758486108,265.905,2921830,1789501587,2026-09-15T19:46:27Z,NYSE:JNJ
19.29525611517036,-9.402241410226509,-136.38343627422566,-1.9242111471542207,273.00825000000003,49.173373669782045,-0.0976269149894829,266.06,2950726,1789501764,2026-09-15T19:49:24Z,NYSE:JNJ
19.29525611517036,-9.474253981655067,-134.6170966706752,-1.8313019758183275,273.00825000000003,49.51881965519591,-0.0029873835986703,266.312044,3018074,1789501947,2026-09-15T19:52:27Z,NYSE:JNJ
19.29525611517036,-9.440712838797936,-134.48926300727155,-1.8357416691241384,273.00825000000003,49.50220202667023,-0.0075097626914921,266.3,3045311,1789502123,2026-09-15T19:55:23Z,NYSE:JNJ
19.29525611517036,-9.433569981655069,-134.66625391276324,-1.844957239752284,273.00825000000003,49.467744021733445,-0.0168969660558786,266.275,3078033,1789502308,2026-09-15T19:58:28Z,NYSE:JNJ
19.29525611517036,-9.403569981655096,-135.40470466359798,-1.8836626363904296,273.00825000000003,49.32354272566071,-0.0563232201862335,266.17,3120886,1789502488,2026-09-15T20:01:28Z,NYSE:JNJ
19.29525611517036,-9.37224141022648,-132.36316052029156,-1.769389560601576,273.00825000000003,49.75392898681636,0.0600781015320009,266.48,3188948,1789502666,2026-09-15T20:04:26Z,NYSE:JNJ
19.29525611517036,-9.3005271245122,-134.14296063104925,-1.8619138897080465,273.00825000000003,49.40446647295657,-0.0341694202463232,266.229,3261353,1789502845,2026-09-15T20:07:25Z,NYSE:JNJ
19.29525611517036,-9.337955695940764,-133.21453250617395,-1.8136242996166168,273.00825000000003,49.58602174730129,0.0150195253830055,266.36,3337693,1789503028,2026-09-15T20:10:28Z,NYSE:JNJ
19.29525611517036,-9.366527124512231,-132.5051159015889,-1.7767620171040968,273.00825000000003,49.72602216040606,0.0525683388404875,266.46,3447860,1789503205,2026-09-15T20:13:25Z,NYSE:JNJ
19.29525611517036,-8.937855695940812,-122.6527702716513,-1.503981126511348,273.00825000000003,50.73834506903174,0.330429558425952,267.2,5238967,1789503383,2026-09-15T20:16:23Z,NYSE:JNJ
19.29525611517036,-8.937855695940812,-122.6527702716513,-1.503981126511348,273.00825000000003,50.73834506903174,0.330429558425952,267.2,5238988,1789503567,2026-09-15T20:19:27Z,NYSE:JNJ
19.29525611517036,-8.937855695940812,-122.6527702716513,-1.503981126511348,273.00825000000003,50.73834506903174,0.330429558425952,267.2,5239505,1789503743,2026-09-15T20:22:23Z,NYSE:JNJ
19.29525611517036,-8.937855695940812,-122.6527702716513,-1.503981126511348,273.00825000000003,50.73834506903174,0.330429558425952,267.2,5239608,1789503925,2026-09-15T20:25:25Z,NYSE:JNJ
19.29525611517036,-8.937855695940812,-122.6527702716513,-1.503981126511348,273.00825000000003,50.73834506903174,0.330429558425952,267.2,5239619,1789504108,2026-09-15T20:28:28Z,NYSE:JNJ
19.29525611517036,-8.937855695940812,-122.6527702716513,-1.503981126511348,273.00825000000003,50.73834506903174,0.330429558425952,267.2,5240435,1789504287,2026-09-15T20:31:27Z,NYSE:JNJ
19.29525611517036,-8.937855695940812,-122.6527702716513,-1.503981126511348,273.00825000000003,50.73834506903174,0.330429558425952,267.2,5240466,1789504462,2026-09-15T20:34:22Z,NYSE:JNJ
19.29525611517036,-8.937855695940812,-122.6527702716513,-1.503981126511348,273.00825000000003,50.73834506903174,0.330429558425952,267.2,5240581,1789504644,2026-09-15T20:37:24Z,NYSE:JNJ
19.29525611517036,-8.937855695940812,-122.6527702716513,-1.503981126511348,273.00825000000003,50.73834506903174,0.330429558425952,267.2,5240625,1789504824,2026-09-15T20:40:24Z,NYSE:JNJ
19.29525611517036,-8.937855695940812,-122.6527702716513,-1.503981126511348,273.00825000000003,50.73834506903174,0.330429558425952,267.2,5241361,1789505007,2026-09-15T20:43:27Z,NYSE:JNJ
19.29525611517036,-8.937855695940812,-122.6527702716513,-1.503981126511348,273.00825000000003,50.73834506903174,0.330429558425952,267.2,5241526,1789505187,2026-09-15T20:46:27Z,NYSE:JNJ
19.29525611517036,-8.937855695940812,-122.6527702716513,-1.503981126511348,273.00825000000003,50.73834506903174,0.330429558425952,267.2,5241603,1789505364,2026-09-15T20:49:24Z,NYSE:JNJ
19.29525611517036,-8.937855695940812,-122.6527702716513,-1.503981126511348,273.00825000000003,50.73834506903174,0.330429558425952,267.2,5241913,1789505544,2026-09-15T20:52:24Z,NYSE:JNJ
19.29525611517036,-8.937855695940812,-122.6527702716513,-1.503981126511348,273.00825000000003,50.73834506903174,0.330429558425952,267.2,5241913,1789505726,2026-09-15T20:55:26Z,NYSE:JNJ
19.29525611517036,-8.937855695940812,-122.6527702716513,-1.503981126511348,273.00825000000003,50.73834506903174,0.330429558425952,267.2,5241913,1789505907,2026-09-15T20:58:27Z,NYSE:JNJ
19.29525611517036,-8.937855695940812,-122.6527702716513,-1.503981126511348,273.00825000000003,50.73834506903174,0.330429558425952,267.2,5242071,1789506089,2026-09-15T21:01:29Z,NYSE:JNJ
19.29525611517036,-8.937855695940812,-122.6527702716513,-1.503981126511348,273.00825000000003,50.73834506903174,0.330429558425952,267.2,5247913,1789506267,2026-09-15T21:04:27Z,NYSE:JNJ
19.29525611517036,-8.937855695940812,-122.6527702716513,-1.503981126511348,273.00825000000003,50.73834506903174,0.330429558425952,267.2,5249674,1789506446,2026-09-15T21:07:26Z,NYSE:JNJ
19.29525611517036,-8.937855695940812,-122.6527702716513,-1.503981126511348,273.00825000000003,50.73834506903174,0.330429558425952,267.2,5253224,1789506629,2026-09-15T21:10:29Z,NYSE:JNJ
19.29525611517036,-8.937855695940812,-122.6527702716513,-1.503981126511348,273.00825000000003,50.73834506903174,0.330429558425952,267.2,5253227,1789506806,2026-09-15T21:13:26Z,NYSE:JNJ
19.29525611517036,-8.937855695940812,-122.6527702716513,-1.503981126511348,273.00825000000003,50.73834506903174,0.330429558425952,267.2,5253228,1789506985,2026-09-15T21:16:25Z,NYSE:JNJ
19.29525611517036,-8.937855695940812,-122.6527702716513,-1.503981126511348,273.00825000000003,50.73834506903174,0.330429558425952,267.2,5253238,1789507165,2026-09-15T21:19:25Z,NYSE:JNJ
19.29525611517036,-8.937855695940812,-122.6527702716513,-1.503981126511348,273.00825000000003,50.73834506903174,0.330429558425952,267.2,5253368,1789507344,2026-09-15T21:22:24Z,NYSE:JNJ
19.29525611517036,-8.937855695940812,-122.6527702716513,-1.503981126511348,273.00825000000003,50.73834506903174,0.330429558425952,267.2,5253370,1789507526,2026-09-15T21:25:26Z,NYSE:JNJ
19.29525611517036,-8.937855695940812,-122.6527702716513,-1.503981126511348,273.00825000000003,50.73834506903174,0.330429558425952,267.2,5253400,1789507700,2026-09-15T21:28:20Z,NYSE:JNJ
19.29525611517036,-8.937855695940812,-122.6527702716513,-1.503981126511348,273.00825000000003,50.73834506903174,0.330429558425952,267.2,5253403,1789507886,2026-09-15T21:31:26Z,NYSE:JNJ
19.29525611517036,-8.937855695940812,-122.6527702716513,-1.503981126511348,273.00825000000003,50.73834506903174,0.330429558425952,267.2,5253545,1789508067,2026-09-15T21:34:27Z,NYSE:JNJ
19.29525611517036,-8.937855695940812,-122.6527702716513,-1.503981126511348,273.00825000000003,50.73834506903174,0.330429558425952,267.2,5253545,1789508247,2026-09-15T21:37:27Z,NYSE:JNJ
19.29525611517036,-8.937855695940812,-122.6527702716513,-1.503981126511348,273.00825000000003,50.73834506903174,0.330429558425952,267.2,5280205,1789508425,2026-09-15T21:40:25Z,NYSE:JNJ
19.29525611517036,-8.937855695940812,-122.6527702716513,-1.503981126511348,273.00825000000003,50.73834506903174,0.330429558425952,267.2,5280761,1789508606,2026-09-15T21:43:26Z,NYSE:JNJ
19.29525611517036,-8.937855695940812,-122.6527702716513,-1.503981126511348,273.00825000000003,50.73834506903174,0.330429558425952,267.2,5280765,1789508783,2026-09-15T21:46:23Z,NYSE:JNJ
19.29525611517036,-8.937855695940812,-122.6527702716513,-1.503981126511348,273.00825000000003,50.73834506903174,0.330429558425952,267.2,5280811,1789508966,2026-09-15T21:49:26Z,NYSE:JNJ
19.29525611517036,-8.937855695940812,-122.6527702716513,-1.503981126511348,273.00825000000003,50.73834506903174,0.330429558425952,267.2,5280874,1789509149,2026-09-15T21:52:29Z,NYSE:JNJ
19.29525611517036,-8.937855695940812,-122.6527702716513,-1.503981126511348,273.00825000000003,50.73834506903174,0.330429558425952,267.2,5281125,1789509330,2026-09-15T21:55:30Z,NYSE:JNJ
19.29525611517036,-8.937855695940812,-122.6527702716513,-1.503981126511348,273.00825000000003,50.73834506903174,0.330429558425952,267.2,5281125,1789509502,2026-09-15T21:58:22Z,NYSE:JNJ
19.29525611517036,-8.937855695940812,-122.6527702716513,-1.503981126511348,273.00825000000003,50.73834506903174,0.330429558425952,267.2,5281141,1789509688,2026-09-15T22:01:28Z,NYSE:JNJ
19.29525611517036,-8.937855695940812,-122.6527702716513,-1.503981126511348,273.00825000000003,50.73834506903174,0.330429558425952,267.2,5281311,1789509862,2026-09-15T22:04:22Z,NYSE:JNJ
19.29525611517036,-8.937855695940812,-122.6527702716513,-1.503981126511348,273.00825000000003,50.73834506903174,0.330429558425952,267.2,5283452,1789510046,2026-09-15T22:07:26Z,NYSE:JNJ
19.29525611517036,-8.937855695940812,-122.6527702716513,-1.503981126511348,273.00825000000003,50.73834506903174,0.330429558425952,267.2,5283455,1789510228,2026-09-15T22:10:28Z,NYSE:JNJ
19.29525611517036,-8.937855695940812,-122.6527702716513,-1.503981126511348,273.00825000000003,50.73834506903174,0.330429558425952,267.2,5283465,1789510402,2026-09-15T22:13:22Z,NYSE:JNJ
19.29525611517036,-8.937855695940812,-122.6527702716513,-1.503981126511348,273.00825000000003,50.73834506903174,0.330429558425952,267.2,5283524,1789510585,2026-09-15T22:16:25Z,NYSE:JNJ
19.29525611517036,-8.937855695940812,-122.6527702716513,-1.503981126511348,273.00825000000003,50.73834506903174,0.330429558425952,267.2,5283525,1789510764,2026-09-15T22:19:24Z,NYSE:JNJ
19.29525611517036,-8.937855695940812,-122.6527702716513,-1.503981126511348,273.00825000000003,50.73834506903174,0.330429558425952,267.2,5283533,1789510948,2026-09-15T22:22:28Z,NYSE:JNJ
19.29525611517036,-8.937855695940812,-122.6527702716513,-1.503981126511348,273.00825000000003,50.73834506903174,0.330429558425952,267.2,5283533,1789511125,2026-09-15T22:25:25Z,NYSE:JNJ
19.29525611517036,-8.937855695940812,-122.6527702716513,-1.503981126511348,273.00825000000003,50.73834506903174,0.330429558425952,267.2,5283533,1789511308,2026-09-15T22:28:28Z,NYSE:JNJ
19.29525611517036,-8.937855695940812,-122.6527702716513,-1.503981126511348,273.00825000000003,50.73834506903174,0.330429558425952,267.2,5283558,1789511484,2026-09-15T22:31:24Z,NYSE:JNJ
19.29525611517036,-8.937855695940812,-122.6527702716513,-1.503981126511348,273.00825000000003,50.73834506903174,0.330429558425952,267.2,5283577,1789511668,2026-09-15T22:34:28Z,NYSE:JNJ
19.29525611517036,-8.937855695940812,-122.6527702716513,-1.503981126511348,273.00825000000003,50.73834506903174,0.330429558425952,267.2,5283580,1789511848,2026-09-15T22:37:28Z,NYSE:JNJ
19.29525611517036,-8.937855695940812,-122.6527702716513,-1.503981126511348,273.00825000000003,50.73834506903174,0.330429558425952,267.2,5283613,1789512023,2026-09-15T22:40:23Z,NYSE:JNJ
19.29525611517036,-8.937855695940812,-122.6527702716513,-1.503981126511348,273.00825000000003,50.73834506903174,0.330429558425952,267.2,5283618,1789512206,2026-09-15T22:43:26Z,NYSE:JNJ
19.29525611517036,-8.937855695940812,-122.6527702716513,-1.503981126511348,273.00825000000003,50.73834506903174,0.330429558425952,267.2,5283632,1789512386,2026-09-15T22:46:26Z,NYSE:JNJ
19.29525611517036,-8.937855695940812,-122.6527702716513,-1.503981126511348,273.00825000000003,50.73834506903174,0.330429558425952,267.2,5283633,1789512565,2026-09-15T22:49:25Z,NYSE:JNJ
19.29525611517036,-8.937855695940812,-122.6527702716513,-1.503981126511348,273.00825000000003,50.73834506903174,0.330429558425952,267.2,5283673,1789512748,2026-09-15T22:52:28Z,NYSE:JNJ
19.29525611517036,-8.937855695940812,-122.6527702716513,-1.503981126511348,273.00825000000003,50.73834506903174,0.330429558425952,267.2,5283675,1789512926,2026-09-15T22:55:26Z,NYSE:JNJ
19.29525611517036,-8.937855695940812,-122.6527702716513,-1.503981126511348,273.00825000000003,50.73834506903174,0.330429558425952,267.2,5283680,1789513103,2026-09-15T22:58:23Z,NYSE:JNJ
19.29525611517036,-8.937855695940812,-122.6527702716513,-1.503981126511348,273.00825000000003,50.73834506903174,0.330429558425952,267.2,5283866,1789513285,2026-09-15T23:01:25Z,NYSE:JNJ
19.29525611517036,-8.937855695940812,-122.6527702716513,-1.503981126511348,273.00825000000003,50.73834506903174,0.330429558425952,267.2,5283946,1789513462,2026-09-15T23:04:22Z,NYSE:JNJ
19.29525611517036,-8.937855695940812,-122.6527702716513,-1.503981126511348,273.00825000000003,50.73834506903174,0.330429558425952,267.2,5283948,1789513640,2026-09-15T23:07:20Z,NYSE:JNJ
19.29525611517036,-8.937855695940812,-122.6527702716513,-1.503981126511348,273.00825000000003,50.73834506903174,0.330429558425952,267.2,5283980,1789513825,2026-09-15T23:10:25Z,NYSE:JNJ
19.29525611517036,-8.937855695940812,-122.6527702716513,-1.503981126511348,273.00825000000003,50.73834506903174,0.330429558425952,267.2,5283998,1789514006,2026-09-15T23:13:26Z,NYSE:JNJ
19.29525611517036,-8.937855695940812,-122.6527702716513,-1.503981126511348,273.00825000000003,50.73834506903174,0.330429558425952,267.2,5283998,1789514183,2026-09-15T23:16:23Z,NYSE:JNJ
19.29525611517036,-8.937855695940812,-122.6527702716513,-1.503981126511348,273.00825000000003,50.73834506903174,0.330429558425952,267.2,5284661,1789514365,2026-09-15T23:19:25Z,NYSE:JNJ
19.29525611517036,-8.937855695940812,-122.6527702716513,-1.503981126511348,273.00825000000003,50.73834506903174,0.330429558425952,267.2,5284661,1789514544,2026-09-15T23:22:24Z,NYSE:JNJ
19.29525611517036,-8.937855695940812,-122.6527702716513,-1.503981126511348,273.00825000000003,50.73834506903174,0.330429558425952,267.2,5284690,1789514725,2026-09-15T23:25:25Z,NYSE:JNJ
19.29525611517036,-8.937855695940812,-122.6527702716513,-1.503981126511348,273.00825000000003,50.73834506903174,0.330429558425952,267.2,5284690,1789514904,2026-09-15T23:28:24Z,NYSE:JNJ
19.29525611517036,-8.937855695940812,-122.6527702716513,-1.503981126511348,273.00825000000003,50.73834506903174,0.330429558425952,267.2,5284691,1789515083,2026-09-15T23:31:23Z,NYSE:JNJ
19.29525611517036,-8.937855695940812,-122.6527702716513,-1.503981126511348,273.00825000000003,50.73834506903174,0.330429558425952,267.2,5284691,1789515268,2026-09-15T23:34:28Z,NYSE:JNJ
19.29525611517036,-8.937855695940812,-122.6527702716513,-1.503981126511348,273.00825000000003,50.73834506903174,0.330429558425952,267.2,5284693,1789515444,2026-09-15T23:37:24Z,NYSE:JNJ
19.29525611517036,-8.937855695940812,-122.6527702716513,-1.503981126511348,273.00825000000003,50.73834506903174,0.330429558425952,267.2,5284694,1789515625,2026-09-15T23:40:25Z,NYSE:JNJ
19.29525611517036,-8.937855695940812,-122.6527702716513,-1.503981126511348,273.00825000000003,50.73834506903174,0.330429558425952,267.2,5284696,1789515803,2026-09-15T23:43:23Z,NYSE:JNJ
19.29525611517036,-8.937855695940812,-122.6527702716513,-1.503981126511348,273.00825000000003,50.73834506903174,0.330429558425952,267.2,5284709,1789515985,2026-09-15T23:46:25Z,NYSE:JNJ
19.29525611517036,-8.937855695940812,-122.6527702716513,-1.503981126511348,273.00825000000003,50.73834506903174,0.330429558425952,267.2,5284709,1789516166,2026-09-15T23:49:26Z,NYSE:JNJ
19.29525611517036,-8.937855695940812,-122.6527702716513,-1.503981126511348,273.00825000000003,50.73834506903174,0.330429558425952,267.2,5284709,1789516345,2026-09-15T23:52:25Z,NYSE:JNJ
19.29525611517036,-8.937855695940812,-122.6527702716513,-1.503981126511348,273.00825000000003,50.73834506903174,0.330429558425952,267.2,5284710,1789516526,2026-09-15T23:55:26Z,NYSE:JNJ
19.29525611517036,-8.937855695940812,-122.6527702716513,-1.503981126511348,273.00825000000003,50.73834506903174,0.330429558425952,267.2,5284715,1789516704,2026-09-15T23:58:24Z,NYSE:JNJ
19.29525611517036,-8.937855695940812,-122.6527702716513,-1.503981126511348,273.00825000000003,50.73834506903174,0.330429558425952,267.2,5284748,1789516888,2026-09-16T00:01:28Z,NYSE:JNJ
19.29525611517036,-8.937855695940812,-122.6527702716513,-1.503981126511348,273.00825000000003,50.73834506903174,0.330429558425952,267.2,5284749,1789517068,2026-09-16T00:04:28Z,NYSE:JNJ
19.29525611517036,-8.937855695940812,-122.6527702716513,-1.503981126511348,273.00825000000003,50.73834506903174,0.330429558425952,267.2,5284749,1789517249,2026-09-16T00:07:29Z,NYSE:JNJ
19.29525611517036,-8.937855695940812,-122.6527702716513,-1.503981126511348,273.00825000000003,50.73834506903174,0.330429558425952,267.2,5284809,1789517423,2026-09-16T00:10:23Z,NYSE:JNJ
19.29525611517036,-8.937855695940812,-122.6527702716513,-1.503981126511348,273.00825000000003,50.73834506903174,0.330429558425952,267.2,5284819,1789517603,2026-09-16T00:13:23Z,NYSE:JNJ
19.29525611517036,-8.937855695940812,-122.6527702716513,-1.503981126511348,273.00825000000003,50.73834506903174,0.330429558425952,267.2,5284830,1789517783,2026-09-16T00:16:23Z,NYSE:JNJ
19.29525611517036,-8.937855695940812,-122.6527702716513,-1.503981126511348,273.00825000000003,50.73834506903174,0.330429558425952,267.2,5284830,1789517971,2026-09-16T00:19:31Z,NYSE:JNJ
19.29525611517036,-8.937855695940812,-122.6527702716513,-1.503981126511348,273.00825000000003,50.73834506903174,0.330429558425952,267.2,5284830,1789518149,2026-09-16T00:22:29Z,NYSE:JNJ
19.29525611517036,-8.937855695940812,-122.6527702716513,-1.503981126511348,273.00825000000003,50.73834506903174,0.330429558425952,267.2,5284830,1789518325,2026-09-16T00:25:25Z,NYSE:JNJ
19.29525611517036,-8.937855695940812,-122.6527702716513,-1.503981126511348,273.00825000000003,50.73834506903174,0.330429558425952,267.2,5284830,1789518509,2026-09-16T00:28:29Z,NYSE:JNJ
19.29525611517036,-8.937855695940812,-122.6527702716513,-1.503981126511348,273.00825000000003,50.73834506903174,0.330429558425952,267.2,5284830,1789518691,2026-09-16T00:31:31Z,NYSE:JNJ
19.29525611517036,-8.937855695940812,-122.6527702716513,-1.503981126511348,273.00825000000003,50.73834506903174,0.330429558425952,267.2,5284830,1789518864,2026-09-16T00:34:24Z,NYSE:JNJ
19.29525611517036,-8.937855695940812,-122.6527702716513,-1.503981126511348,273.00825000000003,50.73834506903174,0.330429558425952,267.2,5284830,1789519047,2026-09-16T00:37:27Z,NYSE:JNJ
19.29525611517036,-8.937855695940812,-122.6527702716513,-1.503981126511348,273.00825000000003,50.73834506903174,0.330429558425952,267.2,5284830,1789519221,2026-09-16T00:40:21Z,NYSE:JNJ
19.29525611517036,-8.937855695940812,-122.6527702716513,-1.503981126511348,273.00825000000003,50.73834506903174,0.330429558425952,267.2,5284830,1789519408,2026-09-16T00:43:28Z,NYSE:JNJ
19.29525611517036,-8.937855695940812,-122.6527702716513,-1.503981126511348,273.00825000000003,50.73834506903174,0.330429558425952,267.2,5284830,1789519583,2026-09-16T00:46:23Z,NYSE:JNJ
19.29525611517036,-8.937855695940812,-122.6527702716513,-1.503981126511348,273.00825000000003,50.73834506903174,0.330429558425952,267.2,5284830,1789519767,2026-09-16T00:49:27Z,NYSE:JNJ
19.29525611517036,-8.937855695940812,-122.6527702716513,-1.503981126511348,273.00825000000003,50.73834506903174,0.330429558425952,267.2,5284830,1789519947,2026-09-16T00:52:27Z,NYSE:JNJ
19.29525611517036,-8.937855695940812,-122.6527702716513,-1.503981126511348,273.00825000000003,50.73834506903174,0.330429558425952,267.2,5284830,1789520124,2026-09-16T00:55:24Z,NYSE:JNJ
19.29525611517036,-8.937855695940812,-122.6527702716513,-1.503981126511348,273.00825000000003,50.73834506903174,0.330429558425952,267.2,5284830,1789520305,2026-09-16T00:58:25Z,NYSE:JNJ
19.29525611517036,-8.937855695940812,-122.6527702716513,-1.503981126511348,273.00825000000003,50.73834506903174,0.330429558425952,267.2,5284830,1789520487,2026-09-16T01:01:27Z,NYSE:JNJ
19.29525611517036,-8.937855695940812,-122.6527702716513,-1.503981126511348,273.00825000000003,50.73834506903174,0.330429558425952,267.2,5284830,1789520666,2026-09-16T01:04:26Z,NYSE:JNJ
19.29525611517036,-8.937855695940812,-122.6527702716513,-1.503981126511348,273.00825000000003,50.73834506903174,0.330429558425952,267.2,5284830,1789520847,2026-09-16T01:07:27Z,NYSE:JNJ
19.29525611517036,-8.937855695940812,-122.6527702716513,-1.503981126511348,273.00825000000003,50.73834506903174,0.330429558425952,267.2,5284830,1789521028,2026-09-16T01:10:28Z,NYSE:JNJ
19.29525611517036,-8.937855695940812,-122.6527702716513,-1.503981126511348,273.00825000000003,50.73834506903174,0.330429558425952,267.2,5284830,1789521204,2026-09-16T01:13:24Z,NYSE:JNJ
19.29525611517036,-8.937855695940812,-122.6527702716513,-1.503981126511348,273.00825000000003,50.73834506903174,0.330429558425952,267.2,5284830,1789521390,2026-09-16T01:16:30Z,NYSE:JNJ
19.29525611517036,-8.937855695940812,-122.6527702716513,-1.503981126511348,273.00825000000003,50.73834506903174,0.330429558425952,267.2,5284830,1789521567,2026-09-16T01:19:27Z,NYSE:JNJ
19.29525611517036,-8.937855695940812,-122.6527702716513,-1.503981126511348,273.00825000000003,50.73834506903174,0.330429558425952,267.2,5284830,1789521749,2026-09-16T01:22:29Z,NYSE:JNJ
19.29525611517036,-8.937855695940812,-122.6527702716513,-1.503981126511348,273.00825000000003,50.73834506903174,0.330429558425952,267.2,5284830,1789521926,2026-09-16T01:25:26Z,NYSE:JNJ
19.29525611517036,-8.937855695940812,-122.6527702716513,-1.503981126511348,273.00825000000003,50.73834506903174,0.330429558425952,267.2,5284830,1789522104,2026-09-16T01:28:24Z,NYSE:JNJ
19.29525611517036,-8.937855695940812,-122.6527702716513,-1.503981126511348,273.00825000000003,50.73834506903174,0.330429558425952,267.2,5284830,1789522287,2026-09-16T01:31:27Z,NYSE:JNJ
19.29525611517036,-8.937855695940812,-122.6527702716513,-1.503981126511348,273.00825000000003,50.73834506903174,0.330429558425952,267.2,5284830,1789522462,2026-09-16T01:34:22Z,NYSE:JNJ
19.29525611517036,-8.937855695940812,-122.6527702716513,-1.503981126511348,273.00825000000003,50.73834506903174,0.330429558425952,267.2,5284830,1789522647,2026-09-16T01:37:27Z,NYSE:JNJ
19.29525611517036,-8.937855695940812,-122.6527702716513,-1.503981126511348,273.00825000000003,50.73834506903174,0.330429558425952,267.2,5284830,1789522825,2026-09-16T01:40:25Z,NYSE:JNJ
19.29525611517036,-8.937855695940812,-122.6527702716513,-1.503981126511348,273.00825000000003,50.73834506903174,0.330429558425952,267.2,5284830,1789523004,2026-09-16T01:43:24Z,NYSE:JNJ
19.29525611517036,-8.937855695940812,-122.6527702716513,-1.503981126511348,273.00825000000003,50.73834506903174,0.330429558425952,267.2,5284830,1789523183,2026-09-16T01:46:23Z,NYSE:JNJ
19.29525611517036,-8.937855695940812,-122.6527702716513,-1.503981126511348,273.00825000000003,50.73834506903174,0.330429558425952,267.2,5284830,1789523370,2026-09-16T01:49:30Z,NYSE:JNJ
19.29525611517036,-8.937855695940812,-122.6527702716513,-1.503981126511348,273.00825000000003,50.73834506903174,0.330429558425952,267.2,5284830,1789523547,2026-09-16T01:52:27Z,NYSE:JNJ
19.29525611517036,-8.937855695940812,-122.6527702716513,-1.503981126511348,273.00825000000003,50.73834506903174,0.330429558425952,267.2,5284830,1789523721,2026-09-16T01:55:21Z,NYSE:JNJ
19.29525611517036,-8.937855695940812,-122.6527702716513,-1.503981126511348,273.00825000000003,50.73834506903174,0.330429558425952,267.2,5284830,1789523914,2026-09-16T01:58:34Z,NYSE:JNJ
19.29525611517036,-8.937855695940812,-122.6527702716513,-1.503981126511348,273.00825000000003,50.73834506903174,0.330429558425952,267.2,5284830,1789524089,2026-09-16T02:01:29Z,NYSE:JNJ
19.29525611517036,-8.937855695940812,-122.6527702716513,-1.503981126511348,273.00825000000003,50.73834506903174,0.330429558425952,267.2,5284830,1789524269,2026-09-16T02:04:29Z,NYSE:JNJ
19.29525611517036,-8.937855695940812,-122.6527702716513,-1.503981126511348,273.00825000000003,50.73834506903174,0.330429558425952,267.2,5284830,1789524442,2026-09-16T02:07:22Z,NYSE:JNJ
19.29525611517036,-8.937855695940812,-122.6527702716513,-1.503981126511348,273.00825000000003,50.73834506903174,0.330429558425952,267.2,5284830,1789524628,2026-09-16T02:10:28Z,NYSE:JNJ
19.29525611517036,-8.937855695940812,-122.6527702716513,-1.503981126511348,273.00825000000003,50.73834506903174,0.330429558425952,267.2,5284830,1789524808,2026-09-16T02:13:28Z,NYSE:JNJ
19.29525611517036,-8.937855695940812,-122.6527702716513,-1.503981126511348,273.00825000000003,50.73834506903174,0.330429558425952,267.2,5284830,1789524986,2026-09-16T02:16:26Z,NYSE:JNJ
19.29525611517036,-8.937855695940812,-122.6527702716513,-1.503981126511348,273.00825000000003,50.73834506903174,0.330429558425952,267.2,5284830,1789525165,2026-09-16T02:19:25Z,NYSE:JNJ
19.29525611517036,-8.937855695940812,-122.6527702716513,-1.503981126511348,273.00825000000003,50.73834506903174,0.330429558425952,267.2,5284830,1789525342,2026-09-16T02:22:22Z,NYSE:JNJ
19.29525611517036,-8.937855695940812,-122.6527702716513,-1.503981126511348,273.00825000000003,50.73834506903174,0.330429558425952,267.2,5284830,1789525525,2026-09-16T02:25:25Z,NYSE:JNJ
19.29525611517036,-8.937855695940812,-122.6527702716513,-1.503981126511348,273.00825000000003,50.73834506903174,0.330429558425952,267.2,5284830,1789525708,2026-09-16T02:28:28Z,NYSE:JNJ
19.29525611517036,-8.937855695940812,-122.6527702716513,-1.503981126511348,273.00825000000003,50.73834506903174,0.330429558425952,267.2,5284830,1789525887,2026-09-16T02:31:27Z,NYSE:JNJ
19.29525611517036,-8.937855695940812,-122.6527702716513,-1.503981126511348,273.00825000000003,50.73834506903174,0.330429558425952,267.2,5284830,1789526065,2026-09-16T02:34:25Z,NYSE:JNJ
19.29525611517036,-8.937855695940812,-122.6527702716513,-1.503981126511348,273.00825000000003,50.73834506903174,0.330429558425952,267.2,5284830,1789526246,2026-09-16T02:37:26Z,NYSE:JNJ
19.29525611517036,-8.937855695940812,-122.6527702716513,-1.503981126511348,273.00825000000003,50.73834506903174,0.330429558425952,267.2,5284830,1789526422,2026-09-16T02:40:22Z,NYSE:JNJ
19.29525611517036,-8.937855695940812,-122.6527702716513,-1.503981126511348,273.00825000000003,50.73834506903174,0.330429558425952,267.2,5284830,1789526607,2026-09-16T02:43:27Z,NYSE:JNJ
19.29525611517036,-8.937855695940812,-122.6527702716513,-1.503981126511348,273.00825000000003,50.73834506903174,0.330429558425952,267.2,5284830,1789526787,2026-09-16T02:46:27Z,NYSE:JNJ
19.29525611517036,-8.937855695940812,-122.6527702716513,-1.503981126511348,273.00825000000003,50.73834506903174,0.330429558425952,267.2,5284830,1789526961,2026-09-16T02:49:21Z,NYSE:JNJ
19.29525611517036,-8.937855695940812,-122.6527702716513,-1.503981126511348,273.00825000000003,50.73834506903174,0.330429558425952,267.2,5284830,1789527147,2026-09-16T02:52:27Z,NYSE:JNJ
19.29525611517036,-8.937855695940812,-122.6527702716513,-1.503981126511348,273.00825000000003,50.73834506903174,0.330429558425952,267.2,5284830,1789527321,2026-09-16T02:55:21Z,NYSE:JNJ
19.29525611517036,-8.937855695940812,-122.6527702716513,-1.503981126511348,273.00825000000003,50.73834506903174,0.330429558425952,267.2,5284830,1789527504,2026-09-16T02:58:24Z,NYSE:JNJ
19.29525611517036,-8.937855695940812,-122.6527702716513,-1.503981126511348,273.00825000000003,50.73834506903174,0.330429558425952,267.2,5284830,1789527687,2026-09-16T03:01:27Z,NYSE:JNJ
19.29525611517036,-8.937855695940812,-122.6527702716513,-1.503981126511348,273.00825000000003,50.73834506903174,0.330429558425952,267.2,5284830,1789527867,2026-09-16T03:04:27Z,NYSE:JNJ
19.29525611517036,-8.937855695940812,-122.6527702716513,-1.503981126511348,273.00825000000003,50.73834506903174,0.330429558425952,267.2,5284830,1789528048,2026-09-16T03:07:28Z,NYSE:JNJ
19.29525611517036,-8.937855695940812,-122.6527702716513,-1.503981126511348,273.00825000000003,50.73834506903174,0.330429558425952,267.2,5284830,1789528226,2026-09-16T03:10:26Z,NYSE:JNJ
19.29525611517036,-8.937855695940812,-122.6527702716513,-1.503981126511348,273.00825000000003,50.73834506903174,0.330429558425952,267.2,5284830,1789528407,2026-09-16T03:13:27Z,NYSE:JNJ
19.29525611517036,-8.937855695940812,-122.6527702716513,-1.503981126511348,273.00825000000003,50.73834506903174,0.330429558425952,267.2,5284830,1789528588,2026-09-16T03:16:28Z,NYSE:JNJ
19.29525611517036,-8.937855695940812,-122.6527702716513,-1.503981126511348,273.00825000000003,50.73834506903174,0.330429558425952,267.2,5284830,1789528767,2026-09-16T03:19:27Z,NYSE:JNJ
19.29525611517036,-8.937855695940812,-122.6527702716513,-1.503981126511348,273.00825000000003,50.73834506903174,0.330429558425952,267.2,5284830,1789528944,2026-09-16T03:22:24Z,NYSE:JNJ
19.29525611517036,-8.937855695940812,-122.6527702716513,-1.503981126511348,273.00825000000003,50.73834506903174,0.330429558425952,267.2,5284830,1789529129,2026-09-16T03:25:29Z,NYSE:JNJ
19.29525611517036,-8.937855695940812,-122.6527702716513,-1.503981126511348,273.00825000000003,50.73834506903174,0.330429558425952,267.2,5284830,1789529302,2026-09-16T03:28:22Z,NYSE:JNJ
19.29525611517036,-8.937855695940812,-122.6527702716513,-1.503981126511348,273.00825000000003,50.73834506903174,0.330429558425952,267.2,5284830,1789529483,2026-09-16T03:31:23Z,NYSE:JNJ
19.29525611517036,-8.937855695940812,-122.6527702716513,-1.503981126511348,273.00825000000003,50.73834506903174,0.330429558425952,267.2,5284830,1789529666,2026-09-16T03:34:26Z,NYSE:JNJ
19.29525611517036,-8.937855695940812,-122.6527702716513,-1.503981126511348,273.00825000000003,50.73834506903174,0.330429558425952,267.2,5284830,1789529845,2026-09-16T03:37:25Z,NYSE:JNJ
19.29525611517036,-8.937855695940812,-122.6527702716513,-1.503981126511348,273.00825000000003,50.73834506903174,0.330429558425952,267.2,5284830,1789530027,2026-09-16T03:40:27Z,NYSE:JNJ
19.29525611517036,-8.937855695940812,-122.6527702716513,-1.503981126511348,273.00825000000003,50.73834506903174,0.330429558425952,267.2,5284830,1789530206,2026-09-16T03:43:26Z,NYSE:JNJ
19.29525611517036,-8.937855695940812,-122.6527702716513,-1.503981126511348,273.00825000000003,50.73834506903174,0.330429558425952,267.2,5284830,1789530378,2026-09-16T03:46:18Z,NYSE:JNJ
19.29525611517036,-8.937855695940812,-122.6527702716513,-1.503981126511348,273.00825000000003,50.73834506903174,0.330429558425952,267.2,5284830,1789530566,2026-09-16T03:49:26Z,NYSE:JNJ
19.29525611517036,-8.937855695940812,-122.6527702716513,-1.503981126511348,273.00825000000003,50.73834506903174,0.330429558425952,267.2,5284830,1789530743,2026-09-16T03:52:23Z,NYSE:JNJ
19.29525611517036,-8.937855695940812,-122.6527702716513,-1.503981126511348,273.00825000000003,50.73834506903174,0.330429558425952,267.2,5284830,1789530929,2026-09-16T03:55:29Z,NYSE:JNJ
19.29525611517036,-8.937855695940812,-122.6527702716513,-1.503981126511348,273.00825000000003,50.73834506903174,0.330429558425952,267.2,5284830,1789531104,2026-09-16T03:58:24Z,NYSE:JNJ
19.29525611517036,-8.937855695940812,-122.6527702716513,-1.503981126511348,273.00825000000003,50.73834506903174,0.330429558425952,267.2,5284830,1789531285,2026-09-16T04:01:25Z,NYSE:JNJ
19.29525611517036,-8.937855695940812,-122.6527702716513,-1.503981126511348,273.00825000000003,50.73834506903174,0.330429558425952,267.2,5284830,1789531470,2026-09-16T04:04:30Z,NYSE:JNJ
19.29525611517036,-8.937855695940812,-122.6527702716513,-1.503981126511348,273.00825000000003,50.73834506903174,0.330429558425952,267.2,5284830,1789531645,2026-09-16T04:07:25Z,NYSE:JNJ
19.29525611517036,-8.937855695940812,-122.6527702716513,-1.503981126511348,273.00825000000003,50.73834506903174,0.330429558425952,267.2,5284830,1789531825,2026-09-16T04:10:25Z,NYSE:JNJ
19.29525611517036,-8.937855695940812,-122.6527702716513,-1.503981126511348,273.00825000000003,50.73834506903174,0.330429558425952,267.2,5284830,1789532005,2026-09-16T04:13:25Z,NYSE:JNJ
19.29525611517036,-8.937855695940812,-122.6527702716513,-1.503981126511348,273.00825000000003,50.73834506903174,0.330429558425952,267.2,5284830,1789532186,2026-09-16T04:16:26Z,NYSE:JNJ
19.29525611517036,-8.937855695940812,-122.6527702716513,-1.503981126511348,273.00825000000003,50.73834506903174,0.330429558425952,267.2,5284830,1789532366,2026-09-16T04:19:26Z,NYSE:JNJ
19.29525611517036,-8.937855695940812,-122.6527702716513,-1.503981126511348,273.00825000000003,50.73834506903174,0.330429558425952,267.2,5284830,1789532547,2026-09-16T04:22:27Z,NYSE:JNJ
19.29525611517036,-8.937855695940812,-122.6527702716513,-1.503981126511348,273.00825000000003,50.73834506903174,0.330429558425952,267.2,5284830,1789532726,2026-09-16T04:25:26Z,NYSE:JNJ
19.29525611517036,-8.937855695940812,-122.6527702716513,-1.503981126511348,273.00825000000003,50.73834506903174,0.330429558425952,267.2,5284830,1789532904,2026-09-16T04:28:24Z,NYSE:JNJ
19.29525611517036,-8.937855695940812,-122.6527702716513,-1.503981126511348,273.00825000000003,50.73834506903174,0.330429558425952,267.2,5284830,1789533091,2026-09-16T04:31:31Z,NYSE:JNJ
19.29525611517036,-8.937855695940812,-122.6527702716513,-1.503981126511348,273.00825000000003,50.73834506903174,0.330429558425952,267.2,5284830,1789533262,2026-09-16T04:34:22Z,NYSE:JNJ
19.29525611517036,-8.937855695940812,-122.6527702716513,-1.503981126511348,273.00825000000003,50.73834506903174,0.330429558425952,267.2,5284830,1789533441,2026-09-16T04:37:21Z,NYSE:JNJ
19.29525611517036,-8.937855695940812,-122.6527702716513,-1.503981126511348,273.00825000000003,50.73834506903174,0.330429558425952,267.2,5284830,1789533623,2026-09-16T04:40:23Z,NYSE:JNJ
19.29525611517036,-8.937855695940812,-122.6527702716513,-1.503981126511348,273.00825000000003,50.73834506903174,0.330429558425952,267.2,5284830,1789533806,2026-09-16T04:43:26Z,NYSE:JNJ
19.29525611517036,-8.937855695940812,-122.6527702716513,-1.503981126511348,273.00825000000003,50.73834506903174,0.330429558425952,267.2,5284830,1789533987,2026-09-16T04:46:27Z,NYSE:JNJ
19.29525611517036,-8.937855695940812,-122.6527702716513,-1.503981126511348,273.00825000000003,50.73834506903174,0.330429558425952,267.2,5284830,1789534164,2026-09-16T04:49:24Z,NYSE:JNJ
19.29525611517036,-8.937855695940812,-122.6527702716513,-1.503981126511348,273.00825000000003,50.73834506903174,0.330429558425952,267.2,5284830,1789534342,2026-09-16T04:52:22Z,NYSE:JNJ
19.29525611517036,-8.937855695940812,-122.6527702716513,-1.503981126511348,273.00825000000003,50.73834506903174,0.330429558425952,267.2,5284830,1789534527,2026-09-16T04:55:27Z,NYSE:JNJ
19.29525611517036,-8.937855695940812,-122.6527702716513,-1.503981126511348,273.00825000000003,50.73834506903174,0.330429558425952,267.2,5284830,1789534704,2026-09-16T04:58:24Z,NYSE:JNJ
19.29525611517036,-8.937855695940812,-122.6527702716513,-1.503981126511348,273.00825000000003,50.73834506903174,0.330429558425952,267.2,5284830,1789534888,2026-09-16T05:01:28Z,NYSE:JNJ
19.29525611517036,-8.937855695940812,-122.6527702716513,-1.503981126511348,273.00825000000003,50.73834506903174,0.330429558425952,267.2,5284830,1789535066,2026-09-16T05:04:26Z,NYSE:JNJ
19.29525611517036,-8.937855695940812,-122.6527702716513,-1.503981126511348,273.00825000000003,50.73834506903174,0.330429558425952,267.2,5284830,1789535245,2026-09-16T05:07:25Z,NYSE:JNJ
19.29525611517036,-8.937855695940812,-122.6527702716513,-1.503981126511348,273.00825000000003,50.73834506903174,0.330429558425952,267.2,5284830,1789535427,2026-09-16T05:10:27Z,NYSE:JNJ
19.29525611517036,-8.937855695940812,-122.6527702716513,-1.503981126511348,273.00825000000003,50.73834506903174,0.330429558425952,267.2,5284830,1789535607,2026-09-16T05:13:27Z,NYSE:JNJ
19.29525611517036,-8.937855695940812,-122.6527702716513,-1.503981126511348,273.00825000000003,50.73834506903174,0.330429558425952,267.2,5284830,1789535782,2026-09-16T05:16:22Z,NYSE:JNJ
19.29525611517036,-8.937855695940812,-122.6527702716513,-1.503981126511348,273.00825000000003,50.73834506903174,0.330429558425952,267.2,5284830,1789535962,2026-09-16T05:19:22Z,NYSE:JNJ
19.29525611517036,-8.937855695940812,-122.6527702716513,-1.503981126511348,273.00825000000003,50.73834506903174,0.330429558425952,267.2,5284830,1789536143,2026-09-16T05:22:23Z,NYSE:JNJ
19.29525611517036,-8.937855695940812,-122.6527702716513,-1.503981126511348,273.00825000000003,50.73834506903174,0.330429558425952,267.2,5284830,1789536323,2026-09-16T05:25:23Z,NYSE:JNJ
19.29525611517036,-8.937855695940812,-122.6527702716513,-1.503981126511348,273.00825000000003,50.73834506903174,0.330429558425952,267.2,5284830,1789536501,2026-09-16T05:28:21Z,NYSE:JNJ
19.29525611517036,-8.937855695940812,-122.6527702716513,-1.503981126511348,273.00825000000003,50.73834506903174,0.330429558425952,267.2,5284830,1789536688,2026-09-16T05:31:28Z,NYSE:JNJ
19.29525611517036,-8.937855695940812,-122.6527702716513,-1.503981126511348,273.00825000000003,50.73834506903174,0.330429558425952,267.2,5284830,1789536866,2026-09-16T05:34:26Z,NYSE:JNJ
19.29525611517036,-8.937855695940812,-122.6527702716513,-1.503981126511348,273.00825000000003,50.73834506903174,0.330429558425952,267.2,5284830,1789537046,2026-09-16T05:37:26Z,NYSE:JNJ
19.29525611517036,-8.937855695940812,-122.6527702716513,-1.503981126511348,273.00825000000003,50.73834506903174,0.330429558425952,267.2,5284830,1789537226,2026-09-16T05:40:26Z,NYSE:JNJ
19.29525611517036,-8.937855695940812,-122.6527702716513,-1.503981126511348,273.00825000000003,50.73834506903174,0.330429558425952,267.2,5284830,1789537402,2026-09-16T05:43:22Z,NYSE:JNJ
19.29525611517036,-8.937855695940812,-122.6527702716513,-1.503981126511348,273.00825000000003,50.73834506903174,0.330429558425952,267.2,5284830,1789537587,2026-09-16T05:46:27Z,NYSE:JNJ
19.29525611517036,-8.937855695940812,-122.6527702716513,-1.503981126511348,273.00825000000003,50.73834506903174,0.330429558425952,267.2,5284830,1789537766,2026-09-16T05:49:26Z,NYSE:JNJ
19.29525611517036,-8.937855695940812,-122.6527702716513,-1.503981126511348,273.00825000000003,50.73834506903174,0.330429558425952,267.2,5284830,1789537947,2026-09-16T05:52:27Z,NYSE:JNJ
19.29525611517036,-8.937855695940812,-122.6527702716513,-1.503981126511348,273.00825000000003,50.73834506903174,0.330429558425952,267.2,5284830,1789538125,2026-09-16T05:55:25Z,NYSE:JNJ
19.29525611517036,-8.937855695940812,-122.6527702716513,-1.503981126511348,273.00825000000003,50.73834506903174,0.330429558425952,267.2,5284830,1789538309,2026-09-16T05:58:29Z,NYSE:JNJ
19.29525611517036,-8.937855695940812,-122.6527702716513,-1.503981126511348,273.00825000000003,50.73834506903174,0.330429558425952,267.2,5284830,1789538482,2026-09-16T06:01:22Z,NYSE:JNJ
19.29525611517036,-8.937855695940812,-122.6527702716513,-1.503981126511348,273.00825000000003,50.73834506903174,0.330429558425952,267.2,5284830,1789538663,2026-09-16T06:04:23Z,NYSE:JNJ
19.29525611517036,-8.937855695940812,-122.6527702716513,-1.503981126511348,273.00825000000003,50.73834506903174,0.330429558425952,267.2,5284830,1789538844,2026-09-16T06:07:24Z,NYSE:JNJ
19.29525611517036,-8.937855695940812,-122.6527702716513,-1.503981126511348,273.00825000000003,50.73834506903174,0.330429558425952,267.2,5284830,1789539023,2026-09-16T06:10:23Z,NYSE:JNJ
19.29525611517036,-8.937855695940812,-122.6527702716513,-1.503981126511348,273.00825000000003,50.73834506903174,0.330429558425952,267.2,5284830,1789539204,2026-09-16T06:13:24Z,NYSE:JNJ
19.29525611517036,-8.937855695940812,-122.6527702716513,-1.503981126511348,273.00825000000003,50.73834506903174,0.330429558425952,267.2,5284830,1789539384,2026-09-16T06:16:24Z,NYSE:JNJ
19.29525611517036,-8.937855695940812,-122.6527702716513,-1.503981126511348,273.00825000000003,50.73834506903174,0.330429558425952,267.2,5284830,1789539567,2026-09-16T06:19:27Z,NYSE:JNJ
19.29525611517036,-8.937855695940812,-122.6527702716513,-1.503981126511348,273.00825000000003,50.73834506903174,0.330429558425952,267.2,5284830,1789539747,2026-09-16T06:22:27Z,NYSE:JNJ
19.29525611517036,-8.937855695940812,-122.6527702716513,-1.503981126511348,273.00825000000003,50.73834506903174,0.330429558425952,267.2,5284830,1789539927,2026-09-16T06:25:27Z,NYSE:JNJ
19.29525611517036,-8.937855695940812,-122.6527702716513,-1.503981126511348,273.00825000000003,50.73834506903174,0.330429558425952,267.2,5284830,1789540107,2026-09-16T06:28:27Z,NYSE:JNJ
19.29525611517036,-8.937855695940812,-122.6527702716513,-1.503981126511348,273.00825000000003,50.73834506903174,0.330429558425952,267.2,5284830,1789540282,2026-09-16T06:31:22Z,NYSE:JNJ
19.29525611517036,-8.937855695940812,-122.6527702716513,-1.503981126511348,273.00825000000003,50.73834506903174,0.330429558425952,267.2,5284830,1789540466,2026-09-16T06:34:26Z,NYSE:JNJ
19.29525611517036,-8.937855695940812,-122.6527702716513,-1.503981126511348,273.00825000000003,50.73834506903174,0.330429558425952,267.2,5284830,1789540645,2026-09-16T06:37:25Z,NYSE:JNJ
19.29525611517036,-8.937855695940812,-122.6527702716513,-1.503981126511348,273.00825000000003,50.73834506903174,0.330429558425952,267.2,5284830,1789540827,2026-09-16T06:40:27Z,NYSE:JNJ
19.29525611517036,-8.937855695940812,-122.6527702716513,-1.503981126511348,273.00825000000003,50.73834506903174,0.330429558425952,267.2,5284830,1789541005,2026-09-16T06:43:25Z,NYSE:JNJ
19.29525611517036,-8.937855695940812,-122.6527702716513,-1.503981126511348,273.00825000000003,50.73834506903174,0.330429558425952,267.2,5284830,1789541185,2026-09-16T06:46:25Z,NYSE:JNJ
19.29525611517036,-8.937855695940812,-122.6527702716513,-1.503981126511348,273.00825000000003,50.73834506903174,0.330429558425952,267.2,5284830,1789541368,2026-09-16T06:49:28Z,NYSE:JNJ
19.29525611517036,-8.937855695940812,-122.6527702716513,-1.503981126511348,273.00825000000003,50.73834506903174,0.330429558425952,267.2,5284830,1789541543,2026-09-16T06:52:23Z,NYSE:JNJ
19.29525611517036,-8.937855695940812,-122.6527702716513,-1.503981126511348,273.00825000000003,50.73834506903174,0.330429558425952,267.2,5284830,1789541728,2026-09-16T06:55:28Z,NYSE:JNJ
19.29525611517036,-8.937855695940812,-122.6527702716513,-1.503981126511348,273.00825000000003,50.73834506903174,0.330429558425952,267.2,5284830,1789541900,2026-09-16T06:58:20Z,NYSE:JNJ
19.29525611517036,-8.937855695940812,-122.6527702716513,-1.503981126511348,273.00825000000003,50.73834506903174,0.330429558425952,267.2,5284830,1789542087,2026-09-16T07:01:27Z,NYSE:JNJ
19.29525611517036,-8.937855695940812,-122.6527702716513,-1.503981126511348,273.00825000000003,50.73834506903174,0.330429558425952,267.2,5284830,1789542265,2026-09-16T07:04:25Z,NYSE:JNJ
19.29525611517036,-8.937855695940812,-122.6527702716513,-1.503981126511348,273.00825000000003,50.73834506903174,0.330429558425952,267.2,5284830,1789542448,2026-09-16T07:07:28Z,NYSE:JNJ
19.29525611517036,-8.937855695940812,-122.6527702716513,-1.503981126511348,273.00825000000003,50.73834506903174,0.330429558425952,267.2,5284830,1789542623,2026-09-16T07:10:23Z,NYSE:JNJ
19.29525611517036,-8.937855695940812,-122.6527702716513,-1.503981126511348,273.00825000000003,50.73834506903174,0.330429558425952,267.2,5284830,1789542809,2026-09-16T07:13:29Z,NYSE:JNJ
19.29525611517036,-8.937855695940812,-122.6527702716513,-1.503981126511348,273.00825000000003,50.73834506903174,0.330429558425952,267.2,5284830,1789542988,2026-09-16T07:16:28Z,NYSE:JNJ
19.29525611517036,-8.937855695940812,-122.6527702716513,-1.503981126511348,273.00825000000003,50.73834506903174,0.330429558425952,267.2,5284830,1789543163,2026-09-16T07:19:23Z,NYSE:JNJ
19.29525611517036,-8.937855695940812,-122.6527702716513,-1.503981126511348,273.00825000000003,50.73834506903174,0.330429558425952,267.2,5284830,1789543347,2026-09-16T07:22:27Z,NYSE:JNJ
19.29525611517036,-8.937855695940812,-122.6527702716513,-1.503981126511348,273.00825000000003,50.73834506903174,0.330429558425952,267.2,5284830,1789543528,2026-09-16T07:25:28Z,NYSE:JNJ
19.29525611517036,-8.937855695940812,-122.6527702716513,-1.503981126511348,273.00825000000003,50.73834506903174,0.330429558425952,267.2,5284830,1789543700,2026-09-16T07:28:20Z,NYSE:JNJ
19.29525611517036,-8.937855695940812,-122.6527702716513,-1.503981126511348,273.00825000000003,50.73834506903174,0.330429558425952,267.2,5284830,1789543890,2026-09-16T07:31:30Z,NYSE:JNJ
19.29525611517036,-8.937855695940812,-122.6527702716513,-1.503981126511348,273.00825000000003,50.73834506903174,0.330429558425952,267.2,5284830,1789544066,2026-09-16T07:34:26Z,NYSE:JNJ
19.29525611517036,-8.937855695940812,-122.6527702716513,-1.503981126511348,273.00825000000003,50.73834506903174,0.330429558425952,267.2,5284830,1789544242,2026-09-16T07:37:22Z,NYSE:JNJ
19.29525611517036,-8.937855695940812,-122.6527702716513,-1.503981126511348,273.00825000000003,50.73834506903174,0.330429558425952,267.2,5284830,1789544427,2026-09-16T07:40:27Z,NYSE:JNJ
19.29525611517036,-8.937855695940812,-122.6527702716513,-1.503981126511348,273.00825000000003,50.73834506903174,0.330429558425952,267.2,5284830,1789544601,2026-09-16T07:43:21Z,NYSE:JNJ
19.29525611517036,-8.937855695940812,-122.6527702716513,-1.503981126511348,273.00825000000003,50.73834506903174,0.330429558425952,267.2,5284830,1789544788,2026-09-16T07:46:28Z,NYSE:JNJ
19.29525611517036,-8.937855695940812,-122.6527702716513,-1.503981126511348,273.00825000000003,50.73834506903174,0.330429558425952,267.2,5284830,1789544971,2026-09-16T07:49:31Z,NYSE:JNJ
19.29525611517036,-8.937855695940812,-122.6527702716513,-1.503981126511348,273.00825000000003,50.73834506903174,0.330429558425952,267.2,5284830,1789545148,2026-09-16T07:52:28Z,NYSE:JNJ
19.29525611517036,-8.937855695940812,-122.6527702716513,-1.503981126511348,273.00825000000003,50.73834506903174,0.330429558425952,267.2,5284830,1789545320,2026-09-16T07:55:20Z,NYSE:JNJ
19.29525611517036,-8.937855695940812,-122.6527702716513,-1.503981126511348,273.00825000000003,50.73834506903174,0.330429558425952,267.2,5284830,1789545505,2026-09-16T07:58:25Z,NYSE:JNJ
19.29525611517036,-8.937855695940812,-122.6527702716513,-1.503981126511348,273.00825000000003,50.73834506903174,0.330429558425952,267.2,5284830,1789545688,2026-09-16T08:01:28Z,NYSE:JNJ
19.29525611517036,-8.937855695940812,-122.6527702716513,-1.503981126511348,273.00825000000003,50.73834506903174,0.330429558425952,267.2,5284830,1789545868,2026-09-16T08:04:28Z,NYSE:JNJ
19.29525611517036,-8.937855695940812,-122.6527702716513,-1.503981126511348,273.00825000000003,50.73834506903174,0.330429558425952,267.2,5284830,1789546048,2026-09-16T08:07:28Z,NYSE:JNJ
19.29525611517036,-8.937855695940812,-122.6527702716513,-1.503981126511348,273.00825000000003,50.73834506903174,0.330429558425952,267.2,5284830,1789546222,2026-09-16T08:10:22Z,NYSE:JNJ
19.29525611517036,-8.937855695940812,-122.6527702716513,-1.503981126511348,273.00825000000003,50.73834506903174,0.330429558425952,267.2,5284830,1789546408,2026-09-16T08:13:28Z,NYSE:JNJ
19.29525611517036,-8.937855695940812,-122.6527702716513,-1.503981126511348,273.00825000000003,50.73834506903174,0.330429558425952,267.2,5284830,1789546586,2026-09-16T08:16:26Z,NYSE:JNJ
19.29525611517036,-8.937855695940812,-122.6527702716513,-1.503981126511348,273.00825000000003,50.73834506903174,0.330429558425952,267.2,5284830,1789546767,2026-09-16T08:19:27Z,NYSE:JNJ
19.29525611517036,-8.937855695940812,-122.6527702716513,-1.503981126511348,273.00825000000003,50.73834506903174,0.330429558425952,267.2,5284830,1789546944,2026-09-16T08:22:24Z,NYSE:JNJ
19.29525611517036,-8.937855695940812,-122.6527702716513,-1.503981126511348,273.00825000000003,50.73834506903174,0.330429558425952,267.2,5284830,1789547123,2026-09-16T08:25:23Z,NYSE:JNJ
19.29525611517036,-8.937855695940812,-122.6527702716513,-1.503981126511348,273.00825000000003,50.73834506903174,0.330429558425952,267.2,5284830,1789547306,2026-09-16T08:28:26Z,NYSE:JNJ
19.29525611517036,-8.937855695940812,-122.6527702716513,-1.503981126511348,273.00825000000003,50.73834506903174,0.330429558425952,267.2,5284830,1789547486,2026-09-16T08:31:26Z,NYSE:JNJ
19.29525611517036,-8.937855695940812,-122.6527702716513,-1.503981126511348,273.00825000000003,50.73834506903174,0.330429558425952,267.2,5284830,1789547670,2026-09-16T08:34:30Z,NYSE:JNJ
19.29525611517036,-8.937855695940812,-122.6527702716513,-1.503981126511348,273.00825000000003,50.73834506903174,0.330429558425952,267.2,5284830,1789547844,2026-09-16T08:37:24Z,NYSE:JNJ
19.29525611517036,-8.937855695940812,-122.6527702716513,-1.503981126511348,273.00825000000003,50.73834506903174,0.330429558425952,267.2,5284830,1789548025,2026-09-16T08:40:25Z,NYSE:JNJ
19.29525611517036,-8.937855695940812,-122.6527702716513,-1.503981126511348,273.00825000000003,50.73834506903174,0.330429558425952,267.2,5284830,1789548204,2026-09-16T08:43:24Z,NYSE:JNJ
19.29525611517036,-8.937855695940812,-122.6527702716513,-1.503981126511348,273.00825000000003,50.73834506903174,0.330429558425952,267.2,5284830,1789548383,2026-09-16T08:46:23Z,NYSE:JNJ
19.29525611517036,-8.937855695940812,-122.6527702716513,-1.503981126511348,273.00825000000003,50.73834506903174,0.330429558425952,267.2,5284830,1789548608,2026-09-16T08:50:08Z,NYSE:JNJ
19.29525611517036,-8.937855695940812,-122.6527702716513,-1.503981126511348,273.00825000000003,50.73834506903174,0.330429558425952,267.2,5284830,1789548740,2026-09-16T08:52:20Z,NYSE:JNJ
19.29525611517036,-8.937855695940812,-122.6527702716513,-1.503981126511348,273.00825000000003,50.73834506903174,0.330429558425952,267.2,5284830,1789548928,2026-09-16T08:55:28Z,NYSE:JNJ
19.29525611517036,-8.937855695940812,-122.6527702716513,-1.503981126511348,273.00825000000003,50.73834506903174,0.330429558425952,267.2,5284830,1789549105,2026-09-16T08:58:25Z,NYSE:JNJ
19.29525611517036,-8.937855695940812,-122.6527702716513,-1.503981126511348,273.00825000000003,50.73834506903174,0.330429558425952,267.2,5284830,1789549287,2026-09-16T09:01:27Z,NYSE:JNJ
19.29525611517036,-8.937855695940812,-122.6527702716513,-1.503981126511348,273.00825000000003,50.73834506903174,0.330429558425952,267.2,5284830,1789549464,2026-09-16T09:04:24Z,NYSE:JNJ
19.29525611517036,-8.937855695940812,-122.6527702716513,-1.503981126511348,273.00825000000003,50.73834506903174,0.330429558425952,267.2,5284830,1789549643,2026-09-16T09:07:23Z,NYSE:JNJ
19.29525611517036,-8.937855695940812,-122.6527702716513,-1.503981126511348,273.00825000000003,50.73834506903174,0.330429558425952,267.2,5284830,1789549827,2026-09-16T09:10:27Z,NYSE:JNJ
19.29525611517036,-8.937855695940812,-122.6527702716513,-1.503981126511348,273.00825000000003,50.73834506903174,0.330429558425952,267.2,5284830,1789550003,2026-09-16T09:13:23Z,NYSE:JNJ
19.29525611517036,-8.937855695940812,-122.6527702716513,-1.503981126511348,273.00825000000003,50.73834506903174,0.330429558425952,267.2,5284830,1789550189,2026-09-16T09:16:29Z,NYSE:JNJ
19.29525611517036,-8.937855695940812,-122.6527702716513,-1.503981126511348,273.00825000000003,50.73834506903174,0.330429558425952,267.2,5284830,1789550362,2026-09-16T09:19:22Z,NYSE:JNJ
19.29525611517036,-8.937855695940812,-122.6527702716513,-1.503981126511348,273.00825000000003,50.73834506903174,0.330429558425952,267.2,5284830,1789550552,2026-09-16T09:22:32Z,NYSE:JNJ
19.29525611517036,-8.937855695940812,-122.6527702716513,-1.503981126511348,273.00825000000003,50.73834506903174,0.330429558425952,267.2,5284830,1789550723,2026-09-16T09:25:23Z,NYSE:JNJ
19.29525611517036,-8.937855695940812,-122.6527702716513,-1.503981126511348,273.00825000000003,50.73834506903174,0.330429558425952,267.2,5284830,1789550910,2026-09-16T09:28:30Z,NYSE:JNJ
19.29525611517036,-8.937855695940812,-122.6527702716513,-1.503981126511348,273.00825000000003,50.73834506903174,0.330429558425952,267.2,5284830,1789551082,2026-09-16T09:31:22Z,NYSE:JNJ
19.29525611517036,-8.937855695940812,-122.6527702716513,-1.503981126511348,273.00825000000003,50.73834506903174,0.330429558425952,267.2,5284830,1789551265,2026-09-16T09:34:25Z,NYSE:JNJ
19.29525611517036,-8.937855695940812,-122.6527702716513,-1.503981126511348,273.00825000000003,50.73834506903174,0.330429558425952,267.2,5284830,1789551443,2026-09-16T09:37:23Z,NYSE:JNJ
19.29525611517036,-8.937855695940812,-122.6527702716513,-1.503981126511348,273.00825000000003,50.73834506903174,0.330429558425952,267.2,5284830,1789551629,2026-09-16T09:40:29Z,NYSE:JNJ
19.29525611517036,-8.937855695940812,-122.6527702716513,-1.503981126511348,273.00825000000003,50.73834506903174,0.330429558425952,267.2,5284830,1789551804,2026-09-16T09:43:24Z,NYSE:JNJ
19.29525611517036,-8.937855695940812,-122.6527702716513,-1.503981126511348,273.00825000000003,50.73834506903174,0.330429558425952,267.2,5284830,1789551986,2026-09-16T09:46:26Z,NYSE:JNJ
19.29525611517036,-8.937855695940812,-122.6527702716513,-1.503981126511348,273.00825000000003,50.73834506903174,0.330429558425952,267.2,5284830,1789552167,2026-09-16T09:49:27Z,NYSE:JNJ
19.29525611517036,-8.937855695940812,-122.6527702716513,-1.503981126511348,273.00825000000003,50.73834506903174,0.330429558425952,267.2,5284830,1789552348,2026-09-16T09:52:28Z,NYSE:JNJ
19.29525611517036,-8.937855695940812,-122.6527702716513,-1.503981126511348,273.00825000000003,50.73834506903174,0.330429558425952,267.2,5284830,1789552524,2026-09-16T09:55:24Z,NYSE:JNJ
19.29525611517036,-8.937855695940812,-122.6527702716513,-1.503981126511348,273.00825000000003,50.73834506903174,0.330429558425952,267.2,5284830,1789552703,2026-09-16T09:58:23Z,NYSE:JNJ
19.29525611517036,-8.937855695940812,-122.6527702716513,-1.503981126511348,273.00825000000003,50.73834506903174,0.330429558425952,267.2,5284830,1789552891,2026-09-16T10:01:31Z,NYSE:JNJ
19.29525611517036,-8.937855695940812,-122.6527702716513,-1.503981126511348,273.00825000000003,50.73834506903174,0.330429558425952,267.2,5284830,1789553066,2026-09-16T10:04:26Z,NYSE:JNJ
19.29525611517036,-8.937855695940812,-122.6527702716513,-1.503981126511348,273.00825000000003,50.73834506903174,0.330429558425952,267.2,5284830,1789553245,2026-09-16T10:07:25Z,NYSE:JNJ
19.29525611517036,-8.937855695940812,-122.6527702716513,-1.503981126511348,273.00825000000003,50.73834506903174,0.330429558425952,267.2,5284830,1789553429,2026-09-16T10:10:29Z,NYSE:JNJ
19.29525611517036,-8.937855695940812,-122.6527702716513,-1.503981126511348,273.00825000000003,50.73834506903174,0.330429558425952,267.2,5284830,1789553608,2026-09-16T10:13:28Z,NYSE:JNJ
19.29525611517036,-8.937855695940812,-122.6527702716513,-1.503981126511348,273.00825000000003,50.73834506903174,0.330429558425952,267.2,5284830,1789553787,2026-09-16T10:16:27Z,NYSE:JNJ
19.29525611517036,-8.937855695940812,-122.6527702716513,-1.503981126511348,273.00825000000003,50.73834506903174,0.330429558425952,267.2,5284830,1789553963,2026-09-16T10:19:23Z,NYSE:JNJ
19.29525611517036,-8.937855695940812,-122.6527702716513,-1.503981126511348,273.00825000000003,50.73834506903174,0.330429558425952,267.2,5284830,1789554146,2026-09-16T10:22:26Z,NYSE:JNJ
19.29525611517036,-8.937855695940812,-122.6527702716513,-1.503981126511348,273.00825000000003,50.73834506903174,0.330429558425952,267.2,5284830,1789554324,2026-09-16T10:25:24Z,NYSE:JNJ
19.29525611517036,-8.937855695940812,-122.6527702716513,-1.503981126511348,273.00825000000003,50.73834506903174,0.330429558425952,267.2,5284830,1789554507,2026-09-16T10:28:27Z,NYSE:JNJ
19.29525611517036,-8.937855695940812,-122.6527702716513,-1.503981126511348,273.00825000000003,50.73834506903174,0.330429558425952,267.2,5284830,1789554679,2026-09-16T10:31:19Z,NYSE:JNJ
19.29525611517036,-8.937855695940812,-122.6527702716513,-1.503981126511348,273.00825000000003,50.73834506903174,0.330429558425952,267.2,5284830,1789554865,2026-09-16T10:34:25Z,NYSE:JNJ
19.29525611517036,-8.937855695940812,-122.6527702716513,-1.503981126511348,273.00825000000003,50.73834506903174,0.330429558425952,267.2,5284830,1789555050,2026-09-16T10:37:30Z,NYSE:JNJ
19.29525611517036,-8.937855695940812,-122.6527702716513,-1.503981126511348,273.00825000000003,50.73834506903174,0.330429558425952,267.2,5284830,1789555222,2026-09-16T10:40:22Z,NYSE:JNJ
19.29525611517036,-8.937855695940812,-122.6527702716513,-1.503981126511348,273.00825000000003,50.73834506903174,0.330429558425952,267.2,5284830,1789555400,2026-09-16T10:43:20Z,NYSE:JNJ
19.29525611517036,-8.937855695940812,-122.6527702716513,-1.503981126511348,273.00825000000003,50.73834506903174,0.330429558425952,267.2,5284830,1789555590,2026-09-16T10:46:30Z,NYSE:JNJ
19.29525611517036,-8.937855695940812,-122.6527702716513,-1.503981126511348,273.00825000000003,50.73834506903174,0.330429558425952,267.2,5284830,1789555765,2026-09-16T10:49:25Z,NYSE:JNJ
19.29525611517036,-8.937855695940812,-122.6527702716513,-1.503981126511348,273.00825000000003,50.73834506903174,0.330429558425952,267.2,5284830,1789555942,2026-09-16T10:52:22Z,NYSE:JNJ
19.29525611517036,-8.937855695940812,-122.6527702716513,-1.503981126511348,273.00825000000003,50.73834506903174,0.330429558425952,267.2,5284830,1789556127,2026-09-16T10:55:27Z,NYSE:JNJ
19.29525611517036,-8.937855695940812,-122.6527702716513,-1.503981126511348,273.00825000000003,50.73834506903174,0.330429558425952,267.2,5284830,1789556308,2026-09-16T10:58:28Z,NYSE:JNJ
19.29525611517036,-8.937855695940812,-122.6527702716513,-1.503981126511348,273.00825000000003,50.73834506903174,0.330429558425952,267.2,5284830,1789556489,2026-09-16T11:01:29Z,NYSE:JNJ
19.29525611517036,-8.937855695940812,-122.6527702716513,-1.503981126511348,273.00825000000003,50.73834506903174,0.330429558425952,267.2,5284830,1789556661,2026-09-16T11:04:21Z,NYSE:JNJ
19.29525611517036,-8.937855695940812,-122.6527702716513,-1.503981126511348,273.00825000000003,50.73834506903174,0.330429558425952,267.2,5284830,1789556845,2026-09-16T11:07:25Z,NYSE:JNJ
19.29525611517036,-8.937855695940812,-122.6527702716513,-1.503981126511348,273.00825000000003,50.73834506903174,0.330429558425952,267.2,5284830,1789557026,2026-09-16T11:10:26Z,NYSE:JNJ
19.29525611517036,-8.937855695940812,-122.6527702716513,-1.503981126511348,273.00825000000003,50.73834506903174,0.330429558425952,267.2,5284830,1789557208,2026-09-16T11:13:28Z,NYSE:JNJ
19.29525611517036,-8.937855695940812,-122.6527702716513,-1.503981126511348,273.00825000000003,50.73834506903174,0.330429558425952,267.2,5284830,1789557390,2026-09-16T11:16:30Z,NYSE:JNJ
19.29525611517036,-8.937855695940812,-122.6527702716513,-1.503981126511348,273.00825000000003,50.73834506903174,0.330429558425952,267.2,5284830,1789557559,2026-09-16T11:19:19Z,NYSE:JNJ
19.29525611517036,-8.937855695940812,-122.6527702716513,-1.503981126511348,273.00825000000003,50.73834506903174,0.330429558425952,267.2,5284830,1789557748,2026-09-16T11:22:28Z,NYSE:JNJ
19.29525611517036,-8.937855695940812,-122.6527702716513,-1.503981126511348,273.00825000000003,50.73834506903174,0.330429558425952,267.2,5284830,1789557927,2026-09-16T11:25:27Z,NYSE:JNJ
19.29525611517036,-8.937855695940812,-122.6527702716513,-1.503981126511348,273.00825000000003,50.73834506903174,0.330429558425952,267.2,5284830,1789558104,2026-09-16T11:28:24Z,NYSE:JNJ
19.29525611517036,-8.937855695940812,-122.6527702716513,-1.503981126511348,273.00825000000003,50.73834506903174,0.330429558425952,267.2,5284830,1789558288,2026-09-16T11:31:28Z,NYSE:JNJ
19.29525611517036,-8.937855695940812,-122.6527702716513,-1.503981126511348,273.00825000000003,50.73834506903174,0.330429558425952,267.2,5284830,1789558467,2026-09-16T11:34:27Z,NYSE:JNJ
19.29525611517036,-8.937855695940812,-122.6527702716513,-1.503981126511348,273.00825000000003,50.73834506903174,0.330429558425952,267.2,5284830,1789558648,2026-09-16T11:37:28Z,NYSE:JNJ
19.29525611517036,-8.937855695940812,-122.6527702716513,-1.503981126511348,273.00825000000003,50.73834506903174,0.330429558425952,267.2,5284830,1789558826,2026-09-16T11:40:26Z,NYSE:JNJ
19.29525611517036,-8.937855695940812,-122.6527702716513,-1.503981126511348,273.00825000000003,50.73834506903174,0.330429558425952,267.2,5284830,1789559007,2026-09-16T11:43:27Z,NYSE:JNJ
19.29525611517036,-8.937855695940812,-122.6527702716513,-1.503981126511348,273.00825000000003,50.73834506903174,0.330429558425952,267.2,5284830,1789559189,2026-09-16T11:46:29Z,NYSE:JNJ
19.29525611517036,-8.937855695940812,-122.6527702716513,-1.503981126511348,273.00825000000003,50.73834506903174,0.330429558425952,267.2,5284830,1789559368,2026-09-16T11:49:28Z,NYSE:JNJ
19.29525611517036,-8.937855695940812,-122.6527702716513,-1.503981126511348,273.00825000000003,50.73834506903174,0.330429558425952,267.2,5284830,1789559544,2026-09-16T11:52:24Z,NYSE:JNJ
19.29525611517036,-8.937855695940812,-122.6527702716513,-1.503981126511348,273.00825000000003,50.73834506903174,0.330429558425952,267.2,5284830,1789559725,2026-09-16T11:55:25Z,NYSE:JNJ
19.29525611517036,-8.937855695940812,-122.6527702716513,-1.503981126511348,273.00825000000003,50.73834506903174,0.330429558425952,267.2,5284830,1789559906,2026-09-16T11:58:26Z,NYSE:JNJ
19.29525611517036,-8.937855695940812,-122.6527702716513,-1.503981126511348,273.00825000000003,50.73834506903174,0.330429558425952,267.2,5284830,1789560088,2026-09-16T12:01:28Z,NYSE:JNJ
19.29525611517036,-8.937855695940812,-122.6527702716513,-1.503981126511348,273.00825000000003,50.73834506903174,0.330429558425952,267.2,5284830,1789560263,2026-09-16T12:04:23Z,NYSE:JNJ
19.29525611517036,-8.937855695940812,-122.6527702716513,-1.503981126511348,273.00825000000003,50.73834506903174,0.330429558425952,267.2,5284830,1789560443,2026-09-16T12:07:23Z,NYSE:JNJ
19.29525611517036,-8.937855695940812,-122.6527702716513,-1.503981126511348,273.00825000000003,50.73834506903174,0.330429558425952,267.2,5284830,1789560630,2026-09-16T12:10:30Z,NYSE:JNJ
19.29525611517036,-8.937855695940812,-122.6527702716513,-1.503981126511348,273.00825000000003,50.73834506903174,0.330429558425952,267.2,5284830,1789560806,2026-09-16T12:13:26Z,NYSE:JNJ
19.29525611517036,-8.937855695940812,-122.6527702716513,-1.503981126511348,273.00825000000003,50.73834506903174,0.330429558425952,267.2,5284830,1789560986,2026-09-16T12:16:26Z,NYSE:JNJ
19.29525611517036,-8.937855695940812,-122.6527702716513,-1.503981126511348,273.00825000000003,50.73834506903174,0.330429558425952,267.2,5284830,1789561159,2026-09-16T12:19:19Z,NYSE:JNJ
19.29525611517036,-8.937855695940812,-122.6527702716513,-1.503981126511348,273.00825000000003,50.73834506903174,0.330429558425952,267.2,5284830,1789561346,2026-09-16T12:22:26Z,NYSE:JNJ
19.29525611517036,-8.937855695940812,-122.6527702716513,-1.503981126511348,273.00825000000003,50.73834506903174,0.330429558425952,267.2,5284830,1789561530,2026-09-16T12:25:30Z,NYSE:JNJ
19.29525611517036,-8.937855695940812,-122.6527702716513,-1.503981126511348,273.00825000000003,50.73834506903174,0.330429558425952,267.2,5284830,1789561707,2026-09-16T12:28:27Z,NYSE:JNJ
19.29525611517036,-8.937855695940812,-122.6527702716513,-1.503981126511348,273.00825000000003,50.73834506903174,0.330429558425952,267.2,5284830,1789561889,2026-09-16T12:31:29Z,NYSE:JNJ
19.29525611517036,-8.937855695940812,-122.6527702716513,-1.503981126511348,273.00825000000003,50.73834506903174,0.330429558425952,267.2,5284830,1789562070,2026-09-16T12:34:30Z,NYSE:JNJ
19.29525611517036,-8.937855695940812,-122.6527702716513,-1.503981126511348,273.00825000000003,50.73834506903174,0.330429558425952,267.2,5284830,1789562247,2026-09-16T12:37:27Z,NYSE:JNJ
19.29525611517036,-8.937855695940812,-122.6527702716513,-1.503981126511348,273.00825000000003,50.73834506903174,0.330429558425952,267.2,5284830,1789562428,2026-09-16T12:40:28Z,NYSE:JNJ
19.29525611517036,-8.937855695940812,-122.6527702716513,-1.503981126511348,273.00825000000003,50.73834506903174,0.330429558425952,267.2,5284830,1789562603,2026-09-16T12:43:23Z,NYSE:JNJ
19.29525611517036,-8.937855695940812,-122.6527702716513,-1.503981126511348,273.00825000000003,50.73834506903174,0.330429558425952,267.2,5284830,1789562788,2026-09-16T12:46:28Z,NYSE:JNJ
19.29525611517036,-8.937855695940812,-122.6527702716513,-1.503981126511348,273.00825000000003,50.73834506903174,0.330429558425952,267.2,5284830,1789562966,2026-09-16T12:49:26Z,NYSE:JNJ
19.29525611517036,-8.937855695940812,-122.6527702716513,-1.503981126511348,273.00825000000003,50.73834506903174,0.330429558425952,267.2,5284830,1789563150,2026-09-16T12:52:30Z,NYSE:JNJ
19.29525611517036,-8.937855695940812,-122.6527702716513,-1.503981126511348,273.00825000000003,50.73834506903174,0.330429558425952,267.2,5284830,1789563321,2026-09-16T12:55:21Z,NYSE:JNJ
19.29525611517036,-8.937855695940812,-122.6527702716513,-1.503981126511348,273.00825000000003,50.73834506903174,0.330429558425952,267.2,5284830,1789563505,2026-09-16T12:58:25Z,NYSE:JNJ
19.29525611517036,-8.937855695940812,-122.6527702716513,-1.503981126511348,273.00825000000003,50.73834506903174,0.330429558425952,267.2,5284830,1789563683,2026-09-16T13:01:23Z,NYSE:JNJ
19.29525611517036,-8.937855695940812,-122.6527702716513,-1.503981126511348,273.00825000000003,50.73834506903174,0.330429558425952,267.2,5284830,1789563865,2026-09-16T13:04:25Z,NYSE:JNJ
19.29525611517036,-8.937855695940812,-122.6527702716513,-1.503981126511348,273.00825000000003,50.73834506903174,0.330429558425952,267.2,5284830,1789564043,2026-09-16T13:07:23Z,NYSE:JNJ
19.29525611517036,-8.937855695940812,-122.6527702716513,-1.503981126511348,273.00825000000003,50.73834506903174,0.330429558425952,267.2,5284830,1789564226,2026-09-16T13:10:26Z,NYSE:JNJ
19.29525611517036,-8.937855695940812,-122.6527702716513,-1.503981126511348,273.00825000000003,50.73834506903174,0.330429558425952,267.2,5284830,1789564407,2026-09-16T13:13:27Z,NYSE:JNJ
19.29525611517036,-8.937855695940812,-122.6527702716513,-1.503981126511348,273.00825000000003,50.73834506903174,0.330429558425952,267.2,5284830,1789564583,2026-09-16T13:16:23Z,NYSE:JNJ
19.29525611517036,-8.937855695940812,-122.6527702716513,-1.503981126511348,273.00825000000003,50.73834506903174,0.330429558425952,267.2,5284830,1789564765,2026-09-16T13:19:25Z,NYSE:JNJ
19.29525611517036,-8.937855695940812,-122.6527702716513,-1.503981126511348,273.00825000000003,50.73834506903174,0.330429558425952,267.2,5284830,1789564946,2026-09-16T13:22:26Z,NYSE:JNJ
19.29525611517036,-8.937855695940812,-122.6527702716513,-1.503981126511348,273.00825000000003,50.73834506903174,0.330429558425952,267.2,5284830,1789565127,2026-09-16T13:25:27Z,NYSE:JNJ
19.29525611517036,-8.937855695940812,-122.6527702716513,-1.503981126511348,273.00825000000003,50.73834506903174,0.330429558425952,267.2,5284830,1789565303,2026-09-16T13:28:23Z,NYSE:JNJ
19.29525611517036,-8.937855695940812,-122.6527702716513,-1.503981126511348,273.00825000000003,50.73834506903174,0.330429558425952,267.2,5284830,1789565488,2026-09-16T13:31:28Z,NYSE:JNJ
19.29525611517036,-8.937855695940812,-122.6527702716513,-1.503981126511348,273.00825000000003,50.73834506903174,0.330429558425952,267.2,5284830,1789565670,2026-09-16T13:34:30Z,NYSE:JNJ
19.29525611517036,-8.937855695940812,-122.6527702716513,-1.503981126511348,273.00825000000003,50.73834506903174,0.330429558425952,267.2,5284830,1789565848,2026-09-16T13:37:28Z,NYSE:JNJ
19.29525611517036,-8.937855695940812,-122.6527702716513,-1.503981126511348,273.00825000000003,50.73834506903174,0.330429558425952,267.2,5284830,1789566025,2026-09-16T13:40:25Z,NYSE:JNJ
19.29525611517036,-8.937855695940812,-122.6527702716513,-1.503981126511348,273.00825000000003,50.73834506903174,0.330429558425952,267.2,5284830,1789566208,2026-09-16T13:43:28Z,NYSE:JNJ
17.94090400285515,-1.77613345366359,-70.07790338966893,-0.8081635693270329,273.00825000000003,49.49109288061158,-0.3218562874251548,266.34,101854,1789566390,2026-09-16T13:46:30Z,NYSE:JNJ
17.94090400285515,-2.100419167949269,-62.04981211614308,-0.3854605042642613,273.00825000000003,51.13215319816022,0.1029191616766594,267.475,127687,1789566564,2026-09-16T13:49:24Z,NYSE:JNJ
17.94090400285515,-2.213276310806407,-59.23323847087111,-0.2383523891102701,273.00825000000003,51.6869128539968,0.2507485029940179,267.87,156104,1789566744,2026-09-16T13:52:24Z,NYSE:JNJ
17.94090400285515,-2.196133453663549,-59.661831838237646,-0.2606979255893593,273.00825000000003,51.60345827887979,0.2282934131736578,267.81,189771,1789566926,2026-09-16T13:55:26Z,NYSE:JNJ
17.94090400285515,-2.118990596520746,-61.58713455620857,-0.3612528397452499,273.00825000000003,51.22431685592791,0.1272455089820478,267.54,208329,1789567105,2026-09-16T13:58:25Z,NYSE:JNJ
18.02729878951062,-1.9067334536636047,-53.05661455918879,-0.0782093776768014,273.00825000000003,52.27668415762712,0.4116766467065954,268.3,241622,1789567289,2026-09-16T14:01:29Z,NYSE:JNJ
18.02729878951062,-1.8567334536635367,-54.32281384105093,-0.1433838590741465,273.00825000000003,52.03840720415205,0.3461826347305432,268.125,259430,1789567466,2026-09-16T14:04:26Z,NYSE:JNJ
18.02729878951062,-1.7553048822350092,-56.87539615226035,-0.2755949499087591,273.00825000000003,51.54766153644044,0.2133233532934106,267.77,285745,1789567651,2026-09-16T14:07:31Z,NYSE:JNJ
18.02729878951062,-1.623876310806395,-60.16579452591522,-0.4469107295817618,273.00825000000003,50.89662752682835,0.0411676646706637,267.31,309879,1789567824,2026-09-16T14:10:24Z,NYSE:JNJ
18.02729878951062,-1.6381620250921287,-59.8089193933311,-0.4282894491825173,273.00825000000003,50.968238339783575,0.0598802395209674,267.36,348580,1789568003,2026-09-16T14:13:23Z,NYSE:JNJ
18.02729878951062,-1.4724191679492833,-63.93779223562163,-0.6443335443745086,273.00825000000003,50.12131838381664,-0.1572230538922121,266.7799,406456,1789568186,2026-09-16T14:16:26Z,NYSE:JNJ
18.02729878951062,-1.5638763108064495,-61.66260830470813,-0.5251201072585633,273.00825000000003,50.590095214464384,-0.037425149700586,267.1,425438,1789568365,2026-09-16T14:19:25Z,NYSE:JNJ
18.02729878951062,-1.4695905965206748,-64.00803611085595,-0.6480205578935642,273.00825000000003,50.10695858998193,-0.1609281437125774,266.77,438225,1789568545,2026-09-16T14:22:25Z,NYSE:JNJ
18.02729878951062,-1.433876310806454,-64.8943222555264,-0.6945737588916648,273.00825000000003,49.92635333483469,-0.2077095808383259,266.645,454976,1789568726,2026-09-16T14:25:26Z,NYSE:JNJ
18.02729878951062,-1.449590596520693,-64.5045004669987,-0.674090350452498,273.00825000000003,50.00565899265827,-0.187125748502994,266.7,476666,1789568902,2026-09-16T14:28:22Z,NYSE:JNJ
18.02729878951062,-1.4924477393778943,-63.44019859872191,-0.6182265092547645,273.00825000000003,50.22323327705301,-0.130988023952083,266.85,496555,1789569089,2026-09-16T14:31:29Z,NYSE:JNJ
18.02729878951062,-1.3838763108063858,-66.1331600351696,-0.7597482402889888,273.00825000000003,49.67568226376487,-0.2732035928143568,266.47,514496,1789569272,2026-09-16T14:34:32Z,NYSE:JNJ
18.02729878951062,-1.44530488223495,-64.6108379496562,-0.679676734572265,273.00825000000003,49.98400520126884,-0.1927395209580787,266.685,537343,1789569445,2026-09-16T14:37:25Z,NYSE:JNJ
18.02729878951062,-1.5210191679492482,-62.72972630230986,-0.5809839484562968,273.00825000000003,50.36933770907464,-0.093562874251497,266.95,557926,1789569628,2026-09-16T14:40:28Z,NYSE:JNJ
18.02729878951062,-1.4295905965207112,-65.00059801367546,-0.7001601430114318,273.00825000000003,49.90476815711159,-0.2133233532934106,266.63,576683,1789569806,2026-09-16T14:43:26Z,NYSE:JNJ
18.02729878951062,-1.4688763108064222,-65.46093193232868,-0.7076086551711211,273.00825000000003,49.87601693675629,-0.2208083832335236,266.61,606187,1789569989,2026-09-16T14:46:29Z,NYSE:JNJ
18.02729878951062,-1.479676310806326,-65.19326847569799,-0.6935309671892939,273.00825000000003,49.93038463624431,-0.2066616766466956,266.6478,617019,1789570168,2026-09-16T14:49:28Z,NYSE:JNJ
18.02729878951062,-1.5245905965206248,-64.0789820634447,-0.6349856616140866,273.00825000000003,50.157762451398206,-0.1478293413173584,266.805,625308,1789570343,2026-09-16T14:52:23Z,NYSE:JNJ
18.02729878951062,-1.574590596520693,-62.83634502977269,-0.5698111802167416,273.00825000000003,50.4133349461382,-0.0823353293413063,266.98,659179,1789570528,2026-09-16T14:55:28Z,NYSE:JNJ
18.02729878951062,-1.6517334536634962,-60.91461739429172,-0.4692562660608509,273.00825000000003,50.81041795556621,0.0187125748503036,267.25,696079,1789570710,2026-09-16T14:58:30Z,NYSE:JNJ
18.02729878951062,-1.6088763108064086,-61.98292150024186,-0.5251201072585633,273.00825000000003,50.590095214464384,-0.037425149700586,267.1,708339,1789570890,2026-09-16T15:01:30Z,NYSE:JNJ
18.02729878951062,-1.6174477393777806,-61.76939631495557,-0.5139473390190292,273.00825000000003,50.63447912661049,-0.0261976047904166,267.13,734886,1789571064,2026-09-16T15:04:24Z,NYSE:JNJ
18.02729878951062,-1.668876310806354,-60.48682057377314,-0.4469107295817618,273.00825000000003,50.89662752682835,0.0411676646706637,267.31,754509,1789571246,2026-09-16T15:07:26Z,NYSE:JNJ
18.02729878951062,-1.66601916794923,-60.558138920104064,-0.4506349856616065,273.00825000000003,50.8822802559073,0.0374251497006073,267.3,775317,1789571428,2026-09-16T15:10:28Z,NYSE:JNJ
18.02729878951062,-1.6945905965206975,-59.84461541440518,-0.4133924248631387,273.00825000000003,51.02537677906187,0.0748502994011933,267.4,791750,1789571606,2026-09-16T15:13:26Z,NYSE:JNJ
18.02729878951062,-1.7003048822349456,-59.70181998244626,-0.4059439127034281,273.00825000000003,51.05389608870481,0.0823353293413275,267.42,806915,1789571789,2026-09-16T15:16:29Z,NYSE:JNJ
18.02729878951062,-1.6574477393777445,-60.772048651313554,-0.4618077539011616,273.00825000000003,50.83918809431516,0.0261976047904166,267.27,815626,1789571967,2026-09-16T15:19:27Z,NYSE:JNJ
18.02729878951062,-1.6274477393777715,-61.52019792298272,-0.5009124427395518,273.00825000000003,50.6863588876335,-0.0130988023951976,267.165,827855,1789572148,2026-09-16T15:22:28Z,NYSE:JNJ
18.02729878951062,-1.5545905965207112,-63.33367561954989,-0.5958809727756754,273.00825000000003,50.31079404703483,-0.1085329341317229,266.91,863029,1789572334,2026-09-16T15:25:34Z,NYSE:JNJ
18.02729878951062,-1.6703048822349729,-60.45115856819584,-0.4450486015418395,273.00825000000003,50.903798019622776,0.043038922155692,267.315,885876,1789572511,2026-09-16T15:28:31Z,NYSE:JNJ
18.02729878951062,-1.6988763108063267,-59.73752167750133,-0.4078060407433505,273.00825000000003,51.04676937567277,0.0804640718562993,267.415,899155,1789572687,2026-09-16T15:31:27Z,NYSE:JNJ
18.02729878951062,-1.6774477393778398,-60.27282021020404,-0.4357379613422278,273.00825000000003,50.93961909362059,0.0523952095808332,267.34,909858,1789572863,2026-09-16T15:34:23Z,NYSE:JNJ
18.02729878951062,-1.7017334536635644,-59.66611639576234,-0.4040817846635058,273.00825000000003,51.06102072699553,0.0842065868263558,267.425,931987,1789573045,2026-09-16T15:37:25Z,NYSE:JNJ
18.02729878951062,-1.6845905965207066,-60.09443462160024,-0.426427321142595,273.00825000000003,50.97538793490906,0.0617514970059956,267.365,951871,1789573229,2026-09-16T15:40:29Z,NYSE:JNJ
18.02729878951062,-1.741733453663528,-58.66564735698477,-0.3519421995456382,273.00825000000003,51.25967191759583,0.136601796407189,267.565,1102129,1789573406,2026-09-16T15:43:26Z,NYSE:JNJ
18.02729878951062,-1.7745905965206248,-57.8427216500611,-0.3091132546273822,273.00825000000003,51.42164724044989,0.179640718562881,267.68,1113695,1789573580,2026-09-16T15:46:20Z,NYSE:JNJ
18.02729878951062,-1.8288763108063224,-56.480902905118135,-0.2383523891102701,273.00825000000003,51.6869128539968,0.2507485029940179,267.87,1141056,1789573768,2026-09-16T15:49:28Z,NYSE:JNJ
18.02729878951062,-1.843162025092056,-56.12207263736188,-0.2197311087110256,273.00825000000003,51.756238788776905,0.2694610778443216,267.92,1162807,1789573946,2026-09-16T15:52:26Z,NYSE:JNJ
18.02729878951062,-1.8874477393777624,-55.0084863967426,-0.162005139473391,273.00825000000003,51.9698904216264,0.3274700598802395,268.075,1190096,1789574125,2026-09-16T15:55:25Z,NYSE:JNJ
18.02729878951062,-1.8845905965206384,-55.0803860540556,-0.1657293955532357,273.00825000000003,51.95616356686326,0.3237275449101831,268.065,1208597,1789574310,2026-09-16T15:58:30Z,NYSE:JNJ
18.02729878951062,-1.8260191679491984,-56.55264609113844,-0.2420766451901148,273.00825000000003,51.67302375115975,0.2470059880239614,267.86,1235702,1789574485,2026-09-16T16:01:25Z,NYSE:JNJ
18.02729878951062,-1.827447739377817,-56.51677545066372,-0.2402145171501924,273.00825000000003,51.6799693006487,0.2488772455089897,267.865,1257102,1789574671,2026-09-16T16:04:31Z,NYSE:JNJ
18.02729878951062,-1.8860191679492573,-55.04443718105371,-0.1638672675133133,273.00825000000003,51.96302797487771,0.2526197604790461,267.875,1264654,1789574845,2026-09-16T16:07:25Z,NYSE:JNJ
18.02729878951062,-1.8688763108064,-55.47569755443625,-0.1862128039924025,273.00825000000003,51.88052539432026,0.3031437125748512,268.01,1283772,1789575026,2026-09-16T16:10:26Z,NYSE:JNJ
18.02729878951062,-1.866019167949276,-55.54754754352381,-0.1899370600722472,273.00825000000003,51.86674740422097,0.2994011976047946,268.0,1296694,1789575206,2026-09-16T16:13:26Z,NYSE:JNJ
18.02729878951062,-1.8788763108063904,-55.224162436050925,-0.173177907712925,273.00825000000003,51.92868630532246,0.3162425149700701,268.045,1322450,1789575385,2026-09-16T16:16:25Z,NYSE:JNJ
18.02729878951062,-1.8545905965206653,-55.8348711450773,-0.204834084391647,273.00825000000003,51.811556452654095,0.2844311377245475,267.96,1334896,1789575565,2026-09-16T16:19:25Z,NYSE:JNJ
18.02729878951062,-1.840304882234932,-56.19385393998205,-0.2234553647908703,273.00825000000003,51.74238952285661,0.2657185628742651,267.91,1345198,1789575747,2026-09-16T16:22:27Z,NYSE:JNJ
18.02729878951062,-1.8603048822349133,-55.69122461282588,-0.1973855722319365,273.00825000000003,51.83916774024974,0.2919161676646817,267.98,1352615,1789575926,2026-09-16T16:25:26Z,NYSE:JNJ
18.02729878951062,-1.896990596520709,-54.76801753202588,-0.1495661241666878,273.00825000000003,52.01568131941078,0.3399700598802503,268.1084,1372882,1789576110,2026-09-16T16:28:30Z,NYSE:JNJ
18.02729878951062,-1.8488763108064177,-55.97848715001374,-0.2122825965513363,273.00825000000003,51.78391348701216,0.2769461077844345,267.94,1386852,1789576289,2026-09-16T16:31:29Z,NYSE:JNJ
18.02729878951062,-1.814590596520702,-56.83954265059632,-0.2569736695095146,273.00825000000003,51.61738739076532,0.2320359281437143,267.82,1393745,1789576465,2026-09-16T16:34:25Z,NYSE:JNJ
18.02729878951062,-1.829304882234965,-56.47014076994297,-0.2377937506982849,273.00825000000003,51.68899553088245,0.2513098802395349,267.8715,1403096,1789576648,2026-09-16T16:37:28Z,NYSE:JNJ
18.02729878951062,-1.816019167949208,-56.80368724522539,-0.2551115414695923,273.00825000000003,51.62434894041515,0.2339071856287425,267.825,1422242,1789576829,2026-09-16T16:40:29Z,NYSE:JNJ
18.02729878951062,-1.8017334536634733,-57.16215565036149,-0.2737328218688368,273.00825000000003,51.55464316416015,0.2151946107784388,267.775,1441080,1789577006,2026-09-16T16:43:26Z,NYSE:JNJ
18.02729878951062,-1.8088763108063404,-56.98294523653581,-0.2644221816692039,273.00825000000003,51.5895211444415,0.2245508982036013,267.8,1456123,1789577190,2026-09-16T16:46:30Z,NYSE:JNJ
18.02729878951062,-1.7088763108063176,-59.4875700826693,-0.3947711444638942,273.00825000000003,51.09661282901608,0.093562874251497,267.45,1489794,1789577367,2026-09-16T16:49:27Z,NYSE:JNJ
18.02729878951062,-1.6945905965206975,-59.84461541440518,-0.4133924248631387,273.00825000000003,51.02537677906187,0.0748502994011933,267.4,1497328,1789577543,2026-09-16T16:52:23Z,NYSE:JNJ
18.02729878951062,-1.6774477393778398,-60.27282021020404,-0.4357379613422278,273.00825000000003,50.93961909362059,0.0523952095808332,267.34,1504753,1789577725,2026-09-16T16:55:25Z,NYSE:JNJ
18.02729878951062,-1.6974477393778216,-59.77322148107911,-0.4096681687832728,273.00825000000003,51.03964058699298,0.0785928143712711,267.41,1524026,1789577906,2026-09-16T16:58:26Z,NYSE:JNJ
18.02729878951062,-1.6888763108063358,-59.98738058994114,-0.420840937022828,273.00825000000003,50.99682421548675,0.0673652694610804,267.38,1532719,1789578081,2026-09-16T17:01:21Z,NYSE:JNJ
18.02729878951062,-1.7374477393777852,-58.7729115096708,-0.3575285836654052,273.00825000000003,51.23846503378045,0.1309880239521043,267.55,1555999,1789578264,2026-09-16T17:04:24Z,NYSE:JNJ
18.02729878951062,-1.7317334536635371,-58.91590384303546,-0.3649770958251157,273.00825000000003,51.21016046549408,0.1235029940119701,267.53,1568436,1789578447,2026-09-16T17:07:27Z,NYSE:JNJ
18.02729878951062,-1.7410191679492757,-58.68352590065172,-0.3528732635655994,273.00825000000003,51.25613871803721,0.1356661676646749,267.5625,1578815,1789578626,2026-09-16T17:10:26Z,NYSE:JNJ
18.02729878951062,-1.746019167949271,-58.55836614035455,-0.3463558154258712,273.00825000000003,51.28086036325441,0.1422155688622737,267.58,1592829,1789578808,2026-09-16T17:13:28Z,NYSE:JNJ
18.02729878951062,-1.7145905965206794,-59.34469896756015,-0.3873226323041837,273.00825000000003,51.125049257546806,0.1010479041916312,267.47,1603900,1789578988,2026-09-16T17:16:28Z,NYSE:JNJ
18.02729878951062,-1.668876310806354,-60.48682057377314,-0.4469107295817618,273.00825000000003,50.89662752682835,0.0411676646706637,267.31,1615449,1789579162,2026-09-16T17:19:22Z,NYSE:JNJ
18.02729878951062,-1.663162025092106,-60.629449714337134,-0.4543592417414511,273.00825000000003,50.86792459841993,0.0336826347305508,267.29,1629889,1789579347,2026-09-16T17:22:27Z,NYSE:JNJ
18.02729878951062,-1.7403048822349092,-58.701403970340245,-0.3538043275855606,273.00825000000003,51.25260500619628,0.1347305389221608,267.56,1644999,1789579523,2026-09-16T17:25:23Z,NYSE:JNJ
18.02729878951062,-1.76173345366351,-58.16485562200442,-0.3258724069867044,273.00825000000003,51.358393969977335,0.1627994011976056,267.635,1658963,1789579708,2026-09-16T17:28:28Z,NYSE:JNJ
18.02729878951062,-1.7945905965206066,-57.34131850564388,-0.2830434620684484,273.00825000000003,51.5197148910252,0.2058383233532977,267.75,1680777,1789579887,2026-09-16T17:31:27Z,NYSE:JNJ
18.02729878951062,-1.7788763108063677,-57.73530947445538,-0.3035268705076153,273.00825000000003,51.4426951223595,0.1852544910179658,267.695,1692044,1789580058,2026-09-16T17:34:18Z,NYSE:JNJ
18.02729878951062,-1.7888763108063586,-57.48461456043767,-0.2904919742281378,273.00825000000003,51.49173598851964,0.1983532934131847,267.73,1710085,1789580246,2026-09-16T17:37:26Z,NYSE:JNJ
18.02729878951062,-1.7945905965206066,-57.34131850564388,-0.2830434620684484,273.00825000000003,51.5197148910252,0.2058383233532977,267.75,1737242,1789580423,2026-09-16T17:40:23Z,NYSE:JNJ
18.02729878951062,-1.8117334536634644,-56.91124775037157,-0.2606979255893593,273.00825000000003,51.60345827887979,0.2282934131736578,267.81,1746158,1789580611,2026-09-16T17:43:31Z,NYSE:JNJ
18.02729878951062,-1.7974477393778443,-57.26965906934434,-0.2793192059886037,273.00825000000003,51.53369224238159,0.2095808383233541,267.76,1764498,1789580791,2026-09-16T17:46:31Z,NYSE:JNJ
18.02729878951062,-1.7917334536634826,-57.412970335605074,-0.2867677181482931,273.00825000000003,51.50572947539823,0.2020958083832412,267.74,1776309,1789580967,2026-09-16T17:49:27Z,NYSE:JNJ
18.02729878951062,-1.8089048822349696,-56.98222829935808,-0.2643849391084148,273.00825000000003,51.58966055552024,0.2245883233532925,267.8001,1796740,1789581150,2026-09-16T17:52:30Z,NYSE:JNJ
18.02729878951062,-1.746019167949271,-58.55836614035455,-0.3463558154258712,273.00825000000003,51.28086036325441,0.1422155688622737,267.58,1809421,1789581328,2026-09-16T17:55:28Z,NYSE:JNJ
18.02729878951062,-1.746019167949271,-58.55836614035455,-0.3463558154258712,273.00825000000003,51.28086036325441,0.1422155688622737,267.58,1818797,1789581501,2026-09-16T17:58:21Z,NYSE:JNJ
18.02729878951062,-1.7203048822349274,-59.20179756233966,-0.3798741201444944,273.00825000000003,51.15345263476615,0.1085329341317441,267.49,1826172,1789581691,2026-09-16T18:01:31Z,NYSE:JNJ
18.02729878951062,-1.7331620250920423,-58.88015860247839,-0.3631149677851722,273.00825000000003,51.21723968773055,0.1253742514970196,267.535,1837948,1789581867,2026-09-16T18:04:27Z,NYSE:JNJ
18.02729878951062,-1.7745905965206248,-57.8427216500611,-0.3091132546273822,273.00825000000003,51.42164724044989,0.179640718562881,267.68,1855811,1789582047,2026-09-16T18:07:27Z,NYSE:JNJ
18.02729878951062,-1.814590596520702,-56.83954265059632,-0.2569736695095146,273.00825000000003,51.61738739076532,0.2320359281437143,267.82,1885157,1789582225,2026-09-16T18:10:25Z,NYSE:JNJ
18.02729878951062,-1.7288763108064131,-58.98738863948108,-0.3687013519049604,273.00825000000003,51.1959958553263,0.1197604790419136,267.52,1892580,1789582409,2026-09-16T18:13:29Z,NYSE:JNJ
18.02729878951062,-1.7774477393777488,-57.77111543270922,-0.3053889985475376,273.00825000000003,51.43568118858518,0.1833832335329375,267.69,1914359,1789582587,2026-09-16T18:16:27Z,NYSE:JNJ
18.02729878951062,-1.8874477393777624,-55.0084863967426,-0.162005139473391,273.00825000000003,51.9698904216264,0.3274700598802395,268.075,1937269,1789582764,2026-09-16T18:19:24Z,NYSE:JNJ
18.02729878951062,-1.824590596520693,-56.58851482669407,-0.2439387732300371,273.00825000000003,51.66607620466905,0.2451347305389332,267.855,1952677,1789582944,2026-09-16T18:22:24Z,NYSE:JNJ
18.02729878951062,-1.7945905965206066,-57.34131850564388,-0.2830434620684484,273.00825000000003,51.5197148910252,0.2058383233532977,267.75,1967986,1789583129,2026-09-16T18:25:29Z,NYSE:JNJ
18.02729878951062,-1.9574477393778125,-53.23762855090544,-0.0707608655171121,273.00825000000003,52.303765144418215,0.4191616766467083,268.32,1991376,1789583307,2026-09-16T18:28:27Z,NYSE:JNJ
18.02729878951062,-1.92744773937784,-53.99741991338733,-0.1098655543555234,273.00825000000003,52.16124605570429,0.3798652694610727,268.215,2010086,1789583483,2026-09-16T18:31:23Z,NYSE:JNJ
18.02729878951062,-1.96459059652068,-53.05661455918879,-0.0614502253174792,273.00825000000003,52.33757318793292,0.4285179640718707,268.345,2034682,1789583665,2026-09-16T18:34:25Z,NYSE:JNJ
18.037222622645416,-1.9560191679493075,-51.6432341825069,-0.0074485121596893,273.00825000000003,52.5327185770861,0.4827844311377322,268.49,2053166,1789583847,2026-09-16T18:37:27Z,NYSE:JNJ
18.037222622645416,-1.978876310806413,-51.06263026765061,0.0223455364790891,273.00825000000003,52.6397025075752,0.5127245508982053,268.57,2067923,1789584023,2026-09-16T18:40:23Z,NYSE:JNJ
18.04316349030645,-1.9588763108063745,-50.59056537849395,0.0353804327585666,273.00825000000003,52.68635648135404,0.5258233532934243,268.605,2086836,1789584207,2026-09-16T18:43:27Z,NYSE:JNJ
18.049094315024654,-1.8903048822349435,-51.35298723572089,-0.0148970243193786,273.00825000000003,52.50589702992626,0.4752994011976192,268.47,2100166,1789584388,2026-09-16T18:46:28Z,NYSE:JNJ
18.049094315024654,-1.6960191679492596,-56.26562761685405,-0.2681464377490486,273.00825000000003,51.57557598051749,0.2208083832335448,267.79,2143588,1789584569,2026-09-16T18:49:29Z,NYSE:JNJ
18.049094315024654,-1.6274477393778284,-57.98591129237768,-0.3575285836654052,273.00825000000003,51.23846503378045,0.1309880239521043,267.55,2168604,1789584745,2026-09-16T18:52:25Z,NYSE:JNJ
18.049094315024654,-1.636019167949314,-57.771115432710566,-0.3463558154258712,273.00825000000003,51.28086036325441,0.1422155688622737,267.58,2188282,1789584922,2026-09-16T18:55:22Z,NYSE:JNJ
18.049094315024654,-1.7903048822350345,-53.88892449167688,-0.1452459871140689,273.00825000000003,52.03156432391678,0.3443113772455149,268.12,2207821,1789585107,2026-09-16T18:58:27Z,NYSE:JNJ
18.049094315024654,-1.7617334536635667,-54.61193666601967,-0.1824885479125578,273.00825000000003,51.89429549886528,0.3068862275449076,268.02,2218276,1789585287,2026-09-16T19:01:27Z,NYSE:JNJ
18.049094315024654,-1.8803048822349524,-51.606959328812,-0.0279319205988561,273.00825000000003,52.45888631385092,0.4622005988024003,268.435,2245905,1789585470,2026-09-16T19:04:30Z,NYSE:JNJ
18.049094315024654,-1.744590596520709,-55.04443718105371,-0.204834084391647,273.00825000000003,51.811556452654095,0.2844311377245475,267.96,2255826,1789585651,2026-09-16T19:07:31Z,NYSE:JNJ
18.049094315024654,-1.6174477393778377,-58.23642006605083,-0.3705634799448827,273.00825000000003,51.18891046560463,0.1178892215568853,267.515,2281937,1789585831,2026-09-16T19:10:31Z,NYSE:JNJ
18.049094315024654,-1.7160191679492414,-55.76305169547632,-0.2420766451901148,273.00825000000003,51.67302375115975,0.2470059880239614,267.86,2321390,1789586001,2026-09-16T19:13:21Z,NYSE:JNJ
18.049094315024654,-1.6988763108063836,-56.19385393998334,-0.2644221816692039,273.00825000000003,51.5895211444415,0.2245508982036013,267.8,2357868,1789586188,2026-09-16T19:16:28Z,NYSE:JNJ
18.049094315024654,-1.724590596520727,-55.5475475435251,-0.2309038769505808,273.00825000000003,51.71466712318153,0.2582335329341308,267.89,2389459,1789586369,2026-09-16T19:19:29Z,NYSE:JNJ
18.049094315024654,-1.7953963108064386,-53.76001192191999,-0.1386093627797901,273.00825000000003,52.055943432065945,0.3509805389221512,268.13782,2434940,1789586551,2026-09-16T19:22:31Z,NYSE:JNJ
18.049094315024654,-1.7674477393778147,-54.467388922492255,-0.1750400357528473,273.00825000000003,51.92181207835596,0.3143712574850418,268.04,2472317,1789586726,2026-09-16T19:25:26Z,NYSE:JNJ
18.049094315024654,-1.7045905965207453,-56.050283707779336,-0.2569736695095146,273.00825000000003,51.61738739076532,0.2320359281437143,267.82,2508488,1789586906,2026-09-16T19:28:26Z,NYSE:JNJ
18.049094315024654,-1.7274477393778511,-55.47569755443754,-0.2271796208707361,273.00825000000003,51.72853230327598,0.2619760479041874,267.9,2533165,1789587084,2026-09-16T19:31:24Z,NYSE:JNJ
18.049094315024654,-1.6471905965207156,-57.49106216768301,-0.3317939741536583,273.00825000000003,51.33600507960677,0.156848802395215,267.6191,2552536,1789587271,2026-09-16T19:34:31Z,NYSE:JNJ
18.049094315024654,-1.6903048822350115,-56.40915209820611,-0.2755949499087591,273.00825000000003,51.54766153644044,0.2133233532934106,267.77,2582506,1789587448,2026-09-16T19:37:28Z,NYSE:JNJ
18.049094315024654,-1.7160191679492414,-55.76305169547632,-0.2420766451901148,273.00825000000003,51.67302375115975,0.2470059880239614,267.86,2605935,1789587624,2026-09-16T19:40:24Z,NYSE:JNJ
18.049094315024654,-1.6845905965206498,-56.55264609113844,-0.2830434620684484,273.00825000000003,51.5197148910252,0.2170658682634671,267.78,2636166,1789587807,2026-09-16T19:43:27Z,NYSE:JNJ
18.049094315024654,-1.6974477393778784,-56.22974173156081,-0.2662843097091263,273.00825000000003,51.58254956659883,0.2226796407185731,267.795,2659641,1789587985,2026-09-16T19:46:25Z,NYSE:JNJ
18.049094315024654,-1.5403048822350345,-60.16579452591529,-0.4711183941007733,273.00825000000003,50.8032201585447,0.0168413173652754,267.245,2699225,1789588162,2026-09-16T19:49:22Z,NYSE:JNJ
18.049094315024654,-1.5331620250921674,-60.34416122002326,-0.4804290343003849,273.00825000000003,50.767199553196114,0.0074850299401342,267.22,2737109,1789588343,2026-09-16T19:52:23Z,NYSE:JNJ
18.049094315024654,-1.58887631080637,-58.95164718865237,-0.4078060407433505,273.00825000000003,51.04676937567277,0.0804640718562993,267.415,2778370,1789588526,2026-09-16T19:55:26Z,NYSE:JNJ
18.049094315024654,-1.5160191679493096,-60.772048651313554,-0.5027745707794741,273.00825000000003,50.678940985296826,-0.0149700598802259,267.16,2849223,1789588701,2026-09-16T19:58:21Z,NYSE:JNJ
18.049094315024654,-1.5274477393778056,-60.48682057377314,-0.4878775464600954,273.00825000000003,50.73834506903174,0.0,267.2,2907961,1789588886,2026-09-16T20:01:26Z,NYSE:JNJ
18.049094315024654,-1.4503048822350024,-62.40976864287396,-0.5884324606159861,273.00825000000003,50.34004885701839,-0.1010479041916099,266.93,2953410,1789589068,2026-09-16T20:04:28Z,NYSE:JNJ
18.049094315024654,-1.4788763108063565,-61.69820619130869,-0.5511898998175182,273.00825000000003,50.48683472918063,-0.0636227544910239,267.03,3007485,1789589245,2026-09-16T20:07:25Z,NYSE:JNJ
18.049094315024654,-1.6960191679492596,-56.26562761685405,-0.2681464377490486,273.00825000000003,51.57557598051749,0.2208083832335448,267.79,3097819,1789589428,2026-09-16T20:10:28Z,NYSE:JNJ
18.049094315024654,-1.6703048822350297,-56.91124775037157,-0.3016647424676929,273.00825000000003,51.449707030442354,0.187125748502994,267.7,3214685,1789589606,2026-09-16T20:13:26Z,NYSE:JNJ
18.049094315024654,-1.5503048822350252,-59.916001783625646,-0.4580834978213169,273.00825000000003,50.85356054701055,0.029940119760473,267.28,4795952,1789589785,2026-09-16T20:16:25Z,NYSE:JNJ
18.049094315024654,-1.5503048822350252,-59.916001783625646,-0.4580834978213169,273.00825000000003,50.85356054701055,0.029940119760473,267.28,4808449,1789589966,2026-09-16T20:19:26Z,NYSE:JNJ
18.049094315024654,-1.5503048822350252,-59.916001783625646,-0.4580834978213169,273.00825000000003,50.85356054701055,0.029940119760473,267.28,4808950,1789590147,2026-09-16T20:22:27Z,NYSE:JNJ
18.049094315024654,-1.5503048822350252,-59.916001783625646,-0.4580834978213169,273.00825000000003,50.85356054701055,0.029940119760473,267.28,4808970,1789590327,2026-09-16T20:25:27Z,NYSE:JNJ
18.049094315024654,-1.5503048822350252,-59.916001783625646,-0.4580834978213169,273.00825000000003,50.85356054701055,0.029940119760473,267.28,4811352,1789590506,2026-09-16T20:28:26Z,NYSE:JNJ
18.049094315024654,-1.5503048822350252,-59.916001783625646,-0.4580834978213169,273.00825000000003,50.85356054701055,0.029940119760473,267.28,4811364,1789590682,2026-09-16T20:31:22Z,NYSE:JNJ
18.049094315024654,-1.5503048822350252,-59.916001783625646,-0.4580834978213169,273.00825000000003,50.85356054701055,0.029940119760473,267.28,4811434,1789590867,2026-09-16T20:34:27Z,NYSE:JNJ
18.049094315024654,-1.5503048822350252,-59.916001783625646,-0.4580834978213169,273.00825000000003,50.85356054701055,0.029940119760473,267.28,4811531,1789591048,2026-09-16T20:37:28Z,NYSE:JNJ
18.049094315024654,-1.5503048822350252,-59.916001783625646,-0.4580834978213169,273.00825000000003,50.85356054701055,0.029940119760473,267.28,4811692,1789591229,2026-09-16T20:40:29Z,NYSE:JNJ
18.049094315024654,-1.5503048822350252,-59.916001783625646,-0.4580834978213169,273.00825000000003,50.85356054701055,0.029940119760473,267.28,4811886,1789591404,2026-09-16T20:43:24Z,NYSE:JNJ
18.049094315024654,-1.5503048822350252,-59.916001783625646,-0.4580834978213169,273.00825000000003,50.85356054701055,0.029940119760473,267.28,4811887,1789591588,2026-09-16T20:46:28Z,NYSE:JNJ
18.049094315024654,-1.5503048822350252,-59.916001783625646,-0.4580834978213169,273.00825000000003,50.85356054701055,0.029940119760473,267.28,4811905,1789591764,2026-09-16T20:49:24Z,NYSE:JNJ
18.049094315024654,-1.5503048822350252,-59.916001783625646,-0.4580834978213169,273.00825000000003,50.85356054701055,0.029940119760473,267.28,4811917,1789591944,2026-09-16T20:52:24Z,NYSE:JNJ
18.049094315024654,-1.5503048822350252,-59.916001783625646,-0.4580834978213169,273.00825000000003,50.85356054701055,0.029940119760473,267.28,4811959,1789592126,2026-09-16T20:55:26Z,NYSE:JNJ
18.049094315024654,-1.5503048822350252,-59.916001783625646,-0.4580834978213169,273.00825000000003,50.85356054701055,0.029940119760473,267.28,4811959,1789592303,2026-09-16T20:58:23Z,NYSE:JNJ
18.049094315024654,-1.5503048822350252,-59.916001783625646,-0.4580834978213169,273.00825000000003,50.85356054701055,0.029940119760473,267.28,4812044,1789592485,2026-09-16T21:01:25Z,NYSE:JNJ
18.049094315024654,-1.5503048822350252,-59.916001783625646,-0.4580834978213169,273.00825000000003,50.85356054701055,0.029940119760473,267.28,4812214,1789592667,2026-09-16T21:04:27Z,NYSE:JNJ
18.049094315024654,-1.5503048822350252,-59.916001783625646,-0.4580834978213169,273.00825000000003,50.85356054701055,0.029940119760473,267.28,4812226,1789592845,2026-09-16T21:07:25Z,NYSE:JNJ
18.049094315024654,-1.5503048822350252,-59.916001783625646,-0.4580834978213169,273.00825000000003,50.85356054701055,0.029940119760473,267.28,4812268,1789593024,2026-09-16T21:10:24Z,NYSE:JNJ
18.049094315024654,-1.5503048822350252,-59.916001783625646,-0.4580834978213169,273.00825000000003,50.85356054701055,0.029940119760473,267.28,4812360,1789593207,2026-09-16T21:13:27Z,NYSE:JNJ
18.049094315024654,-1.5503048822350252,-59.916001783625646,-0.4580834978213169,273.00825000000003,50.85356054701055,0.029940119760473,267.28,4880589,1789593385,2026-09-16T21:16:25Z,NYSE:JNJ
18.049094315024654,-1.5503048822350252,-59.916001783625646,-0.4580834978213169,273.00825000000003,50.85356054701055,0.029940119760473,267.28,4880591,1789593568,2026-09-16T21:19:28Z,NYSE:JNJ
18.049094315024654,-1.5503048822350252,-59.916001783625646,-0.4580834978213169,273.00825000000003,50.85356054701055,0.029940119760473,267.28,4880592,1789593744,2026-09-16T21:22:24Z,NYSE:JNJ
18.049094315024654,-1.5503048822350252,-59.916001783625646,-0.4580834978213169,273.00825000000003,50.85356054701055,0.029940119760473,267.28,4880593,1789593926,2026-09-16T21:25:26Z,NYSE:JNJ
18.049094315024654,-1.5503048822350252,-59.916001783625646,-0.4580834978213169,273.00825000000003,50.85356054701055,0.029940119760473,267.28,4880593,1789594107,2026-09-16T21:28:27Z,NYSE:JNJ
18.049094315024654,-1.5503048822350252,-59.916001783625646,-0.4580834978213169,273.00825000000003,50.85356054701055,0.029940119760473,267.28,4880593,1789594285,2026-09-16T21:31:25Z,NYSE:JNJ
18.049094315024654,-1.5503048822350252,-59.916001783625646,-0.4580834978213169,273.00825000000003,50.85356054701055,0.029940119760473,267.28,4880593,1789594467,2026-09-16T21:34:27Z,NYSE:JNJ
18.049094315024654,-1.5503048822350252,-59.916001783625646,-0.4580834978213169,273.00825000000003,50.85356054701055,0.029940119760473,267.28,4884100,1789594644,2026-09-16T21:37:24Z,NYSE:JNJ
18.049094315024654,-1.5503048822350252,-59.916001783625646,-0.4580834978213169,273.00825000000003,50.85356054701055,0.029940119760473,267.28,4884107,1789594827,2026-09-16T21:40:27Z,NYSE:JNJ
18.049094315024654,-1.5503048822350252,-59.916001783625646,-0.4580834978213169,273.00825000000003,50.85356054701055,0.029940119760473,267.28,4884122,1789595003,2026-09-16T21:43:23Z,NYSE:JNJ
18.049094315024654,-1.5503048822350252,-59.916001783625646,-0.4580834978213169,273.00825000000003,50.85356054701055,0.029940119760473,267.28,4884126,1789595185,2026-09-16T21:46:25Z,NYSE:JNJ
18.049094315024654,-1.5503048822350252,-59.916001783625646,-0.4580834978213169,273.00825000000003,50.85356054701055,0.029940119760473,267.28,4884127,1789595367,2026-09-16T21:49:27Z,NYSE:JNJ
18.049094315024654,-1.5503048822350252,-59.916001783625646,-0.4580834978213169,273.00825000000003,50.85356054701055,0.029940119760473,267.28,4884140,1789595545,2026-09-16T21:52:25Z,NYSE:JNJ
18.049094315024654,-1.5503048822350252,-59.916001783625646,-0.4580834978213169,273.00825000000003,50.85356054701055,0.029940119760473,267.28,4884246,1789595724,2026-09-16T21:55:24Z,NYSE:JNJ
18.049094315024654,-1.5503048822350252,-59.916001783625646,-0.4580834978213169,273.00825000000003,50.85356054701055,0.029940119760473,267.28,4884256,1789595901,2026-09-16T21:58:21Z,NYSE:JNJ
18.049094315024654,-1.5503048822350252,-59.916001783625646,-0.4580834978213169,273.00825000000003,50.85356054701055,0.029940119760473,267.28,4884258,1789596082,2026-09-16T22:01:22Z,NYSE:JNJ
18.049094315024654,-1.5503048822350252,-59.916001783625646,-0.4580834978213169,273.00825000000003,50.85356054701055,0.029940119760473,267.28,4884278,1789596267,2026-09-16T22:04:27Z,NYSE:JNJ
18.049094315024654,-1.5503048822350252,-59.916001783625646,-0.4580834978213169,273.00825000000003,50.85356054701055,0.029940119760473,267.28,4884280,1789596449,2026-09-16T22:07:29Z,NYSE:JNJ
18.049094315024654,-1.5503048822350252,-59.916001783625646,-0.4580834978213169,273.00825000000003,50.85356054701055,0.029940119760473,267.28,4884367,1789596626,2026-09-16T22:10:26Z,NYSE:JNJ
18.049094315024654,-1.5503048822350252,-59.916001783625646,-0.4580834978213169,273.00825000000003,50.85356054701055,0.029940119760473,267.28,4886663,1789596809,2026-09-16T22:13:29Z,NYSE:JNJ
18.049094315024654,-1.5503048822350252,-59.916001783625646,-0.4580834978213169,273.00825000000003,50.85356054701055,0.029940119760473,267.28,4886789,1789596984,2026-09-16T22:16:24Z,NYSE:JNJ
18.049094315024654,-1.5503048822350252,-59.916001783625646,-0.4580834978213169,273.00825000000003,50.85356054701055,0.029940119760473,267.28,4887086,1789597167,2026-09-16T22:19:27Z,NYSE:JNJ
18.049094315024654,-1.5503048822350252,-59.916001783625646,-0.4580834978213169,273.00825000000003,50.85356054701055,0.029940119760473,267.28,4887165,1789597344,2026-09-16T22:22:24Z,NYSE:JNJ
18.049094315024654,-1.5503048822350252,-59.916001783625646,-0.4580834978213169,273.00825000000003,50.85356054701055,0.029940119760473,267.28,4887349,1789597525,2026-09-16T22:25:25Z,NYSE:JNJ
18.049094315024654,-1.5503048822350252,-59.916001783625646,-0.4580834978213169,273.00825000000003,50.85356054701055,0.029940119760473,267.28,4887349,1789597705,2026-09-16T22:28:25Z,NYSE:JNJ
18.049094315024654,-1.5503048822350252,-59.916001783625646,-0.4580834978213169,273.00825000000003,50.85356054701055,0.029940119760473,267.28,4887354,1789597885,2026-09-16T22:31:25Z,NYSE:JNJ
18.049094315024654,-1.5503048822350252,-59.916001783625646,-0.4580834978213169,273.00825000000003,50.85356054701055,0.029940119760473,267.28,4887364,1789598067,2026-09-16T22:34:27Z,NYSE:JNJ
18.049094315024654,-1.5503048822350252,-59.916001783625646,-0.4580834978213169,273.00825000000003,50.85356054701055,0.029940119760473,267.28,4887401,1789598248,2026-09-16T22:37:28Z,NYSE:JNJ
18.049094315024654,-1.5503048822350252,-59.916001783625646,-0.4580834978213169,273.00825000000003,50.85356054701055,0.029940119760473,267.28,4887428,1789598419,2026-09-16T22:40:19Z,NYSE:JNJ
18.049094315024654,-1.5503048822350252,-59.916001783625646,-0.4580834978213169,273.00825000000003,50.85356054701055,0.029940119760473,267.28,4887463,1789598607,2026-09-16T22:43:27Z,NYSE:JNJ
18.049094315024654,-1.5503048822350252,-59.916001783625646,-0.4580834978213169,273.00825000000003,50.85356054701055,0.029940119760473,267.28,4887723,1789598786,2026-09-16T22:46:26Z,NYSE:JNJ
18.049094315024654,-1.5503048822350252,-59.916001783625646,-0.4580834978213169,273.00825000000003,50.85356054701055,0.029940119760473,267.28,4887723,1789598964,2026-09-16T22:49:24Z,NYSE:JNJ
18.049094315024654,-1.5503048822350252,-59.916001783625646,-0.4580834978213169,273.00825000000003,50.85356054701055,0.029940119760473,267.28,4887723,1789599147,2026-09-16T22:52:27Z,NYSE:JNJ
18.049094315024654,-1.5503048822350252,-59.916001783625646,-0.4580834978213169,273.00825000000003,50.85356054701055,0.029940119760473,267.28,4887725,1789599328,2026-09-16T22:55:28Z,NYSE:JNJ
18.049094315024654,-1.5503048822350252,-59.916001783625646,-0.4580834978213169,273.00825000000003,50.85356054701055,0.029940119760473,267.28,4887725,1789599507,2026-09-16T22:58:27Z,NYSE:JNJ
18.049094315024654,-1.5503048822350252,-59.916001783625646,-0.4580834978213169,273.00825000000003,50.85356054701055,0.029940119760473,267.28,4887726,1789599683,2026-09-16T23:01:23Z,NYSE:JNJ
18.049094315024654,-1.5503048822350252,-59.916001783625646,-0.4580834978213169,273.00825000000003,50.85356054701055,0.029940119760473,267.28,4887727,1789599865,2026-09-16T23:04:25Z,NYSE:JNJ
18.049094315024654,-1.5503048822350252,-59.916001783625646,-0.4580834978213169,273.00825000000003,50.85356054701055,0.029940119760473,267.28,4887737,1789600051,2026-09-16T23:07:31Z,NYSE:JNJ
18.049094315024654,-1.5503048822350252,-59.916001783625646,-0.4580834978213169,273.00825000000003,50.85356054701055,0.029940119760473,267.28,4887738,1789600227,2026-09-16T23:10:27Z,NYSE:JNJ
18.049094315024654,-1.5503048822350252,-59.916001783625646,-0.4580834978213169,273.00825000000003,50.85356054701055,0.029940119760473,267.28,4887738,1789600406,2026-09-16T23:13:26Z,NYSE:JNJ
18.049094315024654,-1.5503048822350252,-59.916001783625646,-0.4580834978213169,273.00825000000003,50.85356054701055,0.029940119760473,267.28,4887748,1789600584,2026-09-16T23:16:24Z,NYSE:JNJ
18.049094315024654,-1.5503048822350252,-59.916001783625646,-0.4580834978213169,273.00825000000003,50.85356054701055,0.029940119760473,267.28,4887748,1789600765,2026-09-16T23:19:25Z,NYSE:JNJ
18.049094315024654,-1.5503048822350252,-59.916001783625646,-0.4580834978213169,273.00825000000003,50.85356054701055,0.029940119760473,267.28,4887754,1789600949,2026-09-16T23:22:29Z,NYSE:JNJ
18.049094315024654,-1.5503048822350252,-59.916001783625646,-0.4580834978213169,273.00825000000003,50.85356054701055,0.029940119760473,267.28,4887754,1789601122,2026-09-16T23:25:22Z,NYSE:JNJ
18.049094315024654,-1.5503048822350252,-59.916001783625646,-0.4580834978213169,273.00825000000003,50.85356054701055,0.029940119760473,267.28,4887754,1789601304,2026-09-16T23:28:24Z,NYSE:JNJ
18.049094315024654,-1.5503048822350252,-59.916001783625646,-0.4580834978213169,273.00825000000003,50.85356054701055,0.029940119760473,267.28,4887754,1789601482,2026-09-16T23:31:22Z,NYSE:JNJ
18.049094315024654,-1.5503048822350252,-59.916001783625646,-0.4580834978213169,273.00825000000003,50.85356054701055,0.029940119760473,267.28,4887754,1789601657,2026-09-16T23:34:17Z,NYSE:JNJ
18.049094315024654,-1.5503048822350252,-59.916001783625646,-0.4580834978213169,273.00825000000003,50.85356054701055,0.029940119760473,267.28,4887754,1789601842,2026-09-16T23:37:22Z,NYSE:JNJ
18.049094315024654,-1.5503048822350252,-59.916001783625646,-0.4580834978213169,273.00825000000003,50.85356054701055,0.029940119760473,267.28,4887758,1789602025,2026-09-16T23:40:25Z,NYSE:JNJ
18.049094315024654,-1.5503048822350252,-59.916001783625646,-0.4580834978213169,273.00825000000003,50.85356054701055,0.029940119760473,267.28,4887763,1789602204,2026-09-16T23:43:24Z,NYSE:JNJ
18.049094315024654,-1.5503048822350252,-59.916001783625646,-0.4580834978213169,273.00825000000003,50.85356054701055,0.029940119760473,267.28,4887865,1789602387,2026-09-16T23:46:27Z,NYSE:JNJ
18.049094315024654,-1.5503048822350252,-59.916001783625646,-0.4580834978213169,273.00825000000003,50.85356054701055,0.029940119760473,267.28,4887866,1789602568,2026-09-16T23:49:28Z,NYSE:JNJ
18.049094315024654,-1.5503048822350252,-59.916001783625646,-0.4580834978213169,273.00825000000003,50.85356054701055,0.029940119760473,267.28,4887882,1789602748,2026-09-16T23:52:28Z,NYSE:JNJ
18.049094315024654,-1.5503048822350252,-59.916001783625646,-0.4580834978213169,273.00825000000003,50.85356054701055,0.029940119760473,267.28,4887898,1789602928,2026-09-16T23:55:28Z,NYSE:JNJ
18.049094315024654,-1.5503048822350252,-59.916001783625646,-0.4580834978213169,273.00825000000003,50.85356054701055,0.029940119760473,267.28,4887910,1789603103,2026-09-16T23:58:23Z,NYSE:JNJ
18.049094315024654,-1.5503048822350252,-59.916001783625646,-0.4580834978213169,273.00825000000003,50.85356054701055,0.029940119760473,267.28,4888652,1789603287,2026-09-17T00:01:27Z,NYSE:JNJ
18.049094315024654,-1.5503048822350252,-59.916001783625646,-0.4580834978213169,273.00825000000003,50.85356054701055,0.029940119760473,267.28,4888652,1789603462,2026-09-17T00:04:22Z,NYSE:JNJ
18.049094315024654,-1.5503048822350252,-59.916001783625646,-0.4580834978213169,273.00825000000003,50.85356054701055,0.029940119760473,267.28,4888652,1789603648,2026-09-17T00:07:28Z,NYSE:JNJ
18.049094315024654,-1.5503048822350252,-59.916001783625646,-0.4580834978213169,273.00825000000003,50.85356054701055,0.029940119760473,267.28,4888654,1789603823,2026-09-17T00:10:23Z,NYSE:JNJ
18.049094315024654,-1.5503048822350252,-59.916001783625646,-0.4580834978213169,273.00825000000003,50.85356054701055,0.029940119760473,267.28,4888654,1789604004,2026-09-17T00:13:24Z,NYSE:JNJ
18.049094315024654,-1.5503048822350252,-59.916001783625646,-0.4580834978213169,273.00825000000003,50.85356054701055,0.029940119760473,267.28,4888657,1789604182,2026-09-17T00:16:22Z,NYSE:JNJ
18.049094315024654,-1.5503048822350252,-59.916001783625646,-0.4580834978213169,273.00825000000003,50.85356054701055,0.029940119760473,267.28,4888657,1789604368,2026-09-17T00:19:28Z,NYSE:JNJ
18.049094315024654,-1.5503048822350252,-59.916001783625646,-0.4580834978213169,273.00825000000003,50.85356054701055,0.029940119760473,267.28,4888657,1789604545,2026-09-17T00:22:25Z,NYSE:JNJ
18.049094315024654,-1.5503048822350252,-59.916001783625646,-0.4580834978213169,273.00825000000003,50.85356054701055,0.029940119760473,267.28,4888657,1789604723,2026-09-17T00:25:23Z,NYSE:JNJ
18.049094315024654,-1.5503048822350252,-59.916001783625646,-0.4580834978213169,273.00825000000003,50.85356054701055,0.029940119760473,267.28,4888657,1789604908,2026-09-17T00:28:28Z,NYSE:JNJ
18.049094315024654,-1.5503048822350252,-59.916001783625646,-0.4580834978213169,273.00825000000003,50.85356054701055,0.029940119760473,267.28,4888657,1789605083,2026-09-17T00:31:23Z,NYSE:JNJ
18.049094315024654,-1.5503048822350252,-59.916001783625646,-0.4580834978213169,273.00825000000003,50.85356054701055,0.029940119760473,267.28,4888657,1789605270,2026-09-17T00:34:30Z,NYSE:JNJ
18.049094315024654,-1.5503048822350252,-59.916001783625646,-0.4580834978213169,273.00825000000003,50.85356054701055,0.029940119760473,267.28,4888657,1789605450,2026-09-17T00:37:30Z,NYSE:JNJ
18.049094315024654,-1.5503048822350252,-59.916001783625646,-0.4580834978213169,273.00825000000003,50.85356054701055,0.029940119760473,267.28,4888657,1789605629,2026-09-17T00:40:29Z,NYSE:JNJ
18.049094315024654,-1.5503048822350252,-59.916001783625646,-0.4580834978213169,273.00825000000003,50.85356054701055,0.029940119760473,267.28,4888657,1789605803,2026-09-17T00:43:23Z,NYSE:JNJ
18.049094315024654,-1.5503048822350252,-59.916001783625646,-0.4580834978213169,273.00825000000003,50.85356054701055,0.029940119760473,267.28,4888657,1789605985,2026-09-17T00:46:25Z,NYSE:JNJ
18.049094315024654,-1.5503048822350252,-59.916001783625646,-0.4580834978213169,273.00825000000003,50.85356054701055,0.029940119760473,267.28,4888657,1789606167,2026-09-17T00:49:27Z,NYSE:JNJ
18.049094315024654,-1.5503048822350252,-59.916001783625646,-0.4580834978213169,273.00825000000003,50.85356054701055,0.029940119760473,267.28,4888657,1789606350,2026-09-17T00:52:30Z,NYSE:JNJ
18.049094315024654,-1.5503048822350252,-59.916001783625646,-0.4580834978213169,273.00825000000003,50.85356054701055,0.029940119760473,267.28,4888657,1789606522,2026-09-17T00:55:22Z,NYSE:JNJ
18.049094315024654,-1.5503048822350252,-59.916001783625646,-0.4580834978213169,273.00825000000003,50.85356054701055,0.029940119760473,267.28,4888657,1789606706,2026-09-17T00:58:26Z,NYSE:JNJ
18.049094315024654,-1.5503048822350252,-59.916001783625646,-0.4580834978213169,273.00825000000003,50.85356054701055,0.029940119760473,267.28,4888657,1789606887,2026-09-17T01:01:27Z,NYSE:JNJ
18.049094315024654,-1.5503048822350252,-59.916001783625646,-0.4580834978213169,273.00825000000003,50.85356054701055,0.029940119760473,267.28,4888657,1789607065,2026-09-17T01:04:25Z,NYSE:JNJ
18.049094315024654,-1.5503048822350252,-59.916001783625646,-0.4580834978213169,273.00825000000003,50.85356054701055,0.029940119760473,267.28,4888657,1789607244,2026-09-17T01:07:24Z,NYSE:JNJ
18.049094315024654,-1.5503048822350252,-59.916001783625646,-0.4580834978213169,273.00825000000003,50.85356054701055,0.029940119760473,267.28,4888657,1789607426,2026-09-17T01:10:26Z,NYSE:JNJ
18.049094315024654,-1.5503048822350252,-59.916001783625646,-0.4580834978213169,273.00825000000003,50.85356054701055,0.029940119760473,267.28,4888657,1789607606,2026-09-17T01:13:26Z,NYSE:JNJ
18.049094315024654,-1.5503048822350252,-59.916001783625646,-0.4580834978213169,273.00825000000003,50.85356054701055,0.029940119760473,267.28,4888657,1789607789,2026-09-17T01:16:29Z,NYSE:JNJ
18.049094315024654,-1.5503048822350252,-59.916001783625646,-0.4580834978213169,273.00825000000003,50.85356054701055,0.029940119760473,267.28,4888657,1789607965,2026-09-17T01:19:25Z,NYSE:JNJ
18.049094315024654,-1.5503048822350252,-59.916001783625646,-0.4580834978213169,273.00825000000003,50.85356054701055,0.029940119760473,267.28,4888657,1789608148,2026-09-17T01:22:28Z,NYSE:JNJ
18.049094315024654,-1.5503048822350252,-59.916001783625646,-0.4580834978213169,273.00825000000003,50.85356054701055,0.029940119760473,267.28,4888657,1789608328,2026-09-17T01:25:28Z,NYSE:JNJ
18.049094315024654,-1.5503048822350252,-59.916001783625646,-0.4580834978213169,273.00825000000003,50.85356054701055,0.029940119760473,267.28,4888657,1789608503,2026-09-17T01:28:23Z,NYSE:JNJ
18.049094315024654,-1.5503048822350252,-59.916001783625646,-0.4580834978213169,273.00825000000003,50.85356054701055,0.029940119760473,267.28,4888657,1789608688,2026-09-17T01:31:28Z,NYSE:JNJ
18.049094315024654,-1.5503048822350252,-59.916001783625646,-0.4580834978213169,273.00825000000003,50.85356054701055,0.029940119760473,267.28,4888657,1789608864,2026-09-17T01:34:24Z,NYSE:JNJ
18.049094315024654,-1.5503048822350252,-59.916001783625646,-0.4580834978213169,273.00825000000003,50.85356054701055,0.029940119760473,267.28,4888657,1789609052,2026-09-17T01:37:32Z,NYSE:JNJ
18.049094315024654,-1.5503048822350252,-59.916001783625646,-0.4580834978213169,273.00825000000003,50.85356054701055,0.029940119760473,267.28,4888657,1789609226,2026-09-17T01:40:26Z,NYSE:JNJ
18.049094315024654,-1.5503048822350252,-59.916001783625646,-0.4580834978213169,273.00825000000003,50.85356054701055,0.029940119760473,267.28,4888657,1789609403,2026-09-17T01:43:23Z,NYSE:JNJ
18.049094315024654,-1.5503048822350252,-59.916001783625646,-0.4580834978213169,273.00825000000003,50.85356054701055,0.029940119760473,267.28,4888657,1789609589,2026-09-17T01:46:29Z,NYSE:JNJ
18.049094315024654,-1.5503048822350252,-59.916001783625646,-0.4580834978213169,273.00825000000003,50.85356054701055,0.029940119760473,267.28,4888657,1789609766,2026-09-17T01:49:26Z,NYSE:JNJ
18.049094315024654,-1.5503048822350252,-59.916001783625646,-0.4580834978213169,273.00825000000003,50.85356054701055,0.029940119760473,267.28,4888657,1789609942,2026-09-17T01:52:22Z,NYSE:JNJ
18.049094315024654,-1.5503048822350252,-59.916001783625646,-0.4580834978213169,273.00825000000003,50.85356054701055,0.029940119760473,267.28,4888657,1789610127,2026-09-17T01:55:27Z,NYSE:JNJ
18.049094315024654,-1.5503048822350252,-59.916001783625646,-0.4580834978213169,273.00825000000003,50.85356054701055,0.029940119760473,267.28,4888657,1789610301,2026-09-17T01:58:21Z,NYSE:JNJ
18.049094315024654,-1.5503048822350252,-59.916001783625646,-0.4580834978213169,273.00825000000003,50.85356054701055,0.029940119760473,267.28,4888657,1789610488,2026-09-17T02:01:28Z,NYSE:JNJ
18.049094315024654,-1.5503048822350252,-59.916001783625646,-0.4580834978213169,273.00825000000003,50.85356054701055,0.029940119760473,267.28,4888657,1789610671,2026-09-17T02:04:31Z,NYSE:JNJ
18.049094315024654,-1.5503048822350252,-59.916001783625646,-0.4580834978213169,273.00825000000003,50.85356054701055,0.029940119760473,267.28,4888657,1789610847,2026-09-17T02:07:27Z,NYSE:JNJ
18.049094315024654,-1.5503048822350252,-59.916001783625646,-0.4580834978213169,273.00825000000003,50.85356054701055,0.029940119760473,267.28,4888657,1789611023,2026-09-17T02:10:23Z,NYSE:JNJ
18.049094315024654,-1.5503048822350252,-59.916001783625646,-0.4580834978213169,273.00825000000003,50.85356054701055,0.029940119760473,267.28,4888657,1789611206,2026-09-17T02:13:26Z,NYSE:JNJ
18.049094315024654,-1.5503048822350252,-59.916001783625646,-0.4580834978213169,273.00825000000003,50.85356054701055,0.029940119760473,267.28,4888657,1789611388,2026-09-17T02:16:28Z,NYSE:JNJ
18.049094315024654,-1.5503048822350252,-59.916001783625646,-0.4580834978213169,273.00825000000003,50.85356054701055,0.029940119760473,267.28,4888657,1789611563,2026-09-17T02:19:23Z,NYSE:JNJ
18.049094315024654,-1.5503048822350252,-59.916001783625646,-0.4580834978213169,273.00825000000003,50.85356054701055,0.029940119760473,267.28,4888657,1789611744,2026-09-17T02:22:24Z,NYSE:JNJ
18.049094315024654,-1.5503048822350252,-59.916001783625646,-0.4580834978213169,273.00825000000003,50.85356054701055,0.029940119760473,267.28,4888657,1789611927,2026-09-17T02:25:27Z,NYSE:JNJ
18.049094315024654,-1.5503048822350252,-59.916001783625646,-0.4580834978213169,273.00825000000003,50.85356054701055,0.029940119760473,267.28,4888657,1789612106,2026-09-17T02:28:26Z,NYSE:JNJ
18.049094315024654,-1.5503048822350252,-59.916001783625646,-0.4580834978213169,273.00825000000003,50.85356054701055,0.029940119760473,267.28,4888657,1789612286,2026-09-17T02:31:26Z,NYSE:JNJ
18.049094315024654,-1.5503048822350252,-59.916001783625646,-0.4580834978213169,273.00825000000003,50.85356054701055,0.029940119760473,267.28,4888657,1789612462,2026-09-17T02:34:22Z,NYSE:JNJ
18.049094315024654,-1.5503048822350252,-59.916001783625646,-0.4580834978213169,273.00825000000003,50.85356054701055,0.029940119760473,267.28,4888657,1789612645,2026-09-17T02:37:25Z,NYSE:JNJ
18.049094315024654,-1.5503048822350252,-59.916001783625646,-0.4580834978213169,273.00825000000003,50.85356054701055,0.029940119760473,267.28,4888657,1789612831,2026-09-17T02:40:31Z,NYSE:JNJ
18.049094315024654,-1.5503048822350252,-59.916001783625646,-0.4580834978213169,273.00825000000003,50.85356054701055,0.029940119760473,267.28,4888657,1789613016,2026-09-17T02:43:36Z,NYSE:JNJ
18.049094315024654,-1.5503048822350252,-59.916001783625646,-0.4580834978213169,273.00825000000003,50.85356054701055,0.029940119760473,267.28,4888657,1789613189,2026-09-17T02:46:29Z,NYSE:JNJ
18.049094315024654,-1.5503048822350252,-59.916001783625646,-0.4580834978213169,273.00825000000003,50.85356054701055,0.029940119760473,267.28,4888657,1789613370,2026-09-17T02:49:30Z,NYSE:JNJ
18.049094315024654,-1.5503048822350252,-59.916001783625646,-0.4580834978213169,273.00825000000003,50.85356054701055,0.029940119760473,267.28,4888657,1789613541,2026-09-17T02:52:21Z,NYSE:JNJ
18.049094315024654,-1.5503048822350252,-59.916001783625646,-0.4580834978213169,273.00825000000003,50.85356054701055,0.029940119760473,267.28,4888657,1789613731,2026-09-17T02:55:31Z,NYSE:JNJ
18.049094315024654,-1.5503048822350252,-59.916001783625646,-0.4580834978213169,273.00825000000003,50.85356054701055,0.029940119760473,267.28,4888657,1789613905,2026-09-17T02:58:25Z,NYSE:JNJ
18.049094315024654,-1.5503048822350252,-59.916001783625646,-0.4580834978213169,273.00825000000003,50.85356054701055,0.029940119760473,267.28,4888657,1789614086,2026-09-17T03:01:26Z,NYSE:JNJ
18.049094315024654,-1.5503048822350252,-59.916001783625646,-0.4580834978213169,273.00825000000003,50.85356054701055,0.029940119760473,267.28,4888657,1789614266,2026-09-17T03:04:26Z,NYSE:JNJ
18.049094315024654,-1.5503048822350252,-59.916001783625646,-0.4580834978213169,273.00825000000003,50.85356054701055,0.029940119760473,267.28,4888657,1789614446,2026-09-17T03:07:26Z,NYSE:JNJ
18.049094315024654,-1.5503048822350252,-59.916001783625646,-0.4580834978213169,273.00825000000003,50.85356054701055,0.029940119760473,267.28,4888657,1789614633,2026-09-17T03:10:33Z,NYSE:JNJ
18.049094315024654,-1.5503048822350252,-59.916001783625646,-0.4580834978213169,273.00825000000003,50.85356054701055,0.029940119760473,267.28,4888657,1789614806,2026-09-17T03:13:26Z,NYSE:JNJ
18.049094315024654,-1.5503048822350252,-59.916001783625646,-0.4580834978213169,273.00825000000003,50.85356054701055,0.029940119760473,267.28,4888657,1789614985,2026-09-17T03:16:25Z,NYSE:JNJ
18.049094315024654,-1.5503048822350252,-59.916001783625646,-0.4580834978213169,273.00825000000003,50.85356054701055,0.029940119760473,267.28,4888657,1789615170,2026-09-17T03:19:30Z,NYSE:JNJ
18.049094315024654,-1.5503048822350252,-59.916001783625646,-0.4580834978213169,273.00825000000003,50.85356054701055,0.029940119760473,267.28,4888657,1789615342,2026-09-17T03:22:22Z,NYSE:JNJ
18.049094315024654,-1.5503048822350252,-59.916001783625646,-0.4580834978213169,273.00825000000003,50.85356054701055,0.029940119760473,267.28,4888657,1789615525,2026-09-17T03:25:25Z,NYSE:JNJ
18.049094315024654,-1.5503048822350252,-59.916001783625646,-0.4580834978213169,273.00825000000003,50.85356054701055,0.029940119760473,267.28,4888657,1789615705,2026-09-17T03:28:25Z,NYSE:JNJ
18.049094315024654,-1.5503048822350252,-59.916001783625646,-0.4580834978213169,273.00825000000003,50.85356054701055,0.029940119760473,267.28,4888657,1789615885,2026-09-17T03:31:25Z,NYSE:JNJ
18.049094315024654,-1.5503048822350252,-59.916001783625646,-0.4580834978213169,273.00825000000003,50.85356054701055,0.029940119760473,267.28,4888657,1789616070,2026-09-17T03:34:30Z,NYSE:JNJ
18.049094315024654,-1.5503048822350252,-59.916001783625646,-0.4580834978213169,273.00825000000003,50.85356054701055,0.029940119760473,267.28,4888657,1789616246,2026-09-17T03:37:26Z,NYSE:JNJ
18.049094315024654,-1.5503048822350252,-59.916001783625646,-0.4580834978213169,273.00825000000003,50.85356054701055,0.029940119760473,267.28,4888657,1789616424,2026-09-17T03:40:24Z,NYSE:JNJ
18.049094315024654,-1.5503048822350252,-59.916001783625646,-0.4580834978213169,273.00825000000003,50.85356054701055,0.029940119760473,267.28,4888657,1789616608,2026-09-17T03:43:28Z,NYSE:JNJ
18.049094315024654,-1.5503048822350252,-59.916001783625646,-0.4580834978213169,273.00825000000003,50.85356054701055,0.029940119760473,267.28,4888657,1789616783,2026-09-17T03:46:23Z,NYSE:JNJ
18.049094315024654,-1.5503048822350252,-59.916001783625646,-0.4580834978213169,273.00825000000003,50.85356054701055,0.029940119760473,267.28,4888657,1789616967,2026-09-17T03:49:27Z,NYSE:JNJ
18.049094315024654,-1.5503048822350252,-59.916001783625646,-0.4580834978213169,273.00825000000003,50.85356054701055,0.029940119760473,267.28,4888657,1789617148,2026-09-17T03:52:28Z,NYSE:JNJ
18.049094315024654,-1.5503048822350252,-59.916001783625646,-0.4580834978213169,273.00825000000003,50.85356054701055,0.029940119760473,267.28,4888657,1789617324,2026-09-17T03:55:24Z,NYSE:JNJ
18.049094315024654,-1.5503048822350252,-59.916001783625646,-0.4580834978213169,273.00825000000003,50.85356054701055,0.029940119760473,267.28,4888657,1789617506,2026-09-17T03:58:26Z,NYSE:JNJ
18.049094315024654,-1.5503048822350252,-59.916001783625646,-0.4580834978213169,273.00825000000003,50.85356054701055,0.029940119760473,267.28,4888657,1789617682,2026-09-17T04:01:22Z,NYSE:JNJ
18.049094315024654,-1.5503048822350252,-59.916001783625646,-0.4580834978213169,273.00825000000003,50.85356054701055,0.029940119760473,267.28,4888657,1789617868,2026-09-17T04:04:28Z,NYSE:JNJ
18.049094315024654,-1.5503048822350252,-59.916001783625646,-0.4580834978213169,273.00825000000003,50.85356054701055,0.029940119760473,267.28,4888657,1789618047,2026-09-17T04:07:27Z,NYSE:JNJ
18.049094315024654,-1.5503048822350252,-59.916001783625646,-0.4580834978213169,273.00825000000003,50.85356054701055,0.029940119760473,267.28,4888657,1789618224,2026-09-17T04:10:24Z,NYSE:JNJ
18.049094315024654,-1.5503048822350252,-59.916001783625646,-0.4580834978213169,273.00825000000003,50.85356054701055,0.029940119760473,267.28,4888657,1789618406,2026-09-17T04:13:26Z,NYSE:JNJ
18.049094315024654,-1.5503048822350252,-59.916001783625646,-0.4580834978213169,273.00825000000003,50.85356054701055,0.029940119760473,267.28,4888657,1789618584,2026-09-17T04:16:24Z,NYSE:JNJ
18.049094315024654,-1.5503048822350252,-59.916001783625646,-0.4580834978213169,273.00825000000003,50.85356054701055,0.029940119760473,267.28,4888657,1789618767,2026-09-17T04:19:27Z,NYSE:JNJ
18.049094315024654,-1.5503048822350252,-59.916001783625646,-0.4580834978213169,273.00825000000003,50.85356054701055,0.029940119760473,267.28,4888657,1789618948,2026-09-17T04:22:28Z,NYSE:JNJ
18.049094315024654,-1.5503048822350252,-59.916001783625646,-0.4580834978213169,273.00825000000003,50.85356054701055,0.029940119760473,267.28,4888657,1789619127,2026-09-17T04:25:27Z,NYSE:JNJ
18.049094315024654,-1.5503048822350252,-59.916001783625646,-0.4580834978213169,273.00825000000003,50.85356054701055,0.029940119760473,267.28,4888657,1789619305,2026-09-17T04:28:25Z,NYSE:JNJ
18.049094315024654,-1.5503048822350252,-59.916001783625646,-0.4580834978213169,273.00825000000003,50.85356054701055,0.029940119760473,267.28,4888657,1789619485,2026-09-17T04:31:25Z,NYSE:JNJ
18.049094315024654,-1.5503048822350252,-59.916001783625646,-0.4580834978213169,273.00825000000003,50.85356054701055,0.029940119760473,267.28,4888657,1789619665,2026-09-17T04:34:25Z,NYSE:JNJ
18.049094315024654,-1.5503048822350252,-59.916001783625646,-0.4580834978213169,273.00825000000003,50.85356054701055,0.029940119760473,267.28,4888657,1789619846,2026-09-17T04:37:26Z,NYSE:JNJ
18.049094315024654,-1.5503048822350252,-59.916001783625646,-0.4580834978213169,273.00825000000003,50.85356054701055,0.029940119760473,267.28,4888657,1789620025,2026-09-17T04:40:25Z,NYSE:JNJ
18.049094315024654,-1.5503048822350252,-59.916001783625646,-0.4580834978213169,273.00825000000003,50.85356054701055,0.029940119760473,267.28,4888657,1789620211,2026-09-17T04:43:31Z,NYSE:JNJ
18.049094315024654,-1.5503048822350252,-59.916001783625646,-0.4580834978213169,273.00825000000003,50.85356054701055,0.029940119760473,267.28,4888657,1789620385,2026-09-17T04:46:25Z,NYSE:JNJ
18.049094315024654,-1.5503048822350252,-59.916001783625646,-0.4580834978213169,273.00825000000003,50.85356054701055,0.029940119760473,267.28,4888657,1789620567,2026-09-17T04:49:27Z,NYSE:JNJ
18.049094315024654,-1.5503048822350252,-59.916001783625646,-0.4580834978213169,273.00825000000003,50.85356054701055,0.029940119760473,267.28,4888657,1789620747,2026-09-17T04:52:27Z,NYSE:JNJ
18.049094315024654,-1.5503048822350252,-59.916001783625646,-0.4580834978213169,273.00825000000003,50.85356054701055,0.029940119760473,267.28,4888657,1789620926,2026-09-17T04:55:26Z,NYSE:JNJ
18.049094315024654,-1.5503048822350252,-59.916001783625646,-0.4580834978213169,273.00825000000003,50.85356054701055,0.029940119760473,267.28,4888657,1789621109,2026-09-17T04:58:29Z,NYSE:JNJ
18.049094315024654,-1.5503048822350252,-59.916001783625646,-0.4580834978213169,273.00825000000003,50.85356054701055,0.029940119760473,267.28,4888657,1789621285,2026-09-17T05:01:25Z,NYSE:JNJ
18.049094315024654,-1.5503048822350252,-59.916001783625646,-0.4580834978213169,273.00825000000003,50.85356054701055,0.029940119760473,267.28,4888657,1789621466,2026-09-17T05:04:26Z,NYSE:JNJ
18.049094315024654,-1.5503048822350252,-59.916001783625646,-0.4580834978213169,273.00825000000003,50.85356054701055,0.029940119760473,267.28,4888657,1789621647,2026-09-17T05:07:27Z,NYSE:JNJ
18.049094315024654,-1.5503048822350252,-59.916001783625646,-0.4580834978213169,273.00825000000003,50.85356054701055,0.029940119760473,267.28,4888657,1789621824,2026-09-17T05:10:24Z,NYSE:JNJ
18.049094315024654,-1.5503048822350252,-59.916001783625646,-0.4580834978213169,273.00825000000003,50.85356054701055,0.029940119760473,267.28,4888657,1789622004,2026-09-17T05:13:24Z,NYSE:JNJ
18.049094315024654,-1.5503048822350252,-59.916001783625646,-0.4580834978213169,273.00825000000003,50.85356054701055,0.029940119760473,267.28,4888657,1789622187,2026-09-17T05:16:27Z,NYSE:JNJ
18.049094315024654,-1.5503048822350252,-59.916001783625646,-0.4580834978213169,273.00825000000003,50.85356054701055,0.029940119760473,267.28,4888657,1789622365,2026-09-17T05:19:25Z,NYSE:JNJ
18.049094315024654,-1.5503048822350252,-59.916001783625646,-0.4580834978213169,273.00825000000003,50.85356054701055,0.029940119760473,267.28,4888657,1789622543,2026-09-17T05:22:23Z,NYSE:JNJ
18.049094315024654,-1.5503048822350252,-59.916001783625646,-0.4580834978213169,273.00825000000003,50.85356054701055,0.029940119760473,267.28,4888657,1789622731,2026-09-17T05:25:31Z,NYSE:JNJ
18.049094315024654,-1.5503048822350252,-59.916001783625646,-0.4580834978213169,273.00825000000003,50.85356054701055,0.029940119760473,267.28,4888657,1789622902,2026-09-17T05:28:22Z,NYSE:JNJ
18.049094315024654,-1.5503048822350252,-59.916001783625646,-0.4580834978213169,273.00825000000003,50.85356054701055,0.029940119760473,267.28,4888657,1789623087,2026-09-17T05:31:27Z,NYSE:JNJ
18.049094315024654,-1.5503048822350252,-59.916001783625646,-0.4580834978213169,273.00825000000003,50.85356054701055,0.029940119760473,267.28,4888657,1789623268,2026-09-17T05:34:28Z,NYSE:JNJ
18.049094315024654,-1.5503048822350252,-59.916001783625646,-0.4580834978213169,273.00825000000003,50.85356054701055,0.029940119760473,267.28,4888657,1789623447,2026-09-17T05:37:27Z,NYSE:JNJ
18.049094315024654,-1.5503048822350252,-59.916001783625646,-0.4580834978213169,273.00825000000003,50.85356054701055,0.029940119760473,267.28,4888657,1789623630,2026-09-17T05:40:30Z,NYSE:JNJ
18.049094315024654,-1.5503048822350252,-59.916001783625646,-0.4580834978213169,273.00825000000003,50.85356054701055,0.029940119760473,267.28,4888657,1789623807,2026-09-17T05:43:27Z,NYSE:JNJ
18.049094315024654,-1.5503048822350252,-59.916001783625646,-0.4580834978213169,273.00825000000003,50.85356054701055,0.029940119760473,267.28,4888657,1789623983,2026-09-17T05:46:23Z,NYSE:JNJ
18.049094315024654,-1.5503048822350252,-59.916001783625646,-0.4580834978213169,273.00825000000003,50.85356054701055,0.029940119760473,267.28,4888657,1789624166,2026-09-17T05:49:26Z,NYSE:JNJ
18.049094315024654,-1.5503048822350252,-59.916001783625646,-0.4580834978213169,273.00825000000003,50.85356054701055,0.029940119760473,267.28,4888657,1789624346,2026-09-17T05:52:26Z,NYSE:JNJ
18.049094315024654,-1.5503048822350252,-59.916001783625646,-0.4580834978213169,273.00825000000003,50.85356054701055,0.029940119760473,267.28,4888657,1789624529,2026-09-17T05:55:29Z,NYSE:JNJ
18.049094315024654,-1.5503048822350252,-59.916001783625646,-0.4580834978213169,273.00825000000003,50.85356054701055,0.029940119760473,267.28,4888657,1789624707,2026-09-17T05:58:27Z,NYSE:JNJ
18.049094315024654,-1.5503048822350252,-59.916001783625646,-0.4580834978213169,273.00825000000003,50.85356054701055,0.029940119760473,267.28,4888657,1789624892,2026-09-17T06:01:32Z,NYSE:JNJ
18.049094315024654,-1.5503048822350252,-59.916001783625646,-0.4580834978213169,273.00825000000003,50.85356054701055,0.029940119760473,267.28,4888657,1789625063,2026-09-17T06:04:23Z,NYSE:JNJ
18.049094315024654,-1.5503048822350252,-59.916001783625646,-0.4580834978213169,273.00825000000003,50.85356054701055,0.029940119760473,267.28,4888657,1789625246,2026-09-17T06:07:26Z,NYSE:JNJ
18.049094315024654,-1.5503048822350252,-59.916001783625646,-0.4580834978213169,273.00825000000003,50.85356054701055,0.029940119760473,267.28,4888657,1789625427,2026-09-17T06:10:27Z,NYSE:JNJ
18.049094315024654,-1.5503048822350252,-59.916001783625646,-0.4580834978213169,273.00825000000003,50.85356054701055,0.029940119760473,267.28,4888657,1789625606,2026-09-17T06:13:26Z,NYSE:JNJ
18.049094315024654,-1.5503048822350252,-59.916001783625646,-0.4580834978213169,273.00825000000003,50.85356054701055,0.029940119760473,267.28,4888657,1789625789,2026-09-17T06:16:29Z,NYSE:JNJ
18.049094315024654,-1.5503048822350252,-59.916001783625646,-0.4580834978213169,273.00825000000003,50.85356054701055,0.029940119760473,267.28,4888657,1789625964,2026-09-17T06:19:24Z,NYSE:JNJ
18.049094315024654,-1.5503048822350252,-59.916001783625646,-0.4580834978213169,273.00825000000003,50.85356054701055,0.029940119760473,267.28,4888657,1789626147,2026-09-17T06:22:27Z,NYSE:JNJ
18.049094315024654,-1.5503048822350252,-59.916001783625646,-0.4580834978213169,273.00825000000003,50.85356054701055,0.029940119760473,267.28,4888657,1789626325,2026-09-17T06:25:25Z,NYSE:JNJ
18.049094315024654,-1.5503048822350252,-59.916001783625646,-0.4580834978213169,273.00825000000003,50.85356054701055,0.029940119760473,267.28,4888657,1789626511,2026-09-17T06:28:31Z,NYSE:JNJ
18.049094315024654,-1.5503048822350252,-59.916001783625646,-0.4580834978213169,273.00825000000003,50.85356054701055,0.029940119760473,267.28,4888657,1789626688,2026-09-17T06:31:28Z,NYSE:JNJ
18.049094315024654,-1.5503048822350252,-59.916001783625646,-0.4580834978213169,273.00825000000003,50.85356054701055,0.029940119760473,267.28,4888657,1789626867,2026-09-17T06:34:27Z,NYSE:JNJ
18.049094315024654,-1.5503048822350252,-59.916001783625646,-0.4580834978213169,273.00825000000003,50.85356054701055,0.029940119760473,267.28,4888657,1789627050,2026-09-17T06:37:30Z,NYSE:JNJ
18.049094315024654,-1.5503048822350252,-59.916001783625646,-0.4580834978213169,273.00825000000003,50.85356054701055,0.029940119760473,267.28,4888657,1789627224,2026-09-17T06:40:24Z,NYSE:JNJ
18.049094315024654,-1.5503048822350252,-59.916001783625646,-0.4580834978213169,273.00825000000003,50.85356054701055,0.029940119760473,267.28,4888657,1789627406,2026-09-17T06:43:26Z,NYSE:JNJ
18.049094315024654,-1.5503048822350252,-59.916001783625646,-0.4580834978213169,273.00825000000003,50.85356054701055,0.029940119760473,267.28,4888657,1789627586,2026-09-17T06:46:26Z,NYSE:JNJ
18.049094315024654,-1.5503048822350252,-59.916001783625646,-0.4580834978213169,273.00825000000003,50.85356054701055,0.029940119760473,267.28,4888657,1789627764,2026-09-17T06:49:24Z,NYSE:JNJ
18.049094315024654,-1.5503048822350252,-59.916001783625646,-0.4580834978213169,273.00825000000003,50.85356054701055,0.029940119760473,267.28,4888657,1789627945,2026-09-17T06:52:25Z,NYSE:JNJ
18.049094315024654,-1.5503048822350252,-59.916001783625646,-0.4580834978213169,273.00825000000003,50.85356054701055,0.029940119760473,267.28,4888657,1789628126,2026-09-17T06:55:26Z,NYSE:JNJ
18.049094315024654,-1.5503048822350252,-59.916001783625646,-0.4580834978213169,273.00825000000003,50.85356054701055,0.029940119760473,267.28,4888657,1789628304,2026-09-17T06:58:24Z,NYSE:JNJ
18.049094315024654,-1.5503048822350252,-59.916001783625646,-0.4580834978213169,273.00825000000003,50.85356054701055,0.029940119760473,267.28,4888657,1789628491,2026-09-17T07:01:31Z,NYSE:JNJ
18.049094315024654,-1.5503048822350252,-59.916001783625646,-0.4580834978213169,273.00825000000003,50.85356054701055,0.029940119760473,267.28,4888657,1789628664,2026-09-17T07:04:24Z,NYSE:JNJ
18.049094315024654,-1.5503048822350252,-59.916001783625646,-0.4580834978213169,273.00825000000003,50.85356054701055,0.029940119760473,267.28,4888657,1789628848,2026-09-17T07:07:28Z,NYSE:JNJ
18.049094315024654,-1.5503048822350252,-59.916001783625646,-0.4580834978213169,273.00825000000003,50.85356054701055,0.029940119760473,267.28,4888657,1789629022,2026-09-17T07:10:22Z,NYSE:JNJ
18.049094315024654,-1.5503048822350252,-59.916001783625646,-0.4580834978213169,273.00825000000003,50.85356054701055,0.029940119760473,267.28,4888657,1789629209,2026-09-17T07:13:29Z,NYSE:JNJ
18.049094315024654,-1.5503048822350252,-59.916001783625646,-0.4580834978213169,273.00825000000003,50.85356054701055,0.029940119760473,267.28,4888657,1789629380,2026-09-17T07:16:20Z,NYSE:JNJ
18.049094315024654,-1.5503048822350252,-59.916001783625646,-0.4580834978213169,273.00825000000003,50.85356054701055,0.029940119760473,267.28,4888657,1789629571,2026-09-17T07:19:31Z,NYSE:JNJ
18.049094315024654,-1.5503048822350252,-59.916001783625646,-0.4580834978213169,273.00825000000003,50.85356054701055,0.029940119760473,267.28,4888657,1789629739,2026-09-17T07:22:19Z,NYSE:JNJ
18.049094315024654,-1.5503048822350252,-59.916001783625646,-0.4580834978213169,273.00825000000003,50.85356054701055,0.029940119760473,267.28,4888657,1789629928,2026-09-17T07:25:28Z,NYSE:JNJ
18.049094315024654,-1.5503048822350252,-59.916001783625646,-0.4580834978213169,273.00825000000003,50.85356054701055,0.029940119760473,267.28,4888657,1789630106,2026-09-17T07:28:26Z,NYSE:JNJ
18.049094315024654,-1.5503048822350252,-59.916001783625646,-0.4580834978213169,273.00825000000003,50.85356054701055,0.029940119760473,267.28,4888657,1789630282,2026-09-17T07:31:22Z,NYSE:JNJ
18.049094315024654,-1.5503048822350252,-59.916001783625646,-0.4580834978213169,273.00825000000003,50.85356054701055,0.029940119760473,267.28,4888657,1789630472,2026-09-17T07:34:32Z,NYSE:JNJ
18.049094315024654,-1.5503048822350252,-59.916001783625646,-0.4580834978213169,273.00825000000003,50.85356054701055,0.029940119760473,267.28,4888657,1789630646,2026-09-17T07:37:26Z,NYSE:JNJ
18.049094315024654,-1.5503048822350252,-59.916001783625646,-0.4580834978213169,273.00825000000003,50.85356054701055,0.029940119760473,267.28,4888657,1789630832,2026-09-17T07:40:32Z,NYSE:JNJ
18.049094315024654,-1.5503048822350252,-59.916001783625646,-0.4580834978213169,273.00825000000003,50.85356054701055,0.029940119760473,267.28,4888657,1789631003,2026-09-17T07:43:23Z,NYSE:JNJ
18.049094315024654,-1.5503048822350252,-59.916001783625646,-0.4580834978213169,273.00825000000003,50.85356054701055,0.029940119760473,267.28,4888657,1789631187,2026-09-17T07:46:27Z,NYSE:JNJ
18.049094315024654,-1.5503048822350252,-59.916001783625646,-0.4580834978213169,273.00825000000003,50.85356054701055,0.029940119760473,267.28,4888657,1789631367,2026-09-17T07:49:27Z,NYSE:JNJ
18.049094315024654,-1.5503048822350252,-59.916001783625646,-0.4580834978213169,273.00825000000003,50.85356054701055,0.029940119760473,267.28,4888657,1789631543,2026-09-17T07:52:23Z,NYSE:JNJ
18.049094315024654,-1.5503048822350252,-59.916001783625646,-0.4580834978213169,273.00825000000003,50.85356054701055,0.029940119760473,267.28,4888657,1789631724,2026-09-17T07:55:24Z,NYSE:JNJ
18.049094315024654,-1.5503048822350252,-59.916001783625646,-0.4580834978213169,273.00825000000003,50.85356054701055,0.029940119760473,267.28,4888657,1789631908,2026-09-17T07:58:28Z,NYSE:JNJ
18.049094315024654,-1.5503048822350252,-59.916001783625646,-0.4580834978213169,273.00825000000003,50.85356054701055,0.029940119760473,267.28,4888657,1789632103,2026-09-17T08:01:43Z,NYSE:JNJ
18.049094315024654,-1.5503048822350252,-59.916001783625646,-0.4580834978213169,273.00825000000003,50.85356054701055,0.029940119760473,267.28,4888657,1789632260,2026-09-17T08:04:20Z,NYSE:JNJ
18.049094315024654,-1.5503048822350252,-59.916001783625646,-0.4580834978213169,273.00825000000003,50.85356054701055,0.029940119760473,267.28,4888657,1789632448,2026-09-17T08:07:28Z,NYSE:JNJ
18.049094315024654,-1.5503048822350252,-59.916001783625646,-0.4580834978213169,273.00825000000003,50.85356054701055,0.029940119760473,267.28,4888657,1789632628,2026-09-17T08:10:28Z,NYSE:JNJ
18.049094315024654,-1.5503048822350252,-59.916001783625646,-0.4580834978213169,273.00825000000003,50.85356054701055,0.029940119760473,267.28,4888657,1789632805,2026-09-17T08:13:25Z,NYSE:JNJ
18.049094315024654,-1.5503048822350252,-59.916001783625646,-0.4580834978213169,273.00825000000003,50.85356054701055,0.029940119760473,267.28,4888657,1789632985,2026-09-17T08:16:25Z,NYSE:JNJ
18.049094315024654,-1.5503048822350252,-59.916001783625646,-0.4580834978213169,273.00825000000003,50.85356054701055,0.029940119760473,267.28,4888657,1789633168,2026-09-17T08:19:28Z,NYSE:JNJ
18.049094315024654,-1.5503048822350252,-59.916001783625646,-0.4580834978213169,273.00825000000003,50.85356054701055,0.029940119760473,267.28,4888657,1789633346,2026-09-17T08:22:26Z,NYSE:JNJ
18.049094315024654,-1.5503048822350252,-59.916001783625646,-0.4580834978213169,273.00825000000003,50.85356054701055,0.029940119760473,267.28,4888657,1789633527,2026-09-17T08:25:27Z,NYSE:JNJ
18.049094315024654,-1.5503048822350252,-59.916001783625646,-0.4580834978213169,273.00825000000003,50.85356054701055,0.029940119760473,267.28,4888657,1789633707,2026-09-17T08:28:27Z,NYSE:JNJ
18.049094315024654,-1.5503048822350252,-59.916001783625646,-0.4580834978213169,273.00825000000003,50.85356054701055,0.029940119760473,267.28,4888657,1789633887,2026-09-17T08:31:27Z,NYSE:JNJ
18.049094315024654,-1.5503048822350252,-59.916001783625646,-0.4580834978213169,273.00825000000003,50.85356054701055,0.029940119760473,267.28,4888657,1789634067,2026-09-17T08:34:27Z,NYSE:JNJ
18.049094315024654,-1.5503048822350252,-59.916001783625646,-0.4580834978213169,273.00825000000003,50.85356054701055,0.029940119760473,267.28,4888657,1789634250,2026-09-17T08:37:30Z,NYSE:JNJ
18.049094315024654,-1.5503048822350252,-59.916001783625646,-0.4580834978213169,273.00825000000003,50.85356054701055,0.029940119760473,267.28,4888657,1789634422,2026-09-17T08:40:22Z,NYSE:JNJ
18.049094315024654,-1.5503048822350252,-59.916001783625646,-0.4580834978213169,273.00825000000003,50.85356054701055,0.029940119760473,267.28,4888657,1789634606,2026-09-17T08:43:26Z,NYSE:JNJ
18.049094315024654,-1.5503048822350252,-59.916001783625646,-0.4580834978213169,273.00825000000003,50.85356054701055,0.029940119760473,267.28,4888657,1789634785,2026-09-17T08:46:25Z,NYSE:JNJ
18.049094315024654,-1.5503048822350252,-59.916001783625646,-0.4580834978213169,273.00825000000003,50.85356054701055,0.029940119760473,267.28,4888657,1789634968,2026-09-17T08:49:28Z,NYSE:JNJ
18.049094315024654,-1.5503048822350252,-59.916001783625646,-0.4580834978213169,273.00825000000003,50.85356054701055,0.029940119760473,267.28,4888657,1789635144,2026-09-17T08:52:24Z,NYSE:JNJ
18.049094315024654,-1.5503048822350252,-59.916001783625646,-0.4580834978213169,273.00825000000003,50.85356054701055,0.029940119760473,267.28,4888657,1789635324,2026-09-17T08:55:24Z,NYSE:JNJ
18.049094315024654,-1.5503048822350252,-59.916001783625646,-0.4580834978213169,273.00825000000003,50.85356054701055,0.029940119760473,267.28,4888657,1789635506,2026-09-17T08:58:26Z,NYSE:JNJ
18.049094315024654,-1.5503048822350252,-59.916001783625646,-0.4580834978213169,273.00825000000003,50.85356054701055,0.029940119760473,267.28,4888657,1789635689,2026-09-17T09:01:29Z,NYSE:JNJ
18.049094315024654,-1.5503048822350252,-59.916001783625646,-0.4580834978213169,273.00825000000003,50.85356054701055,0.029940119760473,267.28,4888657,1789635868,2026-09-17T09:04:28Z,NYSE:JNJ
18.049094315024654,-1.5503048822350252,-59.916001783625646,-0.4580834978213169,273.00825000000003,50.85356054701055,0.029940119760473,267.28,4888657,1789636048,2026-09-17T09:07:28Z,NYSE:JNJ
18.049094315024654,-1.5503048822350252,-59.916001783625646,-0.4580834978213169,273.00825000000003,50.85356054701055,0.029940119760473,267.28,4888657,1789636228,2026-09-17T09:10:28Z,NYSE:JNJ
18.049094315024654,-1.5503048822350252,-59.916001783625646,-0.4580834978213169,273.00825000000003,50.85356054701055,0.029940119760473,267.28,4888657,1789636405,2026-09-17T09:13:25Z,NYSE:JNJ
18.049094315024654,-1.5503048822350252,-59.916001783625646,-0.4580834978213169,273.00825000000003,50.85356054701055,0.029940119760473,267.28,4888657,1789636589,2026-09-17T09:16:29Z,NYSE:JNJ
18.049094315024654,-1.5503048822350252,-59.916001783625646,-0.4580834978213169,273.00825000000003,50.85356054701055,0.029940119760473,267.28,4888657,1789636766,2026-09-17T09:19:26Z,NYSE:JNJ
18.049094315024654,-1.5503048822350252,-59.916001783625646,-0.4580834978213169,273.00825000000003,50.85356054701055,0.029940119760473,267.28,4888657,1789636946,2026-09-17T09:22:26Z,NYSE:JNJ
18.049094315024654,-1.5503048822350252,-59.916001783625646,-0.4580834978213169,273.00825000000003,50.85356054701055,0.029940119760473,267.28,4888657,1789637126,2026-09-17T09:25:26Z,NYSE:JNJ
18.049094315024654,-1.5503048822350252,-59.916001783625646,-0.4580834978213169,273.00825000000003,50.85356054701055,0.029940119760473,267.28,4888657,1789637310,2026-09-17T09:28:30Z,NYSE:JNJ
18.049094315024654,-1.5503048822350252,-59.916001783625646,-0.4580834978213169,273.00825000000003,50.85356054701055,0.029940119760473,267.28,4888657,1789637485,2026-09-17T09:31:25Z,NYSE:JNJ
18.049094315024654,-1.5503048822350252,-59.916001783625646,-0.4580834978213169,273.00825000000003,50.85356054701055,0.029940119760473,267.28,4888657,1789637668,2026-09-17T09:34:28Z,NYSE:JNJ
18.049094315024654,-1.5503048822350252,-59.916001783625646,-0.4580834978213169,273.00825000000003,50.85356054701055,0.029940119760473,267.28,4888657,1789637848,2026-09-17T09:37:28Z,NYSE:JNJ
18.049094315024654,-1.5503048822350252,-59.916001783625646,-0.4580834978213169,273.00825000000003,50.85356054701055,0.029940119760473,267.28,4888657,1789638026,2026-09-17T09:40:26Z,NYSE:JNJ
18.049094315024654,-1.5503048822350252,-59.916001783625646,-0.4580834978213169,273.00825000000003,50.85356054701055,0.029940119760473,267.28,4888657,1789638204,2026-09-17T09:43:24Z,NYSE:JNJ
18.049094315024654,-1.5503048822350252,-59.916001783625646,-0.4580834978213169,273.00825000000003,50.85356054701055,0.029940119760473,267.28,4888657,1789638386,2026-09-17T09:46:26Z,NYSE:JNJ
18.049094315024654,-1.5503048822350252,-59.916001783625646,-0.4580834978213169,273.00825000000003,50.85356054701055,0.029940119760473,267.28,4888657,1789638570,2026-09-17T09:49:30Z,NYSE:JNJ
18.049094315024654,-1.5503048822350252,-59.916001783625646,-0.4580834978213169,273.00825000000003,50.85356054701055,0.029940119760473,267.28,4888657,1789638748,2026-09-17T09:52:28Z,NYSE:JNJ
18.049094315024654,-1.5503048822350252,-59.916001783625646,-0.4580834978213169,273.00825000000003,50.85356054701055,0.029940119760473,267.28,4888657,1789638927,2026-09-17T09:55:27Z,NYSE:JNJ
18.049094315024654,-1.5503048822350252,-59.916001783625646,-0.4580834978213169,273.00825000000003,50.85356054701055,0.029940119760473,267.28,4888657,1789639104,2026-09-17T09:58:24Z,NYSE:JNJ
18.049094315024654,-1.5503048822350252,-59.916001783625646,-0.4580834978213169,273.00825000000003,50.85356054701055,0.029940119760473,267.28,4888657,1789639287,2026-09-17T10:01:27Z,NYSE:JNJ
18.049094315024654,-1.5503048822350252,-59.916001783625646,-0.4580834978213169,273.00825000000003,50.85356054701055,0.029940119760473,267.28,4888657,1789639464,2026-09-17T10:04:24Z,NYSE:JNJ
18.049094315024654,-1.5503048822350252,-59.916001783625646,-0.4580834978213169,273.00825000000003,50.85356054701055,0.029940119760473,267.28,4888657,1789639646,2026-09-17T10:07:26Z,NYSE:JNJ
18.049094315024654,-1.5503048822350252,-59.916001783625646,-0.4580834978213169,273.00825000000003,50.85356054701055,0.029940119760473,267.28,4888657,1789639825,2026-09-17T10:10:25Z,NYSE:JNJ
18.049094315024654,-1.5503048822350252,-59.916001783625646,-0.4580834978213169,273.00825000000003,50.85356054701055,0.029940119760473,267.28,4888657,1789640006,2026-09-17T10:13:26Z,NYSE:JNJ
18.049094315024654,-1.5503048822350252,-59.916001783625646,-0.4580834978213169,273.00825000000003,50.85356054701055,0.029940119760473,267.28,4888657,1789640184,2026-09-17T10:16:24Z,NYSE:JNJ
18.049094315024654,-1.5503048822350252,-59.916001783625646,-0.4580834978213169,273.00825000000003,50.85356054701055,0.029940119760473,267.28,4888657,1789640368,2026-09-17T10:19:28Z,NYSE:JNJ
18.049094315024654,-1.5503048822350252,-59.916001783625646,-0.4580834978213169,273.00825000000003,50.85356054701055,0.029940119760473,267.28,4888657,1789640545,2026-09-17T10:22:25Z,NYSE:JNJ
18.049094315024654,-1.5503048822350252,-59.916001783625646,-0.4580834978213169,273.00825000000003,50.85356054701055,0.029940119760473,267.28,4888657,1789640728,2026-09-17T10:25:28Z,NYSE:JNJ
18.049094315024654,-1.5503048822350252,-59.916001783625646,-0.4580834978213169,273.00825000000003,50.85356054701055,0.029940119760473,267.28,4888657,1789640906,2026-09-17T10:28:26Z,NYSE:JNJ
18.049094315024654,-1.5503048822350252,-59.916001783625646,-0.4580834978213169,273.00825000000003,50.85356054701055,0.029940119760473,267.28,4888657,1789641090,2026-09-17T10:31:30Z,NYSE:JNJ
18.049094315024654,-1.5503048822350252,-59.916001783625646,-0.4580834978213169,273.00825000000003,50.85356054701055,0.029940119760473,267.28,4888657,1789641263,2026-09-17T10:34:23Z,NYSE:JNJ
18.049094315024654,-1.5503048822350252,-59.916001783625646,-0.4580834978213169,273.00825000000003,50.85356054701055,0.029940119760473,267.28,4888657,1789641450,2026-09-17T10:37:30Z,NYSE:JNJ
18.049094315024654,-1.5503048822350252,-59.916001783625646,-0.4580834978213169,273.00825000000003,50.85356054701055,0.029940119760473,267.28,4888657,1789641630,2026-09-17T10:40:30Z,NYSE:JNJ
18.049094315024654,-1.5503048822350252,-59.916001783625646,-0.4580834978213169,273.00825000000003,50.85356054701055,0.029940119760473,267.28,4888657,1789641802,2026-09-17T10:43:22Z,NYSE:JNJ
18.049094315024654,-1.5503048822350252,-59.916001783625646,-0.4580834978213169,273.00825000000003,50.85356054701055,0.029940119760473,267.28,4888657,1789641989,2026-09-17T10:46:29Z,NYSE:JNJ
18.049094315024654,-1.5503048822350252,-59.916001783625646,-0.4580834978213169,273.00825000000003,50.85356054701055,0.029940119760473,267.28,4888657,1789642163,2026-09-17T10:49:23Z,NYSE:JNJ
18.049094315024654,-1.5503048822350252,-59.916001783625646,-0.4580834978213169,273.00825000000003,50.85356054701055,0.029940119760473,267.28,4888657,1789642346,2026-09-17T10:52:26Z,NYSE:JNJ
18.049094315024654,-1.5503048822350252,-59.916001783625646,-0.4580834978213169,273.00825000000003,50.85356054701055,0.029940119760473,267.28,4888657,1789642527,2026-09-17T10:55:27Z,NYSE:JNJ
18.049094315024654,-1.5503048822350252,-59.916001783625646,-0.4580834978213169,273.00825000000003,50.85356054701055,0.029940119760473,267.28,4888657,1789642710,2026-09-17T10:58:30Z,NYSE:JNJ
18.049094315024654,-1.5503048822350252,-59.916001783625646,-0.4580834978213169,273.00825000000003,50.85356054701055,0.029940119760473,267.28,4888657,1789642888,2026-09-17T11:01:28Z,NYSE:JNJ
18.049094315024654,-1.5503048822350252,-59.916001783625646,-0.4580834978213169,273.00825000000003,50.85356054701055,0.029940119760473,267.28,4888657,1789643064,2026-09-17T11:04:24Z,NYSE:JNJ
18.049094315024654,-1.5503048822350252,-59.916001783625646,-0.4580834978213169,273.00825000000003,50.85356054701055,0.029940119760473,267.28,4888657,1789643245,2026-09-17T11:07:25Z,NYSE:JNJ
18.049094315024654,-1.5503048822350252,-59.916001783625646,-0.4580834978213169,273.00825000000003,50.85356054701055,0.029940119760473,267.28,4888657,1789643431,2026-09-17T11:10:31Z,NYSE:JNJ
18.049094315024654,-1.5503048822350252,-59.916001783625646,-0.4580834978213169,273.00825000000003,50.85356054701055,0.029940119760473,267.28,4888657,1789643603,2026-09-17T11:13:23Z,NYSE:JNJ
18.049094315024654,-1.5503048822350252,-59.916001783625646,-0.4580834978213169,273.00825000000003,50.85356054701055,0.029940119760473,267.28,4888657,1789643788,2026-09-17T11:16:28Z,NYSE:JNJ
18.049094315024654,-1.5503048822350252,-59.916001783625646,-0.4580834978213169,273.00825000000003,50.85356054701055,0.029940119760473,267.28,4888657,1789643968,2026-09-17T11:19:28Z,NYSE:JNJ
18.049094315024654,-1.5503048822350252,-59.916001783625646,-0.4580834978213169,273.00825000000003,50.85356054701055,0.029940119760473,267.28,4888657,1789644146,2026-09-17T11:22:26Z,NYSE:JNJ
18.049094315024654,-1.5503048822350252,-59.916001783625646,-0.4580834978213169,273.00825000000003,50.85356054701055,0.029940119760473,267.28,4888657,1789644324,2026-09-17T11:25:24Z,NYSE:JNJ
18.049094315024654,-1.5503048822350252,-59.916001783625646,-0.4580834978213169,273.00825000000003,50.85356054701055,0.029940119760473,267.28,4888657,1789644508,2026-09-17T11:28:28Z,NYSE:JNJ
18.049094315024654,-1.5503048822350252,-59.916001783625646,-0.4580834978213169,273.00825000000003,50.85356054701055,0.029940119760473,267.28,4888657,1789644685,2026-09-17T11:31:25Z,NYSE:JNJ
18.049094315024654,-1.5503048822350252,-59.916001783625646,-0.4580834978213169,273.00825000000003,50.85356054701055,0.029940119760473,267.28,4888657,1789644866,2026-09-17T11:34:26Z,NYSE:JNJ
18.049094315024654,-1.5503048822350252,-59.916001783625646,-0.4580834978213169,273.00825000000003,50.85356054701055,0.029940119760473,267.28,4888657,1789645046,2026-09-17T11:37:26Z,NYSE:JNJ
18.049094315024654,-1.5503048822350252,-59.916001783625646,-0.4580834978213169,273.00825000000003,50.85356054701055,0.029940119760473,267.28,4888657,1789645228,2026-09-17T11:40:28Z,NYSE:JNJ
18.049094315024654,-1.5503048822350252,-59.916001783625646,-0.4580834978213169,273.00825000000003,50.85356054701055,0.029940119760473,267.28,4888657,1789645406,2026-09-17T11:43:26Z,NYSE:JNJ
18.049094315024654,-1.5503048822350252,-59.916001783625646,-0.4580834978213169,273.00825000000003,50.85356054701055,0.029940119760473,267.28,4888657,1789645585,2026-09-17T11:46:25Z,NYSE:JNJ
18.049094315024654,-1.5503048822350252,-59.916001783625646,-0.4580834978213169,273.00825000000003,50.85356054701055,0.029940119760473,267.28,4888657,1789645769,2026-09-17T11:49:29Z,NYSE:JNJ
18.049094315024654,-1.5503048822350252,-59.916001783625646,-0.4580834978213169,273.00825000000003,50.85356054701055,0.029940119760473,267.28,4888657,1789645944,2026-09-17T11:52:24Z,NYSE:JNJ
18.049094315024654,-1.5503048822350252,-59.916001783625646,-0.4580834978213169,273.00825000000003,50.85356054701055,0.029940119760473,267.28,4888657,1789646126,2026-09-17T11:55:26Z,NYSE:JNJ
18.049094315024654,-1.5503048822350252,-59.916001783625646,-0.4580834978213169,273.00825000000003,50.85356054701055,0.029940119760473,267.28,4888657,1789646307,2026-09-17T11:58:27Z,NYSE:JNJ
18.049094315024654,-1.5503048822350252,-59.916001783625646,-0.4580834978213169,273.00825000000003,50.85356054701055,0.029940119760473,267.28,4888657,1789646489,2026-09-17T12:01:29Z,NYSE:JNJ
18.049094315024654,-1.5503048822350252,-59.916001783625646,-0.4580834978213169,273.00825000000003,50.85356054701055,0.029940119760473,267.28,4888657,1789646662,2026-09-17T12:04:22Z,NYSE:JNJ
18.049094315024654,-1.5503048822350252,-59.916001783625646,-0.4580834978213169,273.00825000000003,50.85356054701055,0.029940119760473,267.28,4888657,1789646850,2026-09-17T12:07:30Z,NYSE:JNJ
18.049094315024654,-1.5503048822350252,-59.916001783625646,-0.4580834978213169,273.00825000000003,50.85356054701055,0.029940119760473,267.28,4888657,1789647026,2026-09-17T12:10:26Z,NYSE:JNJ
18.049094315024654,-1.5503048822350252,-59.916001783625646,-0.4580834978213169,273.00825000000003,50.85356054701055,0.029940119760473,267.28,4888657,1789647208,2026-09-17T12:13:28Z,NYSE:JNJ
18.049094315024654,-1.5503048822350252,-59.916001783625646,-0.4580834978213169,273.00825000000003,50.85356054701055,0.029940119760473,267.28,4888657,1789647393,2026-09-17T12:16:33Z,NYSE:JNJ
18.049094315024654,-1.5503048822350252,-59.916001783625646,-0.4580834978213169,273.00825000000003,50.85356054701055,0.029940119760473,267.28,4888657,1789647569,2026-09-17T12:19:29Z,NYSE:JNJ
18.049094315024654,-1.5503048822350252,-59.916001783625646,-0.4580834978213169,273.00825000000003,50.85356054701055,0.029940119760473,267.28,4888657,1789647746,2026-09-17T12:22:26Z,NYSE:JNJ
18.049094315024654,-1.5503048822350252,-59.916001783625646,-0.4580834978213169,273.00825000000003,50.85356054701055,0.029940119760473,267.28,4888657,1789647926,2026-09-17T12:25:26Z,NYSE:JNJ
18.049094315024654,-1.5503048822350252,-59.916001783625646,-0.4580834978213169,273.00825000000003,50.85356054701055,0.029940119760473,267.28,4888657,1789648104,2026-09-17T12:28:24Z,NYSE:JNJ
18.049094315024654,-1.5503048822350252,-59.916001783625646,-0.4580834978213169,273.00825000000003,50.85356054701055,0.029940119760473,267.28,4888657,1789648283,2026-09-17T12:31:23Z,NYSE:JNJ
18.049094315024654,-1.5503048822350252,-59.916001783625646,-0.4580834978213169,273.00825000000003,50.85356054701055,0.029940119760473,267.28,4888657,1789648468,2026-09-17T12:34:28Z,NYSE:JNJ
18.049094315024654,-1.5503048822350252,-59.916001783625646,-0.4580834978213169,273.00825000000003,50.85356054701055,0.029940119760473,267.28,4888657,1789648643,2026-09-17T12:37:23Z,NYSE:JNJ
18.049094315024654,-1.5503048822350252,-59.916001783625646,-0.4580834978213169,273.00825000000003,50.85356054701055,0.029940119760473,267.28,4888657,1789648829,2026-09-17T12:40:29Z,NYSE:JNJ
18.049094315024654,-1.5503048822350252,-59.916001783625646,-0.4580834978213169,273.00825000000003,50.85356054701055,0.029940119760473,267.28,4888657,1789649004,2026-09-17T12:43:24Z,NYSE:JNJ
18.049094315024654,-1.5503048822350252,-59.916001783625646,-0.4580834978213169,273.00825000000003,50.85356054701055,0.029940119760473,267.28,4888657,1789649185,2026-09-17T12:46:25Z,NYSE:JNJ
18.049094315024654,-1.5503048822350252,-59.916001783625646,-0.4580834978213169,273.00825000000003,50.85356054701055,0.029940119760473,267.28,4888657,1789649364,2026-09-17T12:49:24Z,NYSE:JNJ
18.049094315024654,-1.5503048822350252,-59.916001783625646,-0.4580834978213169,273.00825000000003,50.85356054701055,0.029940119760473,267.28,4888657,1789649550,2026-09-17T12:52:30Z,NYSE:JNJ
18.049094315024654,-1.5503048822350252,-59.916001783625646,-0.4580834978213169,273.00825000000003,50.85356054701055,0.029940119760473,267.28,4888657,1789649727,2026-09-17T12:55:27Z,NYSE:JNJ
18.049094315024654,-1.5503048822350252,-59.916001783625646,-0.4580834978213169,273.00825000000003,50.85356054701055,0.029940119760473,267.28,4888657,1789649902,2026-09-17T12:58:22Z,NYSE:JNJ
18.049094315024654,-1.5503048822350252,-59.916001783625646,-0.4580834978213169,273.00825000000003,50.85356054701055,0.029940119760473,267.28,4888657,1789650083,2026-09-17T13:01:23Z,NYSE:JNJ
18.049094315024654,-1.5503048822350252,-59.916001783625646,-0.4580834978213169,273.00825000000003,50.85356054701055,0.029940119760473,267.28,4888657,1789650269,2026-09-17T13:04:29Z,NYSE:JNJ
18.049094315024654,-1.5503048822350252,-59.916001783625646,-0.4580834978213169,273.00825000000003,50.85356054701055,0.029940119760473,267.28,4888657,1789650448,2026-09-17T13:07:28Z,NYSE:JNJ
18.049094315024654,-1.5503048822350252,-59.916001783625646,-0.4580834978213169,273.00825000000003,50.85356054701055,0.029940119760473,267.28,4888657,1789650625,2026-09-17T13:10:25Z,NYSE:JNJ
18.049094315024654,-1.5503048822350252,-59.916001783625646,-0.4580834978213169,273.00825000000003,50.85356054701055,0.029940119760473,267.28,4888657,1789650808,2026-09-17T13:13:28Z,NYSE:JNJ
18.049094315024654,-1.5503048822350252,-59.916001783625646,-0.4580834978213169,273.00825000000003,50.85356054701055,0.029940119760473,267.28,4888657,1789650985,2026-09-17T13:16:25Z,NYSE:JNJ
18.049094315024654,-1.5503048822350252,-59.916001783625646,-0.4580834978213169,273.00825000000003,50.85356054701055,0.029940119760473,267.28,4888657,1789651170,2026-09-17T13:19:30Z,NYSE:JNJ
18.049094315024654,-1.5503048822350252,-59.916001783625646,-0.4580834978213169,273.00825000000003,50.85356054701055,0.029940119760473,267.28,4888657,1789651343,2026-09-17T13:22:23Z,NYSE:JNJ
18.049094315024654,-1.5503048822350252,-59.916001783625646,-0.4580834978213169,273.00825000000003,50.85356054701055,0.029940119760473,267.28,4888657,1789651523,2026-09-17T13:25:23Z,NYSE:JNJ
18.049094315024654,-1.5503048822350252,-59.916001783625646,-0.4580834978213169,273.00825000000003,50.85356054701055,0.029940119760473,267.28,4888657,1789651708,2026-09-17T13:28:28Z,NYSE:JNJ
18.049094315024654,-1.5503048822350252,-59.916001783625646,-0.4580834978213169,273.00825000000003,50.85356054701055,0.029940119760473,267.28,4888657,1789651889,2026-09-17T13:31:29Z,NYSE:JNJ
18.049094315024654,-1.5503048822350252,-59.916001783625646,-0.4580834978213169,273.00825000000003,50.85356054701055,0.029940119760473,267.28,4888657,1789652067,2026-09-17T13:34:27Z,NYSE:JNJ
18.049094315024654,-1.5503048822350252,-59.916001783625646,-0.4580834978213169,273.00825000000003,50.85356054701055,0.029940119760473,267.28,4888657,1789652244,2026-09-17T13:37:24Z,NYSE:JNJ
18.049094315024654,-1.5503048822350252,-59.916001783625646,-0.4580834978213169,273.00825000000003,50.85356054701055,0.029940119760473,267.28,4888657,1789652427,2026-09-17T13:40:27Z,NYSE:JNJ
18.049094315024654,-1.5503048822350252,-59.916001783625646,-0.4580834978213169,273.00825000000003,50.85356054701055,0.029940119760473,267.28,4888657,1789652605,2026-09-17T13:43:25Z,NYSE:JNJ
16.89194407203221,-0.4852613276299848,-47.562083236625305,-1.030679841604666,273.00825000000003,51.076906679042814,0.0542502244837019,267.425,122987,1789652782,2026-09-17T13:46:22Z,NYSE:JNJ
16.89194407203221,-0.9959756133442852,-44.75993129352008,-0.777173309648039,273.00825000000003,52.10515432394672,0.3105357677342266,268.11,150791,1789652969,2026-09-17T13:49:29Z,NYSE:JNJ
16.89194407203221,-0.8831184704872044,-39.54508243057944,-0.6124865845083353,273.00825000000003,52.75029196711275,0.4770278359772651,268.555,169062,1789653143,2026-09-17T13:52:23Z,NYSE:JNJ
16.911036863999236,-0.6288327562014047,-41.185662218244445,-0.7475667073757382,273.00825000000003,52.2224298228438,0.3404669260700483,268.19,190370,1789653333,2026-09-17T13:55:33Z,NYSE:JNJ
16.911036863999236,-0.6188327562014138,-41.45240338518067,-0.7605195958698816,273.00825000000003,52.17119253644535,0.3273720442981144,268.155,206147,1789653508,2026-09-17T13:58:28Z,NYSE:JNJ
16.91737803949647,-0.7545470419157709,-36.79023556764461,-0.5458717293956427,273.00825000000003,53.00633643833279,0.5443729422328797,268.735,235210,1789653693,2026-09-17T14:01:33Z,NYSE:JNJ
17.066189053326458,-0.1816898990585969,-27.26440134057497,-0.3552792272676731,273.00825000000003,53.72381437690249,0.7370547740197648,269.25,267732,1789653872,2026-09-17T14:04:32Z,NYSE:JNJ
17.114393697129103,-0.0245470419157527,-23.14031037658209,-0.2479552940305537,273.00825000000003,54.11827148642669,0.8455552229871476,269.54,292675,1789654043,2026-09-17T14:07:23Z,NYSE:JNJ
17.120371522342055,0.0540243866556693,-24.23181596680255,-0.3108693238592114,273.00825000000003,53.88785770236471,0.781951511523508,269.37,316288,1789654225,2026-09-17T14:10:25Z,NYSE:JNJ
17.120371522342055,-0.005975613344276,-22.593984269717904,-0.2331519928944138,273.00825000000003,54.17215224341636,0.8605208021550478,269.58,344779,1789654408,2026-09-17T14:13:28Z,NYSE:JNJ
17.146154235180397,0.1940243866556557,-23.491318091712422,-0.3238222123533548,273.00825000000003,53.84013199579224,0.768856629751574,269.335,414663,1789654587,2026-09-17T14:16:27Z,NYSE:JNJ
17.146154235180397,0.166881529512807,-22.75011648097171,-0.2886643721549805,273.00825000000003,53.96944400185264,0.8043998802753796,269.43,450617,1789654768,2026-09-17T14:19:28Z,NYSE:JNJ
17.146154235180397,0.2997386723700401,-26.37140461104535,-0.4607527478627751,273.00825000000003,53.32949384565878,0.6304250224483696,268.965,473428,1789654943,2026-09-17T14:22:23Z,NYSE:JNJ
17.146154235180397,0.484024386655733,-31.36674719147161,-0.6994559786832414,273.00825000000003,52.41178244106899,0.3891050583657664,268.32,503248,1789655127,2026-09-17T14:25:27Z,NYSE:JNJ
17.146154235180397,0.5440243866556784,-32.98622800476683,-0.777173309648039,273.00825000000003,52.10515432394672,0.3105357677342266,268.11,533883,1789655307,2026-09-17T14:28:27Z,NYSE:JNJ
17.146154235180397,0.481167243798609,-31.289544660242345,-0.6957551533992063,273.00825000000003,52.42628587903418,0.3928464531577415,268.33,566219,1789655487,2026-09-17T14:31:27Z,NYSE:JNJ
17.146154235180397,0.5097386723699628,-32.06122450501036,-0.7327634062395771,273.00825000000003,52.28085246472888,0.3554325052379697,268.23,594589,1789655667,2026-09-17T14:34:27Z,NYSE:JNJ
17.146154235180397,0.4583101009413894,-30.67164778880906,-0.6661485511268845,273.00825000000003,52.5419959020096,0.4227776114935844,268.41,618042,1789655847,2026-09-17T14:37:27Z,NYSE:JNJ
17.146154235180397,0.2868815295128115,-26.021692043259097,-0.4440990340845966,273.00825000000003,53.39220114290252,0.6472612990122787,269.01,641454,1789656025,2026-09-17T14:40:25Z,NYSE:JNJ
17.146154235180397,0.322595815227146,-26.992728184819352,-0.490359350135076,273.00825000000003,53.21759657527281,0.600493864112548,268.885,654359,1789656205,2026-09-17T14:43:25Z,NYSE:JNJ
17.146154235180397,0.309738672370031,-26.64329470631119,-0.4737056363568975,273.00825000000003,53.28060472421679,0.617330140676457,268.93,677036,1789656387,2026-09-17T14:46:27Z,NYSE:JNJ
17.146154235180397,0.3440243866557466,-27.57476883241574,-0.5181155397653593,273.00825000000003,53.11220447181292,0.572433403172714,268.81,693955,1789656570,2026-09-17T14:49:30Z,NYSE:JNJ
17.146154235180397,0.3397386723700037,-27.458395532973544,-0.5125643018393068,273.00825000000003,53.13332086402336,0.5780454953606765,268.825,707542,1789656743,2026-09-17T14:52:23Z,NYSE:JNJ
17.146154235180397,0.1961386723700116,-23.54902423954828,-0.3265608230635289,273.00825000000003,53.83002876330278,0.7660879976055244,269.3276,737250,1789656930,2026-09-17T14:55:30Z,NYSE:JNJ
17.146154235180397,0.1883101009414076,-23.33533416315922,-0.3164205617852638,273.00825000000003,53.86741591788341,0.7763394193355454,269.355,778828,1789657107,2026-09-17T14:58:27Z,NYSE:JNJ
17.146154235180397,0.2740243866556966,-25.67182234079574,-0.4274453203064182,273.00825000000003,53.45474015704149,0.6640975755761876,269.055,812003,1789657282,2026-09-17T15:01:22Z,NYSE:JNJ
17.146154235180397,0.3397386723700037,-27.458395532973544,-0.5125643018393068,273.00825000000003,53.13332086402336,0.5780454953606765,268.825,828541,1789657468,2026-09-17T15:04:28Z,NYSE:JNJ
17.146154235180397,0.3211672437985271,-26.953909989926032,-0.4885089374930584,273.00825000000003,53.22460587214386,0.6023645615085356,268.89,852629,1789657649,2026-09-17T15:07:29Z,NYSE:JNJ
17.146154235180397,0.312595815227155,-26.720960149988468,-0.4774064616409325,273.00825000000003,53.26661758515839,0.613588745884482,268.92,870777,1789657822,2026-09-17T15:10:22Z,NYSE:JNJ
17.146154235180397,0.4383101009414076,-30.130584298499144,-0.6402427741386186,273.00825000000003,52.642781426781085,0.448967375037431,268.48,889180,1789658012,2026-09-17T15:13:32Z,NYSE:JNJ
17.146154235180397,0.3768815295128433,-28.466386109656668,-0.5606750305318036,273.00825000000003,52.94967777017439,0.5294073630649584,268.695,914245,1789658189,2026-09-17T15:16:29Z,NYSE:JNJ
17.146154235180397,0.331167243798518,-27.225596696791857,-0.5014618259871809,273.00825000000003,53.17549663991019,0.5892696797366229,268.855,934953,1789658368,2026-09-17T15:19:28Z,NYSE:JNJ
17.146154235180397,0.2297386723699901,-24.46551135628328,-0.3700825284038341,273.00825000000003,53.66887359073866,0.7220891948518434,269.21,953316,1789658548,2026-09-17T15:22:28Z,NYSE:JNJ
17.146154235180397,0.3183101009414031,-26.876267790635644,-0.4848081122090235,273.00825000000003,53.238618166655336,0.6061059563005106,268.9,982390,1789658723,2026-09-17T15:25:23Z,NYSE:JNJ
17.146154235180397,0.1954529580842745,-23.53030919997145,-0.3256726249953723,273.00825000000003,53.833305971908416,0.7669859323555864,269.33,995924,1789658907,2026-09-17T15:28:27Z,NYSE:JNJ
17.146154235180397,0.2197386723699992,-24.192859922866056,-0.3571296399096906,273.00825000000003,53.716953905510046,0.7351840766237773,269.245,1019453,1789659087,2026-09-17T15:31:27Z,NYSE:JNJ
17.146154235180397,0.1825958152271596,-23.17931903475624,-0.3090189112171939,273.00825000000003,53.894667605364944,0.7838222089194954,269.375,1048534,1789659264,2026-09-17T15:34:24Z,NYSE:JNJ
17.146154235180397,0.2568815295128388,-25.205084789350312,-0.4052403686021874,273.00825000000003,53.53786490425637,0.6865459443280592,269.115,1072062,1789659448,2026-09-17T15:37:28Z,NYSE:JNJ
17.146154235180397,0.3697386723699765,-28.27264321399961,-0.5514229673216952,273.00825000000003,52.98510543621093,0.5387608500449172,268.72,1458100,1789659630,2026-09-17T15:40:30Z,NYSE:JNJ
17.146154235180397,0.4440243866556557,-30.2852123423084,-0.6476444247067097,273.00825000000003,52.61402926989977,0.4414845854534596,268.46,1478286,1789659804,2026-09-17T15:43:24Z,NYSE:JNJ
17.146154235180397,0.398310100941444,-29.047325246892846,-0.5884312201620869,273.00825000000003,52.84307369169724,0.5013469021251241,268.62,1503223,1789659990,2026-09-17T15:46:30Z,NYSE:JNJ
17.146154235180397,0.4226441009413975,-29.706505821080057,-0.6199507790237159,273.00825000000003,52.721428246743706,0.4694818168213201,268.534831,1524436,1789660171,2026-09-17T15:49:31Z,NYSE:JNJ
17.146154235180397,0.3639958152270992,-28.11683890763834,-0.543984308500794,273.00825000000003,53.01355061165829,0.5462810535767777,268.7401,1553516,1789660351,2026-09-17T15:52:31Z,NYSE:JNJ
17.146154235180397,0.3054529580842882,-26.526782008343584,-0.468154398430845,273.00825000000003,53.30156974121601,0.6229422328644196,268.945,1595863,1789660526,2026-09-17T15:55:26Z,NYSE:JNJ
17.146154235180397,0.1782815295127875,-23.06150693682383,-0.3034306650382893,273.00825000000003,53.91522130832181,0.7894717150553896,269.3901,1674813,1789660709,2026-09-17T15:58:29Z,NYSE:JNJ
17.146154235180397,0.1368815295128342,-21.930073688685777,-0.2498057066725711,273.00825000000003,54.11152748207835,0.8436845255911601,269.535,1704500,1789660886,2026-09-17T16:01:26Z,NYSE:JNJ
17.146154235180397,0.1340243866557102,-21.851929425405427,-0.2461048813885362,273.00825000000003,54.12501350879965,0.847425920383135,269.545,1763461,1789661067,2026-09-17T16:04:27Z,NYSE:JNJ
17.146154235180397,0.2341101009413932,-24.58466903126188,-0.3757447910884008,273.00825000000003,53.6478242315352,0.7163648608201284,269.1947,1781323,1789661247,2026-09-17T16:07:27Z,NYSE:JNJ
17.146154235180397,0.2168815295128752,-24.11494199451694,-0.3534288146256557,273.00825000000003,53.73067281476014,0.7389254714157524,269.255,1798373,1789661427,2026-09-17T16:10:27Z,NYSE:JNJ
17.146154235180397,0.1583386723699504,-22.516687264928965,-0.2775989045557067,273.00825000000003,54.00999348705327,0.8155866507033942,269.4599,1822442,1789661608,2026-09-17T16:13:28Z,NYSE:JNJ
17.146154235180397,0.2225958152271232,-24.270770064108227,-0.3608304651937256,273.00825000000003,53.70322685850203,0.7314426818318023,269.235,1832682,1789661786,2026-09-17T16:16:26Z,NYSE:JNJ
17.146154235180397,0.2011672437985225,-23.68625414186881,-0.3330742755634422,273.00825000000003,53.80598167606427,0.7595031427716364,269.31,1859441,1789661968,2026-09-17T16:19:28Z,NYSE:JNJ
17.146154235180397,0.2525958152270959,-25.088356694090827,-0.3996891306761349,273.00825000000003,53.558599720602615,0.6921580365160217,269.13,1872394,1789662149,2026-09-17T16:22:29Z,NYSE:JNJ
17.146154235180397,0.2668815295128297,-25.477382347182395,-0.4181932570963308,273.00825000000003,53.489411588023145,0.6734510625561252,269.08,1882552,1789662329,2026-09-17T16:25:29Z,NYSE:JNJ
17.146154235180397,0.3268815295128888,-27.10917115223435,-0.4959105880611284,273.00825000000003,53.19655607486597,0.5948817719245855,268.87,1891799,1789662510,2026-09-17T16:28:30Z,NYSE:JNJ
17.146154235180397,0.3711672437985953,-28.311395655622203,-0.5532733799637336,273.00825000000003,52.97802417182385,0.5368901526489084,268.715,1919326,1789662688,2026-09-17T16:31:28Z,NYSE:JNJ
17.146154235180397,0.3811672437985862,-28.582608676148368,-0.5662262684578561,273.00825000000003,52.928395530598,0.5237952708769957,268.68,1928172,1789662866,2026-09-17T16:34:26Z,NYSE:JNJ
17.146154235180397,0.3903101009414058,-28.83049209042798,-0.5780689093667721,273.00825000000003,52.882929009004016,0.5118228075426713,268.648,1937379,1789663046,2026-09-17T16:37:26Z,NYSE:JNJ
17.146154235180397,0.4983101009414667,-31.75264466887125,-0.7179601051034373,273.00825000000003,52.33913240214038,0.3703980844058699,268.27,1961134,1789663229,2026-09-17T16:40:29Z,NYSE:JNJ
17.146154235180397,0.6068815295128616,-34.67920579559889,-0.8585914658968925,273.00825000000003,51.7796579079321,0.2282250823106905,267.89,2000022,1789663407,2026-09-17T16:43:27Z,NYSE:JNJ
17.146154235180397,0.572595815227146,-33.756222000322204,-0.8141815624884308,273.00825000000003,51.9577478351413,0.2731218198144337,268.01,2020867,1789663583,2026-09-17T16:46:23Z,NYSE:JNJ
17.146154235180397,0.6125958152271096,-34.832929540529605,-0.8659931164649625,273.00825000000003,51.74984780777882,0.2207422927267404,267.87,2031083,1789663764,2026-09-17T16:49:24Z,NYSE:JNJ
17.146154235180397,0.584024386655642,-34.06400548334698,-0.8289848636245707,273.00825000000003,51.89853086871467,0.2581562406465335,267.97,2049323,1789663944,2026-09-17T16:52:24Z,NYSE:JNJ
17.146154235180397,0.5839958152271265,-34.063236177089706,-0.8289478553717395,273.00825000000003,51.89867909315129,0.2581936545944438,267.9701,2063787,1789664127,2026-09-17T16:55:27Z,NYSE:JNJ
17.146154235180397,0.5468815295128024,-33.06326183792017,-0.7808741349320739,273.00825000000003,52.09045439299022,0.3067943729422516,268.1,2085289,1789664304,2026-09-17T16:58:24Z,NYSE:JNJ
17.146154235180397,0.5240243866556966,-32.44677673813238,-0.7512675326597731,273.00825000000003,52.20780180335709,0.3367255312780732,268.18,2101011,1789664483,2026-09-17T17:01:23Z,NYSE:JNJ
17.146154235180397,0.5668815295128979,-33.602284395212685,-0.8067799119203608,273.00825000000003,51.98730167617818,0.2806046093983838,268.03,2117698,1789664666,2026-09-17T17:04:26Z,NYSE:JNJ
17.146154235180397,0.5711672437985271,-33.7177404661596,-0.8123311498464133,273.00825000000003,51.96513970580741,0.2749925172104212,268.015,2139986,1789664853,2026-09-17T17:07:33Z,NYSE:JNJ
17.146154235180397,0.6240243866557194,-35.14028549426859,-0.8807964176011235,273.00825000000003,51.690116897910194,0.205776713558819,267.83,2167094,1789665027,2026-09-17T17:10:27Z,NYSE:JNJ
17.146154235180397,0.6268815295128434,-35.21710541930148,-0.8844972428851584,273.00825000000003,51.6751610559686,0.2020353187668439,267.82,2197170,1789665210,2026-09-17T17:13:30Z,NYSE:JNJ
17.146154235180397,0.6383101009414531,-35.52430889986921,-0.8993005440213193,273.00825000000003,51.61524497237573,0.1870697395989225,267.78,2214832,1789665381,2026-09-17T17:16:21Z,NYSE:JNJ
17.146154235180397,0.7268815295128661,-37.90100833632694,-1.0140261278264877,273.00825000000003,51.14580881974727,0.0710865010476109,267.47,2228055,1789665568,2026-09-17T17:19:28Z,NYSE:JNJ
17.146154235180397,0.6425958152270823,-35.6394787746487,-0.9048517819473718,273.00825000000003,51.59273811865858,0.1814576474109599,267.765,2237990,1789665744,2026-09-17T17:22:24Z,NYSE:JNJ
17.146154235180397,0.6468815295128252,-35.75463151151002,-0.9104030198734244,273.00825000000003,51.570210316433744,0.1758455552229973,267.75,2296393,1789665925,2026-09-17T17:25:25Z,NYSE:JNJ
17.146154235180397,0.6140243866557284,-34.87135570842738,-0.86784352910698,273.00825000000003,51.74238952285659,0.2113888057468028,267.845,2307356,1789666107,2026-09-17T17:28:27Z,NYSE:JNJ
17.146154235180397,0.6197386723699765,-35.02504131094196,-0.8752451796750499,273.00825000000003,51.71253331156005,0.2113888057468028,267.845,2328150,1789666285,2026-09-17T17:31:25Z,NYSE:JNJ
17.146154235180397,0.6040243866557375,-34.602332477141644,-0.8548906406128576,273.00825000000003,51.7945491492288,0.2319664771026656,267.9,2353761,1789666466,2026-09-17T17:34:26Z,NYSE:JNJ
17.146154235180397,0.57545295808427,-33.833179335268426,-0.8178823877724658,273.00825000000003,51.94295726669558,0.2693804250224586,268.0,2370538,1789666644,2026-09-17T17:37:24Z,NYSE:JNJ
17.146154235180397,0.5668815295128979,-33.602284395212685,-0.8067799119203608,273.00825000000003,51.98730167617818,0.2806046093983838,268.03,2380209,1789666821,2026-09-17T17:40:21Z,NYSE:JNJ
17.146154235180397,0.6040243866557375,-34.602332477141644,-0.8548906406128576,273.00825000000003,51.7945491492288,0.2319664771026656,267.9,2390848,1789667008,2026-09-17T17:43:28Z,NYSE:JNJ
17.146154235180397,0.6211672437985953,-35.063457945011294,-0.8770955923170884,273.00825000000003,51.705063485480345,0.209518108350794,267.84,2399721,1789667193,2026-09-17T17:46:33Z,NYSE:JNJ
17.146154235180397,0.57545295808427,-33.833179335268426,-0.8178823877724658,273.00825000000003,51.94295726669558,0.2693804250224586,268.0,2417233,1789667372,2026-09-17T17:49:32Z,NYSE:JNJ
17.146154235180397,0.5968815295128707,-34.410115787743834,-0.8456385774027491,273.00825000000003,51.83173704521756,0.2413199640826245,267.925,2430588,1789667543,2026-09-17T17:52:23Z,NYSE:JNJ
17.146154235180397,0.5808815295127943,-33.97937721462048,-0.8249139558121407,273.00825000000003,51.91483008211934,0.2622717749176975,267.981,2456290,1789667726,2026-09-17T17:55:26Z,NYSE:JNJ
17.146154235180397,0.6111672437986044,-34.79450146543999,-0.864142703822945,273.00825000000003,51.75730378767941,0.2226129901227279,267.875,2470171,1789667907,2026-09-17T17:58:27Z,NYSE:JNJ
17.146154235180397,0.6025958152271187,-34.56389295591868,-0.8530402279708401,273.00825000000003,51.80199132141293,0.2338371744986531,267.905,2506249,1789668091,2026-09-17T18:01:31Z,NYSE:JNJ
17.146154235180397,0.6354529580842154,-35.44751946039252,-0.8955997187372633,273.00825000000003,51.63023791788584,0.1908111343909188,267.79,2517662,1789668262,2026-09-17T18:04:22Z,NYSE:JNJ
17.146154235180397,0.5083101009414577,-32.022658738075,-0.7309129935975597,273.00825000000003,52.288145250322025,0.3573032026339572,268.235,2538088,1789668443,2026-09-17T18:07:23Z,NYSE:JNJ
17.146154235180397,0.5061672437985862,-31.964806492137768,-0.7281373746345334,273.00825000000003,52.29908025015856,0.3601092487279386,268.2425,2553419,1789668626,2026-09-17T18:10:26Z,NYSE:JNJ
17.146154235180397,0.50545295808422,-31.94552145127805,-0.7272121683135248,273.00825000000003,52.302724136333936,0.3610445974259323,268.245,2570407,1789668805,2026-09-17T18:13:25Z,NYSE:JNJ
17.146154235180397,0.4837386723700092,-31.359027283972576,-0.6990858961548253,273.00825000000003,52.41323318279323,0.3894791978449767,268.321,2585839,1789668988,2026-09-17T18:16:28Z,NYSE:JNJ
17.146154235180397,0.4525958152271414,-30.5170966895522,-0.6587469005588146,273.00825000000003,52.57083551340973,0.4302604010775345,268.43,2598779,1789669161,2026-09-17T18:19:21Z,NYSE:JNJ
17.146154235180397,0.4240243866556739,-29.74387944549421,-0.6217386477184438,273.00825000000003,52.71450939937552,0.4676743489973062,268.53,2630685,1789669350,2026-09-17T18:22:30Z,NYSE:JNJ
17.146154235180397,0.4268815295127979,-29.82123581995204,-0.6254394730024787,273.00825000000003,52.70018119257049,0.4639329542053312,268.52,2651520,1789669530,2026-09-17T18:25:30Z,NYSE:JNJ
17.146154235180397,0.3468815295128706,-27.652341361122154,-0.5218163650493943,273.00825000000003,53.09811630242371,0.5686920083807389,268.8,2665021,1789669703,2026-09-17T18:28:23Z,NYSE:JNJ
17.146154235180397,0.2240243866557421,-24.309722214929003,-0.3626808778357431,273.00825000000003,53.69636028107576,0.7295719844358147,269.23,2683385,1789669885,2026-09-17T18:31:25Z,NYSE:JNJ
17.146154235180397,0.2254529580842472,-24.348672419412075,-0.3645312904777605,273.00825000000003,53.68949166649326,0.7277012870398272,269.225,2704829,1789670073,2026-09-17T18:34:33Z,NYSE:JNJ
17.146154235180397,0.236881529512857,-24.66020400456911,-0.3793345916139215,273.00825000000003,53.63446930329206,0.7127357078719058,269.185,2717152,1789670244,2026-09-17T18:37:24Z,NYSE:JNJ
17.146154235180397,0.2597386723699628,-25.28289380434214,-0.4089411938862223,273.00825000000003,53.52403140415301,0.6828045495360842,269.105,2730341,1789670426,2026-09-17T18:40:26Z,NYSE:JNJ
17.146154235180397,0.2587386723699865,-25.255661533081472,-0.4076459050368185,273.00825000000003,53.5288740661062,0.6841140377132668,269.1085,2745210,1789670605,2026-09-17T18:43:25Z,NYSE:JNJ
17.146154235180397,0.2811672437985635,-25.866213803355947,-0.4366973835165267,273.00825000000003,53.420016995692535,0.6547440885962288,269.03,2762181,1789670787,2026-09-17T18:46:27Z,NYSE:JNJ
17.146154235180397,0.3154529580842791,-26.79861784437581,-0.4811072869249674,273.00825000000003,53.2526220684809,0.6098473510925069,268.91,2785142,1789670964,2026-09-17T18:49:24Z,NYSE:JNJ
17.146154235180397,0.2797386723699446,-25.827339392455784,-0.4348469708744882,273.00825000000003,53.42696577194809,0.6566147859922375,269.035,2805536,1789671146,2026-09-17T18:52:26Z,NYSE:JNJ
17.146154235180397,0.2411672437985998,-24.77699625205073,-0.3848858295399739,273.00825000000003,53.613802194073415,0.7071236156839432,269.17,2816026,1789671326,2026-09-17T18:55:26Z,NYSE:JNJ
17.146154235180397,0.1925958152271505,-23.452325034049064,-0.3219717997113373,273.00825000000003,53.846956001436936,0.7707273271475615,269.34,2827340,1789671505,2026-09-17T18:58:25Z,NYSE:JNJ
17.146154235180397,0.1397386723699583,-22.00821013090566,-0.2535065319566272,273.00825000000003,54.09803352395852,0.8399431307991638,269.525,2845060,1789671689,2026-09-17T19:01:29Z,NYSE:JNJ
17.146154235180397,0.1383101009414531,-21.9691428873556,-0.2516561193146097,273.00825000000003,54.10478149488044,0.8418138281951513,269.53,2863593,1789671863,2026-09-17T19:04:23Z,NYSE:JNJ
17.146154235180397,0.1154529580842336,-21.34380099461116,-0.2220495170422878,273.00825000000003,54.21247983667096,0.8717449865309942,269.61,2881964,1789672049,2026-09-17T19:07:29Z,NYSE:JNJ
17.146154235180397,0.151167243798568,-22.320677712655204,-0.268309833092767,273.00825000000003,54.04397823739192,0.8249775516312636,269.485,2896838,1789672227,2026-09-17T19:10:27Z,NYSE:JNJ
17.146154235180397,0.1261958152271063,-21.63777406096133,-0.2359646201102711,273.00825000000003,54.16192463968215,0.8576773421131562,269.5724,2914382,1789672403,2026-09-17T19:13:23Z,NYSE:JNJ
17.146154235180397,0.065452958084279,-19.974117731745817,-0.1572850745716126,273.00825000000003,54.44631678453193,0.9372193953906214,269.785,2938409,1789672583,2026-09-17T19:16:23Z,NYSE:JNJ
17.153062276982972,0.0804529580843222,-19.151154156174982,-0.1313792975833468,273.00825000000003,54.53918417182532,0.9634091589344678,269.855,2957108,1789672763,2026-09-17T19:19:23Z,NYSE:JNJ
17.153062276982972,0.0704529580843313,-18.87664039098901,-0.1184264090892243,273.00825000000003,54.5854760179471,0.9765040407063804,269.89,2975786,1789672944,2026-09-17T19:22:24Z,NYSE:JNJ
17.154047987139023,0.1068815295129184,-19.69989277588588,-0.1591354872136511,273.00825000000003,54.439668879017205,0.9353486979946124,269.78,3001123,1789673128,2026-09-17T19:25:28Z,NYSE:JNJ
17.154047987139023,0.1425958152271391,-20.6788261498378,-0.2053958032641304,273.00825000000003,54.27283832393457,0.888581263094882,269.655,3021172,1789673301,2026-09-17T19:28:21Z,NYSE:JNJ
17.154047987139023,0.1354529580842722,-20.48313754719453,-0.1961437400540219,273.00825000000003,54.30630210611466,0.8979347500748407,269.68,3053527,1789673484,2026-09-17T19:31:24Z,NYSE:JNJ
17.154047987139023,0.149738672370006,-20.874465753242283,-0.2146478664742178,273.00825000000003,54.23932549142708,0.8792277761149443,269.63,3075805,1789673663,2026-09-17T19:34:23Z,NYSE:JNJ
17.154047987139023,0.1340243866557671,-20.44399394513921,-0.1942933274120044,273.00825000000003,54.31298898598644,0.8998054474708284,269.685,3100452,1789673847,2026-09-17T19:37:27Z,NYSE:JNJ
17.154047987139023,0.1068815295129184,-19.69989277588588,-0.1591354872136511,273.00825000000003,54.439668879017205,0.9353486979946124,269.78,3136675,1789674023,2026-09-17T19:40:23Z,NYSE:JNJ
17.154047987139023,0.1697386723699878,-21.42199612342128,-0.2405536434624837,273.00825000000003,54.14522769279954,0.8530380125710977,269.56,3169075,1789674203,2026-09-17T19:43:23Z,NYSE:JNJ
17.154047987139023,0.2068815295128274,-22.437820814111017,-0.2886643721549805,273.00825000000003,53.96944400185264,0.8043998802753796,269.43,3208399,1789674383,2026-09-17T19:46:23Z,NYSE:JNJ
17.154047987139023,0.2525958152271528,-23.68625414186881,-0.3478775766996032,273.00825000000003,53.75123593616184,0.7445375636037149,269.27,3253328,1789674567,2026-09-17T19:49:27Z,NYSE:JNJ
17.154047987139023,0.2925958152271164,-24.776996252052125,-0.3996891306761349,273.00825000000003,53.558599720602615,0.6921580365160217,269.13,3283260,1789674745,2026-09-17T19:52:25Z,NYSE:JNJ
17.154047987139023,0.3274529580842795,-25.72625684146101,-0.4448391991414079,273.00825000000003,53.38941773034791,0.6465130200538795,269.008,3335663,1789674925,2026-09-17T19:55:25Z,NYSE:JNJ
17.154047987139023,0.3011386723699729,-25.00974992330632,-0.4107545982754088,273.00825000000003,53.517249981567225,0.6809712660880071,269.1001,3373215,1789675104,2026-09-17T19:58:24Z,NYSE:JNJ
17.154047987139023,0.1811672437985976,-21.734698363429537,-0.2553569445986446,273.00825000000003,54.09128356843736,0.8380724334031762,269.52,3455219,1789675285,2026-09-17T20:01:25Z,NYSE:JNJ
17.154047987139023,0.1054529580842995,-19.6607099287516,-0.1572850745716126,273.00825000000003,54.44631678453193,0.9372193953906214,269.785,3496049,1789675465,2026-09-17T20:04:25Z,NYSE:JNJ
17.189342812222158,0.2268815295128661,-16.63772214615581,-0.0814181562488325,273.00825000000003,54.717220461669534,1.0139179886261735,269.99,3569012,1789675642,2026-09-17T20:07:22Z,NYSE:JNJ
17.204911175119815,0.2497386723700287,-14.4318337340587,-0.0074016505680699,273.00825000000003,54.97842948656846,1.0887458844657385,270.19,3639586,1789675827,2026-09-17T20:10:27Z,NYSE:JNJ
17.332515563858905,0.7897386723700492,-5.505915543617717,0.1609858998556686,273.00825000000003,55.56159915060937,1.2589793475007518,270.645,3804671,1789676006,2026-09-17T20:13:26Z,NYSE:JNJ
17.33438329122621,0.92116724379855,-8.810385387014547,0.003700825284056,273.00825000000003,55.01735114938414,1.0999700688416847,270.22,6358329,1789676184,2026-09-17T20:16:24Z,NYSE:JNJ
17.33438329122621,0.92116724379855,-8.810385387014547,0.003700825284056,273.00825000000003,55.01735114938414,1.0999700688416847,270.22,6358630,1789676366,2026-09-17T20:19:26Z,NYSE:JNJ
17.33438329122621,0.92116724379855,-8.810385387014547,0.003700825284056,273.00825000000003,55.01735114938414,1.0999700688416847,270.22,6364543,1789676543,2026-09-17T20:22:23Z,NYSE:JNJ
17.33438329122621,0.92116724379855,-8.810385387014547,0.003700825284056,273.00825000000003,55.01735114938414,1.0999700688416847,270.22,6364762,1789676727,2026-09-17T20:25:27Z,NYSE:JNJ
17.33438329122621,0.92116724379855,-8.810385387014547,0.003700825284056,273.00825000000003,55.01735114938414,1.0999700688416847,270.22,6368953,1789676904,2026-09-17T20:28:24Z,NYSE:JNJ
17.33438329122621,0.92116724379855,-8.810385387014547,0.003700825284056,273.00825000000003,55.01735114938414,1.0999700688416847,270.22,6369037,1789677085,2026-09-17T20:31:25Z,NYSE:JNJ
17.33438329122621,0.92116724379855,-8.810385387014547,0.003700825284056,273.00825000000003,55.01735114938414,1.0999700688416847,270.22,6369250,1789677269,2026-09-17T20:34:29Z,NYSE:JNJ
17.33438329122621,0.92116724379855,-8.810385387014547,0.003700825284056,273.00825000000003,55.01735114938414,1.0999700688416847,270.22,6369255,1789677442,2026-09-17T20:37:22Z,NYSE:JNJ
17.33438329122621,0.92116724379855,-8.810385387014547,0.003700825284056,273.00825000000003,55.01735114938414,1.0999700688416847,270.22,6369266,1789677627,2026-09-17T20:40:27Z,NYSE:JNJ
17.33438329122621,0.92116724379855,-8.810385387014547,0.003700825284056,273.00825000000003,55.01735114938414,1.0999700688416847,270.22,6369280,1789677802,2026-09-17T20:43:22Z,NYSE:JNJ
17.33438329122621,0.92116724379855,-8.810385387014547,0.003700825284056,273.00825000000003,55.01735114938414,1.0999700688416847,270.22,6369280,1789677988,2026-09-17T20:46:28Z,NYSE:JNJ
17.33438329122621,0.92116724379855,-8.810385387014547,0.003700825284056,273.00825000000003,55.01735114938414,1.0999700688416847,270.22,6369425,1789678168,2026-09-17T20:49:28Z,NYSE:JNJ
17.33438329122621,0.92116724379855,-8.810385387014547,0.003700825284056,273.00825000000003,55.01735114938414,1.0999700688416847,270.22,6369431,1789678347,2026-09-17T20:52:27Z,NYSE:JNJ
17.33438329122621,0.92116724379855,-8.810385387014547,0.003700825284056,273.00825000000003,55.01735114938414,1.0999700688416847,270.22,6369431,1789678524,2026-09-17T20:55:24Z,NYSE:JNJ
17.33438329122621,0.92116724379855,-8.810385387014547,0.003700825284056,273.00825000000003,55.01735114938414,1.0999700688416847,270.22,6369526,1789678709,2026-09-17T20:58:29Z,NYSE:JNJ
17.33438329122621,0.92116724379855,-8.810385387014547,0.003700825284056,273.00825000000003,55.01735114938414,1.0999700688416847,270.22,6376629,1789678884,2026-09-17T21:01:24Z,NYSE:JNJ
17.33438329122621,0.92116724379855,-8.810385387014547,0.003700825284056,273.00825000000003,55.01735114938414,1.0999700688416847,270.22,6376709,1789679062,2026-09-17T21:04:22Z,NYSE:JNJ
17.33438329122621,0.92116724379855,-8.810385387014547,0.003700825284056,273.00825000000003,55.01735114938414,1.0999700688416847,270.22,6377083,1789679247,2026-09-17T21:07:27Z,NYSE:JNJ
17.33438329122621,0.92116724379855,-8.810385387014547,0.003700825284056,273.00825000000003,55.01735114938414,1.0999700688416847,270.22,6377431,1789679425,2026-09-17T21:10:25Z,NYSE:JNJ
17.33438329122621,0.92116724379855,-8.810385387014547,0.003700825284056,273.00825000000003,55.01735114938414,1.0999700688416847,270.22,6377432,1789679608,2026-09-17T21:13:28Z,NYSE:JNJ
17.33438329122621,0.92116724379855,-8.810385387014547,0.003700825284056,273.00825000000003,55.01735114938414,1.0999700688416847,270.22,6377487,1789679784,2026-09-17T21:16:24Z,NYSE:JNJ
17.33438329122621,0.92116724379855,-8.810385387014547,0.003700825284056,273.00825000000003,55.01735114938414,1.0999700688416847,270.22,6377488,1789679967,2026-09-17T21:19:27Z,NYSE:JNJ
17.33438329122621,0.92116724379855,-8.810385387014547,0.003700825284056,273.00825000000003,55.01735114938414,1.0999700688416847,270.22,6377491,1789680145,2026-09-17T21:22:25Z,NYSE:JNJ
17.33438329122621,0.92116724379855,-8.810385387014547,0.003700825284056,273.00825000000003,55.01735114938414,1.0999700688416847,270.22,6377591,1789680327,2026-09-17T21:25:27Z,NYSE:JNJ
17.33438329122621,0.92116724379855,-8.810385387014547,0.003700825284056,273.00825000000003,55.01735114938414,1.0999700688416847,270.22,6377639,1789680505,2026-09-17T21:28:25Z,NYSE:JNJ
17.33438329122621,0.92116724379855,-8.810385387014547,0.003700825284056,273.00825000000003,55.01735114938414,1.0999700688416847,270.22,6377641,1789680686,2026-09-17T21:31:26Z,NYSE:JNJ
17.33438329122621,0.92116724379855,-8.810385387014547,0.003700825284056,273.00825000000003,55.01735114938414,1.0999700688416847,270.22,6377705,1789680864,2026-09-17T21:34:24Z,NYSE:JNJ
17.33438329122621,0.92116724379855,-8.810385387014547,0.003700825284056,273.00825000000003,55.01735114938414,1.0999700688416847,270.22,6377781,1789681049,2026-09-17T21:37:29Z,NYSE:JNJ
17.33438329122621,0.92116724379855,-8.810385387014547,0.003700825284056,273.00825000000003,55.01735114938414,1.0999700688416847,270.22,6377801,1789681230,2026-09-17T21:40:30Z,NYSE:JNJ
17.33438329122621,0.92116724379855,-8.810385387014547,0.003700825284056,273.00825000000003,55.01735114938414,1.0999700688416847,270.22,6462204,1789681407,2026-09-17T21:43:27Z,NYSE:JNJ
17.33438329122621,0.92116724379855,-8.810385387014547,0.003700825284056,273.00825000000003,55.01735114938414,1.0999700688416847,270.22,6488243,1789681589,2026-09-17T21:46:29Z,NYSE:JNJ
17.33438329122621,0.92116724379855,-8.810385387014547,0.003700825284056,273.00825000000003,55.01735114938414,1.0999700688416847,270.22,6488243,1789681770,2026-09-17T21:49:30Z,NYSE:JNJ
17.33438329122621,0.92116724379855,-8.810385387014547,0.003700825284056,273.00825000000003,55.01735114938414,1.0999700688416847,270.22,6488259,1789681949,2026-09-17T21:52:29Z,NYSE:JNJ
17.33438329122621,0.92116724379855,-8.810385387014547,0.003700825284056,273.00825000000003,55.01735114938414,1.0999700688416847,270.22,6488265,1789682129,2026-09-17T21:55:29Z,NYSE:JNJ
17.33438329122621,0.92116724379855,-8.810385387014547,0.003700825284056,273.00825000000003,55.01735114938414,1.0999700688416847,270.22,6488265,1789682306,2026-09-17T21:58:26Z,NYSE:JNJ
17.33438329122621,0.92116724379855,-8.810385387014547,0.003700825284056,273.00825000000003,55.01735114938414,1.0999700688416847,270.22,6568325,1789682488,2026-09-17T22:01:28Z,NYSE:JNJ
17.33438329122621,0.92116724379855,-8.810385387014547,0.003700825284056,273.00825000000003,55.01735114938414,1.0999700688416847,270.22,6568325,1789682673,2026-09-17T22:04:33Z,NYSE:JNJ
17.33438329122621,0.92116724379855,-8.810385387014547,0.003700825284056,273.00825000000003,55.01735114938414,1.0999700688416847,270.22,6568409,1789682850,2026-09-17T22:07:30Z,NYSE:JNJ
17.33438329122621,0.92116724379855,-8.810385387014547,0.003700825284056,273.00825000000003,55.01735114938414,1.0999700688416847,270.22,6568426,1789683033,2026-09-17T22:10:33Z,NYSE:JNJ
17.33438329122621,0.92116724379855,-8.810385387014547,0.003700825284056,273.00825000000003,55.01735114938414,1.0999700688416847,270.22,6568426,1789683205,2026-09-17T22:13:25Z,NYSE:JNJ
17.33438329122621,0.92116724379855,-8.810385387014547,0.003700825284056,273.00825000000003,55.01735114938414,1.0999700688416847,270.22,6568501,1789683392,2026-09-17T22:16:32Z,NYSE:JNJ
17.33438329122621,0.92116724379855,-8.810385387014547,0.003700825284056,273.00825000000003,55.01735114938414,1.0999700688416847,270.22,6568701,1789683570,2026-09-17T22:19:30Z,NYSE:JNJ
17.33438329122621,0.92116724379855,-8.810385387014547,0.003700825284056,273.00825000000003,55.01735114938414,1.0999700688416847,270.22,6568801,1789683745,2026-09-17T22:22:25Z,NYSE:JNJ
17.33438329122621,0.92116724379855,-8.810385387014547,0.003700825284056,273.00825000000003,55.01735114938414,1.0999700688416847,270.22,6568822,1789683930,2026-09-17T22:25:30Z,NYSE:JNJ
17.33438329122621,0.92116724379855,-8.810385387014547,0.003700825284056,273.00825000000003,55.01735114938414,1.0999700688416847,270.22,6568823,1789684103,2026-09-17T22:28:23Z,NYSE:JNJ
17.33438329122621,0.92116724379855,-8.810385387014547,0.003700825284056,273.00825000000003,55.01735114938414,1.0999700688416847,270.22,6568823,1789684288,2026-09-17T22:31:28Z,NYSE:JNJ
17.33438329122621,0.92116724379855,-8.810385387014547,0.003700825284056,273.00825000000003,55.01735114938414,1.0999700688416847,270.22,6568828,1789684470,2026-09-17T22:34:30Z,NYSE:JNJ
17.33438329122621,0.92116724379855,-8.810385387014547,0.003700825284056,273.00825000000003,55.01735114938414,1.0999700688416847,270.22,6568839,1789684650,2026-09-17T22:37:30Z,NYSE:JNJ
17.33438329122621,0.92116724379855,-8.810385387014547,0.003700825284056,273.00825000000003,55.01735114938414,1.0999700688416847,270.22,6568850,1789684831,2026-09-17T22:40:31Z,NYSE:JNJ
17.33438329122621,0.92116724379855,-8.810385387014547,0.003700825284056,273.00825000000003,55.01735114938414,1.0999700688416847,270.22,6568904,1789685013,2026-09-17T22:43:33Z,NYSE:JNJ
17.33438329122621,0.92116724379855,-8.810385387014547,0.003700825284056,273.00825000000003,55.01735114938414,1.0999700688416847,270.22,6568932,1789685187,2026-09-17T22:46:27Z,NYSE:JNJ
17.33438329122621,0.92116724379855,-8.810385387014547,0.003700825284056,273.00825000000003,55.01735114938414,1.0999700688416847,270.22,6568937,1789685369,2026-09-17T22:49:29Z,NYSE:JNJ
17.33438329122621,0.92116724379855,-8.810385387014547,0.003700825284056,273.00825000000003,55.01735114938414,1.0999700688416847,270.22,6568946,1789685550,2026-09-17T22:52:30Z,NYSE:JNJ
17.33438329122621,0.92116724379855,-8.810385387014547,0.003700825284056,273.00825000000003,55.01735114938414,1.0999700688416847,270.22,6571579,1789685723,2026-09-17T22:55:23Z,NYSE:JNJ
17.33438329122621,0.92116724379855,-8.810385387014547,0.003700825284056,273.00825000000003,55.01735114938414,1.0999700688416847,270.22,6571587,1789685910,2026-09-17T22:58:30Z,NYSE:JNJ
17.33438329122621,0.92116724379855,-8.810385387014547,0.003700825284056,273.00825000000003,55.01735114938414,1.0999700688416847,270.22,6571672,1789686088,2026-09-17T23:01:28Z,NYSE:JNJ
17.33438329122621,0.92116724379855,-8.810385387014547,0.003700825284056,273.00825000000003,55.01735114938414,1.0999700688416847,270.22,6571672,1789686266,2026-09-17T23:04:26Z,NYSE:JNJ
17.33438329122621,0.92116724379855,-8.810385387014547,0.003700825284056,273.00825000000003,55.01735114938414,1.0999700688416847,270.22,6571678,1789686450,2026-09-17T23:07:30Z,NYSE:JNJ
17.33438329122621,0.92116724379855,-8.810385387014547,0.003700825284056,273.00825000000003,55.01735114938414,1.0999700688416847,270.22,6571701,1789686626,2026-09-17T23:10:26Z,NYSE:JNJ
17.33438329122621,0.92116724379855,-8.810385387014547,0.003700825284056,273.00825000000003,55.01735114938414,1.0999700688416847,270.22,6571731,1789686801,2026-09-17T23:13:21Z,NYSE:JNJ
17.33438329122621,0.92116724379855,-8.810385387014547,0.003700825284056,273.00825000000003,55.01735114938414,1.0999700688416847,270.22,6571856,1789686986,2026-09-17T23:16:26Z,NYSE:JNJ
17.33438329122621,0.92116724379855,-8.810385387014547,0.003700825284056,273.00825000000003,55.01735114938414,1.0999700688416847,270.22,6571857,1789687171,2026-09-17T23:19:31Z,NYSE:JNJ
17.33438329122621,0.92116724379855,-8.810385387014547,0.003700825284056,273.00825000000003,55.01735114938414,1.0999700688416847,270.22,6571858,1789687346,2026-09-17T23:22:26Z,NYSE:JNJ
17.33438329122621,0.92116724379855,-8.810385387014547,0.003700825284056,273.00825000000003,55.01735114938414,1.0999700688416847,270.22,6571859,1789687527,2026-09-17T23:25:27Z,NYSE:JNJ
17.33438329122621,0.92116724379855,-8.810385387014547,0.003700825284056,273.00825000000003,55.01735114938414,1.0999700688416847,270.22,6571859,1789687711,2026-09-17T23:28:31Z,NYSE:JNJ
17.33438329122621,0.92116724379855,-8.810385387014547,0.003700825284056,273.00825000000003,55.01735114938414,1.0999700688416847,270.22,6571863,1789687888,2026-09-17T23:31:28Z,NYSE:JNJ
17.33438329122621,0.92116724379855,-8.810385387014547,0.003700825284056,273.00825000000003,55.01735114938414,1.0999700688416847,270.22,6572263,1789688067,2026-09-17T23:34:27Z,NYSE:JNJ
17.33438329122621,0.92116724379855,-8.810385387014547,0.003700825284056,273.00825000000003,55.01735114938414,1.0999700688416847,270.22,6572263,1789688241,2026-09-17T23:37:21Z,NYSE:JNJ
17.33438329122621,0.92116724379855,-8.810385387014547,0.003700825284056,273.00825000000003,55.01735114938414,1.0999700688416847,270.22,6572264,1789688428,2026-09-17T23:40:28Z,NYSE:JNJ
17.33438329122621,0.92116724379855,-8.810385387014547,0.003700825284056,273.00825000000003,55.01735114938414,1.0999700688416847,270.22,6572264,1789688603,2026-09-17T23:43:23Z,NYSE:JNJ
17.33438329122621,0.92116724379855,-8.810385387014547,0.003700825284056,273.00825000000003,55.01735114938414,1.0999700688416847,270.22,6572266,1789688787,2026-09-17T23:46:27Z,NYSE:JNJ
17.33438329122621,0.92116724379855,-8.810385387014547,0.003700825284056,273.00825000000003,55.01735114938414,1.0999700688416847,270.22,6572268,1789688968,2026-09-17T23:49:28Z,NYSE:JNJ
17.33438329122621,0.92116724379855,-8.810385387014547,0.003700825284056,273.00825000000003,55.01735114938414,1.0999700688416847,270.22,6572272,1789689150,2026-09-17T23:52:30Z,NYSE:JNJ
17.33438329122621,0.92116724379855,-8.810385387014547,0.003700825284056,273.00825000000003,55.01735114938414,1.0999700688416847,270.22,6572273,1789689328,2026-09-17T23:55:28Z,NYSE:JNJ
17.33438329122621,0.92116724379855,-8.810385387014547,0.003700825284056,273.00825000000003,55.01735114938414,1.0999700688416847,270.22,6572275,1789689509,2026-09-17T23:58:29Z,NYSE:JNJ
17.33438329122621,0.92116724379855,-8.810385387014547,0.003700825284056,273.00825000000003,55.01735114938414,1.0999700688416847,270.22,6572278,1789689693,2026-09-18T00:01:33Z,NYSE:JNJ
17.33438329122621,0.92116724379855,-8.810385387014547,0.003700825284056,273.00825000000003,55.01735114938414,1.0999700688416847,270.22,6572281,1789689863,2026-09-18T00:04:23Z,NYSE:JNJ
17.33438329122621,0.92116724379855,-8.810385387014547,0.003700825284056,273.00825000000003,55.01735114938414,1.0999700688416847,270.22,6572481,1789690050,2026-09-18T00:07:30Z,NYSE:JNJ
17.33438329122621,0.92116724379855,-8.810385387014547,0.003700825284056,273.00825000000003,55.01735114938414,1.0999700688416847,270.22,6572481,1789690228,2026-09-18T00:10:28Z,NYSE:JNJ
17.33438329122621,0.92116724379855,-8.810385387014547,0.003700825284056,273.00825000000003,55.01735114938414,1.0999700688416847,270.22,6572481,1789690411,2026-09-18T00:13:31Z,NYSE:JNJ
17.33438329122621,0.92116724379855,-8.810385387014547,0.003700825284056,273.00825000000003,55.01735114938414,1.0999700688416847,270.22,6572482,1789690589,2026-09-18T00:16:29Z,NYSE:JNJ
17.33438329122621,0.92116724379855,-8.810385387014547,0.003700825284056,273.00825000000003,55.01735114938414,1.0999700688416847,270.22,6572482,1789690770,2026-09-18T00:19:30Z,NYSE:JNJ
17.33438329122621,0.92116724379855,-8.810385387014547,0.003700825284056,273.00825000000003,55.01735114938414,1.0999700688416847,270.22,6572482,1789690947,2026-09-18T00:22:27Z,NYSE:JNJ
17.33438329122621,0.92116724379855,-8.810385387014547,0.003700825284056,273.00825000000003,55.01735114938414,1.0999700688416847,270.22,6572482,1789691129,2026-09-18T00:25:29Z,NYSE:JNJ
17.33438329122621,0.92116724379855,-8.810385387014547,0.003700825284056,273.00825000000003,55.01735114938414,1.0999700688416847,270.22,6572482,1789691308,2026-09-18T00:28:28Z,NYSE:JNJ
17.33438329122621,0.92116724379855,-8.810385387014547,0.003700825284056,273.00825000000003,55.01735114938414,1.0999700688416847,270.22,6572482,1789691494,2026-09-18T00:31:34Z,NYSE:JNJ
17.33438329122621,0.92116724379855,-8.810385387014547,0.003700825284056,273.00825000000003,55.01735114938414,1.0999700688416847,270.22,6572482,1789691673,2026-09-18T00:34:33Z,NYSE:JNJ
17.33438329122621,0.92116724379855,-8.810385387014547,0.003700825284056,273.00825000000003,55.01735114938414,1.0999700688416847,270.22,6572482,1789691847,2026-09-18T00:37:27Z,NYSE:JNJ
17.33438329122621,0.92116724379855,-8.810385387014547,0.003700825284056,273.00825000000003,55.01735114938414,1.0999700688416847,270.22,6572482,1789692029,2026-09-18T00:40:29Z,NYSE:JNJ
17.33438329122621,0.92116724379855,-8.810385387014547,0.003700825284056,273.00825000000003,55.01735114938414,1.0999700688416847,270.22,6572482,1789692208,2026-09-18T00:43:28Z,NYSE:JNJ
17.33438329122621,0.92116724379855,-8.810385387014547,0.003700825284056,273.00825000000003,55.01735114938414,1.0999700688416847,270.22,6572482,1789692390,2026-09-18T00:46:30Z,NYSE:JNJ
17.33438329122621,0.92116724379855,-8.810385387014547,0.003700825284056,273.00825000000003,55.01735114938414,1.0999700688416847,270.22,6572482,1789692571,2026-09-18T00:49:31Z,NYSE:JNJ
17.33438329122621,0.92116724379855,-8.810385387014547,0.003700825284056,273.00825000000003,55.01735114938414,1.0999700688416847,270.22,6572482,1789692750,2026-09-18T00:52:30Z,NYSE:JNJ
17.33438329122621,0.92116724379855,-8.810385387014547,0.003700825284056,273.00825000000003,55.01735114938414,1.0999700688416847,270.22,6572482,1789692932,2026-09-18T00:55:32Z,NYSE:JNJ
17.33438329122621,0.92116724379855,-8.810385387014547,0.003700825284056,273.00825000000003,55.01735114938414,1.0999700688416847,270.22,6572482,1789693112,2026-09-18T00:58:32Z,NYSE:JNJ
17.33438329122621,0.92116724379855,-8.810385387014547,0.003700825284056,273.00825000000003,55.01735114938414,1.0999700688416847,270.22,6572482,1789693284,2026-09-18T01:01:24Z,NYSE:JNJ
17.33438329122621,0.92116724379855,-8.810385387014547,0.003700825284056,273.00825000000003,55.01735114938414,1.0999700688416847,270.22,6572482,1789693468,2026-09-18T01:04:28Z,NYSE:JNJ
17.33438329122621,0.92116724379855,-8.810385387014547,0.003700825284056,273.00825000000003,55.01735114938414,1.0999700688416847,270.22,6572482,1789693643,2026-09-18T01:07:23Z,NYSE:JNJ
17.33438329122621,0.92116724379855,-8.810385387014547,0.003700825284056,273.00825000000003,55.01735114938414,1.0999700688416847,270.22,6572482,1789693831,2026-09-18T01:10:31Z,NYSE:JNJ
17.33438329122621,0.92116724379855,-8.810385387014547,0.003700825284056,273.00825000000003,55.01735114938414,1.0999700688416847,270.22,6572482,1789694007,2026-09-18T01:13:27Z,NYSE:JNJ
17.33438329122621,0.92116724379855,-8.810385387014547,0.003700825284056,273.00825000000003,55.01735114938414,1.0999700688416847,270.22,6572482,1789694184,2026-09-18T01:16:24Z,NYSE:JNJ
17.33438329122621,0.92116724379855,-8.810385387014547,0.003700825284056,273.00825000000003,55.01735114938414,1.0999700688416847,270.22,6572482,1789694366,2026-09-18T01:19:26Z,NYSE:JNJ
17.33438329122621,0.92116724379855,-8.810385387014547,0.003700825284056,273.00825000000003,55.01735114938414,1.0999700688416847,270.22,6572482,1789694545,2026-09-18T01:22:25Z,NYSE:JNJ
17.33438329122621,0.92116724379855,-8.810385387014547,0.003700825284056,273.00825000000003,55.01735114938414,1.0999700688416847,270.22,6572482,1789694728,2026-09-18T01:25:28Z,NYSE:JNJ
17.33438329122621,0.92116724379855,-8.810385387014547,0.003700825284056,273.00825000000003,55.01735114938414,1.0999700688416847,270.22,6572482,1789694906,2026-09-18T01:28:26Z,NYSE:JNJ
17.33438329122621,0.92116724379855,-8.810385387014547,0.003700825284056,273.00825000000003,55.01735114938414,1.0999700688416847,270.22,6572482,1789695084,2026-09-18T01:31:24Z,NYSE:JNJ
17.33438329122621,0.92116724379855,-8.810385387014547,0.003700825284056,273.00825000000003,55.01735114938414,1.0999700688416847,270.22,6572482,1789695277,2026-09-18T01:34:37Z,NYSE:JNJ
17.33438329122621,0.92116724379855,-8.810385387014547,0.003700825284056,273.00825000000003,55.01735114938414,1.0999700688416847,270.22,6572482,1789695461,2026-09-18T01:37:41Z,NYSE:JNJ
17.33438329122621,0.92116724379855,-8.810385387014547,0.003700825284056,273.00825000000003,55.01735114938414,1.0999700688416847,270.22,6572482,1789695630,2026-09-18T01:40:30Z,NYSE:JNJ
17.33438329122621,0.92116724379855,-8.810385387014547,0.003700825284056,273.00825000000003,55.01735114938414,1.0999700688416847,270.22,6572482,1789695815,2026-09-18T01:43:35Z,NYSE:JNJ
17.33438329122621,0.92116724379855,-8.810385387014547,0.003700825284056,273.00825000000003,55.01735114938414,1.0999700688416847,270.22,6572482,1789695992,2026-09-18T01:46:32Z,NYSE:JNJ
17.33438329122621,0.92116724379855,-8.810385387014547,0.003700825284056,273.00825000000003,55.01735114938414,1.0999700688416847,270.22,6572482,1789696168,2026-09-18T01:49:28Z,NYSE:JNJ
17.33438329122621,0.92116724379855,-8.810385387014547,0.003700825284056,273.00825000000003,55.01735114938414,1.0999700688416847,270.22,6572482,1789696357,2026-09-18T01:52:37Z,NYSE:JNJ
17.33438329122621,0.92116724379855,-8.810385387014547,0.003700825284056,273.00825000000003,55.01735114938414,1.0999700688416847,270.22,6572482,1789696531,2026-09-18T01:55:31Z,NYSE:JNJ
17.33438329122621,0.92116724379855,-8.810385387014547,0.003700825284056,273.00825000000003,55.01735114938414,1.0999700688416847,270.22,6572482,1789696713,2026-09-18T01:58:33Z,NYSE:JNJ
17.33438329122621,0.92116724379855,-8.810385387014547,0.003700825284056,273.00825000000003,55.01735114938414,1.0999700688416847,270.22,6572482,1789696891,2026-09-18T02:01:31Z,NYSE:JNJ
17.33438329122621,0.92116724379855,-8.810385387014547,0.003700825284056,273.00825000000003,55.01735114938414,1.0999700688416847,270.22,6572482,1789697072,2026-09-18T02:04:32Z,NYSE:JNJ
17.33438329122621,0.92116724379855,-8.810385387014547,0.003700825284056,273.00825000000003,55.01735114938414,1.0999700688416847,270.22,6572482,1789697255,2026-09-18T02:07:35Z,NYSE:JNJ
17.33438329122621,0.92116724379855,-8.810385387014547,0.003700825284056,273.00825000000003,55.01735114938414,1.0999700688416847,270.22,6572482,1789697444,2026-09-18T02:10:44Z,NYSE:JNJ
17.33438329122621,0.92116724379855,-8.810385387014547,0.003700825284056,273.00825000000003,55.01735114938414,1.0999700688416847,270.22,6572482,1789697620,2026-09-18T02:13:40Z,NYSE:JNJ
17.33438329122621,0.92116724379855,-8.810385387014547,0.003700825284056,273.00825000000003,55.01735114938414,1.0999700688416847,270.22,6572482,1789697791,2026-09-18T02:16:31Z,NYSE:JNJ
17.33438329122621,0.92116724379855,-8.810385387014547,0.003700825284056,273.00825000000003,55.01735114938414,1.0999700688416847,270.22,6572482,1789697976,2026-09-18T02:19:36Z,NYSE:JNJ
17.33438329122621,0.92116724379855,-8.810385387014547,0.003700825284056,273.00825000000003,55.01735114938414,1.0999700688416847,270.22,6572482,1789698151,2026-09-18T02:22:31Z,NYSE:JNJ
17.33438329122621,0.92116724379855,-8.810385387014547,0.003700825284056,273.00825000000003,55.01735114938414,1.0999700688416847,270.22,6572482,1789698342,2026-09-18T02:25:42Z,NYSE:JNJ
17.33438329122621,0.92116724379855,-8.810385387014547,0.003700825284056,273.00825000000003,55.01735114938414,1.0999700688416847,270.22,6572482,1789698516,2026-09-18T02:28:36Z,NYSE:JNJ
17.33438329122621,0.92116724379855,-8.810385387014547,0.003700825284056,273.00825000000003,55.01735114938414,1.0999700688416847,270.22,6572482,1789698703,2026-09-18T02:31:43Z,NYSE:JNJ
17.33438329122621,0.92116724379855,-8.810385387014547,0.003700825284056,273.00825000000003,55.01735114938414,1.0999700688416847,270.22,6572482,1789698863,2026-09-18T02:34:23Z,NYSE:JNJ
17.33438329122621,0.92116724379855,-8.810385387014547,0.003700825284056,273.00825000000003,55.01735114938414,1.0999700688416847,270.22,6572482,1789699048,2026-09-18T02:37:28Z,NYSE:JNJ
17.33438329122621,0.92116724379855,-8.810385387014547,0.003700825284056,273.00825000000003,55.01735114938414,1.0999700688416847,270.22,6572482,1789699225,2026-09-18T02:40:25Z,NYSE:JNJ
17.33438329122621,0.92116724379855,-8.810385387014547,0.003700825284056,273.00825000000003,55.01735114938414,1.0999700688416847,270.22,6572482,1789699414,2026-09-18T02:43:34Z,NYSE:JNJ
17.33438329122621,0.92116724379855,-8.810385387014547,0.003700825284056,273.00825000000003,55.01735114938414,1.0999700688416847,270.22,6572482,1789699586,2026-09-18T02:46:26Z,NYSE:JNJ
17.33438329122621,0.92116724379855,-8.810385387014547,0.003700825284056,273.00825000000003,55.01735114938414,1.0999700688416847,270.22,6572482,1789699775,2026-09-18T02:49:35Z,NYSE:JNJ
17.33438329122621,0.92116724379855,-8.810385387014547,0.003700825284056,273.00825000000003,55.01735114938414,1.0999700688416847,270.22,6572482,1789699949,2026-09-18T02:52:29Z,NYSE:JNJ
17.33438329122621,0.92116724379855,-8.810385387014547,0.003700825284056,273.00825000000003,55.01735114938414,1.0999700688416847,270.22,6572482,1789700133,2026-09-18T02:55:33Z,NYSE:JNJ
17.33438329122621,0.92116724379855,-8.810385387014547,0.003700825284056,273.00825000000003,55.01735114938414,1.0999700688416847,270.22,6572482,1789700302,2026-09-18T02:58:22Z,NYSE:JNJ
17.33438329122621,0.92116724379855,-8.810385387014547,0.003700825284056,273.00825000000003,55.01735114938414,1.0999700688416847,270.22,6572482,1789700486,2026-09-18T03:01:26Z,NYSE:JNJ
17.33438329122621,0.92116724379855,-8.810385387014547,0.003700825284056,273.00825000000003,55.01735114938414,1.0999700688416847,270.22,6572482,1789700683,2026-09-18T03:04:43Z,NYSE:JNJ
17.33438329122621,0.92116724379855,-8.810385387014547,0.003700825284056,273.00825000000003,55.01735114938414,1.0999700688416847,270.22,6572482,1789700840,2026-09-18T03:07:20Z,NYSE:JNJ
17.33438329122621,0.92116724379855,-8.810385387014547,0.003700825284056,273.00825000000003,55.01735114938414,1.0999700688416847,270.22,6572482,1789701031,2026-09-18T03:10:31Z,NYSE:JNJ
17.33438329122621,0.92116724379855,-8.810385387014547,0.003700825284056,273.00825000000003,55.01735114938414,1.0999700688416847,270.22,6572482,1789701200,2026-09-18T03:13:20Z,NYSE:JNJ
17.33438329122621,0.92116724379855,-8.810385387014547,0.003700825284056,273.00825000000003,55.01735114938414,1.0999700688416847,270.22,6572482,1789701386,2026-09-18T03:16:26Z,NYSE:JNJ
17.33438329122621,0.92116724379855,-8.810385387014547,0.003700825284056,273.00825000000003,55.01735114938414,1.0999700688416847,270.22,6572482,1789701567,2026-09-18T03:19:27Z,NYSE:JNJ
17.33438329122621,0.92116724379855,-8.810385387014547,0.003700825284056,273.00825000000003,55.01735114938414,1.0999700688416847,270.22,6572482,1789701757,2026-09-18T03:22:37Z,NYSE:JNJ
17.33438329122621,0.92116724379855,-8.810385387014547,0.003700825284056,273.00825000000003,55.01735114938414,1.0999700688416847,270.22,6572482,1789701924,2026-09-18T03:25:24Z,NYSE:JNJ
17.33438329122621,0.92116724379855,-8.810385387014547,0.003700825284056,273.00825000000003,55.01735114938414,1.0999700688416847,270.22,6572482,1789702106,2026-09-18T03:28:26Z,NYSE:JNJ
17.33438329122621,0.92116724379855,-8.810385387014547,0.003700825284056,273.00825000000003,55.01735114938414,1.0999700688416847,270.22,6572482,1789702283,2026-09-18T03:31:23Z,NYSE:JNJ
17.33438329122621,0.92116724379855,-8.810385387014547,0.003700825284056,273.00825000000003,55.01735114938414,1.0999700688416847,270.22,6572482,1789702466,2026-09-18T03:34:26Z,NYSE:JNJ
17.33438329122621,0.92116724379855,-8.810385387014547,0.003700825284056,273.00825000000003,55.01735114938414,1.0999700688416847,270.22,6572482,1789702644,2026-09-18T03:37:24Z,NYSE:JNJ
17.33438329122621,0.92116724379855,-8.810385387014547,0.003700825284056,273.00825000000003,55.01735114938414,1.0999700688416847,270.22,6572482,1789702826,2026-09-18T03:40:26Z,NYSE:JNJ
17.33438329122621,0.92116724379855,-8.810385387014547,0.003700825284056,273.00825000000003,55.01735114938414,1.0999700688416847,270.22,6572482,1789703003,2026-09-18T03:43:23Z,NYSE:JNJ
17.33438329122621,0.92116724379855,-8.810385387014547,0.003700825284056,273.00825000000003,55.01735114938414,1.0999700688416847,270.22,6572482,1789703187,2026-09-18T03:46:27Z,NYSE:JNJ
17.33438329122621,0.92116724379855,-8.810385387014547,0.003700825284056,273.00825000000003,55.01735114938414,1.0999700688416847,270.22,6572482,1789703367,2026-09-18T03:49:27Z,NYSE:JNJ
17.33438329122621,0.92116724379855,-8.810385387014547,0.003700825284056,273.00825000000003,55.01735114938414,1.0999700688416847,270.22,6572482,1789703544,2026-09-18T03:52:24Z,NYSE:JNJ
17.33438329122621,0.92116724379855,-8.810385387014547,0.003700825284056,273.00825000000003,55.01735114938414,1.0999700688416847,270.22,6572482,1789703727,2026-09-18T03:55:27Z,NYSE:JNJ
17.33438329122621,0.92116724379855,-8.810385387014547,0.003700825284056,273.00825000000003,55.01735114938414,1.0999700688416847,270.22,6572482,1789703902,2026-09-18T03:58:22Z,NYSE:JNJ
17.33438329122621,0.92116724379855,-8.810385387014547,0.003700825284056,273.00825000000003,55.01735114938414,1.0999700688416847,270.22,6572482,1789704087,2026-09-18T04:01:27Z,NYSE:JNJ
17.33438329122621,0.92116724379855,-8.810385387014547,0.003700825284056,273.00825000000003,55.01735114938414,1.0999700688416847,270.22,6572482,1789704262,2026-09-18T04:04:22Z,NYSE:JNJ
17.33438329122621,0.92116724379855,-8.810385387014547,0.003700825284056,273.00825000000003,55.01735114938414,1.0999700688416847,270.22,6572482,1789704445,2026-09-18T04:07:25Z,NYSE:JNJ
17.33438329122621,0.92116724379855,-8.810385387014547,0.003700825284056,273.00825000000003,55.01735114938414,1.0999700688416847,270.22,6572482,1789704624,2026-09-18T04:10:24Z,NYSE:JNJ
17.33438329122621,0.92116724379855,-8.810385387014547,0.003700825284056,273.00825000000003,55.01735114938414,1.0999700688416847,270.22,6572482,1789704806,2026-09-18T04:13:26Z,NYSE:JNJ
17.33438329122621,0.92116724379855,-8.810385387014547,0.003700825284056,273.00825000000003,55.01735114938414,1.0999700688416847,270.22,6572482,1789704985,2026-09-18T04:16:25Z,NYSE:JNJ
17.33438329122621,0.92116724379855,-8.810385387014547,0.003700825284056,273.00825000000003,55.01735114938414,1.0999700688416847,270.22,6572482,1789705160,2026-09-18T04:19:20Z,NYSE:JNJ
17.33438329122621,0.92116724379855,-8.810385387014547,0.003700825284056,273.00825000000003,55.01735114938414,1.0999700688416847,270.22,6572482,1789705348,2026-09-18T04:22:28Z,NYSE:JNJ
17.33438329122621,0.92116724379855,-8.810385387014547,0.003700825284056,273.00825000000003,55.01735114938414,1.0999700688416847,270.22,6572482,1789705524,2026-09-18T04:25:24Z,NYSE:JNJ
17.33438329122621,0.92116724379855,-8.810385387014547,0.003700825284056,273.00825000000003,55.01735114938414,1.0999700688416847,270.22,6572482,1789705708,2026-09-18T04:28:28Z,NYSE:JNJ
17.33438329122621,0.92116724379855,-8.810385387014547,0.003700825284056,273.00825000000003,55.01735114938414,1.0999700688416847,270.22,6572482,1789705882,2026-09-18T04:31:22Z,NYSE:JNJ
17.33438329122621,0.92116724379855,-8.810385387014547,0.003700825284056,273.00825000000003,55.01735114938414,1.0999700688416847,270.22,6572482,1789706060,2026-09-18T04:34:20Z,NYSE:JNJ
17.33438329122621,0.92116724379855,-8.810385387014547,0.003700825284056,273.00825000000003,55.01735114938414,1.0999700688416847,270.22,6572482,1789706242,2026-09-18T04:37:22Z,NYSE:JNJ
17.33438329122621,0.92116724379855,-8.810385387014547,0.003700825284056,273.00825000000003,55.01735114938414,1.0999700688416847,270.22,6572482,1789706426,2026-09-18T04:40:26Z,NYSE:JNJ
17.33438329122621,0.92116724379855,-8.810385387014547,0.003700825284056,273.00825000000003,55.01735114938414,1.0999700688416847,270.22,6572482,1789706606,2026-09-18T04:43:26Z,NYSE:JNJ
17.33438329122621,0.92116724379855,-8.810385387014547,0.003700825284056,273.00825000000003,55.01735114938414,1.0999700688416847,270.22,6572482,1789706783,2026-09-18T04:46:23Z,NYSE:JNJ
17.33438329122621,0.92116724379855,-8.810385387014547,0.003700825284056,273.00825000000003,55.01735114938414,1.0999700688416847,270.22,6572482,1789706964,2026-09-18T04:49:24Z,NYSE:JNJ
17.33438329122621,0.92116724379855,-8.810385387014547,0.003700825284056,273.00825000000003,55.01735114938414,1.0999700688416847,270.22,6572482,1789707142,2026-09-18T04:52:22Z,NYSE:JNJ
17.33438329122621,0.92116724379855,-8.810385387014547,0.003700825284056,273.00825000000003,55.01735114938414,1.0999700688416847,270.22,6572482,1789707327,2026-09-18T04:55:27Z,NYSE:JNJ
17.33438329122621,0.92116724379855,-8.810385387014547,0.003700825284056,273.00825000000003,55.01735114938414,1.0999700688416847,270.22,6572482,1789707503,2026-09-18T04:58:23Z,NYSE:JNJ
17.33438329122621,0.92116724379855,-8.810385387014547,0.003700825284056,273.00825000000003,55.01735114938414,1.0999700688416847,270.22,6572482,1789707686,2026-09-18T05:01:26Z,NYSE:JNJ
17.33438329122621,0.92116724379855,-8.810385387014547,0.003700825284056,273.00825000000003,55.01735114938414,1.0999700688416847,270.22,6572482,1789707864,2026-09-18T05:04:24Z,NYSE:JNJ
17.33438329122621,0.92116724379855,-8.810385387014547,0.003700825284056,273.00825000000003,55.01735114938414,1.0999700688416847,270.22,6572482,1789708051,2026-09-18T05:07:31Z,NYSE:JNJ
17.33438329122621,0.92116724379855,-8.810385387014547,0.003700825284056,273.00825000000003,55.01735114938414,1.0999700688416847,270.22,6572482,1789708224,2026-09-18T05:10:24Z,NYSE:JNJ
17.33438329122621,0.92116724379855,-8.810385387014547,0.003700825284056,273.00825000000003,55.01735114938414,1.0999700688416847,270.22,6572482,1789708402,2026-09-18T05:13:22Z,NYSE:JNJ
17.33438329122621,0.92116724379855,-8.810385387014547,0.003700825284056,273.00825000000003,55.01735114938414,1.0999700688416847,270.22,6572482,1789708585,2026-09-18T05:16:25Z,NYSE:JNJ
17.33438329122621,0.92116724379855,-8.810385387014547,0.003700825284056,273.00825000000003,55.01735114938414,1.0999700688416847,270.22,6572482,1789708770,2026-09-18T05:19:30Z,NYSE:JNJ
17.33438329122621,0.92116724379855,-8.810385387014547,0.003700825284056,273.00825000000003,55.01735114938414,1.0999700688416847,270.22,6572482,1789708949,2026-09-18T05:22:29Z,NYSE:JNJ
17.33438329122621,0.92116724379855,-8.810385387014547,0.003700825284056,273.00825000000003,55.01735114938414,1.0999700688416847,270.22,6572482,1789709128,2026-09-18T05:25:28Z,NYSE:JNJ
17.33438329122621,0.92116724379855,-8.810385387014547,0.003700825284056,273.00825000000003,55.01735114938414,1.0999700688416847,270.22,6572482,1789709313,2026-09-18T05:28:33Z,NYSE:JNJ
17.33438329122621,0.92116724379855,-8.810385387014547,0.003700825284056,273.00825000000003,55.01735114938414,1.0999700688416847,270.22,6572482,1789709486,2026-09-18T05:31:26Z,NYSE:JNJ
17.33438329122621,0.92116724379855,-8.810385387014547,0.003700825284056,273.00825000000003,55.01735114938414,1.0999700688416847,270.22,6572482,1789709663,2026-09-18T05:34:23Z,NYSE:JNJ
17.33438329122621,0.92116724379855,-8.810385387014547,0.003700825284056,273.00825000000003,55.01735114938414,1.0999700688416847,270.22,6572482,1789709845,2026-09-18T05:37:25Z,NYSE:JNJ
17.33438329122621,0.92116724379855,-8.810385387014547,0.003700825284056,273.00825000000003,55.01735114938414,1.0999700688416847,270.22,6572482,1789710021,2026-09-18T05:40:21Z,NYSE:JNJ
17.33438329122621,0.92116724379855,-8.810385387014547,0.003700825284056,273.00825000000003,55.01735114938414,1.0999700688416847,270.22,6572482,1789710206,2026-09-18T05:43:26Z,NYSE:JNJ
17.33438329122621,0.92116724379855,-8.810385387014547,0.003700825284056,273.00825000000003,55.01735114938414,1.0999700688416847,270.22,6572482,1789710391,2026-09-18T05:46:31Z,NYSE:JNJ
17.33438329122621,0.92116724379855,-8.810385387014547,0.003700825284056,273.00825000000003,55.01735114938414,1.0999700688416847,270.22,6572482,1789710564,2026-09-18T05:49:24Z,NYSE:JNJ
17.33438329122621,0.92116724379855,-8.810385387014547,0.003700825284056,273.00825000000003,55.01735114938414,1.0999700688416847,270.22,6572482,1789710745,2026-09-18T05:52:25Z,NYSE:JNJ
17.33438329122621,0.92116724379855,-8.810385387014547,0.003700825284056,273.00825000000003,55.01735114938414,1.0999700688416847,270.22,6572482,1789710929,2026-09-18T05:55:29Z,NYSE:JNJ
17.33438329122621,0.92116724379855,-8.810385387014547,0.003700825284056,273.00825000000003,55.01735114938414,1.0999700688416847,270.22,6572482,1789711106,2026-09-18T05:58:26Z,NYSE:JNJ
17.33438329122621,0.92116724379855,-8.810385387014547,0.003700825284056,273.00825000000003,55.01735114938414,1.0999700688416847,270.22,6572482,1789711286,2026-09-18T06:01:26Z,NYSE:JNJ
17.33438329122621,0.92116724379855,-8.810385387014547,0.003700825284056,273.00825000000003,55.01735114938414,1.0999700688416847,270.22,6572482,1789711464,2026-09-18T06:04:24Z,NYSE:JNJ
17.33438329122621,0.92116724379855,-8.810385387014547,0.003700825284056,273.00825000000003,55.01735114938414,1.0999700688416847,270.22,6572482,1789711646,2026-09-18T06:07:26Z,NYSE:JNJ
17.33438329122621,0.92116724379855,-8.810385387014547,0.003700825284056,273.00825000000003,55.01735114938414,1.0999700688416847,270.22,6572482,1789711827,2026-09-18T06:10:27Z,NYSE:JNJ
17.33438329122621,0.92116724379855,-8.810385387014547,0.003700825284056,273.00825000000003,55.01735114938414,1.0999700688416847,270.22,6572482,1789712006,2026-09-18T06:13:26Z,NYSE:JNJ
17.33438329122621,0.92116724379855,-8.810385387014547,0.003700825284056,273.00825000000003,55.01735114938414,1.0999700688416847,270.22,6572482,1789712184,2026-09-18T06:16:24Z,NYSE:JNJ
17.33438329122621,0.92116724379855,-8.810385387014547,0.003700825284056,273.00825000000003,55.01735114938414,1.0999700688416847,270.22,6572482,1789712363,2026-09-18T06:19:23Z,NYSE:JNJ
17.33438329122621,0.92116724379855,-8.810385387014547,0.003700825284056,273.00825000000003,55.01735114938414,1.0999700688416847,270.22,6572482,1789712545,2026-09-18T06:22:25Z,NYSE:JNJ
17.33438329122621,0.92116724379855,-8.810385387014547,0.003700825284056,273.00825000000003,55.01735114938414,1.0999700688416847,270.22,6572482,1789712725,2026-09-18T06:25:25Z,NYSE:JNJ
17.33438329122621,0.92116724379855,-8.810385387014547,0.003700825284056,273.00825000000003,55.01735114938414,1.0999700688416847,270.22,6572482,1789712908,2026-09-18T06:28:28Z,NYSE:JNJ
17.33438329122621,0.92116724379855,-8.810385387014547,0.003700825284056,273.00825000000003,55.01735114938414,1.0999700688416847,270.22,6572482,1789713088,2026-09-18T06:31:28Z,NYSE:JNJ
17.33438329122621,0.92116724379855,-8.810385387014547,0.003700825284056,273.00825000000003,55.01735114938414,1.0999700688416847,270.22,6572482,1789713267,2026-09-18T06:34:27Z,NYSE:JNJ
17.33438329122621,0.92116724379855,-8.810385387014547,0.003700825284056,273.00825000000003,55.01735114938414,1.0999700688416847,270.22,6572482,1789713446,2026-09-18T06:37:26Z,NYSE:JNJ
17.33438329122621,0.92116724379855,-8.810385387014547,0.003700825284056,273.00825000000003,55.01735114938414,1.0999700688416847,270.22,6572482,1789713625,2026-09-18T06:40:25Z,NYSE:JNJ
17.33438329122621,0.92116724379855,-8.810385387014547,0.003700825284056,273.00825000000003,55.01735114938414,1.0999700688416847,270.22,6572482,1789713801,2026-09-18T06:43:21Z,NYSE:JNJ
17.33438329122621,0.92116724379855,-8.810385387014547,0.003700825284056,273.00825000000003,55.01735114938414,1.0999700688416847,270.22,6572482,1789713981,2026-09-18T06:46:21Z,NYSE:JNJ
17.33438329122621,0.92116724379855,-8.810385387014547,0.003700825284056,273.00825000000003,55.01735114938414,1.0999700688416847,270.22,6572482,1789714167,2026-09-18T06:49:27Z,NYSE:JNJ
17.33438329122621,0.92116724379855,-8.810385387014547,0.003700825284056,273.00825000000003,55.01735114938414,1.0999700688416847,270.22,6572482,1789714350,2026-09-18T06:52:30Z,NYSE:JNJ
17.33438329122621,0.92116724379855,-8.810385387014547,0.003700825284056,273.00825000000003,55.01735114938414,1.0999700688416847,270.22,6572482,1789714526,2026-09-18T06:55:26Z,NYSE:JNJ
17.33438329122621,0.92116724379855,-8.810385387014547,0.003700825284056,273.00825000000003,55.01735114938414,1.0999700688416847,270.22,6572482,1789714700,2026-09-18T06:58:20Z,NYSE:JNJ
17.33438329122621,0.92116724379855,-8.810385387014547,0.003700825284056,273.00825000000003,55.01735114938414,1.0999700688416847,270.22,6572482,1789714890,2026-09-18T07:01:30Z,NYSE:JNJ
17.33438329122621,0.92116724379855,-8.810385387014547,0.003700825284056,273.00825000000003,55.01735114938414,1.0999700688416847,270.22,6572482,1789715062,2026-09-18T07:04:22Z,NYSE:JNJ
17.33438329122621,0.92116724379855,-8.810385387014547,0.003700825284056,273.00825000000003,55.01735114938414,1.0999700688416847,270.22,6572482,1789715245,2026-09-18T07:07:25Z,NYSE:JNJ
17.33438329122621,0.92116724379855,-8.810385387014547,0.003700825284056,273.00825000000003,55.01735114938414,1.0999700688416847,270.22,6572482,1789715425,2026-09-18T07:10:25Z,NYSE:JNJ
17.33438329122621,0.92116724379855,-8.810385387014547,0.003700825284056,273.00825000000003,55.01735114938414,1.0999700688416847,270.22,6572482,1789715606,2026-09-18T07:13:26Z,NYSE:JNJ
17.33438329122621,0.92116724379855,-8.810385387014547,0.003700825284056,273.00825000000003,55.01735114938414,1.0999700688416847,270.22,6572482,1789715792,2026-09-18T07:16:32Z,NYSE:JNJ
17.33438329122621,0.92116724379855,-8.810385387014547,0.003700825284056,273.00825000000003,55.01735114938414,1.0999700688416847,270.22,6572482,1789715969,2026-09-18T07:19:29Z,NYSE:JNJ
17.33438329122621,0.92116724379855,-8.810385387014547,0.003700825284056,273.00825000000003,55.01735114938414,1.0999700688416847,270.22,6572482,1789716143,2026-09-18T07:22:23Z,NYSE:JNJ
17.33438329122621,0.92116724379855,-8.810385387014547,0.003700825284056,273.00825000000003,55.01735114938414,1.0999700688416847,270.22,6572482,1789716327,2026-09-18T07:25:27Z,NYSE:JNJ
17.33438329122621,0.92116724379855,-8.810385387014547,0.003700825284056,273.00825000000003,55.01735114938414,1.0999700688416847,270.22,6572482,1789716504,2026-09-18T07:28:24Z,NYSE:JNJ
17.33438329122621,0.92116724379855,-8.810385387014547,0.003700825284056,273.00825000000003,55.01735114938414,1.0999700688416847,270.22,6572482,1789716684,2026-09-18T07:31:24Z,NYSE:JNJ
17.33438329122621,0.92116724379855,-8.810385387014547,0.003700825284056,273.00825000000003,55.01735114938414,1.0999700688416847,270.22,6572482,1789716863,2026-09-18T07:34:23Z,NYSE:JNJ
17.33438329122621,0.92116724379855,-8.810385387014547,0.003700825284056,273.00825000000003,55.01735114938414,1.0999700688416847,270.22,6572482,1789717048,2026-09-18T07:37:28Z,NYSE:JNJ
17.33438329122621,0.92116724379855,-8.810385387014547,0.003700825284056,273.00825000000003,55.01735114938414,1.0999700688416847,270.22,6572482,1789717227,2026-09-18T07:40:27Z,NYSE:JNJ
17.33438329122621,0.92116724379855,-8.810385387014547,0.003700825284056,273.00825000000003,55.01735114938414,1.0999700688416847,270.22,6572482,1789717407,2026-09-18T07:43:27Z,NYSE:JNJ
17.33438329122621,0.92116724379855,-8.810385387014547,0.003700825284056,273.00825000000003,55.01735114938414,1.0999700688416847,270.22,6572482,1789717581,2026-09-18T07:46:21Z,NYSE:JNJ
17.33438329122621,0.92116724379855,-8.810385387014547,0.003700825284056,273.00825000000003,55.01735114938414,1.0999700688416847,270.22,6572482,1789717766,2026-09-18T07:49:26Z,NYSE:JNJ
17.33438329122621,0.92116724379855,-8.810385387014547,0.003700825284056,273.00825000000003,55.01735114938414,1.0999700688416847,270.22,6572482,1789717946,2026-09-18T07:52:26Z,NYSE:JNJ
17.33438329122621,0.92116724379855,-8.810385387014547,0.003700825284056,273.00825000000003,55.01735114938414,1.0999700688416847,270.22,6572482,1789718130,2026-09-18T07:55:30Z,NYSE:JNJ
17.33438329122621,0.92116724379855,-8.810385387014547,0.003700825284056,273.00825000000003,55.01735114938414,1.0999700688416847,270.22,6572482,1789718306,2026-09-18T07:58:26Z,NYSE:JNJ
17.33438329122621,0.92116724379855,-8.810385387014547,0.003700825284056,273.00825000000003,55.01735114938414,1.0999700688416847,270.22,6572482,1789718485,2026-09-18T08:01:25Z,NYSE:JNJ
17.33438329122621,0.92116724379855,-8.810385387014547,0.003700825284056,273.00825000000003,55.01735114938414,1.0999700688416847,270.22,6572482,1789718667,2026-09-18T08:04:27Z,NYSE:JNJ
17.33438329122621,0.92116724379855,-8.810385387014547,0.003700825284056,273.00825000000003,55.01735114938414,1.0999700688416847,270.22,6572482,1789718846,2026-09-18T08:07:26Z,NYSE:JNJ
17.33438329122621,0.92116724379855,-8.810385387014547,0.003700825284056,273.00825000000003,55.01735114938414,1.0999700688416847,270.22,6572482,1789719029,2026-09-18T08:10:29Z,NYSE:JNJ
17.33438329122621,0.92116724379855,-8.810385387014547,0.003700825284056,273.00825000000003,55.01735114938414,1.0999700688416847,270.22,6572482,1789719205,2026-09-18T08:13:25Z,NYSE:JNJ
17.33438329122621,0.92116724379855,-8.810385387014547,0.003700825284056,273.00825000000003,55.01735114938414,1.0999700688416847,270.22,6572482,1789719388,2026-09-18T08:16:28Z,NYSE:JNJ
17.33438329122621,0.92116724379855,-8.810385387014547,0.003700825284056,273.00825000000003,55.01735114938414,1.0999700688416847,270.22,6572482,1789719562,2026-09-18T08:19:22Z,NYSE:JNJ
17.33438329122621,0.92116724379855,-8.810385387014547,0.003700825284056,273.00825000000003,55.01735114938414,1.0999700688416847,270.22,6572482,1789719747,2026-09-18T08:22:27Z,NYSE:JNJ
17.33438329122621,0.92116724379855,-8.810385387014547,0.003700825284056,273.00825000000003,55.01735114938414,1.0999700688416847,270.22,6572482,1789719922,2026-09-18T08:25:22Z,NYSE:JNJ
17.33438329122621,0.92116724379855,-8.810385387014547,0.003700825284056,273.00825000000003,55.01735114938414,1.0999700688416847,270.22,6572482,1789720107,2026-09-18T08:28:27Z,NYSE:JNJ
17.33438329122621,0.92116724379855,-8.810385387014547,0.003700825284056,273.00825000000003,55.01735114938414,1.0999700688416847,270.22,6572482,1789720289,2026-09-18T08:31:29Z,NYSE:JNJ
17.33438329122621,0.92116724379855,-8.810385387014547,0.003700825284056,273.00825000000003,55.01735114938414,1.0999700688416847,270.22,6572482,1789720464,2026-09-18T08:34:24Z,NYSE:JNJ
17.33438329122621,0.92116724379855,-8.810385387014547,0.003700825284056,273.00825000000003,55.01735114938414,1.0999700688416847,270.22,6572482,1789720646,2026-09-18T08:37:26Z,NYSE:JNJ
17.33438329122621,0.92116724379855,-8.810385387014547,0.003700825284056,273.00825000000003,55.01735114938414,1.0999700688416847,270.22,6572482,1789720829,2026-09-18T08:40:29Z,NYSE:JNJ
17.33438329122621,0.92116724379855,-8.810385387014547,0.003700825284056,273.00825000000003,55.01735114938414,1.0999700688416847,270.22,6572482,1789721008,2026-09-18T08:43:28Z,NYSE:JNJ
17.33438329122621,0.92116724379855,-8.810385387014547,0.003700825284056,273.00825000000003,55.01735114938414,1.0999700688416847,270.22,6572482,1789721181,2026-09-18T08:46:21Z,NYSE:JNJ
17.33438329122621,0.92116724379855,-8.810385387014547,0.003700825284056,273.00825000000003,55.01735114938414,1.0999700688416847,270.22,6572482,1789721369,2026-09-18T08:49:29Z,NYSE:JNJ
17.33438329122621,0.92116724379855,-8.810385387014547,0.003700825284056,273.00825000000003,55.01735114938414,1.0999700688416847,270.22,6572482,1789721547,2026-09-18T08:52:27Z,NYSE:JNJ
17.33438329122621,0.92116724379855,-8.810385387014547,0.003700825284056,273.00825000000003,55.01735114938414,1.0999700688416847,270.22,6572482,1789721720,2026-09-18T08:55:20Z,NYSE:JNJ
17.33438329122621,0.92116724379855,-8.810385387014547,0.003700825284056,273.00825000000003,55.01735114938414,1.0999700688416847,270.22,6572482,1789721909,2026-09-18T08:58:29Z,NYSE:JNJ
17.33438329122621,0.92116724379855,-8.810385387014547,0.003700825284056,273.00825000000003,55.01735114938414,1.0999700688416847,270.22,6572482,1789722089,2026-09-18T09:01:29Z,NYSE:JNJ
17.33438329122621,0.92116724379855,-8.810385387014547,0.003700825284056,273.00825000000003,55.01735114938414,1.0999700688416847,270.22,6572482,1789722265,2026-09-18T09:04:25Z,NYSE:JNJ
17.33438329122621,0.92116724379855,-8.810385387014547,0.003700825284056,273.00825000000003,55.01735114938414,1.0999700688416847,270.22,6572482,1789722447,2026-09-18T09:07:27Z,NYSE:JNJ
17.33438329122621,0.92116724379855,-8.810385387014547,0.003700825284056,273.00825000000003,55.01735114938414,1.0999700688416847,270.22,6572482,1789722628,2026-09-18T09:10:28Z,NYSE:JNJ
17.33438329122621,0.92116724379855,-8.810385387014547,0.003700825284056,273.00825000000003,55.01735114938414,1.0999700688416847,270.22,6572482,1789722806,2026-09-18T09:13:26Z,NYSE:JNJ
17.33438329122621,0.92116724379855,-8.810385387014547,0.003700825284056,273.00825000000003,55.01735114938414,1.0999700688416847,270.22,6572482,1789722991,2026-09-18T09:16:31Z,NYSE:JNJ
17.33438329122621,0.92116724379855,-8.810385387014547,0.003700825284056,273.00825000000003,55.01735114938414,1.0999700688416847,270.22,6572482,1789723163,2026-09-18T09:19:23Z,NYSE:JNJ
17.33438329122621,0.92116724379855,-8.810385387014547,0.003700825284056,273.00825000000003,55.01735114938414,1.0999700688416847,270.22,6572482,1789723346,2026-09-18T09:22:26Z,NYSE:JNJ
17.33438329122621,0.92116724379855,-8.810385387014547,0.003700825284056,273.00825000000003,55.01735114938414,1.0999700688416847,270.22,6572482,1789723528,2026-09-18T09:25:28Z,NYSE:JNJ
17.33438329122621,0.92116724379855,-8.810385387014547,0.003700825284056,273.00825000000003,55.01735114938414,1.0999700688416847,270.22,6572482,1789723701,2026-09-18T09:28:21Z,NYSE:JNJ
17.33438329122621,0.92116724379855,-8.810385387014547,0.003700825284056,273.00825000000003,55.01735114938414,1.0999700688416847,270.22,6572482,1789723888,2026-09-18T09:31:28Z,NYSE:JNJ
17.33438329122621,0.92116724379855,-8.810385387014547,0.003700825284056,273.00825000000003,55.01735114938414,1.0999700688416847,270.22,6572482,1789724068,2026-09-18T09:34:28Z,NYSE:JNJ
17.33438329122621,0.92116724379855,-8.810385387014547,0.003700825284056,273.00825000000003,55.01735114938414,1.0999700688416847,270.22,6572482,1789724245,2026-09-18T09:37:25Z,NYSE:JNJ
17.33438329122621,0.92116724379855,-8.810385387014547,0.003700825284056,273.00825000000003,55.01735114938414,1.0999700688416847,270.22,6572482,1789724422,2026-09-18T09:40:22Z,NYSE:JNJ
17.33438329122621,0.92116724379855,-8.810385387014547,0.003700825284056,273.00825000000003,55.01735114938414,1.0999700688416847,270.22,6572482,1789724609,2026-09-18T09:43:29Z,NYSE:JNJ
17.33438329122621,0.92116724379855,-8.810385387014547,0.003700825284056,273.00825000000003,55.01735114938414,1.0999700688416847,270.22,6572482,1789724785,2026-09-18T09:46:25Z,NYSE:JNJ
17.33438329122621,0.92116724379855,-8.810385387014547,0.003700825284056,273.00825000000003,55.01735114938414,1.0999700688416847,270.22,6572482,1789724963,2026-09-18T09:49:23Z,NYSE:JNJ
17.33438329122621,0.92116724379855,-8.810385387014547,0.003700825284056,273.00825000000003,55.01735114938414,1.0999700688416847,270.22,6572482,1789725148,2026-09-18T09:52:28Z,NYSE:JNJ
17.33438329122621,0.92116724379855,-8.810385387014547,0.003700825284056,273.00825000000003,55.01735114938414,1.0999700688416847,270.22,6572482,1789725325,2026-09-18T09:55:25Z,NYSE:JNJ
17.33438329122621,0.92116724379855,-8.810385387014547,0.003700825284056,273.00825000000003,55.01735114938414,1.0999700688416847,270.22,6572482,1789725505,2026-09-18T09:58:25Z,NYSE:JNJ
17.33438329122621,0.92116724379855,-8.810385387014547,0.003700825284056,273.00825000000003,55.01735114938414,1.0999700688416847,270.22,6572482,1789725684,2026-09-18T10:01:24Z,NYSE:JNJ
17.33438329122621,0.92116724379855,-8.810385387014547,0.003700825284056,273.00825000000003,55.01735114938414,1.0999700688416847,270.22,6572482,1789725866,2026-09-18T10:04:26Z,NYSE:JNJ
17.33438329122621,0.92116724379855,-8.810385387014547,0.003700825284056,273.00825000000003,55.01735114938414,1.0999700688416847,270.22,6572482,1789726050,2026-09-18T10:07:30Z,NYSE:JNJ
17.33438329122621,0.92116724379855,-8.810385387014547,0.003700825284056,273.00825000000003,55.01735114938414,1.0999700688416847,270.22,6572482,1789726228,2026-09-18T10:10:28Z,NYSE:JNJ
17.33438329122621,0.92116724379855,-8.810385387014547,0.003700825284056,273.00825000000003,55.01735114938414,1.0999700688416847,270.22,6572482,1789726406,2026-09-18T10:13:26Z,NYSE:JNJ
17.33438329122621,0.92116724379855,-8.810385387014547,0.003700825284056,273.00825000000003,55.01735114938414,1.0999700688416847,270.22,6572482,1789726580,2026-09-18T10:16:20Z,NYSE:JNJ
17.33438329122621,0.92116724379855,-8.810385387014547,0.003700825284056,273.00825000000003,55.01735114938414,1.0999700688416847,270.22,6572482,1789726765,2026-09-18T10:19:25Z,NYSE:JNJ
17.33438329122621,0.92116724379855,-8.810385387014547,0.003700825284056,273.00825000000003,55.01735114938414,1.0999700688416847,270.22,6572482,1789726952,2026-09-18T10:22:32Z,NYSE:JNJ
17.33438329122621,0.92116724379855,-8.810385387014547,0.003700825284056,273.00825000000003,55.01735114938414,1.0999700688416847,270.22,6572482,1789727126,2026-09-18T10:25:26Z,NYSE:JNJ
17.33438329122621,0.92116724379855,-8.810385387014547,0.003700825284056,273.00825000000003,55.01735114938414,1.0999700688416847,270.22,6572482,1789727307,2026-09-18T10:28:27Z,NYSE:JNJ
17.33438329122621,0.92116724379855,-8.810385387014547,0.003700825284056,273.00825000000003,55.01735114938414,1.0999700688416847,270.22,6572482,1789727483,2026-09-18T10:31:23Z,NYSE:JNJ
17.33438329122621,0.92116724379855,-8.810385387014547,0.003700825284056,273.00825000000003,55.01735114938414,1.0999700688416847,270.22,6572482,1789727668,2026-09-18T10:34:28Z,NYSE:JNJ
17.33438329122621,0.92116724379855,-8.810385387014547,0.003700825284056,273.00825000000003,55.01735114938414,1.0999700688416847,270.22,6572482,1789727846,2026-09-18T10:37:26Z,NYSE:JNJ
17.33438329122621,0.92116724379855,-8.810385387014547,0.003700825284056,273.00825000000003,55.01735114938414,1.0999700688416847,270.22,6572482,1789728024,2026-09-18T10:40:24Z,NYSE:JNJ
17.33438329122621,0.92116724379855,-8.810385387014547,0.003700825284056,273.00825000000003,55.01735114938414,1.0999700688416847,270.22,6572482,1789728201,2026-09-18T10:43:21Z,NYSE:JNJ
17.33438329122621,0.92116724379855,-8.810385387014547,0.003700825284056,273.00825000000003,55.01735114938414,1.0999700688416847,270.22,6572482,1789728386,2026-09-18T10:46:26Z,NYSE:JNJ
17.33438329122621,0.92116724379855,-8.810385387014547,0.003700825284056,273.00825000000003,55.01735114938414,1.0999700688416847,270.22,6572482,1789728569,2026-09-18T10:49:29Z,NYSE:JNJ
17.33438329122621,0.92116724379855,-8.810385387014547,0.003700825284056,273.00825000000003,55.01735114938414,1.0999700688416847,270.22,6572482,1789728742,2026-09-18T10:52:22Z,NYSE:JNJ
17.33438329122621,0.92116724379855,-8.810385387014547,0.003700825284056,273.00825000000003,55.01735114938414,1.0999700688416847,270.22,6572482,1789728925,2026-09-18T10:55:25Z,NYSE:JNJ
17.33438329122621,0.92116724379855,-8.810385387014547,0.003700825284056,273.00825000000003,55.01735114938414,1.0999700688416847,270.22,6572482,1789729105,2026-09-18T10:58:25Z,NYSE:JNJ
17.33438329122621,0.92116724379855,-8.810385387014547,0.003700825284056,273.00825000000003,55.01735114938414,1.0999700688416847,270.22,6572482,1789729283,2026-09-18T11:01:23Z,NYSE:JNJ
17.33438329122621,0.92116724379855,-8.810385387014547,0.003700825284056,273.00825000000003,55.01735114938414,1.0999700688416847,270.22,6572482,1789729469,2026-09-18T11:04:29Z,NYSE:JNJ
17.33438329122621,0.92116724379855,-8.810385387014547,0.003700825284056,273.00825000000003,55.01735114938414,1.0999700688416847,270.22,6572482,1789729642,2026-09-18T11:07:22Z,NYSE:JNJ
17.33438329122621,0.92116724379855,-8.810385387014547,0.003700825284056,273.00825000000003,55.01735114938414,1.0999700688416847,270.22,6572482,1789729828,2026-09-18T11:10:28Z,NYSE:JNJ
17.33438329122621,0.92116724379855,-8.810385387014547,0.003700825284056,273.00825000000003,55.01735114938414,1.0999700688416847,270.22,6572482,1789730001,2026-09-18T11:13:21Z,NYSE:JNJ
17.33438329122621,0.92116724379855,-8.810385387014547,0.003700825284056,273.00825000000003,55.01735114938414,1.0999700688416847,270.22,6572482,1789730186,2026-09-18T11:16:26Z,NYSE:JNJ
17.33438329122621,0.92116724379855,-8.810385387014547,0.003700825284056,273.00825000000003,55.01735114938414,1.0999700688416847,270.22,6572482,1789730367,2026-09-18T11:19:27Z,NYSE:JNJ
17.33438329122621,0.92116724379855,-8.810385387014547,0.003700825284056,273.00825000000003,55.01735114938414,1.0999700688416847,270.22,6572482,1789730542,2026-09-18T11:22:22Z,NYSE:JNJ
17.33438329122621,0.92116724379855,-8.810385387014547,0.003700825284056,273.00825000000003,55.01735114938414,1.0999700688416847,270.22,6572482,1789730726,2026-09-18T11:25:26Z,NYSE:JNJ
17.33438329122621,0.92116724379855,-8.810385387014547,0.003700825284056,273.00825000000003,55.01735114938414,1.0999700688416847,270.22,6572482,1789730907,2026-09-18T11:28:27Z,NYSE:JNJ
17.33438329122621,0.92116724379855,-8.810385387014547,0.003700825284056,273.00825000000003,55.01735114938414,1.0999700688416847,270.22,6572482,1789731085,2026-09-18T11:31:25Z,NYSE:JNJ
17.33438329122621,0.92116724379855,-8.810385387014547,0.003700825284056,273.00825000000003,55.01735114938414,1.0999700688416847,270.22,6572482,1789731262,2026-09-18T11:34:22Z,NYSE:JNJ
17.33438329122621,0.92116724379855,-8.810385387014547,0.003700825284056,273.00825000000003,55.01735114938414,1.0999700688416847,270.22,6572482,1789731448,2026-09-18T11:37:28Z,NYSE:JNJ
17.33438329122621,0.92116724379855,-8.810385387014547,0.003700825284056,273.00825000000003,55.01735114938414,1.0999700688416847,270.22,6572482,1789731627,2026-09-18T11:40:27Z,NYSE:JNJ
17.33438329122621,0.92116724379855,-8.810385387014547,0.003700825284056,273.00825000000003,55.01735114938414,1.0999700688416847,270.22,6572482,1789731803,2026-09-18T11:43:23Z,NYSE:JNJ
17.33438329122621,0.92116724379855,-8.810385387014547,0.003700825284056,273.00825000000003,55.01735114938414,1.0999700688416847,270.22,6572482,1789731987,2026-09-18T11:46:27Z,NYSE:JNJ
17.33438329122621,0.92116724379855,-8.810385387014547,0.003700825284056,273.00825000000003,55.01735114938414,1.0999700688416847,270.22,6572482,1789732168,2026-09-18T11:49:28Z,NYSE:JNJ
17.33438329122621,0.92116724379855,-8.810385387014547,0.003700825284056,273.00825000000003,55.01735114938414,1.0999700688416847,270.22,6572482,1789732350,2026-09-18T11:52:30Z,NYSE:JNJ
17.33438329122621,0.92116724379855,-8.810385387014547,0.003700825284056,273.00825000000003,55.01735114938414,1.0999700688416847,270.22,6572482,1789732524,2026-09-18T11:55:24Z,NYSE:JNJ
17.33438329122621,0.92116724379855,-8.810385387014547,0.003700825284056,273.00825000000003,55.01735114938414,1.0999700688416847,270.22,6572482,1789732705,2026-09-18T11:58:25Z,NYSE:JNJ
17.33438329122621,0.92116724379855,-8.810385387014547,0.003700825284056,273.00825000000003,55.01735114938414,1.0999700688416847,270.22,6572482,1789732887,2026-09-18T12:01:27Z,NYSE:JNJ
17.33438329122621,0.92116724379855,-8.810385387014547,0.003700825284056,273.00825000000003,55.01735114938414,1.0999700688416847,270.22,6572482,1789733064,2026-09-18T12:04:24Z,NYSE:JNJ
17.33438329122621,0.92116724379855,-8.810385387014547,0.003700825284056,273.00825000000003,55.01735114938414,1.0999700688416847,270.22,6572482,1789733248,2026-09-18T12:07:28Z,NYSE:JNJ
17.33438329122621,0.92116724379855,-8.810385387014547,0.003700825284056,273.00825000000003,55.01735114938414,1.0999700688416847,270.22,6572482,1789733424,2026-09-18T12:10:24Z,NYSE:JNJ
17.33438329122621,0.92116724379855,-8.810385387014547,0.003700825284056,273.00825000000003,55.01735114938414,1.0999700688416847,270.22,6572482,1789733607,2026-09-18T12:13:27Z,NYSE:JNJ
17.33438329122621,0.92116724379855,-8.810385387014547,0.003700825284056,273.00825000000003,55.01735114938414,1.0999700688416847,270.22,6572482,1789733789,2026-09-18T12:16:29Z,NYSE:JNJ
17.33438329122621,0.92116724379855,-8.810385387014547,0.003700825284056,273.00825000000003,55.01735114938414,1.0999700688416847,270.22,6572482,1789733968,2026-09-18T12:19:28Z,NYSE:JNJ
17.33438329122621,0.92116724379855,-8.810385387014547,0.003700825284056,273.00825000000003,55.01735114938414,1.0999700688416847,270.22,6572482,1789734148,2026-09-18T12:22:28Z,NYSE:JNJ
17.33438329122621,0.92116724379855,-8.810385387014547,0.003700825284056,273.00825000000003,55.01735114938414,1.0999700688416847,270.22,6572482,1789734329,2026-09-18T12:25:29Z,NYSE:JNJ
17.33438329122621,0.92116724379855,-8.810385387014547,0.003700825284056,273.00825000000003,55.01735114938414,1.0999700688416847,270.22,6572482,1789734506,2026-09-18T12:28:26Z,NYSE:JNJ
17.33438329122621,0.92116724379855,-8.810385387014547,0.003700825284056,273.00825000000003,55.01735114938414,1.0999700688416847,270.22,6572482,1789734687,2026-09-18T12:31:27Z,NYSE:JNJ
17.33438329122621,0.92116724379855,-8.810385387014547,0.003700825284056,273.00825000000003,55.01735114938414,1.0999700688416847,270.22,6572482,1789734870,2026-09-18T12:34:30Z,NYSE:JNJ
17.33438329122621,0.92116724379855,-8.810385387014547,0.003700825284056,273.00825000000003,55.01735114938414,1.0999700688416847,270.22,6572482,1789735050,2026-09-18T12:37:30Z,NYSE:JNJ
17.33438329122621,0.92116724379855,-8.810385387014547,0.003700825284056,273.00825000000003,55.01735114938414,1.0999700688416847,270.22,6572482,1789735226,2026-09-18T12:40:26Z,NYSE:JNJ
17.33438329122621,0.92116724379855,-8.810385387014547,0.003700825284056,273.00825000000003,55.01735114938414,1.0999700688416847,270.22,6572482,1789735404,2026-09-18T12:43:24Z,NYSE:JNJ
17.33438329122621,0.92116724379855,-8.810385387014547,0.003700825284056,273.00825000000003,55.01735114938414,1.0999700688416847,270.22,6572482,1789735589,2026-09-18T12:46:29Z,NYSE:JNJ
17.33438329122621,0.92116724379855,-8.810385387014547,0.003700825284056,273.00825000000003,55.01735114938414,1.0999700688416847,270.22,6572482,1789735765,2026-09-18T12:49:25Z,NYSE:JNJ
17.33438329122621,0.92116724379855,-8.810385387014547,0.003700825284056,273.00825000000003,55.01735114938414,1.0999700688416847,270.22,6572482,1789735949,2026-09-18T12:52:29Z,NYSE:JNJ
17.33438329122621,0.92116724379855,-8.810385387014547,0.003700825284056,273.00825000000003,55.01735114938414,1.0999700688416847,270.22,6572482,1789736125,2026-09-18T12:55:25Z,NYSE:JNJ
17.33438329122621,0.92116724379855,-8.810385387014547,0.003700825284056,273.00825000000003,55.01735114938414,1.0999700688416847,270.22,6572482,1789736304,2026-09-18T12:58:24Z,NYSE:JNJ
17.33438329122621,0.92116724379855,-8.810385387014547,0.003700825284056,273.00825000000003,55.01735114938414,1.0999700688416847,270.22,6572482,1789736487,2026-09-18T13:01:27Z,NYSE:JNJ
17.33438329122621,0.92116724379855,-8.810385387014547,0.003700825284056,273.00825000000003,55.01735114938414,1.0999700688416847,270.22,6572482,1789736667,2026-09-18T13:04:27Z,NYSE:JNJ
17.33438329122621,0.92116724379855,-8.810385387014547,0.003700825284056,273.00825000000003,55.01735114938414,1.0999700688416847,270.22,6572482,1789736844,2026-09-18T13:07:24Z,NYSE:JNJ
17.33438329122621,0.92116724379855,-8.810385387014547,0.003700825284056,273.00825000000003,55.01735114938414,1.0999700688416847,270.22,6572482,1789737027,2026-09-18T13:10:27Z,NYSE:JNJ
17.33438329122621,0.92116724379855,-8.810385387014547,0.003700825284056,273.00825000000003,55.01735114938414,1.0999700688416847,270.22,6572482,1789737203,2026-09-18T13:13:23Z,NYSE:JNJ
17.33438329122621,0.92116724379855,-8.810385387014547,0.003700825284056,273.00825000000003,55.01735114938414,1.0999700688416847,270.22,6572482,1789737384,2026-09-18T13:16:24Z,NYSE:JNJ
17.33438329122621,0.92116724379855,-8.810385387014547,0.003700825284056,273.00825000000003,55.01735114938414,1.0999700688416847,270.22,6572482,1789737565,2026-09-18T13:19:25Z,NYSE:JNJ
17.33438329122621,0.92116724379855,-8.810385387014547,0.003700825284056,273.00825000000003,55.01735114938414,1.0999700688416847,270.22,6572482,1789737744,2026-09-18T13:22:24Z,NYSE:JNJ
17.33438329122621,0.92116724379855,-8.810385387014547,0.003700825284056,273.00825000000003,55.01735114938414,1.0999700688416847,270.22,6572482,1789737932,2026-09-18T13:25:32Z,NYSE:JNJ
17.33438329122621,0.92116724379855,-8.810385387014547,0.003700825284056,273.00825000000003,55.01735114938414,1.0999700688416847,270.22,6572482,1789738105,2026-09-18T13:28:25Z,NYSE:JNJ
17.33438329122621,0.92116724379855,-8.810385387014547,0.003700825284056,273.00825000000003,55.01735114938414,1.0999700688416847,270.22,6572482,1789738286,2026-09-18T13:31:26Z,NYSE:JNJ
17.33438329122621,0.92116724379855,-8.810385387014547,0.003700825284056,273.00825000000003,55.01735114938414,1.0999700688416847,270.22,6572482,1789738468,2026-09-18T13:34:28Z,NYSE:JNJ
17.33438329122621,0.92116724379855,-8.810385387014547,0.003700825284056,273.00825000000003,55.01735114938414,1.0999700688416847,270.22,6572482,1789738647,2026-09-18T13:37:27Z,NYSE:JNJ
17.33438329122621,0.92116724379855,-8.810385387014547,0.003700825284056,273.00825000000003,55.01735114938414,1.0999700688416847,270.22,6572482,1789738823,2026-09-18T13:40:23Z,NYSE:JNJ
17.33438329122621,0.92116724379855,-8.810385387014547,0.003700825284056,273.00825000000003,55.01735114938414,1.0999700688416847,270.22,6572482,1789739007,2026-09-18T13:43:27Z,NYSE:JNJ
16.67072305484194,0.8210004946844833,-20.827514851264617,0.2648957206283014,273.00825000000003,52.60137317299199,-0.5477018725483006,268.74,1578903,1789739188,2026-09-18T13:46:28Z,NYSE:JNJ
16.67072305484194,0.172429066113068,-19.96600592414705,0.4850203335447567,273.00825000000003,53.53861293600947,-0.3293612611945981,269.33,1611535,1789739368,2026-09-18T13:49:28Z,NYSE:JNJ
16.67072305484194,0.3501004946845114,-16.045140960810624,0.5782934746110553,273.00825000000003,53.94589947781556,-0.2368440529938728,269.58,1644985,1789739547,2026-09-18T13:52:27Z,NYSE:JNJ
16.67072305484194,0.3610004946845038,-15.959292516127002,0.5782934746110553,273.00825000000003,53.94589947781556,-0.2368440529938728,269.58,1675575,1789739724,2026-09-18T13:55:24Z,NYSE:JNJ
16.67072305484194,0.6967147803987928,-25.15977849199771,0.1399097115994478,273.00825000000003,52.08367337887187,-0.6716749315372861,268.405,1702759,1789739910,2026-09-18T13:58:30Z,NYSE:JNJ
16.67072305484194,0.852429066113018,-29.390668592771814,-0.0634257359250677,273.00825000000003,51.26287672047621,-0.8733624454148522,267.86,1732702,1789740088,2026-09-18T14:01:28Z,NYSE:JNJ
16.67072305484194,0.7152862089701557,-25.66558968400064,0.115658694922211,273.00825000000003,51.98440235170472,-0.6957294056694737,268.34,1765600,1789740272,2026-09-18T14:04:32Z,NYSE:JNJ
16.67072305484194,0.4539290661130053,-36.622740734510295,-0.2201246129164552,273.00825000000003,50.64777473345733,-1.0287913551920764,267.44,1808644,1789740442,2026-09-18T14:07:22Z,NYSE:JNJ
16.67072305484194,0.2470719232559304,-36.03959132083442,-0.1380442487781023,273.00825000000003,50.96811840403608,-0.947376211975428,267.66,1844711,1789740628,2026-09-18T14:10:28Z,NYSE:JNJ
16.67072305484194,0.2642147803987882,-36.50000896821816,-0.1604298026340148,273.00825000000003,50.88035075916843,-0.9695803419436032,267.6,1866879,1789740806,2026-09-18T14:13:26Z,NYSE:JNJ
16.67072305484194,0.109929066113068,-32.34635941325339,0.0410401820691764,273.00825000000003,51.681312717073055,-0.7697431722300498,268.14,1906086,1789740991,2026-09-18T14:16:31Z,NYSE:JNJ
16.67072305484194,0.2442147803986927,-35.96282839748025,-0.1343133231354538,273.00825000000003,50.982775791722055,-0.9436755236474026,267.67,1934725,1789741169,2026-09-18T14:19:29Z,NYSE:JNJ
16.67072305484194,0.2727862089701602,-36.73011505469009,-0.1716225795619817,273.00825000000003,50.83658019183849,-0.980682406927701,267.57,1956928,1789741344,2026-09-18T14:22:24Z,NYSE:JNJ
16.67072305484194,0.2385004946844446,-35.80927969875243,-0.1268514718501567,273.00825000000003,51.01211587263692,-0.9362741469913513,267.69,1982173,1789741529,2026-09-18T14:25:29Z,NYSE:JNJ
16.67072305484194,0.2176433518272915,-35.248568245610045,-0.0996157146588053,273.00825000000003,51.11949435060494,-0.9092591221967472,267.763,2005409,1789741708,2026-09-18T14:28:28Z,NYSE:JNJ
16.67072305484194,0.2413576375415687,-35.886057857164175,-0.1305823974928052,273.00825000000003,50.99744161216251,-0.9399748353193768,267.68,2014047,1789741885,2026-09-18T14:31:25Z,NYSE:JNJ
16.67072305484194,0.2485004946844355,-36.0779699265044,-0.1399097115994478,273.00825000000003,50.960792870203406,-0.949226556139462,267.655,2033054,1789742069,2026-09-18T14:34:29Z,NYSE:JNJ
16.67072305484194,0.1885004946844901,-34.46442755316298,-0.0615602731037434,273.00825000000003,51.27028936618993,-0.8715121012508393,267.865,2063372,1789742246,2026-09-18T14:37:26Z,NYSE:JNJ
16.67072305484194,0.1699290661130135,-33.964315516421,-0.0373092564265067,273.00825000000003,51.36684920884163,-0.8474576271186516,267.93,2084399,1789742427,2026-09-18T14:40:27Z,NYSE:JNJ
16.67072305484194,0.0785004946844765,-31.497509260712143,0.0820803641383529,273.00825000000003,51.84757324380913,-0.7290356006217257,268.25,2109541,1789742603,2026-09-18T14:43:23Z,NYSE:JNJ
16.67072305484194,0.0542147803987518,-30.840942939995298,0.1137932321008867,273.00825000000003,51.976781790725305,-0.6975797498334866,268.335,2127015,1789742791,2026-09-18T14:46:31Z,NYSE:JNJ
16.67072305484194,0.006443351827329,-29.54781574672462,0.1761743088460409,273.00825000000003,52.23283116713609,-0.6357042409888279,268.5022,2161780,1789742962,2026-09-18T14:49:22Z,NYSE:JNJ
16.67072305484194,-7.093388694556779e-05,-29.371313296578613,0.1846808193112728,273.00825000000003,52.26794258081048,-0.6272666716009363,268.525,2182572,1789743148,2026-09-18T14:52:28Z,NYSE:JNJ
16.67072305484194,-0.0300709338869182,-28.557955234547773,0.223855538559125,273.00825000000003,52.430251033778326,-0.5884094441566248,268.63,2207892,1789743325,2026-09-18T14:55:25Z,NYSE:JNJ
16.67072305484194,0.0270719232559031,-30.106475751149887,0.1492370257060904,273.00825000000003,52.12195557235804,-0.6624232107172009,268.43,2222630,1789743508,2026-09-18T14:58:28Z,NYSE:JNJ
16.67072305484194,-0.041499505315528,-28.247880538509538,0.2387792411297404,273.00825000000003,52.49234829225644,-0.5736066908445012,268.67,2240579,1789743687,2026-09-18T15:01:27Z,NYSE:JNJ
16.67072305484194,0.0327862089701511,-30.261158167716225,0.1417751744207933,273.00825000000003,52.09132531814736,-0.6698245873732522,268.41,2260310,1789743867,2026-09-18T15:04:27Z,NYSE:JNJ
16.67072305484194,-0.0186423624584222,-28.867906301175456,0.2089318359885096,273.00825000000003,52.36830052100251,-0.6032121974687485,268.59,2278278,1789744046,2026-09-18T15:07:26Z,NYSE:JNJ
16.67072305484194,-0.0529280767441378,-27.93768213907577,0.2537029437003346,273.00825000000003,52.554592818462346,-0.5588039375323987,268.71,2295387,1789744226,2026-09-18T15:10:26Z,NYSE:JNJ
16.67072305484194,-0.0814995053154916,-27.16164445210111,0.2910122001268625,273.00825000000003,52.710851878488754,-0.5217970542521001,268.81,2308067,1789744407,2026-09-18T15:13:27Z,NYSE:JNJ
16.67072305484194,0.0842147803987245,-31.65191475523076,0.0746185128530558,273.00825000000003,51.81726453684056,-0.736436977277777,268.23,2333037,1789744585,2026-09-18T15:16:25Z,NYSE:JNJ
16.67072305484194,0.0413576375416369,-30.49312403439617,0.1305823974928264,273.00825000000003,52.0454473786242,-0.6809266523573502,268.38,2349592,1789744769,2026-09-18T15:19:29Z,NYSE:JNJ
16.67072305484194,0.109929066113068,-32.34635941325339,0.0410401820691764,273.00825000000003,51.681312717073055,-0.7697431722300498,268.14,2371781,1789744947,2026-09-18T15:22:27Z,NYSE:JNJ
16.67072305484194,0.0727862089702284,-31.34307303381629,0.08954221542365,273.00825000000003,51.87791742757694,-0.7216342239656743,268.27,2383400,1789745123,2026-09-18T15:25:23Z,NYSE:JNJ
16.67072305484194,-0.0100709338869364,-29.100288513814853,0.1977390590605639,273.00825000000003,52.32193362564704,-0.6143142624528255,268.56,2393152,1789745307,2026-09-18T15:28:27Z,NYSE:JNJ
16.67072305484194,-0.0486423624583949,-28.054021040052007,0.2481065552363618,273.00825000000003,52.53123382995877,-0.5643549700244371,268.695,2402882,1789745484,2026-09-18T15:31:24Z,NYSE:JNJ
16.67072305484194,-0.0300709338869182,-28.557955234547773,0.223855538559125,273.00825000000003,52.430251033778326,-0.5884094441566248,268.63,2412722,1789745666,2026-09-18T15:34:26Z,NYSE:JNJ
16.67072305484194,-0.044356648172652,-28.170342538735216,0.2425101667723889,273.00825000000003,52.50789559701244,-0.5699060025164755,268.68,2423100,1789745847,2026-09-18T15:37:27Z,NYSE:JNJ
16.67072305484194,-0.1657852196012754,-24.86781488728858,0.4010745065851007,273.00825000000003,53.17727776879043,-0.4126267485752383,269.105,2443534,1789746024,2026-09-18T15:40:24Z,NYSE:JNJ
16.67072305484194,-0.1929280767441241,-24.12768383582977,0.4365183001902832,273.00825000000003,53.32924489046415,-0.3774702094589736,269.2,2455427,1789746205,2026-09-18T15:43:25Z,NYSE:JNJ
16.67072305484194,-0.1814995053155144,-24.43940362879906,0.421594597619689,273.00825000000003,53.26515299711494,-0.3922729627710762,269.16,2491060,1789746385,2026-09-18T15:46:25Z,NYSE:JNJ
16.67072305484194,-0.2529280767440696,-22.48910749927525,0.5148677386859876,273.00825000000003,53.66827389421046,-0.2997557545703509,269.41,2505820,1789746562,2026-09-18T15:49:22Z,NYSE:JNJ
16.67072305484194,-0.2443566481726975,-22.723400657010945,0.5036749617580207,273.00825000000003,53.61957750423876,-0.3108578195544489,269.38,2538297,1789746745,2026-09-18T15:52:25Z,NYSE:JNJ
16.67072305484194,-0.2529280767440696,-22.48910749927525,0.5148677386859876,273.00825000000003,53.66827389421046,-0.2997557545703509,269.41,2554013,1789746920,2026-09-18T15:55:20Z,NYSE:JNJ
16.67072305484194,-0.1900709338870001,-24.20562547076764,0.4327873745476346,273.00825000000003,53.31320746160837,-0.3811708977869993,269.19,2578168,1789747103,2026-09-18T15:58:23Z,NYSE:JNJ
16.67072305484194,-0.1843566481726384,-24.361485366084,0.4253255232623375,273.00825000000003,53.281161523622806,-0.3885722744430506,269.17,2603043,1789747286,2026-09-18T16:01:26Z,NYSE:JNJ
16.67072305484194,-0.1414995053155507,-25.52944205523613,0.3693616386225457,273.00825000000003,53.04203945781215,-0.4440825993634984,269.02,2649599,1789747467,2026-09-18T16:04:27Z,NYSE:JNJ
16.67072305484194,-0.130070933886941,-25.84060167095639,0.3544379360519515,273.00825000000003,52.97863563085042,-0.458885352675601,268.98,2662088,1789747646,2026-09-18T16:07:26Z,NYSE:JNJ
16.67072305484194,-0.1314995053155598,-25.80171351701388,0.3563033988732758,273.00825000000003,52.986552818473065,-0.4570350085115881,268.985,2677434,1789747825,2026-09-18T16:10:25Z,NYSE:JNJ
16.67072305484194,-0.1229280767440741,-26.03501331574602,0.3451106219453089,273.00825000000003,52.939085155545456,-0.4681370734956862,268.955,2689471,1789748006,2026-09-18T16:13:26Z,NYSE:JNJ
16.67072305484194,-0.1043566481727111,-26.54025652550025,0.3208596052680721,273.00825000000003,52.836529746480366,-0.4921915476278738,268.89,2708539,1789748186,2026-09-18T16:16:26Z,NYSE:JNJ
16.67072305484194,-0.1257852196011981,-25.95725448223331,0.3488415475879574,273.00825000000003,52.95489825734288,-0.4644363851676604,268.965,2722508,1789748366,2026-09-18T16:19:26Z,NYSE:JNJ
16.67072305484194,-0.1907852196012527,-24.18614079257035,0.4337201059582968,273.00825000000003,53.31721591446933,-0.3802457257049929,269.1925,2736485,1789748544,2026-09-18T16:22:24Z,NYSE:JNJ
16.67072305484194,-0.2072137910298579,-23.73785874157996,0.4551729284035471,273.00825000000003,53.40957698187714,-0.3589667678188243,269.25,2745876,1789748727,2026-09-18T16:25:27Z,NYSE:JNJ
16.67072305484194,-0.2357852196012118,-22.95762348736457,0.492482184830075,273.00825000000003,53.57096940436929,-0.3219598845385258,269.35,2757544,1789748907,2026-09-18T16:28:27Z,NYSE:JNJ
16.67072305484194,-0.2114995053154871,-23.620873200199625,0.46076931686752,273.00825000000003,53.433723823608425,-0.3534157353267859,269.265,2769701,1789749088,2026-09-18T16:31:28Z,NYSE:JNJ
16.67072305484194,-0.1929280767441241,-24.12768383582977,0.4365183001902832,273.00825000000003,53.32924489046415,-0.3774702094589736,269.2,2775881,1789749265,2026-09-18T16:34:25Z,NYSE:JNJ
16.67072305484194,-0.2072137910298579,-23.73785874157996,0.4551729284035471,273.00825000000003,53.40957698187714,-0.3589667678188243,269.25,2789242,1789749446,2026-09-18T16:37:26Z,NYSE:JNJ
16.67072305484194,-0.2514995053155644,-22.52816124408789,0.5130022758646421,273.00825000000003,53.660151687751,-0.3016060987343847,269.405,2795683,1789749628,2026-09-18T16:40:28Z,NYSE:JNJ
16.67072305484194,-0.2329280767440877,-23.03568214131484,0.4887512591874053,273.00825000000003,53.55478628294665,-0.3256605728665725,269.34,2804603,1789749803,2026-09-18T16:43:23Z,NYSE:JNJ
16.67072305484194,-0.2672137910298033,-22.09846253392181,0.5335223668992303,273.00825000000003,53.74963139872813,-0.2590481829620477,269.52,2814943,1789749986,2026-09-18T16:46:26Z,NYSE:JNJ
16.67072305484194,-0.3443566481727202,-19.985596222566286,0.6342573592508471,273.00825000000003,54.193259474987926,-0.181333728073425,269.73,2825116,1789750162,2026-09-18T16:49:22Z,NYSE:JNJ
16.67072305484194,-0.3357852196012345,-20.22064151404029,0.6230645823228803,273.00825000000003,54.143606165292105,-0.1924357930575229,269.7,2833650,1789750346,2026-09-18T16:52:26Z,NYSE:JNJ
16.67072305484194,-0.3459280767441441,-19.942496917951534,0.6363093683542996,273.00825000000003,54.20237246208027,-0.1792983494930151,269.7355,2846931,1789750527,2026-09-18T16:55:27Z,NYSE:JNJ
16.67072305484194,-0.3214995053155007,-20.61222664605557,0.6044099541096164,273.00825000000003,54.06105253500653,-0.2109392346976722,269.65,2864220,1789750708,2026-09-18T16:58:28Z,NYSE:JNJ
16.67072305484194,-0.3172137910298716,-20.729663930144024,0.5988135656456435,273.00825000000003,54.03633551310936,-0.2164902671897107,269.635,2876550,1789750885,2026-09-18T17:01:25Z,NYSE:JNJ
16.67072305484194,-0.2920709338869756,-21.4182739636397,0.5659814199903194,273.00825000000003,53.89178301180191,-0.2490563244763532,269.547,2890416,1789751067,2026-09-18T17:04:27Z,NYSE:JNJ
16.67072305484194,-0.3729280767440741,-19.20160114057118,0.6715666156773539,273.00825000000003,54.35943025775361,-0.1443268447931475,269.83,2907122,1789751248,2026-09-18T17:07:28Z,NYSE:JNJ
16.67072305484194,-0.309685219601306,-18.251129758161355,0.6883557810692935,273.00825000000003,54.434540033332894,-0.127673747317011,269.875,2915960,1789751427,2026-09-18T17:10:27Z,NYSE:JNJ
16.67072305484194,-0.2900709338869092,-17.238168953247794,0.7200686490318274,273.00825000000003,54.57698184714143,-0.096217896528772,269.96,2923717,1789751604,2026-09-18T17:13:24Z,NYSE:JNJ
16.67072305484194,-0.2193566481727202,-17.945572143767816,0.6734320784986781,273.00825000000003,54.36776555096751,-0.1424765006291346,269.835,2942200,1789751789,2026-09-18T17:16:29Z,NYSE:JNJ
16.67072305484194,-0.2564995053155599,-16.923562268938426,0.7219341118531517,273.00825000000003,54.58538399628197,-0.0943675523647591,269.965,2957542,1789751967,2026-09-18T17:19:27Z,NYSE:JNJ
16.67072305484194,-0.2379280767440832,-17.434733964289723,0.6976830951759149,273.00825000000003,54.47635744265296,-0.1184220264969469,269.9,2964847,1789752149,2026-09-18T17:22:29Z,NYSE:JNJ
16.67072305484194,-0.2064995053156053,-18.299034143300407,0.6566429131067597,273.00825000000003,54.292839808852726,-0.1591295981052501,269.79,2973735,1789752323,2026-09-18T17:25:23Z,NYSE:JNJ
16.67072305484194,-0.1436423624584222,-20.02477534654485,0.5745625489684067,273.00825000000003,53.92948907500369,-0.2405447413218985,269.57,2982077,1789752509,2026-09-18T17:28:29Z,NYSE:JNJ
16.67072305484194,-0.1779280767441378,-19.08393405279504,0.6193336566802318,273.00825000000003,54.12707527530316,-0.1961364813855486,269.69,2990445,1789752688,2026-09-18T17:31:28Z,NYSE:JNJ
16.67072305484194,-0.2093566481727293,-18.220500827503315,0.6603738387494082,273.00825000000003,54.30947212136494,-0.1554289097772244,269.8,3001995,1789752862,2026-09-18T17:34:22Z,NYSE:JNJ
16.67072305484194,-0.2350709338869592,-17.5133461533995,0.6939521695332663,273.00825000000003,54.459622771354525,-0.1221227148249725,269.89,3013040,1789753047,2026-09-18T17:37:27Z,NYSE:JNJ
16.67072305484194,-0.236499505315578,-17.47404104550355,0.6958176323545906,273.00825000000003,54.46798882161932,-0.1202723706609597,269.895,3017711,1789753224,2026-09-18T17:40:24Z,NYSE:JNJ
16.67072305484194,-0.200070933886991,-15.112118043740384,0.7723016080289707,273.00825000000003,54.81322400169139,-0.0444082599363498,270.1,3030423,1789753407,2026-09-18T17:43:27Z,NYSE:JNJ
16.67072305484194,-0.0179280767440559,-11.615246548560505,0.8478528522926675,273.00825000000003,55.132225389627656,0.0305306787062326,270.3025,3064118,1789753588,2026-09-18T17:46:28Z,NYSE:JNJ
16.67072305484194,0.0642147803987427,-9.61285939426587,0.8972876170578031,273.00825000000003,55.31549754299771,0.0795647990526145,270.435,3077774,1789753765,2026-09-18T17:49:25Z,NYSE:JNJ
16.67072305484194,0.1523433518272554,-7.890302274619719,0.9345968734843312,273.00825000000003,55.452827794572,0.116571682332913,270.535,3105713,1789753942,2026-09-18T17:52:22Z,NYSE:JNJ
16.67072305484194,0.1742147803987563,-8.023185349027287,0.9234040965563642,273.00825000000003,55.4117174337619,0.105469617348815,270.505,3129170,1789754125,2026-09-18T17:55:25Z,NYSE:JNJ
16.67072305484194,0.2327862089701966,-9.652560139604963,0.8469201208820053,273.00825000000003,55.12875297301161,0.0296055066242262,270.3,3159367,1789754304,2026-09-18T17:58:24Z,NYSE:JNJ
16.67072305484194,0.2385004946844446,-9.811343092119415,0.839458269596687,273.00825000000003,55.10095427895804,0.0222041299681538,270.28,3178988,1789754486,2026-09-18T18:01:26Z,NYSE:JNJ
16.67072305484194,0.2642147803987882,-5.512925870713408,0.9886952953027774,273.00825000000003,55.65046393873663,0.170231663089327,270.68,3191901,1789754668,2026-09-18T18:04:28Z,NYSE:JNJ
16.690769952670315,0.4570719232558531,-2.634243852404192,1.037197328657251,273.00825000000003,55.82616995713075,0.2183406113537025,270.81,3209770,1789754840,2026-09-18T18:07:20Z,NYSE:JNJ
16.690769952670315,0.4385004946844901,-2.1133619446588847,1.0614483453344878,273.00825000000003,55.91350190840433,0.2423950854858902,270.875,3248235,1789755027,2026-09-18T18:10:27Z,NYSE:JNJ
16.702739462038227,0.4542147803987291,-0.3879965194445152,1.1192776927955828,273.00825000000003,56.12036805539718,0.2997557545703299,271.03,3271915,1789755212,2026-09-18T18:13:32Z,NYSE:JNJ
16.723581147290574,0.5992147803987109,-0.6691265015217449,1.0670447337984603,273.00825000000003,55.93360641963898,0.2479461179779287,270.89,3304823,1789755389,2026-09-18T18:16:29Z,NYSE:JNJ
16.831572983063023,0.9913576375416256,8.312505451877591,1.2797074954296188,273.00825000000003,56.68422209756002,0.4588853526755799,271.46,3352781,1789755566,2026-09-18T18:19:26Z,NYSE:JNJ
16.831572983063023,1.0685004946844288,6.169548946675906,1.1789725030780231,273.00825000000003,56.33188082587992,0.3589667678188033,271.19,3372055,1789755751,2026-09-18T18:22:31Z,NYSE:JNJ
16.831572983063023,1.128500494684488,4.497242496676759,1.10062306458234,273.00825000000003,56.05384947570139,0.2812523129302016,270.98,3392338,1789755928,2026-09-18T18:25:28Z,NYSE:JNJ
16.831572983063023,1.1056719232558976,5.13409051135194,1.1304331604671325,273.00825000000003,56.16005003800617,0.3108208126711568,271.0599,3403662,1789756108,2026-09-18T18:28:28Z,NYSE:JNJ
16.831572983063023,1.051357637541571,6.646455513239745,1.2013580569339355,273.00825000000003,56.41067335586526,0.3811708977869782,271.25,3435482,1789756291,2026-09-18T18:31:31Z,NYSE:JNJ
16.831572983063023,1.0599290661130567,6.408051884672823,1.19016528000599,273.00825000000003,56.37131266527389,0.3700688328029013,271.22,3453159,1789756463,2026-09-18T18:34:23Z,NYSE:JNJ
16.831572983063023,1.008500494684483,7.836986183329492,1.2573219415737062,273.00825000000003,56.60641628632546,0.436681222707405,271.4,3468756,1789756648,2026-09-18T18:37:28Z,NYSE:JNJ
16.831572983063023,1.008500494684483,7.836986183329492,1.2573219415737062,273.00825000000003,56.60641628632546,0.436681222707405,271.4,3483919,1789756818,2026-09-18T18:40:18Z,NYSE:JNJ
16.831572983063023,0.9513576375415482,9.420514144434286,1.331940454426762,273.00825000000003,56.86468845030379,0.5106949892680022,271.6,3503140,1789757004,2026-09-18T18:43:24Z,NYSE:JNJ
16.835397794448692,0.9699290661130248,9.618146866905942,1.3338059172480865,273.00825000000003,56.87110586957627,0.5125453334320149,271.605,3518100,1789757186,2026-09-18T18:46:26Z,NYSE:JNJ
16.835397794448692,0.9770719232558918,9.420514144432865,1.3244786031414435,273.00825000000003,56.83899966407723,0.5032936126119298,271.58,3538392,1789757362,2026-09-18T18:49:22Z,NYSE:JNJ
16.835397794448692,0.9985004946843788,8.827205302676221,1.2964966608215585,273.00825000000003,56.74239359787431,0.4755384501517164,271.505,3574767,1789757547,2026-09-18T18:52:27Z,NYSE:JNJ
16.835397794448692,1.0027862089701216,8.708469554054076,1.2909002723575855,273.00825000000003,56.72302046603131,0.4699874176596779,271.49,3642524,1789757726,2026-09-18T18:55:26Z,NYSE:JNJ
16.835397794448692,1.0156433518272363,8.352114209233337,1.274111106965646,273.00825000000003,56.664796814198255,0.4533343201835415,271.445,3698804,1789757907,2026-09-18T18:58:27Z,NYSE:JNJ
16.84303373474402,0.9799290661130726,10.763069194213738,1.3729806364959174,273.00825000000003,57.00543195539893,0.5514025608763052,271.71,3724635,1789758086,2026-09-18T19:01:26Z,NYSE:JNJ
16.860148195805948,1.0710110661130443,11.44272071052993,1.3715677349550492,273.00825000000003,57.00060180759218,0.550001110206485,271.706213,3750570,1789758266,2026-09-18T19:04:26Z,NYSE:JNJ
16.860148195805948,1.0742147803986768,11.354369972287646,1.3673842480319445,273.00825000000003,56.98629376538995,0.5458515283842668,271.695,3771899,1789758446,2026-09-18T19:07:26Z,NYSE:JNJ
16.860148195805948,1.0899290661130294,10.920809361598058,1.3468641569973565,273.00825000000003,56.91597439432484,0.5254977425801047,271.64,3794574,1789758625,2026-09-18T19:10:25Z,NYSE:JNJ
16.860148195805948,1.0927862089701534,10.84194473125505,1.3431332313547075,273.00825000000003,56.90316434484631,0.521797054252079,271.63,3815793,1789758802,2026-09-18T19:13:22Z,NYSE:JNJ
16.860148195805948,1.1099290661130112,10.368527829279484,1.3207476774987952,273.00825000000003,56.82614379352923,0.4995929242839041,271.57,3852359,1789758985,2026-09-18T19:16:25Z,NYSE:JNJ
16.860148195805948,1.0927862089701534,10.84194473125505,1.3431332313547075,273.00825000000003,56.90316434484631,0.521797054252079,271.63,3883466,1789759168,2026-09-18T19:19:28Z,NYSE:JNJ
16.860148195805948,1.1113576375415164,10.329058682068435,1.318882214677471,273.00825000000003,56.81971298590479,0.4977425801198913,271.565,3915952,1789759344,2026-09-18T19:22:24Z,NYSE:JNJ
16.860148195805948,1.127071923255869,9.894717796971095,1.2983621236428826,273.00825000000003,56.74884745463331,0.4773887943157291,271.51,3972599,1789759528,2026-09-18T19:25:28Z,NYSE:JNJ
