ADX,BBPower,CCI20,Perf.W,Pivot.M.Camarilla.R3,RSI,change,close,volume,timestamp_utc,fecha_iso,simbolo
7.181092828281385,0.3743048581468429,-32.532211771736016,-0.98550216810477,352.3641,47.28406711912854,1.951292844257352,339.09,14972858,1789154858,2026-09-11T19:27:38Z,NASDAQ:GOOGL
7.181092828281385,0.3485905724324993,-32.056482118087814,-0.9592221102886334,352.3641,47.35864595107661,1.9783523752254912,339.18,15048073,1789155036,2026-09-11T19:30:36Z,NASDAQ:GOOGL
7.181092828281385,0.3800191438610909,-32.6378745679071,-0.9913421809527928,352.3641,47.26746533897667,1.9452796151533285,339.07,15114719,1789155219,2026-09-11T19:33:39Z,NASDAQ:GOOGL
7.181092828281385,0.3971620010039487,-32.9547432606087,-1.0088622194968784,352.3641,47.21759719858859,1.927239927841241,339.01,15179512,1789155398,2026-09-11T19:36:38Z,NASDAQ:GOOGL
7.181092828281385,0.3271620010040124,-31.65973163146704,-0.9373220621085308,352.3641,47.29236408976853,2.000901984365596,339.255,15279973,1789155575,2026-09-11T19:39:35Z,NASDAQ:GOOGL
7.181092828281385,0.3857334295753389,-32.74351741101043,-0.997182193800816,352.3641,47.25085309876398,1.939266386049305,339.05,15319252,1789155757,2026-09-11T19:42:37Z,NASDAQ:GOOGL
7.181092828281385,0.3657334295753571,-32.373680153102065,-0.9767421488327188,352.3641,47.30895019834338,1.960312687913404,339.12,15370374,1789155937,2026-09-11T19:45:37Z,NASDAQ:GOOGL
7.181092828281385,0.3771620010039669,-32.585045664308566,-0.9884221745287812,352.3641,47.27576753594265,1.94828622970534,339.08,15452006,1789156116,2026-09-11T19:48:36Z,NASDAQ:GOOGL
7.181092828281385,0.3714477152897188,-32.479372889480715,-0.982582161680742,352.3641,47.29236408976853,1.9542994588093805,339.1,15536530,1789156296,2026-09-11T19:51:36Z,NASDAQ:GOOGL
7.181092828281385,0.3857334295753389,-32.74351741101043,-0.997182193800816,352.3641,47.25085309876398,1.939266386049305,339.05,15606408,1789156479,2026-09-11T19:54:39Z,NASDAQ:GOOGL
7.181092828281385,0.4857334295753617,-34.5890431991012,-1.099382418641317,352.3641,46.95843521348273,1.834034876728793,338.7,15687233,1789156659,2026-09-11T19:57:39Z,NASDAQ:GOOGL
7.181092828281385,0.4700191438611227,-34.29943533334151,-1.0833223833092374,352.3641,47.00460111303015,1.8505712567648744,338.755,15870880,1789156837,2026-09-11T20:00:37Z,NASDAQ:GOOGL
7.181092828281385,0.4943048581468474,-34.74694785016245,-1.1081424379133515,352.3641,46.93321989608778,1.825015033072758,338.67,16015519,1789157014,2026-09-11T20:03:34Z,NASDAQ:GOOGL
7.181092828281385,0.6157334295753571,-36.97914350767423,-1.2322427109339555,352.3641,46.57340988430976,1.6972339146121411,338.245,16198733,1789157193,2026-09-11T20:06:33Z,NASDAQ:GOOGL
7.181092828281385,0.525733429575439,-35.32554978600355,-1.1402625085775109,352.3641,46.84055826229887,1.791942273000595,338.56,16496019,1789157378,2026-09-11T20:09:38Z,NASDAQ:GOOGL
7.181092828281385,0.3843048581468338,-32.71710857052433,-0.99572219058881,352.3641,47.25500713998844,1.940769693325311,339.055,16895433,1789157555,2026-09-11T20:12:35Z,NASDAQ:GOOGL
7.181092828281385,0.5428762867182968,-35.640898209654054,-1.1577825471215963,352.3641,46.78987902996488,1.7739025856885078,338.5,21619121,1789157734,2026-09-11T20:15:34Z,NASDAQ:GOOGL
7.181092828281385,0.5428762867182968,-35.640898209654054,-1.1577825471215963,352.3641,46.78987902996488,1.7739025856885078,338.5,22152865,1789157916,2026-09-11T20:18:36Z,NASDAQ:GOOGL
7.181092828281385,0.5428762867182968,-35.640898209654054,-1.1577825471215963,352.3641,46.78987902996488,1.7739025856885078,338.5,22178522,1789158097,2026-09-11T20:21:37Z,NASDAQ:GOOGL
7.181092828281385,0.5428762867182968,-35.640898209654054,-1.1577825471215963,352.3641,46.78987902996488,1.7739025856885078,338.5,22393090,1789158276,2026-09-11T20:24:36Z,NASDAQ:GOOGL
7.181092828281385,0.5428762867182968,-35.640898209654054,-1.1577825471215963,352.3641,46.78987902996488,1.7739025856885078,338.5,22406657,1789158456,2026-09-11T20:27:36Z,NASDAQ:GOOGL
7.181092828281385,0.5428762867182968,-35.640898209654054,-1.1577825471215963,352.3641,46.78987902996488,1.7739025856885078,338.5,22410540,1789158635,2026-09-11T20:30:35Z,NASDAQ:GOOGL
7.181092828281385,0.5428762867182968,-35.640898209654054,-1.1577825471215963,352.3641,46.78987902996488,1.7739025856885078,338.5,22411263,1789158816,2026-09-11T20:33:36Z,NASDAQ:GOOGL
7.181092828281385,0.5428762867182968,-35.640898209654054,-1.1577825471215963,352.3641,46.78987902996488,1.7739025856885078,338.5,22413938,1789158995,2026-09-11T20:36:35Z,NASDAQ:GOOGL
7.181092828281385,0.5428762867182968,-35.640898209654054,-1.1577825471215963,352.3641,46.78987902996488,1.7739025856885078,338.5,22416749,1789159174,2026-09-11T20:39:34Z,NASDAQ:GOOGL
7.181092828281385,0.5428762867182968,-35.640898209654054,-1.1577825471215963,352.3641,46.78987902996488,1.7739025856885078,338.5,22417152,1789159358,2026-09-11T20:42:38Z,NASDAQ:GOOGL
7.181092828281385,0.5428762867182968,-35.640898209654054,-1.1577825471215963,352.3641,46.78987902996488,1.7739025856885078,338.5,22418217,1789159537,2026-09-11T20:45:37Z,NASDAQ:GOOGL
7.181092828281385,0.5428762867182968,-35.640898209654054,-1.1577825471215963,352.3641,46.78987902996488,1.7739025856885078,338.5,22418762,1789159717,2026-09-11T20:48:37Z,NASDAQ:GOOGL
7.181092828281385,0.5428762867182968,-35.640898209654054,-1.1577825471215963,352.3641,46.78987902996488,1.7739025856885078,338.5,22420715,1789159894,2026-09-11T20:51:34Z,NASDAQ:GOOGL
7.181092828281385,0.5428762867182968,-35.640898209654054,-1.1577825471215963,352.3641,46.78987902996488,1.7739025856885078,338.5,22421055,1789160076,2026-09-11T20:54:36Z,NASDAQ:GOOGL
7.181092828281385,0.5428762867182968,-35.640898209654054,-1.1577825471215963,352.3641,46.78987902996488,1.7739025856885078,338.5,22426926,1789160257,2026-09-11T20:57:37Z,NASDAQ:GOOGL
7.181092828281385,0.5428762867182968,-35.640898209654054,-1.1577825471215963,352.3641,46.78987902996488,1.7739025856885078,338.5,22434590,1789160437,2026-09-11T21:00:37Z,NASDAQ:GOOGL
7.181092828281385,0.5428762867182968,-35.640898209654054,-1.1577825471215963,352.3641,46.78987902996488,1.7739025856885078,338.5,22435583,1789160614,2026-09-11T21:03:34Z,NASDAQ:GOOGL
7.181092828281385,0.5428762867182968,-35.640898209654054,-1.1577825471215963,352.3641,46.78987902996488,1.7739025856885078,338.5,22436209,1789160797,2026-09-11T21:06:37Z,NASDAQ:GOOGL
7.181092828281385,0.5428762867182968,-35.640898209654054,-1.1577825471215963,352.3641,46.78987902996488,1.7739025856885078,338.5,23603356,1789160977,2026-09-11T21:09:37Z,NASDAQ:GOOGL
7.181092828281385,0.5428762867182968,-35.640898209654054,-1.1577825471215963,352.3641,46.78987902996488,1.7739025856885078,338.5,23605636,1789161158,2026-09-11T21:12:38Z,NASDAQ:GOOGL
7.181092828281385,0.5428762867182968,-35.640898209654054,-1.1577825471215963,352.3641,46.78987902996488,1.7739025856885078,338.5,24283715,1789161336,2026-09-11T21:15:36Z,NASDAQ:GOOGL
7.181092828281385,0.5428762867182968,-35.640898209654054,-1.1577825471215963,352.3641,46.78987902996488,1.7739025856885078,338.5,24284266,1789161517,2026-09-11T21:18:37Z,NASDAQ:GOOGL
7.181092828281385,0.5428762867182968,-35.640898209654054,-1.1577825471215963,352.3641,46.78987902996488,1.7739025856885078,338.5,24284965,1789161694,2026-09-11T21:21:34Z,NASDAQ:GOOGL
7.181092828281385,0.5428762867182968,-35.640898209654054,-1.1577825471215963,352.3641,46.78987902996488,1.7739025856885078,338.5,24285170,1789161877,2026-09-11T21:24:37Z,NASDAQ:GOOGL
7.181092828281385,0.5428762867182968,-35.640898209654054,-1.1577825471215963,352.3641,46.78987902996488,1.7739025856885078,338.5,24285268,1789162056,2026-09-11T21:27:36Z,NASDAQ:GOOGL
7.181092828281385,0.5428762867182968,-35.640898209654054,-1.1577825471215963,352.3641,46.78987902996488,1.7739025856885078,338.5,24286001,1789162236,2026-09-11T21:30:36Z,NASDAQ:GOOGL
7.181092828281385,0.5428762867182968,-35.640898209654054,-1.1577825471215963,352.3641,46.78987902996488,1.7739025856885078,338.5,24287616,1789162417,2026-09-11T21:33:37Z,NASDAQ:GOOGL
7.181092828281385,0.5428762867182968,-35.640898209654054,-1.1577825471215963,352.3641,46.78987902996488,1.7739025856885078,338.5,24287962,1789162597,2026-09-11T21:36:37Z,NASDAQ:GOOGL
7.181092828281385,0.5428762867182968,-35.640898209654054,-1.1577825471215963,352.3641,46.78987902996488,1.7739025856885078,338.5,24288302,1789162779,2026-09-11T21:39:39Z,NASDAQ:GOOGL
7.181092828281385,0.5428762867182968,-35.640898209654054,-1.1577825471215963,352.3641,46.78987902996488,1.7739025856885078,338.5,24589567,1789162952,2026-09-11T21:42:32Z,NASDAQ:GOOGL
7.181092828281385,0.5428762867182968,-35.640898209654054,-1.1577825471215963,352.3641,46.78987902996488,1.7739025856885078,338.5,24589979,1789163136,2026-09-11T21:45:36Z,NASDAQ:GOOGL
7.181092828281385,0.5428762867182968,-35.640898209654054,-1.1577825471215963,352.3641,46.78987902996488,1.7739025856885078,338.5,24664885,1789163317,2026-09-11T21:48:37Z,NASDAQ:GOOGL
7.181092828281385,0.5428762867182968,-35.640898209654054,-1.1577825471215963,352.3641,46.78987902996488,1.7739025856885078,338.5,24664970,1789163494,2026-09-11T21:51:34Z,NASDAQ:GOOGL
7.181092828281385,0.5428762867182968,-35.640898209654054,-1.1577825471215963,352.3641,46.78987902996488,1.7739025856885078,338.5,24665626,1789163676,2026-09-11T21:54:36Z,NASDAQ:GOOGL
7.181092828281385,0.5428762867182968,-35.640898209654054,-1.1577825471215963,352.3641,46.78987902996488,1.7739025856885078,338.5,24665698,1789163854,2026-09-11T21:57:34Z,NASDAQ:GOOGL
7.181092828281385,0.5428762867182968,-35.640898209654054,-1.1577825471215963,352.3641,46.78987902996488,1.7739025856885078,338.5,24708226,1789362036,2026-09-14T05:00:36Z,NASDAQ:GOOGL
7.181092828281385,0.5428762867182968,-35.640898209654054,-1.1577825471215963,352.3641,46.78987902996488,1.7739025856885078,338.5,24708226,1789362216,2026-09-14T05:03:36Z,NASDAQ:GOOGL
7.181092828281385,0.5428762867182968,-35.640898209654054,-1.1577825471215963,352.3641,46.78987902996488,1.7739025856885078,338.5,24708226,1789362394,2026-09-14T05:06:34Z,NASDAQ:GOOGL
7.181092828281385,0.5428762867182968,-35.640898209654054,-1.1577825471215963,352.3641,46.78987902996488,1.7739025856885078,338.5,24708226,1789362575,2026-09-14T05:09:35Z,NASDAQ:GOOGL
7.181092828281385,0.5428762867182968,-35.640898209654054,-1.1577825471215963,352.3641,46.78987902996488,1.7739025856885078,338.5,24708226,1789362755,2026-09-14T05:12:35Z,NASDAQ:GOOGL
7.181092828281385,0.5428762867182968,-35.640898209654054,-1.1577825471215963,352.3641,46.78987902996488,1.7739025856885078,338.5,24708226,1789362938,2026-09-14T05:15:38Z,NASDAQ:GOOGL
7.181092828281385,0.5428762867182968,-35.640898209654054,-1.1577825471215963,352.3641,46.78987902996488,1.7739025856885078,338.5,24708226,1789363113,2026-09-14T05:18:33Z,NASDAQ:GOOGL
7.181092828281385,0.5428762867182968,-35.640898209654054,-1.1577825471215963,352.3641,46.78987902996488,1.7739025856885078,338.5,24708226,1789363296,2026-09-14T05:21:36Z,NASDAQ:GOOGL
7.181092828281385,0.5428762867182968,-35.640898209654054,-1.1577825471215963,352.3641,46.78987902996488,1.7739025856885078,338.5,24708226,1789363476,2026-09-14T05:24:36Z,NASDAQ:GOOGL
7.181092828281385,0.5428762867182968,-35.640898209654054,-1.1577825471215963,352.3641,46.78987902996488,1.7739025856885078,338.5,24708226,1789363655,2026-09-14T05:27:35Z,NASDAQ:GOOGL
7.181092828281385,0.5428762867182968,-35.640898209654054,-1.1577825471215963,352.3641,46.78987902996488,1.7739025856885078,338.5,24708226,1789363834,2026-09-14T05:30:34Z,NASDAQ:GOOGL
7.181092828281385,0.5428762867182968,-35.640898209654054,-1.1577825471215963,352.3641,46.78987902996488,1.7739025856885078,338.5,24708226,1789364013,2026-09-14T05:33:33Z,NASDAQ:GOOGL
7.181092828281385,0.5428762867182968,-35.640898209654054,-1.1577825471215963,352.3641,46.78987902996488,1.7739025856885078,338.5,24708226,1789364196,2026-09-14T05:36:36Z,NASDAQ:GOOGL
7.181092828281385,0.5428762867182968,-35.640898209654054,-1.1577825471215963,352.3641,46.78987902996488,1.7739025856885078,338.5,24708226,1789364374,2026-09-14T05:39:34Z,NASDAQ:GOOGL
7.181092828281385,0.5428762867182968,-35.640898209654054,-1.1577825471215963,352.3641,46.78987902996488,1.7739025856885078,338.5,24708226,1789364556,2026-09-14T05:42:36Z,NASDAQ:GOOGL
7.181092828281385,0.5428762867182968,-35.640898209654054,-1.1577825471215963,352.3641,46.78987902996488,1.7739025856885078,338.5,24708226,1789364735,2026-09-14T05:45:35Z,NASDAQ:GOOGL
7.181092828281385,0.5428762867182968,-35.640898209654054,-1.1577825471215963,352.3641,46.78987902996488,1.7739025856885078,338.5,24708226,1789364918,2026-09-14T05:48:38Z,NASDAQ:GOOGL
7.181092828281385,0.5428762867182968,-35.640898209654054,-1.1577825471215963,352.3641,46.78987902996488,1.7739025856885078,338.5,24708226,1789365095,2026-09-14T05:51:35Z,NASDAQ:GOOGL
7.181092828281385,0.5428762867182968,-35.640898209654054,-1.1577825471215963,352.3641,46.78987902996488,1.7739025856885078,338.5,24708226,1789365275,2026-09-14T05:54:35Z,NASDAQ:GOOGL
7.181092828281385,0.5428762867182968,-35.640898209654054,-1.1577825471215963,352.3641,46.78987902996488,1.7739025856885078,338.5,24708226,1789365454,2026-09-14T05:57:34Z,NASDAQ:GOOGL
7.181092828281385,0.5428762867182968,-35.640898209654054,-1.1577825471215963,352.3641,46.78987902996488,1.7739025856885078,338.5,24708226,1789365637,2026-09-14T06:00:37Z,NASDAQ:GOOGL
7.181092828281385,0.5428762867182968,-35.640898209654054,-1.1577825471215963,352.3641,46.78987902996488,1.7739025856885078,338.5,24708226,1789365812,2026-09-14T06:03:32Z,NASDAQ:GOOGL
7.181092828281385,0.5428762867182968,-35.640898209654054,-1.1577825471215963,352.3641,46.78987902996488,1.7739025856885078,338.5,24708226,1789365993,2026-09-14T06:06:33Z,NASDAQ:GOOGL
7.181092828281385,0.5428762867182968,-35.640898209654054,-1.1577825471215963,352.3641,46.78987902996488,1.7739025856885078,338.5,24708226,1789366177,2026-09-14T06:09:37Z,NASDAQ:GOOGL
7.181092828281385,0.5428762867182968,-35.640898209654054,-1.1577825471215963,352.3641,46.78987902996488,1.7739025856885078,338.5,24708226,1789366356,2026-09-14T06:12:36Z,NASDAQ:GOOGL
7.181092828281385,0.5428762867182968,-35.640898209654054,-1.1577825471215963,352.3641,46.78987902996488,1.7739025856885078,338.5,24708226,1789366535,2026-09-14T06:15:35Z,NASDAQ:GOOGL
7.181092828281385,0.5428762867182968,-35.640898209654054,-1.1577825471215963,352.3641,46.78987902996488,1.7739025856885078,338.5,24708226,1789366713,2026-09-14T06:18:33Z,NASDAQ:GOOGL
7.181092828281385,0.5428762867182968,-35.640898209654054,-1.1577825471215963,352.3641,46.78987902996488,1.7739025856885078,338.5,24708226,1789366895,2026-09-14T06:21:35Z,NASDAQ:GOOGL
7.181092828281385,0.5428762867182968,-35.640898209654054,-1.1577825471215963,352.3641,46.78987902996488,1.7739025856885078,338.5,24708226,1789367074,2026-09-14T06:24:34Z,NASDAQ:GOOGL
7.181092828281385,0.5428762867182968,-35.640898209654054,-1.1577825471215963,352.3641,46.78987902996488,1.7739025856885078,338.5,24708226,1789367254,2026-09-14T06:27:34Z,NASDAQ:GOOGL
7.181092828281385,0.5428762867182968,-35.640898209654054,-1.1577825471215963,352.3641,46.78987902996488,1.7739025856885078,338.5,24708226,1789367434,2026-09-14T06:30:34Z,NASDAQ:GOOGL
7.181092828281385,0.5428762867182968,-35.640898209654054,-1.1577825471215963,352.3641,46.78987902996488,1.7739025856885078,338.5,24708226,1789367618,2026-09-14T06:33:38Z,NASDAQ:GOOGL
7.181092828281385,0.5428762867182968,-35.640898209654054,-1.1577825471215963,352.3641,46.78987902996488,1.7739025856885078,338.5,24708226,1789367796,2026-09-14T06:36:36Z,NASDAQ:GOOGL
7.181092828281385,0.5428762867182968,-35.640898209654054,-1.1577825471215963,352.3641,46.78987902996488,1.7739025856885078,338.5,24708226,1789367976,2026-09-14T06:39:36Z,NASDAQ:GOOGL
7.181092828281385,0.5428762867182968,-35.640898209654054,-1.1577825471215963,352.3641,46.78987902996488,1.7739025856885078,338.5,24708226,1789368156,2026-09-14T06:42:36Z,NASDAQ:GOOGL
7.181092828281385,0.5428762867182968,-35.640898209654054,-1.1577825471215963,352.3641,46.78987902996488,1.7739025856885078,338.5,24708226,1789368336,2026-09-14T06:45:36Z,NASDAQ:GOOGL
7.181092828281385,0.5428762867182968,-35.640898209654054,-1.1577825471215963,352.3641,46.78987902996488,1.7739025856885078,338.5,24708226,1789368514,2026-09-14T06:48:34Z,NASDAQ:GOOGL
7.181092828281385,0.5428762867182968,-35.640898209654054,-1.1577825471215963,352.3641,46.78987902996488,1.7739025856885078,338.5,24708226,1789368695,2026-09-14T06:51:35Z,NASDAQ:GOOGL
7.181092828281385,0.5428762867182968,-35.640898209654054,-1.1577825471215963,352.3641,46.78987902996488,1.7739025856885078,338.5,24708226,1789368877,2026-09-14T06:54:37Z,NASDAQ:GOOGL
7.181092828281385,0.5428762867182968,-35.640898209654054,-1.1577825471215963,352.3641,46.78987902996488,1.7739025856885078,338.5,24708226,1789369057,2026-09-14T06:57:37Z,NASDAQ:GOOGL
7.181092828281385,0.5428762867182968,-35.640898209654054,-1.1577825471215963,352.3641,46.78987902996488,1.7739025856885078,338.5,24708226,1789369235,2026-09-14T07:00:35Z,NASDAQ:GOOGL
7.181092828281385,0.5428762867182968,-35.640898209654054,-1.1577825471215963,352.3641,46.78987902996488,1.7739025856885078,338.5,24708226,1789369414,2026-09-14T07:03:34Z,NASDAQ:GOOGL
7.181092828281385,0.5428762867182968,-35.640898209654054,-1.1577825471215963,352.3641,46.78987902996488,1.7739025856885078,338.5,24708226,1789369599,2026-09-14T07:06:39Z,NASDAQ:GOOGL
7.181092828281385,0.5428762867182968,-35.640898209654054,-1.1577825471215963,352.3641,46.78987902996488,1.7739025856885078,338.5,24708226,1789369777,2026-09-14T07:09:37Z,NASDAQ:GOOGL
7.181092828281385,0.5428762867182968,-35.640898209654054,-1.1577825471215963,352.3641,46.78987902996488,1.7739025856885078,338.5,24708226,1789369955,2026-09-14T07:12:35Z,NASDAQ:GOOGL
7.181092828281385,0.5428762867182968,-35.640898209654054,-1.1577825471215963,352.3641,46.78987902996488,1.7739025856885078,338.5,24708226,1789370138,2026-09-14T07:15:38Z,NASDAQ:GOOGL
7.181092828281385,0.5428762867182968,-35.640898209654054,-1.1577825471215963,352.3641,46.78987902996488,1.7739025856885078,338.5,24708226,1789370317,2026-09-14T07:18:37Z,NASDAQ:GOOGL
7.181092828281385,0.5428762867182968,-35.640898209654054,-1.1577825471215963,352.3641,46.78987902996488,1.7739025856885078,338.5,24708226,1789370498,2026-09-14T07:21:38Z,NASDAQ:GOOGL
7.181092828281385,0.5428762867182968,-35.640898209654054,-1.1577825471215963,352.3641,46.78987902996488,1.7739025856885078,338.5,24708226,1789370674,2026-09-14T07:24:34Z,NASDAQ:GOOGL
7.181092828281385,0.5428762867182968,-35.640898209654054,-1.1577825471215963,352.3641,46.78987902996488,1.7739025856885078,338.5,24708226,1789370856,2026-09-14T07:27:36Z,NASDAQ:GOOGL
7.181092828281385,0.5428762867182968,-35.640898209654054,-1.1577825471215963,352.3641,46.78987902996488,1.7739025856885078,338.5,24708226,1789371034,2026-09-14T07:30:34Z,NASDAQ:GOOGL
7.181092828281385,0.5428762867182968,-35.640898209654054,-1.1577825471215963,352.3641,46.78987902996488,1.7739025856885078,338.5,24708226,1789371216,2026-09-14T07:33:36Z,NASDAQ:GOOGL
7.181092828281385,0.5428762867182968,-35.640898209654054,-1.1577825471215963,352.3641,46.78987902996488,1.7739025856885078,338.5,24708226,1789371397,2026-09-14T07:36:37Z,NASDAQ:GOOGL
7.181092828281385,0.5428762867182968,-35.640898209654054,-1.1577825471215963,352.3641,46.78987902996488,1.7739025856885078,338.5,24708226,1789371573,2026-09-14T07:39:33Z,NASDAQ:GOOGL
7.181092828281385,0.5428762867182968,-35.640898209654054,-1.1577825471215963,352.3641,46.78987902996488,1.7739025856885078,338.5,24708226,1789371756,2026-09-14T07:42:36Z,NASDAQ:GOOGL
7.181092828281385,0.5428762867182968,-35.640898209654054,-1.1577825471215963,352.3641,46.78987902996488,1.7739025856885078,338.5,24708226,1789371936,2026-09-14T07:45:36Z,NASDAQ:GOOGL
7.181092828281385,0.5428762867182968,-35.640898209654054,-1.1577825471215963,352.3641,46.78987902996488,1.7739025856885078,338.5,24708226,1789372117,2026-09-14T07:48:37Z,NASDAQ:GOOGL
7.181092828281385,0.5428762867182968,-35.640898209654054,-1.1577825471215963,352.3641,46.78987902996488,1.7739025856885078,338.5,24708226,1789372295,2026-09-14T07:51:35Z,NASDAQ:GOOGL
7.181092828281385,0.5428762867182968,-35.640898209654054,-1.1577825471215963,352.3641,46.78987902996488,1.7739025856885078,338.5,24708226,1789372476,2026-09-14T07:54:36Z,NASDAQ:GOOGL
7.181092828281385,0.5428762867182968,-35.640898209654054,-1.1577825471215963,352.3641,46.78987902996488,1.7739025856885078,338.5,24708226,1789372654,2026-09-14T07:57:34Z,NASDAQ:GOOGL
7.181092828281385,0.5428762867182968,-35.640898209654054,-1.1577825471215963,352.3641,46.78987902996488,1.7739025856885078,338.5,24708226,1789372837,2026-09-14T08:00:37Z,NASDAQ:GOOGL
7.181092828281385,0.5428762867182968,-35.640898209654054,-1.1577825471215963,352.3641,46.78987902996488,1.7739025856885078,338.5,24708226,1789373017,2026-09-14T08:03:37Z,NASDAQ:GOOGL
7.181092828281385,0.5428762867182968,-35.640898209654054,-1.1577825471215963,352.3641,46.78987902996488,1.7739025856885078,338.5,24708226,1789373198,2026-09-14T08:06:38Z,NASDAQ:GOOGL
7.181092828281385,0.5428762867182968,-35.640898209654054,-1.1577825471215963,352.3641,46.78987902996488,1.7739025856885078,338.5,24708226,1789373376,2026-09-14T08:09:36Z,NASDAQ:GOOGL
7.181092828281385,0.5428762867182968,-35.640898209654054,-1.1577825471215963,352.3641,46.78987902996488,1.7739025856885078,338.5,24708226,1789373556,2026-09-14T08:12:36Z,NASDAQ:GOOGL
7.181092828281385,0.5428762867182968,-35.640898209654054,-1.1577825471215963,352.3641,46.78987902996488,1.7739025856885078,338.5,24708226,1789373735,2026-09-14T08:15:35Z,NASDAQ:GOOGL
7.181092828281385,0.5428762867182968,-35.640898209654054,-1.1577825471215963,352.3641,46.78987902996488,1.7739025856885078,338.5,24708226,1789373916,2026-09-14T08:18:36Z,NASDAQ:GOOGL
7.181092828281385,0.5428762867182968,-35.640898209654054,-1.1577825471215963,352.3641,46.78987902996488,1.7739025856885078,338.5,24708226,1789374097,2026-09-14T08:21:37Z,NASDAQ:GOOGL
7.181092828281385,0.5428762867182968,-35.640898209654054,-1.1577825471215963,352.3641,46.78987902996488,1.7739025856885078,338.5,24708226,1789374278,2026-09-14T08:24:38Z,NASDAQ:GOOGL
7.181092828281385,0.5428762867182968,-35.640898209654054,-1.1577825471215963,352.3641,46.78987902996488,1.7739025856885078,338.5,24708226,1789374455,2026-09-14T08:27:35Z,NASDAQ:GOOGL
7.181092828281385,0.5428762867182968,-35.640898209654054,-1.1577825471215963,352.3641,46.78987902996488,1.7739025856885078,338.5,24708226,1789374635,2026-09-14T08:30:35Z,NASDAQ:GOOGL
7.181092828281385,0.5428762867182968,-35.640898209654054,-1.1577825471215963,352.3641,46.78987902996488,1.7739025856885078,338.5,24708226,1789374817,2026-09-14T08:33:37Z,NASDAQ:GOOGL
7.181092828281385,0.5428762867182968,-35.640898209654054,-1.1577825471215963,352.3641,46.78987902996488,1.7739025856885078,338.5,24708226,1789374997,2026-09-14T08:36:37Z,NASDAQ:GOOGL
7.181092828281385,0.5428762867182968,-35.640898209654054,-1.1577825471215963,352.3641,46.78987902996488,1.7739025856885078,338.5,24708226,1789375178,2026-09-14T08:39:38Z,NASDAQ:GOOGL
7.181092828281385,0.5428762867182968,-35.640898209654054,-1.1577825471215963,352.3641,46.78987902996488,1.7739025856885078,338.5,24708226,1789375356,2026-09-14T08:42:36Z,NASDAQ:GOOGL
7.181092828281385,0.5428762867182968,-35.640898209654054,-1.1577825471215963,352.3641,46.78987902996488,1.7739025856885078,338.5,24708226,1789375536,2026-09-14T08:45:36Z,NASDAQ:GOOGL
7.181092828281385,0.5428762867182968,-35.640898209654054,-1.1577825471215963,352.3641,46.78987902996488,1.7739025856885078,338.5,24708226,1789375716,2026-09-14T08:48:36Z,NASDAQ:GOOGL
7.181092828281385,0.5428762867182968,-35.640898209654054,-1.1577825471215963,352.3641,46.78987902996488,1.7739025856885078,338.5,24708226,1789375897,2026-09-14T08:51:37Z,NASDAQ:GOOGL
7.181092828281385,0.5428762867182968,-35.640898209654054,-1.1577825471215963,352.3641,46.78987902996488,1.7739025856885078,338.5,24708226,1789376077,2026-09-14T08:54:37Z,NASDAQ:GOOGL
7.181092828281385,0.5428762867182968,-35.640898209654054,-1.1577825471215963,352.3641,46.78987902996488,1.7739025856885078,338.5,24708226,1789376258,2026-09-14T08:57:38Z,NASDAQ:GOOGL
7.181092828281385,0.5428762867182968,-35.640898209654054,-1.1577825471215963,352.3641,46.78987902996488,1.7739025856885078,338.5,24708226,1789376434,2026-09-14T09:00:34Z,NASDAQ:GOOGL
7.181092828281385,0.5428762867182968,-35.640898209654054,-1.1577825471215963,352.3641,46.78987902996488,1.7739025856885078,338.5,24708226,1789376615,2026-09-14T09:03:35Z,NASDAQ:GOOGL
7.181092828281385,0.5428762867182968,-35.640898209654054,-1.1577825471215963,352.3641,46.78987902996488,1.7739025856885078,338.5,24708226,1789376796,2026-09-14T09:06:36Z,NASDAQ:GOOGL
7.181092828281385,0.5428762867182968,-35.640898209654054,-1.1577825471215963,352.3641,46.78987902996488,1.7739025856885078,338.5,24708226,1789376974,2026-09-14T09:09:34Z,NASDAQ:GOOGL
7.181092828281385,0.5428762867182968,-35.640898209654054,-1.1577825471215963,352.3641,46.78987902996488,1.7739025856885078,338.5,24708226,1789377159,2026-09-14T09:12:39Z,NASDAQ:GOOGL
7.181092828281385,0.5428762867182968,-35.640898209654054,-1.1577825471215963,352.3641,46.78987902996488,1.7739025856885078,338.5,24708226,1789377336,2026-09-14T09:15:36Z,NASDAQ:GOOGL
7.181092828281385,0.5428762867182968,-35.640898209654054,-1.1577825471215963,352.3641,46.78987902996488,1.7739025856885078,338.5,24708226,1789377515,2026-09-14T09:18:35Z,NASDAQ:GOOGL
7.181092828281385,0.5428762867182968,-35.640898209654054,-1.1577825471215963,352.3641,46.78987902996488,1.7739025856885078,338.5,24708226,1789377697,2026-09-14T09:21:37Z,NASDAQ:GOOGL
7.181092828281385,0.5428762867182968,-35.640898209654054,-1.1577825471215963,352.3641,46.78987902996488,1.7739025856885078,338.5,24708226,1789377877,2026-09-14T09:24:37Z,NASDAQ:GOOGL
7.181092828281385,0.5428762867182968,-35.640898209654054,-1.1577825471215963,352.3641,46.78987902996488,1.7739025856885078,338.5,24708226,1789378056,2026-09-14T09:27:36Z,NASDAQ:GOOGL
7.181092828281385,0.5428762867182968,-35.640898209654054,-1.1577825471215963,352.3641,46.78987902996488,1.7739025856885078,338.5,24708226,1789378234,2026-09-14T09:30:34Z,NASDAQ:GOOGL
7.181092828281385,0.5428762867182968,-35.640898209654054,-1.1577825471215963,352.3641,46.78987902996488,1.7739025856885078,338.5,24708226,1789378416,2026-09-14T09:33:36Z,NASDAQ:GOOGL
7.181092828281385,0.5428762867182968,-35.640898209654054,-1.1577825471215963,352.3641,46.78987902996488,1.7739025856885078,338.5,24708226,1789378596,2026-09-14T09:36:36Z,NASDAQ:GOOGL
7.181092828281385,0.5428762867182968,-35.640898209654054,-1.1577825471215963,352.3641,46.78987902996488,1.7739025856885078,338.5,24708226,1789378776,2026-09-14T09:39:36Z,NASDAQ:GOOGL
7.181092828281385,0.5428762867182968,-35.640898209654054,-1.1577825471215963,352.3641,46.78987902996488,1.7739025856885078,338.5,24708226,1789378955,2026-09-14T09:42:35Z,NASDAQ:GOOGL
7.181092828281385,0.5428762867182968,-35.640898209654054,-1.1577825471215963,352.3641,46.78987902996488,1.7739025856885078,338.5,24708226,1789379134,2026-09-14T09:45:34Z,NASDAQ:GOOGL
7.181092828281385,0.5428762867182968,-35.640898209654054,-1.1577825471215963,352.3641,46.78987902996488,1.7739025856885078,338.5,24708226,1789379317,2026-09-14T09:48:37Z,NASDAQ:GOOGL
7.181092828281385,0.5428762867182968,-35.640898209654054,-1.1577825471215963,352.3641,46.78987902996488,1.7739025856885078,338.5,24708226,1789379496,2026-09-14T09:51:36Z,NASDAQ:GOOGL
7.181092828281385,0.5428762867182968,-35.640898209654054,-1.1577825471215963,352.3641,46.78987902996488,1.7739025856885078,338.5,24708226,1789379676,2026-09-14T09:54:36Z,NASDAQ:GOOGL
7.181092828281385,0.5428762867182968,-35.640898209654054,-1.1577825471215963,352.3641,46.78987902996488,1.7739025856885078,338.5,24708226,1789379854,2026-09-14T09:57:34Z,NASDAQ:GOOGL
7.181092828281385,0.5428762867182968,-35.640898209654054,-1.1577825471215963,352.3641,46.78987902996488,1.7739025856885078,338.5,24708226,1789380036,2026-09-14T10:00:36Z,NASDAQ:GOOGL
7.181092828281385,0.5428762867182968,-35.640898209654054,-1.1577825471215963,352.3641,46.78987902996488,1.7739025856885078,338.5,24708226,1789380214,2026-09-14T10:03:34Z,NASDAQ:GOOGL
7.181092828281385,0.5428762867182968,-35.640898209654054,-1.1577825471215963,352.3641,46.78987902996488,1.7739025856885078,338.5,24708226,1789380394,2026-09-14T10:06:34Z,NASDAQ:GOOGL
7.181092828281385,0.5428762867182968,-35.640898209654054,-1.1577825471215963,352.3641,46.78987902996488,1.7739025856885078,338.5,24708226,1789380576,2026-09-14T10:09:36Z,NASDAQ:GOOGL
7.181092828281385,0.5428762867182968,-35.640898209654054,-1.1577825471215963,352.3641,46.78987902996488,1.7739025856885078,338.5,24708226,1789380756,2026-09-14T10:12:36Z,NASDAQ:GOOGL
7.181092828281385,0.5428762867182968,-35.640898209654054,-1.1577825471215963,352.3641,46.78987902996488,1.7739025856885078,338.5,24708226,1789380935,2026-09-14T10:15:35Z,NASDAQ:GOOGL
7.181092828281385,0.5428762867182968,-35.640898209654054,-1.1577825471215963,352.3641,46.78987902996488,1.7739025856885078,338.5,24708226,1789381119,2026-09-14T10:18:39Z,NASDAQ:GOOGL
7.181092828281385,0.5428762867182968,-35.640898209654054,-1.1577825471215963,352.3641,46.78987902996488,1.7739025856885078,338.5,24708226,1789381296,2026-09-14T10:21:36Z,NASDAQ:GOOGL
7.181092828281385,0.5428762867182968,-35.640898209654054,-1.1577825471215963,352.3641,46.78987902996488,1.7739025856885078,338.5,24708226,1789381473,2026-09-14T10:24:33Z,NASDAQ:GOOGL
7.181092828281385,0.5428762867182968,-35.640898209654054,-1.1577825471215963,352.3641,46.78987902996488,1.7739025856885078,338.5,24708226,1789381656,2026-09-14T10:27:36Z,NASDAQ:GOOGL
7.181092828281385,0.5428762867182968,-35.640898209654054,-1.1577825471215963,352.3641,46.78987902996488,1.7739025856885078,338.5,24708226,1789381835,2026-09-14T10:30:35Z,NASDAQ:GOOGL
7.181092828281385,0.5428762867182968,-35.640898209654054,-1.1577825471215963,352.3641,46.78987902996488,1.7739025856885078,338.5,24708226,1789382016,2026-09-14T10:33:36Z,NASDAQ:GOOGL
7.181092828281385,0.5428762867182968,-35.640898209654054,-1.1577825471215963,352.3641,46.78987902996488,1.7739025856885078,338.5,24708226,1789382195,2026-09-14T10:36:35Z,NASDAQ:GOOGL
7.181092828281385,0.5428762867182968,-35.640898209654054,-1.1577825471215963,352.3641,46.78987902996488,1.7739025856885078,338.5,24708226,1789382375,2026-09-14T10:39:35Z,NASDAQ:GOOGL
7.181092828281385,0.5428762867182968,-35.640898209654054,-1.1577825471215963,352.3641,46.78987902996488,1.7739025856885078,338.5,24708226,1789382552,2026-09-14T10:42:32Z,NASDAQ:GOOGL
7.181092828281385,0.5428762867182968,-35.640898209654054,-1.1577825471215963,352.3641,46.78987902996488,1.7739025856885078,338.5,24708226,1789382736,2026-09-14T10:45:36Z,NASDAQ:GOOGL
7.181092828281385,0.5428762867182968,-35.640898209654054,-1.1577825471215963,352.3641,46.78987902996488,1.7739025856885078,338.5,24708226,1789382914,2026-09-14T10:48:34Z,NASDAQ:GOOGL
7.181092828281385,0.5428762867182968,-35.640898209654054,-1.1577825471215963,352.3641,46.78987902996488,1.7739025856885078,338.5,24708226,1789383095,2026-09-14T10:51:35Z,NASDAQ:GOOGL
7.181092828281385,0.5428762867182968,-35.640898209654054,-1.1577825471215963,352.3641,46.78987902996488,1.7739025856885078,338.5,24708226,1789383273,2026-09-14T10:54:33Z,NASDAQ:GOOGL
7.181092828281385,0.5428762867182968,-35.640898209654054,-1.1577825471215963,352.3641,46.78987902996488,1.7739025856885078,338.5,24708226,1789383456,2026-09-14T10:57:36Z,NASDAQ:GOOGL
7.181092828281385,0.5428762867182968,-35.640898209654054,-1.1577825471215963,352.3641,46.78987902996488,1.7739025856885078,338.5,24708226,1789383634,2026-09-14T11:00:34Z,NASDAQ:GOOGL
7.181092828281385,0.5428762867182968,-35.640898209654054,-1.1577825471215963,352.3641,46.78987902996488,1.7739025856885078,338.5,24708226,1789383816,2026-09-14T11:03:36Z,NASDAQ:GOOGL
7.181092828281385,0.5428762867182968,-35.640898209654054,-1.1577825471215963,352.3641,46.78987902996488,1.7739025856885078,338.5,24708226,1789383996,2026-09-14T11:06:36Z,NASDAQ:GOOGL
7.181092828281385,0.5428762867182968,-35.640898209654054,-1.1577825471215963,352.3641,46.78987902996488,1.7739025856885078,338.5,24708226,1789384179,2026-09-14T11:09:39Z,NASDAQ:GOOGL
7.181092828281385,0.5428762867182968,-35.640898209654054,-1.1577825471215963,352.3641,46.78987902996488,1.7739025856885078,338.5,24708226,1789384357,2026-09-14T11:12:37Z,NASDAQ:GOOGL
7.181092828281385,0.5428762867182968,-35.640898209654054,-1.1577825471215963,352.3641,46.78987902996488,1.7739025856885078,338.5,24708226,1789384535,2026-09-14T11:15:35Z,NASDAQ:GOOGL
7.181092828281385,0.5428762867182968,-35.640898209654054,-1.1577825471215963,352.3641,46.78987902996488,1.7739025856885078,338.5,24708226,1789384717,2026-09-14T11:18:37Z,NASDAQ:GOOGL
7.181092828281385,0.5428762867182968,-35.640898209654054,-1.1577825471215963,352.3641,46.78987902996488,1.7739025856885078,338.5,24708226,1789384895,2026-09-14T11:21:35Z,NASDAQ:GOOGL
7.181092828281385,0.5428762867182968,-35.640898209654054,-1.1577825471215963,352.3641,46.78987902996488,1.7739025856885078,338.5,24708226,1789385075,2026-09-14T11:24:35Z,NASDAQ:GOOGL
7.181092828281385,0.5428762867182968,-35.640898209654054,-1.1577825471215963,352.3641,46.78987902996488,1.7739025856885078,338.5,24708226,1789385255,2026-09-14T11:27:35Z,NASDAQ:GOOGL
7.181092828281385,0.5428762867182968,-35.640898209654054,-1.1577825471215963,352.3641,46.78987902996488,1.7739025856885078,338.5,24708226,1789385437,2026-09-14T11:30:37Z,NASDAQ:GOOGL
7.181092828281385,0.5428762867182968,-35.640898209654054,-1.1577825471215963,352.3641,46.78987902996488,1.7739025856885078,338.5,24708226,1789385616,2026-09-14T11:33:36Z,NASDAQ:GOOGL
7.181092828281385,0.5428762867182968,-35.640898209654054,-1.1577825471215963,352.3641,46.78987902996488,1.7739025856885078,338.5,24708226,1789385797,2026-09-14T11:36:37Z,NASDAQ:GOOGL
7.181092828281385,0.5428762867182968,-35.640898209654054,-1.1577825471215963,352.3641,46.78987902996488,1.7739025856885078,338.5,24708226,1789385974,2026-09-14T11:39:34Z,NASDAQ:GOOGL
7.181092828281385,0.5428762867182968,-35.640898209654054,-1.1577825471215963,352.3641,46.78987902996488,1.7739025856885078,338.5,24708226,1789386153,2026-09-14T11:42:33Z,NASDAQ:GOOGL
7.181092828281385,0.5428762867182968,-35.640898209654054,-1.1577825471215963,352.3641,46.78987902996488,1.7739025856885078,338.5,24708226,1789386334,2026-09-14T11:45:34Z,NASDAQ:GOOGL
7.181092828281385,0.5428762867182968,-35.640898209654054,-1.1577825471215963,352.3641,46.78987902996488,1.7739025856885078,338.5,24708226,1789386516,2026-09-14T11:48:36Z,NASDAQ:GOOGL
7.181092828281385,0.5428762867182968,-35.640898209654054,-1.1577825471215963,352.3641,46.78987902996488,1.7739025856885078,338.5,24708226,1789386696,2026-09-14T11:51:36Z,NASDAQ:GOOGL
7.181092828281385,0.5428762867182968,-35.640898209654054,-1.1577825471215963,352.3641,46.78987902996488,1.7739025856885078,338.5,24708226,1789386877,2026-09-14T11:54:37Z,NASDAQ:GOOGL
7.181092828281385,0.5428762867182968,-35.640898209654054,-1.1577825471215963,352.3641,46.78987902996488,1.7739025856885078,338.5,24708226,1789387057,2026-09-14T11:57:37Z,NASDAQ:GOOGL
7.181092828281385,0.5428762867182968,-35.640898209654054,-1.1577825471215963,352.3641,46.78987902996488,1.7739025856885078,338.5,24708226,1789387236,2026-09-14T12:00:36Z,NASDAQ:GOOGL
7.181092828281385,0.5428762867182968,-35.640898209654054,-1.1577825471215963,352.3641,46.78987902996488,1.7739025856885078,338.5,24708226,1789387415,2026-09-14T12:03:35Z,NASDAQ:GOOGL
7.181092828281385,0.5428762867182968,-35.640898209654054,-1.1577825471215963,352.3641,46.78987902996488,1.7739025856885078,338.5,24708226,1789387597,2026-09-14T12:06:37Z,NASDAQ:GOOGL
7.181092828281385,0.5428762867182968,-35.640898209654054,-1.1577825471215963,352.3641,46.78987902996488,1.7739025856885078,338.5,24708226,1789387777,2026-09-14T12:09:37Z,NASDAQ:GOOGL
7.181092828281385,0.5428762867182968,-35.640898209654054,-1.1577825471215963,352.3641,46.78987902996488,1.7739025856885078,338.5,24708226,1789387960,2026-09-14T12:12:40Z,NASDAQ:GOOGL
7.181092828281385,0.5428762867182968,-35.640898209654054,-1.1577825471215963,352.3641,46.78987902996488,1.7739025856885078,338.5,24708226,1789388137,2026-09-14T12:15:37Z,NASDAQ:GOOGL
7.181092828281385,0.5428762867182968,-35.640898209654054,-1.1577825471215963,352.3641,46.78987902996488,1.7739025856885078,338.5,24708226,1789388317,2026-09-14T12:18:37Z,NASDAQ:GOOGL
7.181092828281385,0.5428762867182968,-35.640898209654054,-1.1577825471215963,352.3641,46.78987902996488,1.7739025856885078,338.5,24708226,1789388496,2026-09-14T12:21:36Z,NASDAQ:GOOGL
7.181092828281385,0.5428762867182968,-35.640898209654054,-1.1577825471215963,352.3641,46.78987902996488,1.7739025856885078,338.5,24708226,1789388673,2026-09-14T12:24:33Z,NASDAQ:GOOGL
7.181092828281385,0.5428762867182968,-35.640898209654054,-1.1577825471215963,352.3641,46.78987902996488,1.7739025856885078,338.5,24708226,1789388858,2026-09-14T12:27:38Z,NASDAQ:GOOGL
7.181092828281385,0.5428762867182968,-35.640898209654054,-1.1577825471215963,352.3641,46.78987902996488,1.7739025856885078,338.5,24708226,1789389035,2026-09-14T12:30:35Z,NASDAQ:GOOGL
7.181092828281385,0.5428762867182968,-35.640898209654054,-1.1577825471215963,352.3641,46.78987902996488,1.7739025856885078,338.5,24708226,1789389217,2026-09-14T12:33:37Z,NASDAQ:GOOGL
7.181092828281385,0.5428762867182968,-35.640898209654054,-1.1577825471215963,352.3641,46.78987902996488,1.7739025856885078,338.5,24708226,1789389398,2026-09-14T12:36:38Z,NASDAQ:GOOGL
7.181092828281385,0.5428762867182968,-35.640898209654054,-1.1577825471215963,352.3641,46.78987902996488,1.7739025856885078,338.5,24708226,1789389576,2026-09-14T12:39:36Z,NASDAQ:GOOGL
7.181092828281385,0.5428762867182968,-35.640898209654054,-1.1577825471215963,352.3641,46.78987902996488,1.7739025856885078,338.5,24708226,1789389757,2026-09-14T12:42:37Z,NASDAQ:GOOGL
7.181092828281385,0.5428762867182968,-35.640898209654054,-1.1577825471215963,352.3641,46.78987902996488,1.7739025856885078,338.5,24708226,1789389938,2026-09-14T12:45:38Z,NASDAQ:GOOGL
7.181092828281385,0.5428762867182968,-35.640898209654054,-1.1577825471215963,352.3641,46.78987902996488,1.7739025856885078,338.5,24708226,1789390115,2026-09-14T12:48:35Z,NASDAQ:GOOGL
7.181092828281385,0.5428762867182968,-35.640898209654054,-1.1577825471215963,352.3641,46.78987902996488,1.7739025856885078,338.5,24708226,1789390299,2026-09-14T12:51:39Z,NASDAQ:GOOGL
7.181092828281385,0.5428762867182968,-35.640898209654054,-1.1577825471215963,352.3641,46.78987902996488,1.7739025856885078,338.5,24708226,1789390473,2026-09-14T12:54:33Z,NASDAQ:GOOGL
7.181092828281385,0.5428762867182968,-35.640898209654054,-1.1577825471215963,352.3641,46.78987902996488,1.7739025856885078,338.5,24708226,1789390658,2026-09-14T12:57:38Z,NASDAQ:GOOGL
7.181092828281385,0.5428762867182968,-35.640898209654054,-1.1577825471215963,352.3641,46.78987902996488,1.7739025856885078,338.5,24708226,1789390835,2026-09-14T13:00:35Z,NASDAQ:GOOGL
7.181092828281385,0.5428762867182968,-35.640898209654054,-1.1577825471215963,352.3641,46.78987902996488,1.7739025856885078,338.5,24708226,1789391018,2026-09-14T13:03:38Z,NASDAQ:GOOGL
7.181092828281385,0.5428762867182968,-35.640898209654054,-1.1577825471215963,352.3641,46.78987902996488,1.7739025856885078,338.5,24708226,1789391198,2026-09-14T13:06:38Z,NASDAQ:GOOGL
7.181092828281385,0.5428762867182968,-35.640898209654054,-1.1577825471215963,352.3641,46.78987902996488,1.7739025856885078,338.5,24708226,1789391376,2026-09-14T13:09:36Z,NASDAQ:GOOGL
7.181092828281385,0.5428762867182968,-35.640898209654054,-1.1577825471215963,352.3641,46.78987902996488,1.7739025856885078,338.5,24708226,1789391557,2026-09-14T13:12:37Z,NASDAQ:GOOGL
7.181092828281385,0.5428762867182968,-35.640898209654054,-1.1577825471215963,352.3641,46.78987902996488,1.7739025856885078,338.5,24708226,1789391736,2026-09-14T13:15:36Z,NASDAQ:GOOGL
7.181092828281385,0.5428762867182968,-35.640898209654054,-1.1577825471215963,352.3641,46.78987902996488,1.7739025856885078,338.5,24708226,1789391920,2026-09-14T13:18:40Z,NASDAQ:GOOGL
7.181092828281385,0.5428762867182968,-35.640898209654054,-1.1577825471215963,352.3641,46.78987902996488,1.7739025856885078,338.5,24708226,1789392097,2026-09-14T13:21:37Z,NASDAQ:GOOGL
7.181092828281385,0.5428762867182968,-35.640898209654054,-1.1577825471215963,352.3641,46.78987902996488,1.7739025856885078,338.5,24708226,1789392277,2026-09-14T13:24:37Z,NASDAQ:GOOGL
7.181092828281385,0.5428762867182968,-35.640898209654054,-1.1577825471215963,352.3641,46.78987902996488,1.7739025856885078,338.5,24708226,1789392455,2026-09-14T13:27:35Z,NASDAQ:GOOGL
7.181092828281385,0.5428762867182968,-35.640898209654054,-1.1577825471215963,352.3641,46.78987902996488,1.7739025856885078,338.5,24708226,1789392637,2026-09-14T13:30:37Z,NASDAQ:GOOGL
7.181092828281385,0.5428762867182968,-35.640898209654054,-1.1577825471215963,352.3641,46.78987902996488,1.7739025856885078,338.5,24708226,1789392818,2026-09-14T13:33:38Z,NASDAQ:GOOGL
7.181092828281385,0.5428762867182968,-35.640898209654054,-1.1577825471215963,352.3641,46.78987902996488,1.7739025856885078,338.5,24708226,1789392997,2026-09-14T13:36:37Z,NASDAQ:GOOGL
7.181092828281385,0.5428762867182968,-35.640898209654054,-1.1577825471215963,352.3641,46.78987902996488,1.7739025856885078,338.5,24708226,1789393176,2026-09-14T13:39:36Z,NASDAQ:GOOGL
7.181092828281385,0.5428762867182968,-35.640898209654054,-1.1577825471215963,352.3641,46.78987902996488,1.7739025856885078,338.5,24708226,1789393357,2026-09-14T13:42:37Z,NASDAQ:GOOGL
7.248298182203526,7.519608245758604,42.8777436833627,0.1912604207729343,352.3641,50.68818574493956,1.3648449039881845,343.12,1964396,1789393540,2026-09-14T13:45:40Z,NASDAQ:GOOGL
7.43991539461554,8.2099939600443,48.77120031885072,0.2788606134933616,352.3641,50.92166637008959,1.453471196454953,343.42,3602472,1789393716,2026-09-14T13:48:36Z,NASDAQ:GOOGL
7.483999937657757,8.588565388615734,51.84518984232706,0.3212007066415612,352.3641,51.03372458112028,1.496307237813884,343.565,4493361,1789393898,2026-09-14T13:51:38Z,NASDAQ:GOOGL
7.483999937657757,8.587136817187115,51.87233119669439,0.322660709853567,352.3641,51.03757953119116,1.4977843426883288,343.57,5027525,1789394079,2026-09-14T13:54:39Z,NASDAQ:GOOGL
7.483999937657757,8.464279674329987,54.20242871844916,0.4482209860861767,352.3641,51.36684981602527,1.6248153618906942,344.0,5384581,1789394258,2026-09-14T13:57:38Z,NASDAQ:GOOGL
7.493367370037688,8.174279674329966,61.8405842465015,0.8365818404800518,352.3641,52.35782868077258,2.0177252584933485,345.33,5800725,1789394438,2026-09-14T14:00:38Z,NASDAQ:GOOGL
7.572391314507865,8.764279674330055,69.28721340208452,1.020542245192941,352.3641,52.813278675351214,2.2038404726735537,345.96,6364850,1789394616,2026-09-14T14:03:36Z,NASDAQ:GOOGL
7.606659269385728,8.978565388615664,73.40040681493313,1.149022527849562,352.3641,53.12624028814149,2.333825701624809,346.4,6875896,1789394794,2026-09-14T14:06:34Z,NASDAQ:GOOGL
7.628632758010485,9.168565388615718,75.10678384460549,1.1796825953017158,352.3641,53.20031173904356,2.364844903988182,346.505,7260957,1789394979,2026-09-14T14:09:39Z,NASDAQ:GOOGL
7.663271604263025,9.44142253147288,78.3499483127152,1.258522768750092,352.3641,53.38971058434846,2.444608567208265,346.775,7741799,1789395160,2026-09-14T14:12:40Z,NASDAQ:GOOGL
7.683869223640354,9.701393960044186,78.53308108930906,1.2074518563940908,352.3641,53.26719756667983,2.392939438700147,346.6001,8039977,1789395337,2026-09-14T14:15:37Z,NASDAQ:GOOGL
7.683869223640354,9.872851102901391,75.3951235470943,1.0322222708890034,352.3641,52.84190231622284,2.2156573116691285,346.0,8377353,1789395518,2026-09-14T14:18:38Z,NASDAQ:GOOGL
7.683869223640354,9.92856538861571,74.37226463007164,0.9752821456207296,352.3641,52.70203309229717,2.158050221565733,345.805,8742502,1789395697,2026-09-14T14:21:37Z,NASDAQ:GOOGL
7.683869223640354,9.887136817187129,75.13300170313242,1.017622238768929,352.3641,52.80611733501368,2.200886262924664,345.95,8971724,1789395880,2026-09-14T14:24:40Z,NASDAQ:GOOGL
7.683869223640354,10.23570824575853,68.70510600857715,0.6613814550392138,352.3641,51.91581690255428,1.840472673559828,344.73,9203608,1789396055,2026-09-14T14:27:35Z,NASDAQ:GOOGL
7.683869223640354,10.100279674329895,71.20985562513603,0.7997897595374805,352.3641,52.26568159171892,1.980502215657313,345.204,9425509,1789396241,2026-09-14T14:30:41Z,NASDAQ:GOOGL
7.683869223640354,10.08285110290143,71.53151625960317,0.8176017987239605,352.3641,52.31033695405844,1.9985228951255496,345.265,9563391,1789396417,2026-09-14T14:33:37Z,NASDAQ:GOOGL
7.683869223640354,10.53856538861561,63.0696434422602,0.3518607740937149,352.3641,51.1145512683476,1.5273264401772573,343.67,9711625,1789396596,2026-09-14T14:36:36Z,NASDAQ:GOOGL
7.683869223640354,10.489993960044274,63.97663638310108,0.4015008833019433,352.3641,51.244849293562645,1.5775480059084122,343.84,9924521,1789396776,2026-09-14T14:39:36Z,NASDAQ:GOOGL
7.683869223640354,10.54999396004422,62.85605532912231,0.3401807483976525,352.3641,51.08379163271614,1.5155096011816824,343.63,10038104,1789396957,2026-09-14T14:42:37Z,NASDAQ:GOOGL
7.683869223640354,10.3949368171871,65.74813828616519,0.4986494970289067,352.3641,51.49785079028986,1.6758345642540682,344.1727,10192849,1789397139,2026-09-14T14:45:39Z,NASDAQ:GOOGL
7.683869223640354,10.604279674329916,61.8405842465015,0.2847006263413846,352.3641,50.93715315802651,1.459379615952732,343.44,10303043,1789397313,2026-09-14T14:48:33Z,NASDAQ:GOOGL
7.683869223640354,10.422851102901348,65.22840739098527,0.4701210342662794,352.3641,51.42382762685865,1.646971935007382,344.075,10404349,1789397497,2026-09-14T14:51:37Z,NASDAQ:GOOGL
7.683869223640354,10.488565388615656,64.00329411924231,0.4029608865139656,352.3641,51.24867107431896,1.5790251107828737,343.845,10484711,1789397678,2026-09-14T14:54:38Z,NASDAQ:GOOGL
7.683869223640354,10.407136817187109,65.521038279368,0.4861810695983591,352.3641,51.46552657553512,1.6632200886262911,344.13,10575321,1789397853,2026-09-14T14:57:33Z,NASDAQ:GOOGL
7.683869223640354,10.30999396004421,67.32720046915209,0.585461288014849,352.3641,51.72172108704073,1.7636632200886344,344.47,10666093,1789398038,2026-09-14T15:00:38Z,NASDAQ:GOOGL
7.683869223640354,10.181393960044204,69.71077499225409,0.7168907771597144,352.3641,52.0567459995449,1.89663220088626,344.9201,10781263,1789398215,2026-09-14T15:03:35Z,NASDAQ:GOOGL
7.683869223640354,10.354279674329916,66.50440640668185,0.5402011884426212,352.3641,51.60526279501804,1.7178729689807972,344.315,10983157,1789398394,2026-09-14T15:06:34Z,NASDAQ:GOOGL
7.683869223640354,10.369993960044267,66.2122043024147,0.5241411531105415,352.3641,51.56380371518756,1.701624815361888,344.26,11089117,1789398576,2026-09-14T15:09:36Z,NASDAQ:GOOGL
7.683869223640354,10.307136817187086,67.38024928430254,0.5883812944388604,352.3641,51.72921528121462,1.7666174298375237,344.48,11184263,1789398756,2026-09-14T15:12:36Z,NASDAQ:GOOGL
7.683869223640354,10.144279674329994,70.3971047574949,0.754821660607664,352.3641,52.15257215340336,1.935007385524376,345.05,11315449,1789398937,2026-09-14T15:15:37Z,NASDAQ:GOOGL
7.683869223640354,10.218565388615673,69.02268190112626,0.6789014935832992,352.3641,51.96038681668728,1.8581979320531816,344.79,11523583,1789399116,2026-09-14T15:18:36Z,NASDAQ:GOOGL
7.683869223640354,10.051422531472838,72.11116876636649,0.84972186938812,352.3641,52.3906521964178,2.031019202363368,345.375,11783438,1789399298,2026-09-14T15:21:38Z,NASDAQ:GOOGL
7.683869223640354,10.058565388615705,71.97947373621557,0.8424218533280913,352.3641,52.37242249580612,2.0236336779911444,345.35,11912117,1789399477,2026-09-14T15:24:37Z,NASDAQ:GOOGL
7.683869223640354,10.041422531472849,72.29549817732968,0.8599418918721767,352.3641,52.41615034539063,2.0413589364844977,345.41,12039385,1789399656,2026-09-14T15:27:36Z,NASDAQ:GOOGL
7.683869223640354,10.005708245758512,72.9534022695492,0.8964419721723534,352.3641,52.50699263288861,2.07828655834565,345.535,12148229,1789399836,2026-09-14T15:30:36Z,NASDAQ:GOOGL
7.683869223640354,9.92856538861571,74.37226463007164,0.9752821456207296,352.3641,52.70203309229717,2.158050221565733,345.805,12325830,1789400017,2026-09-14T15:33:37Z,NASDAQ:GOOGL
7.683869223640354,9.981422531472788,73.40040681493313,0.9212620267764676,352.3641,52.568567522324,2.1033973412112275,345.62,12444274,1789400199,2026-09-14T15:36:39Z,NASDAQ:GOOGL
7.683869223640354,10.075708245758562,71.66329965207771,0.8249018147840058,352.3641,52.32861420364988,2.0059084194977905,345.29,12533894,1789400374,2026-09-14T15:39:34Z,NASDAQ:GOOGL
7.683869223640354,9.989993960044274,73.24267470413531,0.9125020075044166,352.3641,52.54685344830663,2.0945347119645423,345.59,12638605,1789400556,2026-09-14T15:42:36Z,NASDAQ:GOOGL
7.683869223640354,10.121422531472774,70.81943636409339,0.7781817119997725,352.3641,52.41615034539063,1.9586410635155085,345.13,12726776,1789400739,2026-09-14T15:45:39Z,NASDAQ:GOOGL
7.683869223640354,10.20427967432994,69.28721340208263,0.6935015257033565,352.3641,51.9974653442119,1.872968980797629,344.84,12850990,1789400914,2026-09-14T15:48:34Z,NASDAQ:GOOGL
7.683869223640354,10.090708245758549,71.38652449083774,0.809571781057929,352.3641,52.29021578532326,1.990398818316104,345.2375,12983437,1789401097,2026-09-14T15:51:37Z,NASDAQ:GOOGL
7.683869223640354,10.051422531472838,72.11116876636649,0.84972186938812,352.3641,52.3906521964178,2.031019202363368,345.375,13082051,1789401276,2026-09-14T15:54:36Z,NASDAQ:GOOGL
7.683869223640354,9.958565388615682,73.82084349914945,0.944622078168576,352.3641,52.62637468476058,2.12703101920236,345.7,13212773,1789401457,2026-09-14T15:57:37Z,NASDAQ:GOOGL
7.683869223640354,9.972851102901416,73.55810163426753,0.930022046048502,352.3641,52.59026173315462,2.112259970457896,345.65,13414413,1789401637,2026-09-14T16:00:37Z,NASDAQ:GOOGL
7.683869223640354,9.927108245758577,74.39903632991053,0.9767713488969684,352.3641,52.70570177572365,2.1595568685376594,345.8101,13496315,1789401816,2026-09-14T16:03:36Z,NASDAQ:GOOGL
7.683869223640354,9.861422531472783,75.60474677048086,1.043902296585066,352.3641,52.870491251732574,2.227474150664704,346.04,13602257,1789401995,2026-09-14T16:06:35Z,NASDAQ:GOOGL
7.683869223640354,9.972851102901416,73.55810163426753,0.930022046048502,352.3641,52.59026173315462,2.112259970457896,345.65,13670703,1789402175,2026-09-14T16:09:35Z,NASDAQ:GOOGL
7.683869223640354,10.021422531472751,72.66400436816329,0.8803819368402738,352.3641,52.46706479471181,2.0620384047267413,345.48,13755879,1789402360,2026-09-14T16:12:40Z,NASDAQ:GOOGL
7.683869223640354,10.094279674329924,71.32060873628953,0.8059217730279147,352.3641,52.28106418556482,1.986706056129992,345.225,13821958,1789402538,2026-09-14T16:15:38Z,NASDAQ:GOOGL
7.683869223640354,10.12999396004426,70.66109328214142,0.769421692727738,352.3641,52.1893547182062,1.94977843426884,345.1,13913773,1789402716,2026-09-14T16:18:36Z,NASDAQ:GOOGL
7.683869223640354,10.147136817187118,70.34429453990943,0.7519016541836525,352.3641,52.14520884782024,1.932053175775486,345.04,14013547,1789402897,2026-09-14T16:21:37Z,NASDAQ:GOOGL
7.683869223640354,9.972851102901416,73.55810163426753,0.930022046048502,352.3641,52.59026173315462,2.112259970457896,345.65,14132917,1789403077,2026-09-14T16:24:37Z,NASDAQ:GOOGL
7.683869223640354,9.861422531472783,75.60474677048086,1.043902296585066,352.3641,52.870491251732574,2.227474150664704,346.04,14295636,1789403255,2026-09-14T16:27:35Z,NASDAQ:GOOGL
7.683869223640354,9.898565388615625,74.92322993818327,1.0059422130728837,352.3641,52.77745022349904,2.1890694239291064,345.91,14421947,1789403438,2026-09-14T16:30:38Z,NASDAQ:GOOGL
7.683869223640354,9.82142253147282,76.33790875992977,1.0847823865212598,352.3641,52.97028013064165,2.268833087149189,346.18,14527329,1789403616,2026-09-14T16:33:36Z,NASDAQ:GOOGL
7.683869223640354,9.759993960044255,77.46226572453767,1.1475625246375565,352.3641,53.12270722727531,2.332348596750364,346.395,14671494,1789403797,2026-09-14T16:36:37Z,NASDAQ:GOOGL
7.683869223640354,9.745708245758522,77.72347190517819,1.1621625567576304,352.3641,53.15801388691772,2.347119645494828,346.445,14753897,1789403978,2026-09-14T16:39:38Z,NASDAQ:GOOGL
7.683869223640354,9.862136817187036,75.5916472519938,1.043172294979063,352.3641,52.86870545882756,2.226735598227481,346.0375,14877543,1789404155,2026-09-14T16:42:35Z,NASDAQ:GOOGL
7.683869223640354,9.825708245758562,76.25939430239035,1.0804023768852424,352.3641,52.95960868196966,2.264401772525855,346.165,14946494,1789404336,2026-09-14T16:45:36Z,NASDAQ:GOOGL
7.683869223640354,9.70427967432994,78.48038993521146,1.2045026499058298,352.3641,53.26010310002035,2.38995568685376,346.59,15032709,1789404513,2026-09-14T16:48:33Z,NASDAQ:GOOGL
7.683869223640354,9.589993960044184,80.5639791242285,1.321302906866405,352.3641,53.53943531705206,2.508124076809456,346.99,15175818,1789404697,2026-09-14T16:51:37Z,NASDAQ:GOOGL
7.683869223640354,9.718565388615673,78.21948108055409,1.1899026177857726,352.3641,53.22495022778399,2.375184638109312,346.54,15345998,1789404874,2026-09-14T16:54:34Z,NASDAQ:GOOGL
7.683869223640354,9.54999396004422,81.29169262213745,1.3621829968025991,352.3641,53.63641445905234,2.549483013293943,347.13,15420155,1789405057,2026-09-14T16:57:37Z,NASDAQ:GOOGL
7.683869223640354,9.6671368171871,79.158273835989,1.242462733418029,352.3641,53.35125377335167,2.428360413589373,346.72,15549884,1789405234,2026-09-14T17:00:34Z,NASDAQ:GOOGL
7.683869223640354,9.529993960044235,81.65525011474594,1.382623041770696,352.3641,53.68475236677744,2.570162481536186,347.2,16320966,1789405416,2026-09-14T17:03:36Z,NASDAQ:GOOGL
7.712087693250568,9.815708245758517,83.2369983399664,1.387003051406713,352.3641,53.69509737946655,2.57459379615952,347.215,16465103,1789405594,2026-09-14T17:06:34Z,NASDAQ:GOOGL
7.72272337607273,9.801422531472896,86.05402305764936,1.514023330851329,352.3641,53.99310540164304,2.70310192023633,347.65,16600368,1789405776,2026-09-14T17:09:36Z,NASDAQ:GOOGL
7.741006992431035,9.97713681718716,87.29075002140749,1.5286233629714026,352.3641,54.02711359013969,2.717872968980794,347.7,16739582,1789405957,2026-09-14T17:12:37Z,NASDAQ:GOOGL
7.741006992431035,9.991422531472892,87.0332895183511,1.514023330851329,352.3641,53.99310540164304,2.70310192023633,347.65,16830851,1789406136,2026-09-14T17:15:36Z,NASDAQ:GOOGL
7.741006992431035,10.08285110290143,85.38316127887619,1.4205831252828784,352.3641,53.77425587464528,2.608567208271783,347.33,16973641,1789406316,2026-09-14T17:18:36Z,NASDAQ:GOOGL
7.741006992431035,10.166565388615652,83.86864131569338,1.3350269370592625,352.3641,53.57203780679725,2.52200886262924,347.037,17043189,1789406497,2026-09-14T17:21:37Z,NASDAQ:GOOGL
7.741006992431035,10.205708245758558,83.15929569622833,1.2950228490502689,352.3641,53.47687705771171,2.481536189069417,346.9,17094009,1789406673,2026-09-14T17:24:33Z,NASDAQ:GOOGL
7.741006992431035,10.061422531472829,85.77028003122098,1.442483173462981,352.3641,53.82573533259264,2.6307237813884705,347.405,17206587,1789406857,2026-09-14T17:27:37Z,NASDAQ:GOOGL
7.741006992431035,10.241422531472892,82.51141885523069,1.258522768750092,352.3641,53.38971058434846,2.444608567208265,346.775,17293795,1789407038,2026-09-14T17:30:38Z,NASDAQ:GOOGL
7.741006992431035,10.18713681718708,83.49594130813378,1.31400289080636,352.3641,53.522074905068806,2.500738552437216,346.965,17370911,1789407217,2026-09-14T17:33:37Z,NASDAQ:GOOGL
7.741006992431035,10.047136817187097,86.02823327162143,1.4570832055830552,352.3641,53.85999131817774,2.645494830132934,347.455,17507367,1789407395,2026-09-14T17:36:35Z,NASDAQ:GOOGL
7.741006992431035,9.969993960044292,87.41944262482792,1.535923379031448,352.3641,54.04409883727407,2.7252584933530346,347.725,17717351,1789407577,2026-09-14T17:39:37Z,NASDAQ:GOOGL
7.751542139004353,10.058565388615705,88.37098861166315,1.5578234272115503,352.3641,54.09497935715541,2.7474150664697228,347.8,17830873,1789407758,2026-09-14T17:42:38Z,NASDAQ:GOOGL
7.810244737064544,10.472851102901416,95.2225240869254,1.7680638897405596,352.3641,54.577760203980816,2.9601181683899505,348.52,18074568,1789407936,2026-09-14T17:45:36Z,NASDAQ:GOOGL
7.868740451697915,10.991422531472892,100.39034854942147,1.8819441402771235,352.3641,54.83505054599705,3.0753323485967576,348.91,18340032,1789408117,2026-09-14T17:48:37Z,NASDAQ:GOOGL
7.907108109773167,11.339993960044184,103.76280666266598,1.9549443008774767,352.3641,54.99845270356144,3.149187592319062,349.16,18726516,1789408294,2026-09-14T17:51:34Z,NASDAQ:GOOGL
7.907108109773167,11.45427967432994,101.75149562683352,1.8381440439169008,352.3641,54.73643842176657,3.031019202363365,348.76,18874491,1789408475,2026-09-14T17:54:35Z,NASDAQ:GOOGL
7.907108109773167,11.348565388615668,103.61217330747836,1.9461842816054256,352.3641,54.972387857921845,3.1403249630723766,349.13,19097986,1789408655,2026-09-14T17:57:35Z,NASDAQ:GOOGL
7.907108109773167,11.421422531472842,102.33038292355644,1.9023841852452203,352.3641,54.81207950209227,3.0960118168390007,348.98,19238450,1789408833,2026-09-14T18:00:33Z,NASDAQ:GOOGL
7.907108109773167,11.269993960044246,104.99167745717772,2.0264844582658075,352.3641,55.15744376008438,3.221565731166905,349.405,19366380,1789409018,2026-09-14T18:03:38Z,NASDAQ:GOOGL
7.914360129611953,11.345708245758544,105.46755526727496,2.030864467901841,352.3641,55.167141417865054,3.225997045790256,349.42,19484268,1789409194,2026-09-14T18:06:34Z,NASDAQ:GOOGL
7.914360129611953,11.302851102901457,106.21823366186524,2.0746645642620467,352.3641,55.263887799635725,3.2703101920236315,349.57,19626897,1789409379,2026-09-14T18:09:39Z,NASDAQ:GOOGL
7.927909757654397,11.53285110290136,105.56769576075357,1.992904384389659,352.3641,55.08295544035663,3.1875923190546587,349.29,19756976,1789409559,2026-09-14T18:12:39Z,NASDAQ:GOOGL
7.927909757654397,11.52427967432999,105.71787762013882,2.0016644036616933,352.3641,55.10241102340939,3.196454948301328,349.32,19863507,1789409739,2026-09-14T18:15:39Z,NASDAQ:GOOGL
7.927909757654397,11.558565388615705,105.11694218460975,1.9666243265735224,352.3641,55.024487390677926,3.16100443131462,349.2,19967182,1789409918,2026-09-14T18:18:38Z,NASDAQ:GOOGL
7.927909757654397,11.533593960044245,105.55467836775613,1.9921451827194068,352.3641,55.13965382026405,3.186824224519938,349.2874,20068686,1789410097,2026-09-14T18:21:37Z,NASDAQ:GOOGL
7.927909757654397,11.38142253147288,108.21581709999477,2.1476647248624,352.3641,55.424207217234,3.344165435745936,349.82,21094126,1789410273,2026-09-14T18:24:33Z,NASDAQ:GOOGL
7.930612214292235,11.525708245758551,106.3682654736686,2.030864467901841,352.3641,55.167141417865054,3.225997045790256,349.42,21262521,1789410457,2026-09-14T18:27:37Z,NASDAQ:GOOGL
7.930612214292235,11.725708245758597,102.8584840688034,1.826464018220856,352.3641,54.710069086857786,3.019202363367807,348.72,21432916,1789410637,2026-09-14T18:30:37Z,NASDAQ:GOOGL
7.930612214292235,11.719993960044237,102.95902630954104,1.8323040310688783,352.3641,54.723257593710336,3.0251107828655863,348.74,21693114,1789410815,2026-09-14T18:33:35Z,NASDAQ:GOOGL
7.930612214292235,11.859993960044337,100.49127157621731,1.6892237162921833,352.3641,54.39791210974987,2.880354505169867,348.25,21933523,1789410996,2026-09-14T18:36:36Z,NASDAQ:GOOGL
7.930612214292235,12.118565388615709,95.90884607480686,1.4249631349189122,352.3641,53.78456094725826,2.6129985228951336,347.345,22124974,1789411178,2026-09-14T18:39:38Z,NASDAQ:GOOGL
7.930612214292235,12.103422531472802,96.1780947858506,1.4404391689661864,352.3641,53.820935435103785,2.628655834564261,347.398,22300245,1789411359,2026-09-14T18:42:39Z,NASDAQ:GOOGL
7.930612214292235,12.018565388615684,97.6848603912694,1.527163359759397,352.3641,54.02371503394687,2.716395864106349,347.695,22442756,1789411537,2026-09-14T18:45:37Z,NASDAQ:GOOGL
7.930612214292235,12.077136817187125,96.64520749182329,1.467303228067112,352.3641,53.88394028113028,2.655834564254065,347.49,22564549,1789411716,2026-09-14T18:48:36Z,NASDAQ:GOOGL
7.930612214292235,11.827136817187125,101.07127665247305,1.7228037901683484,352.3641,54.47468790125598,2.914327917282129,348.365,22732949,1789411899,2026-09-14T18:51:39Z,NASDAQ:GOOGL
7.930612214292235,11.8999939600443,99.78448290970692,1.6483436263559894,352.3641,54.3040956928075,2.8389955686853807,348.11,22846702,1789412075,2026-09-14T18:54:35Z,NASDAQ:GOOGL
7.930612214292235,11.9419653886157,99.04203727573264,1.605448731987217,352.3641,54.205239548716456,2.7955982274741498,347.9631,22979461,1789412256,2026-09-14T18:57:36Z,NASDAQ:GOOGL
7.930612214292235,12.245708245758578,93.64380359694032,1.2950228490502689,352.3641,53.47687705771171,2.481536189069417,346.9,23137372,1789412437,2026-09-14T19:00:37Z,NASDAQ:GOOGL
7.930612214292235,12.07696538861569,96.6482527867156,1.467478428452542,352.3641,53.88435061803189,2.656011816838987,347.4906,23373132,1789412618,2026-09-14T19:03:38Z,NASDAQ:GOOGL
7.930612214292235,12.117136817187088,95.93425162027398,1.426423138130918,352.3641,53.78799495051506,2.614475627769578,347.35,23465977,1789412797,2026-09-14T19:06:37Z,NASDAQ:GOOGL
7.930612214292235,12.168565388615662,95.01903145347092,1.3738630224986617,352.3641,53.66404846807852,2.561299852289517,347.17,23650384,1789412977,2026-09-14T19:09:37Z,NASDAQ:GOOGL
7.930612214292235,12.161879674329953,95.13808230471524,1.3806958375308491,352.3641,53.680199096682216,2.56821270310192,347.1934,23756272,1789413158,2026-09-14T19:12:38Z,NASDAQ:GOOGL
7.930612214292235,12.135708245758565,95.60390273590863,1.4074430963748268,352.3641,53.74331306457096,2.59527326440178,347.285,23860341,1789413338,2026-09-14T19:15:38Z,NASDAQ:GOOGL
7.930612214292235,12.19142253147288,94.61185678292006,1.3505029711065366,352.3641,53.608747469408605,2.5376661742983675,347.09,23955935,1789413516,2026-09-14T19:18:36Z,NASDAQ:GOOGL
7.930612214292235,12.079993960044249,96.59445049363946,1.4643832216431003,352.3641,53.87710025754152,2.652880354505176,347.48,24022455,1789413694,2026-09-14T19:21:34Z,NASDAQ:GOOGL
7.930612214292235,12.152851102901424,95.29881755611176,1.389923057830741,352.3641,53.70199148756296,2.5775480059084264,347.225,24126496,1789413877,2026-09-14T19:24:37Z,NASDAQ:GOOGL
7.930612214292235,12.131422531472822,95.68015186435096,1.411823106010844,352.3641,53.68482134883389,2.599704579025114,347.3,24264182,1789414055,2026-09-14T19:27:35Z,NASDAQ:GOOGL
7.930612214292235,12.121422531472833,95.8580320308545,1.422043128494884,352.3641,53.77769140943716,2.6100443131462274,347.335,24339827,1789414237,2026-09-14T19:30:37Z,NASDAQ:GOOGL
7.930612214292235,12.241422531472836,93.7202807521467,1.2994028586863025,352.3641,53.48731513074035,2.485967503692768,346.915,24416479,1789414415,2026-09-14T19:33:35Z,NASDAQ:GOOGL
7.930612214292235,12.188565388615755,94.66276743331191,1.3534229775305646,352.3641,53.615667311980864,2.540620384047274,347.1,24486996,1789414596,2026-09-14T19:36:36Z,NASDAQ:GOOGL
7.930612214292235,12.071422531472876,96.74670969669997,1.4731432409151348,352.3641,53.897614243861646,2.661742983751844,347.51,24581077,1789414776,2026-09-14T19:39:36Z,NASDAQ:GOOGL
7.930612214292235,11.971422531472854,98.52045702449452,1.575343465755636,352.3641,54.13560272552948,2.7651403249630766,347.86,24709069,1789414957,2026-09-14T19:42:37Z,NASDAQ:GOOGL
7.930612214292235,11.771422531472808,102.0535878390971,1.779743915436622,352.3641,54.60428378826667,2.971935007385525,348.56,24882669,1789415134,2026-09-14T19:45:34Z,NASDAQ:GOOGL
7.930612214292235,11.91999396004428,99.43080182201216,1.6279035813878924,352.3641,54.25704258006611,2.818316100443137,348.04,25137243,1789415320,2026-09-14T19:48:40Z,NASDAQ:GOOGL
7.930612214292235,11.847136817187106,100.71829141080312,1.7023637452002516,352.3641,54.42798563016444,2.8936484490398864,348.295,25276843,1789415498,2026-09-14T19:51:38Z,NASDAQ:GOOGL
7.930612214292235,11.857136817187095,100.54172724516394,1.6921437227161948,352.3641,54.40459854393521,2.8833087149187566,348.26,25424820,1789415676,2026-09-14T19:54:36Z,NASDAQ:GOOGL
7.930612214292235,11.808565388615762,101.39887794317032,1.7417838319244396,352.3641,54.51796866785259,2.933530280649928,348.43,25609314,1789415859,2026-09-14T19:57:39Z,NASDAQ:GOOGL
7.930612214292235,11.82847967432997,101.04758218742217,1.721431387149058,352.3641,54.47155517527764,2.912939438700146,348.3603,25851496,1789416037,2026-09-14T20:00:37Z,NASDAQ:GOOGL
7.930612214292235,11.699993960044251,103.3108021407868,1.852744076036976,352.3641,54.76935694115137,3.0457902511078294,348.81,26177935,1789416214,2026-09-14T20:03:34Z,NASDAQ:GOOGL
7.930612214292235,11.662851102901412,103.9635970008253,1.8907041595491576,352.3641,54.85472143208435,3.0841949778434263,348.94,26476381,1789416399,2026-09-14T20:06:39Z,NASDAQ:GOOGL
7.930612214292235,11.71856538861573,102.98415944825888,1.833764034280884,352.3641,54.72655352034953,3.026587887740031,348.745,26884397,1789416577,2026-09-14T20:09:37Z,NASDAQ:GOOGL
7.930612214292235,11.514279674330057,106.56825407791264,2.042544493597888,352.3641,55.19298134431165,3.237813884785814,349.46,27600814,1789416759,2026-09-14T20:12:39Z,NASDAQ:GOOGL
7.930612214292235,11.534279674330037,106.21823366186524,2.0221044486297903,352.3641,55.14774190605498,3.2171344165435705,349.39,32540412,1789416939,2026-09-14T20:15:39Z,NASDAQ:GOOGL
7.930612214292235,11.534279674330037,106.21823366186524,2.0221044486297903,352.3641,55.14774190605498,3.2171344165435705,349.39,34454880,1789417114,2026-09-14T20:18:34Z,NASDAQ:GOOGL
7.930612214292235,11.534279674330037,106.21823366186524,2.0221044486297903,352.3641,55.14774190605498,3.2171344165435705,349.39,34573135,1789417297,2026-09-14T20:21:37Z,NASDAQ:GOOGL
7.930612214292235,11.534279674330037,106.21823366186524,2.0221044486297903,352.3641,55.14774190605498,3.2171344165435705,349.39,34666243,1789417475,2026-09-14T20:24:35Z,NASDAQ:GOOGL
7.930612214292235,11.534279674330037,106.21823366186524,2.0221044486297903,352.3641,55.14774190605498,3.2171344165435705,349.39,34729680,1789417659,2026-09-14T20:27:39Z,NASDAQ:GOOGL
7.930612214292235,11.534279674330037,106.21823366186524,2.0221044486297903,352.3641,55.14774190605498,3.2171344165435705,349.39,34791944,1789417839,2026-09-14T20:30:39Z,NASDAQ:GOOGL
7.930612214292235,11.534279674330037,106.21823366186524,2.0221044486297903,352.3641,55.14774190605498,3.2171344165435705,349.39,34794631,1789418016,2026-09-14T20:33:36Z,NASDAQ:GOOGL
7.930612214292235,11.534279674330037,106.21823366186524,2.0221044486297903,352.3641,55.14774190605498,3.2171344165435705,349.39,34797134,1789418196,2026-09-14T20:36:36Z,NASDAQ:GOOGL
7.930612214292235,11.534279674330037,106.21823366186524,2.0221044486297903,352.3641,55.14774190605498,3.2171344165435705,349.39,35052870,1789418376,2026-09-14T20:39:36Z,NASDAQ:GOOGL
7.930612214292235,11.534279674330037,106.21823366186524,2.0221044486297903,352.3641,55.14774190605498,3.2171344165435705,349.39,35053992,1789418555,2026-09-14T20:42:35Z,NASDAQ:GOOGL
7.930612214292235,11.534279674330037,106.21823366186524,2.0221044486297903,352.3641,55.14774190605498,3.2171344165435705,349.39,35056190,1789418736,2026-09-14T20:45:36Z,NASDAQ:GOOGL
7.930612214292235,11.534279674330037,106.21823366186524,2.0221044486297903,352.3641,55.14774190605498,3.2171344165435705,349.39,35059305,1789418916,2026-09-14T20:48:36Z,NASDAQ:GOOGL
7.930612214292235,11.534279674330037,106.21823366186524,2.0221044486297903,352.3641,55.14774190605498,3.2171344165435705,349.39,35066029,1789419097,2026-09-14T20:51:37Z,NASDAQ:GOOGL
7.930612214292235,11.534279674330037,106.21823366186524,2.0221044486297903,352.3641,55.14774190605498,3.2171344165435705,349.39,35068093,1789419276,2026-09-14T20:54:36Z,NASDAQ:GOOGL
7.930612214292235,11.534279674330037,106.21823366186524,2.0221044486297903,352.3641,55.14774190605498,3.2171344165435705,349.39,35070451,1789419456,2026-09-14T20:57:36Z,NASDAQ:GOOGL
7.930612214292235,11.534279674330037,106.21823366186524,2.0221044486297903,352.3641,55.14774190605498,3.2171344165435705,349.39,35080910,1789419638,2026-09-14T21:00:38Z,NASDAQ:GOOGL
7.930612214292235,11.534279674330037,106.21823366186524,2.0221044486297903,352.3641,55.14774190605498,3.2171344165435705,349.39,35081822,1789419818,2026-09-14T21:03:38Z,NASDAQ:GOOGL
7.930612214292235,11.534279674330037,106.21823366186524,2.0221044486297903,352.3641,55.14774190605498,3.2171344165435705,349.39,35083969,1789419998,2026-09-14T21:06:38Z,NASDAQ:GOOGL
7.930612214292235,11.534279674330037,106.21823366186524,2.0221044486297903,352.3641,55.14774190605498,3.2171344165435705,349.39,35089048,1789420177,2026-09-14T21:09:37Z,NASDAQ:GOOGL
7.930612214292235,11.534279674330037,106.21823366186524,2.0221044486297903,352.3641,55.14774190605498,3.2171344165435705,349.39,35090869,1789420358,2026-09-14T21:12:38Z,NASDAQ:GOOGL
7.930612214292235,11.534279674330037,106.21823366186524,2.0221044486297903,352.3641,55.14774190605498,3.2171344165435705,349.39,35092778,1789420535,2026-09-14T21:15:35Z,NASDAQ:GOOGL
7.930612214292235,11.534279674330037,106.21823366186524,2.0221044486297903,352.3641,55.14774190605498,3.2171344165435705,349.39,35097058,1789420715,2026-09-14T21:18:35Z,NASDAQ:GOOGL
7.930612214292235,11.534279674330037,106.21823366186524,2.0221044486297903,352.3641,55.14774190605498,3.2171344165435705,349.39,35098565,1789420897,2026-09-14T21:21:37Z,NASDAQ:GOOGL
7.930612214292235,11.534279674330037,106.21823366186524,2.0221044486297903,352.3641,55.14774190605498,3.2171344165435705,349.39,35105427,1789421076,2026-09-14T21:24:36Z,NASDAQ:GOOGL
7.930612214292235,11.534279674330037,106.21823366186524,2.0221044486297903,352.3641,55.14774190605498,3.2171344165435705,349.39,35109248,1789421256,2026-09-14T21:27:36Z,NASDAQ:GOOGL
7.930612214292235,11.534279674330037,106.21823366186524,2.0221044486297903,352.3641,55.14774190605498,3.2171344165435705,349.39,35110304,1789421436,2026-09-14T21:30:36Z,NASDAQ:GOOGL
7.930612214292235,11.534279674330037,106.21823366186524,2.0221044486297903,352.3641,55.14774190605498,3.2171344165435705,349.39,35116632,1789421615,2026-09-14T21:33:35Z,NASDAQ:GOOGL
7.930612214292235,11.534279674330037,106.21823366186524,2.0221044486297903,352.3641,55.14774190605498,3.2171344165435705,349.39,35119217,1789421796,2026-09-14T21:36:36Z,NASDAQ:GOOGL
7.930612214292235,11.534279674330037,106.21823366186524,2.0221044486297903,352.3641,55.14774190605498,3.2171344165435705,349.39,35121624,1789421975,2026-09-14T21:39:35Z,NASDAQ:GOOGL
7.930612214292235,11.534279674330037,106.21823366186524,2.0221044486297903,352.3641,55.14774190605498,3.2171344165435705,349.39,35123365,1789422155,2026-09-14T21:42:35Z,NASDAQ:GOOGL
7.930612214292235,11.534279674330037,106.21823366186524,2.0221044486297903,352.3641,55.14774190605498,3.2171344165435705,349.39,35124413,1789422337,2026-09-14T21:45:37Z,NASDAQ:GOOGL
7.930612214292235,11.534279674330037,106.21823366186524,2.0221044486297903,352.3641,55.14774190605498,3.2171344165435705,349.39,35125715,1789422519,2026-09-14T21:48:39Z,NASDAQ:GOOGL
7.930612214292235,11.534279674330037,106.21823366186524,2.0221044486297903,352.3641,55.14774190605498,3.2171344165435705,349.39,35127062,1789422694,2026-09-14T21:51:34Z,NASDAQ:GOOGL
7.930612214292235,11.534279674330037,106.21823366186524,2.0221044486297903,352.3641,55.14774190605498,3.2171344165435705,349.39,35234395,1789422878,2026-09-14T21:54:38Z,NASDAQ:GOOGL
7.930612214292235,11.534279674330037,106.21823366186524,2.0221044486297903,352.3641,55.14774190605498,3.2171344165435705,349.39,35255940,1789423056,2026-09-14T21:57:36Z,NASDAQ:GOOGL
7.930612214292235,11.534279674330037,106.21823366186524,2.0221044486297903,352.3641,55.14774190605498,3.2171344165435705,349.39,35257009,1789423233,2026-09-14T22:00:33Z,NASDAQ:GOOGL
7.930612214292235,11.534279674330037,106.21823366186524,2.0221044486297903,352.3641,55.14774190605498,3.2171344165435705,349.39,35257773,1789423418,2026-09-14T22:03:38Z,NASDAQ:GOOGL
7.930612214292235,11.534279674330037,106.21823366186524,2.0221044486297903,352.3641,55.14774190605498,3.2171344165435705,349.39,35845202,1789423595,2026-09-14T22:06:35Z,NASDAQ:GOOGL
7.930612214292235,11.534279674330037,106.21823366186524,2.0221044486297903,352.3641,55.14774190605498,3.2171344165435705,349.39,35846068,1789423776,2026-09-14T22:09:36Z,NASDAQ:GOOGL
7.930612214292235,11.534279674330037,106.21823366186524,2.0221044486297903,352.3641,55.14774190605498,3.2171344165435705,349.39,35847528,1789423959,2026-09-14T22:12:39Z,NASDAQ:GOOGL
7.930612214292235,11.534279674330037,106.21823366186524,2.0221044486297903,352.3641,55.14774190605498,3.2171344165435705,349.39,35751053,1789424135,2026-09-14T22:15:35Z,NASDAQ:GOOGL
7.930612214292235,11.534279674330037,106.21823366186524,2.0221044486297903,352.3641,55.14774190605498,3.2171344165435705,349.39,35857864,1789424314,2026-09-14T22:18:34Z,NASDAQ:GOOGL
7.930612214292235,11.534279674330037,106.21823366186524,2.0221044486297903,352.3641,55.14774190605498,3.2171344165435705,349.39,35859136,1789424497,2026-09-14T22:21:37Z,NASDAQ:GOOGL
7.930612214292235,11.534279674330037,106.21823366186524,2.0221044486297903,352.3641,55.14774190605498,3.2171344165435705,349.39,35859644,1789424676,2026-09-14T22:24:36Z,NASDAQ:GOOGL
7.930612214292235,11.534279674330037,106.21823366186524,2.0221044486297903,352.3641,55.14774190605498,3.2171344165435705,349.39,35859941,1789424857,2026-09-14T22:27:37Z,NASDAQ:GOOGL
7.930612214292235,11.534279674330037,106.21823366186524,2.0221044486297903,352.3641,55.14774190605498,3.2171344165435705,349.39,35861053,1789425036,2026-09-14T22:30:36Z,NASDAQ:GOOGL
7.930612214292235,11.534279674330037,106.21823366186524,2.0221044486297903,352.3641,55.14774190605498,3.2171344165435705,349.39,35862410,1789425217,2026-09-14T22:33:37Z,NASDAQ:GOOGL
7.930612214292235,11.534279674330037,106.21823366186524,2.0221044486297903,352.3641,55.14774190605498,3.2171344165435705,349.39,35863774,1789425397,2026-09-14T22:36:37Z,NASDAQ:GOOGL
7.930612214292235,11.534279674330037,106.21823366186524,2.0221044486297903,352.3641,55.14774190605498,3.2171344165435705,349.39,35865823,1789425577,2026-09-14T22:39:37Z,NASDAQ:GOOGL
7.930612214292235,11.534279674330037,106.21823366186524,2.0221044486297903,352.3641,55.14774190605498,3.2171344165435705,349.39,35869044,1789425753,2026-09-14T22:42:33Z,NASDAQ:GOOGL
7.930612214292235,11.534279674330037,106.21823366186524,2.0221044486297903,352.3641,55.14774190605498,3.2171344165435705,349.39,35871924,1789425936,2026-09-14T22:45:36Z,NASDAQ:GOOGL
7.930612214292235,11.534279674330037,106.21823366186524,2.0221044486297903,352.3641,55.14774190605498,3.2171344165435705,349.39,35873093,1789426113,2026-09-14T22:48:33Z,NASDAQ:GOOGL
7.930612214292235,11.534279674330037,106.21823366186524,2.0221044486297903,352.3641,55.14774190605498,3.2171344165435705,349.39,35875269,1789426295,2026-09-14T22:51:35Z,NASDAQ:GOOGL
7.930612214292235,11.534279674330037,106.21823366186524,2.0221044486297903,352.3641,55.14774190605498,3.2171344165435705,349.39,35876985,1789426477,2026-09-14T22:54:37Z,NASDAQ:GOOGL
7.930612214292235,11.534279674330037,106.21823366186524,2.0221044486297903,352.3641,55.14774190605498,3.2171344165435705,349.39,35877458,1789426658,2026-09-14T22:57:38Z,NASDAQ:GOOGL
7.930612214292235,11.534279674330037,106.21823366186524,2.0221044486297903,352.3641,55.14774190605498,3.2171344165435705,349.39,35877989,1789426838,2026-09-14T23:00:38Z,NASDAQ:GOOGL
7.930612214292235,11.534279674330037,106.21823366186524,2.0221044486297903,352.3641,55.14774190605498,3.2171344165435705,349.39,35879691,1789427016,2026-09-14T23:03:36Z,NASDAQ:GOOGL
7.930612214292235,11.534279674330037,106.21823366186524,2.0221044486297903,352.3641,55.14774190605498,3.2171344165435705,349.39,35880056,1789427197,2026-09-14T23:06:37Z,NASDAQ:GOOGL
7.930612214292235,11.534279674330037,106.21823366186524,2.0221044486297903,352.3641,55.14774190605498,3.2171344165435705,349.39,35880736,1789427374,2026-09-14T23:09:34Z,NASDAQ:GOOGL
7.930612214292235,11.534279674330037,106.21823366186524,2.0221044486297903,352.3641,55.14774190605498,3.2171344165435705,349.39,35885014,1789427556,2026-09-14T23:12:36Z,NASDAQ:GOOGL
7.930612214292235,11.534279674330037,106.21823366186524,2.0221044486297903,352.3641,55.14774190605498,3.2171344165435705,349.39,35886406,1789427737,2026-09-14T23:15:37Z,NASDAQ:GOOGL
7.930612214292235,11.534279674330037,106.21823366186524,2.0221044486297903,352.3641,55.14774190605498,3.2171344165435705,349.39,35887761,1789427916,2026-09-14T23:18:36Z,NASDAQ:GOOGL
7.930612214292235,11.534279674330037,106.21823366186524,2.0221044486297903,352.3641,55.14774190605498,3.2171344165435705,349.39,35892416,1789428099,2026-09-14T23:21:39Z,NASDAQ:GOOGL
7.930612214292235,11.534279674330037,106.21823366186524,2.0221044486297903,352.3641,55.14774190605498,3.2171344165435705,349.39,35892798,1789428273,2026-09-14T23:24:33Z,NASDAQ:GOOGL
7.930612214292235,11.534279674330037,106.21823366186524,2.0221044486297903,352.3641,55.14774190605498,3.2171344165435705,349.39,35893242,1789428457,2026-09-14T23:27:37Z,NASDAQ:GOOGL
7.930612214292235,11.534279674330037,106.21823366186524,2.0221044486297903,352.3641,55.14774190605498,3.2171344165435705,349.39,35893650,1789428633,2026-09-14T23:30:33Z,NASDAQ:GOOGL
7.930612214292235,11.534279674330037,106.21823366186524,2.0221044486297903,352.3641,55.14774190605498,3.2171344165435705,349.39,35894929,1789428818,2026-09-14T23:33:38Z,NASDAQ:GOOGL
7.930612214292235,11.534279674330037,106.21823366186524,2.0221044486297903,352.3641,55.14774190605498,3.2171344165435705,349.39,35895613,1789428994,2026-09-14T23:36:34Z,NASDAQ:GOOGL
7.930612214292235,11.534279674330037,106.21823366186524,2.0221044486297903,352.3641,55.14774190605498,3.2171344165435705,349.39,35895961,1789429179,2026-09-14T23:39:39Z,NASDAQ:GOOGL
7.930612214292235,11.534279674330037,106.21823366186524,2.0221044486297903,352.3641,55.14774190605498,3.2171344165435705,349.39,35897684,1789429355,2026-09-14T23:42:35Z,NASDAQ:GOOGL
7.930612214292235,11.534279674330037,106.21823366186524,2.0221044486297903,352.3641,55.14774190605498,3.2171344165435705,349.39,35899004,1789429535,2026-09-14T23:45:35Z,NASDAQ:GOOGL
7.930612214292235,11.534279674330037,106.21823366186524,2.0221044486297903,352.3641,55.14774190605498,3.2171344165435705,349.39,35899241,1789429717,2026-09-14T23:48:37Z,NASDAQ:GOOGL
7.930612214292235,11.534279674330037,106.21823366186524,2.0221044486297903,352.3641,55.14774190605498,3.2171344165435705,349.39,35899738,1789429897,2026-09-14T23:51:37Z,NASDAQ:GOOGL
7.930612214292235,11.534279674330037,106.21823366186524,2.0221044486297903,352.3641,55.14774190605498,3.2171344165435705,349.39,35899982,1789430076,2026-09-14T23:54:36Z,NASDAQ:GOOGL
7.930612214292235,11.534279674330037,106.21823366186524,2.0221044486297903,352.3641,55.14774190605498,3.2171344165435705,349.39,35900213,1789430257,2026-09-14T23:57:37Z,NASDAQ:GOOGL
7.930612214292235,11.534279674330037,106.21823366186524,2.0221044486297903,352.3641,55.14774190605498,3.2171344165435705,349.39,35900978,1789430439,2026-09-15T00:00:39Z,NASDAQ:GOOGL
7.930612214292235,11.534279674330037,106.21823366186524,2.0221044486297903,352.3641,55.14774190605498,3.2171344165435705,349.39,35901886,1789430616,2026-09-15T00:03:36Z,NASDAQ:GOOGL
7.930612214292235,11.534279674330037,106.21823366186524,2.0221044486297903,352.3641,55.14774190605498,3.2171344165435705,349.39,35902668,1789430796,2026-09-15T00:06:36Z,NASDAQ:GOOGL
7.930612214292235,11.534279674330037,106.21823366186524,2.0221044486297903,352.3641,55.14774190605498,3.2171344165435705,349.39,35904086,1789430978,2026-09-15T00:09:38Z,NASDAQ:GOOGL
7.930612214292235,11.534279674330037,106.21823366186524,2.0221044486297903,352.3641,55.14774190605498,3.2171344165435705,349.39,35904762,1789431159,2026-09-15T00:12:39Z,NASDAQ:GOOGL
7.930612214292235,11.534279674330037,106.21823366186524,2.0221044486297903,352.3641,55.14774190605498,3.2171344165435705,349.39,35905312,1789431338,2026-09-15T00:15:38Z,NASDAQ:GOOGL
7.930612214292235,11.534279674330037,106.21823366186524,2.0221044486297903,352.3641,55.14774190605498,3.2171344165435705,349.39,35905312,1789431519,2026-09-15T00:18:39Z,NASDAQ:GOOGL
7.930612214292235,11.534279674330037,106.21823366186524,2.0221044486297903,352.3641,55.14774190605498,3.2171344165435705,349.39,35905312,1789431696,2026-09-15T00:21:36Z,NASDAQ:GOOGL
7.930612214292235,11.534279674330037,106.21823366186524,2.0221044486297903,352.3641,55.14774190605498,3.2171344165435705,349.39,35905312,1789431877,2026-09-15T00:24:37Z,NASDAQ:GOOGL
7.930612214292235,11.534279674330037,106.21823366186524,2.0221044486297903,352.3641,55.14774190605498,3.2171344165435705,349.39,35905312,1789432055,2026-09-15T00:27:35Z,NASDAQ:GOOGL
7.930612214292235,11.534279674330037,106.21823366186524,2.0221044486297903,352.3641,55.14774190605498,3.2171344165435705,349.39,35905312,1789432236,2026-09-15T00:30:36Z,NASDAQ:GOOGL
7.930612214292235,11.534279674330037,106.21823366186524,2.0221044486297903,352.3641,55.14774190605498,3.2171344165435705,349.39,35905312,1789432417,2026-09-15T00:33:37Z,NASDAQ:GOOGL
7.930612214292235,11.534279674330037,106.21823366186524,2.0221044486297903,352.3641,55.14774190605498,3.2171344165435705,349.39,35905312,1789432595,2026-09-15T00:36:35Z,NASDAQ:GOOGL
7.930612214292235,11.534279674330037,106.21823366186524,2.0221044486297903,352.3641,55.14774190605498,3.2171344165435705,349.39,35905312,1789432776,2026-09-15T00:39:36Z,NASDAQ:GOOGL
7.930612214292235,11.534279674330037,106.21823366186524,2.0221044486297903,352.3641,55.14774190605498,3.2171344165435705,349.39,35905312,1789432957,2026-09-15T00:42:37Z,NASDAQ:GOOGL
7.930612214292235,11.534279674330037,106.21823366186524,2.0221044486297903,352.3641,55.14774190605498,3.2171344165435705,349.39,35905312,1789433136,2026-09-15T00:45:36Z,NASDAQ:GOOGL
7.930612214292235,11.534279674330037,106.21823366186524,2.0221044486297903,352.3641,55.14774190605498,3.2171344165435705,349.39,35905312,1789433317,2026-09-15T00:48:37Z,NASDAQ:GOOGL
7.930612214292235,11.534279674330037,106.21823366186524,2.0221044486297903,352.3641,55.14774190605498,3.2171344165435705,349.39,35905312,1789433498,2026-09-15T00:51:38Z,NASDAQ:GOOGL
7.930612214292235,11.534279674330037,106.21823366186524,2.0221044486297903,352.3641,55.14774190605498,3.2171344165435705,349.39,35905312,1789433679,2026-09-15T00:54:39Z,NASDAQ:GOOGL
7.930612214292235,11.534279674330037,106.21823366186524,2.0221044486297903,352.3641,55.14774190605498,3.2171344165435705,349.39,35905312,1789433856,2026-09-15T00:57:36Z,NASDAQ:GOOGL
7.930612214292235,11.534279674330037,106.21823366186524,2.0221044486297903,352.3641,55.14774190605498,3.2171344165435705,349.39,35905312,1789434038,2026-09-15T01:00:38Z,NASDAQ:GOOGL
7.930612214292235,11.534279674330037,106.21823366186524,2.0221044486297903,352.3641,55.14774190605498,3.2171344165435705,349.39,35905312,1789434217,2026-09-15T01:03:37Z,NASDAQ:GOOGL
7.930612214292235,11.534279674330037,106.21823366186524,2.0221044486297903,352.3641,55.14774190605498,3.2171344165435705,349.39,35905312,1789434398,2026-09-15T01:06:38Z,NASDAQ:GOOGL
7.930612214292235,11.534279674330037,106.21823366186524,2.0221044486297903,352.3641,55.14774190605498,3.2171344165435705,349.39,35905312,1789434575,2026-09-15T01:09:35Z,NASDAQ:GOOGL
7.930612214292235,11.534279674330037,106.21823366186524,2.0221044486297903,352.3641,55.14774190605498,3.2171344165435705,349.39,35905312,1789434757,2026-09-15T01:12:37Z,NASDAQ:GOOGL
7.930612214292235,11.534279674330037,106.21823366186524,2.0221044486297903,352.3641,55.14774190605498,3.2171344165435705,349.39,35905312,1789434939,2026-09-15T01:15:39Z,NASDAQ:GOOGL
7.930612214292235,11.534279674330037,106.21823366186524,2.0221044486297903,352.3641,55.14774190605498,3.2171344165435705,349.39,35905312,1789435117,2026-09-15T01:18:37Z,NASDAQ:GOOGL
7.930612214292235,11.534279674330037,106.21823366186524,2.0221044486297903,352.3641,55.14774190605498,3.2171344165435705,349.39,35905312,1789435297,2026-09-15T01:21:37Z,NASDAQ:GOOGL
7.930612214292235,11.534279674330037,106.21823366186524,2.0221044486297903,352.3641,55.14774190605498,3.2171344165435705,349.39,35905312,1789435475,2026-09-15T01:24:35Z,NASDAQ:GOOGL
7.930612214292235,11.534279674330037,106.21823366186524,2.0221044486297903,352.3641,55.14774190605498,3.2171344165435705,349.39,35905312,1789435655,2026-09-15T01:27:35Z,NASDAQ:GOOGL
7.930612214292235,11.534279674330037,106.21823366186524,2.0221044486297903,352.3641,55.14774190605498,3.2171344165435705,349.39,35905312,1789435836,2026-09-15T01:30:36Z,NASDAQ:GOOGL
7.930612214292235,11.534279674330037,106.21823366186524,2.0221044486297903,352.3641,55.14774190605498,3.2171344165435705,349.39,35905312,1789436017,2026-09-15T01:33:37Z,NASDAQ:GOOGL
7.930612214292235,11.534279674330037,106.21823366186524,2.0221044486297903,352.3641,55.14774190605498,3.2171344165435705,349.39,35905312,1789436197,2026-09-15T01:36:37Z,NASDAQ:GOOGL
7.930612214292235,11.534279674330037,106.21823366186524,2.0221044486297903,352.3641,55.14774190605498,3.2171344165435705,349.39,35905312,1789436378,2026-09-15T01:39:38Z,NASDAQ:GOOGL
7.930612214292235,11.534279674330037,106.21823366186524,2.0221044486297903,352.3641,55.14774190605498,3.2171344165435705,349.39,35905312,1789436554,2026-09-15T01:42:34Z,NASDAQ:GOOGL
7.930612214292235,11.534279674330037,106.21823366186524,2.0221044486297903,352.3641,55.14774190605498,3.2171344165435705,349.39,35905312,1789436737,2026-09-15T01:45:37Z,NASDAQ:GOOGL
7.930612214292235,11.534279674330037,106.21823366186524,2.0221044486297903,352.3641,55.14774190605498,3.2171344165435705,349.39,35905312,1789436916,2026-09-15T01:48:36Z,NASDAQ:GOOGL
7.930612214292235,11.534279674330037,106.21823366186524,2.0221044486297903,352.3641,55.14774190605498,3.2171344165435705,349.39,35905312,1789437097,2026-09-15T01:51:37Z,NASDAQ:GOOGL
7.930612214292235,11.534279674330037,106.21823366186524,2.0221044486297903,352.3641,55.14774190605498,3.2171344165435705,349.39,35905312,1789437273,2026-09-15T01:54:33Z,NASDAQ:GOOGL
7.930612214292235,11.534279674330037,106.21823366186524,2.0221044486297903,352.3641,55.14774190605498,3.2171344165435705,349.39,35905312,1789437456,2026-09-15T01:57:36Z,NASDAQ:GOOGL
7.930612214292235,11.534279674330037,106.21823366186524,2.0221044486297903,352.3641,55.14774190605498,3.2171344165435705,349.39,35905312,1789437636,2026-09-15T02:00:36Z,NASDAQ:GOOGL
7.930612214292235,11.534279674330037,106.21823366186524,2.0221044486297903,352.3641,55.14774190605498,3.2171344165435705,349.39,35905312,1789437819,2026-09-15T02:03:39Z,NASDAQ:GOOGL
7.930612214292235,11.534279674330037,106.21823366186524,2.0221044486297903,352.3641,55.14774190605498,3.2171344165435705,349.39,35905312,1789437996,2026-09-15T02:06:36Z,NASDAQ:GOOGL
7.930612214292235,11.534279674330037,106.21823366186524,2.0221044486297903,352.3641,55.14774190605498,3.2171344165435705,349.39,35905312,1789438177,2026-09-15T02:09:37Z,NASDAQ:GOOGL
7.930612214292235,11.534279674330037,106.21823366186524,2.0221044486297903,352.3641,55.14774190605498,3.2171344165435705,349.39,35905312,1789438358,2026-09-15T02:12:38Z,NASDAQ:GOOGL
7.930612214292235,11.534279674330037,106.21823366186524,2.0221044486297903,352.3641,55.14774190605498,3.2171344165435705,349.39,35905312,1789438538,2026-09-15T02:15:38Z,NASDAQ:GOOGL
7.930612214292235,11.534279674330037,106.21823366186524,2.0221044486297903,352.3641,55.14774190605498,3.2171344165435705,349.39,35905312,1789438718,2026-09-15T02:18:38Z,NASDAQ:GOOGL
7.930612214292235,11.534279674330037,106.21823366186524,2.0221044486297903,352.3641,55.14774190605498,3.2171344165435705,349.39,35905312,1789438895,2026-09-15T02:21:35Z,NASDAQ:GOOGL
7.930612214292235,11.534279674330037,106.21823366186524,2.0221044486297903,352.3641,55.14774190605498,3.2171344165435705,349.39,35905312,1789439078,2026-09-15T02:24:38Z,NASDAQ:GOOGL
7.930612214292235,11.534279674330037,106.21823366186524,2.0221044486297903,352.3641,55.14774190605498,3.2171344165435705,349.39,35905312,1789439254,2026-09-15T02:27:34Z,NASDAQ:GOOGL
7.930612214292235,11.534279674330037,106.21823366186524,2.0221044486297903,352.3641,55.14774190605498,3.2171344165435705,349.39,35905312,1789439436,2026-09-15T02:30:36Z,NASDAQ:GOOGL
7.930612214292235,11.534279674330037,106.21823366186524,2.0221044486297903,352.3641,55.14774190605498,3.2171344165435705,349.39,35905312,1789439618,2026-09-15T02:33:38Z,NASDAQ:GOOGL
7.930612214292235,11.534279674330037,106.21823366186524,2.0221044486297903,352.3641,55.14774190605498,3.2171344165435705,349.39,35905312,1789439802,2026-09-15T02:36:42Z,NASDAQ:GOOGL
7.930612214292235,11.534279674330037,106.21823366186524,2.0221044486297903,352.3641,55.14774190605498,3.2171344165435705,349.39,35905312,1789439975,2026-09-15T02:39:35Z,NASDAQ:GOOGL
7.930612214292235,11.534279674330037,106.21823366186524,2.0221044486297903,352.3641,55.14774190605498,3.2171344165435705,349.39,35905312,1789440160,2026-09-15T02:42:40Z,NASDAQ:GOOGL
7.930612214292235,11.534279674330037,106.21823366186524,2.0221044486297903,352.3641,55.14774190605498,3.2171344165435705,349.39,35905312,1789440339,2026-09-15T02:45:39Z,NASDAQ:GOOGL
7.930612214292235,11.534279674330037,106.21823366186524,2.0221044486297903,352.3641,55.14774190605498,3.2171344165435705,349.39,35905312,1789440516,2026-09-15T02:48:36Z,NASDAQ:GOOGL
7.930612214292235,11.534279674330037,106.21823366186524,2.0221044486297903,352.3641,55.14774190605498,3.2171344165435705,349.39,35905312,1789440699,2026-09-15T02:51:39Z,NASDAQ:GOOGL
7.930612214292235,11.534279674330037,106.21823366186524,2.0221044486297903,352.3641,55.14774190605498,3.2171344165435705,349.39,35905312,1789440874,2026-09-15T02:54:34Z,NASDAQ:GOOGL
7.930612214292235,11.534279674330037,106.21823366186524,2.0221044486297903,352.3641,55.14774190605498,3.2171344165435705,349.39,35905312,1789441057,2026-09-15T02:57:37Z,NASDAQ:GOOGL
7.930612214292235,11.534279674330037,106.21823366186524,2.0221044486297903,352.3641,55.14774190605498,3.2171344165435705,349.39,35905312,1789441234,2026-09-15T03:00:34Z,NASDAQ:GOOGL
7.930612214292235,11.534279674330037,106.21823366186524,2.0221044486297903,352.3641,55.14774190605498,3.2171344165435705,349.39,35905312,1789441419,2026-09-15T03:03:39Z,NASDAQ:GOOGL
7.930612214292235,11.534279674330037,106.21823366186524,2.0221044486297903,352.3641,55.14774190605498,3.2171344165435705,349.39,35905312,1789441597,2026-09-15T03:06:37Z,NASDAQ:GOOGL
7.930612214292235,11.534279674330037,106.21823366186524,2.0221044486297903,352.3641,55.14774190605498,3.2171344165435705,349.39,35905312,1789441775,2026-09-15T03:09:35Z,NASDAQ:GOOGL
7.930612214292235,11.534279674330037,106.21823366186524,2.0221044486297903,352.3641,55.14774190605498,3.2171344165435705,349.39,35905312,1789441957,2026-09-15T03:12:37Z,NASDAQ:GOOGL
7.930612214292235,11.534279674330037,106.21823366186524,2.0221044486297903,352.3641,55.14774190605498,3.2171344165435705,349.39,35905312,1789442133,2026-09-15T03:15:33Z,NASDAQ:GOOGL
7.930612214292235,11.534279674330037,106.21823366186524,2.0221044486297903,352.3641,55.14774190605498,3.2171344165435705,349.39,35905312,1789442316,2026-09-15T03:18:36Z,NASDAQ:GOOGL
7.930612214292235,11.534279674330037,106.21823366186524,2.0221044486297903,352.3641,55.14774190605498,3.2171344165435705,349.39,35905312,1789442499,2026-09-15T03:21:39Z,NASDAQ:GOOGL
7.930612214292235,11.534279674330037,106.21823366186524,2.0221044486297903,352.3641,55.14774190605498,3.2171344165435705,349.39,35905312,1789442675,2026-09-15T03:24:35Z,NASDAQ:GOOGL
7.930612214292235,11.534279674330037,106.21823366186524,2.0221044486297903,352.3641,55.14774190605498,3.2171344165435705,349.39,35905312,1789442858,2026-09-15T03:27:38Z,NASDAQ:GOOGL
7.930612214292235,11.534279674330037,106.21823366186524,2.0221044486297903,352.3641,55.14774190605498,3.2171344165435705,349.39,35905312,1789443036,2026-09-15T03:30:36Z,NASDAQ:GOOGL
7.930612214292235,11.534279674330037,106.21823366186524,2.0221044486297903,352.3641,55.14774190605498,3.2171344165435705,349.39,35905312,1789443215,2026-09-15T03:33:35Z,NASDAQ:GOOGL
7.930612214292235,11.534279674330037,106.21823366186524,2.0221044486297903,352.3641,55.14774190605498,3.2171344165435705,349.39,35905312,1789443394,2026-09-15T03:36:34Z,NASDAQ:GOOGL
7.930612214292235,11.534279674330037,106.21823366186524,2.0221044486297903,352.3641,55.14774190605498,3.2171344165435705,349.39,35905312,1789443576,2026-09-15T03:39:36Z,NASDAQ:GOOGL
7.930612214292235,11.534279674330037,106.21823366186524,2.0221044486297903,352.3641,55.14774190605498,3.2171344165435705,349.39,35905312,1789443754,2026-09-15T03:42:34Z,NASDAQ:GOOGL
7.930612214292235,11.534279674330037,106.21823366186524,2.0221044486297903,352.3641,55.14774190605498,3.2171344165435705,349.39,35905312,1789443938,2026-09-15T03:45:38Z,NASDAQ:GOOGL
7.930612214292235,11.534279674330037,106.21823366186524,2.0221044486297903,352.3641,55.14774190605498,3.2171344165435705,349.39,35905312,1789444118,2026-09-15T03:48:38Z,NASDAQ:GOOGL
7.930612214292235,11.534279674330037,106.21823366186524,2.0221044486297903,352.3641,55.14774190605498,3.2171344165435705,349.39,35905312,1789444298,2026-09-15T03:51:38Z,NASDAQ:GOOGL
7.930612214292235,11.534279674330037,106.21823366186524,2.0221044486297903,352.3641,55.14774190605498,3.2171344165435705,349.39,35905312,1789444478,2026-09-15T03:54:38Z,NASDAQ:GOOGL
7.930612214292235,11.534279674330037,106.21823366186524,2.0221044486297903,352.3641,55.14774190605498,3.2171344165435705,349.39,35905312,1789444655,2026-09-15T03:57:35Z,NASDAQ:GOOGL
7.930612214292235,11.534279674330037,106.21823366186524,2.0221044486297903,352.3641,55.14774190605498,3.2171344165435705,349.39,35905312,1789444838,2026-09-15T04:00:38Z,NASDAQ:GOOGL
7.930612214292235,11.534279674330037,106.21823366186524,2.0221044486297903,352.3641,55.14774190605498,3.2171344165435705,349.39,35905312,1789445015,2026-09-15T04:03:35Z,NASDAQ:GOOGL
7.930612214292235,11.534279674330037,106.21823366186524,2.0221044486297903,352.3641,55.14774190605498,3.2171344165435705,349.39,35905312,1789445196,2026-09-15T04:06:36Z,NASDAQ:GOOGL
7.930612214292235,11.534279674330037,106.21823366186524,2.0221044486297903,352.3641,55.14774190605498,3.2171344165435705,349.39,35905312,1789445378,2026-09-15T04:09:38Z,NASDAQ:GOOGL
7.930612214292235,11.534279674330037,106.21823366186524,2.0221044486297903,352.3641,55.14774190605498,3.2171344165435705,349.39,35905312,1789445556,2026-09-15T04:12:36Z,NASDAQ:GOOGL
7.930612214292235,11.534279674330037,106.21823366186524,2.0221044486297903,352.3641,55.14774190605498,3.2171344165435705,349.39,35905312,1789445737,2026-09-15T04:15:37Z,NASDAQ:GOOGL
7.930612214292235,11.534279674330037,106.21823366186524,2.0221044486297903,352.3641,55.14774190605498,3.2171344165435705,349.39,35905312,1789445916,2026-09-15T04:18:36Z,NASDAQ:GOOGL
7.930612214292235,11.534279674330037,106.21823366186524,2.0221044486297903,352.3641,55.14774190605498,3.2171344165435705,349.39,35905312,1789446098,2026-09-15T04:21:38Z,NASDAQ:GOOGL
7.930612214292235,11.534279674330037,106.21823366186524,2.0221044486297903,352.3641,55.14774190605498,3.2171344165435705,349.39,35905312,1789446276,2026-09-15T04:24:36Z,NASDAQ:GOOGL
7.930612214292235,11.534279674330037,106.21823366186524,2.0221044486297903,352.3641,55.14774190605498,3.2171344165435705,349.39,35905312,1789446455,2026-09-15T04:27:35Z,NASDAQ:GOOGL
7.930612214292235,11.534279674330037,106.21823366186524,2.0221044486297903,352.3641,55.14774190605498,3.2171344165435705,349.39,35905312,1789446636,2026-09-15T04:30:36Z,NASDAQ:GOOGL
7.930612214292235,11.534279674330037,106.21823366186524,2.0221044486297903,352.3641,55.14774190605498,3.2171344165435705,349.39,35905312,1789446818,2026-09-15T04:33:38Z,NASDAQ:GOOGL
7.930612214292235,11.534279674330037,106.21823366186524,2.0221044486297903,352.3641,55.14774190605498,3.2171344165435705,349.39,35905312,1789446998,2026-09-15T04:36:38Z,NASDAQ:GOOGL
7.930612214292235,11.534279674330037,106.21823366186524,2.0221044486297903,352.3641,55.14774190605498,3.2171344165435705,349.39,35905312,1789447177,2026-09-15T04:39:37Z,NASDAQ:GOOGL
7.930612214292235,11.534279674330037,106.21823366186524,2.0221044486297903,352.3641,55.14774190605498,3.2171344165435705,349.39,35905312,1789447354,2026-09-15T04:42:34Z,NASDAQ:GOOGL
7.930612214292235,11.534279674330037,106.21823366186524,2.0221044486297903,352.3641,55.14774190605498,3.2171344165435705,349.39,35905312,1789447537,2026-09-15T04:45:37Z,NASDAQ:GOOGL
7.930612214292235,11.534279674330037,106.21823366186524,2.0221044486297903,352.3641,55.14774190605498,3.2171344165435705,349.39,35905312,1789447717,2026-09-15T04:48:37Z,NASDAQ:GOOGL
7.930612214292235,11.534279674330037,106.21823366186524,2.0221044486297903,352.3641,55.14774190605498,3.2171344165435705,349.39,35905312,1789447898,2026-09-15T04:51:38Z,NASDAQ:GOOGL
7.930612214292235,11.534279674330037,106.21823366186524,2.0221044486297903,352.3641,55.14774190605498,3.2171344165435705,349.39,35905312,1789448077,2026-09-15T04:54:37Z,NASDAQ:GOOGL
7.930612214292235,11.534279674330037,106.21823366186524,2.0221044486297903,352.3641,55.14774190605498,3.2171344165435705,349.39,35905312,1789448260,2026-09-15T04:57:40Z,NASDAQ:GOOGL
7.930612214292235,11.534279674330037,106.21823366186524,2.0221044486297903,352.3641,55.14774190605498,3.2171344165435705,349.39,35905312,1789448439,2026-09-15T05:00:39Z,NASDAQ:GOOGL
7.930612214292235,11.534279674330037,106.21823366186524,2.0221044486297903,352.3641,55.14774190605498,3.2171344165435705,349.39,35905312,1789448617,2026-09-15T05:03:37Z,NASDAQ:GOOGL
7.930612214292235,11.534279674330037,106.21823366186524,2.0221044486297903,352.3641,55.14774190605498,3.2171344165435705,349.39,35905312,1789448795,2026-09-15T05:06:35Z,NASDAQ:GOOGL
7.930612214292235,11.534279674330037,106.21823366186524,2.0221044486297903,352.3641,55.14774190605498,3.2171344165435705,349.39,35905312,1789448977,2026-09-15T05:09:37Z,NASDAQ:GOOGL
7.930612214292235,11.534279674330037,106.21823366186524,2.0221044486297903,352.3641,55.14774190605498,3.2171344165435705,349.39,35905312,1789449154,2026-09-15T05:12:34Z,NASDAQ:GOOGL
7.930612214292235,11.534279674330037,106.21823366186524,2.0221044486297903,352.3641,55.14774190605498,3.2171344165435705,349.39,35905312,1789449340,2026-09-15T05:15:40Z,NASDAQ:GOOGL
7.930612214292235,11.534279674330037,106.21823366186524,2.0221044486297903,352.3641,55.14774190605498,3.2171344165435705,349.39,35905312,1789449517,2026-09-15T05:18:37Z,NASDAQ:GOOGL
7.930612214292235,11.534279674330037,106.21823366186524,2.0221044486297903,352.3641,55.14774190605498,3.2171344165435705,349.39,35905312,1789449698,2026-09-15T05:21:38Z,NASDAQ:GOOGL
7.930612214292235,11.534279674330037,106.21823366186524,2.0221044486297903,352.3641,55.14774190605498,3.2171344165435705,349.39,35905312,1789449878,2026-09-15T05:24:38Z,NASDAQ:GOOGL
7.930612214292235,11.534279674330037,106.21823366186524,2.0221044486297903,352.3641,55.14774190605498,3.2171344165435705,349.39,35905312,1789450057,2026-09-15T05:27:37Z,NASDAQ:GOOGL
7.930612214292235,11.534279674330037,106.21823366186524,2.0221044486297903,352.3641,55.14774190605498,3.2171344165435705,349.39,35905312,1789450239,2026-09-15T05:30:39Z,NASDAQ:GOOGL
7.930612214292235,11.534279674330037,106.21823366186524,2.0221044486297903,352.3641,55.14774190605498,3.2171344165435705,349.39,35905312,1789450418,2026-09-15T05:33:38Z,NASDAQ:GOOGL
7.930612214292235,11.534279674330037,106.21823366186524,2.0221044486297903,352.3641,55.14774190605498,3.2171344165435705,349.39,35905312,1789450598,2026-09-15T05:36:38Z,NASDAQ:GOOGL
7.930612214292235,11.534279674330037,106.21823366186524,2.0221044486297903,352.3641,55.14774190605498,3.2171344165435705,349.39,35905312,1789450775,2026-09-15T05:39:35Z,NASDAQ:GOOGL
7.930612214292235,11.534279674330037,106.21823366186524,2.0221044486297903,352.3641,55.14774190605498,3.2171344165435705,349.39,35905312,1789450955,2026-09-15T05:42:35Z,NASDAQ:GOOGL
7.930612214292235,11.534279674330037,106.21823366186524,2.0221044486297903,352.3641,55.14774190605498,3.2171344165435705,349.39,35905312,1789451135,2026-09-15T05:45:35Z,NASDAQ:GOOGL
7.930612214292235,11.534279674330037,106.21823366186524,2.0221044486297903,352.3641,55.14774190605498,3.2171344165435705,349.39,35905312,1789451316,2026-09-15T05:48:36Z,NASDAQ:GOOGL
7.930612214292235,11.534279674330037,106.21823366186524,2.0221044486297903,352.3641,55.14774190605498,3.2171344165435705,349.39,35905312,1789451496,2026-09-15T05:51:36Z,NASDAQ:GOOGL
7.930612214292235,11.534279674330037,106.21823366186524,2.0221044486297903,352.3641,55.14774190605498,3.2171344165435705,349.39,35905312,1789451674,2026-09-15T05:54:34Z,NASDAQ:GOOGL
7.930612214292235,11.534279674330037,106.21823366186524,2.0221044486297903,352.3641,55.14774190605498,3.2171344165435705,349.39,35905312,1789451856,2026-09-15T05:57:36Z,NASDAQ:GOOGL
7.930612214292235,11.534279674330037,106.21823366186524,2.0221044486297903,352.3641,55.14774190605498,3.2171344165435705,349.39,35905312,1789452038,2026-09-15T06:00:38Z,NASDAQ:GOOGL
7.930612214292235,11.534279674330037,106.21823366186524,2.0221044486297903,352.3641,55.14774190605498,3.2171344165435705,349.39,35905312,1789452216,2026-09-15T06:03:36Z,NASDAQ:GOOGL
7.930612214292235,11.534279674330037,106.21823366186524,2.0221044486297903,352.3641,55.14774190605498,3.2171344165435705,349.39,35905312,1789452395,2026-09-15T06:06:35Z,NASDAQ:GOOGL
7.930612214292235,11.534279674330037,106.21823366186524,2.0221044486297903,352.3641,55.14774190605498,3.2171344165435705,349.39,35905312,1789452577,2026-09-15T06:09:37Z,NASDAQ:GOOGL
7.930612214292235,11.534279674330037,106.21823366186524,2.0221044486297903,352.3641,55.14774190605498,3.2171344165435705,349.39,35905312,1789452756,2026-09-15T06:12:36Z,NASDAQ:GOOGL
7.930612214292235,11.534279674330037,106.21823366186524,2.0221044486297903,352.3641,55.14774190605498,3.2171344165435705,349.39,35905312,1789452933,2026-09-15T06:15:33Z,NASDAQ:GOOGL
7.930612214292235,11.534279674330037,106.21823366186524,2.0221044486297903,352.3641,55.14774190605498,3.2171344165435705,349.39,35905312,1789453119,2026-09-15T06:18:39Z,NASDAQ:GOOGL
7.930612214292235,11.534279674330037,106.21823366186524,2.0221044486297903,352.3641,55.14774190605498,3.2171344165435705,349.39,35905312,1789453296,2026-09-15T06:21:36Z,NASDAQ:GOOGL
7.930612214292235,11.534279674330037,106.21823366186524,2.0221044486297903,352.3641,55.14774190605498,3.2171344165435705,349.39,35905312,1789453475,2026-09-15T06:24:35Z,NASDAQ:GOOGL
7.930612214292235,11.534279674330037,106.21823366186524,2.0221044486297903,352.3641,55.14774190605498,3.2171344165435705,349.39,35905312,1789453656,2026-09-15T06:27:36Z,NASDAQ:GOOGL
7.930612214292235,11.534279674330037,106.21823366186524,2.0221044486297903,352.3641,55.14774190605498,3.2171344165435705,349.39,35905312,1789453836,2026-09-15T06:30:36Z,NASDAQ:GOOGL
7.930612214292235,11.534279674330037,106.21823366186524,2.0221044486297903,352.3641,55.14774190605498,3.2171344165435705,349.39,35905312,1789454018,2026-09-15T06:33:38Z,NASDAQ:GOOGL
7.930612214292235,11.534279674330037,106.21823366186524,2.0221044486297903,352.3641,55.14774190605498,3.2171344165435705,349.39,35905312,1789454195,2026-09-15T06:36:35Z,NASDAQ:GOOGL
7.930612214292235,11.534279674330037,106.21823366186524,2.0221044486297903,352.3641,55.14774190605498,3.2171344165435705,349.39,35905312,1789454377,2026-09-15T06:39:37Z,NASDAQ:GOOGL
7.930612214292235,11.534279674330037,106.21823366186524,2.0221044486297903,352.3641,55.14774190605498,3.2171344165435705,349.39,35905312,1789454557,2026-09-15T06:42:37Z,NASDAQ:GOOGL
7.930612214292235,11.534279674330037,106.21823366186524,2.0221044486297903,352.3641,55.14774190605498,3.2171344165435705,349.39,35905312,1789454737,2026-09-15T06:45:37Z,NASDAQ:GOOGL
7.930612214292235,11.534279674330037,106.21823366186524,2.0221044486297903,352.3641,55.14774190605498,3.2171344165435705,349.39,35905312,1789454918,2026-09-15T06:48:38Z,NASDAQ:GOOGL
7.930612214292235,11.534279674330037,106.21823366186524,2.0221044486297903,352.3641,55.14774190605498,3.2171344165435705,349.39,35905312,1789455094,2026-09-15T06:51:34Z,NASDAQ:GOOGL
7.930612214292235,11.534279674330037,106.21823366186524,2.0221044486297903,352.3641,55.14774190605498,3.2171344165435705,349.39,35905312,1789455277,2026-09-15T06:54:37Z,NASDAQ:GOOGL
7.930612214292235,11.534279674330037,106.21823366186524,2.0221044486297903,352.3641,55.14774190605498,3.2171344165435705,349.39,35905312,1789455455,2026-09-15T06:57:35Z,NASDAQ:GOOGL
7.930612214292235,11.534279674330037,106.21823366186524,2.0221044486297903,352.3641,55.14774190605498,3.2171344165435705,349.39,35905312,1789455634,2026-09-15T07:00:34Z,NASDAQ:GOOGL
7.930612214292235,11.534279674330037,106.21823366186524,2.0221044486297903,352.3641,55.14774190605498,3.2171344165435705,349.39,35905312,1789455817,2026-09-15T07:03:37Z,NASDAQ:GOOGL
7.930612214292235,11.534279674330037,106.21823366186524,2.0221044486297903,352.3641,55.14774190605498,3.2171344165435705,349.39,35905312,1789455995,2026-09-15T07:06:35Z,NASDAQ:GOOGL
7.930612214292235,11.534279674330037,106.21823366186524,2.0221044486297903,352.3641,55.14774190605498,3.2171344165435705,349.39,35905312,1789456177,2026-09-15T07:09:37Z,NASDAQ:GOOGL
7.930612214292235,11.534279674330037,106.21823366186524,2.0221044486297903,352.3641,55.14774190605498,3.2171344165435705,349.39,35905312,1789456354,2026-09-15T07:12:34Z,NASDAQ:GOOGL
7.930612214292235,11.534279674330037,106.21823366186524,2.0221044486297903,352.3641,55.14774190605498,3.2171344165435705,349.39,35905312,1789456535,2026-09-15T07:15:35Z,NASDAQ:GOOGL
7.930612214292235,11.534279674330037,106.21823366186524,2.0221044486297903,352.3641,55.14774190605498,3.2171344165435705,349.39,35905312,1789456715,2026-09-15T07:18:35Z,NASDAQ:GOOGL
7.930612214292235,11.534279674330037,106.21823366186524,2.0221044486297903,352.3641,55.14774190605498,3.2171344165435705,349.39,35905312,1789456897,2026-09-15T07:21:37Z,NASDAQ:GOOGL
7.930612214292235,11.534279674330037,106.21823366186524,2.0221044486297903,352.3641,55.14774190605498,3.2171344165435705,349.39,35905312,1789457076,2026-09-15T07:24:36Z,NASDAQ:GOOGL
7.930612214292235,11.534279674330037,106.21823366186524,2.0221044486297903,352.3641,55.14774190605498,3.2171344165435705,349.39,35905312,1789457257,2026-09-15T07:27:37Z,NASDAQ:GOOGL
7.930612214292235,11.534279674330037,106.21823366186524,2.0221044486297903,352.3641,55.14774190605498,3.2171344165435705,349.39,35905312,1789457439,2026-09-15T07:30:39Z,NASDAQ:GOOGL
7.930612214292235,11.534279674330037,106.21823366186524,2.0221044486297903,352.3641,55.14774190605498,3.2171344165435705,349.39,35905312,1789457617,2026-09-15T07:33:37Z,NASDAQ:GOOGL
7.930612214292235,11.534279674330037,106.21823366186524,2.0221044486297903,352.3641,55.14774190605498,3.2171344165435705,349.39,35905312,1789457796,2026-09-15T07:36:36Z,NASDAQ:GOOGL
7.930612214292235,11.534279674330037,106.21823366186524,2.0221044486297903,352.3641,55.14774190605498,3.2171344165435705,349.39,35905312,1789457978,2026-09-15T07:39:38Z,NASDAQ:GOOGL
7.930612214292235,11.534279674330037,106.21823366186524,2.0221044486297903,352.3641,55.14774190605498,3.2171344165435705,349.39,35905312,1789458155,2026-09-15T07:42:35Z,NASDAQ:GOOGL
7.930612214292235,11.534279674330037,106.21823366186524,2.0221044486297903,352.3641,55.14774190605498,3.2171344165435705,349.39,35905312,1789458335,2026-09-15T07:45:35Z,NASDAQ:GOOGL
7.930612214292235,11.534279674330037,106.21823366186524,2.0221044486297903,352.3641,55.14774190605498,3.2171344165435705,349.39,35905312,1789458516,2026-09-15T07:48:36Z,NASDAQ:GOOGL
7.930612214292235,11.534279674330037,106.21823366186524,2.0221044486297903,352.3641,55.14774190605498,3.2171344165435705,349.39,35905312,1789458695,2026-09-15T07:51:35Z,NASDAQ:GOOGL
7.930612214292235,11.534279674330037,106.21823366186524,2.0221044486297903,352.3641,55.14774190605498,3.2171344165435705,349.39,35905312,1789458876,2026-09-15T07:54:36Z,NASDAQ:GOOGL
7.930612214292235,11.534279674330037,106.21823366186524,2.0221044486297903,352.3641,55.14774190605498,3.2171344165435705,349.39,35905312,1789459055,2026-09-15T07:57:35Z,NASDAQ:GOOGL
7.930612214292235,11.534279674330037,106.21823366186524,2.0221044486297903,352.3641,55.14774190605498,3.2171344165435705,349.39,35905312,1789459236,2026-09-15T08:00:36Z,NASDAQ:GOOGL
7.930612214292235,11.534279674330037,106.21823366186524,2.0221044486297903,352.3641,55.14774190605498,3.2171344165435705,349.39,35905312,1789459416,2026-09-15T08:03:36Z,NASDAQ:GOOGL
7.930612214292235,11.534279674330037,106.21823366186524,2.0221044486297903,352.3641,55.14774190605498,3.2171344165435705,349.39,35905312,1789459597,2026-09-15T08:06:37Z,NASDAQ:GOOGL
7.930612214292235,11.534279674330037,106.21823366186524,2.0221044486297903,352.3641,55.14774190605498,3.2171344165435705,349.39,35905312,1789459775,2026-09-15T08:09:35Z,NASDAQ:GOOGL
7.930612214292235,11.534279674330037,106.21823366186524,2.0221044486297903,352.3641,55.14774190605498,3.2171344165435705,349.39,35905312,1789459954,2026-09-15T08:12:34Z,NASDAQ:GOOGL
7.930612214292235,11.534279674330037,106.21823366186524,2.0221044486297903,352.3641,55.14774190605498,3.2171344165435705,349.39,35905312,1789460137,2026-09-15T08:15:37Z,NASDAQ:GOOGL
7.930612214292235,11.534279674330037,106.21823366186524,2.0221044486297903,352.3641,55.14774190605498,3.2171344165435705,349.39,35905312,1789460316,2026-09-15T08:18:36Z,NASDAQ:GOOGL
7.930612214292235,11.534279674330037,106.21823366186524,2.0221044486297903,352.3641,55.14774190605498,3.2171344165435705,349.39,35905312,1789460495,2026-09-15T08:21:35Z,NASDAQ:GOOGL
7.930612214292235,11.534279674330037,106.21823366186524,2.0221044486297903,352.3641,55.14774190605498,3.2171344165435705,349.39,35905312,1789460677,2026-09-15T08:24:37Z,NASDAQ:GOOGL
7.930612214292235,11.534279674330037,106.21823366186524,2.0221044486297903,352.3641,55.14774190605498,3.2171344165435705,349.39,35905312,1789460856,2026-09-15T08:27:36Z,NASDAQ:GOOGL
7.930612214292235,11.534279674330037,106.21823366186524,2.0221044486297903,352.3641,55.14774190605498,3.2171344165435705,349.39,35905312,1789461036,2026-09-15T08:30:36Z,NASDAQ:GOOGL
7.930612214292235,11.534279674330037,106.21823366186524,2.0221044486297903,352.3641,55.14774190605498,3.2171344165435705,349.39,35905312,1789461217,2026-09-15T08:33:37Z,NASDAQ:GOOGL
7.930612214292235,11.534279674330037,106.21823366186524,2.0221044486297903,352.3641,55.14774190605498,3.2171344165435705,349.39,35905312,1789461394,2026-09-15T08:36:34Z,NASDAQ:GOOGL
7.930612214292235,11.534279674330037,106.21823366186524,2.0221044486297903,352.3641,55.14774190605498,3.2171344165435705,349.39,35905312,1789461577,2026-09-15T08:39:37Z,NASDAQ:GOOGL
7.930612214292235,11.534279674330037,106.21823366186524,2.0221044486297903,352.3641,55.14774190605498,3.2171344165435705,349.39,35905312,1789461756,2026-09-15T08:42:36Z,NASDAQ:GOOGL
7.930612214292235,11.534279674330037,106.21823366186524,2.0221044486297903,352.3641,55.14774190605498,3.2171344165435705,349.39,35905312,1789461936,2026-09-15T08:45:36Z,NASDAQ:GOOGL
7.930612214292235,11.534279674330037,106.21823366186524,2.0221044486297903,352.3641,55.14774190605498,3.2171344165435705,349.39,35905312,1789462116,2026-09-15T08:48:36Z,NASDAQ:GOOGL
7.930612214292235,11.534279674330037,106.21823366186524,2.0221044486297903,352.3641,55.14774190605498,3.2171344165435705,349.39,35905312,1789462297,2026-09-15T08:51:37Z,NASDAQ:GOOGL
7.930612214292235,11.534279674330037,106.21823366186524,2.0221044486297903,352.3641,55.14774190605498,3.2171344165435705,349.39,35905312,1789462473,2026-09-15T08:54:33Z,NASDAQ:GOOGL
7.930612214292235,11.534279674330037,106.21823366186524,2.0221044486297903,352.3641,55.14774190605498,3.2171344165435705,349.39,35905312,1789462653,2026-09-15T08:57:33Z,NASDAQ:GOOGL
7.930612214292235,11.534279674330037,106.21823366186524,2.0221044486297903,352.3641,55.14774190605498,3.2171344165435705,349.39,35905312,1789462836,2026-09-15T09:00:36Z,NASDAQ:GOOGL
7.930612214292235,11.534279674330037,106.21823366186524,2.0221044486297903,352.3641,55.14774190605498,3.2171344165435705,349.39,35905312,1789463014,2026-09-15T09:03:34Z,NASDAQ:GOOGL
7.930612214292235,11.534279674330037,106.21823366186524,2.0221044486297903,352.3641,55.14774190605498,3.2171344165435705,349.39,35905312,1789463197,2026-09-15T09:06:37Z,NASDAQ:GOOGL
7.930612214292235,11.534279674330037,106.21823366186524,2.0221044486297903,352.3641,55.14774190605498,3.2171344165435705,349.39,35905312,1789463373,2026-09-15T09:09:33Z,NASDAQ:GOOGL
7.930612214292235,11.534279674330037,106.21823366186524,2.0221044486297903,352.3641,55.14774190605498,3.2171344165435705,349.39,35905312,1789463556,2026-09-15T09:12:36Z,NASDAQ:GOOGL
7.930612214292235,11.534279674330037,106.21823366186524,2.0221044486297903,352.3641,55.14774190605498,3.2171344165435705,349.39,35905312,1789463734,2026-09-15T09:15:34Z,NASDAQ:GOOGL
7.930612214292235,11.534279674330037,106.21823366186524,2.0221044486297903,352.3641,55.14774190605498,3.2171344165435705,349.39,35905312,1789463916,2026-09-15T09:18:36Z,NASDAQ:GOOGL
7.930612214292235,11.534279674330037,106.21823366186524,2.0221044486297903,352.3641,55.14774190605498,3.2171344165435705,349.39,35905312,1789464094,2026-09-15T09:21:34Z,NASDAQ:GOOGL
7.930612214292235,11.534279674330037,106.21823366186524,2.0221044486297903,352.3641,55.14774190605498,3.2171344165435705,349.39,35905312,1789464277,2026-09-15T09:24:37Z,NASDAQ:GOOGL
7.930612214292235,11.534279674330037,106.21823366186524,2.0221044486297903,352.3641,55.14774190605498,3.2171344165435705,349.39,35905312,1789464458,2026-09-15T09:27:38Z,NASDAQ:GOOGL
7.930612214292235,11.534279674330037,106.21823366186524,2.0221044486297903,352.3641,55.14774190605498,3.2171344165435705,349.39,35905312,1789464634,2026-09-15T09:30:34Z,NASDAQ:GOOGL
7.930612214292235,11.534279674330037,106.21823366186524,2.0221044486297903,352.3641,55.14774190605498,3.2171344165435705,349.39,35905312,1789464813,2026-09-15T09:33:33Z,NASDAQ:GOOGL
7.930612214292235,11.534279674330037,106.21823366186524,2.0221044486297903,352.3641,55.14774190605498,3.2171344165435705,349.39,35905312,1789464998,2026-09-15T09:36:38Z,NASDAQ:GOOGL
7.930612214292235,11.534279674330037,106.21823366186524,2.0221044486297903,352.3641,55.14774190605498,3.2171344165435705,349.39,35905312,1789465175,2026-09-15T09:39:35Z,NASDAQ:GOOGL
7.930612214292235,11.534279674330037,106.21823366186524,2.0221044486297903,352.3641,55.14774190605498,3.2171344165435705,349.39,35905312,1789465355,2026-09-15T09:42:35Z,NASDAQ:GOOGL
7.930612214292235,11.534279674330037,106.21823366186524,2.0221044486297903,352.3641,55.14774190605498,3.2171344165435705,349.39,35905312,1789465537,2026-09-15T09:45:37Z,NASDAQ:GOOGL
7.930612214292235,11.534279674330037,106.21823366186524,2.0221044486297903,352.3641,55.14774190605498,3.2171344165435705,349.39,35905312,1789465717,2026-09-15T09:48:37Z,NASDAQ:GOOGL
7.930612214292235,11.534279674330037,106.21823366186524,2.0221044486297903,352.3641,55.14774190605498,3.2171344165435705,349.39,35905312,1789465894,2026-09-15T09:51:34Z,NASDAQ:GOOGL
7.930612214292235,11.534279674330037,106.21823366186524,2.0221044486297903,352.3641,55.14774190605498,3.2171344165435705,349.39,35905312,1789466075,2026-09-15T09:54:35Z,NASDAQ:GOOGL
7.930612214292235,11.534279674330037,106.21823366186524,2.0221044486297903,352.3641,55.14774190605498,3.2171344165435705,349.39,35905312,1789466253,2026-09-15T09:57:33Z,NASDAQ:GOOGL
7.930612214292235,11.534279674330037,106.21823366186524,2.0221044486297903,352.3641,55.14774190605498,3.2171344165435705,349.39,35905312,1789466435,2026-09-15T10:00:35Z,NASDAQ:GOOGL
7.930612214292235,11.534279674330037,106.21823366186524,2.0221044486297903,352.3641,55.14774190605498,3.2171344165435705,349.39,35905312,1789466617,2026-09-15T10:03:37Z,NASDAQ:GOOGL
7.930612214292235,11.534279674330037,106.21823366186524,2.0221044486297903,352.3641,55.14774190605498,3.2171344165435705,349.39,35905312,1789466796,2026-09-15T10:06:36Z,NASDAQ:GOOGL
7.930612214292235,11.534279674330037,106.21823366186524,2.0221044486297903,352.3641,55.14774190605498,3.2171344165435705,349.39,35905312,1789466977,2026-09-15T10:09:37Z,NASDAQ:GOOGL
7.930612214292235,11.534279674330037,106.21823366186524,2.0221044486297903,352.3641,55.14774190605498,3.2171344165435705,349.39,35905312,1789467157,2026-09-15T10:12:37Z,NASDAQ:GOOGL
7.930612214292235,11.534279674330037,106.21823366186524,2.0221044486297903,352.3641,55.14774190605498,3.2171344165435705,349.39,35905312,1789467336,2026-09-15T10:15:36Z,NASDAQ:GOOGL
7.930612214292235,11.534279674330037,106.21823366186524,2.0221044486297903,352.3641,55.14774190605498,3.2171344165435705,349.39,35905312,1789467518,2026-09-15T10:18:38Z,NASDAQ:GOOGL
7.930612214292235,11.534279674330037,106.21823366186524,2.0221044486297903,352.3641,55.14774190605498,3.2171344165435705,349.39,35905312,1789467697,2026-09-15T10:21:37Z,NASDAQ:GOOGL
7.930612214292235,11.534279674330037,106.21823366186524,2.0221044486297903,352.3641,55.14774190605498,3.2171344165435705,349.39,35905312,1789467877,2026-09-15T10:24:37Z,NASDAQ:GOOGL
7.930612214292235,11.534279674330037,106.21823366186524,2.0221044486297903,352.3641,55.14774190605498,3.2171344165435705,349.39,35905312,1789468057,2026-09-15T10:27:37Z,NASDAQ:GOOGL
7.930612214292235,11.534279674330037,106.21823366186524,2.0221044486297903,352.3641,55.14774190605498,3.2171344165435705,349.39,35905312,1789468237,2026-09-15T10:30:37Z,NASDAQ:GOOGL
7.930612214292235,11.534279674330037,106.21823366186524,2.0221044486297903,352.3641,55.14774190605498,3.2171344165435705,349.39,35905312,1789468416,2026-09-15T10:33:36Z,NASDAQ:GOOGL
7.930612214292235,11.534279674330037,106.21823366186524,2.0221044486297903,352.3641,55.14774190605498,3.2171344165435705,349.39,35905312,1789468599,2026-09-15T10:36:39Z,NASDAQ:GOOGL
7.930612214292235,11.534279674330037,106.21823366186524,2.0221044486297903,352.3641,55.14774190605498,3.2171344165435705,349.39,35905312,1789468777,2026-09-15T10:39:37Z,NASDAQ:GOOGL
7.930612214292235,11.534279674330037,106.21823366186524,2.0221044486297903,352.3641,55.14774190605498,3.2171344165435705,349.39,35905312,1789468956,2026-09-15T10:42:36Z,NASDAQ:GOOGL
7.930612214292235,11.534279674330037,106.21823366186524,2.0221044486297903,352.3641,55.14774190605498,3.2171344165435705,349.39,35905312,1789469136,2026-09-15T10:45:36Z,NASDAQ:GOOGL
7.930612214292235,11.534279674330037,106.21823366186524,2.0221044486297903,352.3641,55.14774190605498,3.2171344165435705,349.39,35905312,1789469315,2026-09-15T10:48:35Z,NASDAQ:GOOGL
7.930612214292235,11.534279674330037,106.21823366186524,2.0221044486297903,352.3641,55.14774190605498,3.2171344165435705,349.39,35905312,1789469497,2026-09-15T10:51:37Z,NASDAQ:GOOGL
7.930612214292235,11.534279674330037,106.21823366186524,2.0221044486297903,352.3641,55.14774190605498,3.2171344165435705,349.39,35905312,1789469678,2026-09-15T10:54:38Z,NASDAQ:GOOGL
7.930612214292235,11.534279674330037,106.21823366186524,2.0221044486297903,352.3641,55.14774190605498,3.2171344165435705,349.39,35905312,1789469858,2026-09-15T10:57:38Z,NASDAQ:GOOGL
7.930612214292235,11.534279674330037,106.21823366186524,2.0221044486297903,352.3641,55.14774190605498,3.2171344165435705,349.39,35905312,1789470036,2026-09-15T11:00:36Z,NASDAQ:GOOGL
7.930612214292235,11.534279674330037,106.21823366186524,2.0221044486297903,352.3641,55.14774190605498,3.2171344165435705,349.39,35905312,1789470218,2026-09-15T11:03:38Z,NASDAQ:GOOGL
7.930612214292235,11.534279674330037,106.21823366186524,2.0221044486297903,352.3641,55.14774190605498,3.2171344165435705,349.39,35905312,1789470397,2026-09-15T11:06:37Z,NASDAQ:GOOGL
7.930612214292235,11.534279674330037,106.21823366186524,2.0221044486297903,352.3641,55.14774190605498,3.2171344165435705,349.39,35905312,1789470578,2026-09-15T11:09:38Z,NASDAQ:GOOGL
7.930612214292235,11.534279674330037,106.21823366186524,2.0221044486297903,352.3641,55.14774190605498,3.2171344165435705,349.39,35905312,1789470753,2026-09-15T11:12:33Z,NASDAQ:GOOGL
7.930612214292235,11.534279674330037,106.21823366186524,2.0221044486297903,352.3641,55.14774190605498,3.2171344165435705,349.39,35905312,1789470937,2026-09-15T11:15:37Z,NASDAQ:GOOGL
7.930612214292235,11.534279674330037,106.21823366186524,2.0221044486297903,352.3641,55.14774190605498,3.2171344165435705,349.39,35905312,1789471114,2026-09-15T11:18:34Z,NASDAQ:GOOGL
7.930612214292235,11.534279674330037,106.21823366186524,2.0221044486297903,352.3641,55.14774190605498,3.2171344165435705,349.39,35905312,1789471296,2026-09-15T11:21:36Z,NASDAQ:GOOGL
7.930612214292235,11.534279674330037,106.21823366186524,2.0221044486297903,352.3641,55.14774190605498,3.2171344165435705,349.39,35905312,1789471475,2026-09-15T11:24:35Z,NASDAQ:GOOGL
7.930612214292235,11.534279674330037,106.21823366186524,2.0221044486297903,352.3641,55.14774190605498,3.2171344165435705,349.39,35905312,1789471658,2026-09-15T11:27:38Z,NASDAQ:GOOGL
7.930612214292235,11.534279674330037,106.21823366186524,2.0221044486297903,352.3641,55.14774190605498,3.2171344165435705,349.39,35905312,1789471834,2026-09-15T11:30:34Z,NASDAQ:GOOGL
7.930612214292235,11.534279674330037,106.21823366186524,2.0221044486297903,352.3641,55.14774190605498,3.2171344165435705,349.39,35905312,1789472015,2026-09-15T11:33:35Z,NASDAQ:GOOGL
7.930612214292235,11.534279674330037,106.21823366186524,2.0221044486297903,352.3641,55.14774190605498,3.2171344165435705,349.39,35905312,1789472199,2026-09-15T11:36:39Z,NASDAQ:GOOGL
7.930612214292235,11.534279674330037,106.21823366186524,2.0221044486297903,352.3641,55.14774190605498,3.2171344165435705,349.39,35905312,1789472375,2026-09-15T11:39:35Z,NASDAQ:GOOGL
7.930612214292235,11.534279674330037,106.21823366186524,2.0221044486297903,352.3641,55.14774190605498,3.2171344165435705,349.39,35905312,1789472554,2026-09-15T11:42:34Z,NASDAQ:GOOGL
7.930612214292235,11.534279674330037,106.21823366186524,2.0221044486297903,352.3641,55.14774190605498,3.2171344165435705,349.39,35905312,1789472735,2026-09-15T11:45:35Z,NASDAQ:GOOGL
7.930612214292235,11.534279674330037,106.21823366186524,2.0221044486297903,352.3641,55.14774190605498,3.2171344165435705,349.39,35905312,1789472916,2026-09-15T11:48:36Z,NASDAQ:GOOGL
7.930612214292235,11.534279674330037,106.21823366186524,2.0221044486297903,352.3641,55.14774190605498,3.2171344165435705,349.39,35905312,1789473097,2026-09-15T11:51:37Z,NASDAQ:GOOGL
7.930612214292235,11.534279674330037,106.21823366186524,2.0221044486297903,352.3641,55.14774190605498,3.2171344165435705,349.39,35905312,1789473277,2026-09-15T11:54:37Z,NASDAQ:GOOGL
7.930612214292235,11.534279674330037,106.21823366186524,2.0221044486297903,352.3641,55.14774190605498,3.2171344165435705,349.39,35905312,1789473457,2026-09-15T11:57:37Z,NASDAQ:GOOGL
7.930612214292235,11.534279674330037,106.21823366186524,2.0221044486297903,352.3641,55.14774190605498,3.2171344165435705,349.39,35905312,1789473636,2026-09-15T12:00:36Z,NASDAQ:GOOGL
7.930612214292235,11.534279674330037,106.21823366186524,2.0221044486297903,352.3641,55.14774190605498,3.2171344165435705,349.39,35905312,1789473815,2026-09-15T12:03:35Z,NASDAQ:GOOGL
7.930612214292235,11.534279674330037,106.21823366186524,2.0221044486297903,352.3641,55.14774190605498,3.2171344165435705,349.39,35905312,1789473996,2026-09-15T12:06:36Z,NASDAQ:GOOGL
7.930612214292235,11.534279674330037,106.21823366186524,2.0221044486297903,352.3641,55.14774190605498,3.2171344165435705,349.39,35905312,1789474175,2026-09-15T12:09:35Z,NASDAQ:GOOGL
7.930612214292235,11.534279674330037,106.21823366186524,2.0221044486297903,352.3641,55.14774190605498,3.2171344165435705,349.39,35905312,1789474356,2026-09-15T12:12:36Z,NASDAQ:GOOGL
7.930612214292235,11.534279674330037,106.21823366186524,2.0221044486297903,352.3641,55.14774190605498,3.2171344165435705,349.39,35905312,1789474535,2026-09-15T12:15:35Z,NASDAQ:GOOGL
7.930612214292235,11.534279674330037,106.21823366186524,2.0221044486297903,352.3641,55.14774190605498,3.2171344165435705,349.39,35905312,1789474716,2026-09-15T12:18:36Z,NASDAQ:GOOGL
7.930612214292235,11.534279674330037,106.21823366186524,2.0221044486297903,352.3641,55.14774190605498,3.2171344165435705,349.39,35905312,1789474896,2026-09-15T12:21:36Z,NASDAQ:GOOGL
7.930612214292235,11.534279674330037,106.21823366186524,2.0221044486297903,352.3641,55.14774190605498,3.2171344165435705,349.39,35905312,1789475076,2026-09-15T12:24:36Z,NASDAQ:GOOGL
7.930612214292235,11.534279674330037,106.21823366186524,2.0221044486297903,352.3641,55.14774190605498,3.2171344165435705,349.39,35905312,1789475255,2026-09-15T12:27:35Z,NASDAQ:GOOGL
7.930612214292235,11.534279674330037,106.21823366186524,2.0221044486297903,352.3641,55.14774190605498,3.2171344165435705,349.39,35905312,1789475437,2026-09-15T12:30:37Z,NASDAQ:GOOGL
7.930612214292235,11.534279674330037,106.21823366186524,2.0221044486297903,352.3641,55.14774190605498,3.2171344165435705,349.39,35905312,1789475614,2026-09-15T12:33:34Z,NASDAQ:GOOGL
7.930612214292235,11.534279674330037,106.21823366186524,2.0221044486297903,352.3641,55.14774190605498,3.2171344165435705,349.39,35905312,1789475795,2026-09-15T12:36:35Z,NASDAQ:GOOGL
7.930612214292235,11.534279674330037,106.21823366186524,2.0221044486297903,352.3641,55.14774190605498,3.2171344165435705,349.39,35905312,1789475976,2026-09-15T12:39:36Z,NASDAQ:GOOGL
7.930612214292235,11.534279674330037,106.21823366186524,2.0221044486297903,352.3641,55.14774190605498,3.2171344165435705,349.39,35905312,1789476156,2026-09-15T12:42:36Z,NASDAQ:GOOGL
7.930612214292235,11.534279674330037,106.21823366186524,2.0221044486297903,352.3641,55.14774190605498,3.2171344165435705,349.39,35905312,1789476336,2026-09-15T12:45:36Z,NASDAQ:GOOGL
7.930612214292235,11.534279674330037,106.21823366186524,2.0221044486297903,352.3641,55.14774190605498,3.2171344165435705,349.39,35905312,1789476518,2026-09-15T12:48:38Z,NASDAQ:GOOGL
7.930612214292235,11.534279674330037,106.21823366186524,2.0221044486297903,352.3641,55.14774190605498,3.2171344165435705,349.39,35905312,1789476696,2026-09-15T12:51:36Z,NASDAQ:GOOGL
7.930612214292235,11.534279674330037,106.21823366186524,2.0221044486297903,352.3641,55.14774190605498,3.2171344165435705,349.39,35905312,1789476875,2026-09-15T12:54:35Z,NASDAQ:GOOGL
7.930612214292235,11.534279674330037,106.21823366186524,2.0221044486297903,352.3641,55.14774190605498,3.2171344165435705,349.39,35905312,1789477056,2026-09-15T12:57:36Z,NASDAQ:GOOGL
7.930612214292235,11.534279674330037,106.21823366186524,2.0221044486297903,352.3641,55.14774190605498,3.2171344165435705,349.39,35905312,1789477234,2026-09-15T13:00:34Z,NASDAQ:GOOGL
7.930612214292235,11.534279674330037,106.21823366186524,2.0221044486297903,352.3641,55.14774190605498,3.2171344165435705,349.39,35905312,1789477416,2026-09-15T13:03:36Z,NASDAQ:GOOGL
7.930612214292235,11.534279674330037,106.21823366186524,2.0221044486297903,352.3641,55.14774190605498,3.2171344165435705,349.39,35905312,1789477593,2026-09-15T13:06:33Z,NASDAQ:GOOGL
7.930612214292235,11.534279674330037,106.21823366186524,2.0221044486297903,352.3641,55.14774190605498,3.2171344165435705,349.39,35905312,1789477778,2026-09-15T13:09:38Z,NASDAQ:GOOGL
7.930612214292235,11.534279674330037,106.21823366186524,2.0221044486297903,352.3641,55.14774190605498,3.2171344165435705,349.39,35905312,1789477956,2026-09-15T13:12:36Z,NASDAQ:GOOGL
7.930612214292235,11.534279674330037,106.21823366186524,2.0221044486297903,352.3641,55.14774190605498,3.2171344165435705,349.39,35905312,1789478136,2026-09-15T13:15:36Z,NASDAQ:GOOGL
7.930612214292235,11.534279674330037,106.21823366186524,2.0221044486297903,352.3641,55.14774190605498,3.2171344165435705,349.39,35905312,1789478317,2026-09-15T13:18:37Z,NASDAQ:GOOGL
7.930612214292235,11.534279674330037,106.21823366186524,2.0221044486297903,352.3641,55.14774190605498,3.2171344165435705,349.39,35905312,1789478495,2026-09-15T13:21:35Z,NASDAQ:GOOGL
7.930612214292235,11.534279674330037,106.21823366186524,2.0221044486297903,352.3641,55.14774190605498,3.2171344165435705,349.39,35905312,1789478677,2026-09-15T13:24:37Z,NASDAQ:GOOGL
7.930612214292235,11.534279674330037,106.21823366186524,2.0221044486297903,352.3641,55.14774190605498,3.2171344165435705,349.39,35905312,1789478856,2026-09-15T13:27:36Z,NASDAQ:GOOGL
7.930612214292235,11.534279674330037,106.21823366186524,2.0221044486297903,352.3641,55.14774190605498,3.2171344165435705,349.39,35905312,1789479037,2026-09-15T13:30:37Z,NASDAQ:GOOGL
7.930612214292235,11.534279674330037,106.21823366186524,2.0221044486297903,352.3641,55.14774190605498,3.2171344165435705,349.39,35905312,1789479219,2026-09-15T13:33:39Z,NASDAQ:GOOGL
7.930612214292235,11.534279674330037,106.21823366186524,2.0221044486297903,352.3641,55.14774190605498,3.2171344165435705,349.39,35905312,1789479396,2026-09-15T13:36:36Z,NASDAQ:GOOGL
7.930612214292235,11.534279674330037,106.21823366186524,2.0221044486297903,352.3641,55.14774190605498,3.2171344165435705,349.39,35905312,1789479578,2026-09-15T13:39:38Z,NASDAQ:GOOGL
7.930612214292235,11.534279674330037,106.21823366186524,2.0221044486297903,352.3641,55.14774190605498,3.2171344165435705,349.39,35905312,1789479758,2026-09-15T13:42:38Z,NASDAQ:GOOGL
8.62659450130231,11.218439720854349,95.60104531426238,3.3927613141732738,352.3641,53.014914897932975,-0.741291965997875,346.8,979569,1789479934,2026-09-15T13:45:34Z,NASDAQ:GOOGL
8.62659450130231,11.2341111494257,84.81077295399388,2.882952715997841,352.3641,51.69492041931565,-1.2307163914250585,345.09,1644741,1789480116,2026-09-15T13:48:36Z,NASDAQ:GOOGL
8.62659450130231,10.527011149425675,89.34811387256546,3.2586011567586923,352.3641,52.66105592719196,-0.870087867426075,346.35,1907707,1789480294,2026-09-15T13:51:34Z,NASDAQ:GOOGL
8.62659450130231,10.232725435139969,94.43023709526636,3.565678850396512,352.3641,53.47807580866306,-0.5752883597126395,347.38,2194007,1789480479,2026-09-15T13:54:39Z,NASDAQ:GOOGL
8.62659450130231,10.544154006568531,89.05085493321525,3.2407131357700805,352.3641,52.61423132376755,-0.8872606542831695,346.29,2482263,1789480658,2026-09-15T13:57:38Z,NASDAQ:GOOGL
8.62659450130231,10.389868292282811,91.72136827494944,3.401705324667572,352.3641,53.038674658023226,-0.7327055725693358,346.83,2648252,1789480837,2026-09-15T14:00:37Z,NASDAQ:GOOGL
8.62659450130231,10.447011149425748,90.7335516797672,3.3420785880388704,352.3641,52.880677333525085,-0.7899481954263118,346.63,2801492,1789481017,2026-09-15T14:03:37Z,NASDAQ:GOOGL
8.62659450130231,10.487011149425712,90.04119703277432,3.3003398723987813,352.3641,52.770638125668334,-0.8300180314261935,346.49,2918181,1789481196,2026-09-15T14:06:36Z,NASDAQ:GOOGL
8.62659450130231,10.672725435140023,86.81713183807783,3.106552978355482,352.3641,52.26568344664012,-1.016056555711386,345.84,3066688,1789481377,2026-09-15T14:09:37Z,NASDAQ:GOOGL
8.62659450130231,10.787011149425666,84.82523613824821,2.9872995050980804,352.3641,51.959717235464446,-1.130541801425338,345.44,3152232,1789481557,2026-09-15T14:12:37Z,NASDAQ:GOOGL
8.62659450130231,10.714154006568606,86.09576328970357,3.063323594299677,352.3641,52.15435522256802,-1.057557457282691,345.695,3252876,1789481735,2026-09-15T14:15:35Z,NASDAQ:GOOGL
8.62659450130231,10.964154006568606,81.72589488370548,2.802456621549096,352.3641,51.49248544138607,-1.3079939322819751,344.82,3457094,1789481914,2026-09-15T14:18:34Z,NASDAQ:GOOGL
8.62659450130231,10.84986829228285,83.7271300824769,2.9217100948065147,352.3641,51.79295786829009,-1.193508686568007,345.22,3604276,1789482096,2026-09-15T14:21:36Z,NASDAQ:GOOGL
8.62659450130231,10.958439720854244,81.82610034932945,2.808419295211961,352.3641,51.50742623836157,-1.3022696699962826,344.84,3743855,1789482278,2026-09-15T14:24:38Z,NASDAQ:GOOGL
8.62659450130231,10.429868292282832,77.55396579974024,2.7338858744260803,352.3641,51.32128720127125,-1.3738229485675066,344.59,3944643,1789482457,2026-09-15T14:27:37Z,NASDAQ:GOOGL
8.62659450130231,10.38986829228287,78.25950471222893,2.7756245900661862,352.3641,51.42535897889248,-1.3337531125676088,344.73,4150408,1789482637,2026-09-15T14:30:37Z,NASDAQ:GOOGL
8.62659450130231,10.481296863711409,76.64574297513468,2.680221811460261,352.3641,51.1880979729721,-1.4253413091387737,344.41,4258102,1789482815,2026-09-15T14:33:35Z,NASDAQ:GOOGL
8.62659450130231,10.517011149425684,75.55929412390192,2.62208574324726,352.3641,51.04458757539635,-1.4811528664243427,344.215,4379885,1789482994,2026-09-15T14:36:34Z,NASDAQ:GOOGL
8.62659450130231,10.31272543514001,72.56874229706541,2.5326456383042166,352.3641,50.82536688520693,-1.5670168007097989,343.915,4533659,1789483173,2026-09-15T14:39:33Z,NASDAQ:GOOGL
8.62659450130231,10.049868292282897,77.22613948650064,2.8069286267962443,352.3641,51.50369022633687,-1.3037007355677055,344.835,4650094,1789483357,2026-09-15T14:42:37Z,NASDAQ:GOOGL
8.62659450130231,10.102582577997168,76.29473599932568,2.7519229622562773,352.3641,51.36620934748857,-1.3565070551532568,344.6505,4799179,1789483535,2026-09-15T14:45:35Z,NASDAQ:GOOGL
8.62659450130231,10.071296863711495,76.84767746045006,2.784568600560484,352.3641,51.44771501189757,-1.3251667191390697,344.76,4950552,1789483718,2026-09-15T14:48:38Z,NASDAQ:GOOGL
8.62659450130231,9.997011149425704,78.15875927707691,2.8620833581777965,352.3641,51.64228459576936,-1.2507513094249991,345.02,5137577,1789483898,2026-09-15T14:51:38Z,NASDAQ:GOOGL
8.62659450130231,10.12129686371145,75.96376133459748,2.732395206010364,352.3641,51.31757814210105,-1.3752540141389298,344.585,5239369,1789484078,2026-09-15T14:54:38Z,NASDAQ:GOOGL
8.62659450130231,10.172725435140023,75.05336440898324,2.678731143044528,352.3641,51.18440813966202,-1.4267723747102132,344.405,5308702,1789484255,2026-09-15T14:57:35Z,NASDAQ:GOOGL
8.62659450130231,10.172725435140023,75.05336440898324,2.678731143044528,352.3641,51.18440813966202,-1.4267723747102132,344.405,5480562,1789484436,2026-09-15T15:00:36Z,NASDAQ:GOOGL
8.62659450130231,10.134154006568563,75.7362787619631,2.718979190268918,352.3641,51.28422071917445,-1.3881336042817385,344.54,5585865,1789484617,2026-09-15T15:03:37Z,NASDAQ:GOOGL
8.62659450130231,10.308439720854269,72.6449396469536,2.537117643551366,352.3641,50.83628318957615,-1.5627236039955292,343.93,5699810,1789484796,2026-09-15T15:06:36Z,NASDAQ:GOOGL
8.62659450130231,10.225582577997102,74.11638041391973,2.623576411662993,352.3641,51.048257276465925,-1.4797218008529034,344.22,5782579,1789484977,2026-09-15T15:09:37Z,NASDAQ:GOOGL
8.62659450130231,10.182725435140014,74.87619818798048,2.6682964641345146,352.3641,51.15859419370617,-1.4367898337101754,344.37,5857316,1789485158,2026-09-15T15:12:38Z,NASDAQ:GOOGL
8.62659450130231,10.268439720854303,73.3556956396295,2.5788563591914544,352.3641,50.93839527590685,-1.5226537679956476,344.07,5935395,1789485337,2026-09-15T15:15:37Z,NASDAQ:GOOGL
8.62659450130231,10.317011149425753,72.49253624694933,2.528173633057051,352.3641,50.81445526804572,-1.5713099974240845,343.9,6037960,1789485519,2026-09-15T15:18:39Z,NASDAQ:GOOGL
8.62659450130231,10.185582577997138,74.82557061333112,2.665315127303082,352.3641,51.15122356230491,-1.4396519648530215,344.36,6142747,1789485698,2026-09-15T15:21:38Z,NASDAQ:GOOGL
8.62659450130231,10.157011149425784,75.33167330871751,2.695128495617424,352.3641,51.225025586788064,-1.411030653424542,344.46,6192357,1789485875,2026-09-15T15:24:35Z,NASDAQ:GOOGL
8.62659450130231,9.95701114942574,78.86365677269899,2.9038220738179024,352.3641,51.74766364928891,-1.2106814734251012,345.16,6292089,1789486056,2026-09-15T15:27:36Z,NASDAQ:GOOGL
8.62659450130231,10.182725435140014,74.87619818798048,2.6682964641345146,352.3641,51.13648866917202,-1.4367898337101754,344.37,6399705,1789486234,2026-09-15T15:30:34Z,NASDAQ:GOOGL
8.62659450130231,10.181296863711395,74.90151053274596,2.6697871325502307,352.3641,51.162280306017095,-1.4353587681387523,344.375,6452047,1789486417,2026-09-15T15:33:37Z,NASDAQ:GOOGL
8.62659450130231,10.294154006568531,72.89886799741066,2.552024327708545,352.3641,50.872704761670136,-1.5484129482812812,343.98,6545883,1789486596,2026-09-15T15:36:36Z,NASDAQ:GOOGL
8.62659450130231,10.22129686371136,72.13679293296231,2.534136306719933,352.3641,50.82900513237999,-1.5655857351383755,343.92,6624805,1789486777,2026-09-15T15:39:37Z,NASDAQ:GOOGL
8.62659450130231,10.22843972085434,70.86473182637894,2.4745095700912323,352.3641,50.683880368294375,-1.6228283579953515,343.72,6690155,1789486956,2026-09-15T15:42:36Z,NASDAQ:GOOGL
8.62659450130231,10.10272543514003,69.437142911596,2.438733528114008,352.3641,50.59720260933041,-1.6571739317095409,343.6,6766680,1789487137,2026-09-15T15:45:37Z,NASDAQ:GOOGL
8.62659450130231,9.96829686371143,67.93233092597032,2.401615884562636,352.3641,50.507587230505706,-1.6928074644380138,343.4755,6819673,1789487316,2026-09-15T15:48:36Z,NASDAQ:GOOGL
8.626594501302309,9.871296863711391,67.82745568271244,2.41935483870968,352.3641,50.55037582701552,-1.675777784138058,343.535,6916364,1789487499,2026-09-15T15:51:39Z,NASDAQ:GOOGL
8.626594501302309,9.87843972085426,67.69953681679449,2.411901496631082,352.3641,50.53238859696314,-1.6829331119951905,343.51,6996150,1789487677,2026-09-15T15:54:37Z,NASDAQ:GOOGL
8.62659450130231,9.857011149425716,66.93151028879412,2.38208812831674,352.3641,50.46056750195603,-1.7115544234236704,343.41,7151702,1789487855,2026-09-15T15:57:35Z,NASDAQ:GOOGL
8.62659450130231,9.899868292282804,66.16260266856014,2.3373680758452013,352.3641,50.353217839409766,-1.7544863905664143,343.26,7212293,1789488036,2026-09-15T16:00:36Z,NASDAQ:GOOGL
8.62659450130231,9.829868292282868,67.18761695578071,2.399976149305352,352.3641,50.503635639214046,-1.6943816365665758,343.47,7277281,1789488216,2026-09-15T16:03:36Z,NASDAQ:GOOGL
8.62659450130231,9.68843972085432,65.80347715636246,2.370162780990993,352.3641,50.43189619542481,-1.723002947995072,343.37,7391289,1789488393,2026-09-15T16:06:33Z,NASDAQ:GOOGL
8.62659450130231,9.748439720854265,64.72494579868365,2.30755470753086,352.3641,50.28190478873191,-1.7831077019948942,343.16,7451759,1789488579,2026-09-15T16:09:39Z,NASDAQ:GOOGL
8.62659450130231,9.548439720854276,66.9315102887923,2.453640212271171,352.3641,50.6332822876373,-1.6428632759953088,343.65,7553412,1789488758,2026-09-15T16:12:38Z,NASDAQ:GOOGL
8.62659450130231,9.52558257799717,67.3412339877411,2.4774909069226645,352.3641,50.69111692187767,-1.6199662268525052,343.73,7625901,1789488935,2026-09-15T16:15:35Z,NASDAQ:GOOGL
8.62659450130231,9.428439720854271,69.07976904397034,2.5788563591914544,352.3641,50.93839527590685,-1.5226537679956476,344.07,7681292,1789489117,2026-09-15T16:18:37Z,NASDAQ:GOOGL
8.62659450130231,9.434182577997149,68.97711640822746,2.5728638721602657,352.3641,50.923709685382605,-1.528406651592778,344.0499,7761369,1789489296,2026-09-15T16:21:36Z,NASDAQ:GOOGL
8.62659450130231,9.405582577997166,69.48818074150637,2.602707053842932,352.3641,50.996929428891626,-1.4997567188528609,344.15,7857763,1789489479,2026-09-15T16:24:39Z,NASDAQ:GOOGL
8.62659450130231,9.362725435139964,70.25328120751152,2.64742710631447,352.3641,51.10704433591153,-1.4568247517101165,344.3,7963487,1789489657,2026-09-15T16:27:37Z,NASDAQ:GOOGL
8.62659450130231,9.399868292282804,69.59024472097359,2.6086697275058133,352.3641,51.011583992729285,-1.4940324565671514,344.17,8027129,1789489838,2026-09-15T16:30:38Z,NASDAQ:GOOGL
8.62659450130231,9.322696863711371,70.96709513117713,2.6891956353228657,352.3641,51.2103220154946,-1.4167262943988137,344.4401,8255921,1789490015,2026-09-15T16:33:35Z,NASDAQ:GOOGL
8.62659450130231,9.262725435139942,72.03511715803755,2.751773895414692,352.3641,51.36583776780365,-1.3566501617104123,344.65,8464002,1789490198,2026-09-15T16:36:38Z,NASDAQ:GOOGL
8.62659450130231,9.317154006568558,71.06587867581162,2.694979428775856,352.3641,51.22465604691626,-1.411173759981681,344.4595,8563080,1789490379,2026-09-15T16:39:39Z,NASDAQ:GOOGL
8.62659450130231,9.314154006568517,71.1193379057724,2.698109832448873,352.3641,51.23241750406329,-1.408168522281679,344.47,8621493,1789490556,2026-09-15T16:42:36Z,NASDAQ:GOOGL
8.62659450130231,9.34843972085423,70.50812027582059,2.6623337904716493,352.3641,51.14385505443273,-1.4425140959958682,344.35,8673589,1789490736,2026-09-15T16:45:36Z,NASDAQ:GOOGL
8.62659450130231,9.297011149425655,71.42473718648455,2.7159978534374685,352.3641,51.276813846876045,-1.3909957354246012,344.53,8762094,1789490917,2026-09-15T16:48:37Z,NASDAQ:GOOGL
8.62659450130231,9.32272543514,70.96658589981439,2.6891658219545587,352.3641,51.21024814951675,-1.4167549157102346,344.44,8827006,1789491097,2026-09-15T16:51:37Z,NASDAQ:GOOGL
8.62659450130231,9.249868292282828,72.26386588034315,2.765189911156156,352.3641,51.39930148420721,-1.3437705715675874,344.695,8952974,1789491275,2026-09-15T16:54:35Z,NASDAQ:GOOGL
8.62659450130231,9.251296863711444,72.23845322579747,2.763699242740439,352.3641,51.39558114047851,-1.3452016371390103,344.69,9055407,1789491454,2026-09-15T16:57:34Z,NASDAQ:GOOGL
8.62659450130231,9.392725435139935,69.71780279923473,2.6161230695843947,352.3641,51.02991404567032,-1.4868771287100355,344.195,9115236,1789491637,2026-09-15T17:00:37Z,NASDAQ:GOOGL
8.62659450130231,9.497011149425704,67.85303652458477,2.5073042752370065,352.3641,50.763596274652734,-1.5913449154240256,343.83,9195073,1789491818,2026-09-15T17:03:38Z,NASDAQ:GOOGL
8.62659450130231,9.556211149425735,66.79214715104231,2.445530976089669,352.3641,50.61364856302858,-1.650648272703856,343.6228,9240676,1789491997,2026-09-15T17:06:37Z,NASDAQ:GOOGL
8.62659450130231,9.47701114942572,68.21106575404318,2.528173633057051,352.3641,50.81445526804572,-1.5713099974240845,343.9,9286126,1789492176,2026-09-15T17:09:36Z,NASDAQ:GOOGL
8.62659450130231,9.534154006568542,67.18761695578071,2.46854689642835,352.3641,50.66941345780639,-1.6285526202810607,343.7,9333701,1789492359,2026-09-15T17:12:39Z,NASDAQ:GOOGL
8.62659450130231,9.519868292282808,67.44362577976109,2.48345358058553,352.3641,50.70559623014791,-1.6142419645668125,343.75,9380737,1789492534,2026-09-15T17:15:34Z,NASDAQ:GOOGL
8.62659450130231,9.50272543513995,67.75070729469721,2.5013416015741416,352.3641,50.74908382760834,-1.597069177709718,343.81,9439744,1789492716,2026-09-15T17:18:36Z,NASDAQ:GOOGL
8.62659450130231,9.501296863711444,67.77629106782551,2.5028322699898577,352.3641,50.752711161402345,-1.5956381121382952,343.815,9494053,1789492895,2026-09-15T17:21:35Z,NASDAQ:GOOGL
8.62659450130231,9.482725435139969,68.10879121899845,2.522210959394186,352.3641,50.799913731160366,-1.5770342597097773,343.88,9613843,1789493078,2026-09-15T17:24:38Z,NASDAQ:GOOGL
8.62659450130231,9.517011149425684,67.49481580832988,2.486434917416962,352.3641,50.71283898660638,-1.6113798334239662,343.76,9648523,1789493255,2026-09-15T17:27:35Z,NASDAQ:GOOGL
8.62659450130231,9.637011149425687,65.34146167149572,2.3612187704966785,352.3641,50.41041408811454,-1.7315893414236272,343.34,9694350,1789493437,2026-09-15T17:30:37Z,NASDAQ:GOOGL
8.62659450130231,9.66843972085428,64.77634375499049,2.328424065350904,352.3641,50.33180269367524,-1.7630727839949536,343.23,9757528,1789493617,2026-09-15T17:33:37Z,NASDAQ:GOOGL
8.62659450130231,9.641211149425658,65.26596890854123,2.356836205354484,352.3641,50.399894534974464,-1.7357966742036004,343.3253,9814669,1789493797,2026-09-15T17:36:37Z,NASDAQ:GOOGL
8.62659450130231,9.701296863711375,64.1850295752134,2.294138691789396,352.3641,50.24987977484964,-1.7959872921377191,343.115,9862043,1789493976,2026-09-15T17:39:36Z,NASDAQ:GOOGL
8.62659450130231,9.60272543514003,63.64467895745421,2.29264802337368,352.3641,50.24632395794748,-1.7974183577091425,343.11,9946911,1789494153,2026-09-15T17:42:33Z,NASDAQ:GOOGL
8.62659450130231,9.512725435139942,61.55639070720312,2.219605271003516,352.3641,50.072703266612585,-1.867540570708944,342.865,10017243,1789494336,2026-09-15T17:45:36Z,NASDAQ:GOOGL
8.62659450130231,9.51415400656856,61.53056880961316,2.2181146025878,352.3641,50.069172479597775,-1.8689716362803668,342.86,10069446,1789494515,2026-09-15T17:48:35Z,NASDAQ:GOOGL
8.62659450130231,9.432182577997082,63.01062830901084,2.3036491562816765,352.3641,50.27257774021408,-1.786857093792029,343.1469,10154693,1789494696,2026-09-15T17:51:36Z,NASDAQ:GOOGL
8.62659450130231,9.409868292282797,63.4129670134911,2.326933396935188,352.3641,50.32823527356059,-1.764503849566377,343.225,10187423,1789494875,2026-09-15T17:54:35Z,NASDAQ:GOOGL
8.62659450130231,9.43986829228288,62.87199492248457,2.2956293602051123,352.3641,50.2534360950614,-1.7945562265662962,343.12,10220481,1789495057,2026-09-15T17:57:37Z,NASDAQ:GOOGL
8.62659450130231,9.339868292282858,64.6735439070425,2.399976149305352,352.3641,50.503635639214046,-1.6943816365665758,343.47,10267158,1789495237,2026-09-15T18:00:37Z,NASDAQ:GOOGL
8.62659450130231,9.454154006568617,62.61423607071035,2.280722676047933,352.3641,50.217895529061536,-1.808866882280544,343.07,10310162,1789495415,2026-09-15T18:03:35Z,NASDAQ:GOOGL
8.62659450130231,9.401296863711424,63.56745052073274,2.335877407429485,352.3641,50.34964738302936,-1.755917456137838,343.255,10358171,1789495598,2026-09-15T18:06:38Z,NASDAQ:GOOGL
8.62659450130231,9.394154006568556,63.69615965079088,2.343330749508066,352.3641,50.36750473022042,-1.7487621282807218,343.28,10403866,1789495778,2026-09-15T18:09:38Z,NASDAQ:GOOGL
8.62659450130231,9.357011149425716,64.36504988986152,2.38208812831674,352.3641,50.46056750195603,-1.7115544234236704,343.41,10456950,1789495955,2026-09-15T18:12:35Z,NASDAQ:GOOGL
8.62659450130231,9.402725435140042,63.54170573580745,2.334386739013769,352.3641,50.34607743296236,-1.7573485217092608,343.25,10523325,1789496136,2026-09-15T18:15:36Z,NASDAQ:GOOGL
8.62659450130231,9.307011149425762,65.26442815147742,2.4342615228668425,352.3641,50.586388730298815,-1.6614671284238265,343.585,10587822,1789496319,2026-09-15T18:18:39Z,NASDAQ:GOOGL
8.62659450130231,9.299868292282897,65.3928124390215,2.4417148649454408,352.3641,50.604414430927136,-1.654311800566694,343.61,10618967,1789496492,2026-09-15T18:21:32Z,NASDAQ:GOOGL
8.62659450130231,9.316325435140016,65.09697813589702,2.424542364796363,352.3641,50.56290249877768,-1.670797675949515,343.5524,10658010,1789496678,2026-09-15T18:24:38Z,NASDAQ:GOOGL
8.62659450130231,9.239782577997175,66.47180953447099,2.504412378510512,352.3641,50.75655670140178,-1.5941211826325918,343.8203,10706557,1789496855,2026-09-15T18:27:35Z,NASDAQ:GOOGL
8.62659450130231,9.20558257799712,67.08518603328687,2.540098980382798,352.3641,50.8435633313184,-1.559861472852683,343.94,10752142,1789497035,2026-09-15T18:30:35Z,NASDAQ:GOOGL
8.62659450130231,9.239868292282836,66.470271544736,2.5043229384055743,352.3641,50.75633901376694,-1.5942070465668718,343.82,10827477,1789497215,2026-09-15T18:33:35Z,NASDAQ:GOOGL
8.62659450130231,9.228439720854226,66.67530572269929,2.5162482857313213,352.3641,50.78538051457673,-1.5827585219954703,343.86,10900879,1789497397,2026-09-15T18:36:37Z,NASDAQ:GOOGL
8.62659450130231,9.188439720854262,67.3924318397137,2.55798700137141,352.3641,50.8872880074351,-1.5426886859955884,344.0,10943290,1789497575,2026-09-15T18:39:35Z,NASDAQ:GOOGL
8.62659450130231,9.211011149425758,66.98786215331587,2.5344344404030696,352.3641,50.82973284432053,-1.5652995220240975,343.921,11069536,1789497752,2026-09-15T18:42:32Z,NASDAQ:GOOGL
8.62659450130231,9.177011149425653,67.59718413282894,2.569912348697157,352.3641,50.91647959608433,-1.5312401614241866,344.04,11107293,1789497937,2026-09-15T18:45:37Z,NASDAQ:GOOGL
8.62659450130231,9.165582577997156,67.80187386381165,2.581837696022887,352.3641,50.94570469557672,-1.5197916368528013,344.08,11168018,1789498117,2026-09-15T18:48:37Z,NASDAQ:GOOGL
8.62659450130231,9.126982577997182,68.49275131921614,2.622115556615584,352.3641,51.0446609642472,-1.4811242451129054,344.2151,11215955,1789498298,2026-09-15T18:51:38Z,NASDAQ:GOOGL
8.62659450130231,9.139868292282811,68.26219716420144,2.6086697275058133,352.3641,51.011583992729285,-1.4940324565671514,344.17,11280990,1789498474,2026-09-15T18:54:34Z,NASDAQ:GOOGL
8.62659450130231,9.122725435139955,68.56890365020469,2.6265577484944256,352.3641,51.05559826176709,-1.476859669710057,344.23,11373539,1789498657,2026-09-15T18:57:37Z,NASDAQ:GOOGL
8.62659450130231,9.211296863711368,66.98273945232457,2.534136306719933,352.3641,50.82900513237999,-1.5655857351383755,343.92,11422243,1789498835,2026-09-15T19:00:35Z,NASDAQ:GOOGL
8.62659450130231,9.15701114942567,67.95535012289822,2.5907817065172014,352.3641,50.96764554641432,-1.5112052434242458,344.11,11507470,1789499019,2026-09-15T19:03:39Z,NASDAQ:GOOGL
8.62659450130231,9.191725435140029,67.33355397251297,2.554558464015256,352.3641,50.87890161968989,-1.5459801368098682,343.9885,11580379,1789499197,2026-09-15T19:06:37Z,NASDAQ:GOOGL
8.62659450130231,9.188439720854262,67.3924318397137,2.55798700137141,352.3641,50.8872880074351,-1.5426886859955884,344.0,11614152,1789499374,2026-09-15T19:09:34Z,NASDAQ:GOOGL
8.62659450130231,9.19558257799713,67.26442987393811,2.550533659292829,352.3641,50.86906025615316,-1.5498440138527043,343.975,11669358,1789499557,2026-09-15T19:12:37Z,NASDAQ:GOOGL
8.62659450130231,9.14701114942568,68.13436131724109,2.6012163854272154,352.3641,50.99326710344726,-1.5011877844242838,344.145,11736735,1789499738,2026-09-15T19:15:38Z,NASDAQ:GOOGL
8.62659450130231,9.165582577997156,67.80187386381165,2.581837696022887,352.3641,50.94570469557672,-1.5197916368528013,344.08,11787774,1789499914,2026-09-15T19:18:34Z,NASDAQ:GOOGL
8.62659450130231,9.127011149425698,68.4922402004803,2.62208574324726,352.3641,51.04458757539635,-1.4811528664243427,344.215,11833125,1789500096,2026-09-15T19:21:36Z,NASDAQ:GOOGL
8.62659450130231,9.149868292282804,68.08322014434275,2.598235048595783,352.3641,50.98594403038312,-1.50404991556713,344.135,11894517,1789500278,2026-09-15T19:24:38Z,NASDAQ:GOOGL
8.62659450130231,9.159868292282797,67.9041952774635,2.587800369685769,352.3641,50.96032982992679,-1.5140673745670925,344.1,11966414,1789500454,2026-09-15T19:27:34Z,NASDAQ:GOOGL
8.62659450130231,9.137011149425687,68.31332467004427,2.611651064337246,352.3641,51.018914433472126,-1.4911703254243052,344.18,12032907,1789500636,2026-09-15T19:30:36Z,NASDAQ:GOOGL
8.62659450130231,9.167011149425662,67.77629106782551,2.580347027607171,352.3641,50.94204972354379,-1.5212227024242246,344.075,12087319,1789500821,2026-09-15T19:33:41Z,NASDAQ:GOOGL
8.62659450130231,9.12558257799708,68.51779565922308,2.623576411662993,352.3641,51.048257276465925,-1.4797218008529034,344.22,12138882,1789500995,2026-09-15T19:36:35Z,NASDAQ:GOOGL
8.62659450130231,9.139868292282811,68.26219716420144,2.6086697275058133,352.3641,51.011583992729285,-1.4940324565671514,344.17,12180273,1789501176,2026-09-15T19:39:36Z,NASDAQ:GOOGL
8.62659450130231,9.19415400656851,67.29003222339315,2.552024327708545,352.3641,50.872704761670136,-1.5484129482812812,343.98,12237528,1789501357,2026-09-15T19:42:37Z,NASDAQ:GOOGL
8.62659450130231,9.172725435140023,67.67395011190723,2.5743843539443056,352.3641,50.92743507824383,-1.5269469647099172,344.055,12299160,1789501537,2026-09-15T19:45:37Z,NASDAQ:GOOGL
8.62659450130231,9.154154006568548,68.00650106133298,2.593763043348634,352.3641,50.97496336364931,-1.5083431122813995,344.12,12382761,1789501713,2026-09-15T19:48:33Z,NASDAQ:GOOGL
8.62659450130231,9.19415400656851,67.29003222339315,2.552024327708545,352.3641,50.872704761670136,-1.5484129482812812,343.98,12472389,1789501896,2026-09-15T19:51:36Z,NASDAQ:GOOGL
8.62659450130231,9.229868292282845,66.64967987947698,2.5147576173156048,352.3641,50.7817485096412,-1.5841895875668932,343.855,12542134,1789502075,2026-09-15T19:54:35Z,NASDAQ:GOOGL
8.62659450130231,9.191296863711386,67.3412339877411,2.5550056645399777,352.3641,50.87999533958863,-1.545550817138435,343.99,12638546,1789502258,2026-09-15T19:57:38Z,NASDAQ:GOOGL
8.62659450130231,9.151296863711424,68.05764809321815,2.5967443801800667,352.3641,50.98228328253677,-1.5054809811385532,344.13,12724378,1789502438,2026-09-15T20:00:38Z,NASDAQ:GOOGL
8.62659450130231,9.05272543514002,69.81983174932654,2.6996005008645896,352.3641,51.23611426276464,-1.4067374567102562,344.475,12909340,1789502615,2026-09-15T20:03:35Z,NASDAQ:GOOGL
8.62659450130231,8.959868292282863,71.47562349550657,2.7964939478862307,352.3641,51.47755330967296,-1.313718194567668,344.8,13163207,1789502796,2026-09-15T20:06:36Z,NASDAQ:GOOGL
8.62659450130231,8.924154006568529,72.11137544081461,2.833760658279171,352.3641,51.571021472868594,-1.277941555282056,344.925,13485898,1789502977,2026-09-15T20:09:37Z,NASDAQ:GOOGL
8.62659450130231,8.876611149425685,72.95675013645479,2.883370103154256,352.3641,51.69597423023785,-1.2303156930650463,345.0914,13930497,1789503155,2026-09-15T20:12:35Z,NASDAQ:GOOGL
8.62659450130231,8.90843972085429,72.39091464386875,2.8501580108520668,352.3641,51.61225507942174,-1.2621998339963847,344.98,18445988,1789503335,2026-09-15T20:15:35Z,NASDAQ:GOOGL
8.62659450130231,8.90843972085429,72.39091464386875,2.8501580108520668,352.3641,51.61225507942174,-1.2621998339963847,344.98,21131524,1789503516,2026-09-15T20:18:36Z,NASDAQ:GOOGL
8.62659450130231,8.90843972085429,72.39091464386875,2.8501580108520668,352.3641,51.61225507942174,-1.2621998339963847,344.98,21133319,1789503697,2026-09-15T20:21:37Z,NASDAQ:GOOGL
8.62659450130231,8.90843972085429,72.39091464386875,2.8501580108520668,352.3641,51.61225507942174,-1.2621998339963847,344.98,21149622,1789503875,2026-09-15T20:24:35Z,NASDAQ:GOOGL
8.62659450130231,8.90843972085429,72.39091464386875,2.8501580108520668,352.3641,51.61225507942174,-1.2621998339963847,344.98,21211869,1789504055,2026-09-15T20:27:35Z,NASDAQ:GOOGL
8.62659450130231,8.90843972085429,72.39091464386875,2.8501580108520668,352.3641,51.61225507942174,-1.2621998339963847,344.98,21213152,1789504235,2026-09-15T20:30:35Z,NASDAQ:GOOGL
8.62659450130231,8.90843972085429,72.39091464386875,2.8501580108520668,352.3641,51.61225507942174,-1.2621998339963847,344.98,21213524,1789504417,2026-09-15T20:33:37Z,NASDAQ:GOOGL
8.62659450130231,8.90843972085429,72.39091464386875,2.8501580108520668,352.3641,51.61225507942174,-1.2621998339963847,344.98,21215469,1789504596,2026-09-15T20:36:36Z,NASDAQ:GOOGL
8.62659450130231,8.90843972085429,72.39091464386875,2.8501580108520668,352.3641,51.61225507942174,-1.2621998339963847,344.98,21218713,1789504777,2026-09-15T20:39:37Z,NASDAQ:GOOGL
8.62659450130231,8.90843972085429,72.39091464386875,2.8501580108520668,352.3641,51.61225507942174,-1.2621998339963847,344.98,21223276,1789504955,2026-09-15T20:42:35Z,NASDAQ:GOOGL
8.62659450130231,8.90843972085429,72.39091464386875,2.8501580108520668,352.3641,51.61225507942174,-1.2621998339963847,344.98,21224408,1789505136,2026-09-15T20:45:36Z,NASDAQ:GOOGL
8.62659450130231,8.90843972085429,72.39091464386875,2.8501580108520668,352.3641,51.61225507942174,-1.2621998339963847,344.98,21226132,1789505316,2026-09-15T20:48:36Z,NASDAQ:GOOGL
8.62659450130231,8.90843972085429,72.39091464386875,2.8501580108520668,352.3641,51.61225507942174,-1.2621998339963847,344.98,21227024,1789505493,2026-09-15T20:51:33Z,NASDAQ:GOOGL
8.62659450130231,8.90843972085429,72.39091464386875,2.8501580108520668,352.3641,51.61225507942174,-1.2621998339963847,344.98,21228929,1789505677,2026-09-15T20:54:37Z,NASDAQ:GOOGL
8.62659450130231,8.90843972085429,72.39091464386875,2.8501580108520668,352.3641,51.61225507942174,-1.2621998339963847,344.98,21229152,1789505856,2026-09-15T20:57:36Z,NASDAQ:GOOGL
8.62659450130231,8.90843972085429,72.39091464386875,2.8501580108520668,352.3641,51.61225507942174,-1.2621998339963847,344.98,21229351,1789506037,2026-09-15T21:00:37Z,NASDAQ:GOOGL
8.62659450130231,8.90843972085429,72.39091464386875,2.8501580108520668,352.3641,51.61225507942174,-1.2621998339963847,344.98,21229852,1789506217,2026-09-15T21:03:37Z,NASDAQ:GOOGL
8.62659450130231,8.90843972085429,72.39091464386875,2.8501580108520668,352.3641,51.61225507942174,-1.2621998339963847,344.98,21238153,1789506394,2026-09-15T21:06:34Z,NASDAQ:GOOGL
8.62659450130231,8.90843972085429,72.39091464386875,2.8501580108520668,352.3641,51.61225507942174,-1.2621998339963847,344.98,21478879,1789506577,2026-09-15T21:09:37Z,NASDAQ:GOOGL
8.62659450130231,8.90843972085429,72.39091464386875,2.8501580108520668,352.3641,51.61225507942174,-1.2621998339963847,344.98,21479684,1789506756,2026-09-15T21:12:36Z,NASDAQ:GOOGL
8.62659450130231,8.90843972085429,72.39091464386875,2.8501580108520668,352.3641,51.61225507942174,-1.2621998339963847,344.98,21480287,1789506937,2026-09-15T21:15:37Z,NASDAQ:GOOGL
8.62659450130231,8.90843972085429,72.39091464386875,2.8501580108520668,352.3641,51.61225507942174,-1.2621998339963847,344.98,21482193,1789507116,2026-09-15T21:18:36Z,NASDAQ:GOOGL
8.62659450130231,8.90843972085429,72.39091464386875,2.8501580108520668,352.3641,51.61225507942174,-1.2621998339963847,344.98,21482669,1789507295,2026-09-15T21:21:35Z,NASDAQ:GOOGL
8.62659450130231,8.90843972085429,72.39091464386875,2.8501580108520668,352.3641,51.61225507942174,-1.2621998339963847,344.98,21541639,1789507478,2026-09-15T21:24:38Z,NASDAQ:GOOGL
8.62659450130231,8.90843972085429,72.39091464386875,2.8501580108520668,352.3641,51.61225507942174,-1.2621998339963847,344.98,21542889,1789507653,2026-09-15T21:27:33Z,NASDAQ:GOOGL
8.62659450130231,8.90843972085429,72.39091464386875,2.8501580108520668,352.3641,51.61225507942174,-1.2621998339963847,344.98,21543765,1789507837,2026-09-15T21:30:37Z,NASDAQ:GOOGL
8.62659450130231,8.90843972085429,72.39091464386875,2.8501580108520668,352.3641,51.61225507942174,-1.2621998339963847,344.98,21544777,1789508017,2026-09-15T21:33:37Z,NASDAQ:GOOGL
8.62659450130231,8.90843972085429,72.39091464386875,2.8501580108520668,352.3641,51.61225507942174,-1.2621998339963847,344.98,21545561,1789508195,2026-09-15T21:36:35Z,NASDAQ:GOOGL
8.62659450130231,8.90843972085429,72.39091464386875,2.8501580108520668,352.3641,51.61225507942174,-1.2621998339963847,344.98,21546360,1789508375,2026-09-15T21:39:35Z,NASDAQ:GOOGL
8.62659450130231,8.90843972085429,72.39091464386875,2.8501580108520668,352.3641,51.61225507942174,-1.2621998339963847,344.98,21547280,1789508556,2026-09-15T21:42:36Z,NASDAQ:GOOGL
8.62659450130231,8.90843972085429,72.39091464386875,2.8501580108520668,352.3641,51.61225507942174,-1.2621998339963847,344.98,21547898,1789508737,2026-09-15T21:45:37Z,NASDAQ:GOOGL
8.62659450130231,8.90843972085429,72.39091464386875,2.8501580108520668,352.3641,51.61225507942174,-1.2621998339963847,344.98,21548522,1789508915,2026-09-15T21:48:35Z,NASDAQ:GOOGL
8.62659450130231,8.90843972085429,72.39091464386875,2.8501580108520668,352.3641,51.61225507942174,-1.2621998339963847,344.98,21876698,1789509097,2026-09-15T21:51:37Z,NASDAQ:GOOGL
8.62659450130231,8.90843972085429,72.39091464386875,2.8501580108520668,352.3641,51.61225507942174,-1.2621998339963847,344.98,21877335,1789509278,2026-09-15T21:54:38Z,NASDAQ:GOOGL
8.62659450130231,8.90843972085429,72.39091464386875,2.8501580108520668,352.3641,51.61225507942174,-1.2621998339963847,344.98,21879139,1789509455,2026-09-15T21:57:35Z,NASDAQ:GOOGL
8.62659450130231,8.90843972085429,72.39091464386875,2.8501580108520668,352.3641,51.61225507942174,-1.2621998339963847,344.98,21879663,1789509637,2026-09-15T22:00:37Z,NASDAQ:GOOGL
8.62659450130231,8.90843972085429,72.39091464386875,2.8501580108520668,352.3641,51.61225507942174,-1.2621998339963847,344.98,21879826,1789509815,2026-09-15T22:03:35Z,NASDAQ:GOOGL
8.62659450130231,8.90843972085429,72.39091464386875,2.8501580108520668,352.3641,51.61225507942174,-1.2621998339963847,344.98,21889159,1789509995,2026-09-15T22:06:35Z,NASDAQ:GOOGL
8.62659450130231,8.90843972085429,72.39091464386875,2.8501580108520668,352.3641,51.61225507942174,-1.2621998339963847,344.98,21890151,1789510175,2026-09-15T22:09:35Z,NASDAQ:GOOGL
8.62659450130231,8.90843972085429,72.39091464386875,2.8501580108520668,352.3641,51.61225507942174,-1.2621998339963847,344.98,21890475,1789510357,2026-09-15T22:12:37Z,NASDAQ:GOOGL
8.62659450130231,8.90843972085429,72.39091464386875,2.8501580108520668,352.3641,51.61225507942174,-1.2621998339963847,344.98,21892130,1789510534,2026-09-15T22:15:34Z,NASDAQ:GOOGL
8.62659450130231,8.90843972085429,72.39091464386875,2.8501580108520668,352.3641,51.61225507942174,-1.2621998339963847,344.98,21892541,1789510716,2026-09-15T22:18:36Z,NASDAQ:GOOGL
8.62659450130231,8.90843972085429,72.39091464386875,2.8501580108520668,352.3641,51.61225507942174,-1.2621998339963847,344.98,21894692,1789510897,2026-09-15T22:21:37Z,NASDAQ:GOOGL
8.62659450130231,8.90843972085429,72.39091464386875,2.8501580108520668,352.3641,51.61225507942174,-1.2621998339963847,344.98,21894993,1789511075,2026-09-15T22:24:35Z,NASDAQ:GOOGL
8.62659450130231,8.90843972085429,72.39091464386875,2.8501580108520668,352.3641,51.61225507942174,-1.2621998339963847,344.98,21895445,1789511258,2026-09-15T22:27:38Z,NASDAQ:GOOGL
8.62659450130231,8.90843972085429,72.39091464386875,2.8501580108520668,352.3641,51.61225507942174,-1.2621998339963847,344.98,21896418,1789511435,2026-09-15T22:30:35Z,NASDAQ:GOOGL
8.62659450130231,8.90843972085429,72.39091464386875,2.8501580108520668,352.3641,51.61225507942174,-1.2621998339963847,344.98,21898434,1789511615,2026-09-15T22:33:35Z,NASDAQ:GOOGL
8.62659450130231,8.90843972085429,72.39091464386875,2.8501580108520668,352.3641,51.61225507942174,-1.2621998339963847,344.98,21898606,1789511798,2026-09-15T22:36:38Z,NASDAQ:GOOGL
8.62659450130231,8.90843972085429,72.39091464386875,2.8501580108520668,352.3641,51.61225507942174,-1.2621998339963847,344.98,21899727,1789511974,2026-09-15T22:39:34Z,NASDAQ:GOOGL
8.62659450130231,8.90843972085429,72.39091464386875,2.8501580108520668,352.3641,51.61225507942174,-1.2621998339963847,344.98,21900449,1789512154,2026-09-15T22:42:34Z,NASDAQ:GOOGL
8.62659450130231,8.90843972085429,72.39091464386875,2.8501580108520668,352.3641,51.61225507942174,-1.2621998339963847,344.98,21900943,1789512336,2026-09-15T22:45:36Z,NASDAQ:GOOGL
8.62659450130231,8.90843972085429,72.39091464386875,2.8501580108520668,352.3641,51.61225507942174,-1.2621998339963847,344.98,21901840,1789512515,2026-09-15T22:48:35Z,NASDAQ:GOOGL
8.62659450130231,8.90843972085429,72.39091464386875,2.8501580108520668,352.3641,51.61225507942174,-1.2621998339963847,344.98,21902268,1789512698,2026-09-15T22:51:38Z,NASDAQ:GOOGL
8.62659450130231,8.90843972085429,72.39091464386875,2.8501580108520668,352.3641,51.61225507942174,-1.2621998339963847,344.98,21904986,1789512876,2026-09-15T22:54:36Z,NASDAQ:GOOGL
8.62659450130231,8.90843972085429,72.39091464386875,2.8501580108520668,352.3641,51.61225507942174,-1.2621998339963847,344.98,21905195,1789513056,2026-09-15T22:57:36Z,NASDAQ:GOOGL
8.62659450130231,8.90843972085429,72.39091464386875,2.8501580108520668,352.3641,51.61225507942174,-1.2621998339963847,344.98,21907628,1789513234,2026-09-15T23:00:34Z,NASDAQ:GOOGL
8.62659450130231,8.90843972085429,72.39091464386875,2.8501580108520668,352.3641,51.61225507942174,-1.2621998339963847,344.98,21908716,1789513416,2026-09-15T23:03:36Z,NASDAQ:GOOGL
8.62659450130231,8.90843972085429,72.39091464386875,2.8501580108520668,352.3641,51.61225507942174,-1.2621998339963847,344.98,21909470,1789513593,2026-09-15T23:06:33Z,NASDAQ:GOOGL
8.62659450130231,8.90843972085429,72.39091464386875,2.8501580108520668,352.3641,51.61225507942174,-1.2621998339963847,344.98,21909935,1789513775,2026-09-15T23:09:35Z,NASDAQ:GOOGL
8.62659450130231,8.90843972085429,72.39091464386875,2.8501580108520668,352.3641,51.61225507942174,-1.2621998339963847,344.98,21910411,1789513957,2026-09-15T23:12:37Z,NASDAQ:GOOGL
8.62659450130231,8.90843972085429,72.39091464386875,2.8501580108520668,352.3641,51.61225507942174,-1.2621998339963847,344.98,21910570,1789514134,2026-09-15T23:15:34Z,NASDAQ:GOOGL
8.62659450130231,8.90843972085429,72.39091464386875,2.8501580108520668,352.3641,51.61225507942174,-1.2621998339963847,344.98,21915124,1789514315,2026-09-15T23:18:35Z,NASDAQ:GOOGL
8.62659450130231,8.90843972085429,72.39091464386875,2.8501580108520668,352.3641,51.61225507942174,-1.2621998339963847,344.98,21915491,1789514497,2026-09-15T23:21:37Z,NASDAQ:GOOGL
8.62659450130231,8.90843972085429,72.39091464386875,2.8501580108520668,352.3641,51.61225507942174,-1.2621998339963847,344.98,21915816,1789514676,2026-09-15T23:24:36Z,NASDAQ:GOOGL
8.62659450130231,8.90843972085429,72.39091464386875,2.8501580108520668,352.3641,51.61225507942174,-1.2621998339963847,344.98,21916385,1789514855,2026-09-15T23:27:35Z,NASDAQ:GOOGL
8.62659450130231,8.90843972085429,72.39091464386875,2.8501580108520668,352.3641,51.61225507942174,-1.2621998339963847,344.98,21916700,1789515034,2026-09-15T23:30:34Z,NASDAQ:GOOGL
8.62659450130231,8.90843972085429,72.39091464386875,2.8501580108520668,352.3641,51.61225507942174,-1.2621998339963847,344.98,21918204,1789515218,2026-09-15T23:33:38Z,NASDAQ:GOOGL
8.62659450130231,8.90843972085429,72.39091464386875,2.8501580108520668,352.3641,51.61225507942174,-1.2621998339963847,344.98,21918649,1789515394,2026-09-15T23:36:34Z,NASDAQ:GOOGL
8.62659450130231,8.90843972085429,72.39091464386875,2.8501580108520668,352.3641,51.61225507942174,-1.2621998339963847,344.98,21918751,1789515576,2026-09-15T23:39:36Z,NASDAQ:GOOGL
8.62659450130231,8.90843972085429,72.39091464386875,2.8501580108520668,352.3641,51.61225507942174,-1.2621998339963847,344.98,21918986,1789515755,2026-09-15T23:42:35Z,NASDAQ:GOOGL
8.62659450130231,8.90843972085429,72.39091464386875,2.8501580108520668,352.3641,51.61225507942174,-1.2621998339963847,344.98,21919217,1789515935,2026-09-15T23:45:35Z,NASDAQ:GOOGL
8.62659450130231,8.90843972085429,72.39091464386875,2.8501580108520668,352.3641,51.61225507942174,-1.2621998339963847,344.98,21919602,1789516116,2026-09-15T23:48:36Z,NASDAQ:GOOGL
8.62659450130231,8.90843972085429,72.39091464386875,2.8501580108520668,352.3641,51.61225507942174,-1.2621998339963847,344.98,21920419,1789516296,2026-09-15T23:51:36Z,NASDAQ:GOOGL
8.62659450130231,8.90843972085429,72.39091464386875,2.8501580108520668,352.3641,51.61225507942174,-1.2621998339963847,344.98,21920893,1789516478,2026-09-15T23:54:38Z,NASDAQ:GOOGL
8.62659450130231,8.90843972085429,72.39091464386875,2.8501580108520668,352.3641,51.61225507942174,-1.2621998339963847,344.98,21923501,1789516655,2026-09-15T23:57:35Z,NASDAQ:GOOGL
8.62659450130231,8.90843972085429,72.39091464386875,2.8501580108520668,352.3641,51.61225507942174,-1.2621998339963847,344.98,21923991,1789516838,2026-09-16T00:00:38Z,NASDAQ:GOOGL
8.62659450130231,8.90843972085429,72.39091464386875,2.8501580108520668,352.3641,51.61225507942174,-1.2621998339963847,344.98,21925592,1789517016,2026-09-16T00:03:36Z,NASDAQ:GOOGL
8.62659450130231,8.90843972085429,72.39091464386875,2.8501580108520668,352.3641,51.61225507942174,-1.2621998339963847,344.98,21926917,1789517198,2026-09-16T00:06:38Z,NASDAQ:GOOGL
8.62659450130231,8.90843972085429,72.39091464386875,2.8501580108520668,352.3641,51.61225507942174,-1.2621998339963847,344.98,21927321,1789517374,2026-09-16T00:09:34Z,NASDAQ:GOOGL
8.62659450130231,8.90843972085429,72.39091464386875,2.8501580108520668,352.3641,51.61225507942174,-1.2621998339963847,344.98,21927678,1789517556,2026-09-16T00:12:36Z,NASDAQ:GOOGL
8.62659450130231,8.90843972085429,72.39091464386875,2.8501580108520668,352.3641,51.61225507942174,-1.2621998339963847,344.98,21928572,1789517733,2026-09-16T00:15:33Z,NASDAQ:GOOGL
8.62659450130231,8.90843972085429,72.39091464386875,2.8501580108520668,352.3641,51.61225507942174,-1.2621998339963847,344.98,21928572,1789517920,2026-09-16T00:18:40Z,NASDAQ:GOOGL
8.62659450130231,8.90843972085429,72.39091464386875,2.8501580108520668,352.3641,51.61225507942174,-1.2621998339963847,344.98,21928572,1789518098,2026-09-16T00:21:38Z,NASDAQ:GOOGL
8.62659450130231,8.90843972085429,72.39091464386875,2.8501580108520668,352.3641,51.61225507942174,-1.2621998339963847,344.98,21928572,1789518275,2026-09-16T00:24:35Z,NASDAQ:GOOGL
8.62659450130231,8.90843972085429,72.39091464386875,2.8501580108520668,352.3641,51.61225507942174,-1.2621998339963847,344.98,21928572,1789518458,2026-09-16T00:27:38Z,NASDAQ:GOOGL
8.62659450130231,8.90843972085429,72.39091464386875,2.8501580108520668,352.3641,51.61225507942174,-1.2621998339963847,344.98,21928572,1789518638,2026-09-16T00:30:38Z,NASDAQ:GOOGL
8.62659450130231,8.90843972085429,72.39091464386875,2.8501580108520668,352.3641,51.61225507942174,-1.2621998339963847,344.98,21928572,1789518816,2026-09-16T00:33:36Z,NASDAQ:GOOGL
8.62659450130231,8.90843972085429,72.39091464386875,2.8501580108520668,352.3641,51.61225507942174,-1.2621998339963847,344.98,21928572,1789518995,2026-09-16T00:36:35Z,NASDAQ:GOOGL
8.62659450130231,8.90843972085429,72.39091464386875,2.8501580108520668,352.3641,51.61225507942174,-1.2621998339963847,344.98,21928572,1789519175,2026-09-16T00:39:35Z,NASDAQ:GOOGL
8.62659450130231,8.90843972085429,72.39091464386875,2.8501580108520668,352.3641,51.61225507942174,-1.2621998339963847,344.98,21928572,1789519355,2026-09-16T00:42:35Z,NASDAQ:GOOGL
8.62659450130231,8.90843972085429,72.39091464386875,2.8501580108520668,352.3641,51.61225507942174,-1.2621998339963847,344.98,21928572,1789519536,2026-09-16T00:45:36Z,NASDAQ:GOOGL
8.62659450130231,8.90843972085429,72.39091464386875,2.8501580108520668,352.3641,51.61225507942174,-1.2621998339963847,344.98,21928572,1789519716,2026-09-16T00:48:36Z,NASDAQ:GOOGL
8.62659450130231,8.90843972085429,72.39091464386875,2.8501580108520668,352.3641,51.61225507942174,-1.2621998339963847,344.98,21928572,1789519897,2026-09-16T00:51:37Z,NASDAQ:GOOGL
8.62659450130231,8.90843972085429,72.39091464386875,2.8501580108520668,352.3641,51.61225507942174,-1.2621998339963847,344.98,21928572,1789520075,2026-09-16T00:54:35Z,NASDAQ:GOOGL
8.62659450130231,8.90843972085429,72.39091464386875,2.8501580108520668,352.3641,51.61225507942174,-1.2621998339963847,344.98,21928572,1789520256,2026-09-16T00:57:36Z,NASDAQ:GOOGL
8.62659450130231,8.90843972085429,72.39091464386875,2.8501580108520668,352.3641,51.61225507942174,-1.2621998339963847,344.98,21928572,1789520437,2026-09-16T01:00:37Z,NASDAQ:GOOGL
8.62659450130231,8.90843972085429,72.39091464386875,2.8501580108520668,352.3641,51.61225507942174,-1.2621998339963847,344.98,21928572,1789520614,2026-09-16T01:03:34Z,NASDAQ:GOOGL
8.62659450130231,8.90843972085429,72.39091464386875,2.8501580108520668,352.3641,51.61225507942174,-1.2621998339963847,344.98,21928572,1789520797,2026-09-16T01:06:37Z,NASDAQ:GOOGL
8.62659450130231,8.90843972085429,72.39091464386875,2.8501580108520668,352.3641,51.61225507942174,-1.2621998339963847,344.98,21928572,1789520976,2026-09-16T01:09:36Z,NASDAQ:GOOGL
8.62659450130231,8.90843972085429,72.39091464386875,2.8501580108520668,352.3641,51.61225507942174,-1.2621998339963847,344.98,21928572,1789521155,2026-09-16T01:12:35Z,NASDAQ:GOOGL
8.62659450130231,8.90843972085429,72.39091464386875,2.8501580108520668,352.3641,51.61225507942174,-1.2621998339963847,344.98,21928572,1789521337,2026-09-16T01:15:37Z,NASDAQ:GOOGL
8.62659450130231,8.90843972085429,72.39091464386875,2.8501580108520668,352.3641,51.61225507942174,-1.2621998339963847,344.98,21928572,1789521516,2026-09-16T01:18:36Z,NASDAQ:GOOGL
8.62659450130231,8.90843972085429,72.39091464386875,2.8501580108520668,352.3641,51.61225507942174,-1.2621998339963847,344.98,21928572,1789521696,2026-09-16T01:21:36Z,NASDAQ:GOOGL
8.62659450130231,8.90843972085429,72.39091464386875,2.8501580108520668,352.3641,51.61225507942174,-1.2621998339963847,344.98,21928572,1789521877,2026-09-16T01:24:37Z,NASDAQ:GOOGL
8.62659450130231,8.90843972085429,72.39091464386875,2.8501580108520668,352.3641,51.61225507942174,-1.2621998339963847,344.98,21928572,1789522056,2026-09-16T01:27:36Z,NASDAQ:GOOGL
8.62659450130231,8.90843972085429,72.39091464386875,2.8501580108520668,352.3641,51.61225507942174,-1.2621998339963847,344.98,21928572,1789522236,2026-09-16T01:30:36Z,NASDAQ:GOOGL
8.62659450130231,8.90843972085429,72.39091464386875,2.8501580108520668,352.3641,51.61225507942174,-1.2621998339963847,344.98,21928572,1789522416,2026-09-16T01:33:36Z,NASDAQ:GOOGL
8.62659450130231,8.90843972085429,72.39091464386875,2.8501580108520668,352.3641,51.61225507942174,-1.2621998339963847,344.98,21928572,1789522597,2026-09-16T01:36:37Z,NASDAQ:GOOGL
8.62659450130231,8.90843972085429,72.39091464386875,2.8501580108520668,352.3641,51.61225507942174,-1.2621998339963847,344.98,21928572,1789522776,2026-09-16T01:39:36Z,NASDAQ:GOOGL
8.62659450130231,8.90843972085429,72.39091464386875,2.8501580108520668,352.3641,51.61225507942174,-1.2621998339963847,344.98,21928572,1789522955,2026-09-16T01:42:35Z,NASDAQ:GOOGL
8.62659450130231,8.90843972085429,72.39091464386875,2.8501580108520668,352.3641,51.61225507942174,-1.2621998339963847,344.98,21928572,1789523135,2026-09-16T01:45:35Z,NASDAQ:GOOGL
8.62659450130231,8.90843972085429,72.39091464386875,2.8501580108520668,352.3641,51.61225507942174,-1.2621998339963847,344.98,21928572,1789523317,2026-09-16T01:48:37Z,NASDAQ:GOOGL
8.62659450130231,8.90843972085429,72.39091464386875,2.8501580108520668,352.3641,51.61225507942174,-1.2621998339963847,344.98,21928572,1789523496,2026-09-16T01:51:36Z,NASDAQ:GOOGL
8.62659450130231,8.90843972085429,72.39091464386875,2.8501580108520668,352.3641,51.61225507942174,-1.2621998339963847,344.98,21928572,1789523673,2026-09-16T01:54:33Z,NASDAQ:GOOGL
8.62659450130231,8.90843972085429,72.39091464386875,2.8501580108520668,352.3641,51.61225507942174,-1.2621998339963847,344.98,21928572,1789523858,2026-09-16T01:57:38Z,NASDAQ:GOOGL
8.62659450130231,8.90843972085429,72.39091464386875,2.8501580108520668,352.3641,51.61225507942174,-1.2621998339963847,344.98,21928572,1789524038,2026-09-16T02:00:38Z,NASDAQ:GOOGL
8.62659450130231,8.90843972085429,72.39091464386875,2.8501580108520668,352.3641,51.61225507942174,-1.2621998339963847,344.98,21928572,1789524215,2026-09-16T02:03:35Z,NASDAQ:GOOGL
8.62659450130231,8.90843972085429,72.39091464386875,2.8501580108520668,352.3641,51.61225507942174,-1.2621998339963847,344.98,21928572,1789524395,2026-09-16T02:06:35Z,NASDAQ:GOOGL
8.62659450130231,8.90843972085429,72.39091464386875,2.8501580108520668,352.3641,51.61225507942174,-1.2621998339963847,344.98,21928572,1789524578,2026-09-16T02:09:38Z,NASDAQ:GOOGL
8.62659450130231,8.90843972085429,72.39091464386875,2.8501580108520668,352.3641,51.61225507942174,-1.2621998339963847,344.98,21928572,1789524758,2026-09-16T02:12:38Z,NASDAQ:GOOGL
8.62659450130231,8.90843972085429,72.39091464386875,2.8501580108520668,352.3641,51.61225507942174,-1.2621998339963847,344.98,21928572,1789524936,2026-09-16T02:15:36Z,NASDAQ:GOOGL
8.62659450130231,8.90843972085429,72.39091464386875,2.8501580108520668,352.3641,51.61225507942174,-1.2621998339963847,344.98,21928572,1789525115,2026-09-16T02:18:35Z,NASDAQ:GOOGL
8.62659450130231,8.90843972085429,72.39091464386875,2.8501580108520668,352.3641,51.61225507942174,-1.2621998339963847,344.98,21928572,1789525293,2026-09-16T02:21:33Z,NASDAQ:GOOGL
8.62659450130231,8.90843972085429,72.39091464386875,2.8501580108520668,352.3641,51.61225507942174,-1.2621998339963847,344.98,21928572,1789525476,2026-09-16T02:24:36Z,NASDAQ:GOOGL
8.62659450130231,8.90843972085429,72.39091464386875,2.8501580108520668,352.3641,51.61225507942174,-1.2621998339963847,344.98,21928572,1789525657,2026-09-16T02:27:37Z,NASDAQ:GOOGL
8.62659450130231,8.90843972085429,72.39091464386875,2.8501580108520668,352.3641,51.61225507942174,-1.2621998339963847,344.98,21928572,1789525837,2026-09-16T02:30:37Z,NASDAQ:GOOGL
8.62659450130231,8.90843972085429,72.39091464386875,2.8501580108520668,352.3641,51.61225507942174,-1.2621998339963847,344.98,21928572,1789526015,2026-09-16T02:33:35Z,NASDAQ:GOOGL
8.62659450130231,8.90843972085429,72.39091464386875,2.8501580108520668,352.3641,51.61225507942174,-1.2621998339963847,344.98,21928572,1789526195,2026-09-16T02:36:35Z,NASDAQ:GOOGL
8.62659450130231,8.90843972085429,72.39091464386875,2.8501580108520668,352.3641,51.61225507942174,-1.2621998339963847,344.98,21928572,1789526374,2026-09-16T02:39:34Z,NASDAQ:GOOGL
8.62659450130231,8.90843972085429,72.39091464386875,2.8501580108520668,352.3641,51.61225507942174,-1.2621998339963847,344.98,21928572,1789526556,2026-09-16T02:42:36Z,NASDAQ:GOOGL
8.62659450130231,8.90843972085429,72.39091464386875,2.8501580108520668,352.3641,51.61225507942174,-1.2621998339963847,344.98,21928572,1789526735,2026-09-16T02:45:35Z,NASDAQ:GOOGL
8.62659450130231,8.90843972085429,72.39091464386875,2.8501580108520668,352.3641,51.61225507942174,-1.2621998339963847,344.98,21928572,1789526917,2026-09-16T02:48:37Z,NASDAQ:GOOGL
8.62659450130231,8.90843972085429,72.39091464386875,2.8501580108520668,352.3641,51.61225507942174,-1.2621998339963847,344.98,21928572,1789527097,2026-09-16T02:51:37Z,NASDAQ:GOOGL
8.62659450130231,8.90843972085429,72.39091464386875,2.8501580108520668,352.3641,51.61225507942174,-1.2621998339963847,344.98,21928572,1789527274,2026-09-16T02:54:34Z,NASDAQ:GOOGL
8.62659450130231,8.90843972085429,72.39091464386875,2.8501580108520668,352.3641,51.61225507942174,-1.2621998339963847,344.98,21928572,1789527455,2026-09-16T02:57:35Z,NASDAQ:GOOGL
8.62659450130231,8.90843972085429,72.39091464386875,2.8501580108520668,352.3641,51.61225507942174,-1.2621998339963847,344.98,21928572,1789527636,2026-09-16T03:00:36Z,NASDAQ:GOOGL
8.62659450130231,8.90843972085429,72.39091464386875,2.8501580108520668,352.3641,51.61225507942174,-1.2621998339963847,344.98,21928572,1789527818,2026-09-16T03:03:38Z,NASDAQ:GOOGL
8.62659450130231,8.90843972085429,72.39091464386875,2.8501580108520668,352.3641,51.61225507942174,-1.2621998339963847,344.98,21928572,1789527998,2026-09-16T03:06:38Z,NASDAQ:GOOGL
8.62659450130231,8.90843972085429,72.39091464386875,2.8501580108520668,352.3641,51.61225507942174,-1.2621998339963847,344.98,21928572,1789528177,2026-09-16T03:09:37Z,NASDAQ:GOOGL
8.62659450130231,8.90843972085429,72.39091464386875,2.8501580108520668,352.3641,51.61225507942174,-1.2621998339963847,344.98,21928572,1789528356,2026-09-16T03:12:36Z,NASDAQ:GOOGL
8.62659450130231,8.90843972085429,72.39091464386875,2.8501580108520668,352.3641,51.61225507942174,-1.2621998339963847,344.98,21928572,1789528537,2026-09-16T03:15:37Z,NASDAQ:GOOGL
8.62659450130231,8.90843972085429,72.39091464386875,2.8501580108520668,352.3641,51.61225507942174,-1.2621998339963847,344.98,21928572,1789528716,2026-09-16T03:18:36Z,NASDAQ:GOOGL
8.62659450130231,8.90843972085429,72.39091464386875,2.8501580108520668,352.3641,51.61225507942174,-1.2621998339963847,344.98,21928572,1789528895,2026-09-16T03:21:35Z,NASDAQ:GOOGL
8.62659450130231,8.90843972085429,72.39091464386875,2.8501580108520668,352.3641,51.61225507942174,-1.2621998339963847,344.98,21928572,1789529075,2026-09-16T03:24:35Z,NASDAQ:GOOGL
8.62659450130231,8.90843972085429,72.39091464386875,2.8501580108520668,352.3641,51.61225507942174,-1.2621998339963847,344.98,21928572,1789529254,2026-09-16T03:27:34Z,NASDAQ:GOOGL
8.62659450130231,8.90843972085429,72.39091464386875,2.8501580108520668,352.3641,51.61225507942174,-1.2621998339963847,344.98,21928572,1789529435,2026-09-16T03:30:35Z,NASDAQ:GOOGL
8.62659450130231,8.90843972085429,72.39091464386875,2.8501580108520668,352.3641,51.61225507942174,-1.2621998339963847,344.98,21928572,1789529618,2026-09-16T03:33:38Z,NASDAQ:GOOGL
8.62659450130231,8.90843972085429,72.39091464386875,2.8501580108520668,352.3641,51.61225507942174,-1.2621998339963847,344.98,21928572,1789529796,2026-09-16T03:36:36Z,NASDAQ:GOOGL
8.62659450130231,8.90843972085429,72.39091464386875,2.8501580108520668,352.3641,51.61225507942174,-1.2621998339963847,344.98,21928572,1789529976,2026-09-16T03:39:36Z,NASDAQ:GOOGL
8.62659450130231,8.90843972085429,72.39091464386875,2.8501580108520668,352.3641,51.61225507942174,-1.2621998339963847,344.98,21928572,1789530158,2026-09-16T03:42:38Z,NASDAQ:GOOGL
8.62659450130231,8.90843972085429,72.39091464386875,2.8501580108520668,352.3641,51.61225507942174,-1.2621998339963847,344.98,21928572,1789530334,2026-09-16T03:45:34Z,NASDAQ:GOOGL
8.62659450130231,8.90843972085429,72.39091464386875,2.8501580108520668,352.3641,51.61225507942174,-1.2621998339963847,344.98,21928572,1789530517,2026-09-16T03:48:37Z,NASDAQ:GOOGL
8.62659450130231,8.90843972085429,72.39091464386875,2.8501580108520668,352.3641,51.61225507942174,-1.2621998339963847,344.98,21928572,1789530695,2026-09-16T03:51:35Z,NASDAQ:GOOGL
8.62659450130231,8.90843972085429,72.39091464386875,2.8501580108520668,352.3641,51.61225507942174,-1.2621998339963847,344.98,21928572,1789530878,2026-09-16T03:54:38Z,NASDAQ:GOOGL
8.62659450130231,8.90843972085429,72.39091464386875,2.8501580108520668,352.3641,51.61225507942174,-1.2621998339963847,344.98,21928572,1789531056,2026-09-16T03:57:36Z,NASDAQ:GOOGL
8.62659450130231,8.90843972085429,72.39091464386875,2.8501580108520668,352.3641,51.61225507942174,-1.2621998339963847,344.98,21928572,1789531236,2026-09-16T04:00:36Z,NASDAQ:GOOGL
8.62659450130231,8.90843972085429,72.39091464386875,2.8501580108520668,352.3641,51.61225507942174,-1.2621998339963847,344.98,21928572,1789531417,2026-09-16T04:03:37Z,NASDAQ:GOOGL
8.62659450130231,8.90843972085429,72.39091464386875,2.8501580108520668,352.3641,51.61225507942174,-1.2621998339963847,344.98,21928572,1789531596,2026-09-16T04:06:36Z,NASDAQ:GOOGL
8.62659450130231,8.90843972085429,72.39091464386875,2.8501580108520668,352.3641,51.61225507942174,-1.2621998339963847,344.98,21928572,1789531775,2026-09-16T04:09:35Z,NASDAQ:GOOGL
8.62659450130231,8.90843972085429,72.39091464386875,2.8501580108520668,352.3641,51.61225507942174,-1.2621998339963847,344.98,21928572,1789531953,2026-09-16T04:12:33Z,NASDAQ:GOOGL
8.62659450130231,8.90843972085429,72.39091464386875,2.8501580108520668,352.3641,51.61225507942174,-1.2621998339963847,344.98,21928572,1789532138,2026-09-16T04:15:38Z,NASDAQ:GOOGL
8.62659450130231,8.90843972085429,72.39091464386875,2.8501580108520668,352.3641,51.61225507942174,-1.2621998339963847,344.98,21928572,1789532315,2026-09-16T04:18:35Z,NASDAQ:GOOGL
8.62659450130231,8.90843972085429,72.39091464386875,2.8501580108520668,352.3641,51.61225507942174,-1.2621998339963847,344.98,21928572,1789532497,2026-09-16T04:21:37Z,NASDAQ:GOOGL
8.62659450130231,8.90843972085429,72.39091464386875,2.8501580108520668,352.3641,51.61225507942174,-1.2621998339963847,344.98,21928572,1789532676,2026-09-16T04:24:36Z,NASDAQ:GOOGL
8.62659450130231,8.90843972085429,72.39091464386875,2.8501580108520668,352.3641,51.61225507942174,-1.2621998339963847,344.98,21928572,1789532855,2026-09-16T04:27:35Z,NASDAQ:GOOGL
8.62659450130231,8.90843972085429,72.39091464386875,2.8501580108520668,352.3641,51.61225507942174,-1.2621998339963847,344.98,21928572,1789533036,2026-09-16T04:30:36Z,NASDAQ:GOOGL
8.62659450130231,8.90843972085429,72.39091464386875,2.8501580108520668,352.3641,51.61225507942174,-1.2621998339963847,344.98,21928572,1789533215,2026-09-16T04:33:35Z,NASDAQ:GOOGL
8.62659450130231,8.90843972085429,72.39091464386875,2.8501580108520668,352.3641,51.61225507942174,-1.2621998339963847,344.98,21928572,1789533392,2026-09-16T04:36:32Z,NASDAQ:GOOGL
8.62659450130231,8.90843972085429,72.39091464386875,2.8501580108520668,352.3641,51.61225507942174,-1.2621998339963847,344.98,21928572,1789533575,2026-09-16T04:39:35Z,NASDAQ:GOOGL
8.62659450130231,8.90843972085429,72.39091464386875,2.8501580108520668,352.3641,51.61225507942174,-1.2621998339963847,344.98,21928572,1789533758,2026-09-16T04:42:38Z,NASDAQ:GOOGL
8.62659450130231,8.90843972085429,72.39091464386875,2.8501580108520668,352.3641,51.61225507942174,-1.2621998339963847,344.98,21928572,1789533937,2026-09-16T04:45:37Z,NASDAQ:GOOGL
8.62659450130231,8.90843972085429,72.39091464386875,2.8501580108520668,352.3641,51.61225507942174,-1.2621998339963847,344.98,21928572,1789534114,2026-09-16T04:48:34Z,NASDAQ:GOOGL
8.62659450130231,8.90843972085429,72.39091464386875,2.8501580108520668,352.3641,51.61225507942174,-1.2621998339963847,344.98,21928572,1789534294,2026-09-16T04:51:34Z,NASDAQ:GOOGL
8.62659450130231,8.90843972085429,72.39091464386875,2.8501580108520668,352.3641,51.61225507942174,-1.2621998339963847,344.98,21928572,1789534476,2026-09-16T04:54:36Z,NASDAQ:GOOGL
8.62659450130231,8.90843972085429,72.39091464386875,2.8501580108520668,352.3641,51.61225507942174,-1.2621998339963847,344.98,21928572,1789534654,2026-09-16T04:57:34Z,NASDAQ:GOOGL
8.62659450130231,8.90843972085429,72.39091464386875,2.8501580108520668,352.3641,51.61225507942174,-1.2621998339963847,344.98,21928572,1789534836,2026-09-16T05:00:36Z,NASDAQ:GOOGL
8.62659450130231,8.90843972085429,72.39091464386875,2.8501580108520668,352.3641,51.61225507942174,-1.2621998339963847,344.98,21928572,1789535018,2026-09-16T05:03:38Z,NASDAQ:GOOGL
8.62659450130231,8.90843972085429,72.39091464386875,2.8501580108520668,352.3641,51.61225507942174,-1.2621998339963847,344.98,21928572,1789535198,2026-09-16T05:06:38Z,NASDAQ:GOOGL
8.62659450130231,8.90843972085429,72.39091464386875,2.8501580108520668,352.3641,51.61225507942174,-1.2621998339963847,344.98,21928572,1789535376,2026-09-16T05:09:36Z,NASDAQ:GOOGL
8.62659450130231,8.90843972085429,72.39091464386875,2.8501580108520668,352.3641,51.61225507942174,-1.2621998339963847,344.98,21928572,1789535556,2026-09-16T05:12:36Z,NASDAQ:GOOGL
8.62659450130231,8.90843972085429,72.39091464386875,2.8501580108520668,352.3641,51.61225507942174,-1.2621998339963847,344.98,21928572,1789535734,2026-09-16T05:15:34Z,NASDAQ:GOOGL
8.62659450130231,8.90843972085429,72.39091464386875,2.8501580108520668,352.3641,51.61225507942174,-1.2621998339963847,344.98,21928572,1789535912,2026-09-16T05:18:32Z,NASDAQ:GOOGL
8.62659450130231,8.90843972085429,72.39091464386875,2.8501580108520668,352.3641,51.61225507942174,-1.2621998339963847,344.98,21928572,1789536094,2026-09-16T05:21:34Z,NASDAQ:GOOGL
8.62659450130231,8.90843972085429,72.39091464386875,2.8501580108520668,352.3641,51.61225507942174,-1.2621998339963847,344.98,21928572,1789536274,2026-09-16T05:24:34Z,NASDAQ:GOOGL
8.62659450130231,8.90843972085429,72.39091464386875,2.8501580108520668,352.3641,51.61225507942174,-1.2621998339963847,344.98,21928572,1789536454,2026-09-16T05:27:34Z,NASDAQ:GOOGL
8.62659450130231,8.90843972085429,72.39091464386875,2.8501580108520668,352.3641,51.61225507942174,-1.2621998339963847,344.98,21928572,1789536637,2026-09-16T05:30:37Z,NASDAQ:GOOGL
8.62659450130231,8.90843972085429,72.39091464386875,2.8501580108520668,352.3641,51.61225507942174,-1.2621998339963847,344.98,21928572,1789536816,2026-09-16T05:33:36Z,NASDAQ:GOOGL
8.62659450130231,8.90843972085429,72.39091464386875,2.8501580108520668,352.3641,51.61225507942174,-1.2621998339963847,344.98,21928572,1789536995,2026-09-16T05:36:35Z,NASDAQ:GOOGL
8.62659450130231,8.90843972085429,72.39091464386875,2.8501580108520668,352.3641,51.61225507942174,-1.2621998339963847,344.98,21928572,1789537177,2026-09-16T05:39:37Z,NASDAQ:GOOGL
8.62659450130231,8.90843972085429,72.39091464386875,2.8501580108520668,352.3641,51.61225507942174,-1.2621998339963847,344.98,21928572,1789537355,2026-09-16T05:42:35Z,NASDAQ:GOOGL
8.62659450130231,8.90843972085429,72.39091464386875,2.8501580108520668,352.3641,51.61225507942174,-1.2621998339963847,344.98,21928572,1789537536,2026-09-16T05:45:36Z,NASDAQ:GOOGL
8.62659450130231,8.90843972085429,72.39091464386875,2.8501580108520668,352.3641,51.61225507942174,-1.2621998339963847,344.98,21928572,1789537716,2026-09-16T05:48:36Z,NASDAQ:GOOGL
8.62659450130231,8.90843972085429,72.39091464386875,2.8501580108520668,352.3641,51.61225507942174,-1.2621998339963847,344.98,21928572,1789537898,2026-09-16T05:51:38Z,NASDAQ:GOOGL
8.62659450130231,8.90843972085429,72.39091464386875,2.8501580108520668,352.3641,51.61225507942174,-1.2621998339963847,344.98,21928572,1789538076,2026-09-16T05:54:36Z,NASDAQ:GOOGL
8.62659450130231,8.90843972085429,72.39091464386875,2.8501580108520668,352.3641,51.61225507942174,-1.2621998339963847,344.98,21928572,1789538257,2026-09-16T05:57:37Z,NASDAQ:GOOGL
8.62659450130231,8.90843972085429,72.39091464386875,2.8501580108520668,352.3641,51.61225507942174,-1.2621998339963847,344.98,21928572,1789538434,2026-09-16T06:00:34Z,NASDAQ:GOOGL
8.62659450130231,8.90843972085429,72.39091464386875,2.8501580108520668,352.3641,51.61225507942174,-1.2621998339963847,344.98,21928572,1789538616,2026-09-16T06:03:36Z,NASDAQ:GOOGL
8.62659450130231,8.90843972085429,72.39091464386875,2.8501580108520668,352.3641,51.61225507942174,-1.2621998339963847,344.98,21928572,1789538795,2026-09-16T06:06:35Z,NASDAQ:GOOGL
8.62659450130231,8.90843972085429,72.39091464386875,2.8501580108520668,352.3641,51.61225507942174,-1.2621998339963847,344.98,21928572,1789538976,2026-09-16T06:09:36Z,NASDAQ:GOOGL
8.62659450130231,8.90843972085429,72.39091464386875,2.8501580108520668,352.3641,51.61225507942174,-1.2621998339963847,344.98,21928572,1789539154,2026-09-16T06:12:34Z,NASDAQ:GOOGL
8.62659450130231,8.90843972085429,72.39091464386875,2.8501580108520668,352.3641,51.61225507942174,-1.2621998339963847,344.98,21928572,1789539335,2026-09-16T06:15:35Z,NASDAQ:GOOGL
8.62659450130231,8.90843972085429,72.39091464386875,2.8501580108520668,352.3641,51.61225507942174,-1.2621998339963847,344.98,21928572,1789539517,2026-09-16T06:18:37Z,NASDAQ:GOOGL
8.62659450130231,8.90843972085429,72.39091464386875,2.8501580108520668,352.3641,51.61225507942174,-1.2621998339963847,344.98,21928572,1789539696,2026-09-16T06:21:36Z,NASDAQ:GOOGL
8.62659450130231,8.90843972085429,72.39091464386875,2.8501580108520668,352.3641,51.61225507942174,-1.2621998339963847,344.98,21928572,1789539877,2026-09-16T06:24:37Z,NASDAQ:GOOGL
8.62659450130231,8.90843972085429,72.39091464386875,2.8501580108520668,352.3641,51.61225507942174,-1.2621998339963847,344.98,21928572,1789540056,2026-09-16T06:27:36Z,NASDAQ:GOOGL
8.62659450130231,8.90843972085429,72.39091464386875,2.8501580108520668,352.3641,51.61225507942174,-1.2621998339963847,344.98,21928572,1789540233,2026-09-16T06:30:33Z,NASDAQ:GOOGL
8.62659450130231,8.90843972085429,72.39091464386875,2.8501580108520668,352.3641,51.61225507942174,-1.2621998339963847,344.98,21928572,1789540417,2026-09-16T06:33:37Z,NASDAQ:GOOGL
8.62659450130231,8.90843972085429,72.39091464386875,2.8501580108520668,352.3641,51.61225507942174,-1.2621998339963847,344.98,21928572,1789540595,2026-09-16T06:36:35Z,NASDAQ:GOOGL
8.62659450130231,8.90843972085429,72.39091464386875,2.8501580108520668,352.3641,51.61225507942174,-1.2621998339963847,344.98,21928572,1789540774,2026-09-16T06:39:34Z,NASDAQ:GOOGL
8.62659450130231,8.90843972085429,72.39091464386875,2.8501580108520668,352.3641,51.61225507942174,-1.2621998339963847,344.98,21928572,1789540955,2026-09-16T06:42:35Z,NASDAQ:GOOGL
8.62659450130231,8.90843972085429,72.39091464386875,2.8501580108520668,352.3641,51.61225507942174,-1.2621998339963847,344.98,21928572,1789541133,2026-09-16T06:45:33Z,NASDAQ:GOOGL
8.62659450130231,8.90843972085429,72.39091464386875,2.8501580108520668,352.3641,51.61225507942174,-1.2621998339963847,344.98,21928572,1789541317,2026-09-16T06:48:37Z,NASDAQ:GOOGL
8.62659450130231,8.90843972085429,72.39091464386875,2.8501580108520668,352.3641,51.61225507942174,-1.2621998339963847,344.98,21928572,1789541494,2026-09-16T06:51:34Z,NASDAQ:GOOGL
8.62659450130231,8.90843972085429,72.39091464386875,2.8501580108520668,352.3641,51.61225507942174,-1.2621998339963847,344.98,21928572,1789541679,2026-09-16T06:54:39Z,NASDAQ:GOOGL
8.62659450130231,8.90843972085429,72.39091464386875,2.8501580108520668,352.3641,51.61225507942174,-1.2621998339963847,344.98,21928572,1789541853,2026-09-16T06:57:33Z,NASDAQ:GOOGL
8.62659450130231,8.90843972085429,72.39091464386875,2.8501580108520668,352.3641,51.61225507942174,-1.2621998339963847,344.98,21928572,1789542035,2026-09-16T07:00:35Z,NASDAQ:GOOGL
8.62659450130231,8.90843972085429,72.39091464386875,2.8501580108520668,352.3641,51.61225507942174,-1.2621998339963847,344.98,21928572,1789542217,2026-09-16T07:03:37Z,NASDAQ:GOOGL
8.62659450130231,8.90843972085429,72.39091464386875,2.8501580108520668,352.3641,51.61225507942174,-1.2621998339963847,344.98,21928572,1789542396,2026-09-16T07:06:36Z,NASDAQ:GOOGL
8.62659450130231,8.90843972085429,72.39091464386875,2.8501580108520668,352.3641,51.61225507942174,-1.2621998339963847,344.98,21928572,1789542576,2026-09-16T07:09:36Z,NASDAQ:GOOGL
8.62659450130231,8.90843972085429,72.39091464386875,2.8501580108520668,352.3641,51.61225507942174,-1.2621998339963847,344.98,21928572,1789542757,2026-09-16T07:12:37Z,NASDAQ:GOOGL
8.62659450130231,8.90843972085429,72.39091464386875,2.8501580108520668,352.3641,51.61225507942174,-1.2621998339963847,344.98,21928572,1789542937,2026-09-16T07:15:37Z,NASDAQ:GOOGL
8.62659450130231,8.90843972085429,72.39091464386875,2.8501580108520668,352.3641,51.61225507942174,-1.2621998339963847,344.98,21928572,1789543115,2026-09-16T07:18:35Z,NASDAQ:GOOGL
8.62659450130231,8.90843972085429,72.39091464386875,2.8501580108520668,352.3641,51.61225507942174,-1.2621998339963847,344.98,21928572,1789543297,2026-09-16T07:21:37Z,NASDAQ:GOOGL
8.62659450130231,8.90843972085429,72.39091464386875,2.8501580108520668,352.3641,51.61225507942174,-1.2621998339963847,344.98,21928572,1789543477,2026-09-16T07:24:37Z,NASDAQ:GOOGL
8.62659450130231,8.90843972085429,72.39091464386875,2.8501580108520668,352.3641,51.61225507942174,-1.2621998339963847,344.98,21928572,1789543652,2026-09-16T07:27:32Z,NASDAQ:GOOGL
8.62659450130231,8.90843972085429,72.39091464386875,2.8501580108520668,352.3641,51.61225507942174,-1.2621998339963847,344.98,21928572,1789543836,2026-09-16T07:30:36Z,NASDAQ:GOOGL
8.62659450130231,8.90843972085429,72.39091464386875,2.8501580108520668,352.3641,51.61225507942174,-1.2621998339963847,344.98,21928572,1789544015,2026-09-16T07:33:35Z,NASDAQ:GOOGL
8.62659450130231,8.90843972085429,72.39091464386875,2.8501580108520668,352.3641,51.61225507942174,-1.2621998339963847,344.98,21928572,1789544194,2026-09-16T07:36:34Z,NASDAQ:GOOGL
8.62659450130231,8.90843972085429,72.39091464386875,2.8501580108520668,352.3641,51.61225507942174,-1.2621998339963847,344.98,21928572,1789544377,2026-09-16T07:39:37Z,NASDAQ:GOOGL
8.62659450130231,8.90843972085429,72.39091464386875,2.8501580108520668,352.3641,51.61225507942174,-1.2621998339963847,344.98,21928572,1789544553,2026-09-16T07:42:33Z,NASDAQ:GOOGL
8.62659450130231,8.90843972085429,72.39091464386875,2.8501580108520668,352.3641,51.61225507942174,-1.2621998339963847,344.98,21928572,1789544736,2026-09-16T07:45:36Z,NASDAQ:GOOGL
8.62659450130231,8.90843972085429,72.39091464386875,2.8501580108520668,352.3641,51.61225507942174,-1.2621998339963847,344.98,21928572,1789544918,2026-09-16T07:48:38Z,NASDAQ:GOOGL
8.62659450130231,8.90843972085429,72.39091464386875,2.8501580108520668,352.3641,51.61225507942174,-1.2621998339963847,344.98,21928572,1789545099,2026-09-16T07:51:39Z,NASDAQ:GOOGL
8.62659450130231,8.90843972085429,72.39091464386875,2.8501580108520668,352.3641,51.61225507942174,-1.2621998339963847,344.98,21928572,1789545272,2026-09-16T07:54:32Z,NASDAQ:GOOGL
8.62659450130231,8.90843972085429,72.39091464386875,2.8501580108520668,352.3641,51.61225507942174,-1.2621998339963847,344.98,21928572,1789545455,2026-09-16T07:57:35Z,NASDAQ:GOOGL
8.62659450130231,8.90843972085429,72.39091464386875,2.8501580108520668,352.3641,51.61225507942174,-1.2621998339963847,344.98,21928572,1789545636,2026-09-16T08:00:36Z,NASDAQ:GOOGL
8.62659450130231,8.90843972085429,72.39091464386875,2.8501580108520668,352.3641,51.61225507942174,-1.2621998339963847,344.98,21928572,1789545817,2026-09-16T08:03:37Z,NASDAQ:GOOGL
8.62659450130231,8.90843972085429,72.39091464386875,2.8501580108520668,352.3641,51.61225507942174,-1.2621998339963847,344.98,21928572,1789545997,2026-09-16T08:06:37Z,NASDAQ:GOOGL
8.62659450130231,8.90843972085429,72.39091464386875,2.8501580108520668,352.3641,51.61225507942174,-1.2621998339963847,344.98,21928572,1789546175,2026-09-16T08:09:35Z,NASDAQ:GOOGL
8.62659450130231,8.90843972085429,72.39091464386875,2.8501580108520668,352.3641,51.61225507942174,-1.2621998339963847,344.98,21928572,1789546357,2026-09-16T08:12:37Z,NASDAQ:GOOGL
8.62659450130231,8.90843972085429,72.39091464386875,2.8501580108520668,352.3641,51.61225507942174,-1.2621998339963847,344.98,21928572,1789546536,2026-09-16T08:15:36Z,NASDAQ:GOOGL
8.62659450130231,8.90843972085429,72.39091464386875,2.8501580108520668,352.3641,51.61225507942174,-1.2621998339963847,344.98,21928572,1789546717,2026-09-16T08:18:37Z,NASDAQ:GOOGL
8.62659450130231,8.90843972085429,72.39091464386875,2.8501580108520668,352.3641,51.61225507942174,-1.2621998339963847,344.98,21928572,1789546895,2026-09-16T08:21:35Z,NASDAQ:GOOGL
8.62659450130231,8.90843972085429,72.39091464386875,2.8501580108520668,352.3641,51.61225507942174,-1.2621998339963847,344.98,21928572,1789547076,2026-09-16T08:24:36Z,NASDAQ:GOOGL
8.62659450130231,8.90843972085429,72.39091464386875,2.8501580108520668,352.3641,51.61225507942174,-1.2621998339963847,344.98,21928572,1789547257,2026-09-16T08:27:37Z,NASDAQ:GOOGL
8.62659450130231,8.90843972085429,72.39091464386875,2.8501580108520668,352.3641,51.61225507942174,-1.2621998339963847,344.98,21928572,1789547438,2026-09-16T08:30:38Z,NASDAQ:GOOGL
8.62659450130231,8.90843972085429,72.39091464386875,2.8501580108520668,352.3641,51.61225507942174,-1.2621998339963847,344.98,21928572,1789547617,2026-09-16T08:33:37Z,NASDAQ:GOOGL
8.62659450130231,8.90843972085429,72.39091464386875,2.8501580108520668,352.3641,51.61225507942174,-1.2621998339963847,344.98,21928572,1789547796,2026-09-16T08:36:36Z,NASDAQ:GOOGL
8.62659450130231,8.90843972085429,72.39091464386875,2.8501580108520668,352.3641,51.61225507942174,-1.2621998339963847,344.98,21928572,1789547974,2026-09-16T08:39:34Z,NASDAQ:GOOGL
8.62659450130231,8.90843972085429,72.39091464386875,2.8501580108520668,352.3641,51.61225507942174,-1.2621998339963847,344.98,21928572,1789548157,2026-09-16T08:42:37Z,NASDAQ:GOOGL
8.62659450130231,8.90843972085429,72.39091464386875,2.8501580108520668,352.3641,51.61225507942174,-1.2621998339963847,344.98,21928572,1789548335,2026-09-16T08:45:35Z,NASDAQ:GOOGL
8.62659450130231,8.90843972085429,72.39091464386875,2.8501580108520668,352.3641,51.61225507942174,-1.2621998339963847,344.98,21928572,1789548560,2026-09-16T08:49:20Z,NASDAQ:GOOGL
8.62659450130231,8.90843972085429,72.39091464386875,2.8501580108520668,352.3641,51.61225507942174,-1.2621998339963847,344.98,21928572,1789548694,2026-09-16T08:51:34Z,NASDAQ:GOOGL
8.62659450130231,8.90843972085429,72.39091464386875,2.8501580108520668,352.3641,51.61225507942174,-1.2621998339963847,344.98,21928572,1789548876,2026-09-16T08:54:36Z,NASDAQ:GOOGL
8.62659450130231,8.90843972085429,72.39091464386875,2.8501580108520668,352.3641,51.61225507942174,-1.2621998339963847,344.98,21928572,1789549054,2026-09-16T08:57:34Z,NASDAQ:GOOGL
8.62659450130231,8.90843972085429,72.39091464386875,2.8501580108520668,352.3641,51.61225507942174,-1.2621998339963847,344.98,21928572,1789549236,2026-09-16T09:00:36Z,NASDAQ:GOOGL
8.62659450130231,8.90843972085429,72.39091464386875,2.8501580108520668,352.3641,51.61225507942174,-1.2621998339963847,344.98,21928572,1789549417,2026-09-16T09:03:37Z,NASDAQ:GOOGL
8.62659450130231,8.90843972085429,72.39091464386875,2.8501580108520668,352.3641,51.61225507942174,-1.2621998339963847,344.98,21928572,1789549596,2026-09-16T09:06:36Z,NASDAQ:GOOGL
8.62659450130231,8.90843972085429,72.39091464386875,2.8501580108520668,352.3641,51.61225507942174,-1.2621998339963847,344.98,21928572,1789549777,2026-09-16T09:09:37Z,NASDAQ:GOOGL
8.62659450130231,8.90843972085429,72.39091464386875,2.8501580108520668,352.3641,51.61225507942174,-1.2621998339963847,344.98,21928572,1789549954,2026-09-16T09:12:34Z,NASDAQ:GOOGL
8.62659450130231,8.90843972085429,72.39091464386875,2.8501580108520668,352.3641,51.61225507942174,-1.2621998339963847,344.98,21928572,1789550137,2026-09-16T09:15:37Z,NASDAQ:GOOGL
8.62659450130231,8.90843972085429,72.39091464386875,2.8501580108520668,352.3641,51.61225507942174,-1.2621998339963847,344.98,21928572,1789550315,2026-09-16T09:18:35Z,NASDAQ:GOOGL
8.62659450130231,8.90843972085429,72.39091464386875,2.8501580108520668,352.3641,51.61225507942174,-1.2621998339963847,344.98,21928572,1789550498,2026-09-16T09:21:38Z,NASDAQ:GOOGL
8.62659450130231,8.90843972085429,72.39091464386875,2.8501580108520668,352.3641,51.61225507942174,-1.2621998339963847,344.98,21928572,1789550676,2026-09-16T09:24:36Z,NASDAQ:GOOGL
8.62659450130231,8.90843972085429,72.39091464386875,2.8501580108520668,352.3641,51.61225507942174,-1.2621998339963847,344.98,21928572,1789550857,2026-09-16T09:27:37Z,NASDAQ:GOOGL
8.62659450130231,8.90843972085429,72.39091464386875,2.8501580108520668,352.3641,51.61225507942174,-1.2621998339963847,344.98,21928572,1789551035,2026-09-16T09:30:35Z,NASDAQ:GOOGL
8.62659450130231,8.90843972085429,72.39091464386875,2.8501580108520668,352.3641,51.61225507942174,-1.2621998339963847,344.98,21928572,1789551217,2026-09-16T09:33:37Z,NASDAQ:GOOGL
8.62659450130231,8.90843972085429,72.39091464386875,2.8501580108520668,352.3641,51.61225507942174,-1.2621998339963847,344.98,21928572,1789551396,2026-09-16T09:36:36Z,NASDAQ:GOOGL
8.62659450130231,8.90843972085429,72.39091464386875,2.8501580108520668,352.3641,51.61225507942174,-1.2621998339963847,344.98,21928572,1789551577,2026-09-16T09:39:37Z,NASDAQ:GOOGL
8.62659450130231,8.90843972085429,72.39091464386875,2.8501580108520668,352.3641,51.61225507942174,-1.2621998339963847,344.98,21928572,1789551754,2026-09-16T09:42:34Z,NASDAQ:GOOGL
8.62659450130231,8.90843972085429,72.39091464386875,2.8501580108520668,352.3641,51.61225507942174,-1.2621998339963847,344.98,21928572,1789551938,2026-09-16T09:45:38Z,NASDAQ:GOOGL
8.62659450130231,8.90843972085429,72.39091464386875,2.8501580108520668,352.3641,51.61225507942174,-1.2621998339963847,344.98,21928572,1789552119,2026-09-16T09:48:39Z,NASDAQ:GOOGL
8.62659450130231,8.90843972085429,72.39091464386875,2.8501580108520668,352.3641,51.61225507942174,-1.2621998339963847,344.98,21928572,1789552298,2026-09-16T09:51:38Z,NASDAQ:GOOGL
8.62659450130231,8.90843972085429,72.39091464386875,2.8501580108520668,352.3641,51.61225507942174,-1.2621998339963847,344.98,21928572,1789552476,2026-09-16T09:54:36Z,NASDAQ:GOOGL
8.62659450130231,8.90843972085429,72.39091464386875,2.8501580108520668,352.3641,51.61225507942174,-1.2621998339963847,344.98,21928572,1789552655,2026-09-16T09:57:35Z,NASDAQ:GOOGL
8.62659450130231,8.90843972085429,72.39091464386875,2.8501580108520668,352.3641,51.61225507942174,-1.2621998339963847,344.98,21928572,1789552838,2026-09-16T10:00:38Z,NASDAQ:GOOGL
8.62659450130231,8.90843972085429,72.39091464386875,2.8501580108520668,352.3641,51.61225507942174,-1.2621998339963847,344.98,21928572,1789553015,2026-09-16T10:03:35Z,NASDAQ:GOOGL
8.62659450130231,8.90843972085429,72.39091464386875,2.8501580108520668,352.3641,51.61225507942174,-1.2621998339963847,344.98,21928572,1789553196,2026-09-16T10:06:36Z,NASDAQ:GOOGL
8.62659450130231,8.90843972085429,72.39091464386875,2.8501580108520668,352.3641,51.61225507942174,-1.2621998339963847,344.98,21928572,1789553377,2026-09-16T10:09:37Z,NASDAQ:GOOGL
8.62659450130231,8.90843972085429,72.39091464386875,2.8501580108520668,352.3641,51.61225507942174,-1.2621998339963847,344.98,21928572,1789553558,2026-09-16T10:12:38Z,NASDAQ:GOOGL
8.62659450130231,8.90843972085429,72.39091464386875,2.8501580108520668,352.3641,51.61225507942174,-1.2621998339963847,344.98,21928572,1789553737,2026-09-16T10:15:37Z,NASDAQ:GOOGL
8.62659450130231,8.90843972085429,72.39091464386875,2.8501580108520668,352.3641,51.61225507942174,-1.2621998339963847,344.98,21928572,1789553915,2026-09-16T10:18:35Z,NASDAQ:GOOGL
8.62659450130231,8.90843972085429,72.39091464386875,2.8501580108520668,352.3641,51.61225507942174,-1.2621998339963847,344.98,21928572,1789554098,2026-09-16T10:21:38Z,NASDAQ:GOOGL
8.62659450130231,8.90843972085429,72.39091464386875,2.8501580108520668,352.3641,51.61225507942174,-1.2621998339963847,344.98,21928572,1789554273,2026-09-16T10:24:33Z,NASDAQ:GOOGL
8.62659450130231,8.90843972085429,72.39091464386875,2.8501580108520668,352.3641,51.61225507942174,-1.2621998339963847,344.98,21928572,1789554458,2026-09-16T10:27:38Z,NASDAQ:GOOGL
8.62659450130231,8.90843972085429,72.39091464386875,2.8501580108520668,352.3641,51.61225507942174,-1.2621998339963847,344.98,21928572,1789554633,2026-09-16T10:30:33Z,NASDAQ:GOOGL
8.62659450130231,8.90843972085429,72.39091464386875,2.8501580108520668,352.3641,51.61225507942174,-1.2621998339963847,344.98,21928572,1789554813,2026-09-16T10:33:33Z,NASDAQ:GOOGL
8.62659450130231,8.90843972085429,72.39091464386875,2.8501580108520668,352.3641,51.61225507942174,-1.2621998339963847,344.98,21928572,1789554997,2026-09-16T10:36:37Z,NASDAQ:GOOGL
8.62659450130231,8.90843972085429,72.39091464386875,2.8501580108520668,352.3641,51.61225507942174,-1.2621998339963847,344.98,21928572,1789555174,2026-09-16T10:39:34Z,NASDAQ:GOOGL
8.62659450130231,8.90843972085429,72.39091464386875,2.8501580108520668,352.3641,51.61225507942174,-1.2621998339963847,344.98,21928572,1789555356,2026-09-16T10:42:36Z,NASDAQ:GOOGL
8.62659450130231,8.90843972085429,72.39091464386875,2.8501580108520668,352.3641,51.61225507942174,-1.2621998339963847,344.98,21928572,1789555538,2026-09-16T10:45:38Z,NASDAQ:GOOGL
8.62659450130231,8.90843972085429,72.39091464386875,2.8501580108520668,352.3641,51.61225507942174,-1.2621998339963847,344.98,21928572,1789555715,2026-09-16T10:48:35Z,NASDAQ:GOOGL
8.62659450130231,8.90843972085429,72.39091464386875,2.8501580108520668,352.3641,51.61225507942174,-1.2621998339963847,344.98,21928572,1789555897,2026-09-16T10:51:37Z,NASDAQ:GOOGL
8.62659450130231,8.90843972085429,72.39091464386875,2.8501580108520668,352.3641,51.61225507942174,-1.2621998339963847,344.98,21928572,1789556075,2026-09-16T10:54:35Z,NASDAQ:GOOGL
8.62659450130231,8.90843972085429,72.39091464386875,2.8501580108520668,352.3641,51.61225507942174,-1.2621998339963847,344.98,21928572,1789556259,2026-09-16T10:57:39Z,NASDAQ:GOOGL
8.62659450130231,8.90843972085429,72.39091464386875,2.8501580108520668,352.3641,51.61225507942174,-1.2621998339963847,344.98,21928572,1789556437,2026-09-16T11:00:37Z,NASDAQ:GOOGL
8.62659450130231,8.90843972085429,72.39091464386875,2.8501580108520668,352.3641,51.61225507942174,-1.2621998339963847,344.98,21928572,1789556613,2026-09-16T11:03:33Z,NASDAQ:GOOGL
8.62659450130231,8.90843972085429,72.39091464386875,2.8501580108520668,352.3641,51.61225507942174,-1.2621998339963847,344.98,21928572,1789556794,2026-09-16T11:06:34Z,NASDAQ:GOOGL
8.62659450130231,8.90843972085429,72.39091464386875,2.8501580108520668,352.3641,51.61225507942174,-1.2621998339963847,344.98,21928572,1789556976,2026-09-16T11:09:36Z,NASDAQ:GOOGL
8.62659450130231,8.90843972085429,72.39091464386875,2.8501580108520668,352.3641,51.61225507942174,-1.2621998339963847,344.98,21928572,1789557157,2026-09-16T11:12:37Z,NASDAQ:GOOGL
8.62659450130231,8.90843972085429,72.39091464386875,2.8501580108520668,352.3641,51.61225507942174,-1.2621998339963847,344.98,21928572,1789557339,2026-09-16T11:15:39Z,NASDAQ:GOOGL
8.62659450130231,8.90843972085429,72.39091464386875,2.8501580108520668,352.3641,51.61225507942174,-1.2621998339963847,344.98,21928572,1789557512,2026-09-16T11:18:32Z,NASDAQ:GOOGL
8.62659450130231,8.90843972085429,72.39091464386875,2.8501580108520668,352.3641,51.61225507942174,-1.2621998339963847,344.98,21928572,1789557696,2026-09-16T11:21:36Z,NASDAQ:GOOGL
8.62659450130231,8.90843972085429,72.39091464386875,2.8501580108520668,352.3641,51.61225507942174,-1.2621998339963847,344.98,21928572,1789557879,2026-09-16T11:24:39Z,NASDAQ:GOOGL
8.62659450130231,8.90843972085429,72.39091464386875,2.8501580108520668,352.3641,51.61225507942174,-1.2621998339963847,344.98,21928572,1789558056,2026-09-16T11:27:36Z,NASDAQ:GOOGL
8.62659450130231,8.90843972085429,72.39091464386875,2.8501580108520668,352.3641,51.61225507942174,-1.2621998339963847,344.98,21928572,1789558236,2026-09-16T11:30:36Z,NASDAQ:GOOGL
8.62659450130231,8.90843972085429,72.39091464386875,2.8501580108520668,352.3641,51.61225507942174,-1.2621998339963847,344.98,21928572,1789558416,2026-09-16T11:33:36Z,NASDAQ:GOOGL
8.62659450130231,8.90843972085429,72.39091464386875,2.8501580108520668,352.3641,51.61225507942174,-1.2621998339963847,344.98,21928572,1789558596,2026-09-16T11:36:36Z,NASDAQ:GOOGL
8.62659450130231,8.90843972085429,72.39091464386875,2.8501580108520668,352.3641,51.61225507942174,-1.2621998339963847,344.98,21928572,1789558776,2026-09-16T11:39:36Z,NASDAQ:GOOGL
8.62659450130231,8.90843972085429,72.39091464386875,2.8501580108520668,352.3641,51.61225507942174,-1.2621998339963847,344.98,21928572,1789558956,2026-09-16T11:42:36Z,NASDAQ:GOOGL
8.62659450130231,8.90843972085429,72.39091464386875,2.8501580108520668,352.3641,51.61225507942174,-1.2621998339963847,344.98,21928572,1789559139,2026-09-16T11:45:39Z,NASDAQ:GOOGL
8.62659450130231,8.90843972085429,72.39091464386875,2.8501580108520668,352.3641,51.61225507942174,-1.2621998339963847,344.98,21928572,1789559317,2026-09-16T11:48:37Z,NASDAQ:GOOGL
8.62659450130231,8.90843972085429,72.39091464386875,2.8501580108520668,352.3641,51.61225507942174,-1.2621998339963847,344.98,21928572,1789559495,2026-09-16T11:51:35Z,NASDAQ:GOOGL
8.62659450130231,8.90843972085429,72.39091464386875,2.8501580108520668,352.3641,51.61225507942174,-1.2621998339963847,344.98,21928572,1789559678,2026-09-16T11:54:38Z,NASDAQ:GOOGL
8.62659450130231,8.90843972085429,72.39091464386875,2.8501580108520668,352.3641,51.61225507942174,-1.2621998339963847,344.98,21928572,1789559856,2026-09-16T11:57:36Z,NASDAQ:GOOGL
8.62659450130231,8.90843972085429,72.39091464386875,2.8501580108520668,352.3641,51.61225507942174,-1.2621998339963847,344.98,21928572,1789560039,2026-09-16T12:00:39Z,NASDAQ:GOOGL
8.62659450130231,8.90843972085429,72.39091464386875,2.8501580108520668,352.3641,51.61225507942174,-1.2621998339963847,344.98,21928572,1789560215,2026-09-16T12:03:35Z,NASDAQ:GOOGL
8.62659450130231,8.90843972085429,72.39091464386875,2.8501580108520668,352.3641,51.61225507942174,-1.2621998339963847,344.98,21928572,1789560395,2026-09-16T12:06:35Z,NASDAQ:GOOGL
8.62659450130231,8.90843972085429,72.39091464386875,2.8501580108520668,352.3641,51.61225507942174,-1.2621998339963847,344.98,21928572,1789560577,2026-09-16T12:09:37Z,NASDAQ:GOOGL
8.62659450130231,8.90843972085429,72.39091464386875,2.8501580108520668,352.3641,51.61225507942174,-1.2621998339963847,344.98,21928572,1789560753,2026-09-16T12:12:33Z,NASDAQ:GOOGL
8.62659450130231,8.90843972085429,72.39091464386875,2.8501580108520668,352.3641,51.61225507942174,-1.2621998339963847,344.98,21928572,1789560936,2026-09-16T12:15:36Z,NASDAQ:GOOGL
8.62659450130231,8.90843972085429,72.39091464386875,2.8501580108520668,352.3641,51.61225507942174,-1.2621998339963847,344.98,21928572,1789561112,2026-09-16T12:18:32Z,NASDAQ:GOOGL
8.62659450130231,8.90843972085429,72.39091464386875,2.8501580108520668,352.3641,51.61225507942174,-1.2621998339963847,344.98,21928572,1789561297,2026-09-16T12:21:37Z,NASDAQ:GOOGL
8.62659450130231,8.90843972085429,72.39091464386875,2.8501580108520668,352.3641,51.61225507942174,-1.2621998339963847,344.98,21928572,1789561479,2026-09-16T12:24:39Z,NASDAQ:GOOGL
8.62659450130231,8.90843972085429,72.39091464386875,2.8501580108520668,352.3641,51.61225507942174,-1.2621998339963847,344.98,21928572,1789561655,2026-09-16T12:27:35Z,NASDAQ:GOOGL
8.62659450130231,8.90843972085429,72.39091464386875,2.8501580108520668,352.3641,51.61225507942174,-1.2621998339963847,344.98,21928572,1789561838,2026-09-16T12:30:38Z,NASDAQ:GOOGL
8.62659450130231,8.90843972085429,72.39091464386875,2.8501580108520668,352.3641,51.61225507942174,-1.2621998339963847,344.98,21928572,1789562018,2026-09-16T12:33:38Z,NASDAQ:GOOGL
8.62659450130231,8.90843972085429,72.39091464386875,2.8501580108520668,352.3641,51.61225507942174,-1.2621998339963847,344.98,21928572,1789562195,2026-09-16T12:36:35Z,NASDAQ:GOOGL
8.62659450130231,8.90843972085429,72.39091464386875,2.8501580108520668,352.3641,51.61225507942174,-1.2621998339963847,344.98,21928572,1789562377,2026-09-16T12:39:37Z,NASDAQ:GOOGL
8.62659450130231,8.90843972085429,72.39091464386875,2.8501580108520668,352.3641,51.61225507942174,-1.2621998339963847,344.98,21928572,1789562554,2026-09-16T12:42:34Z,NASDAQ:GOOGL
8.62659450130231,8.90843972085429,72.39091464386875,2.8501580108520668,352.3641,51.61225507942174,-1.2621998339963847,344.98,21928572,1789562737,2026-09-16T12:45:37Z,NASDAQ:GOOGL
8.62659450130231,8.90843972085429,72.39091464386875,2.8501580108520668,352.3641,51.61225507942174,-1.2621998339963847,344.98,21928572,1789562917,2026-09-16T12:48:37Z,NASDAQ:GOOGL
8.62659450130231,8.90843972085429,72.39091464386875,2.8501580108520668,352.3641,51.61225507942174,-1.2621998339963847,344.98,21928572,1789563097,2026-09-16T12:51:37Z,NASDAQ:GOOGL
8.62659450130231,8.90843972085429,72.39091464386875,2.8501580108520668,352.3641,51.61225507942174,-1.2621998339963847,344.98,21928572,1789563274,2026-09-16T12:54:34Z,NASDAQ:GOOGL
8.62659450130231,8.90843972085429,72.39091464386875,2.8501580108520668,352.3641,51.61225507942174,-1.2621998339963847,344.98,21928572,1789563455,2026-09-16T12:57:35Z,NASDAQ:GOOGL
8.62659450130231,8.90843972085429,72.39091464386875,2.8501580108520668,352.3641,51.61225507942174,-1.2621998339963847,344.98,21928572,1789563637,2026-09-16T13:00:37Z,NASDAQ:GOOGL
8.62659450130231,8.90843972085429,72.39091464386875,2.8501580108520668,352.3641,51.61225507942174,-1.2621998339963847,344.98,21928572,1789563816,2026-09-16T13:03:36Z,NASDAQ:GOOGL
8.62659450130231,8.90843972085429,72.39091464386875,2.8501580108520668,352.3641,51.61225507942174,-1.2621998339963847,344.98,21928572,1789563995,2026-09-16T13:06:35Z,NASDAQ:GOOGL
8.62659450130231,8.90843972085429,72.39091464386875,2.8501580108520668,352.3641,51.61225507942174,-1.2621998339963847,344.98,21928572,1789564176,2026-09-16T13:09:36Z,NASDAQ:GOOGL
8.62659450130231,8.90843972085429,72.39091464386875,2.8501580108520668,352.3641,51.61225507942174,-1.2621998339963847,344.98,21928572,1789564356,2026-09-16T13:12:36Z,NASDAQ:GOOGL
8.62659450130231,8.90843972085429,72.39091464386875,2.8501580108520668,352.3641,51.61225507942174,-1.2621998339963847,344.98,21928572,1789564537,2026-09-16T13:15:37Z,NASDAQ:GOOGL
8.62659450130231,8.90843972085429,72.39091464386875,2.8501580108520668,352.3641,51.61225507942174,-1.2621998339963847,344.98,21928572,1789564715,2026-09-16T13:18:35Z,NASDAQ:GOOGL
8.62659450130231,8.90843972085429,72.39091464386875,2.8501580108520668,352.3641,51.61225507942174,-1.2621998339963847,344.98,21928572,1789564894,2026-09-16T13:21:34Z,NASDAQ:GOOGL
8.62659450130231,8.90843972085429,72.39091464386875,2.8501580108520668,352.3641,51.61225507942174,-1.2621998339963847,344.98,21928572,1789565076,2026-09-16T13:24:36Z,NASDAQ:GOOGL
8.62659450130231,8.90843972085429,72.39091464386875,2.8501580108520668,352.3641,51.61225507942174,-1.2621998339963847,344.98,21928572,1789565257,2026-09-16T13:27:37Z,NASDAQ:GOOGL
8.62659450130231,8.90843972085429,72.39091464386875,2.8501580108520668,352.3641,51.61225507942174,-1.2621998339963847,344.98,21928572,1789565437,2026-09-16T13:30:37Z,NASDAQ:GOOGL
8.62659450130231,8.90843972085429,72.39091464386875,2.8501580108520668,352.3641,51.61225507942174,-1.2621998339963847,344.98,21928572,1789565620,2026-09-16T13:33:40Z,NASDAQ:GOOGL
8.62659450130231,8.90843972085429,72.39091464386875,2.8501580108520668,352.3641,51.61225507942174,-1.2621998339963847,344.98,21928572,1789565798,2026-09-16T13:36:38Z,NASDAQ:GOOGL
8.62659450130231,8.90843972085429,72.39091464386875,2.8501580108520668,352.3641,51.61225507942174,-1.2621998339963847,344.98,21928572,1789565975,2026-09-16T13:39:35Z,NASDAQ:GOOGL
8.62659450130231,8.90843972085429,72.39091464386875,2.8501580108520668,352.3641,51.61225507942174,-1.2621998339963847,344.98,21928572,1789566157,2026-09-16T13:42:37Z,NASDAQ:GOOGL
9.272863767811666,10.541519760732283,95.3210342023344,4.652495100256297,352.3641,53.152443387745166,0.6087309409241016,347.08,314355,1789566339,2026-09-16T13:45:39Z,NASDAQ:GOOGL
9.307123472002164,10.482948332160788,87.30756529976826,4.271068897934576,352.3641,52.23663506543704,0.242043016986486,345.815,881957,1789566516,2026-09-16T13:48:36Z,NASDAQ:GOOGL
9.307123472002164,10.52437690358937,86.61285233558583,4.227348107945135,352.3641,52.1293685249272,0.3099889848686803,346.0494,1048663,1789566695,2026-09-16T13:51:35Z,NASDAQ:GOOGL
9.307123472002164,9.764376903589325,76.19065573770207,3.9001959897482297,352.3641,51.29504999788736,-0.1144993912690702,344.585,1253365,1789566875,2026-09-16T13:54:35Z,NASDAQ:GOOGL
9.307123472002164,9.18303404644655,74.6992309092729,3.964932911201567,352.3641,51.466979708676,-0.0522638993564975,344.7997,1521601,1789567057,2026-09-16T13:57:37Z,NASDAQ:GOOGL
9.307123472002164,9.275805475017933,73.10892879154902,3.86702849389418,352.3641,51.207407312067325,-0.1463852976984159,344.475,1659711,1789567237,2026-09-16T14:00:37Z,NASDAQ:GOOGL
9.307123472002164,8.79294833216079,81.34002557196682,4.37660183928842,352.3641,52.49358435670041,0.3434981738071779,346.165,1968535,1789567417,2026-09-16T14:03:37Z,NASDAQ:GOOGL
9.307123472002164,8.63866261787507,83.94619978284265,4.5394240916629,352.3641,52.88464194732469,0.5000289871876532,346.705,2141516,1789567598,2026-09-16T14:06:38Z,NASDAQ:GOOGL
9.307123472002164,8.57009118930364,85.10082438442085,4.611789537162677,352.3641,53.0563862963918,0.5695982375789828,346.945,2325096,1789567776,2026-09-16T14:09:36Z,NASDAQ:GOOGL
9.307123472002164,8.674376903589405,83.3439386223968,4.501733755465101,352.3641,52.79469311403275,0.4637950026088369,346.58,2488234,1789567954,2026-09-16T14:12:34Z,NASDAQ:GOOGL
9.307123472002164,8.780091189303675,81.55764536286802,4.390170360319615,352.3641,52.52642025932853,0.3565424082555398,346.21,2614668,1789568134,2026-09-16T14:15:34Z,NASDAQ:GOOGL
9.307123472002164,8.812948332160772,81.00134699375158,4.355495251017654,352.3641,52.44241590345368,0.3232071424430427,346.095,2731292,1789568315,2026-09-16T14:18:35Z,NASDAQ:GOOGL
9.307123472002164,8.75580547501795,81.96848702366546,4.415799788934129,352.3641,52.58831994617729,0.3811815177691454,346.295,2890553,1789568496,2026-09-16T14:21:36Z,NASDAQ:GOOGL
9.307123472002164,8.731519760732226,82.3790439302804,4.4414292175486265,352.3641,52.65005842412361,0.4058206272827344,346.38,2969077,1789568675,2026-09-16T14:24:35Z,NASDAQ:GOOGL
9.307123472002164,9.152948332160804,75.21405523652983,3.9966832504145926,352.3641,51.5517248879971,-0.0217403907473028,344.905,3186254,1789568855,2026-09-16T14:27:35Z,NASDAQ:GOOGL
9.307123472002164,9.3043769035894,72.61829791315392,3.8368762249359336,352.3641,51.12799163023792,-0.1753724853614754,344.375,3317855,1789569038,2026-09-16T14:30:38Z,NASDAQ:GOOGL
9.307123472002164,9.268662617875066,73.23152351800998,3.874566561133733,352.3641,51.2272997956748,-0.1391385007826593,344.5,3427628,1789569218,2026-09-16T14:33:38Z,NASDAQ:GOOGL
9.307123472002164,9.137234046446563,75.48278006738728,4.013266998341626,352.3641,51.59609980079238,-0.0057974375326217,344.96,3526312,1789569396,2026-09-16T14:36:36Z,NASDAQ:GOOGL
9.307123472002164,9.130091189303698,75.60488764966163,4.020805065581197,352.3641,51.61604246024248,0.0014493593831513,344.985,3588811,1789569577,2026-09-16T14:39:37Z,NASDAQ:GOOGL
9.307123472002164,9.0543769035894,76.89769058004907,4.100708578320526,352.3641,51.81592872624831,0.0782654066902376,345.25,3671402,1789569755,2026-09-16T14:42:35Z,NASDAQ:GOOGL
9.307123472002164,9.104376903589356,76.0442677378328,4.047942107643604,352.3641,51.68411407382778,0.0275378282798917,345.075,3750700,1789569940,2026-09-16T14:45:40Z,NASDAQ:GOOGL
9.307123472002164,8.980091189303721,78.16337636300088,4.179104477611944,352.3641,52.010444920704494,0.1536320946141726,345.51,3944646,1789570119,2026-09-16T14:48:39Z,NASDAQ:GOOGL
9.307123472002164,9.048662617875152,76.99514672454836,4.106739032112168,352.3641,51.83094747639727,0.0840628442228429,345.27,4044813,1789570295,2026-09-16T14:51:35Z,NASDAQ:GOOGL
9.307123472002164,9.008662617875077,77.67689295484105,4.148952208653716,352.3641,51.93581714681177,0.1246449069511295,345.41,4122959,1789570475,2026-09-16T14:54:35Z,NASDAQ:GOOGL
9.307123472002164,8.840091189303621,80.54140209749538,4.326850595507319,352.3641,52.37279643987002,0.2956693141631346,346.0,4216766,1789570658,2026-09-16T14:57:38Z,NASDAQ:GOOGL
9.307123472002164,8.840091189303621,80.54140209749538,4.326850595507319,352.3641,52.37279643987002,0.2956693141631346,346.0,4322132,1789570840,2026-09-16T15:00:40Z,NASDAQ:GOOGL
9.307123472002164,8.750091189303703,82.06511425580534,4.421830242725772,352.3641,52.602861126740834,0.3869789553017506,346.315,4481784,1789571017,2026-09-16T15:03:37Z,NASDAQ:GOOGL
9.307123472002164,8.837234046446497,80.58983415337553,4.32986582240314,352.3641,52.380134401697845,0.2985680329294373,346.01,4540878,1789571198,2026-09-16T15:06:38Z,NASDAQ:GOOGL
9.307123472002164,8.834376903589373,80.63826225424901,4.332881049298962,352.3641,52.38747010274253,0.3014667516957399,346.02,4600281,1789571377,2026-09-16T15:09:37Z,NASDAQ:GOOGL
9.307123472002164,8.810091189303648,81.0497414965966,4.358510477913476,352.3641,52.44973242995429,0.3261058612093454,346.105,4666220,1789571555,2026-09-16T15:12:35Z,NASDAQ:GOOGL
9.307123472002164,8.630091189303698,84.09065125052383,4.548469772350381,352.3641,52.9061786832325,0.5087251434865776,346.735,4761222,1789571738,2026-09-16T15:15:38Z,NASDAQ:GOOGL
9.307123472002164,8.731519760732226,82.3790439302804,4.4414292175486265,352.3641,52.65005842412361,0.4058206272827344,346.38,4853334,1789571916,2026-09-16T15:18:36Z,NASDAQ:GOOGL
9.307123472002164,8.728662617875102,82.42732603569745,4.444444444444447,352.3641,52.65731120518256,0.4087193460490371,346.39,4949348,1789572097,2026-09-16T15:21:37Z,NASDAQ:GOOGL
9.307123472002164,8.61294833216084,84.37944835632788,4.566561133725325,352.3641,52.94919314150855,0.52611745608441,346.795,5021183,1789572281,2026-09-16T15:24:41Z,NASDAQ:GOOGL
9.307123472002164,8.574376903589382,85.0287263975024,4.607266696818945,352.3641,53.04568896499353,0.5652501594295288,346.93,5105090,1789572459,2026-09-16T15:27:39Z,NASDAQ:GOOGL
9.307123472002164,8.694376903589387,83.00640437915231,4.480627167194336,352.3641,52.74417158958365,0.4435039712447018,346.51,5163298,1789572638,2026-09-16T15:30:38Z,NASDAQ:GOOGL
9.307123472002164,8.67151976073228,83.39214208607197,4.504748982360923,352.3641,52.80190165758197,0.4666937213751396,346.59,5229248,1789572814,2026-09-16T15:33:34Z,NASDAQ:GOOGL
9.307123472002164,8.754376903589332,81.99264530951379,4.41730740238204,352.3641,52.59195607772038,0.3826308771522966,346.3,5276751,1789572996,2026-09-16T15:36:36Z,NASDAQ:GOOGL
9.307123472002164,8.840091189303621,80.54140209749538,4.326850595507319,352.3641,52.37279643987002,0.2956693141631346,346.0,5307790,1789573177,2026-09-16T15:39:37Z,NASDAQ:GOOGL
9.307123472002164,8.860091189303716,80.20226692535228,4.305744007236553,352.3641,52.321367317262656,0.2753782827989995,345.93,5379109,1789573354,2026-09-16T15:42:34Z,NASDAQ:GOOGL
9.307123472002164,8.778662617875057,81.58182040716103,4.391677973767526,352.3641,52.5300658912174,0.3579917676386911,346.215,5428304,1789573534,2026-09-16T15:45:34Z,NASDAQ:GOOGL
9.307123472002164,8.945805475018005,78.74663122379911,4.215287200361833,352.3641,52.099692915555295,0.1884167198098374,345.63,5486023,1789573714,2026-09-16T15:48:34Z,NASDAQ:GOOGL
9.307123472002164,8.940091189303644,78.84378471583041,4.221317654153475,352.3641,52.11453531788747,0.1942141573424427,345.65,5570892,1789573896,2026-09-16T15:51:36Z,NASDAQ:GOOGL
9.307123472002164,8.907234046446547,79.40210904929009,4.255992763455453,352.3641,52.19970094732916,0.2275494231549562,345.765,5621139,1789574074,2026-09-16T15:54:34Z,NASDAQ:GOOGL
9.307123472002164,8.891519760732194,79.668948232295,4.272576511382487,352.3641,52.24032533830083,0.2434923763696373,345.82,5678267,1789574256,2026-09-16T15:57:36Z,NASDAQ:GOOGL
9.307123472002164,8.830491189303643,80.70411812530585,4.336981757877281,352.3641,52.39744302993608,0.3054090092179141,346.0336,5724541,1789574437,2026-09-16T16:00:37Z,NASDAQ:GOOGL
9.307123472002164,8.846434046446575,80.43386879500687,4.320156791798591,352.3641,52.35649807886485,0.2892341585019374,345.9778,5795118,1789574619,2026-09-16T16:03:39Z,NASDAQ:GOOGL
9.307123472002164,8.888634046446555,79.71793657454586,4.275621890547276,352.3641,52.24777795043364,0.2464200823236122,345.8301,5867779,1789574796,2026-09-16T16:06:36Z,NASDAQ:GOOGL
9.307123472002164,8.848662617875107,80.39608219494785,4.317804914819855,352.3641,52.35076897923176,0.2869731578642266,345.97,5923068,1789574976,2026-09-16T16:09:36Z,NASDAQ:GOOGL
9.307123472002164,8.791519760732285,81.36420949543685,4.3781094527363305,352.3641,52.4972350332651,0.3724853614702209,346.265,6023897,1789575157,2026-09-16T16:12:37Z,NASDAQ:GOOGL
9.307123472002164,8.840091189303621,80.54140209749538,4.326850595507319,352.3641,52.37279643987002,0.2956693141631346,346.0,6078299,1789575336,2026-09-16T16:15:36Z,NASDAQ:GOOGL
9.307123472002164,8.885805475017946,79.7659509265096,4.278606965174129,352.3641,52.25508072919172,0.2492898139022426,345.84,6120517,1789575516,2026-09-16T16:18:36Z,NASDAQ:GOOGL
9.307123472002164,8.977234046446483,78.21200280942732,4.182119704507766,352.3641,52.01789495412584,0.1565308133804752,345.52,6163875,1789575699,2026-09-16T16:21:39Z,NASDAQ:GOOGL
9.307123472002164,8.973976903589346,78.26743210498583,4.185557063169016,352.3641,52.02638517117162,0.1598353527740741,345.5314,6190805,1789575877,2026-09-16T16:24:37Z,NASDAQ:GOOGL
9.307123472002164,8.983348332160858,78.10793736005891,4.175667118950711,352.3641,52.00194906011264,0.1503275552205902,345.4986,6223973,1789576059,2026-09-16T16:27:39Z,NASDAQ:GOOGL
9.307123472002164,8.960091189303625,78.50367794934533,4.20021106588271,352.3641,52.062546624164575,0.1739231259783077,345.58,6283353,1789576237,2026-09-16T16:30:37Z,NASDAQ:GOOGL
9.307123472002164,8.873805475018003,79.96960498739425,4.291270918136599,352.3641,52.28603739223142,0.2614644327207336,345.882,6320674,1789576415,2026-09-16T16:33:35Z,NASDAQ:GOOGL
9.307123472002164,8.93723404644652,78.89235550285004,4.224332881049314,352.3641,52.12195307028476,0.1971128761087619,345.66,6354298,1789576596,2026-09-16T16:36:36Z,NASDAQ:GOOGL
9.307123472002164,8.960091189303625,78.50367794934533,4.20021106588271,352.3641,52.062546624164575,0.1739231259783077,345.58,6399004,1789576776,2026-09-16T16:39:36Z,NASDAQ:GOOGL
9.307123472002164,8.945805475018005,78.74663122379911,4.215287200361833,352.3641,52.099692915555295,0.1884167198098374,345.63,6433798,1789576957,2026-09-16T16:42:37Z,NASDAQ:GOOGL
9.307123472002164,8.968662617875111,78.35785827759287,4.191165385195246,352.3641,52.04023118208109,0.1652269696793997,345.55,6471851,1789577137,2026-09-16T16:45:37Z,NASDAQ:GOOGL
9.307123472002164,8.954376903589377,78.60087118345761,4.20624151967437,352.3641,52.07741205217088,0.1797205635109295,345.6,6553783,1789577317,2026-09-16T16:48:37Z,NASDAQ:GOOGL
9.307123472002164,8.968662617875111,78.35785827759287,4.191165385195246,352.3641,52.04023118208109,0.1652269696793997,345.55,6587860,1789577495,2026-09-16T16:51:35Z,NASDAQ:GOOGL
9.307123472002164,8.997234046446579,77.87153410136979,4.161013116237001,352.3641,51.96569609163835,0.1362397820163402,345.45,6637893,1789577677,2026-09-16T16:54:37Z,NASDAQ:GOOGL
9.307123472002164,9.012948332160818,77.60388609166515,4.144429368309967,352.3641,51.92460295701232,0.1202968288016591,345.395,6683662,1789577855,2026-09-16T16:57:35Z,NASDAQ:GOOGL
9.307123472002164,8.882948332160822,79.81444632848915,4.281622192069968,352.3641,52.26245500614765,0.2521885326685618,345.85,6745509,1789578035,2026-09-16T17:00:35Z,NASDAQ:GOOGL
9.307123472002164,8.915976903589353,79.25359748255595,4.246766169154234,352.3641,52.17706907785778,0.2186793437300642,345.7344,6831998,1789578216,2026-09-16T17:03:36Z,NASDAQ:GOOGL
9.307123472002164,8.962948332160863,78.45507536865995,4.197195838986889,352.3641,52.05511045122007,0.171024407212005,345.57,6879773,1789578395,2026-09-16T17:06:35Z,NASDAQ:GOOGL
9.307123472002164,8.971519760732235,78.30924376623415,4.188150158299425,352.3641,52.0327880837377,0.162328250913097,345.54,6931918,1789578576,2026-09-16T17:09:36Z,NASDAQ:GOOGL
9.307123472002164,9.0115197607322,77.62822270888033,4.1459369817578775,352.3641,51.92834160166931,0.1217461881848104,345.4,6979496,1789578758,2026-09-16T17:12:38Z,NASDAQ:GOOGL
9.307123472002164,8.948034046446537,78.70873705407807,4.212935323383098,352.3641,52.09390188441516,0.1861557191721266,345.6222,7127130,1789578938,2026-09-16T17:15:38Z,NASDAQ:GOOGL
9.307123472002164,9.001519760732208,77.79855113984942,4.156490275893269,352.3641,51.95449584165988,0.1318917038668862,345.435,7252211,1789579116,2026-09-16T17:18:36Z,NASDAQ:GOOGL
9.307123472002164,9.068662617875134,76.65398034917796,4.085632443841403,352.3641,51.77834084499077,0.0637718128587078,345.2,7292041,1789579297,2026-09-16T17:21:37Z,NASDAQ:GOOGL
9.307123472002164,9.081519760732249,76.43455576042761,4.07206392281019,352.3641,51.74446157617204,0.0507275784103294,345.155,7322712,1789579475,2026-09-16T17:24:35Z,NASDAQ:GOOGL
9.307123472002164,9.087234046446495,76.33700774494567,4.0660334690185485,352.3641,51.72938883785615,0.0449301408777241,345.135,7363693,1789579658,2026-09-16T17:27:38Z,NASDAQ:GOOGL
9.307123472002164,9.100091189303726,76.11746623767561,4.052464947987335,352.3641,51.69544072512765,0.0318859064293457,345.09,7385261,1789579838,2026-09-16T17:30:38Z,NASDAQ:GOOGL
9.307123472002164,9.108662617875098,75.97106023651698,4.043419267299872,352.3641,51.6727821094427,0.0231897501304377,345.06,7425821,1789580013,2026-09-16T17:33:33Z,NASDAQ:GOOGL
9.307123472002164,9.075805475018,76.53208778902068,4.07809437660185,352.3641,51.7595249043514,0.0565250159429512,345.175,7468209,1789580196,2026-09-16T17:36:36Z,NASDAQ:GOOGL
9.307123472002164,9.08117690358938,76.4404081329352,4.072425750037701,352.3641,51.74536564114085,0.0510754246622976,345.1562,7509429,1789580376,2026-09-16T17:39:36Z,NASDAQ:GOOGL
9.307123472002164,9.031519760732294,77.28741938785701,4.124830393487112,352.3641,51.87594760403186,0.1014551568206753,345.33,7547318,1789580559,2026-09-16T17:42:39Z,NASDAQ:GOOGL
9.307123472002164,9.0543769035894,76.89769058004907,4.100708578320526,352.3641,51.81592872624831,0.0782654066902376,345.25,7571913,1789580738,2026-09-16T17:45:38Z,NASDAQ:GOOGL
9.307123472002164,9.00580547501795,77.72555921658181,4.151967435549537,352.3641,51.94329036729604,0.1275436257174322,345.42,7620049,1789580918,2026-09-16T17:48:38Z,NASDAQ:GOOGL
9.307123472002164,9.004776903589345,77.74307809556656,4.153052917232036,352.3641,51.94598015780288,0.1285871644733038,345.4236,7668123,1789581098,2026-09-16T17:51:38Z,NASDAQ:GOOGL
9.307123472002164,9.067234046446517,76.67835586508016,4.0871400572893135,352.3641,51.78210227188223,0.0652211722418592,345.205,7699453,1789581275,2026-09-16T17:54:35Z,NASDAQ:GOOGL
9.307123472002164,9.131519760732203,75.58046813599675,4.019297452133285,352.3641,51.61225507942174,0.0,344.98,7747108,1789581454,2026-09-16T17:57:34Z,NASDAQ:GOOGL
9.307123472002164,9.144376903589432,75.36064744562184,4.005728931102073,352.3641,51.57591991920284,-0.0130442344483784,344.935,7774481,1789581639,2026-09-16T18:00:39Z,NASDAQ:GOOGL
9.307123472002164,9.097234046446488,76.16626023757058,4.055480174883174,352.3641,51.70298887612523,0.0347846251956648,345.1,7807236,1789581816,2026-09-16T18:03:36Z,NASDAQ:GOOGL
9.307123472002164,9.181519760732272,74.72515387771517,3.966530981456364,352.3641,51.471238476051695,-0.0507275784103459,344.805,7838021,1789581997,2026-09-16T18:06:37Z,NASDAQ:GOOGL
9.307123472002164,9.182948332160777,74.70069827721596,3.965023368008453,352.3641,51.46722075216356,-0.0521769377934972,344.8,7870956,1789582175,2026-09-16T18:09:35Z,NASDAQ:GOOGL
9.307123472002164,9.19723404644651,74.4560870665635,3.9499472335293295,352.3641,51.42707798392429,-0.066670531625027,344.75,7931058,1789582359,2026-09-16T18:12:39Z,NASDAQ:GOOGL
9.307123472002164,9.071519760732258,76.6052263214293,4.082617216945581,352.3641,51.77081623038368,0.0608730940924052,345.19,7983108,1789582536,2026-09-16T18:15:36Z,NASDAQ:GOOGL
9.307123472002164,8.924376903589405,79.1108748977894,4.237901402080509,352.3641,52.1553045367623,0.2101571105571238,345.705,8100873,1789582714,2026-09-16T18:18:34Z,NASDAQ:GOOGL
9.307123472002164,8.89534833216078,79.6039475562588,4.2685361073420856,352.3641,52.230434123052405,0.2396080932227911,345.8066,8206768,1789582895,2026-09-16T18:21:35Z,NASDAQ:GOOGL
9.307123472002164,8.87466261787506,79.955060586497,4.290366350067855,352.3641,52.28382753335287,0.2605948170908461,345.879,8287067,1789583076,2026-09-16T18:24:36Z,NASDAQ:GOOGL
9.307123472002164,8.920091189303662,79.1836968297091,4.242424242424258,352.3641,52.16641136915579,0.2145051887065943,345.72,8359036,1789583254,2026-09-16T18:27:34Z,NASDAQ:GOOGL
9.307123472002164,8.91151976073229,79.32931390381786,4.2514699231117214,352.3641,52.18860957085205,0.2232013450055023,345.75,8397232,1789583435,2026-09-16T18:30:35Z,NASDAQ:GOOGL
9.307123472002164,8.882948332160822,79.81444632848915,4.281622192069968,352.3641,52.26245500614765,0.2521885326685618,345.85,8453371,1789583616,2026-09-16T18:33:36Z,NASDAQ:GOOGL
9.307123472002164,8.74580547501796,82.13757433649198,4.426353083069503,352.3641,52.613761160040895,0.3913270334512047,346.33,8555785,1789583798,2026-09-16T18:36:38Z,NASDAQ:GOOGL
9.307123472002164,8.762948332160818,81.84768081359991,4.408261721694559,352.3641,52.57013091866387,0.3739347208533722,346.27,8664475,1789583976,2026-09-16T18:39:36Z,NASDAQ:GOOGL
9.307123472002164,8.891519760732194,79.668948232295,4.272576511382487,352.3641,52.24032533830083,0.2434923763696373,345.82,8707677,1789584156,2026-09-16T18:42:36Z,NASDAQ:GOOGL
9.307123472002164,8.905805475017928,79.42637211424923,4.257500376903364,352.3641,52.20339692935509,0.2289987825381075,345.77,8764864,1789584335,2026-09-16T18:45:35Z,NASDAQ:GOOGL
9.307123472002164,9.160091189303673,75.09186750076684,3.98914518317504,352.3641,51.531579695874285,-0.0289871876630595,344.88,8844311,1789584516,2026-09-16T18:48:36Z,NASDAQ:GOOGL
9.307123472002164,9.222948332160854,74.0155337945541,3.9228101914669216,352.3641,51.35497858256789,-0.0927590005217674,344.66,8911758,1789584694,2026-09-16T18:51:34Z,NASDAQ:GOOGL
9.307123472002164,9.308662617875145,72.54466848916871,3.832353384592202,352.3641,51.11610051861496,-0.1797205635109295,344.36,9024466,1789584876,2026-09-16T18:54:36Z,NASDAQ:GOOGL
9.307123472002164,9.01366261787507,77.5917174094714,4.143675561586012,352.3641,51.92273341660302,0.1195721491100834,345.3925,9130198,1789585056,2026-09-16T18:57:36Z,NASDAQ:GOOGL
9.307123472002164,9.002948332160827,77.77422149459096,4.154982662445359,352.3641,51.950761264206335,0.1304423444837349,345.43,9223886,1789585236,2026-09-16T19:00:36Z,NASDAQ:GOOGL
9.307123472002164,9.167234046446538,74.96965470085296,3.981607115935487,352.3641,51.511450242128426,-0.0362339845788161,344.855,9327299,1789585418,2026-09-16T19:03:38Z,NASDAQ:GOOGL
9.307123472002164,9.365805475017964,71.56207442759623,3.772048846675727,352.3641,50.958079262733904,-0.237694938837032,344.16,9393731,1789585597,2026-09-16T19:06:37Z,NASDAQ:GOOGL
9.307123472002164,9.297234046446532,67.41745969489727,3.5911352329262853,352.3641,50.48982374578871,-0.4116180648153562,343.56,9495989,1789585778,2026-09-16T19:09:38Z,NASDAQ:GOOGL
9.307123472002164,8.898662617875118,61.82139449997483,3.420774913312236,352.3641,50.05668292275378,-0.5753956751116046,342.995,9583321,1789585954,2026-09-16T19:12:34Z,NASDAQ:GOOGL
9.307123472002164,8.495805475018017,56.920881111211685,3.286597316448073,352.3641,49.72073315142256,-0.7043886602121882,342.55,9731437,1789586135,2026-09-16T19:15:35Z,NASDAQ:GOOGL
9.307123472002164,8.452948332160815,57.67963041141721,3.331825719885425,352.3641,49.83346967980667,-0.6609078787176154,342.7,9876783,1789586317,2026-09-16T19:18:37Z,NASDAQ:GOOGL
9.307123472002164,8.33726261787507,59.71828356322348,3.4539122568973344,352.3641,50.14035140303955,-0.5435387558699146,343.1049,9963114,1789586496,2026-09-16T19:21:36Z,NASDAQ:GOOGL
9.307123472002164,8.472948332160797,57.32565353161839,3.31071913161466,352.3641,49.78079574660854,-0.6811989100817505,342.63,10165645,1789586678,2026-09-16T19:24:38Z,NASDAQ:GOOGL
9.140307162815944,8.070848332160779,50.242700780272806,3.078335594753518,352.3641,49.20813313381061,-0.9046031654008926,341.8593,10383896,1789586854,2026-09-16T19:27:34Z,NASDAQ:GOOGL
9.07607556406539,7.714091189303645,46.31607785817309,2.9823609226594363,352.3641,48.97544903679543,-0.9968693837323964,341.541,10517823,1789587035,2026-09-16T19:30:35Z,NASDAQ:GOOGL
9.034998841891085,7.5286626178751135,42.93522401370976,2.8720036182722857,352.3641,48.71060039964092,-1.102962490579166,341.175,10638166,1789587217,2026-09-16T19:33:37Z,NASDAQ:GOOGL
9.002711918437607,7.36009118930366,40.63223226105098,2.807176240012062,352.3641,48.55635126545101,-1.165284944054739,340.96,10767949,1789587398,2026-09-16T19:36:38Z,NASDAQ:GOOGL
9.002711918437607,7.345805475017926,40.891382980251926,2.822252374491185,352.3641,48.59213591645939,-1.1507913502232092,341.01,10930732,1789587575,2026-09-16T19:39:35Z,NASDAQ:GOOGL
8.985967693767547,7.291519760732228,39.075261453287645,2.752902155887229,352.3641,48.42796177110117,-1.217461881848236,340.78,11047820,1789587755,2026-09-16T19:42:35Z,NASDAQ:GOOGL
8.976232022413972,7.064376903589391,41.56471515540624,2.918739635157548,352.3641,48.82241259259088,-1.058032349701442,341.33,11178065,1789587937,2026-09-16T19:45:37Z,NASDAQ:GOOGL
8.976232022413972,6.910091189303671,44.35454519014692,3.0815618875320454,352.3641,49.21599347994502,-0.90150153632095,341.87,11303861,1789588113,2026-09-16T19:48:33Z,NASDAQ:GOOGL
8.976232022413972,6.807234046446524,46.208108907143725,3.19011005578171,352.3641,49.48192516967649,-0.7971476607339555,342.23,11410792,1789588294,2026-09-16T19:51:34Z,NASDAQ:GOOGL
8.976232022413972,6.774376903589314,46.79915759849207,3.224785165083688,352.3641,49.56748226589025,-0.763812394921442,342.345,11515634,1789588475,2026-09-16T19:54:35Z,NASDAQ:GOOGL
8.976232022413972,6.77151976073219,46.85052888067104,3.227800391979509,352.3641,49.57493599782835,-0.7609136761551394,342.355,11672219,1789588655,2026-09-16T19:57:35Z,NASDAQ:GOOGL
8.976232022413972,6.692948332160768,48.26172057145586,3.31071913161466,352.3641,49.78079574660854,-0.6811989100817505,342.63,11760281,1789588835,2026-09-16T20:00:35Z,NASDAQ:GOOGL
8.976232022413972,6.5486626178750384,50.84557229244602,3.462988089853766,352.3641,50.163315789793664,-0.5348136123833345,343.135,11909916,1789589016,2026-09-16T20:03:36Z,NASDAQ:GOOGL
8.976232022413972,6.461519760732244,52.40136334547087,3.554952510176397,352.3641,50.39720342381722,-0.446402690011021,343.44,12134926,1789589195,2026-09-16T20:06:35Z,NASDAQ:GOOGL
8.976232022413972,6.395805475017937,53.57222468882576,3.6243027287803526,352.3641,50.57502527628426,-0.379732158385994,343.67,12370573,1789589377,2026-09-16T20:09:37Z,NASDAQ:GOOGL
8.976232022413972,6.604376903589355,49.84901257359586,3.404191165385201,352.3641,50.014915368756704,-0.5913386283262857,342.94,12873555,1789589555,2026-09-16T20:12:35Z,NASDAQ:GOOGL
8.976232022413972,6.6243769035893365,49.49091595045243,3.3830845771144364,352.3641,49.96185736558453,-0.6116296596904208,342.87,17781353,1789589736,2026-09-16T20:15:36Z,NASDAQ:GOOGL
8.976232022413972,6.6243769035893365,49.49091595045243,3.3830845771144364,352.3641,49.96185736558453,-0.6116296596904208,342.87,17946874,1789589916,2026-09-16T20:18:36Z,NASDAQ:GOOGL
8.976232022413972,6.6243769035893365,49.49091595045243,3.3830845771144364,352.3641,49.96185736558453,-0.6116296596904208,342.87,18036718,1789590096,2026-09-16T20:21:36Z,NASDAQ:GOOGL
8.976232022413972,6.6243769035893365,49.49091595045243,3.3830845771144364,352.3641,49.96185736558453,-0.6116296596904208,342.87,18343708,1789590276,2026-09-16T20:24:36Z,NASDAQ:GOOGL
8.976232022413972,6.6243769035893365,49.49091595045243,3.3830845771144364,352.3641,49.96185736558453,-0.6116296596904208,342.87,18346619,1789590455,2026-09-16T20:27:35Z,NASDAQ:GOOGL
8.976232022413972,6.6243769035893365,49.49091595045243,3.3830845771144364,352.3641,49.96185736558453,-0.6116296596904208,342.87,18353087,1789590635,2026-09-16T20:30:35Z,NASDAQ:GOOGL
8.976232022413972,6.6243769035893365,49.49091595045243,3.3830845771144364,352.3641,49.96185736558453,-0.6116296596904208,342.87,18356413,1789590816,2026-09-16T20:33:36Z,NASDAQ:GOOGL
8.976232022413972,6.6243769035893365,49.49091595045243,3.3830845771144364,352.3641,49.96185736558453,-0.6116296596904208,342.87,18358468,1789590995,2026-09-16T20:36:35Z,NASDAQ:GOOGL
8.976232022413972,6.6243769035893365,49.49091595045243,3.3830845771144364,352.3641,49.96185736558453,-0.6116296596904208,342.87,18360941,1789591178,2026-09-16T20:39:38Z,NASDAQ:GOOGL
8.976232022413972,6.6243769035893365,49.49091595045243,3.3830845771144364,352.3641,49.96185736558453,-0.6116296596904208,342.87,18363353,1789591356,2026-09-16T20:42:36Z,NASDAQ:GOOGL
8.976232022413972,6.6243769035893365,49.49091595045243,3.3830845771144364,352.3641,49.96185736558453,-0.6116296596904208,342.87,18364187,1789591537,2026-09-16T20:45:37Z,NASDAQ:GOOGL
8.976232022413972,6.6243769035893365,49.49091595045243,3.3830845771144364,352.3641,49.96185736558453,-0.6116296596904208,342.87,18364495,1789591713,2026-09-16T20:48:33Z,NASDAQ:GOOGL
8.976232022413972,6.6243769035893365,49.49091595045243,3.3830845771144364,352.3641,49.96185736558453,-0.6116296596904208,342.87,18365072,1789591896,2026-09-16T20:51:36Z,NASDAQ:GOOGL
8.976232022413972,6.6243769035893365,49.49091595045243,3.3830845771144364,352.3641,49.96185736558453,-0.6116296596904208,342.87,18365569,1789592076,2026-09-16T20:54:36Z,NASDAQ:GOOGL
8.976232022413972,6.6243769035893365,49.49091595045243,3.3830845771144364,352.3641,49.96185736558453,-0.6116296596904208,342.87,18366875,1789592254,2026-09-16T20:57:34Z,NASDAQ:GOOGL
8.976232022413972,6.6243769035893365,49.49091595045243,3.3830845771144364,352.3641,49.96185736558453,-0.6116296596904208,342.87,18368153,1789592437,2026-09-16T21:00:37Z,NASDAQ:GOOGL
8.976232022413972,6.6243769035893365,49.49091595045243,3.3830845771144364,352.3641,49.96185736558453,-0.6116296596904208,342.87,18368537,1789592616,2026-09-16T21:03:36Z,NASDAQ:GOOGL
8.976232022413972,6.6243769035893365,49.49091595045243,3.3830845771144364,352.3641,49.96185736558453,-0.6116296596904208,342.87,18369105,1789592798,2026-09-16T21:06:38Z,NASDAQ:GOOGL
8.976232022413972,6.6243769035893365,49.49091595045243,3.3830845771144364,352.3641,49.96185736558453,-0.6116296596904208,342.87,18369445,1789592975,2026-09-16T21:09:35Z,NASDAQ:GOOGL
8.976232022413972,6.6243769035893365,49.49091595045243,3.3830845771144364,352.3641,49.96185736558453,-0.6116296596904208,342.87,18370144,1789593157,2026-09-16T21:12:37Z,NASDAQ:GOOGL
8.976232022413972,6.6243769035893365,49.49091595045243,3.3830845771144364,352.3641,49.96185736558453,-0.6116296596904208,342.87,18831605,1789593336,2026-09-16T21:15:36Z,NASDAQ:GOOGL
8.976232022413972,6.6243769035893365,49.49091595045243,3.3830845771144364,352.3641,49.96185736558453,-0.6116296596904208,342.87,18831919,1789593519,2026-09-16T21:18:39Z,NASDAQ:GOOGL
8.976232022413972,6.6243769035893365,49.49091595045243,3.3830845771144364,352.3641,49.96185736558453,-0.6116296596904208,342.87,18832661,1789593694,2026-09-16T21:21:34Z,NASDAQ:GOOGL
8.976232022413972,6.6243769035893365,49.49091595045243,3.3830845771144364,352.3641,49.96185736558453,-0.6116296596904208,342.87,18833294,1789593877,2026-09-16T21:24:37Z,NASDAQ:GOOGL
8.976232022413972,6.6243769035893365,49.49091595045243,3.3830845771144364,352.3641,49.96185736558453,-0.6116296596904208,342.87,18836493,1789594056,2026-09-16T21:27:36Z,NASDAQ:GOOGL
8.976232022413972,6.6243769035893365,49.49091595045243,3.3830845771144364,352.3641,49.96185736558453,-0.6116296596904208,342.87,18837316,1789594236,2026-09-16T21:30:36Z,NASDAQ:GOOGL
8.976232022413972,6.6243769035893365,49.49091595045243,3.3830845771144364,352.3641,49.96185736558453,-0.6116296596904208,342.87,18838611,1789594415,2026-09-16T21:33:35Z,NASDAQ:GOOGL
8.976232022413972,6.6243769035893365,49.49091595045243,3.3830845771144364,352.3641,49.96185736558453,-0.6116296596904208,342.87,18838622,1789594596,2026-09-16T21:36:36Z,NASDAQ:GOOGL
8.976232022413972,6.6243769035893365,49.49091595045243,3.3830845771144364,352.3641,49.96185736558453,-0.6116296596904208,342.87,18839663,1789594777,2026-09-16T21:39:37Z,NASDAQ:GOOGL
8.976232022413972,6.6243769035893365,49.49091595045243,3.3830845771144364,352.3641,49.96185736558453,-0.6116296596904208,342.87,18840043,1789594955,2026-09-16T21:42:35Z,NASDAQ:GOOGL
8.976232022413972,6.6243769035893365,49.49091595045243,3.3830845771144364,352.3641,49.96185736558453,-0.6116296596904208,342.87,18840105,1789595136,2026-09-16T21:45:36Z,NASDAQ:GOOGL
8.976232022413972,6.6243769035893365,49.49091595045243,3.3830845771144364,352.3641,49.96185736558453,-0.6116296596904208,342.87,18840381,1789595317,2026-09-16T21:48:37Z,NASDAQ:GOOGL
8.976232022413972,6.6243769035893365,49.49091595045243,3.3830845771144364,352.3641,49.96185736558453,-0.6116296596904208,342.87,18840450,1789595496,2026-09-16T21:51:36Z,NASDAQ:GOOGL
8.976232022413972,6.6243769035893365,49.49091595045243,3.3830845771144364,352.3641,49.96185736558453,-0.6116296596904208,342.87,18841131,1789595675,2026-09-16T21:54:35Z,NASDAQ:GOOGL
8.976232022413972,6.6243769035893365,49.49091595045243,3.3830845771144364,352.3641,49.96185736558453,-0.6116296596904208,342.87,18841713,1789595854,2026-09-16T21:57:34Z,NASDAQ:GOOGL
8.976232022413972,6.6243769035893365,49.49091595045243,3.3830845771144364,352.3641,49.96185736558453,-0.6116296596904208,342.87,18842148,1789596034,2026-09-16T22:00:34Z,NASDAQ:GOOGL
8.976232022413972,6.6243769035893365,49.49091595045243,3.3830845771144364,352.3641,49.96185736558453,-0.6116296596904208,342.87,18842299,1789596218,2026-09-16T22:03:38Z,NASDAQ:GOOGL
8.976232022413972,6.6243769035893365,49.49091595045243,3.3830845771144364,352.3641,49.96185736558453,-0.6116296596904208,342.87,18843134,1789596397,2026-09-16T22:06:37Z,NASDAQ:GOOGL
8.976232022413972,6.6243769035893365,49.49091595045243,3.3830845771144364,352.3641,49.96185736558453,-0.6116296596904208,342.87,18843467,1789596575,2026-09-16T22:09:35Z,NASDAQ:GOOGL
8.976232022413972,6.6243769035893365,49.49091595045243,3.3830845771144364,352.3641,49.96185736558453,-0.6116296596904208,342.87,18851548,1789596757,2026-09-16T22:12:37Z,NASDAQ:GOOGL
8.976232022413972,6.6243769035893365,49.49091595045243,3.3830845771144364,352.3641,49.96185736558453,-0.6116296596904208,342.87,18853702,1789596936,2026-09-16T22:15:36Z,NASDAQ:GOOGL
8.976232022413972,6.6243769035893365,49.49091595045243,3.3830845771144364,352.3641,49.96185736558453,-0.6116296596904208,342.87,18854846,1789597117,2026-09-16T22:18:37Z,NASDAQ:GOOGL
8.976232022413972,6.6243769035893365,49.49091595045243,3.3830845771144364,352.3641,49.96185736558453,-0.6116296596904208,342.87,18855605,1789597296,2026-09-16T22:21:36Z,NASDAQ:GOOGL
8.976232022413972,6.6243769035893365,49.49091595045243,3.3830845771144364,352.3641,49.96185736558453,-0.6116296596904208,342.87,18856048,1789597474,2026-09-16T22:24:34Z,NASDAQ:GOOGL
8.976232022413972,6.6243769035893365,49.49091595045243,3.3830845771144364,352.3641,49.96185736558453,-0.6116296596904208,342.87,18859651,1789597657,2026-09-16T22:27:37Z,NASDAQ:GOOGL
8.976232022413972,6.6243769035893365,49.49091595045243,3.3830845771144364,352.3641,49.96185736558453,-0.6116296596904208,342.87,18860371,1789597835,2026-09-16T22:30:35Z,NASDAQ:GOOGL
8.976232022413972,6.6243769035893365,49.49091595045243,3.3830845771144364,352.3641,49.96185736558453,-0.6116296596904208,342.87,18861368,1789598017,2026-09-16T22:33:37Z,NASDAQ:GOOGL
8.976232022413972,6.6243769035893365,49.49091595045243,3.3830845771144364,352.3641,49.96185736558453,-0.6116296596904208,342.87,18861620,1789598199,2026-09-16T22:36:39Z,NASDAQ:GOOGL
8.976232022413972,6.6243769035893365,49.49091595045243,3.3830845771144364,352.3641,49.96185736558453,-0.6116296596904208,342.87,18865259,1789598371,2026-09-16T22:39:31Z,NASDAQ:GOOGL
8.976232022413972,6.6243769035893365,49.49091595045243,3.3830845771144364,352.3641,49.96185736558453,-0.6116296596904208,342.87,18866067,1789598557,2026-09-16T22:42:37Z,NASDAQ:GOOGL
8.976232022413972,6.6243769035893365,49.49091595045243,3.3830845771144364,352.3641,49.96185736558453,-0.6116296596904208,342.87,18866589,1789598735,2026-09-16T22:45:35Z,NASDAQ:GOOGL
8.976232022413972,6.6243769035893365,49.49091595045243,3.3830845771144364,352.3641,49.96185736558453,-0.6116296596904208,342.87,18867156,1789598915,2026-09-16T22:48:35Z,NASDAQ:GOOGL
8.976232022413972,6.6243769035893365,49.49091595045243,3.3830845771144364,352.3641,49.96185736558453,-0.6116296596904208,342.87,18877910,1789599097,2026-09-16T22:51:37Z,NASDAQ:GOOGL
8.976232022413972,6.6243769035893365,49.49091595045243,3.3830845771144364,352.3641,49.96185736558453,-0.6116296596904208,342.87,18878903,1789599278,2026-09-16T22:54:38Z,NASDAQ:GOOGL
8.976232022413972,6.6243769035893365,49.49091595045243,3.3830845771144364,352.3641,49.96185736558453,-0.6116296596904208,342.87,18880010,1789599456,2026-09-16T22:57:36Z,NASDAQ:GOOGL
8.976232022413972,6.6243769035893365,49.49091595045243,3.3830845771144364,352.3641,49.96185736558453,-0.6116296596904208,342.87,18881742,1789599632,2026-09-16T23:00:32Z,NASDAQ:GOOGL
8.976232022413972,6.6243769035893365,49.49091595045243,3.3830845771144364,352.3641,49.96185736558453,-0.6116296596904208,342.87,18883145,1789599816,2026-09-16T23:03:36Z,NASDAQ:GOOGL
8.976232022413972,6.6243769035893365,49.49091595045243,3.3830845771144364,352.3641,49.96185736558453,-0.6116296596904208,342.87,18887627,1789599998,2026-09-16T23:06:38Z,NASDAQ:GOOGL
8.976232022413972,6.6243769035893365,49.49091595045243,3.3830845771144364,352.3641,49.96185736558453,-0.6116296596904208,342.87,18888091,1789600176,2026-09-16T23:09:36Z,NASDAQ:GOOGL
8.976232022413972,6.6243769035893365,49.49091595045243,3.3830845771144364,352.3641,49.96185736558453,-0.6116296596904208,342.87,18890819,1789600356,2026-09-16T23:12:36Z,NASDAQ:GOOGL
8.976232022413972,6.6243769035893365,49.49091595045243,3.3830845771144364,352.3641,49.96185736558453,-0.6116296596904208,342.87,18891496,1789600535,2026-09-16T23:15:35Z,NASDAQ:GOOGL
8.976232022413972,6.6243769035893365,49.49091595045243,3.3830845771144364,352.3641,49.96185736558453,-0.6116296596904208,342.87,18893992,1789600715,2026-09-16T23:18:35Z,NASDAQ:GOOGL
8.976232022413972,6.6243769035893365,49.49091595045243,3.3830845771144364,352.3641,49.96185736558453,-0.6116296596904208,342.87,18898014,1789600898,2026-09-16T23:21:38Z,NASDAQ:GOOGL
8.976232022413972,6.6243769035893365,49.49091595045243,3.3830845771144364,352.3641,49.96185736558453,-0.6116296596904208,342.87,18901267,1789601075,2026-09-16T23:24:35Z,NASDAQ:GOOGL
8.976232022413972,6.6243769035893365,49.49091595045243,3.3830845771144364,352.3641,49.96185736558453,-0.6116296596904208,342.87,18901598,1789601256,2026-09-16T23:27:36Z,NASDAQ:GOOGL
8.976232022413972,6.6243769035893365,49.49091595045243,3.3830845771144364,352.3641,49.96185736558453,-0.6116296596904208,342.87,18902419,1789601433,2026-09-16T23:30:33Z,NASDAQ:GOOGL
8.976232022413972,6.6243769035893365,49.49091595045243,3.3830845771144364,352.3641,49.96185736558453,-0.6116296596904208,342.87,18903104,1789601613,2026-09-16T23:33:33Z,NASDAQ:GOOGL
8.976232022413972,6.6243769035893365,49.49091595045243,3.3830845771144364,352.3641,49.96185736558453,-0.6116296596904208,342.87,18906816,1789601793,2026-09-16T23:36:33Z,NASDAQ:GOOGL
8.976232022413972,6.6243769035893365,49.49091595045243,3.3830845771144364,352.3641,49.96185736558453,-0.6116296596904208,342.87,18907569,1789601976,2026-09-16T23:39:36Z,NASDAQ:GOOGL
8.976232022413972,6.6243769035893365,49.49091595045243,3.3830845771144364,352.3641,49.96185736558453,-0.6116296596904208,342.87,18908876,1789602154,2026-09-16T23:42:34Z,NASDAQ:GOOGL
8.976232022413972,6.6243769035893365,49.49091595045243,3.3830845771144364,352.3641,49.96185736558453,-0.6116296596904208,342.87,18911162,1789602336,2026-09-16T23:45:36Z,NASDAQ:GOOGL
8.976232022413972,6.6243769035893365,49.49091595045243,3.3830845771144364,352.3641,49.96185736558453,-0.6116296596904208,342.87,18912696,1789602519,2026-09-16T23:48:39Z,NASDAQ:GOOGL
8.976232022413972,6.6243769035893365,49.49091595045243,3.3830845771144364,352.3641,49.96185736558453,-0.6116296596904208,342.87,18913553,1789602696,2026-09-16T23:51:36Z,NASDAQ:GOOGL
8.976232022413972,6.6243769035893365,49.49091595045243,3.3830845771144364,352.3641,49.96185736558453,-0.6116296596904208,342.87,18914000,1789602877,2026-09-16T23:54:37Z,NASDAQ:GOOGL
8.976232022413972,6.6243769035893365,49.49091595045243,3.3830845771144364,352.3641,49.96185736558453,-0.6116296596904208,342.87,18917176,1789603053,2026-09-16T23:57:33Z,NASDAQ:GOOGL
8.976232022413972,6.6243769035893365,49.49091595045243,3.3830845771144364,352.3641,49.96185736558453,-0.6116296596904208,342.87,18918336,1789603237,2026-09-17T00:00:37Z,NASDAQ:GOOGL
8.976232022413972,6.6243769035893365,49.49091595045243,3.3830845771144364,352.3641,49.96185736558453,-0.6116296596904208,342.87,18924428,1789603414,2026-09-17T00:03:34Z,NASDAQ:GOOGL
8.976232022413972,6.6243769035893365,49.49091595045243,3.3830845771144364,352.3641,49.96185736558453,-0.6116296596904208,342.87,18925326,1789603598,2026-09-17T00:06:38Z,NASDAQ:GOOGL
8.976232022413972,6.6243769035893365,49.49091595045243,3.3830845771144364,352.3641,49.96185736558453,-0.6116296596904208,342.87,18927116,1789603772,2026-09-17T00:09:32Z,NASDAQ:GOOGL
8.976232022413972,6.6243769035893365,49.49091595045243,3.3830845771144364,352.3641,49.96185736558453,-0.6116296596904208,342.87,18927838,1789603955,2026-09-17T00:12:35Z,NASDAQ:GOOGL
8.976232022413972,6.6243769035893365,49.49091595045243,3.3830845771144364,352.3641,49.96185736558453,-0.6116296596904208,342.87,18928830,1789604134,2026-09-17T00:15:34Z,NASDAQ:GOOGL
8.976232022413972,6.6243769035893365,49.49091595045243,3.3830845771144364,352.3641,49.96185736558453,-0.6116296596904208,342.87,18928830,1789604314,2026-09-17T00:18:34Z,NASDAQ:GOOGL
8.976232022413972,6.6243769035893365,49.49091595045243,3.3830845771144364,352.3641,49.96185736558453,-0.6116296596904208,342.87,18928830,1789604496,2026-09-17T00:21:36Z,NASDAQ:GOOGL
8.976232022413972,6.6243769035893365,49.49091595045243,3.3830845771144364,352.3641,49.96185736558453,-0.6116296596904208,342.87,18928830,1789604674,2026-09-17T00:24:34Z,NASDAQ:GOOGL
8.976232022413972,6.6243769035893365,49.49091595045243,3.3830845771144364,352.3641,49.96185736558453,-0.6116296596904208,342.87,18928830,1789604856,2026-09-17T00:27:36Z,NASDAQ:GOOGL
8.976232022413972,6.6243769035893365,49.49091595045243,3.3830845771144364,352.3641,49.96185736558453,-0.6116296596904208,342.87,18928830,1789605034,2026-09-17T00:30:34Z,NASDAQ:GOOGL
8.976232022413972,6.6243769035893365,49.49091595045243,3.3830845771144364,352.3641,49.96185736558453,-0.6116296596904208,342.87,18928830,1789605219,2026-09-17T00:33:39Z,NASDAQ:GOOGL
8.976232022413972,6.6243769035893365,49.49091595045243,3.3830845771144364,352.3641,49.96185736558453,-0.6116296596904208,342.87,18928830,1789605397,2026-09-17T00:36:37Z,NASDAQ:GOOGL
8.976232022413972,6.6243769035893365,49.49091595045243,3.3830845771144364,352.3641,49.96185736558453,-0.6116296596904208,342.87,18928830,1789605578,2026-09-17T00:39:38Z,NASDAQ:GOOGL
8.976232022413972,6.6243769035893365,49.49091595045243,3.3830845771144364,352.3641,49.96185736558453,-0.6116296596904208,342.87,18928830,1789605755,2026-09-17T00:42:35Z,NASDAQ:GOOGL
8.976232022413972,6.6243769035893365,49.49091595045243,3.3830845771144364,352.3641,49.96185736558453,-0.6116296596904208,342.87,18928830,1789605934,2026-09-17T00:45:34Z,NASDAQ:GOOGL
8.976232022413972,6.6243769035893365,49.49091595045243,3.3830845771144364,352.3641,49.96185736558453,-0.6116296596904208,342.87,18928830,1789606118,2026-09-17T00:48:38Z,NASDAQ:GOOGL
8.976232022413972,6.6243769035893365,49.49091595045243,3.3830845771144364,352.3641,49.96185736558453,-0.6116296596904208,342.87,18928830,1789606297,2026-09-17T00:51:37Z,NASDAQ:GOOGL
8.976232022413972,6.6243769035893365,49.49091595045243,3.3830845771144364,352.3641,49.96185736558453,-0.6116296596904208,342.87,18928830,1789606474,2026-09-17T00:54:34Z,NASDAQ:GOOGL
8.976232022413972,6.6243769035893365,49.49091595045243,3.3830845771144364,352.3641,49.96185736558453,-0.6116296596904208,342.87,18928830,1789606654,2026-09-17T00:57:34Z,NASDAQ:GOOGL
8.976232022413972,6.6243769035893365,49.49091595045243,3.3830845771144364,352.3641,49.96185736558453,-0.6116296596904208,342.87,18928830,1789606836,2026-09-17T01:00:36Z,NASDAQ:GOOGL
8.976232022413972,6.6243769035893365,49.49091595045243,3.3830845771144364,352.3641,49.96185736558453,-0.6116296596904208,342.87,18928830,1789607018,2026-09-17T01:03:38Z,NASDAQ:GOOGL
8.976232022413972,6.6243769035893365,49.49091595045243,3.3830845771144364,352.3641,49.96185736558453,-0.6116296596904208,342.87,18928830,1789607195,2026-09-17T01:06:35Z,NASDAQ:GOOGL
8.976232022413972,6.6243769035893365,49.49091595045243,3.3830845771144364,352.3641,49.96185736558453,-0.6116296596904208,342.87,18928830,1789607376,2026-09-17T01:09:36Z,NASDAQ:GOOGL
8.976232022413972,6.6243769035893365,49.49091595045243,3.3830845771144364,352.3641,49.96185736558453,-0.6116296596904208,342.87,18928830,1789607556,2026-09-17T01:12:36Z,NASDAQ:GOOGL
8.976232022413972,6.6243769035893365,49.49091595045243,3.3830845771144364,352.3641,49.96185736558453,-0.6116296596904208,342.87,18928830,1789607740,2026-09-17T01:15:40Z,NASDAQ:GOOGL
8.976232022413972,6.6243769035893365,49.49091595045243,3.3830845771144364,352.3641,49.96185736558453,-0.6116296596904208,342.87,18928830,1789607915,2026-09-17T01:18:35Z,NASDAQ:GOOGL
8.976232022413972,6.6243769035893365,49.49091595045243,3.3830845771144364,352.3641,49.96185736558453,-0.6116296596904208,342.87,18928830,1789608096,2026-09-17T01:21:36Z,NASDAQ:GOOGL
8.976232022413972,6.6243769035893365,49.49091595045243,3.3830845771144364,352.3641,49.96185736558453,-0.6116296596904208,342.87,18928830,1789608281,2026-09-17T01:24:41Z,NASDAQ:GOOGL
8.976232022413972,6.6243769035893365,49.49091595045243,3.3830845771144364,352.3641,49.96185736558453,-0.6116296596904208,342.87,18928830,1789608454,2026-09-17T01:27:34Z,NASDAQ:GOOGL
8.976232022413972,6.6243769035893365,49.49091595045243,3.3830845771144364,352.3641,49.96185736558453,-0.6116296596904208,342.87,18928830,1789608637,2026-09-17T01:30:37Z,NASDAQ:GOOGL
8.976232022413972,6.6243769035893365,49.49091595045243,3.3830845771144364,352.3641,49.96185736558453,-0.6116296596904208,342.87,18928830,1789608815,2026-09-17T01:33:35Z,NASDAQ:GOOGL
8.976232022413972,6.6243769035893365,49.49091595045243,3.3830845771144364,352.3641,49.96185736558453,-0.6116296596904208,342.87,18928830,1789609000,2026-09-17T01:36:40Z,NASDAQ:GOOGL
8.976232022413972,6.6243769035893365,49.49091595045243,3.3830845771144364,352.3641,49.96185736558453,-0.6116296596904208,342.87,18928830,1789609175,2026-09-17T01:39:35Z,NASDAQ:GOOGL
8.976232022413972,6.6243769035893365,49.49091595045243,3.3830845771144364,352.3641,49.96185736558453,-0.6116296596904208,342.87,18928830,1789609354,2026-09-17T01:42:34Z,NASDAQ:GOOGL
8.976232022413972,6.6243769035893365,49.49091595045243,3.3830845771144364,352.3641,49.96185736558453,-0.6116296596904208,342.87,18928830,1789609538,2026-09-17T01:45:38Z,NASDAQ:GOOGL
8.976232022413972,6.6243769035893365,49.49091595045243,3.3830845771144364,352.3641,49.96185736558453,-0.6116296596904208,342.87,18928830,1789609716,2026-09-17T01:48:36Z,NASDAQ:GOOGL
8.976232022413972,6.6243769035893365,49.49091595045243,3.3830845771144364,352.3641,49.96185736558453,-0.6116296596904208,342.87,18928830,1789609894,2026-09-17T01:51:34Z,NASDAQ:GOOGL
8.976232022413972,6.6243769035893365,49.49091595045243,3.3830845771144364,352.3641,49.96185736558453,-0.6116296596904208,342.87,18928830,1789610076,2026-09-17T01:54:36Z,NASDAQ:GOOGL
8.976232022413972,6.6243769035893365,49.49091595045243,3.3830845771144364,352.3641,49.96185736558453,-0.6116296596904208,342.87,18928830,1789610254,2026-09-17T01:57:34Z,NASDAQ:GOOGL
8.976232022413972,6.6243769035893365,49.49091595045243,3.3830845771144364,352.3641,49.96185736558453,-0.6116296596904208,342.87,18928830,1789610437,2026-09-17T02:00:37Z,NASDAQ:GOOGL
8.976232022413972,6.6243769035893365,49.49091595045243,3.3830845771144364,352.3641,49.96185736558453,-0.6116296596904208,342.87,18928830,1789610617,2026-09-17T02:03:37Z,NASDAQ:GOOGL
8.976232022413972,6.6243769035893365,49.49091595045243,3.3830845771144364,352.3641,49.96185736558453,-0.6116296596904208,342.87,18928830,1789610796,2026-09-17T02:06:36Z,NASDAQ:GOOGL
8.976232022413972,6.6243769035893365,49.49091595045243,3.3830845771144364,352.3641,49.96185736558453,-0.6116296596904208,342.87,18928830,1789610974,2026-09-17T02:09:34Z,NASDAQ:GOOGL
8.976232022413972,6.6243769035893365,49.49091595045243,3.3830845771144364,352.3641,49.96185736558453,-0.6116296596904208,342.87,18928830,1789611156,2026-09-17T02:12:36Z,NASDAQ:GOOGL
8.976232022413972,6.6243769035893365,49.49091595045243,3.3830845771144364,352.3641,49.96185736558453,-0.6116296596904208,342.87,18928830,1789611338,2026-09-17T02:15:38Z,NASDAQ:GOOGL
8.976232022413972,6.6243769035893365,49.49091595045243,3.3830845771144364,352.3641,49.96185736558453,-0.6116296596904208,342.87,18928830,1789611516,2026-09-17T02:18:36Z,NASDAQ:GOOGL
8.976232022413972,6.6243769035893365,49.49091595045243,3.3830845771144364,352.3641,49.96185736558453,-0.6116296596904208,342.87,18928830,1789611696,2026-09-17T02:21:36Z,NASDAQ:GOOGL
8.976232022413972,6.6243769035893365,49.49091595045243,3.3830845771144364,352.3641,49.96185736558453,-0.6116296596904208,342.87,18928830,1789611877,2026-09-17T02:24:37Z,NASDAQ:GOOGL
8.976232022413972,6.6243769035893365,49.49091595045243,3.3830845771144364,352.3641,49.96185736558453,-0.6116296596904208,342.87,18928830,1789612057,2026-09-17T02:27:37Z,NASDAQ:GOOGL
8.976232022413972,6.6243769035893365,49.49091595045243,3.3830845771144364,352.3641,49.96185736558453,-0.6116296596904208,342.87,18928830,1789612235,2026-09-17T02:30:35Z,NASDAQ:GOOGL
8.976232022413972,6.6243769035893365,49.49091595045243,3.3830845771144364,352.3641,49.96185736558453,-0.6116296596904208,342.87,18928830,1789612415,2026-09-17T02:33:35Z,NASDAQ:GOOGL
8.976232022413972,6.6243769035893365,49.49091595045243,3.3830845771144364,352.3641,49.96185736558453,-0.6116296596904208,342.87,18928830,1789612595,2026-09-17T02:36:35Z,NASDAQ:GOOGL
8.976232022413972,6.6243769035893365,49.49091595045243,3.3830845771144364,352.3641,49.96185736558453,-0.6116296596904208,342.87,18928830,1789612782,2026-09-17T02:39:42Z,NASDAQ:GOOGL
8.976232022413972,6.6243769035893365,49.49091595045243,3.3830845771144364,352.3641,49.96185736558453,-0.6116296596904208,342.87,18928830,1789612959,2026-09-17T02:42:39Z,NASDAQ:GOOGL
8.976232022413972,6.6243769035893365,49.49091595045243,3.3830845771144364,352.3641,49.96185736558453,-0.6116296596904208,342.87,18928830,1789613137,2026-09-17T02:45:37Z,NASDAQ:GOOGL
8.976232022413972,6.6243769035893365,49.49091595045243,3.3830845771144364,352.3641,49.96185736558453,-0.6116296596904208,342.87,18928830,1789613319,2026-09-17T02:48:39Z,NASDAQ:GOOGL
8.976232022413972,6.6243769035893365,49.49091595045243,3.3830845771144364,352.3641,49.96185736558453,-0.6116296596904208,342.87,18928830,1789613495,2026-09-17T02:51:35Z,NASDAQ:GOOGL
8.976232022413972,6.6243769035893365,49.49091595045243,3.3830845771144364,352.3641,49.96185736558453,-0.6116296596904208,342.87,18928830,1789613679,2026-09-17T02:54:39Z,NASDAQ:GOOGL
8.976232022413972,6.6243769035893365,49.49091595045243,3.3830845771144364,352.3641,49.96185736558453,-0.6116296596904208,342.87,18928830,1789613855,2026-09-17T02:57:35Z,NASDAQ:GOOGL
8.976232022413972,6.6243769035893365,49.49091595045243,3.3830845771144364,352.3641,49.96185736558453,-0.6116296596904208,342.87,18928830,1789614036,2026-09-17T03:00:36Z,NASDAQ:GOOGL
8.976232022413972,6.6243769035893365,49.49091595045243,3.3830845771144364,352.3641,49.96185736558453,-0.6116296596904208,342.87,18928830,1789614216,2026-09-17T03:03:36Z,NASDAQ:GOOGL
8.976232022413972,6.6243769035893365,49.49091595045243,3.3830845771144364,352.3641,49.96185736558453,-0.6116296596904208,342.87,18928830,1789614397,2026-09-17T03:06:37Z,NASDAQ:GOOGL
8.976232022413972,6.6243769035893365,49.49091595045243,3.3830845771144364,352.3641,49.96185736558453,-0.6116296596904208,342.87,18928830,1789614576,2026-09-17T03:09:36Z,NASDAQ:GOOGL
8.976232022413972,6.6243769035893365,49.49091595045243,3.3830845771144364,352.3641,49.96185736558453,-0.6116296596904208,342.87,18928830,1789614754,2026-09-17T03:12:34Z,NASDAQ:GOOGL
8.976232022413972,6.6243769035893365,49.49091595045243,3.3830845771144364,352.3641,49.96185736558453,-0.6116296596904208,342.87,18928830,1789614938,2026-09-17T03:15:38Z,NASDAQ:GOOGL
8.976232022413972,6.6243769035893365,49.49091595045243,3.3830845771144364,352.3641,49.96185736558453,-0.6116296596904208,342.87,18928830,1789615119,2026-09-17T03:18:39Z,NASDAQ:GOOGL
8.976232022413972,6.6243769035893365,49.49091595045243,3.3830845771144364,352.3641,49.96185736558453,-0.6116296596904208,342.87,18928830,1789615295,2026-09-17T03:21:35Z,NASDAQ:GOOGL
8.976232022413972,6.6243769035893365,49.49091595045243,3.3830845771144364,352.3641,49.96185736558453,-0.6116296596904208,342.87,18928830,1789615476,2026-09-17T03:24:36Z,NASDAQ:GOOGL
8.976232022413972,6.6243769035893365,49.49091595045243,3.3830845771144364,352.3641,49.96185736558453,-0.6116296596904208,342.87,18928830,1789615653,2026-09-17T03:27:33Z,NASDAQ:GOOGL
8.976232022413972,6.6243769035893365,49.49091595045243,3.3830845771144364,352.3641,49.96185736558453,-0.6116296596904208,342.87,18928830,1789615836,2026-09-17T03:30:36Z,NASDAQ:GOOGL
8.976232022413972,6.6243769035893365,49.49091595045243,3.3830845771144364,352.3641,49.96185736558453,-0.6116296596904208,342.87,18928830,1789616015,2026-09-17T03:33:35Z,NASDAQ:GOOGL
8.976232022413972,6.6243769035893365,49.49091595045243,3.3830845771144364,352.3641,49.96185736558453,-0.6116296596904208,342.87,18928830,1789616194,2026-09-17T03:36:34Z,NASDAQ:GOOGL
8.976232022413972,6.6243769035893365,49.49091595045243,3.3830845771144364,352.3641,49.96185736558453,-0.6116296596904208,342.87,18928830,1789616377,2026-09-17T03:39:37Z,NASDAQ:GOOGL
8.976232022413972,6.6243769035893365,49.49091595045243,3.3830845771144364,352.3641,49.96185736558453,-0.6116296596904208,342.87,18928830,1789616556,2026-09-17T03:42:36Z,NASDAQ:GOOGL
8.976232022413972,6.6243769035893365,49.49091595045243,3.3830845771144364,352.3641,49.96185736558453,-0.6116296596904208,342.87,18928830,1789616733,2026-09-17T03:45:33Z,NASDAQ:GOOGL
8.976232022413972,6.6243769035893365,49.49091595045243,3.3830845771144364,352.3641,49.96185736558453,-0.6116296596904208,342.87,18928830,1789616917,2026-09-17T03:48:37Z,NASDAQ:GOOGL
8.976232022413972,6.6243769035893365,49.49091595045243,3.3830845771144364,352.3641,49.96185736558453,-0.6116296596904208,342.87,18928830,1789617097,2026-09-17T03:51:37Z,NASDAQ:GOOGL
8.976232022413972,6.6243769035893365,49.49091595045243,3.3830845771144364,352.3641,49.96185736558453,-0.6116296596904208,342.87,18928830,1789617276,2026-09-17T03:54:36Z,NASDAQ:GOOGL
8.976232022413972,6.6243769035893365,49.49091595045243,3.3830845771144364,352.3641,49.96185736558453,-0.6116296596904208,342.87,18928830,1789617455,2026-09-17T03:57:35Z,NASDAQ:GOOGL
8.976232022413972,6.6243769035893365,49.49091595045243,3.3830845771144364,352.3641,49.96185736558453,-0.6116296596904208,342.87,18928830,1789617635,2026-09-17T04:00:35Z,NASDAQ:GOOGL
8.976232022413972,6.6243769035893365,49.49091595045243,3.3830845771144364,352.3641,49.96185736558453,-0.6116296596904208,342.87,18928830,1789617816,2026-09-17T04:03:36Z,NASDAQ:GOOGL
8.976232022413972,6.6243769035893365,49.49091595045243,3.3830845771144364,352.3641,49.96185736558453,-0.6116296596904208,342.87,18928830,1789617995,2026-09-17T04:06:35Z,NASDAQ:GOOGL
8.976232022413972,6.6243769035893365,49.49091595045243,3.3830845771144364,352.3641,49.96185736558453,-0.6116296596904208,342.87,18928830,1789618177,2026-09-17T04:09:37Z,NASDAQ:GOOGL
8.976232022413972,6.6243769035893365,49.49091595045243,3.3830845771144364,352.3641,49.96185736558453,-0.6116296596904208,342.87,18928830,1789618356,2026-09-17T04:12:36Z,NASDAQ:GOOGL
8.976232022413972,6.6243769035893365,49.49091595045243,3.3830845771144364,352.3641,49.96185736558453,-0.6116296596904208,342.87,18928830,1789618535,2026-09-17T04:15:35Z,NASDAQ:GOOGL
8.976232022413972,6.6243769035893365,49.49091595045243,3.3830845771144364,352.3641,49.96185736558453,-0.6116296596904208,342.87,18928830,1789618717,2026-09-17T04:18:37Z,NASDAQ:GOOGL
8.976232022413972,6.6243769035893365,49.49091595045243,3.3830845771144364,352.3641,49.96185736558453,-0.6116296596904208,342.87,18928830,1789618895,2026-09-17T04:21:35Z,NASDAQ:GOOGL
8.976232022413972,6.6243769035893365,49.49091595045243,3.3830845771144364,352.3641,49.96185736558453,-0.6116296596904208,342.87,18928830,1789619077,2026-09-17T04:24:37Z,NASDAQ:GOOGL
8.976232022413972,6.6243769035893365,49.49091595045243,3.3830845771144364,352.3641,49.96185736558453,-0.6116296596904208,342.87,18928830,1789619254,2026-09-17T04:27:34Z,NASDAQ:GOOGL
8.976232022413972,6.6243769035893365,49.49091595045243,3.3830845771144364,352.3641,49.96185736558453,-0.6116296596904208,342.87,18928830,1789619434,2026-09-17T04:30:34Z,NASDAQ:GOOGL
8.976232022413972,6.6243769035893365,49.49091595045243,3.3830845771144364,352.3641,49.96185736558453,-0.6116296596904208,342.87,18928830,1789619615,2026-09-17T04:33:35Z,NASDAQ:GOOGL
8.976232022413972,6.6243769035893365,49.49091595045243,3.3830845771144364,352.3641,49.96185736558453,-0.6116296596904208,342.87,18928830,1789619796,2026-09-17T04:36:36Z,NASDAQ:GOOGL
8.976232022413972,6.6243769035893365,49.49091595045243,3.3830845771144364,352.3641,49.96185736558453,-0.6116296596904208,342.87,18928830,1789619976,2026-09-17T04:39:36Z,NASDAQ:GOOGL
8.976232022413972,6.6243769035893365,49.49091595045243,3.3830845771144364,352.3641,49.96185736558453,-0.6116296596904208,342.87,18928830,1789620157,2026-09-17T04:42:37Z,NASDAQ:GOOGL
8.976232022413972,6.6243769035893365,49.49091595045243,3.3830845771144364,352.3641,49.96185736558453,-0.6116296596904208,342.87,18928830,1789620335,2026-09-17T04:45:35Z,NASDAQ:GOOGL
8.976232022413972,6.6243769035893365,49.49091595045243,3.3830845771144364,352.3641,49.96185736558453,-0.6116296596904208,342.87,18928830,1789620514,2026-09-17T04:48:34Z,NASDAQ:GOOGL
8.976232022413972,6.6243769035893365,49.49091595045243,3.3830845771144364,352.3641,49.96185736558453,-0.6116296596904208,342.87,18928830,1789620698,2026-09-17T04:51:38Z,NASDAQ:GOOGL
8.976232022413972,6.6243769035893365,49.49091595045243,3.3830845771144364,352.3641,49.96185736558453,-0.6116296596904208,342.87,18928830,1789620877,2026-09-17T04:54:37Z,NASDAQ:GOOGL
8.976232022413972,6.6243769035893365,49.49091595045243,3.3830845771144364,352.3641,49.96185736558453,-0.6116296596904208,342.87,18928830,1789621057,2026-09-17T04:57:37Z,NASDAQ:GOOGL
8.976232022413972,6.6243769035893365,49.49091595045243,3.3830845771144364,352.3641,49.96185736558453,-0.6116296596904208,342.87,18928830,1789621235,2026-09-17T05:00:35Z,NASDAQ:GOOGL
8.976232022413972,6.6243769035893365,49.49091595045243,3.3830845771144364,352.3641,49.96185736558453,-0.6116296596904208,342.87,18928830,1789621415,2026-09-17T05:03:35Z,NASDAQ:GOOGL
8.976232022413972,6.6243769035893365,49.49091595045243,3.3830845771144364,352.3641,49.96185736558453,-0.6116296596904208,342.87,18928830,1789621598,2026-09-17T05:06:38Z,NASDAQ:GOOGL
8.976232022413972,6.6243769035893365,49.49091595045243,3.3830845771144364,352.3641,49.96185736558453,-0.6116296596904208,342.87,18928830,1789621773,2026-09-17T05:09:33Z,NASDAQ:GOOGL
8.976232022413972,6.6243769035893365,49.49091595045243,3.3830845771144364,352.3641,49.96185736558453,-0.6116296596904208,342.87,18928830,1789621953,2026-09-17T05:12:33Z,NASDAQ:GOOGL
8.976232022413972,6.6243769035893365,49.49091595045243,3.3830845771144364,352.3641,49.96185736558453,-0.6116296596904208,342.87,18928830,1789622138,2026-09-17T05:15:38Z,NASDAQ:GOOGL
8.976232022413972,6.6243769035893365,49.49091595045243,3.3830845771144364,352.3641,49.96185736558453,-0.6116296596904208,342.87,18928830,1789622315,2026-09-17T05:18:35Z,NASDAQ:GOOGL
8.976232022413972,6.6243769035893365,49.49091595045243,3.3830845771144364,352.3641,49.96185736558453,-0.6116296596904208,342.87,18928830,1789622494,2026-09-17T05:21:34Z,NASDAQ:GOOGL
8.976232022413972,6.6243769035893365,49.49091595045243,3.3830845771144364,352.3641,49.96185736558453,-0.6116296596904208,342.87,18928830,1789622678,2026-09-17T05:24:38Z,NASDAQ:GOOGL
8.976232022413972,6.6243769035893365,49.49091595045243,3.3830845771144364,352.3641,49.96185736558453,-0.6116296596904208,342.87,18928830,1789622853,2026-09-17T05:27:33Z,NASDAQ:GOOGL
8.976232022413972,6.6243769035893365,49.49091595045243,3.3830845771144364,352.3641,49.96185736558453,-0.6116296596904208,342.87,18928830,1789623037,2026-09-17T05:30:37Z,NASDAQ:GOOGL
8.976232022413972,6.6243769035893365,49.49091595045243,3.3830845771144364,352.3641,49.96185736558453,-0.6116296596904208,342.87,18928830,1789623217,2026-09-17T05:33:37Z,NASDAQ:GOOGL
8.976232022413972,6.6243769035893365,49.49091595045243,3.3830845771144364,352.3641,49.96185736558453,-0.6116296596904208,342.87,18928830,1789623397,2026-09-17T05:36:37Z,NASDAQ:GOOGL
8.976232022413972,6.6243769035893365,49.49091595045243,3.3830845771144364,352.3641,49.96185736558453,-0.6116296596904208,342.87,18928830,1789623577,2026-09-17T05:39:37Z,NASDAQ:GOOGL
8.976232022413972,6.6243769035893365,49.49091595045243,3.3830845771144364,352.3641,49.96185736558453,-0.6116296596904208,342.87,18928830,1789623754,2026-09-17T05:42:34Z,NASDAQ:GOOGL
8.976232022413972,6.6243769035893365,49.49091595045243,3.3830845771144364,352.3641,49.96185736558453,-0.6116296596904208,342.87,18928830,1789623936,2026-09-17T05:45:36Z,NASDAQ:GOOGL
8.976232022413972,6.6243769035893365,49.49091595045243,3.3830845771144364,352.3641,49.96185736558453,-0.6116296596904208,342.87,18928830,1789624117,2026-09-17T05:48:37Z,NASDAQ:GOOGL
8.976232022413972,6.6243769035893365,49.49091595045243,3.3830845771144364,352.3641,49.96185736558453,-0.6116296596904208,342.87,18928830,1789624297,2026-09-17T05:51:37Z,NASDAQ:GOOGL
8.976232022413972,6.6243769035893365,49.49091595045243,3.3830845771144364,352.3641,49.96185736558453,-0.6116296596904208,342.87,18928830,1789624479,2026-09-17T05:54:39Z,NASDAQ:GOOGL
8.976232022413972,6.6243769035893365,49.49091595045243,3.3830845771144364,352.3641,49.96185736558453,-0.6116296596904208,342.87,18928830,1789624657,2026-09-17T05:57:37Z,NASDAQ:GOOGL
8.976232022413972,6.6243769035893365,49.49091595045243,3.3830845771144364,352.3641,49.96185736558453,-0.6116296596904208,342.87,18928830,1789624839,2026-09-17T06:00:39Z,NASDAQ:GOOGL
8.976232022413972,6.6243769035893365,49.49091595045243,3.3830845771144364,352.3641,49.96185736558453,-0.6116296596904208,342.87,18928830,1789625013,2026-09-17T06:03:33Z,NASDAQ:GOOGL
8.976232022413972,6.6243769035893365,49.49091595045243,3.3830845771144364,352.3641,49.96185736558453,-0.6116296596904208,342.87,18928830,1789625195,2026-09-17T06:06:35Z,NASDAQ:GOOGL
8.976232022413972,6.6243769035893365,49.49091595045243,3.3830845771144364,352.3641,49.96185736558453,-0.6116296596904208,342.87,18928830,1789625376,2026-09-17T06:09:36Z,NASDAQ:GOOGL
8.976232022413972,6.6243769035893365,49.49091595045243,3.3830845771144364,352.3641,49.96185736558453,-0.6116296596904208,342.87,18928830,1789625555,2026-09-17T06:12:35Z,NASDAQ:GOOGL
8.976232022413972,6.6243769035893365,49.49091595045243,3.3830845771144364,352.3641,49.96185736558453,-0.6116296596904208,342.87,18928830,1789625738,2026-09-17T06:15:38Z,NASDAQ:GOOGL
8.976232022413972,6.6243769035893365,49.49091595045243,3.3830845771144364,352.3641,49.96185736558453,-0.6116296596904208,342.87,18928830,1789625917,2026-09-17T06:18:37Z,NASDAQ:GOOGL
8.976232022413972,6.6243769035893365,49.49091595045243,3.3830845771144364,352.3641,49.96185736558453,-0.6116296596904208,342.87,18928830,1789626096,2026-09-17T06:21:36Z,NASDAQ:GOOGL
8.976232022413972,6.6243769035893365,49.49091595045243,3.3830845771144364,352.3641,49.96185736558453,-0.6116296596904208,342.87,18928830,1789626277,2026-09-17T06:24:37Z,NASDAQ:GOOGL
8.976232022413972,6.6243769035893365,49.49091595045243,3.3830845771144364,352.3641,49.96185736558453,-0.6116296596904208,342.87,18928830,1789626458,2026-09-17T06:27:38Z,NASDAQ:GOOGL
8.976232022413972,6.6243769035893365,49.49091595045243,3.3830845771144364,352.3641,49.96185736558453,-0.6116296596904208,342.87,18928830,1789626638,2026-09-17T06:30:38Z,NASDAQ:GOOGL
8.976232022413972,6.6243769035893365,49.49091595045243,3.3830845771144364,352.3641,49.96185736558453,-0.6116296596904208,342.87,18928830,1789626818,2026-09-17T06:33:38Z,NASDAQ:GOOGL
8.976232022413972,6.6243769035893365,49.49091595045243,3.3830845771144364,352.3641,49.96185736558453,-0.6116296596904208,342.87,18928830,1789626996,2026-09-17T06:36:36Z,NASDAQ:GOOGL
8.976232022413972,6.6243769035893365,49.49091595045243,3.3830845771144364,352.3641,49.96185736558453,-0.6116296596904208,342.87,18928830,1789627175,2026-09-17T06:39:35Z,NASDAQ:GOOGL
8.976232022413972,6.6243769035893365,49.49091595045243,3.3830845771144364,352.3641,49.96185736558453,-0.6116296596904208,342.87,18928830,1789627356,2026-09-17T06:42:36Z,NASDAQ:GOOGL
8.976232022413972,6.6243769035893365,49.49091595045243,3.3830845771144364,352.3641,49.96185736558453,-0.6116296596904208,342.87,18928830,1789627536,2026-09-17T06:45:36Z,NASDAQ:GOOGL
8.976232022413972,6.6243769035893365,49.49091595045243,3.3830845771144364,352.3641,49.96185736558453,-0.6116296596904208,342.87,18928830,1789627716,2026-09-17T06:48:36Z,NASDAQ:GOOGL
8.976232022413972,6.6243769035893365,49.49091595045243,3.3830845771144364,352.3641,49.96185736558453,-0.6116296596904208,342.87,18928830,1789627893,2026-09-17T06:51:33Z,NASDAQ:GOOGL
8.976232022413972,6.6243769035893365,49.49091595045243,3.3830845771144364,352.3641,49.96185736558453,-0.6116296596904208,342.87,18928830,1789628076,2026-09-17T06:54:36Z,NASDAQ:GOOGL
8.976232022413972,6.6243769035893365,49.49091595045243,3.3830845771144364,352.3641,49.96185736558453,-0.6116296596904208,342.87,18928830,1789628255,2026-09-17T06:57:35Z,NASDAQ:GOOGL
8.976232022413972,6.6243769035893365,49.49091595045243,3.3830845771144364,352.3641,49.96185736558453,-0.6116296596904208,342.87,18928830,1789628436,2026-09-17T07:00:36Z,NASDAQ:GOOGL
8.976232022413972,6.6243769035893365,49.49091595045243,3.3830845771144364,352.3641,49.96185736558453,-0.6116296596904208,342.87,18928830,1789628617,2026-09-17T07:03:37Z,NASDAQ:GOOGL
8.976232022413972,6.6243769035893365,49.49091595045243,3.3830845771144364,352.3641,49.96185736558453,-0.6116296596904208,342.87,18928830,1789628800,2026-09-17T07:06:40Z,NASDAQ:GOOGL
8.976232022413972,6.6243769035893365,49.49091595045243,3.3830845771144364,352.3641,49.96185736558453,-0.6116296596904208,342.87,18928830,1789628972,2026-09-17T07:09:32Z,NASDAQ:GOOGL
8.976232022413972,6.6243769035893365,49.49091595045243,3.3830845771144364,352.3641,49.96185736558453,-0.6116296596904208,342.87,18928830,1789629156,2026-09-17T07:12:36Z,NASDAQ:GOOGL
8.976232022413972,6.6243769035893365,49.49091595045243,3.3830845771144364,352.3641,49.96185736558453,-0.6116296596904208,342.87,18928830,1789629334,2026-09-17T07:15:34Z,NASDAQ:GOOGL
8.976232022413972,6.6243769035893365,49.49091595045243,3.3830845771144364,352.3641,49.96185736558453,-0.6116296596904208,342.87,18928830,1789629519,2026-09-17T07:18:39Z,NASDAQ:GOOGL
8.976232022413972,6.6243769035893365,49.49091595045243,3.3830845771144364,352.3641,49.96185736558453,-0.6116296596904208,342.87,18928830,1789629693,2026-09-17T07:21:33Z,NASDAQ:GOOGL
8.976232022413972,6.6243769035893365,49.49091595045243,3.3830845771144364,352.3641,49.96185736558453,-0.6116296596904208,342.87,18928830,1789629878,2026-09-17T07:24:38Z,NASDAQ:GOOGL
8.976232022413972,6.6243769035893365,49.49091595045243,3.3830845771144364,352.3641,49.96185736558453,-0.6116296596904208,342.87,18928830,1789630057,2026-09-17T07:27:37Z,NASDAQ:GOOGL
8.976232022413972,6.6243769035893365,49.49091595045243,3.3830845771144364,352.3641,49.96185736558453,-0.6116296596904208,342.87,18928830,1789630236,2026-09-17T07:30:36Z,NASDAQ:GOOGL
8.976232022413972,6.6243769035893365,49.49091595045243,3.3830845771144364,352.3641,49.96185736558453,-0.6116296596904208,342.87,18928830,1789630419,2026-09-17T07:33:39Z,NASDAQ:GOOGL
8.976232022413972,6.6243769035893365,49.49091595045243,3.3830845771144364,352.3641,49.96185736558453,-0.6116296596904208,342.87,18928830,1789630595,2026-09-17T07:36:35Z,NASDAQ:GOOGL
8.976232022413972,6.6243769035893365,49.49091595045243,3.3830845771144364,352.3641,49.96185736558453,-0.6116296596904208,342.87,18928830,1789630778,2026-09-17T07:39:38Z,NASDAQ:GOOGL
8.976232022413972,6.6243769035893365,49.49091595045243,3.3830845771144364,352.3641,49.96185736558453,-0.6116296596904208,342.87,18928830,1789630954,2026-09-17T07:42:34Z,NASDAQ:GOOGL
8.976232022413972,6.6243769035893365,49.49091595045243,3.3830845771144364,352.3641,49.96185736558453,-0.6116296596904208,342.87,18928830,1789631135,2026-09-17T07:45:35Z,NASDAQ:GOOGL
8.976232022413972,6.6243769035893365,49.49091595045243,3.3830845771144364,352.3641,49.96185736558453,-0.6116296596904208,342.87,18928830,1789631315,2026-09-17T07:48:35Z,NASDAQ:GOOGL
8.976232022413972,6.6243769035893365,49.49091595045243,3.3830845771144364,352.3641,49.96185736558453,-0.6116296596904208,342.87,18928830,1789631495,2026-09-17T07:51:35Z,NASDAQ:GOOGL
8.976232022413972,6.6243769035893365,49.49091595045243,3.3830845771144364,352.3641,49.96185736558453,-0.6116296596904208,342.87,18928830,1789631674,2026-09-17T07:54:34Z,NASDAQ:GOOGL
8.976232022413972,6.6243769035893365,49.49091595045243,3.3830845771144364,352.3641,49.96185736558453,-0.6116296596904208,342.87,18928830,1789631857,2026-09-17T07:57:37Z,NASDAQ:GOOGL
8.976232022413972,6.6243769035893365,49.49091595045243,3.3830845771144364,352.3641,49.96185736558453,-0.6116296596904208,342.87,18928830,1789632053,2026-09-17T08:00:53Z,NASDAQ:GOOGL
8.976232022413972,6.6243769035893365,49.49091595045243,3.3830845771144364,352.3641,49.96185736558453,-0.6116296596904208,342.87,18928830,1789632213,2026-09-17T08:03:33Z,NASDAQ:GOOGL
8.976232022413972,6.6243769035893365,49.49091595045243,3.3830845771144364,352.3641,49.96185736558453,-0.6116296596904208,342.87,18928830,1789632396,2026-09-17T08:06:36Z,NASDAQ:GOOGL
8.976232022413972,6.6243769035893365,49.49091595045243,3.3830845771144364,352.3641,49.96185736558453,-0.6116296596904208,342.87,18928830,1789632577,2026-09-17T08:09:37Z,NASDAQ:GOOGL
8.976232022413972,6.6243769035893365,49.49091595045243,3.3830845771144364,352.3641,49.96185736558453,-0.6116296596904208,342.87,18928830,1789632753,2026-09-17T08:12:33Z,NASDAQ:GOOGL
8.976232022413972,6.6243769035893365,49.49091595045243,3.3830845771144364,352.3641,49.96185736558453,-0.6116296596904208,342.87,18928830,1789632937,2026-09-17T08:15:37Z,NASDAQ:GOOGL
8.976232022413972,6.6243769035893365,49.49091595045243,3.3830845771144364,352.3641,49.96185736558453,-0.6116296596904208,342.87,18928830,1789633117,2026-09-17T08:18:37Z,NASDAQ:GOOGL
8.976232022413972,6.6243769035893365,49.49091595045243,3.3830845771144364,352.3641,49.96185736558453,-0.6116296596904208,342.87,18928830,1789633293,2026-09-17T08:21:33Z,NASDAQ:GOOGL
8.976232022413972,6.6243769035893365,49.49091595045243,3.3830845771144364,352.3641,49.96185736558453,-0.6116296596904208,342.87,18928830,1789633477,2026-09-17T08:24:37Z,NASDAQ:GOOGL
8.976232022413972,6.6243769035893365,49.49091595045243,3.3830845771144364,352.3641,49.96185736558453,-0.6116296596904208,342.87,18928830,1789633658,2026-09-17T08:27:38Z,NASDAQ:GOOGL
8.976232022413972,6.6243769035893365,49.49091595045243,3.3830845771144364,352.3641,49.96185736558453,-0.6116296596904208,342.87,18928830,1789633838,2026-09-17T08:30:38Z,NASDAQ:GOOGL
8.976232022413972,6.6243769035893365,49.49091595045243,3.3830845771144364,352.3641,49.96185736558453,-0.6116296596904208,342.87,18928830,1789634017,2026-09-17T08:33:37Z,NASDAQ:GOOGL
8.976232022413972,6.6243769035893365,49.49091595045243,3.3830845771144364,352.3641,49.96185736558453,-0.6116296596904208,342.87,18928830,1789634197,2026-09-17T08:36:37Z,NASDAQ:GOOGL
8.976232022413972,6.6243769035893365,49.49091595045243,3.3830845771144364,352.3641,49.96185736558453,-0.6116296596904208,342.87,18928830,1789634375,2026-09-17T08:39:35Z,NASDAQ:GOOGL
8.976232022413972,6.6243769035893365,49.49091595045243,3.3830845771144364,352.3641,49.96185736558453,-0.6116296596904208,342.87,18928830,1789634557,2026-09-17T08:42:37Z,NASDAQ:GOOGL
8.976232022413972,6.6243769035893365,49.49091595045243,3.3830845771144364,352.3641,49.96185736558453,-0.6116296596904208,342.87,18928830,1789634734,2026-09-17T08:45:34Z,NASDAQ:GOOGL
8.976232022413972,6.6243769035893365,49.49091595045243,3.3830845771144364,352.3641,49.96185736558453,-0.6116296596904208,342.87,18928830,1789634917,2026-09-17T08:48:37Z,NASDAQ:GOOGL
8.976232022413972,6.6243769035893365,49.49091595045243,3.3830845771144364,352.3641,49.96185736558453,-0.6116296596904208,342.87,18928830,1789635095,2026-09-17T08:51:35Z,NASDAQ:GOOGL
8.976232022413972,6.6243769035893365,49.49091595045243,3.3830845771144364,352.3641,49.96185736558453,-0.6116296596904208,342.87,18928830,1789635273,2026-09-17T08:54:33Z,NASDAQ:GOOGL
8.976232022413972,6.6243769035893365,49.49091595045243,3.3830845771144364,352.3641,49.96185736558453,-0.6116296596904208,342.87,18928830,1789635457,2026-09-17T08:57:37Z,NASDAQ:GOOGL
8.976232022413972,6.6243769035893365,49.49091595045243,3.3830845771144364,352.3641,49.96185736558453,-0.6116296596904208,342.87,18928830,1789635638,2026-09-17T09:00:38Z,NASDAQ:GOOGL
8.976232022413972,6.6243769035893365,49.49091595045243,3.3830845771144364,352.3641,49.96185736558453,-0.6116296596904208,342.87,18928830,1789635817,2026-09-17T09:03:37Z,NASDAQ:GOOGL
8.976232022413972,6.6243769035893365,49.49091595045243,3.3830845771144364,352.3641,49.96185736558453,-0.6116296596904208,342.87,18928830,1789635998,2026-09-17T09:06:38Z,NASDAQ:GOOGL
8.976232022413972,6.6243769035893365,49.49091595045243,3.3830845771144364,352.3641,49.96185736558453,-0.6116296596904208,342.87,18928830,1789636176,2026-09-17T09:09:36Z,NASDAQ:GOOGL
8.976232022413972,6.6243769035893365,49.49091595045243,3.3830845771144364,352.3641,49.96185736558453,-0.6116296596904208,342.87,18928830,1789636357,2026-09-17T09:12:37Z,NASDAQ:GOOGL
8.976232022413972,6.6243769035893365,49.49091595045243,3.3830845771144364,352.3641,49.96185736558453,-0.6116296596904208,342.87,18928830,1789636539,2026-09-17T09:15:39Z,NASDAQ:GOOGL
8.976232022413972,6.6243769035893365,49.49091595045243,3.3830845771144364,352.3641,49.96185736558453,-0.6116296596904208,342.87,18928830,1789636717,2026-09-17T09:18:37Z,NASDAQ:GOOGL
8.976232022413972,6.6243769035893365,49.49091595045243,3.3830845771144364,352.3641,49.96185736558453,-0.6116296596904208,342.87,18928830,1789636897,2026-09-17T09:21:37Z,NASDAQ:GOOGL
8.976232022413972,6.6243769035893365,49.49091595045243,3.3830845771144364,352.3641,49.96185736558453,-0.6116296596904208,342.87,18928830,1789637075,2026-09-17T09:24:35Z,NASDAQ:GOOGL
8.976232022413972,6.6243769035893365,49.49091595045243,3.3830845771144364,352.3641,49.96185736558453,-0.6116296596904208,342.87,18928830,1789637260,2026-09-17T09:27:40Z,NASDAQ:GOOGL
8.976232022413972,6.6243769035893365,49.49091595045243,3.3830845771144364,352.3641,49.96185736558453,-0.6116296596904208,342.87,18928830,1789637434,2026-09-17T09:30:34Z,NASDAQ:GOOGL
8.976232022413972,6.6243769035893365,49.49091595045243,3.3830845771144364,352.3641,49.96185736558453,-0.6116296596904208,342.87,18928830,1789637617,2026-09-17T09:33:37Z,NASDAQ:GOOGL
8.976232022413972,6.6243769035893365,49.49091595045243,3.3830845771144364,352.3641,49.96185736558453,-0.6116296596904208,342.87,18928830,1789637798,2026-09-17T09:36:38Z,NASDAQ:GOOGL
8.976232022413972,6.6243769035893365,49.49091595045243,3.3830845771144364,352.3641,49.96185736558453,-0.6116296596904208,342.87,18928830,1789637978,2026-09-17T09:39:38Z,NASDAQ:GOOGL
8.976232022413972,6.6243769035893365,49.49091595045243,3.3830845771144364,352.3641,49.96185736558453,-0.6116296596904208,342.87,18928830,1789638154,2026-09-17T09:42:34Z,NASDAQ:GOOGL
8.976232022413972,6.6243769035893365,49.49091595045243,3.3830845771144364,352.3641,49.96185736558453,-0.6116296596904208,342.87,18928830,1789638335,2026-09-17T09:45:35Z,NASDAQ:GOOGL
8.976232022413972,6.6243769035893365,49.49091595045243,3.3830845771144364,352.3641,49.96185736558453,-0.6116296596904208,342.87,18928830,1789638516,2026-09-17T09:48:36Z,NASDAQ:GOOGL
8.976232022413972,6.6243769035893365,49.49091595045243,3.3830845771144364,352.3641,49.96185736558453,-0.6116296596904208,342.87,18928830,1789638695,2026-09-17T09:51:35Z,NASDAQ:GOOGL
8.976232022413972,6.6243769035893365,49.49091595045243,3.3830845771144364,352.3641,49.96185736558453,-0.6116296596904208,342.87,18928830,1789638875,2026-09-17T09:54:35Z,NASDAQ:GOOGL
8.976232022413972,6.6243769035893365,49.49091595045243,3.3830845771144364,352.3641,49.96185736558453,-0.6116296596904208,342.87,18928830,1789639055,2026-09-17T09:57:35Z,NASDAQ:GOOGL
8.976232022413972,6.6243769035893365,49.49091595045243,3.3830845771144364,352.3641,49.96185736558453,-0.6116296596904208,342.87,18928830,1789639235,2026-09-17T10:00:35Z,NASDAQ:GOOGL
8.976232022413972,6.6243769035893365,49.49091595045243,3.3830845771144364,352.3641,49.96185736558453,-0.6116296596904208,342.87,18928830,1789639416,2026-09-17T10:03:36Z,NASDAQ:GOOGL
8.976232022413972,6.6243769035893365,49.49091595045243,3.3830845771144364,352.3641,49.96185736558453,-0.6116296596904208,342.87,18928830,1789639595,2026-09-17T10:06:35Z,NASDAQ:GOOGL
8.976232022413972,6.6243769035893365,49.49091595045243,3.3830845771144364,352.3641,49.96185736558453,-0.6116296596904208,342.87,18928830,1789639778,2026-09-17T10:09:38Z,NASDAQ:GOOGL
8.976232022413972,6.6243769035893365,49.49091595045243,3.3830845771144364,352.3641,49.96185736558453,-0.6116296596904208,342.87,18928830,1789639956,2026-09-17T10:12:36Z,NASDAQ:GOOGL
8.976232022413972,6.6243769035893365,49.49091595045243,3.3830845771144364,352.3641,49.96185736558453,-0.6116296596904208,342.87,18928830,1789640135,2026-09-17T10:15:35Z,NASDAQ:GOOGL
8.976232022413972,6.6243769035893365,49.49091595045243,3.3830845771144364,352.3641,49.96185736558453,-0.6116296596904208,342.87,18928830,1789640318,2026-09-17T10:18:38Z,NASDAQ:GOOGL
8.976232022413972,6.6243769035893365,49.49091595045243,3.3830845771144364,352.3641,49.96185736558453,-0.6116296596904208,342.87,18928830,1789640494,2026-09-17T10:21:34Z,NASDAQ:GOOGL
8.976232022413972,6.6243769035893365,49.49091595045243,3.3830845771144364,352.3641,49.96185736558453,-0.6116296596904208,342.87,18928830,1789640676,2026-09-17T10:24:36Z,NASDAQ:GOOGL
8.976232022413972,6.6243769035893365,49.49091595045243,3.3830845771144364,352.3641,49.96185736558453,-0.6116296596904208,342.87,18928830,1789640855,2026-09-17T10:27:35Z,NASDAQ:GOOGL
8.976232022413972,6.6243769035893365,49.49091595045243,3.3830845771144364,352.3641,49.96185736558453,-0.6116296596904208,342.87,18928830,1789641039,2026-09-17T10:30:39Z,NASDAQ:GOOGL
8.976232022413972,6.6243769035893365,49.49091595045243,3.3830845771144364,352.3641,49.96185736558453,-0.6116296596904208,342.87,18928830,1789641216,2026-09-17T10:33:36Z,NASDAQ:GOOGL
8.976232022413972,6.6243769035893365,49.49091595045243,3.3830845771144364,352.3641,49.96185736558453,-0.6116296596904208,342.87,18928830,1789641398,2026-09-17T10:36:38Z,NASDAQ:GOOGL
8.976232022413972,6.6243769035893365,49.49091595045243,3.3830845771144364,352.3641,49.96185736558453,-0.6116296596904208,342.87,18928830,1789641578,2026-09-17T10:39:38Z,NASDAQ:GOOGL
8.976232022413972,6.6243769035893365,49.49091595045243,3.3830845771144364,352.3641,49.96185736558453,-0.6116296596904208,342.87,18928830,1789641754,2026-09-17T10:42:34Z,NASDAQ:GOOGL
8.976232022413972,6.6243769035893365,49.49091595045243,3.3830845771144364,352.3641,49.96185736558453,-0.6116296596904208,342.87,18928830,1789641938,2026-09-17T10:45:38Z,NASDAQ:GOOGL
8.976232022413972,6.6243769035893365,49.49091595045243,3.3830845771144364,352.3641,49.96185736558453,-0.6116296596904208,342.87,18928830,1789642116,2026-09-17T10:48:36Z,NASDAQ:GOOGL
8.976232022413972,6.6243769035893365,49.49091595045243,3.3830845771144364,352.3641,49.96185736558453,-0.6116296596904208,342.87,18928830,1789642296,2026-09-17T10:51:36Z,NASDAQ:GOOGL
8.976232022413972,6.6243769035893365,49.49091595045243,3.3830845771144364,352.3641,49.96185736558453,-0.6116296596904208,342.87,18928830,1789642477,2026-09-17T10:54:37Z,NASDAQ:GOOGL
8.976232022413972,6.6243769035893365,49.49091595045243,3.3830845771144364,352.3641,49.96185736558453,-0.6116296596904208,342.87,18928830,1789642659,2026-09-17T10:57:39Z,NASDAQ:GOOGL
8.976232022413972,6.6243769035893365,49.49091595045243,3.3830845771144364,352.3641,49.96185736558453,-0.6116296596904208,342.87,18928830,1789642837,2026-09-17T11:00:37Z,NASDAQ:GOOGL
8.976232022413972,6.6243769035893365,49.49091595045243,3.3830845771144364,352.3641,49.96185736558453,-0.6116296596904208,342.87,18928830,1789643014,2026-09-17T11:03:34Z,NASDAQ:GOOGL
8.976232022413972,6.6243769035893365,49.49091595045243,3.3830845771144364,352.3641,49.96185736558453,-0.6116296596904208,342.87,18928830,1789643196,2026-09-17T11:06:36Z,NASDAQ:GOOGL
8.976232022413972,6.6243769035893365,49.49091595045243,3.3830845771144364,352.3641,49.96185736558453,-0.6116296596904208,342.87,18928830,1789643377,2026-09-17T11:09:37Z,NASDAQ:GOOGL
8.976232022413972,6.6243769035893365,49.49091595045243,3.3830845771144364,352.3641,49.96185736558453,-0.6116296596904208,342.87,18928830,1789643556,2026-09-17T11:12:36Z,NASDAQ:GOOGL
8.976232022413972,6.6243769035893365,49.49091595045243,3.3830845771144364,352.3641,49.96185736558453,-0.6116296596904208,342.87,18928830,1789643737,2026-09-17T11:15:37Z,NASDAQ:GOOGL
8.976232022413972,6.6243769035893365,49.49091595045243,3.3830845771144364,352.3641,49.96185736558453,-0.6116296596904208,342.87,18928830,1789643918,2026-09-17T11:18:38Z,NASDAQ:GOOGL
8.976232022413972,6.6243769035893365,49.49091595045243,3.3830845771144364,352.3641,49.96185736558453,-0.6116296596904208,342.87,18928830,1789644096,2026-09-17T11:21:36Z,NASDAQ:GOOGL
8.976232022413972,6.6243769035893365,49.49091595045243,3.3830845771144364,352.3641,49.96185736558453,-0.6116296596904208,342.87,18928830,1789644275,2026-09-17T11:24:35Z,NASDAQ:GOOGL
8.976232022413972,6.6243769035893365,49.49091595045243,3.3830845771144364,352.3641,49.96185736558453,-0.6116296596904208,342.87,18928830,1789644457,2026-09-17T11:27:37Z,NASDAQ:GOOGL
8.976232022413972,6.6243769035893365,49.49091595045243,3.3830845771144364,352.3641,49.96185736558453,-0.6116296596904208,342.87,18928830,1789644635,2026-09-17T11:30:35Z,NASDAQ:GOOGL
8.976232022413972,6.6243769035893365,49.49091595045243,3.3830845771144364,352.3641,49.96185736558453,-0.6116296596904208,342.87,18928830,1789644815,2026-09-17T11:33:35Z,NASDAQ:GOOGL
8.976232022413972,6.6243769035893365,49.49091595045243,3.3830845771144364,352.3641,49.96185736558453,-0.6116296596904208,342.87,18928830,1789644998,2026-09-17T11:36:38Z,NASDAQ:GOOGL
8.976232022413972,6.6243769035893365,49.49091595045243,3.3830845771144364,352.3641,49.96185736558453,-0.6116296596904208,342.87,18928830,1789645177,2026-09-17T11:39:37Z,NASDAQ:GOOGL
8.976232022413972,6.6243769035893365,49.49091595045243,3.3830845771144364,352.3641,49.96185736558453,-0.6116296596904208,342.87,18928830,1789645357,2026-09-17T11:42:37Z,NASDAQ:GOOGL
8.976232022413972,6.6243769035893365,49.49091595045243,3.3830845771144364,352.3641,49.96185736558453,-0.6116296596904208,342.87,18928830,1789645534,2026-09-17T11:45:34Z,NASDAQ:GOOGL
8.976232022413972,6.6243769035893365,49.49091595045243,3.3830845771144364,352.3641,49.96185736558453,-0.6116296596904208,342.87,18928830,1789645719,2026-09-17T11:48:39Z,NASDAQ:GOOGL
8.976232022413972,6.6243769035893365,49.49091595045243,3.3830845771144364,352.3641,49.96185736558453,-0.6116296596904208,342.87,18928830,1789645896,2026-09-17T11:51:36Z,NASDAQ:GOOGL
8.976232022413972,6.6243769035893365,49.49091595045243,3.3830845771144364,352.3641,49.96185736558453,-0.6116296596904208,342.87,18928830,1789646074,2026-09-17T11:54:34Z,NASDAQ:GOOGL
8.976232022413972,6.6243769035893365,49.49091595045243,3.3830845771144364,352.3641,49.96185736558453,-0.6116296596904208,342.87,18928830,1789646257,2026-09-17T11:57:37Z,NASDAQ:GOOGL
8.976232022413972,6.6243769035893365,49.49091595045243,3.3830845771144364,352.3641,49.96185736558453,-0.6116296596904208,342.87,18928830,1789646436,2026-09-17T12:00:36Z,NASDAQ:GOOGL
8.976232022413972,6.6243769035893365,49.49091595045243,3.3830845771144364,352.3641,49.96185736558453,-0.6116296596904208,342.87,18928830,1789646616,2026-09-17T12:03:36Z,NASDAQ:GOOGL
8.976232022413972,6.6243769035893365,49.49091595045243,3.3830845771144364,352.3641,49.96185736558453,-0.6116296596904208,342.87,18928830,1789646798,2026-09-17T12:06:38Z,NASDAQ:GOOGL
8.976232022413972,6.6243769035893365,49.49091595045243,3.3830845771144364,352.3641,49.96185736558453,-0.6116296596904208,342.87,18928830,1789646977,2026-09-17T12:09:37Z,NASDAQ:GOOGL
8.976232022413972,6.6243769035893365,49.49091595045243,3.3830845771144364,352.3641,49.96185736558453,-0.6116296596904208,342.87,18928830,1789647157,2026-09-17T12:12:37Z,NASDAQ:GOOGL
8.976232022413972,6.6243769035893365,49.49091595045243,3.3830845771144364,352.3641,49.96185736558453,-0.6116296596904208,342.87,18928830,1789647340,2026-09-17T12:15:40Z,NASDAQ:GOOGL
8.976232022413972,6.6243769035893365,49.49091595045243,3.3830845771144364,352.3641,49.96185736558453,-0.6116296596904208,342.87,18928830,1789647519,2026-09-17T12:18:39Z,NASDAQ:GOOGL
8.976232022413972,6.6243769035893365,49.49091595045243,3.3830845771144364,352.3641,49.96185736558453,-0.6116296596904208,342.87,18928830,1789647694,2026-09-17T12:21:34Z,NASDAQ:GOOGL
8.976232022413972,6.6243769035893365,49.49091595045243,3.3830845771144364,352.3641,49.96185736558453,-0.6116296596904208,342.87,18928830,1789647877,2026-09-17T12:24:37Z,NASDAQ:GOOGL
8.976232022413972,6.6243769035893365,49.49091595045243,3.3830845771144364,352.3641,49.96185736558453,-0.6116296596904208,342.87,18928830,1789648055,2026-09-17T12:27:35Z,NASDAQ:GOOGL
8.976232022413972,6.6243769035893365,49.49091595045243,3.3830845771144364,352.3641,49.96185736558453,-0.6116296596904208,342.87,18928830,1789648235,2026-09-17T12:30:35Z,NASDAQ:GOOGL
8.976232022413972,6.6243769035893365,49.49091595045243,3.3830845771144364,352.3641,49.96185736558453,-0.6116296596904208,342.87,18928830,1789648418,2026-09-17T12:33:38Z,NASDAQ:GOOGL
8.976232022413972,6.6243769035893365,49.49091595045243,3.3830845771144364,352.3641,49.96185736558453,-0.6116296596904208,342.87,18928830,1789648595,2026-09-17T12:36:35Z,NASDAQ:GOOGL
8.976232022413972,6.6243769035893365,49.49091595045243,3.3830845771144364,352.3641,49.96185736558453,-0.6116296596904208,342.87,18928830,1789648777,2026-09-17T12:39:37Z,NASDAQ:GOOGL
8.976232022413972,6.6243769035893365,49.49091595045243,3.3830845771144364,352.3641,49.96185736558453,-0.6116296596904208,342.87,18928830,1789648955,2026-09-17T12:42:35Z,NASDAQ:GOOGL
8.976232022413972,6.6243769035893365,49.49091595045243,3.3830845771144364,352.3641,49.96185736558453,-0.6116296596904208,342.87,18928830,1789649135,2026-09-17T12:45:35Z,NASDAQ:GOOGL
8.976232022413972,6.6243769035893365,49.49091595045243,3.3830845771144364,352.3641,49.96185736558453,-0.6116296596904208,342.87,18928830,1789649315,2026-09-17T12:48:35Z,NASDAQ:GOOGL
8.976232022413972,6.6243769035893365,49.49091595045243,3.3830845771144364,352.3641,49.96185736558453,-0.6116296596904208,342.87,18928830,1789649497,2026-09-17T12:51:37Z,NASDAQ:GOOGL
8.976232022413972,6.6243769035893365,49.49091595045243,3.3830845771144364,352.3641,49.96185736558453,-0.6116296596904208,342.87,18928830,1789649677,2026-09-17T12:54:37Z,NASDAQ:GOOGL
8.976232022413972,6.6243769035893365,49.49091595045243,3.3830845771144364,352.3641,49.96185736558453,-0.6116296596904208,342.87,18928830,1789649854,2026-09-17T12:57:34Z,NASDAQ:GOOGL
8.976232022413972,6.6243769035893365,49.49091595045243,3.3830845771144364,352.3641,49.96185736558453,-0.6116296596904208,342.87,18928830,1789650036,2026-09-17T13:00:36Z,NASDAQ:GOOGL
8.976232022413972,6.6243769035893365,49.49091595045243,3.3830845771144364,352.3641,49.96185736558453,-0.6116296596904208,342.87,18928830,1789650217,2026-09-17T13:03:37Z,NASDAQ:GOOGL
8.976232022413972,6.6243769035893365,49.49091595045243,3.3830845771144364,352.3641,49.96185736558453,-0.6116296596904208,342.87,18928830,1789650396,2026-09-17T13:06:36Z,NASDAQ:GOOGL
8.976232022413972,6.6243769035893365,49.49091595045243,3.3830845771144364,352.3641,49.96185736558453,-0.6116296596904208,342.87,18928830,1789650578,2026-09-17T13:09:38Z,NASDAQ:GOOGL
8.976232022413972,6.6243769035893365,49.49091595045243,3.3830845771144364,352.3641,49.96185736558453,-0.6116296596904208,342.87,18928830,1789650758,2026-09-17T13:12:38Z,NASDAQ:GOOGL
8.976232022413972,6.6243769035893365,49.49091595045243,3.3830845771144364,352.3641,49.96185736558453,-0.6116296596904208,342.87,18928830,1789650937,2026-09-17T13:15:37Z,NASDAQ:GOOGL
8.976232022413972,6.6243769035893365,49.49091595045243,3.3830845771144364,352.3641,49.96185736558453,-0.6116296596904208,342.87,18928830,1789651118,2026-09-17T13:18:38Z,NASDAQ:GOOGL
8.976232022413972,6.6243769035893365,49.49091595045243,3.3830845771144364,352.3641,49.96185736558453,-0.6116296596904208,342.87,18928830,1789651293,2026-09-17T13:21:33Z,NASDAQ:GOOGL
8.976232022413972,6.6243769035893365,49.49091595045243,3.3830845771144364,352.3641,49.96185736558453,-0.6116296596904208,342.87,18928830,1789651474,2026-09-17T13:24:34Z,NASDAQ:GOOGL
8.976232022413972,6.6243769035893365,49.49091595045243,3.3830845771144364,352.3641,49.96185736558453,-0.6116296596904208,342.87,18928830,1789651656,2026-09-17T13:27:36Z,NASDAQ:GOOGL
8.976232022413972,6.6243769035893365,49.49091595045243,3.3830845771144364,352.3641,49.96185736558453,-0.6116296596904208,342.87,18928830,1789651834,2026-09-17T13:30:34Z,NASDAQ:GOOGL
8.976232022413972,6.6243769035893365,49.49091595045243,3.3830845771144364,352.3641,49.96185736558453,-0.6116296596904208,342.87,18928830,1789652017,2026-09-17T13:33:37Z,NASDAQ:GOOGL
8.976232022413972,6.6243769035893365,49.49091595045243,3.3830845771144364,352.3641,49.96185736558453,-0.6116296596904208,342.87,18928830,1789652194,2026-09-17T13:36:34Z,NASDAQ:GOOGL
8.976232022413972,6.6243769035893365,49.49091595045243,3.3830845771144364,352.3641,49.96185736558453,-0.6116296596904208,342.87,18928830,1789652376,2026-09-17T13:39:36Z,NASDAQ:GOOGL
8.976232022413972,6.6243769035893365,49.49091595045243,3.3830845771144364,352.3641,49.96185736558453,-0.6116296596904208,342.87,18928830,1789652556,2026-09-17T13:42:36Z,NASDAQ:GOOGL
9.33207687130012,12.80089448879096,117.64073326206442,6.2304821387767495,352.3641,54.29227548903408,1.6930615101933697,348.675,437436,1789652735,2026-09-17T13:45:35Z,NASDAQ:GOOGL
9.423760525530144,12.362423060219442,110.66131145359677,5.973036788788167,352.3641,53.70912788073635,1.4466124187009597,347.83,1100870,1789652917,2026-09-17T13:48:37Z,NASDAQ:GOOGL
9.423760525530144,11.700894488790937,101.98529815056185,5.686647878741705,352.3641,53.04268443110757,1.172456032898761,346.89,1298801,1789653095,2026-09-17T13:51:35Z,NASDAQ:GOOGL
9.423760525530144,10.78946591736235,99.00962957002,5.752151725188512,352.3641,53.19680268131877,1.235162014757784,347.105,1561716,1789653279,2026-09-17T13:54:39Z,NASDAQ:GOOGL
9.423760525530144,11.074037345933732,89.30327408843665,5.199177393556249,352.3641,51.86307450536278,0.7058068655758789,345.29,1832855,1789653457,2026-09-17T13:57:37Z,NASDAQ:GOOGL
9.423760525530144,10.922837345933717,91.8255807959534,5.360408256531343,352.3641,52.25973580250331,0.8601510776679262,345.8192,2028549,1789653640,2026-09-17T14:00:40Z,NASDAQ:GOOGL
9.423760525530144,10.67089448879085,84.50250519369233,5.057506283799213,352.3641,51.50905369937285,0.5701869513226541,344.825,2193267,1789653818,2026-09-17T14:03:38Z,NASDAQ:GOOGL
9.423760525530144,10.458037345933748,81.79964343553789,4.975245639424171,352.3641,51.30109338759173,0.4914399043369213,344.555,2340406,1789653995,2026-09-17T14:06:35Z,NASDAQ:GOOGL
9.423760525530144,10.175165917362335,76.89687673083752,4.803107624343053,352.3641,50.860093160734095,0.3266544171260258,343.99,2484000,1789654174,2026-09-17T14:09:34Z,NASDAQ:GOOGL
9.423760525530144,10.075165917362312,78.60162243499836,4.909741792977363,352.3641,51.13421527716638,0.4287339224778985,344.34,2590953,1789654357,2026-09-17T14:12:37Z,NASDAQ:GOOGL
9.423760525530144,9.740880203076642,84.26505193854454,5.266204585269241,352.3641,52.02877304524539,0.769971126082768,345.51,2842446,1789654537,2026-09-17T14:15:37Z,NASDAQ:GOOGL
9.423760525530144,9.78373734593373,83.54199051709942,5.220504227283111,352.3641,51.91592079710615,0.7262227666462534,345.36,3047802,1789654717,2026-09-17T14:18:37Z,NASDAQ:GOOGL
9.423760525530144,9.683708774505192,85.22824112823625,5.327168862822755,352.3641,52.17849585644433,0.8283314375710931,345.7101,3282422,1789654896,2026-09-17T14:21:36Z,NASDAQ:GOOGL
9.423760525530144,9.785165917362349,83.51787323924563,5.218980882016908,352.3641,51.91214991030913,0.7247644879983707,345.355,3427987,1789655077,2026-09-17T14:24:37Z,NASDAQ:GOOGL
9.423760525530144,9.778023060219482,83.63844979720074,5.226597608347923,352.3641,51.93099843214448,0.7320558812377842,345.38,3507750,1789655256,2026-09-17T14:27:36Z,NASDAQ:GOOGL
9.423760525530144,9.569451631648064,87.1484812607537,5.449006017213798,352.3641,52.47493407167142,0.944964563828859,346.11,3625907,1789655437,2026-09-17T14:30:37Z,NASDAQ:GOOGL
9.423760525530144,9.669480203076604,85.46771155808561,5.342341381674154,352.3641,52.21561307454603,0.8428558929040195,345.7599,3733510,1789655617,2026-09-17T14:33:37Z,NASDAQ:GOOGL
9.423760525530144,9.760880203076624,83.92773328953369,5.244877751542379,352.3641,51.97617465618888,0.7495552250123934,345.44,3842925,1789655799,2026-09-17T14:36:39Z,NASDAQ:GOOGL
9.423760525530144,9.472308774505166,88.77619066753118,5.552593495315702,352.3641,52.72409407644084,1.0441275118849662,346.45,3939698,1789655977,2026-09-17T14:39:37Z,NASDAQ:GOOGL
9.423760525530144,9.326594488790931,91.20934891431529,5.707974712468568,352.3641,53.09297378174893,1.1928719339691356,346.96,4069789,1789656154,2026-09-17T14:42:34Z,NASDAQ:GOOGL
9.423760525530144,9.360880203076649,90.63774589122414,5.671414426079656,352.3641,53.00669739670988,1.1578732464199173,346.84,4193724,1789656337,2026-09-17T14:45:37Z,NASDAQ:GOOGL
9.423760525530144,9.170880203076592,93.79840230545778,5.8740193464848725,352.3641,53.48085872166629,1.3518243065885005,347.505,4312692,1789656519,2026-09-17T14:48:39Z,NASDAQ:GOOGL
9.423760525530144,9.035165917362349,96.04563256043276,6.018737146774314,352.3641,53.81372900373996,1.4903607781374906,347.98,4474329,1789656694,2026-09-17T14:51:34Z,NASDAQ:GOOGL
9.423760525530144,8.969451631648042,97.13067357887287,6.0888110290197135,352.3641,53.97320242813779,1.557441595940145,348.21,4591118,1789656875,2026-09-17T14:54:35Z,NASDAQ:GOOGL
9.423760525530144,8.883737345933753,98.54292526680489,6.180211744991992,352.3641,54.17956363546961,1.6449383148131904,348.51,4722509,1789657057,2026-09-17T14:57:37Z,NASDAQ:GOOGL
9.423760525530144,9.096594488790911,95.02953287710018,5.953233300327508,352.3641,53.66365344345232,1.4276547962784676,347.765,4830045,1789657233,2026-09-17T15:00:33Z,NASDAQ:GOOGL
9.423760525530144,9.402308774505116,89.9463167599026,5.627237413359729,352.3641,52.90202237624092,1.1155831656312851,346.695,4921805,1789657418,2026-09-17T15:03:38Z,NASDAQ:GOOGL
9.423760525530144,9.403737345933736,89.9224598746149,5.625714068093526,352.3641,52.89840457497103,1.1141248869834026,346.69,4999772,1789657600,2026-09-17T15:06:40Z,NASDAQ:GOOGL
9.423760525530144,9.543708774505204,87.58026220204681,5.476456698910807,352.3641,52.541216886456645,0.9712427450637312,346.2001,5072704,1789657775,2026-09-17T15:09:35Z,NASDAQ:GOOGL
9.423760525530144,9.409451631647984,89.82702265916681,5.619620687028712,352.3641,52.88392781020093,1.108291772391872,346.67,5176787,1789657958,2026-09-17T15:12:38Z,NASDAQ:GOOGL
9.423760525530144,9.539451631647978,87.65163613799776,5.480996267804083,352.3641,52.55216038376567,0.9755884154344124,346.215,5250856,1789658138,2026-09-17T15:15:38Z,NASDAQ:GOOGL
9.423760525530144,9.599451631648035,86.64489674875462,5.417015766623496,352.3641,52.39745596198095,0.9143407122232888,346.005,5304131,1789658317,2026-09-17T15:18:37Z,NASDAQ:GOOGL
9.423760525530144,9.799451631647967,83.27664637190406,5.203747429354858,352.3641,51.87440848723473,0.710181701519527,345.305,5389780,1789658496,2026-09-17T15:21:36Z,NASDAQ:GOOGL
9.423760525530144,9.730880203076538,84.43363912055742,5.276868002132681,352.3641,52.05502905689082,0.7801790766179635,345.545,5473299,1789658675,2026-09-17T15:24:35Z,NASDAQ:GOOGL
9.423760525530144,9.425165917362335,89.56449047782792,5.60286388910046,352.3641,52.84407078319951,1.0922507072651455,346.615,5658815,1789658859,2026-09-17T15:27:39Z,NASDAQ:GOOGL
9.423760525530144,9.30516591736233,91.56631872361044,5.73082489146165,352.3641,53.14673583447175,1.2147461136874094,347.035,5749023,1789659036,2026-09-17T15:30:36Z,NASDAQ:GOOGL
9.423760525530144,9.152308774505116,94.10642744309835,5.893822834945531,352.3641,53.5266924782646,1.370781929010992,347.57,5846428,1789659216,2026-09-17T15:33:36Z,NASDAQ:GOOGL
9.423760525530144,9.179451631647964,93.65618226796389,5.864879274887653,352.3641,53.45967417430432,1.343074634701204,347.475,5918697,1789659397,2026-09-17T15:36:37Z,NASDAQ:GOOGL
9.423760525530144,9.238023060219405,92.68342147358965,5.8024221189732526,352.3641,53.31439508907759,1.2832852101379464,347.27,5983272,1789659577,2026-09-17T15:39:37Z,NASDAQ:GOOGL
9.423760525530144,9.065165917362322,95.54961810805662,5.9867468961840125,352.3641,53.74055793225662,1.4597369265319202,347.875,6100552,1789659754,2026-09-17T15:42:34Z,NASDAQ:GOOGL
9.423760525530144,9.095165917362294,95.05318313593538,5.954756645593711,352.3641,53.66715464885474,1.4291130749263503,347.77,6209043,1789659937,2026-09-17T15:45:37Z,NASDAQ:GOOGL
9.423760525530144,9.183737345933707,93.58505931440826,5.860309239089026,352.3641,53.44907466348534,1.3386997987575393,347.46,6284158,1789660118,2026-09-17T15:48:38Z,NASDAQ:GOOGL
9.423760525530144,9.175165917362335,93.72729659778976,5.869449310686263,352.3641,53.47026885926629,1.347449470644852,347.49,6350412,1789660299,2026-09-17T15:51:39Z,NASDAQ:GOOGL
9.423760525530144,9.240880203076642,92.63592845523576,5.799375428440846,352.3641,53.30728509985585,1.2803686528421812,347.26,6397620,1789660476,2026-09-17T15:54:36Z,NASDAQ:GOOGL
9.423760525530144,9.240880203076642,92.63592845523576,5.799375428440846,352.3641,53.30728509985585,1.2803686528421812,347.26,6459588,1789660656,2026-09-17T15:57:36Z,NASDAQ:GOOGL
9.423760525530144,9.333737345933685,91.09031077761315,5.700357986137552,352.3641,53.07502566942489,1.185580540729722,346.935,6568038,1789660836,2026-09-17T16:00:36Z,NASDAQ:GOOGL
9.423760525530144,9.355165917362283,90.73305166415416,5.677507807144486,352.3641,53.02109882755813,1.1637063610114649,346.86,6635328,1789661015,2026-09-17T16:03:35Z,NASDAQ:GOOGL
9.423760525530144,9.483737345933775,88.58492865098233,5.540406733186077,352.3641,52.69491681765902,1.0324612827019046,346.41,6702483,1789661198,2026-09-17T16:06:38Z,NASDAQ:GOOGL
9.423760525530144,9.458023060219432,89.01518087370142,5.567826947977752,352.3641,52.76051507455743,1.05871029836381,346.5,7023504,1789661378,2026-09-17T16:09:38Z,NASDAQ:GOOGL
9.423760525530144,9.652308774505116,85.75658177168806,5.360651991773926,352.3641,52.26033049305546,0.8603844022515789,345.82,7120219,1789661556,2026-09-17T16:12:36Z,NASDAQ:GOOGL
9.423760525530144,9.809451631648074,83.10772902904792,5.193084012491418,352.3641,51.84795422259749,0.6999737509843315,345.27,7315533,1789661737,2026-09-17T16:15:37Z,NASDAQ:GOOGL
9.423760525530144,9.760880203076624,83.92773328953369,5.244877751542379,352.3641,51.97617465618888,0.7495552250123934,345.44,7418723,1789661916,2026-09-17T16:18:36Z,NASDAQ:GOOGL
9.423760525530144,9.885165917362258,81.82721696619167,5.112346713382579,352.3641,51.64670997639475,0.6226849826464814,345.005,7537249,1789662098,2026-09-17T16:21:38Z,NASDAQ:GOOGL
9.423760525530144,9.77230877450512,83.7348933500758,5.2326909894127365,352.3641,51.946066614415095,0.7378889958293151,345.4,7636132,1789662278,2026-09-17T16:24:38Z,NASDAQ:GOOGL
9.423760525530144,9.792308774505216,83.39727209998541,5.211364155685874,352.3641,51.89328660114206,0.7174730947589405,345.33,7743750,1789662458,2026-09-17T16:27:38Z,NASDAQ:GOOGL
9.423760525530144,9.829451631648055,82.76974963424132,5.171757178764556,352.3641,51.79495834707057,0.679557849913957,345.2,7815798,1789662637,2026-09-17T16:30:37Z,NASDAQ:GOOGL
9.423760525530144,9.743737345933766,84.21687534064081,5.2631578947368345,352.3641,52.02126604489729,0.7670545687870025,345.5,7881569,1789662816,2026-09-17T16:33:36Z,NASDAQ:GOOGL
9.423760525530144,9.815165917362322,83.01118318040368,5.186990631426606,352.3641,51.83282443798792,0.6941406363928005,345.25,7950381,1789662996,2026-09-17T16:36:36Z,NASDAQ:GOOGL
9.423760525530144,9.75659448879088,84.00003205837257,5.249447787340989,352.3641,51.98745544733755,0.7539300609560415,345.455,8006497,1789663177,2026-09-17T16:39:37Z,NASDAQ:GOOGL
9.423760525530144,9.765165917362252,83.85542568061871,5.24030771574377,352.3641,51.96488856283609,0.7451803890687453,345.425,8055155,1789663357,2026-09-17T16:42:37Z,NASDAQ:GOOGL
9.423760525530144,9.792308774505216,83.39727209998541,5.211364155685874,352.3641,51.89328660114206,0.7174730947589405,345.33,8136592,1789663535,2026-09-17T16:45:35Z,NASDAQ:GOOGL
9.423760525530144,9.889451631648,81.75465228813437,5.10777667758397,352.3641,51.63526847822454,0.6183101467028332,344.99,8223443,1789663716,2026-09-17T16:48:36Z,NASDAQ:GOOGL
9.423760525530144,9.85230877450516,82.38325103063582,5.147383654505288,352.3641,51.73424861073336,0.6562253915478169,345.12,8293535,1789663894,2026-09-17T16:51:34Z,NASDAQ:GOOGL
9.423760525530144,9.646594488790868,85.85268029644237,5.366745372838739,352.3641,52.27519294319999,0.8662175168431099,345.84,8392256,1789664077,2026-09-17T16:54:37Z,NASDAQ:GOOGL
9.423760525530144,9.649451631647992,85.80463298918866,5.363698682306333,352.3641,52.26776287506291,0.8633009595473443,345.83,8456015,1789664255,2026-09-17T16:57:35Z,NASDAQ:GOOGL
9.423760525530144,9.639451631648,85.97278146037381,5.3743620991697725,352.3641,52.29375799744811,0.8735089100825398,345.865,8499042,1789664434,2026-09-17T17:00:34Z,NASDAQ:GOOGL
9.423760525530144,9.6180230602194,86.33293841030924,5.397212278162837,352.3641,52.34936659904969,0.8953830898007972,345.94,8553372,1789664616,2026-09-17T17:03:36Z,NASDAQ:GOOGL
9.423760525530144,9.590880203076551,86.78882191026281,5.426155838220733,352.3641,52.41961833015521,0.9230903841106018,346.035,8598455,1789664799,2026-09-17T17:06:39Z,NASDAQ:GOOGL
9.423760525530144,9.673737345933716,85.39607295308224,5.337801812780861,352.3641,52.204513764152686,0.8385102225333216,345.745,8650373,1789664977,2026-09-17T17:09:37Z,NASDAQ:GOOGL
9.423760525530144,9.792308774505216,83.39727209998541,5.211364155685874,352.3641,51.89328660114206,0.7174730947589405,345.33,8713941,1789665158,2026-09-17T17:12:38Z,NASDAQ:GOOGL
9.423760525530144,9.718023060219425,84.65032344183615,5.29057810952851,352.3641,52.08874458370644,0.7933035844489079,345.59,8746851,1789665333,2026-09-17T17:15:33Z,NASDAQ:GOOGL
9.423760525530144,9.706594488790929,84.84286505671534,5.302764871658153,352.3641,52.1186741577095,0.804969813631986,345.63,8788968,1789665515,2026-09-17T17:18:35Z,NASDAQ:GOOGL
9.423760525530144,9.643737345933744,85.90072369392637,5.369792063371163,352.3641,52.28262069854709,0.8691340741388918,345.85,8820219,1789665695,2026-09-17T17:21:35Z,NASDAQ:GOOGL
9.423760525530144,9.672308774505211,85.42011372213123,5.339325158047064,352.3641,52.20823893973996,0.8399685011812044,345.75,8848948,1789665875,2026-09-17T17:24:35Z,NASDAQ:GOOGL
9.423760525530144,9.684451631648074,85.21573598894403,5.326376723284319,352.3641,52.17655642581383,0.8275731326741846,345.7075,8879791,1789666056,2026-09-17T17:27:36Z,NASDAQ:GOOGL
9.423760525530144,9.658023060219476,85.66046760403285,5.354558610709113,352.3641,52.24545878310458,0.8545512876600482,345.8,8908065,1789666234,2026-09-17T17:30:34Z,NASDAQ:GOOGL
9.423760525530144,9.726594488790909,84.50587605422939,5.281438037931291,352.3641,52.06627283701093,0.7845539125616117,345.56,8962789,1789666416,2026-09-17T17:33:36Z,NASDAQ:GOOGL
9.423760525530144,9.836594488790922,82.64899592298079,5.16414045243354,352.3641,51.776002966827214,0.6722664566745433,345.175,9022300,1789666596,2026-09-17T17:36:36Z,NASDAQ:GOOGL
9.423760525530144,9.846594488790911,82.47989933789022,5.1534770355701,352.3641,51.74944037622322,0.6620585061393478,345.14,9072178,1789666774,2026-09-17T17:39:34Z,NASDAQ:GOOGL
9.423760525530144,9.864851631648037,82.17105266737913,5.134008683068009,352.3641,51.70086911792322,0.6434217050193928,345.0761,9126799,1789666955,2026-09-17T17:42:35Z,NASDAQ:GOOGL
9.423760525530144,9.90659448879086,81.46430467064107,5.089496534389514,352.3641,51.58944828782477,0.6008108029282242,344.93,9169842,1789667139,2026-09-17T17:45:39Z,NASDAQ:GOOGL
9.423760525530144,9.923737345933716,81.1738147262913,5.071216391195058,352.3641,51.54354119605282,0.583311459153615,344.87,9253378,1789667316,2026-09-17T17:48:36Z,NASDAQ:GOOGL
9.423760525530144,9.818023060219446,82.96290434922628,5.183943940894199,352.3641,51.8252559796921,0.6912240790970352,345.24,9319556,1789667495,2026-09-17T17:51:35Z,NASDAQ:GOOGL
9.423760525530144,9.776594488790863,83.66256215969726,5.228120953614127,352.3641,51.93476636356178,0.733514159885667,345.385,9359022,1789667674,2026-09-17T17:54:34Z,NASDAQ:GOOGL
9.423760525530144,9.803737345933712,83.204259129291,5.199177393556249,352.3641,51.86307450536278,0.7058068655758789,345.29,9395926,1789667859,2026-09-17T17:57:39Z,NASDAQ:GOOGL
9.423760525530144,9.775165917362358,83.68667353930144,5.22964429888033,352.3641,51.93853370432007,0.7349724385335497,345.39,9447635,1789668037,2026-09-17T18:00:37Z,NASDAQ:GOOGL
9.423760525530144,9.838023060219427,82.62484222471136,5.162617107167337,352.3641,51.77221010174725,0.6708081780266607,345.17,9508217,1789668215,2026-09-17T18:03:35Z,NASDAQ:GOOGL
9.423760525530144,9.889451631648,81.75465228813437,5.10777667758397,352.3641,51.63526847822454,0.6183101467028332,344.99,9558830,1789668395,2026-09-17T18:06:35Z,NASDAQ:GOOGL
9.423760525530144,9.84230877450517,82.55237521677554,5.15804707136871,352.3641,51.76082792591136,0.6664333420829959,345.155,9597727,1789668575,2026-09-17T18:09:35Z,NASDAQ:GOOGL
9.423760525530144,9.829451631648055,82.76974963424132,5.171757178764556,352.3641,51.79495834707057,0.679557849913957,345.2,9673518,1789668755,2026-09-17T18:12:35Z,NASDAQ:GOOGL
9.423760525530144,9.764451631648,83.86747756273402,5.241069388376872,352.3641,51.96676994676213,0.7459095283926866,345.4275,9725837,1789668938,2026-09-17T18:15:38Z,NASDAQ:GOOGL
9.423760525530144,9.860880203076649,82.23824898603588,5.138243582908051,352.3641,51.71144301720509,0.6474757196605041,345.09,9773085,1789669112,2026-09-17T18:18:32Z,NASDAQ:GOOGL
9.423760525530144,9.849451631648035,82.43157715618848,5.150430345037695,352.3641,51.74184568907797,0.6591419488435823,345.13,9824226,1789669297,2026-09-17T18:21:37Z,NASDAQ:GOOGL
9.423760525530144,9.850880203076542,82.40741458642383,5.148906999771491,352.3641,51.73804744887615,0.6576836701956997,345.125,9871326,1789669479,2026-09-17T18:24:39Z,NASDAQ:GOOGL
9.423760525530144,9.855165917362283,82.33492096074771,5.144336963972881,352.3641,51.72664914005995,0.6533088342520516,345.11,9929954,1789669656,2026-09-17T18:27:36Z,NASDAQ:GOOGL
9.423760525530144,9.769451631647996,83.78310923000615,5.23573767994516,352.3641,51.953597163540095,0.7408055531250971,345.41,10008775,1789669836,2026-09-17T18:30:36Z,NASDAQ:GOOGL
9.423760525530144,9.77230877450512,83.7348933500758,5.2326909894127365,352.3641,51.946066614415095,0.7378889958293151,345.4,10054482,1789670019,2026-09-17T18:33:39Z,NASDAQ:GOOGL
9.423760525530144,9.658023060219476,85.66046760403285,5.354558610709113,352.3641,52.24545878310458,0.8545512876600482,345.8,10115273,1789670195,2026-09-17T18:36:35Z,NASDAQ:GOOGL
9.423760525530144,9.662308774505108,85.58837171033967,5.349988574910504,352.3641,52.2342989186865,0.8501764517163999,345.785,10169882,1789670376,2026-09-17T18:39:36Z,NASDAQ:GOOGL
9.423760525530144,9.649451631647992,85.80463298918866,5.363698682306333,352.3641,52.26776287506291,0.8341353865896736,345.73,10214654,1789670556,2026-09-17T18:42:36Z,NASDAQ:GOOGL
9.423760525530144,9.643737345933744,85.90072369392637,5.369792063371163,352.3641,52.28262069854709,0.8691340741388918,345.85,10266075,1789670736,2026-09-17T18:45:36Z,NASDAQ:GOOGL
9.423760525530144,9.646594488790868,85.85268029644237,5.366745372838739,352.3641,52.27519294319999,0.8662175168431099,345.84,10330969,1789670913,2026-09-17T18:48:33Z,NASDAQ:GOOGL
9.423760525530144,9.66659448879085,85.51626701375415,5.3454185391118765,352.3641,52.223133837102345,0.8458016157727353,345.77,10375699,1789671095,2026-09-17T18:51:35Z,NASDAQ:GOOGL
9.423760525530144,9.695165917362315,85.03534395463751,5.314951633787795,352.3641,52.14856636178104,0.8166360428150644,345.67,10421558,1789671275,2026-09-17T18:54:35Z,NASDAQ:GOOGL
9.423760525530144,9.635165917362258,86.04483043252137,5.378932134968382,352.3641,52.30489009864192,0.877883746026188,345.88,10479428,1789671454,2026-09-17T18:57:34Z,NASDAQ:GOOGL
9.423760525530144,9.589451631648046,86.81280602391334,5.427679183486936,352.3641,52.423310052031454,0.9245486627584846,346.04,10543986,1789671638,2026-09-17T19:00:38Z,NASDAQ:GOOGL
9.423760525530144,9.572308774505188,87.10053935003312,5.445959326681392,352.3641,52.46756607184592,0.9420480065330936,346.1,10609291,1789671814,2026-09-17T19:03:34Z,NASDAQ:GOOGL
9.423760525530144,9.530880203076606,87.79531583878092,5.490136339401319,352.3641,52.574178967522286,0.9843380873217256,346.245,10686131,1789671998,2026-09-17T19:06:38Z,NASDAQ:GOOGL
9.423760525530144,9.599451631648035,86.64489674875462,5.417015766623496,352.3641,52.39745596198095,0.9143407122232888,346.005,10745826,1789672177,2026-09-17T19:09:37Z,NASDAQ:GOOGL
9.423760525530144,9.64088020307662,85.94876318211529,5.372838753903569,352.3641,52.29004614218386,0.8720506314346572,345.86,10806203,1789672355,2026-09-17T19:12:35Z,NASDAQ:GOOGL
9.423760525530144,9.595165917362294,86.7168637183496,5.421585802422106,352.3641,52.40853972620814,0.9187155481669372,346.02,10869883,1789672534,2026-09-17T19:15:34Z,NASDAQ:GOOGL
9.423760525530144,9.498023060219396,88.34576376614844,5.525173280524028,352.3641,52.65839455948908,1.017878496223061,346.36,10954594,1789672714,2026-09-17T19:18:34Z,NASDAQ:GOOGL
9.423760525530144,9.469451631648042,88.82399646848002,5.555640185848109,352.3641,52.73138276818627,1.0470440691807317,346.46,11048680,1789672894,2026-09-17T19:21:34Z,NASDAQ:GOOGL
9.423760525530144,9.489451631648024,88.48927434843996,5.534313352121247,352.3641,52.68031467860818,1.026628168110357,346.39,11169210,1789673075,2026-09-17T19:24:35Z,NASDAQ:GOOGL
9.423760525530144,9.589451631648046,86.81280602391334,5.427679183486936,352.3641,52.423310052031454,0.9245486627584846,346.04,11229286,1789673253,2026-09-17T19:27:33Z,NASDAQ:GOOGL
9.423760525530144,9.4865944887909,88.53710344129293,5.537360042653654,352.3641,52.68761687480722,1.0295447254061223,346.4,11359308,1789673436,2026-09-17T19:30:36Z,NASDAQ:GOOGL
9.423760525530144,9.495165917362272,88.39360451134125,5.528219971056434,352.3641,52.66570352199359,1.0207950535188264,346.37,11512172,1789673615,2026-09-17T19:33:35Z,NASDAQ:GOOGL
9.423760525530144,9.478023060219414,88.68056742275171,5.54650011425089,352.3641,52.70950994749149,1.0382943972934355,346.43,11577266,1789673797,2026-09-17T19:36:37Z,NASDAQ:GOOGL
9.423760525530144,9.502308774505138,88.27399536373073,5.520603244725418,352.3641,52.647426882545744,1.013503660279413,346.345,11659373,1789673977,2026-09-17T19:39:37Z,NASDAQ:GOOGL
9.423760525530144,9.45945163164805,88.99128621730442,5.566303602711549,352.3641,52.75687550020171,1.0572520197159274,346.495,11753037,1789674156,2026-09-17T19:42:36Z,NASDAQ:GOOGL
9.423760525530144,9.386594488790877,90.20867866841412,5.643994211287981,352.3641,52.94178154130953,1.1316242307580118,346.75,11904611,1789674332,2026-09-17T19:45:32Z,NASDAQ:GOOGL
9.423760525530144,9.298023060219464,91.6852604841644,5.738441617792666,352.3641,53.16462914300358,1.2220375069268228,347.06,12078809,1789674516,2026-09-17T19:48:36Z,NASDAQ:GOOGL
9.423760525530144,9.285165917362349,91.89929498718742,5.752151725188512,352.3641,53.19680268131877,1.235162014757784,347.105,12201266,1789674697,2026-09-17T19:51:37Z,NASDAQ:GOOGL
9.423760525530144,9.206594488790929,93.20559118549856,5.835935714829757,352.3641,53.39246229946637,1.3153673403913997,347.38,12314897,1789674877,2026-09-17T19:54:37Z,NASDAQ:GOOGL
9.423760525530144,9.23773734593368,92.6881705640893,5.802726788026503,352.3641,53.31510596890991,1.283576865867533,347.271,12435929,1789675054,2026-09-17T19:57:34Z,NASDAQ:GOOGL
9.423760525530144,9.138023060219496,94.34325978476146,5.90905628760758,352.3641,53.56188780238053,1.385364715489836,347.62,12599965,1789675236,2026-09-17T20:00:36Z,NASDAQ:GOOGL
9.423760525530144,9.182308774505202,93.60876792388076,5.861832584355229,352.3641,53.45260837016818,1.340158077405422,347.465,12736975,1789675416,2026-09-17T20:03:36Z,NASDAQ:GOOGL
9.423760525530144,9.175165917362335,93.72729659778976,5.869449310686263,352.3641,53.47026885926629,1.347449470644852,347.49,12897051,1789675595,2026-09-17T20:06:35Z,NASDAQ:GOOGL
9.423760525530144,9.158023060219476,94.01166771119036,5.887729453880718,352.3641,53.512599406399545,1.3649488144194613,347.55,13075790,1789675775,2026-09-17T20:09:35Z,NASDAQ:GOOGL
9.423760525530144,9.21373734593368,93.08695704334184,5.828318988498742,352.3641,53.3747426863462,1.3080759471519856,347.355,13382832,1789675957,2026-09-17T20:12:37Z,NASDAQ:GOOGL
9.423760525530144,9.220880203076549,92.96829891149784,5.820702262167708,352.3641,53.35700959454322,1.3007845539125555,347.33,18010225,1789676134,2026-09-17T20:15:34Z,NASDAQ:GOOGL
9.423760525530144,9.220880203076549,92.96829891149784,5.820702262167708,352.3641,53.35700959454322,1.3007845539125555,347.33,18703762,1789676313,2026-09-17T20:18:33Z,NASDAQ:GOOGL
9.423760525530144,9.220880203076549,92.96829891149784,5.820702262167708,352.3641,53.35700959454322,1.3007845539125555,347.33,18713077,1789676493,2026-09-17T20:21:33Z,NASDAQ:GOOGL
9.423760525530144,9.220880203076549,92.96829891149784,5.820702262167708,352.3641,53.35700959454322,1.3007845539125555,347.33,19005696,1789676676,2026-09-17T20:24:36Z,NASDAQ:GOOGL
9.423760525530144,9.220880203076549,92.96829891149784,5.820702262167708,352.3641,53.35700959454322,1.3007845539125555,347.33,19030000,1789676857,2026-09-17T20:27:37Z,NASDAQ:GOOGL
9.423760525530144,9.220880203076549,92.96829891149784,5.820702262167708,352.3641,53.35700959454322,1.3007845539125555,347.33,19031446,1789677037,2026-09-17T20:30:37Z,NASDAQ:GOOGL
9.423760525530144,9.220880203076549,92.96829891149784,5.820702262167708,352.3641,53.35700959454322,1.3007845539125555,347.33,19032696,1789677217,2026-09-17T20:33:37Z,NASDAQ:GOOGL
9.423760525530144,9.220880203076549,92.96829891149784,5.820702262167708,352.3641,53.35700959454322,1.3007845539125555,347.33,19033735,1789677395,2026-09-17T20:36:35Z,NASDAQ:GOOGL
9.423760525530144,9.220880203076549,92.96829891149784,5.820702262167708,352.3641,53.35700959454322,1.3007845539125555,347.33,19034178,1789677576,2026-09-17T20:39:36Z,NASDAQ:GOOGL
9.423760525530144,9.220880203076549,92.96829891149784,5.820702262167708,352.3641,53.35700959454322,1.3007845539125555,347.33,19034911,1789677755,2026-09-17T20:42:35Z,NASDAQ:GOOGL
9.423760525530144,9.220880203076549,92.96829891149784,5.820702262167708,352.3641,53.35700959454322,1.3007845539125555,347.33,19035396,1789677937,2026-09-17T20:45:37Z,NASDAQ:GOOGL
9.423760525530144,9.220880203076549,92.96829891149784,5.820702262167708,352.3641,53.35700959454322,1.3007845539125555,347.33,19041150,1789678116,2026-09-17T20:48:36Z,NASDAQ:GOOGL
9.423760525530144,9.220880203076549,92.96829891149784,5.820702262167708,352.3641,53.35700959454322,1.3007845539125555,347.33,19041386,1789678298,2026-09-17T20:51:38Z,NASDAQ:GOOGL
9.423760525530144,9.220880203076549,92.96829891149784,5.820702262167708,352.3641,53.35700959454322,1.3007845539125555,347.33,19042140,1789678476,2026-09-17T20:54:36Z,NASDAQ:GOOGL
9.423760525530144,9.220880203076549,92.96829891149784,5.820702262167708,352.3641,53.35700959454322,1.3007845539125555,347.33,19070800,1789678659,2026-09-17T20:57:39Z,NASDAQ:GOOGL
9.423760525530144,9.220880203076549,92.96829891149784,5.820702262167708,352.3641,53.35700959454322,1.3007845539125555,347.33,19071816,1789678834,2026-09-17T21:00:34Z,NASDAQ:GOOGL
9.423760525530144,9.220880203076549,92.96829891149784,5.820702262167708,352.3641,53.35700959454322,1.3007845539125555,347.33,19072392,1789679013,2026-09-17T21:03:33Z,NASDAQ:GOOGL
9.423760525530144,9.220880203076549,92.96829891149784,5.820702262167708,352.3641,53.35700959454322,1.3007845539125555,347.33,19075856,1789679195,2026-09-17T21:06:35Z,NASDAQ:GOOGL
9.423760525530144,9.220880203076549,92.96829891149784,5.820702262167708,352.3641,53.35700959454322,1.3007845539125555,347.33,19076447,1789679375,2026-09-17T21:09:35Z,NASDAQ:GOOGL
9.423760525530144,9.220880203076549,92.96829891149784,5.820702262167708,352.3641,53.35700959454322,1.3007845539125555,347.33,19077241,1789679557,2026-09-17T21:12:37Z,NASDAQ:GOOGL
9.423760525530144,9.220880203076549,92.96829891149784,5.820702262167708,352.3641,53.35700959454322,1.3007845539125555,347.33,19151617,1789679735,2026-09-17T21:15:35Z,NASDAQ:GOOGL
9.423760525530144,9.220880203076549,92.96829891149784,5.820702262167708,352.3641,53.35700959454322,1.3007845539125555,347.33,19154015,1789679916,2026-09-17T21:18:36Z,NASDAQ:GOOGL
9.423760525530144,9.220880203076549,92.96829891149784,5.820702262167708,352.3641,53.35700959454322,1.3007845539125555,347.33,19154462,1789680097,2026-09-17T21:21:37Z,NASDAQ:GOOGL
9.423760525530144,9.220880203076549,92.96829891149784,5.820702262167708,352.3641,53.35700959454322,1.3007845539125555,347.33,19155194,1789680277,2026-09-17T21:24:37Z,NASDAQ:GOOGL
9.423760525530144,9.220880203076549,92.96829891149784,5.820702262167708,352.3641,53.35700959454322,1.3007845539125555,347.33,19156490,1789680456,2026-09-17T21:27:36Z,NASDAQ:GOOGL
9.423760525530144,9.220880203076549,92.96829891149784,5.820702262167708,352.3641,53.35700959454322,1.3007845539125555,347.33,19157221,1789680637,2026-09-17T21:30:37Z,NASDAQ:GOOGL
9.423760525530144,9.220880203076549,92.96829891149784,5.820702262167708,352.3641,53.35700959454322,1.3007845539125555,347.33,19157380,1789680815,2026-09-17T21:33:35Z,NASDAQ:GOOGL
9.423760525530144,9.220880203076549,92.96829891149784,5.820702262167708,352.3641,53.35700959454322,1.3007845539125555,347.33,19172454,1789680997,2026-09-17T21:36:37Z,NASDAQ:GOOGL
9.423760525530144,9.220880203076549,92.96829891149784,5.820702262167708,352.3641,53.35700959454322,1.3007845539125555,347.33,19172759,1789681176,2026-09-17T21:39:36Z,NASDAQ:GOOGL
9.423760525530144,9.220880203076549,92.96829891149784,5.820702262167708,352.3641,53.35700959454322,1.3007845539125555,347.33,19173868,1789681359,2026-09-17T21:42:39Z,NASDAQ:GOOGL
9.423760525530144,9.220880203076549,92.96829891149784,5.820702262167708,352.3641,53.35700959454322,1.3007845539125555,347.33,19174439,1789681538,2026-09-17T21:45:38Z,NASDAQ:GOOGL
9.423760525530144,9.220880203076549,92.96829891149784,5.820702262167708,352.3641,53.35700959454322,1.3007845539125555,347.33,19174971,1789681721,2026-09-17T21:48:41Z,NASDAQ:GOOGL
9.423760525530144,9.220880203076549,92.96829891149784,5.820702262167708,352.3641,53.35700959454322,1.3007845539125555,347.33,19176306,1789681898,2026-09-17T21:51:38Z,NASDAQ:GOOGL
9.423760525530144,9.220880203076549,92.96829891149784,5.820702262167708,352.3641,53.35700959454322,1.3007845539125555,347.33,19176783,1789682075,2026-09-17T21:54:35Z,NASDAQ:GOOGL
9.423760525530144,9.220880203076549,92.96829891149784,5.820702262167708,352.3641,53.35700959454322,1.3007845539125555,347.33,19176996,1789682257,2026-09-17T21:57:37Z,NASDAQ:GOOGL
9.423760525530144,9.220880203076549,92.96829891149784,5.820702262167708,352.3641,53.35700959454322,1.3007845539125555,347.33,19177117,1789682436,2026-09-17T22:00:36Z,NASDAQ:GOOGL
9.423760525530144,9.220880203076549,92.96829891149784,5.820702262167708,352.3641,53.35700959454322,1.3007845539125555,347.33,19177822,1789682618,2026-09-17T22:03:38Z,NASDAQ:GOOGL
9.423760525530144,9.220880203076549,92.96829891149784,5.820702262167708,352.3641,53.35700959454322,1.3007845539125555,347.33,19179065,1789682795,2026-09-17T22:06:35Z,NASDAQ:GOOGL
9.423760525530144,9.220880203076549,92.96829891149784,5.820702262167708,352.3641,53.35700959454322,1.3007845539125555,347.33,19180583,1789682980,2026-09-17T22:09:40Z,NASDAQ:GOOGL
9.423760525530144,9.220880203076549,92.96829891149784,5.820702262167708,352.3641,53.35700959454322,1.3007845539125555,347.33,19183713,1789683156,2026-09-17T22:12:36Z,NASDAQ:GOOGL
9.423760525530144,9.220880203076549,92.96829891149784,5.820702262167708,352.3641,53.35700959454322,1.3007845539125555,347.33,19199870,1789683341,2026-09-17T22:15:41Z,NASDAQ:GOOGL
9.423760525530144,9.220880203076549,92.96829891149784,5.820702262167708,352.3641,53.35700959454322,1.3007845539125555,347.33,19200924,1789683518,2026-09-17T22:18:38Z,NASDAQ:GOOGL
9.423760525530144,9.220880203076549,92.96829891149784,5.820702262167708,352.3641,53.35700959454322,1.3007845539125555,347.33,19201301,1789683697,2026-09-17T22:21:37Z,NASDAQ:GOOGL
9.423760525530144,9.220880203076549,92.96829891149784,5.820702262167708,352.3641,53.35700959454322,1.3007845539125555,347.33,19201905,1789683877,2026-09-17T22:24:37Z,NASDAQ:GOOGL
9.423760525530144,9.220880203076549,92.96829891149784,5.820702262167708,352.3641,53.35700959454322,1.3007845539125555,347.33,19202883,1789684054,2026-09-17T22:27:34Z,NASDAQ:GOOGL
9.423760525530144,9.220880203076549,92.96829891149784,5.820702262167708,352.3641,53.35700959454322,1.3007845539125555,347.33,19203363,1789684236,2026-09-17T22:30:36Z,NASDAQ:GOOGL
9.423760525530144,9.220880203076549,92.96829891149784,5.820702262167708,352.3641,53.35700959454322,1.3007845539125555,347.33,19203518,1789684417,2026-09-17T22:33:37Z,NASDAQ:GOOGL
9.423760525530144,9.220880203076549,92.96829891149784,5.820702262167708,352.3641,53.35700959454322,1.3007845539125555,347.33,19204126,1789684599,2026-09-17T22:36:39Z,NASDAQ:GOOGL
9.423760525530144,9.220880203076549,92.96829891149784,5.820702262167708,352.3641,53.35700959454322,1.3007845539125555,347.33,19205027,1789684777,2026-09-17T22:39:37Z,NASDAQ:GOOGL
9.423760525530144,9.220880203076549,92.96829891149784,5.820702262167708,352.3641,53.35700959454322,1.3007845539125555,347.33,19205433,1789684960,2026-09-17T22:42:40Z,NASDAQ:GOOGL
9.423760525530144,9.220880203076549,92.96829891149784,5.820702262167708,352.3641,53.35700959454322,1.3007845539125555,347.33,19206769,1789685137,2026-09-17T22:45:37Z,NASDAQ:GOOGL
9.423760525530144,9.220880203076549,92.96829891149784,5.820702262167708,352.3641,53.35700959454322,1.3007845539125555,347.33,19210956,1789685319,2026-09-17T22:48:39Z,NASDAQ:GOOGL
9.423760525530144,9.220880203076549,92.96829891149784,5.820702262167708,352.3641,53.35700959454322,1.3007845539125555,347.33,19211476,1789685496,2026-09-17T22:51:36Z,NASDAQ:GOOGL
9.423760525530144,9.220880203076549,92.96829891149784,5.820702262167708,352.3641,53.35700959454322,1.3007845539125555,347.33,19212204,1789685675,2026-09-17T22:54:35Z,NASDAQ:GOOGL
9.423760525530144,9.220880203076549,92.96829891149784,5.820702262167708,352.3641,53.35700959454322,1.3007845539125555,347.33,19222556,1789685858,2026-09-17T22:57:38Z,NASDAQ:GOOGL
9.423760525530144,9.220880203076549,92.96829891149784,5.820702262167708,352.3641,53.35700959454322,1.3007845539125555,347.33,19223435,1789686038,2026-09-17T23:00:38Z,NASDAQ:GOOGL
9.423760525530144,9.220880203076549,92.96829891149784,5.820702262167708,352.3641,53.35700959454322,1.3007845539125555,347.33,19223796,1789686216,2026-09-17T23:03:36Z,NASDAQ:GOOGL
9.423760525530144,9.220880203076549,92.96829891149784,5.820702262167708,352.3641,53.35700959454322,1.3007845539125555,347.33,19224115,1789686399,2026-09-17T23:06:39Z,NASDAQ:GOOGL
9.423760525530144,9.220880203076549,92.96829891149784,5.820702262167708,352.3641,53.35700959454322,1.3007845539125555,347.33,19225069,1789686577,2026-09-17T23:09:37Z,NASDAQ:GOOGL
9.423760525530144,9.220880203076549,92.96829891149784,5.820702262167708,352.3641,53.35700959454322,1.3007845539125555,347.33,19225366,1789686754,2026-09-17T23:12:34Z,NASDAQ:GOOGL
9.423760525530144,9.220880203076549,92.96829891149784,5.820702262167708,352.3641,53.35700959454322,1.3007845539125555,347.33,19226584,1789686936,2026-09-17T23:15:36Z,NASDAQ:GOOGL
9.423760525530144,9.220880203076549,92.96829891149784,5.820702262167708,352.3641,53.35700959454322,1.3007845539125555,347.33,19227111,1789687119,2026-09-17T23:18:39Z,NASDAQ:GOOGL
9.423760525530144,9.220880203076549,92.96829891149784,5.820702262167708,352.3641,53.35700959454322,1.3007845539125555,347.33,19227467,1789687298,2026-09-17T23:21:38Z,NASDAQ:GOOGL
9.423760525530144,9.220880203076549,92.96829891149784,5.820702262167708,352.3641,53.35700959454322,1.3007845539125555,347.33,19227517,1789687477,2026-09-17T23:24:37Z,NASDAQ:GOOGL
9.423760525530144,9.220880203076549,92.96829891149784,5.820702262167708,352.3641,53.35700959454322,1.3007845539125555,347.33,19227830,1789687659,2026-09-17T23:27:39Z,NASDAQ:GOOGL
9.423760525530144,9.220880203076549,92.96829891149784,5.820702262167708,352.3641,53.35700959454322,1.3007845539125555,347.33,19228626,1789687835,2026-09-17T23:30:35Z,NASDAQ:GOOGL
9.423760525530144,9.220880203076549,92.96829891149784,5.820702262167708,352.3641,53.35700959454322,1.3007845539125555,347.33,19228939,1789688017,2026-09-17T23:33:37Z,NASDAQ:GOOGL
9.423760525530144,9.220880203076549,92.96829891149784,5.820702262167708,352.3641,53.35700959454322,1.3007845539125555,347.33,19229022,1789688194,2026-09-17T23:36:34Z,NASDAQ:GOOGL
9.423760525530144,9.220880203076549,92.96829891149784,5.820702262167708,352.3641,53.35700959454322,1.3007845539125555,347.33,19229246,1789688375,2026-09-17T23:39:35Z,NASDAQ:GOOGL
9.423760525530144,9.220880203076549,92.96829891149784,5.820702262167708,352.3641,53.35700959454322,1.3007845539125555,347.33,19229925,1789688555,2026-09-17T23:42:35Z,NASDAQ:GOOGL
9.423760525530144,9.220880203076549,92.96829891149784,5.820702262167708,352.3641,53.35700959454322,1.3007845539125555,347.33,19230630,1789688737,2026-09-17T23:45:37Z,NASDAQ:GOOGL
9.423760525530144,9.220880203076549,92.96829891149784,5.820702262167708,352.3641,53.35700959454322,1.3007845539125555,347.33,19231258,1789688918,2026-09-17T23:48:38Z,NASDAQ:GOOGL
9.423760525530144,9.220880203076549,92.96829891149784,5.820702262167708,352.3641,53.35700959454322,1.3007845539125555,347.33,19231853,1789689099,2026-09-17T23:51:39Z,NASDAQ:GOOGL
9.423760525530144,9.220880203076549,92.96829891149784,5.820702262167708,352.3641,53.35700959454322,1.3007845539125555,347.33,19234595,1789689277,2026-09-17T23:54:37Z,NASDAQ:GOOGL
9.423760525530144,9.220880203076549,92.96829891149784,5.820702262167708,352.3641,53.35700959454322,1.3007845539125555,347.33,19234812,1789689457,2026-09-17T23:57:37Z,NASDAQ:GOOGL
9.423760525530144,9.220880203076549,92.96829891149784,5.820702262167708,352.3641,53.35700959454322,1.3007845539125555,347.33,19235516,1789689639,2026-09-18T00:00:39Z,NASDAQ:GOOGL
9.423760525530144,9.220880203076549,92.96829891149784,5.820702262167708,352.3641,53.35700959454322,1.3007845539125555,347.33,19235681,1789689813,2026-09-18T00:03:33Z,NASDAQ:GOOGL
9.423760525530144,9.220880203076549,92.96829891149784,5.820702262167708,352.3641,53.35700959454322,1.3007845539125555,347.33,19235910,1789689998,2026-09-18T00:06:38Z,NASDAQ:GOOGL
9.423760525530144,9.220880203076549,92.96829891149784,5.820702262167708,352.3641,53.35700959454322,1.3007845539125555,347.33,19236397,1789690177,2026-09-18T00:09:37Z,NASDAQ:GOOGL
9.423760525530144,9.220880203076549,92.96829891149784,5.820702262167708,352.3641,53.35700959454322,1.3007845539125555,347.33,19236808,1789690357,2026-09-18T00:12:37Z,NASDAQ:GOOGL
9.423760525530144,9.220880203076549,92.96829891149784,5.820702262167708,352.3641,53.35700959454322,1.3007845539125555,347.33,19238329,1789690539,2026-09-18T00:15:39Z,NASDAQ:GOOGL
9.423760525530144,9.220880203076549,92.96829891149784,5.820702262167708,352.3641,53.35700959454322,1.3007845539125555,347.33,19238329,1789690717,2026-09-18T00:18:37Z,NASDAQ:GOOGL
9.423760525530144,9.220880203076549,92.96829891149784,5.820702262167708,352.3641,53.35700959454322,1.3007845539125555,347.33,19238329,1789690898,2026-09-18T00:21:38Z,NASDAQ:GOOGL
9.423760525530144,9.220880203076549,92.96829891149784,5.820702262167708,352.3641,53.35700959454322,1.3007845539125555,347.33,19238329,1789691078,2026-09-18T00:24:38Z,NASDAQ:GOOGL
9.423760525530144,9.220880203076549,92.96829891149784,5.820702262167708,352.3641,53.35700959454322,1.3007845539125555,347.33,19238329,1789691257,2026-09-18T00:27:37Z,NASDAQ:GOOGL
9.423760525530144,9.220880203076549,92.96829891149784,5.820702262167708,352.3641,53.35700959454322,1.3007845539125555,347.33,19238329,1789691440,2026-09-18T00:30:40Z,NASDAQ:GOOGL
9.423760525530144,9.220880203076549,92.96829891149784,5.820702262167708,352.3641,53.35700959454322,1.3007845539125555,347.33,19238329,1789691621,2026-09-18T00:33:41Z,NASDAQ:GOOGL
9.423760525530144,9.220880203076549,92.96829891149784,5.820702262167708,352.3641,53.35700959454322,1.3007845539125555,347.33,19238329,1789691798,2026-09-18T00:36:38Z,NASDAQ:GOOGL
9.423760525530144,9.220880203076549,92.96829891149784,5.820702262167708,352.3641,53.35700959454322,1.3007845539125555,347.33,19238329,1789691978,2026-09-18T00:39:38Z,NASDAQ:GOOGL
9.423760525530144,9.220880203076549,92.96829891149784,5.820702262167708,352.3641,53.35700959454322,1.3007845539125555,347.33,19238329,1789692157,2026-09-18T00:42:37Z,NASDAQ:GOOGL
9.423760525530144,9.220880203076549,92.96829891149784,5.820702262167708,352.3641,53.35700959454322,1.3007845539125555,347.33,19238329,1789692339,2026-09-18T00:45:39Z,NASDAQ:GOOGL
9.423760525530144,9.220880203076549,92.96829891149784,5.820702262167708,352.3641,53.35700959454322,1.3007845539125555,347.33,19238329,1789692516,2026-09-18T00:48:36Z,NASDAQ:GOOGL
9.423760525530144,9.220880203076549,92.96829891149784,5.820702262167708,352.3641,53.35700959454322,1.3007845539125555,347.33,19238329,1789692698,2026-09-18T00:51:38Z,NASDAQ:GOOGL
9.423760525530144,9.220880203076549,92.96829891149784,5.820702262167708,352.3641,53.35700959454322,1.3007845539125555,347.33,19238329,1789692876,2026-09-18T00:54:36Z,NASDAQ:GOOGL
9.423760525530144,9.220880203076549,92.96829891149784,5.820702262167708,352.3641,53.35700959454322,1.3007845539125555,347.33,19238329,1789693057,2026-09-18T00:57:37Z,NASDAQ:GOOGL
9.423760525530144,9.220880203076549,92.96829891149784,5.820702262167708,352.3641,53.35700959454322,1.3007845539125555,347.33,19238329,1789693235,2026-09-18T01:00:35Z,NASDAQ:GOOGL
9.423760525530144,9.220880203076549,92.96829891149784,5.820702262167708,352.3641,53.35700959454322,1.3007845539125555,347.33,19238329,1789693417,2026-09-18T01:03:37Z,NASDAQ:GOOGL
9.423760525530144,9.220880203076549,92.96829891149784,5.820702262167708,352.3641,53.35700959454322,1.3007845539125555,347.33,19238329,1789693597,2026-09-18T01:06:37Z,NASDAQ:GOOGL
9.423760525530144,9.220880203076549,92.96829891149784,5.820702262167708,352.3641,53.35700959454322,1.3007845539125555,347.33,19238329,1789693782,2026-09-18T01:09:42Z,NASDAQ:GOOGL
9.423760525530144,9.220880203076549,92.96829891149784,5.820702262167708,352.3641,53.35700959454322,1.3007845539125555,347.33,19238329,1789693955,2026-09-18T01:12:35Z,NASDAQ:GOOGL
9.423760525530144,9.220880203076549,92.96829891149784,5.820702262167708,352.3641,53.35700959454322,1.3007845539125555,347.33,19238329,1789694136,2026-09-18T01:15:36Z,NASDAQ:GOOGL
9.423760525530144,9.220880203076549,92.96829891149784,5.820702262167708,352.3641,53.35700959454322,1.3007845539125555,347.33,19238329,1789694316,2026-09-18T01:18:36Z,NASDAQ:GOOGL
9.423760525530144,9.220880203076549,92.96829891149784,5.820702262167708,352.3641,53.35700959454322,1.3007845539125555,347.33,19238329,1789694496,2026-09-18T01:21:36Z,NASDAQ:GOOGL
9.423760525530144,9.220880203076549,92.96829891149784,5.820702262167708,352.3641,53.35700959454322,1.3007845539125555,347.33,19238329,1789694676,2026-09-18T01:24:36Z,NASDAQ:GOOGL
9.423760525530144,9.220880203076549,92.96829891149784,5.820702262167708,352.3641,53.35700959454322,1.3007845539125555,347.33,19238329,1789694856,2026-09-18T01:27:36Z,NASDAQ:GOOGL
9.423760525530144,9.220880203076549,92.96829891149784,5.820702262167708,352.3641,53.35700959454322,1.3007845539125555,347.33,19238329,1789695034,2026-09-18T01:30:34Z,NASDAQ:GOOGL
9.423760525530144,9.220880203076549,92.96829891149784,5.820702262167708,352.3641,53.35700959454322,1.3007845539125555,347.33,19238329,1789695220,2026-09-18T01:33:40Z,NASDAQ:GOOGL
9.423760525530144,9.220880203076549,92.96829891149784,5.820702262167708,352.3641,53.35700959454322,1.3007845539125555,347.33,19238329,1789695408,2026-09-18T01:36:48Z,NASDAQ:GOOGL
9.423760525530144,9.220880203076549,92.96829891149784,5.820702262167708,352.3641,53.35700959454322,1.3007845539125555,347.33,19238329,1789695577,2026-09-18T01:39:37Z,NASDAQ:GOOGL
9.423760525530144,9.220880203076549,92.96829891149784,5.820702262167708,352.3641,53.35700959454322,1.3007845539125555,347.33,19238329,1789695758,2026-09-18T01:42:38Z,NASDAQ:GOOGL
9.423760525530144,9.220880203076549,92.96829891149784,5.820702262167708,352.3641,53.35700959454322,1.3007845539125555,347.33,19238329,1789695938,2026-09-18T01:45:38Z,NASDAQ:GOOGL
9.423760525530144,9.220880203076549,92.96829891149784,5.820702262167708,352.3641,53.35700959454322,1.3007845539125555,347.33,19238329,1789696116,2026-09-18T01:48:36Z,NASDAQ:GOOGL
9.423760525530144,9.220880203076549,92.96829891149784,5.820702262167708,352.3641,53.35700959454322,1.3007845539125555,347.33,19238329,1789696296,2026-09-18T01:51:36Z,NASDAQ:GOOGL
9.423760525530144,9.220880203076549,92.96829891149784,5.820702262167708,352.3641,53.35700959454322,1.3007845539125555,347.33,19238329,1789696482,2026-09-18T01:54:42Z,NASDAQ:GOOGL
9.423760525530144,9.220880203076549,92.96829891149784,5.820702262167708,352.3641,53.35700959454322,1.3007845539125555,347.33,19238329,1789696657,2026-09-18T01:57:37Z,NASDAQ:GOOGL
9.423760525530144,9.220880203076549,92.96829891149784,5.820702262167708,352.3641,53.35700959454322,1.3007845539125555,347.33,19238329,1789696834,2026-09-18T02:00:34Z,NASDAQ:GOOGL
9.423760525530144,9.220880203076549,92.96829891149784,5.820702262167708,352.3641,53.35700959454322,1.3007845539125555,347.33,19238329,1789697014,2026-09-18T02:03:34Z,NASDAQ:GOOGL
9.423760525530144,9.220880203076549,92.96829891149784,5.820702262167708,352.3641,53.35700959454322,1.3007845539125555,347.33,19238329,1789697199,2026-09-18T02:06:39Z,NASDAQ:GOOGL
9.423760525530144,9.220880203076549,92.96829891149784,5.820702262167708,352.3641,53.35700959454322,1.3007845539125555,347.33,19238329,1789697385,2026-09-18T02:09:45Z,NASDAQ:GOOGL
9.423760525530144,9.220880203076549,92.96829891149784,5.820702262167708,352.3641,53.35700959454322,1.3007845539125555,347.33,19238329,1789697560,2026-09-18T02:12:40Z,NASDAQ:GOOGL
9.423760525530144,9.220880203076549,92.96829891149784,5.820702262167708,352.3641,53.35700959454322,1.3007845539125555,347.33,19238329,1789697742,2026-09-18T02:15:42Z,NASDAQ:GOOGL
9.423760525530144,9.220880203076549,92.96829891149784,5.820702262167708,352.3641,53.35700959454322,1.3007845539125555,347.33,19238329,1789697920,2026-09-18T02:18:40Z,NASDAQ:GOOGL
9.423760525530144,9.220880203076549,92.96829891149784,5.820702262167708,352.3641,53.35700959454322,1.3007845539125555,347.33,19238329,1789698096,2026-09-18T02:21:36Z,NASDAQ:GOOGL
9.423760525530144,9.220880203076549,92.96829891149784,5.820702262167708,352.3641,53.35700959454322,1.3007845539125555,347.33,19238329,1789698289,2026-09-18T02:24:49Z,NASDAQ:GOOGL
9.423760525530144,9.220880203076549,92.96829891149784,5.820702262167708,352.3641,53.35700959454322,1.3007845539125555,347.33,19238329,1789698464,2026-09-18T02:27:44Z,NASDAQ:GOOGL
9.423760525530144,9.220880203076549,92.96829891149784,5.820702262167708,352.3641,53.35700959454322,1.3007845539125555,347.33,19238329,1789698653,2026-09-18T02:30:53Z,NASDAQ:GOOGL
9.423760525530144,9.220880203076549,92.96829891149784,5.820702262167708,352.3641,53.35700959454322,1.3007845539125555,347.33,19238329,1789698817,2026-09-18T02:33:37Z,NASDAQ:GOOGL
9.423760525530144,9.220880203076549,92.96829891149784,5.820702262167708,352.3641,53.35700959454322,1.3007845539125555,347.33,19238329,1789698997,2026-09-18T02:36:37Z,NASDAQ:GOOGL
9.423760525530144,9.220880203076549,92.96829891149784,5.820702262167708,352.3641,53.35700959454322,1.3007845539125555,347.33,19238329,1789699174,2026-09-18T02:39:34Z,NASDAQ:GOOGL
9.423760525530144,9.220880203076549,92.96829891149784,5.820702262167708,352.3641,53.35700959454322,1.3007845539125555,347.33,19238329,1789699358,2026-09-18T02:42:38Z,NASDAQ:GOOGL
9.423760525530144,9.220880203076549,92.96829891149784,5.820702262167708,352.3641,53.35700959454322,1.3007845539125555,347.33,19238329,1789699538,2026-09-18T02:45:38Z,NASDAQ:GOOGL
9.423760525530144,9.220880203076549,92.96829891149784,5.820702262167708,352.3641,53.35700959454322,1.3007845539125555,347.33,19238329,1789699715,2026-09-18T02:48:35Z,NASDAQ:GOOGL
9.423760525530144,9.220880203076549,92.96829891149784,5.820702262167708,352.3641,53.35700959454322,1.3007845539125555,347.33,19238329,1789699897,2026-09-18T02:51:37Z,NASDAQ:GOOGL
9.423760525530144,9.220880203076549,92.96829891149784,5.820702262167708,352.3641,53.35700959454322,1.3007845539125555,347.33,19238329,1789700077,2026-09-18T02:54:37Z,NASDAQ:GOOGL
9.423760525530144,9.220880203076549,92.96829891149784,5.820702262167708,352.3641,53.35700959454322,1.3007845539125555,347.33,19238329,1789700256,2026-09-18T02:57:36Z,NASDAQ:GOOGL
9.423760525530144,9.220880203076549,92.96829891149784,5.820702262167708,352.3641,53.35700959454322,1.3007845539125555,347.33,19238329,1789700437,2026-09-18T03:00:37Z,NASDAQ:GOOGL
9.423760525530144,9.220880203076549,92.96829891149784,5.820702262167708,352.3641,53.35700959454322,1.3007845539125555,347.33,19238329,1789700623,2026-09-18T03:03:43Z,NASDAQ:GOOGL
9.423760525530144,9.220880203076549,92.96829891149784,5.820702262167708,352.3641,53.35700959454322,1.3007845539125555,347.33,19238329,1789700792,2026-09-18T03:06:32Z,NASDAQ:GOOGL
9.423760525530144,9.220880203076549,92.96829891149784,5.820702262167708,352.3641,53.35700959454322,1.3007845539125555,347.33,19238329,1789700979,2026-09-18T03:09:39Z,NASDAQ:GOOGL
9.423760525530144,9.220880203076549,92.96829891149784,5.820702262167708,352.3641,53.35700959454322,1.3007845539125555,347.33,19238329,1789701153,2026-09-18T03:12:33Z,NASDAQ:GOOGL
9.423760525530144,9.220880203076549,92.96829891149784,5.820702262167708,352.3641,53.35700959454322,1.3007845539125555,347.33,19238329,1789701334,2026-09-18T03:15:34Z,NASDAQ:GOOGL
9.423760525530144,9.220880203076549,92.96829891149784,5.820702262167708,352.3641,53.35700959454322,1.3007845539125555,347.33,19238329,1789701518,2026-09-18T03:18:38Z,NASDAQ:GOOGL
9.423760525530144,9.220880203076549,92.96829891149784,5.820702262167708,352.3641,53.35700959454322,1.3007845539125555,347.33,19238329,1789701698,2026-09-18T03:21:38Z,NASDAQ:GOOGL
9.423760525530144,9.220880203076549,92.96829891149784,5.820702262167708,352.3641,53.35700959454322,1.3007845539125555,347.33,19238329,1789701878,2026-09-18T03:24:38Z,NASDAQ:GOOGL
9.423760525530144,9.220880203076549,92.96829891149784,5.820702262167708,352.3641,53.35700959454322,1.3007845539125555,347.33,19238329,1789702057,2026-09-18T03:27:37Z,NASDAQ:GOOGL
9.423760525530144,9.220880203076549,92.96829891149784,5.820702262167708,352.3641,53.35700959454322,1.3007845539125555,347.33,19238329,1789702234,2026-09-18T03:30:34Z,NASDAQ:GOOGL
9.423760525530144,9.220880203076549,92.96829891149784,5.820702262167708,352.3641,53.35700959454322,1.3007845539125555,347.33,19238329,1789702418,2026-09-18T03:33:38Z,NASDAQ:GOOGL
9.423760525530144,9.220880203076549,92.96829891149784,5.820702262167708,352.3641,53.35700959454322,1.3007845539125555,347.33,19238329,1789702596,2026-09-18T03:36:36Z,NASDAQ:GOOGL
9.423760525530144,9.220880203076549,92.96829891149784,5.820702262167708,352.3641,53.35700959454322,1.3007845539125555,347.33,19238329,1789702777,2026-09-18T03:39:37Z,NASDAQ:GOOGL
9.423760525530144,9.220880203076549,92.96829891149784,5.820702262167708,352.3641,53.35700959454322,1.3007845539125555,347.33,19238329,1789702955,2026-09-18T03:42:35Z,NASDAQ:GOOGL
9.423760525530144,9.220880203076549,92.96829891149784,5.820702262167708,352.3641,53.35700959454322,1.3007845539125555,347.33,19238329,1789703134,2026-09-18T03:45:34Z,NASDAQ:GOOGL
9.423760525530144,9.220880203076549,92.96829891149784,5.820702262167708,352.3641,53.35700959454322,1.3007845539125555,347.33,19238329,1789703318,2026-09-18T03:48:38Z,NASDAQ:GOOGL
9.423760525530144,9.220880203076549,92.96829891149784,5.820702262167708,352.3641,53.35700959454322,1.3007845539125555,347.33,19238329,1789703495,2026-09-18T03:51:35Z,NASDAQ:GOOGL
9.423760525530144,9.220880203076549,92.96829891149784,5.820702262167708,352.3641,53.35700959454322,1.3007845539125555,347.33,19238329,1789703677,2026-09-18T03:54:37Z,NASDAQ:GOOGL
9.423760525530144,9.220880203076549,92.96829891149784,5.820702262167708,352.3641,53.35700959454322,1.3007845539125555,347.33,19238329,1789703855,2026-09-18T03:57:35Z,NASDAQ:GOOGL
9.423760525530144,9.220880203076549,92.96829891149784,5.820702262167708,352.3641,53.35700959454322,1.3007845539125555,347.33,19238329,1789704037,2026-09-18T04:00:37Z,NASDAQ:GOOGL
9.423760525530144,9.220880203076549,92.96829891149784,5.820702262167708,352.3641,53.35700959454322,1.3007845539125555,347.33,19238329,1789704214,2026-09-18T04:03:34Z,NASDAQ:GOOGL
9.423760525530144,9.220880203076549,92.96829891149784,5.820702262167708,352.3641,53.35700959454322,1.3007845539125555,347.33,19238329,1789704394,2026-09-18T04:06:34Z,NASDAQ:GOOGL
9.423760525530144,9.220880203076549,92.96829891149784,5.820702262167708,352.3641,53.35700959454322,1.3007845539125555,347.33,19238329,1789704575,2026-09-18T04:09:35Z,NASDAQ:GOOGL
9.423760525530144,9.220880203076549,92.96829891149784,5.820702262167708,352.3641,53.35700959454322,1.3007845539125555,347.33,19238329,1789704756,2026-09-18T04:12:36Z,NASDAQ:GOOGL
9.423760525530144,9.220880203076549,92.96829891149784,5.820702262167708,352.3641,53.35700959454322,1.3007845539125555,347.33,19238329,1789704938,2026-09-18T04:15:38Z,NASDAQ:GOOGL
9.423760525530144,9.220880203076549,92.96829891149784,5.820702262167708,352.3641,53.35700959454322,1.3007845539125555,347.33,19238329,1789705113,2026-09-18T04:18:33Z,NASDAQ:GOOGL
9.423760525530144,9.220880203076549,92.96829891149784,5.820702262167708,352.3641,53.35700959454322,1.3007845539125555,347.33,19238329,1789705297,2026-09-18T04:21:37Z,NASDAQ:GOOGL
9.423760525530144,9.220880203076549,92.96829891149784,5.820702262167708,352.3641,53.35700959454322,1.3007845539125555,347.33,19238329,1789705475,2026-09-18T04:24:35Z,NASDAQ:GOOGL
9.423760525530144,9.220880203076549,92.96829891149784,5.820702262167708,352.3641,53.35700959454322,1.3007845539125555,347.33,19238329,1789705659,2026-09-18T04:27:39Z,NASDAQ:GOOGL
9.423760525530144,9.220880203076549,92.96829891149784,5.820702262167708,352.3641,53.35700959454322,1.3007845539125555,347.33,19238329,1789705835,2026-09-18T04:30:35Z,NASDAQ:GOOGL
9.423760525530144,9.220880203076549,92.96829891149784,5.820702262167708,352.3641,53.35700959454322,1.3007845539125555,347.33,19238329,1789706013,2026-09-18T04:33:33Z,NASDAQ:GOOGL
9.423760525530144,9.220880203076549,92.96829891149784,5.820702262167708,352.3641,53.35700959454322,1.3007845539125555,347.33,19238329,1789706195,2026-09-18T04:36:35Z,NASDAQ:GOOGL
9.423760525530144,9.220880203076549,92.96829891149784,5.820702262167708,352.3641,53.35700959454322,1.3007845539125555,347.33,19238329,1789706377,2026-09-18T04:39:37Z,NASDAQ:GOOGL
9.423760525530144,9.220880203076549,92.96829891149784,5.820702262167708,352.3641,53.35700959454322,1.3007845539125555,347.33,19238329,1789706557,2026-09-18T04:42:37Z,NASDAQ:GOOGL
9.423760525530144,9.220880203076549,92.96829891149784,5.820702262167708,352.3641,53.35700959454322,1.3007845539125555,347.33,19238329,1789706736,2026-09-18T04:45:36Z,NASDAQ:GOOGL
9.423760525530144,9.220880203076549,92.96829891149784,5.820702262167708,352.3641,53.35700959454322,1.3007845539125555,347.33,19238329,1789706915,2026-09-18T04:48:35Z,NASDAQ:GOOGL
9.423760525530144,9.220880203076549,92.96829891149784,5.820702262167708,352.3641,53.35700959454322,1.3007845539125555,347.33,19238329,1789707094,2026-09-18T04:51:34Z,NASDAQ:GOOGL
9.423760525530144,9.220880203076549,92.96829891149784,5.820702262167708,352.3641,53.35700959454322,1.3007845539125555,347.33,19238329,1789707278,2026-09-18T04:54:38Z,NASDAQ:GOOGL
9.423760525530144,9.220880203076549,92.96829891149784,5.820702262167708,352.3641,53.35700959454322,1.3007845539125555,347.33,19238329,1789707457,2026-09-18T04:57:37Z,NASDAQ:GOOGL
9.423760525530144,9.220880203076549,92.96829891149784,5.820702262167708,352.3641,53.35700959454322,1.3007845539125555,347.33,19238329,1789707636,2026-09-18T05:00:36Z,NASDAQ:GOOGL
9.423760525530144,9.220880203076549,92.96829891149784,5.820702262167708,352.3641,53.35700959454322,1.3007845539125555,347.33,19238329,1789707813,2026-09-18T05:03:33Z,NASDAQ:GOOGL
9.423760525530144,9.220880203076549,92.96829891149784,5.820702262167708,352.3641,53.35700959454322,1.3007845539125555,347.33,19238329,1789707996,2026-09-18T05:06:36Z,NASDAQ:GOOGL
9.423760525530144,9.220880203076549,92.96829891149784,5.820702262167708,352.3641,53.35700959454322,1.3007845539125555,347.33,19238329,1789708175,2026-09-18T05:09:35Z,NASDAQ:GOOGL
9.423760525530144,9.220880203076549,92.96829891149784,5.820702262167708,352.3641,53.35700959454322,1.3007845539125555,347.33,19238329,1789708354,2026-09-18T05:12:34Z,NASDAQ:GOOGL
9.423760525530144,9.220880203076549,92.96829891149784,5.820702262167708,352.3641,53.35700959454322,1.3007845539125555,347.33,19238329,1789708535,2026-09-18T05:15:35Z,NASDAQ:GOOGL
9.423760525530144,9.220880203076549,92.96829891149784,5.820702262167708,352.3641,53.35700959454322,1.3007845539125555,347.33,19238329,1789708717,2026-09-18T05:18:37Z,NASDAQ:GOOGL
9.423760525530144,9.220880203076549,92.96829891149784,5.820702262167708,352.3641,53.35700959454322,1.3007845539125555,347.33,19238329,1789708898,2026-09-18T05:21:38Z,NASDAQ:GOOGL
9.423760525530144,9.220880203076549,92.96829891149784,5.820702262167708,352.3641,53.35700959454322,1.3007845539125555,347.33,19238329,1789709078,2026-09-18T05:24:38Z,NASDAQ:GOOGL
9.423760525530144,9.220880203076549,92.96829891149784,5.820702262167708,352.3641,53.35700959454322,1.3007845539125555,347.33,19238329,1789709263,2026-09-18T05:27:43Z,NASDAQ:GOOGL
9.423760525530144,9.220880203076549,92.96829891149784,5.820702262167708,352.3641,53.35700959454322,1.3007845539125555,347.33,19238329,1789709437,2026-09-18T05:30:37Z,NASDAQ:GOOGL
9.423760525530144,9.220880203076549,92.96829891149784,5.820702262167708,352.3641,53.35700959454322,1.3007845539125555,347.33,19238329,1789709616,2026-09-18T05:33:36Z,NASDAQ:GOOGL
9.423760525530144,9.220880203076549,92.96829891149784,5.820702262167708,352.3641,53.35700959454322,1.3007845539125555,347.33,19238329,1789709795,2026-09-18T05:36:35Z,NASDAQ:GOOGL
9.423760525530144,9.220880203076549,92.96829891149784,5.820702262167708,352.3641,53.35700959454322,1.3007845539125555,347.33,19238329,1789709974,2026-09-18T05:39:34Z,NASDAQ:GOOGL
9.423760525530144,9.220880203076549,92.96829891149784,5.820702262167708,352.3641,53.35700959454322,1.3007845539125555,347.33,19238329,1789710158,2026-09-18T05:42:38Z,NASDAQ:GOOGL
9.423760525530144,9.220880203076549,92.96829891149784,5.820702262167708,352.3641,53.35700959454322,1.3007845539125555,347.33,19238329,1789710339,2026-09-18T05:45:39Z,NASDAQ:GOOGL
9.423760525530144,9.220880203076549,92.96829891149784,5.820702262167708,352.3641,53.35700959454322,1.3007845539125555,347.33,19238329,1789710517,2026-09-18T05:48:37Z,NASDAQ:GOOGL
9.423760525530144,9.220880203076549,92.96829891149784,5.820702262167708,352.3641,53.35700959454322,1.3007845539125555,347.33,19238329,1789710695,2026-09-18T05:51:35Z,NASDAQ:GOOGL
9.423760525530144,9.220880203076549,92.96829891149784,5.820702262167708,352.3641,53.35700959454322,1.3007845539125555,347.33,19238329,1789710877,2026-09-18T05:54:37Z,NASDAQ:GOOGL
9.423760525530144,9.220880203076549,92.96829891149784,5.820702262167708,352.3641,53.35700959454322,1.3007845539125555,347.33,19238329,1789711058,2026-09-18T05:57:38Z,NASDAQ:GOOGL
9.423760525530144,9.220880203076549,92.96829891149784,5.820702262167708,352.3641,53.35700959454322,1.3007845539125555,347.33,19238329,1789711236,2026-09-18T06:00:36Z,NASDAQ:GOOGL
9.423760525530144,9.220880203076549,92.96829891149784,5.820702262167708,352.3641,53.35700959454322,1.3007845539125555,347.33,19238329,1789711415,2026-09-18T06:03:35Z,NASDAQ:GOOGL
9.423760525530144,9.220880203076549,92.96829891149784,5.820702262167708,352.3641,53.35700959454322,1.3007845539125555,347.33,19238329,1789711596,2026-09-18T06:06:36Z,NASDAQ:GOOGL
9.423760525530144,9.220880203076549,92.96829891149784,5.820702262167708,352.3641,53.35700959454322,1.3007845539125555,347.33,19238329,1789711776,2026-09-18T06:09:36Z,NASDAQ:GOOGL
9.423760525530144,9.220880203076549,92.96829891149784,5.820702262167708,352.3641,53.35700959454322,1.3007845539125555,347.33,19238329,1789711957,2026-09-18T06:12:37Z,NASDAQ:GOOGL
9.423760525530144,9.220880203076549,92.96829891149784,5.820702262167708,352.3641,53.35700959454322,1.3007845539125555,347.33,19238329,1789712136,2026-09-18T06:15:36Z,NASDAQ:GOOGL
9.423760525530144,9.220880203076549,92.96829891149784,5.820702262167708,352.3641,53.35700959454322,1.3007845539125555,347.33,19238329,1789712313,2026-09-18T06:18:33Z,NASDAQ:GOOGL
9.423760525530144,9.220880203076549,92.96829891149784,5.820702262167708,352.3641,53.35700959454322,1.3007845539125555,347.33,19238329,1789712497,2026-09-18T06:21:37Z,NASDAQ:GOOGL
9.423760525530144,9.220880203076549,92.96829891149784,5.820702262167708,352.3641,53.35700959454322,1.3007845539125555,347.33,19238329,1789712674,2026-09-18T06:24:34Z,NASDAQ:GOOGL
9.423760525530144,9.220880203076549,92.96829891149784,5.820702262167708,352.3641,53.35700959454322,1.3007845539125555,347.33,19238329,1789712859,2026-09-18T06:27:39Z,NASDAQ:GOOGL
9.423760525530144,9.220880203076549,92.96829891149784,5.820702262167708,352.3641,53.35700959454322,1.3007845539125555,347.33,19238329,1789713037,2026-09-18T06:30:37Z,NASDAQ:GOOGL
9.423760525530144,9.220880203076549,92.96829891149784,5.820702262167708,352.3641,53.35700959454322,1.3007845539125555,347.33,19238329,1789713215,2026-09-18T06:33:35Z,NASDAQ:GOOGL
9.423760525530144,9.220880203076549,92.96829891149784,5.820702262167708,352.3641,53.35700959454322,1.3007845539125555,347.33,19238329,1789713397,2026-09-18T06:36:37Z,NASDAQ:GOOGL
9.423760525530144,9.220880203076549,92.96829891149784,5.820702262167708,352.3641,53.35700959454322,1.3007845539125555,347.33,19238329,1789713576,2026-09-18T06:39:36Z,NASDAQ:GOOGL
9.423760525530144,9.220880203076549,92.96829891149784,5.820702262167708,352.3641,53.35700959454322,1.3007845539125555,347.33,19238329,1789713754,2026-09-18T06:42:34Z,NASDAQ:GOOGL
9.423760525530144,9.220880203076549,92.96829891149784,5.820702262167708,352.3641,53.35700959454322,1.3007845539125555,347.33,19238329,1789713935,2026-09-18T06:45:35Z,NASDAQ:GOOGL
9.423760525530144,9.220880203076549,92.96829891149784,5.820702262167708,352.3641,53.35700959454322,1.3007845539125555,347.33,19238329,1789714117,2026-09-18T06:48:37Z,NASDAQ:GOOGL
9.423760525530144,9.220880203076549,92.96829891149784,5.820702262167708,352.3641,53.35700959454322,1.3007845539125555,347.33,19238329,1789714298,2026-09-18T06:51:38Z,NASDAQ:GOOGL
9.423760525530144,9.220880203076549,92.96829891149784,5.820702262167708,352.3641,53.35700959454322,1.3007845539125555,347.33,19238329,1789714477,2026-09-18T06:54:37Z,NASDAQ:GOOGL
9.423760525530144,9.220880203076549,92.96829891149784,5.820702262167708,352.3641,53.35700959454322,1.3007845539125555,347.33,19238329,1789714653,2026-09-18T06:57:33Z,NASDAQ:GOOGL
9.423760525530144,9.220880203076549,92.96829891149784,5.820702262167708,352.3641,53.35700959454322,1.3007845539125555,347.33,19238329,1789714839,2026-09-18T07:00:39Z,NASDAQ:GOOGL
9.423760525530144,9.220880203076549,92.96829891149784,5.820702262167708,352.3641,53.35700959454322,1.3007845539125555,347.33,19238329,1789715014,2026-09-18T07:03:34Z,NASDAQ:GOOGL
9.423760525530144,9.220880203076549,92.96829891149784,5.820702262167708,352.3641,53.35700959454322,1.3007845539125555,347.33,19238329,1789715195,2026-09-18T07:06:35Z,NASDAQ:GOOGL
9.423760525530144,9.220880203076549,92.96829891149784,5.820702262167708,352.3641,53.35700959454322,1.3007845539125555,347.33,19238329,1789715374,2026-09-18T07:09:34Z,NASDAQ:GOOGL
9.423760525530144,9.220880203076549,92.96829891149784,5.820702262167708,352.3641,53.35700959454322,1.3007845539125555,347.33,19238329,1789715556,2026-09-18T07:12:36Z,NASDAQ:GOOGL
9.423760525530144,9.220880203076549,92.96829891149784,5.820702262167708,352.3641,53.35700959454322,1.3007845539125555,347.33,19238329,1789715737,2026-09-18T07:15:37Z,NASDAQ:GOOGL
9.423760525530144,9.220880203076549,92.96829891149784,5.820702262167708,352.3641,53.35700959454322,1.3007845539125555,347.33,19238329,1789715919,2026-09-18T07:18:39Z,NASDAQ:GOOGL
9.423760525530144,9.220880203076549,92.96829891149784,5.820702262167708,352.3641,53.35700959454322,1.3007845539125555,347.33,19238329,1789716093,2026-09-18T07:21:33Z,NASDAQ:GOOGL
9.423760525530144,9.220880203076549,92.96829891149784,5.820702262167708,352.3641,53.35700959454322,1.3007845539125555,347.33,19238329,1789716275,2026-09-18T07:24:35Z,NASDAQ:GOOGL
9.423760525530144,9.220880203076549,92.96829891149784,5.820702262167708,352.3641,53.35700959454322,1.3007845539125555,347.33,19238329,1789716455,2026-09-18T07:27:35Z,NASDAQ:GOOGL
9.423760525530144,9.220880203076549,92.96829891149784,5.820702262167708,352.3641,53.35700959454322,1.3007845539125555,347.33,19238329,1789716635,2026-09-18T07:30:35Z,NASDAQ:GOOGL
9.423760525530144,9.220880203076549,92.96829891149784,5.820702262167708,352.3641,53.35700959454322,1.3007845539125555,347.33,19238329,1789716815,2026-09-18T07:33:35Z,NASDAQ:GOOGL
9.423760525530144,9.220880203076549,92.96829891149784,5.820702262167708,352.3641,53.35700959454322,1.3007845539125555,347.33,19238329,1789716996,2026-09-18T07:36:36Z,NASDAQ:GOOGL
9.423760525530144,9.220880203076549,92.96829891149784,5.820702262167708,352.3641,53.35700959454322,1.3007845539125555,347.33,19238329,1789717176,2026-09-18T07:39:36Z,NASDAQ:GOOGL
9.423760525530144,9.220880203076549,92.96829891149784,5.820702262167708,352.3641,53.35700959454322,1.3007845539125555,347.33,19238329,1789717356,2026-09-18T07:42:36Z,NASDAQ:GOOGL
9.423760525530144,9.220880203076549,92.96829891149784,5.820702262167708,352.3641,53.35700959454322,1.3007845539125555,347.33,19238329,1789717536,2026-09-18T07:45:36Z,NASDAQ:GOOGL
9.423760525530144,9.220880203076549,92.96829891149784,5.820702262167708,352.3641,53.35700959454322,1.3007845539125555,347.33,19238329,1789717716,2026-09-18T07:48:36Z,NASDAQ:GOOGL
9.423760525530144,9.220880203076549,92.96829891149784,5.820702262167708,352.3641,53.35700959454322,1.3007845539125555,347.33,19238329,1789717896,2026-09-18T07:51:36Z,NASDAQ:GOOGL
9.423760525530144,9.220880203076549,92.96829891149784,5.820702262167708,352.3641,53.35700959454322,1.3007845539125555,347.33,19238329,1789718077,2026-09-18T07:54:37Z,NASDAQ:GOOGL
9.423760525530144,9.220880203076549,92.96829891149784,5.820702262167708,352.3641,53.35700959454322,1.3007845539125555,347.33,19238329,1789718256,2026-09-18T07:57:36Z,NASDAQ:GOOGL
9.423760525530144,9.220880203076549,92.96829891149784,5.820702262167708,352.3641,53.35700959454322,1.3007845539125555,347.33,19238329,1789718435,2026-09-18T08:00:35Z,NASDAQ:GOOGL
9.423760525530144,9.220880203076549,92.96829891149784,5.820702262167708,352.3641,53.35700959454322,1.3007845539125555,347.33,19238329,1789718616,2026-09-18T08:03:36Z,NASDAQ:GOOGL
9.423760525530144,9.220880203076549,92.96829891149784,5.820702262167708,352.3641,53.35700959454322,1.3007845539125555,347.33,19238329,1789718795,2026-09-18T08:06:35Z,NASDAQ:GOOGL
9.423760525530144,9.220880203076549,92.96829891149784,5.820702262167708,352.3641,53.35700959454322,1.3007845539125555,347.33,19238329,1789718978,2026-09-18T08:09:38Z,NASDAQ:GOOGL
9.423760525530144,9.220880203076549,92.96829891149784,5.820702262167708,352.3641,53.35700959454322,1.3007845539125555,347.33,19238329,1789719156,2026-09-18T08:12:36Z,NASDAQ:GOOGL
9.423760525530144,9.220880203076549,92.96829891149784,5.820702262167708,352.3641,53.35700959454322,1.3007845539125555,347.33,19238329,1789719336,2026-09-18T08:15:36Z,NASDAQ:GOOGL
9.423760525530144,9.220880203076549,92.96829891149784,5.820702262167708,352.3641,53.35700959454322,1.3007845539125555,347.33,19238329,1789719514,2026-09-18T08:18:34Z,NASDAQ:GOOGL
9.423760525530144,9.220880203076549,92.96829891149784,5.820702262167708,352.3641,53.35700959454322,1.3007845539125555,347.33,19238329,1789719697,2026-09-18T08:21:37Z,NASDAQ:GOOGL
9.423760525530144,9.220880203076549,92.96829891149784,5.820702262167708,352.3641,53.35700959454322,1.3007845539125555,347.33,19238329,1789719874,2026-09-18T08:24:34Z,NASDAQ:GOOGL
9.423760525530144,9.220880203076549,92.96829891149784,5.820702262167708,352.3641,53.35700959454322,1.3007845539125555,347.33,19238329,1789720056,2026-09-18T08:27:36Z,NASDAQ:GOOGL
9.423760525530144,9.220880203076549,92.96829891149784,5.820702262167708,352.3641,53.35700959454322,1.3007845539125555,347.33,19238329,1789720237,2026-09-18T08:30:37Z,NASDAQ:GOOGL
9.423760525530144,9.220880203076549,92.96829891149784,5.820702262167708,352.3641,53.35700959454322,1.3007845539125555,347.33,19238329,1789720416,2026-09-18T08:33:36Z,NASDAQ:GOOGL
9.423760525530144,9.220880203076549,92.96829891149784,5.820702262167708,352.3641,53.35700959454322,1.3007845539125555,347.33,19238329,1789720596,2026-09-18T08:36:36Z,NASDAQ:GOOGL
9.423760525530144,9.220880203076549,92.96829891149784,5.820702262167708,352.3641,53.35700959454322,1.3007845539125555,347.33,19238329,1789720777,2026-09-18T08:39:37Z,NASDAQ:GOOGL
9.423760525530144,9.220880203076549,92.96829891149784,5.820702262167708,352.3641,53.35700959454322,1.3007845539125555,347.33,19238329,1789720956,2026-09-18T08:42:36Z,NASDAQ:GOOGL
9.423760525530144,9.220880203076549,92.96829891149784,5.820702262167708,352.3641,53.35700959454322,1.3007845539125555,347.33,19238329,1789721134,2026-09-18T08:45:34Z,NASDAQ:GOOGL
9.423760525530144,9.220880203076549,92.96829891149784,5.820702262167708,352.3641,53.35700959454322,1.3007845539125555,347.33,19238329,1789721317,2026-09-18T08:48:37Z,NASDAQ:GOOGL
9.423760525530144,9.220880203076549,92.96829891149784,5.820702262167708,352.3641,53.35700959454322,1.3007845539125555,347.33,19238329,1789721496,2026-09-18T08:51:36Z,NASDAQ:GOOGL
9.423760525530144,9.220880203076549,92.96829891149784,5.820702262167708,352.3641,53.35700959454322,1.3007845539125555,347.33,19238329,1789721673,2026-09-18T08:54:33Z,NASDAQ:GOOGL
9.423760525530144,9.220880203076549,92.96829891149784,5.820702262167708,352.3641,53.35700959454322,1.3007845539125555,347.33,19238329,1789721857,2026-09-18T08:57:37Z,NASDAQ:GOOGL
9.423760525530144,9.220880203076549,92.96829891149784,5.820702262167708,352.3641,53.35700959454322,1.3007845539125555,347.33,19238329,1789722036,2026-09-18T09:00:36Z,NASDAQ:GOOGL
9.423760525530144,9.220880203076549,92.96829891149784,5.820702262167708,352.3641,53.35700959454322,1.3007845539125555,347.33,19238329,1789722216,2026-09-18T09:03:36Z,NASDAQ:GOOGL
9.423760525530144,9.220880203076549,92.96829891149784,5.820702262167708,352.3641,53.35700959454322,1.3007845539125555,347.33,19238329,1789722396,2026-09-18T09:06:36Z,NASDAQ:GOOGL
9.423760525530144,9.220880203076549,92.96829891149784,5.820702262167708,352.3641,53.35700959454322,1.3007845539125555,347.33,19238329,1789722576,2026-09-18T09:09:36Z,NASDAQ:GOOGL
9.423760525530144,9.220880203076549,92.96829891149784,5.820702262167708,352.3641,53.35700959454322,1.3007845539125555,347.33,19238329,1789722756,2026-09-18T09:12:36Z,NASDAQ:GOOGL
9.423760525530144,9.220880203076549,92.96829891149784,5.820702262167708,352.3641,53.35700959454322,1.3007845539125555,347.33,19238329,1789722940,2026-09-18T09:15:40Z,NASDAQ:GOOGL
9.423760525530144,9.220880203076549,92.96829891149784,5.820702262167708,352.3641,53.35700959454322,1.3007845539125555,347.33,19238329,1789723115,2026-09-18T09:18:35Z,NASDAQ:GOOGL
9.423760525530144,9.220880203076549,92.96829891149784,5.820702262167708,352.3641,53.35700959454322,1.3007845539125555,347.33,19238329,1789723297,2026-09-18T09:21:37Z,NASDAQ:GOOGL
9.423760525530144,9.220880203076549,92.96829891149784,5.820702262167708,352.3641,53.35700959454322,1.3007845539125555,347.33,19238329,1789723475,2026-09-18T09:24:35Z,NASDAQ:GOOGL
9.423760525530144,9.220880203076549,92.96829891149784,5.820702262167708,352.3641,53.35700959454322,1.3007845539125555,347.33,19238329,1789723655,2026-09-18T09:27:35Z,NASDAQ:GOOGL
9.423760525530144,9.220880203076549,92.96829891149784,5.820702262167708,352.3641,53.35700959454322,1.3007845539125555,347.33,19238329,1789723837,2026-09-18T09:30:37Z,NASDAQ:GOOGL
9.423760525530144,9.220880203076549,92.96829891149784,5.820702262167708,352.3641,53.35700959454322,1.3007845539125555,347.33,19238329,1789724018,2026-09-18T09:33:38Z,NASDAQ:GOOGL
9.423760525530144,9.220880203076549,92.96829891149784,5.820702262167708,352.3641,53.35700959454322,1.3007845539125555,347.33,19238329,1789724195,2026-09-18T09:36:35Z,NASDAQ:GOOGL
9.423760525530144,9.220880203076549,92.96829891149784,5.820702262167708,352.3641,53.35700959454322,1.3007845539125555,347.33,19238329,1789724373,2026-09-18T09:39:33Z,NASDAQ:GOOGL
9.423760525530144,9.220880203076549,92.96829891149784,5.820702262167708,352.3641,53.35700959454322,1.3007845539125555,347.33,19238329,1789724557,2026-09-18T09:42:37Z,NASDAQ:GOOGL
9.423760525530144,9.220880203076549,92.96829891149784,5.820702262167708,352.3641,53.35700959454322,1.3007845539125555,347.33,19238329,1789724736,2026-09-18T09:45:36Z,NASDAQ:GOOGL
9.423760525530144,9.220880203076549,92.96829891149784,5.820702262167708,352.3641,53.35700959454322,1.3007845539125555,347.33,19238329,1789724912,2026-09-18T09:48:32Z,NASDAQ:GOOGL
9.423760525530144,9.220880203076549,92.96829891149784,5.820702262167708,352.3641,53.35700959454322,1.3007845539125555,347.33,19238329,1789725096,2026-09-18T09:51:36Z,NASDAQ:GOOGL
9.423760525530144,9.220880203076549,92.96829891149784,5.820702262167708,352.3641,53.35700959454322,1.3007845539125555,347.33,19238329,1789725275,2026-09-18T09:54:35Z,NASDAQ:GOOGL
9.423760525530144,9.220880203076549,92.96829891149784,5.820702262167708,352.3641,53.35700959454322,1.3007845539125555,347.33,19238329,1789725457,2026-09-18T09:57:37Z,NASDAQ:GOOGL
9.423760525530144,9.220880203076549,92.96829891149784,5.820702262167708,352.3641,53.35700959454322,1.3007845539125555,347.33,19238329,1789725635,2026-09-18T10:00:35Z,NASDAQ:GOOGL
9.423760525530144,9.220880203076549,92.96829891149784,5.820702262167708,352.3641,53.35700959454322,1.3007845539125555,347.33,19238329,1789725817,2026-09-18T10:03:37Z,NASDAQ:GOOGL
9.423760525530144,9.220880203076549,92.96829891149784,5.820702262167708,352.3641,53.35700959454322,1.3007845539125555,347.33,19238329,1789725996,2026-09-18T10:06:36Z,NASDAQ:GOOGL
9.423760525530144,9.220880203076549,92.96829891149784,5.820702262167708,352.3641,53.35700959454322,1.3007845539125555,347.33,19238329,1789726175,2026-09-18T10:09:35Z,NASDAQ:GOOGL
9.423760525530144,9.220880203076549,92.96829891149784,5.820702262167708,352.3641,53.35700959454322,1.3007845539125555,347.33,19238329,1789726355,2026-09-18T10:12:35Z,NASDAQ:GOOGL
9.423760525530144,9.220880203076549,92.96829891149784,5.820702262167708,352.3641,53.35700959454322,1.3007845539125555,347.33,19238329,1789726533,2026-09-18T10:15:33Z,NASDAQ:GOOGL
9.423760525530144,9.220880203076549,92.96829891149784,5.820702262167708,352.3641,53.35700959454322,1.3007845539125555,347.33,19238329,1789726718,2026-09-18T10:18:38Z,NASDAQ:GOOGL
9.423760525530144,9.220880203076549,92.96829891149784,5.820702262167708,352.3641,53.35700959454322,1.3007845539125555,347.33,19238329,1789726901,2026-09-18T10:21:41Z,NASDAQ:GOOGL
9.423760525530144,9.220880203076549,92.96829891149784,5.820702262167708,352.3641,53.35700959454322,1.3007845539125555,347.33,19238329,1789727076,2026-09-18T10:24:36Z,NASDAQ:GOOGL
9.423760525530144,9.220880203076549,92.96829891149784,5.820702262167708,352.3641,53.35700959454322,1.3007845539125555,347.33,19238329,1789727256,2026-09-18T10:27:36Z,NASDAQ:GOOGL
9.423760525530144,9.220880203076549,92.96829891149784,5.820702262167708,352.3641,53.35700959454322,1.3007845539125555,347.33,19238329,1789727435,2026-09-18T10:30:35Z,NASDAQ:GOOGL
9.423760525530144,9.220880203076549,92.96829891149784,5.820702262167708,352.3641,53.35700959454322,1.3007845539125555,347.33,19238329,1789727614,2026-09-18T10:33:34Z,NASDAQ:GOOGL
9.423760525530144,9.220880203076549,92.96829891149784,5.820702262167708,352.3641,53.35700959454322,1.3007845539125555,347.33,19238329,1789727795,2026-09-18T10:36:35Z,NASDAQ:GOOGL
9.423760525530144,9.220880203076549,92.96829891149784,5.820702262167708,352.3641,53.35700959454322,1.3007845539125555,347.33,19238329,1789727975,2026-09-18T10:39:35Z,NASDAQ:GOOGL
9.423760525530144,9.220880203076549,92.96829891149784,5.820702262167708,352.3641,53.35700959454322,1.3007845539125555,347.33,19238329,1789728154,2026-09-18T10:42:34Z,NASDAQ:GOOGL
9.423760525530144,9.220880203076549,92.96829891149784,5.820702262167708,352.3641,53.35700959454322,1.3007845539125555,347.33,19238329,1789728337,2026-09-18T10:45:37Z,NASDAQ:GOOGL
9.423760525530144,9.220880203076549,92.96829891149784,5.820702262167708,352.3641,53.35700959454322,1.3007845539125555,347.33,19238329,1789728516,2026-09-18T10:48:36Z,NASDAQ:GOOGL
9.423760525530144,9.220880203076549,92.96829891149784,5.820702262167708,352.3641,53.35700959454322,1.3007845539125555,347.33,19238329,1789728694,2026-09-18T10:51:34Z,NASDAQ:GOOGL
9.423760525530144,9.220880203076549,92.96829891149784,5.820702262167708,352.3641,53.35700959454322,1.3007845539125555,347.33,19238329,1789728875,2026-09-18T10:54:35Z,NASDAQ:GOOGL
9.423760525530144,9.220880203076549,92.96829891149784,5.820702262167708,352.3641,53.35700959454322,1.3007845539125555,347.33,19238329,1789729055,2026-09-18T10:57:35Z,NASDAQ:GOOGL
9.423760525530144,9.220880203076549,92.96829891149784,5.820702262167708,352.3641,53.35700959454322,1.3007845539125555,347.33,19238329,1789729234,2026-09-18T11:00:34Z,NASDAQ:GOOGL
9.423760525530144,9.220880203076549,92.96829891149784,5.820702262167708,352.3641,53.35700959454322,1.3007845539125555,347.33,19238329,1789729416,2026-09-18T11:03:36Z,NASDAQ:GOOGL
9.423760525530144,9.220880203076549,92.96829891149784,5.820702262167708,352.3641,53.35700959454322,1.3007845539125555,347.33,19238329,1789729594,2026-09-18T11:06:34Z,NASDAQ:GOOGL
9.423760525530144,9.220880203076549,92.96829891149784,5.820702262167708,352.3641,53.35700959454322,1.3007845539125555,347.33,19238329,1789729778,2026-09-18T11:09:38Z,NASDAQ:GOOGL
9.423760525530144,9.220880203076549,92.96829891149784,5.820702262167708,352.3641,53.35700959454322,1.3007845539125555,347.33,19238329,1789729953,2026-09-18T11:12:33Z,NASDAQ:GOOGL
9.423760525530144,9.220880203076549,92.96829891149784,5.820702262167708,352.3641,53.35700959454322,1.3007845539125555,347.33,19238329,1789730136,2026-09-18T11:15:36Z,NASDAQ:GOOGL
9.423760525530144,9.220880203076549,92.96829891149784,5.820702262167708,352.3641,53.35700959454322,1.3007845539125555,347.33,19238329,1789730317,2026-09-18T11:18:37Z,NASDAQ:GOOGL
9.423760525530144,9.220880203076549,92.96829891149784,5.820702262167708,352.3641,53.35700959454322,1.3007845539125555,347.33,19238329,1789730495,2026-09-18T11:21:35Z,NASDAQ:GOOGL
9.423760525530144,9.220880203076549,92.96829891149784,5.820702262167708,352.3641,53.35700959454322,1.3007845539125555,347.33,19238329,1789730673,2026-09-18T11:24:33Z,NASDAQ:GOOGL
9.423760525530144,9.220880203076549,92.96829891149784,5.820702262167708,352.3641,53.35700959454322,1.3007845539125555,347.33,19238329,1789730857,2026-09-18T11:27:37Z,NASDAQ:GOOGL
9.423760525530144,9.220880203076549,92.96829891149784,5.820702262167708,352.3641,53.35700959454322,1.3007845539125555,347.33,19238329,1789731039,2026-09-18T11:30:39Z,NASDAQ:GOOGL
9.423760525530144,9.220880203076549,92.96829891149784,5.820702262167708,352.3641,53.35700959454322,1.3007845539125555,347.33,19238329,1789731214,2026-09-18T11:33:34Z,NASDAQ:GOOGL
9.423760525530144,9.220880203076549,92.96829891149784,5.820702262167708,352.3641,53.35700959454322,1.3007845539125555,347.33,19238329,1789731396,2026-09-18T11:36:36Z,NASDAQ:GOOGL
9.423760525530144,9.220880203076549,92.96829891149784,5.820702262167708,352.3641,53.35700959454322,1.3007845539125555,347.33,19238329,1789731577,2026-09-18T11:39:37Z,NASDAQ:GOOGL
9.423760525530144,9.220880203076549,92.96829891149784,5.820702262167708,352.3641,53.35700959454322,1.3007845539125555,347.33,19238329,1789731754,2026-09-18T11:42:34Z,NASDAQ:GOOGL
9.423760525530144,9.220880203076549,92.96829891149784,5.820702262167708,352.3641,53.35700959454322,1.3007845539125555,347.33,19238329,1789731937,2026-09-18T11:45:37Z,NASDAQ:GOOGL
9.423760525530144,9.220880203076549,92.96829891149784,5.820702262167708,352.3641,53.35700959454322,1.3007845539125555,347.33,19238329,1789732119,2026-09-18T11:48:39Z,NASDAQ:GOOGL
9.423760525530144,9.220880203076549,92.96829891149784,5.820702262167708,352.3641,53.35700959454322,1.3007845539125555,347.33,19238329,1789732297,2026-09-18T11:51:37Z,NASDAQ:GOOGL
9.423760525530144,9.220880203076549,92.96829891149784,5.820702262167708,352.3641,53.35700959454322,1.3007845539125555,347.33,19238329,1789732475,2026-09-18T11:54:35Z,NASDAQ:GOOGL
9.423760525530144,9.220880203076549,92.96829891149784,5.820702262167708,352.3641,53.35700959454322,1.3007845539125555,347.33,19238329,1789732655,2026-09-18T11:57:35Z,NASDAQ:GOOGL
9.423760525530144,9.220880203076549,92.96829891149784,5.820702262167708,352.3641,53.35700959454322,1.3007845539125555,347.33,19238329,1789732837,2026-09-18T12:00:37Z,NASDAQ:GOOGL
9.423760525530144,9.220880203076549,92.96829891149784,5.820702262167708,352.3641,53.35700959454322,1.3007845539125555,347.33,19238329,1789733015,2026-09-18T12:03:35Z,NASDAQ:GOOGL
9.423760525530144,9.220880203076549,92.96829891149784,5.820702262167708,352.3641,53.35700959454322,1.3007845539125555,347.33,19238329,1789733198,2026-09-18T12:06:38Z,NASDAQ:GOOGL
9.423760525530144,9.220880203076549,92.96829891149784,5.820702262167708,352.3641,53.35700959454322,1.3007845539125555,347.33,19238329,1789733375,2026-09-18T12:09:35Z,NASDAQ:GOOGL
9.423760525530144,9.220880203076549,92.96829891149784,5.820702262167708,352.3641,53.35700959454322,1.3007845539125555,347.33,19238329,1789733558,2026-09-18T12:12:38Z,NASDAQ:GOOGL
9.423760525530144,9.220880203076549,92.96829891149784,5.820702262167708,352.3641,53.35700959454322,1.3007845539125555,347.33,19238329,1789733736,2026-09-18T12:15:36Z,NASDAQ:GOOGL
9.423760525530144,9.220880203076549,92.96829891149784,5.820702262167708,352.3641,53.35700959454322,1.3007845539125555,347.33,19238329,1789733914,2026-09-18T12:18:34Z,NASDAQ:GOOGL
9.423760525530144,9.220880203076549,92.96829891149784,5.820702262167708,352.3641,53.35700959454322,1.3007845539125555,347.33,19238329,1789734098,2026-09-18T12:21:38Z,NASDAQ:GOOGL
9.423760525530144,9.220880203076549,92.96829891149784,5.820702262167708,352.3641,53.35700959454322,1.3007845539125555,347.33,19238329,1789734276,2026-09-18T12:24:36Z,NASDAQ:GOOGL
9.423760525530144,9.220880203076549,92.96829891149784,5.820702262167708,352.3641,53.35700959454322,1.3007845539125555,347.33,19238329,1789734454,2026-09-18T12:27:34Z,NASDAQ:GOOGL
9.423760525530144,9.220880203076549,92.96829891149784,5.820702262167708,352.3641,53.35700959454322,1.3007845539125555,347.33,19238329,1789734637,2026-09-18T12:30:37Z,NASDAQ:GOOGL
9.423760525530144,9.220880203076549,92.96829891149784,5.820702262167708,352.3641,53.35700959454322,1.3007845539125555,347.33,19238329,1789734818,2026-09-18T12:33:38Z,NASDAQ:GOOGL
9.423760525530144,9.220880203076549,92.96829891149784,5.820702262167708,352.3641,53.35700959454322,1.3007845539125555,347.33,19238329,1789734997,2026-09-18T12:36:37Z,NASDAQ:GOOGL
9.423760525530144,9.220880203076549,92.96829891149784,5.820702262167708,352.3641,53.35700959454322,1.3007845539125555,347.33,19238329,1789735176,2026-09-18T12:39:36Z,NASDAQ:GOOGL
9.423760525530144,9.220880203076549,92.96829891149784,5.820702262167708,352.3641,53.35700959454322,1.3007845539125555,347.33,19238329,1789735356,2026-09-18T12:42:36Z,NASDAQ:GOOGL
9.423760525530144,9.220880203076549,92.96829891149784,5.820702262167708,352.3641,53.35700959454322,1.3007845539125555,347.33,19238329,1789735538,2026-09-18T12:45:38Z,NASDAQ:GOOGL
9.423760525530144,9.220880203076549,92.96829891149784,5.820702262167708,352.3641,53.35700959454322,1.3007845539125555,347.33,19238329,1789735716,2026-09-18T12:48:36Z,NASDAQ:GOOGL
9.423760525530144,9.220880203076549,92.96829891149784,5.820702262167708,352.3641,53.35700959454322,1.3007845539125555,347.33,19238329,1789735897,2026-09-18T12:51:37Z,NASDAQ:GOOGL
9.423760525530144,9.220880203076549,92.96829891149784,5.820702262167708,352.3641,53.35700959454322,1.3007845539125555,347.33,19238329,1789736076,2026-09-18T12:54:36Z,NASDAQ:GOOGL
9.423760525530144,9.220880203076549,92.96829891149784,5.820702262167708,352.3641,53.35700959454322,1.3007845539125555,347.33,19238329,1789736256,2026-09-18T12:57:36Z,NASDAQ:GOOGL
9.423760525530144,9.220880203076549,92.96829891149784,5.820702262167708,352.3641,53.35700959454322,1.3007845539125555,347.33,19238329,1789736436,2026-09-18T13:00:36Z,NASDAQ:GOOGL
9.423760525530144,9.220880203076549,92.96829891149784,5.820702262167708,352.3641,53.35700959454322,1.3007845539125555,347.33,19238329,1789736617,2026-09-18T13:03:37Z,NASDAQ:GOOGL
9.423760525530144,9.220880203076549,92.96829891149784,5.820702262167708,352.3641,53.35700959454322,1.3007845539125555,347.33,19238329,1789736796,2026-09-18T13:06:36Z,NASDAQ:GOOGL
9.423760525530144,9.220880203076549,92.96829891149784,5.820702262167708,352.3641,53.35700959454322,1.3007845539125555,347.33,19238329,1789736978,2026-09-18T13:09:38Z,NASDAQ:GOOGL
9.423760525530144,9.220880203076549,92.96829891149784,5.820702262167708,352.3641,53.35700959454322,1.3007845539125555,347.33,19238329,1789737155,2026-09-18T13:12:35Z,NASDAQ:GOOGL
9.423760525530144,9.220880203076549,92.96829891149784,5.820702262167708,352.3641,53.35700959454322,1.3007845539125555,347.33,19238329,1789737335,2026-09-18T13:15:35Z,NASDAQ:GOOGL
9.423760525530144,9.220880203076549,92.96829891149784,5.820702262167708,352.3641,53.35700959454322,1.3007845539125555,347.33,19238329,1789737515,2026-09-18T13:18:35Z,NASDAQ:GOOGL
9.423760525530144,9.220880203076549,92.96829891149784,5.820702262167708,352.3641,53.35700959454322,1.3007845539125555,347.33,19238329,1789737695,2026-09-18T13:21:35Z,NASDAQ:GOOGL
9.423760525530144,9.220880203076549,92.96829891149784,5.820702262167708,352.3641,53.35700959454322,1.3007845539125555,347.33,19238329,1789737879,2026-09-18T13:24:39Z,NASDAQ:GOOGL
9.423760525530144,9.220880203076549,92.96829891149784,5.820702262167708,352.3641,53.35700959454322,1.3007845539125555,347.33,19238329,1789738054,2026-09-18T13:27:34Z,NASDAQ:GOOGL
9.423760525530144,9.220880203076549,92.96829891149784,5.820702262167708,352.3641,53.35700959454322,1.3007845539125555,347.33,19238329,1789738235,2026-09-18T13:30:35Z,NASDAQ:GOOGL
9.423760525530144,9.220880203076549,92.96829891149784,5.820702262167708,352.3641,53.35700959454322,1.3007845539125555,347.33,19238329,1789738417,2026-09-18T13:33:37Z,NASDAQ:GOOGL
9.423760525530144,9.220880203076549,92.96829891149784,5.820702262167708,352.3641,53.35700959454322,1.3007845539125555,347.33,19238329,1789738596,2026-09-18T13:36:36Z,NASDAQ:GOOGL
9.423760525530144,9.220880203076549,92.96829891149784,5.820702262167708,352.3641,53.35700959454322,1.3007845539125555,347.33,19238329,1789738774,2026-09-18T13:39:34Z,NASDAQ:GOOGL
9.423760525530144,9.220880203076549,92.96829891149784,5.820702262167708,352.3641,53.35700959454322,1.3007845539125555,347.33,19238329,1789738957,2026-09-18T13:42:37Z,NASDAQ:GOOGL
10.699113859324132,25.61301160263708,208.23029685709065,6.578515356833722,352.3641,59.7758136760378,2.871908559583112,357.305,2204307,1789739138,2026-09-18T13:45:38Z,NASDAQ:GOOGL
10.699113859324132,25.51444017406561,206.8319955017268,6.514341999223964,352.3641,59.6532516939563,2.7423487749402686,356.855,7224603,1789739317,2026-09-18T13:48:37Z,NASDAQ:GOOGL
10.74300110079617,25.387125888351303,212.3339693205129,6.8876220039996445,352.3641,60.35588256380423,3.1024098119943564,358.1056,8254504,1789739495,2026-09-18T13:51:35Z,NASDAQ:GOOGL
10.816180295259509,26.38729731692274,213.86487690868512,6.751634182013553,352.3641,60.10276236323264,2.971237727809286,357.65,9227668,1789739675,2026-09-18T13:54:35Z,NASDAQ:GOOGL
10.821150559498331,26.23301160263708,216.84594211551243,6.975494731815063,352.3641,60.51774275257144,3.187170702214031,358.4,9983423,1789739859,2026-09-18T13:57:39Z,NASDAQ:GOOGL
10.821150559498331,26.700154459779867,208.97472658094685,6.372563651016335,352.3641,59.37980944697136,2.6055912244839234,356.38,10638439,1789740038,2026-09-18T14:00:38Z,NASDAQ:GOOGL
10.821150559498331,26.33158303120848,200.659387781594,5.942751395397435,352.3641,58.52772263833125,2.1909999136268143,354.94,11251463,1789740220,2026-09-18T14:03:40Z,NASDAQ:GOOGL
10.821150559498331,26.303011602637014,201.0364336705609,5.97259946870431,352.3641,58.58804871585996,2.219790976880786,355.04,11527000,1789740393,2026-09-18T14:06:33Z,NASDAQ:GOOGL
10.821150559498331,26.10589731692272,201.7706194114748,6.063606244216943,352.3641,58.770904387859154,2.3075749287421217,355.3449,11839498,1789740578,2026-09-18T14:09:38Z,NASDAQ:GOOGL
10.821150559498331,26.14015445977992,201.3190635015643,6.027818404322017,352.3641,58.69919053362068,2.273054443900625,355.225,12090037,1789740756,2026-09-18T14:12:36Z,NASDAQ:GOOGL
10.821150559498331,26.127297316922807,201.4885778428861,6.041250037310095,352.3641,58.72613488459953,2.2860104223648974,355.27,12355946,1789740938,2026-09-18T14:15:38Z,NASDAQ:GOOGL
10.821150559498331,26.10586874549421,199.56462067861,5.927827358743998,352.3641,58.49749364237079,2.176604381999828,354.89,12737244,1789741119,2026-09-18T14:18:39Z,NASDAQ:GOOGL
10.821150559498331,26.07301160263705,196.7620549630244,5.76366295555622,352.3641,58.16204271601535,2.018253534103012,354.34,12905170,1789741296,2026-09-18T14:21:36Z,NASDAQ:GOOGL
10.821150559498331,25.77194017406555,196.4317094932332,5.813359997612168,352.3641,58.26416378177216,2.066190654420877,354.5065,13205780,1789741478,2026-09-18T14:24:38Z,NASDAQ:GOOGL
10.821150559498331,25.24012588835137,188.46860368666367,5.453272841238102,352.3641,57.51274749367734,1.718855267325023,353.3001,13563929,1789741657,2026-09-18T14:27:37Z,NASDAQ:GOOGL
10.821150559498331,24.36986874549428,178.70855488972956,5.071187654836884,352.3641,56.68526324866268,1.3503008666110037,352.02,13900801,1789741836,2026-09-18T14:30:36Z,NASDAQ:GOOGL
10.821150559498331,23.30158303120845,166.39069690234268,4.595110885592347,352.3641,55.60799810956239,0.8910834077102546,350.425,14250721,1789742017,2026-09-18T14:33:37Z,NASDAQ:GOOGL
10.821150559498331,22.930283031208543,164.7278972930526,4.584664059934935,352.3641,55.58375791534064,0.8810065355713593,350.39,14669523,1789742196,2026-09-18T14:36:36Z,NASDAQ:GOOGL
10.821150559498331,22.743140174065616,167.34211484361572,4.7801689400949305,352.3641,56.03305224535378,1.069587999884845,351.045,15171180,1789742379,2026-09-18T14:39:39Z,NASDAQ:GOOGL
10.821150559498331,22.930283031208543,164.7278972930526,4.584664059934935,352.3641,55.58375791534064,0.8810065355713593,350.39,15499808,1789742555,2026-09-18T14:42:35Z,NASDAQ:GOOGL
10.821150559498331,22.90028303120846,165.1477119215488,4.616004536907153,352.3641,55.656399209934335,0.9112371519880288,350.495,15773537,1789742738,2026-09-18T14:45:38Z,NASDAQ:GOOGL
10.821150559498331,22.4202973169227,162.88856909958776,4.596454048891158,352.3641,55.61111278652725,0.8923790055566853,350.4295,16110728,1789742915,2026-09-18T14:48:35Z,NASDAQ:GOOGL
10.821150559498331,22.163154459779832,166.48841699735553,4.865086708652964,352.3641,56.225384638686506,1.1514985748423725,351.3295,16328063,1789743098,2026-09-18T14:51:38Z,NASDAQ:GOOGL
10.821150559498331,22.063011602637005,167.8847296261204,4.96970420559354,352.3641,56.46003431127233,1.252411251547526,351.68,16522515,1789743274,2026-09-18T14:54:34Z,NASDAQ:GOOGL
10.821150559498331,22.46015445977985,162.3287222780888,4.5548159866280775,352.3641,55.51435411991476,0.8522154723174031,350.29,16759326,1789743457,2026-09-18T14:57:37Z,NASDAQ:GOOGL
10.821150559498331,22.26586874549417,165.0529785509977,4.757782885114782,352.3641,55.982067679190735,1.0479947024443736,350.97,16975496,1789743638,2026-09-18T15:00:38Z,NASDAQ:GOOGL
10.821150559498331,22.13444017406556,166.88910782757003,4.89508402232637,352.3641,56.29292473186856,1.1804335934126111,351.43,17241118,1789743815,2026-09-18T15:03:35Z,NASDAQ:GOOGL
10.821150559498331,22.28872588835128,164.73309673275745,4.733904426469276,352.3641,55.92755364876947,1.0249618518411892,350.89,17392035,1789743996,2026-09-18T15:06:36Z,NASDAQ:GOOGL
10.821150559498331,22.22015445977985,165.6922483892664,4.805539802405762,352.3641,56.090692161897486,1.09406040365071,351.13,17524319,1789744175,2026-09-18T15:09:35Z,NASDAQ:GOOGL
10.821150559498331,22.258725888351307,165.1529078487992,4.765244903441492,352.3641,55.99907566778532,1.0551924682578586,350.995,17724723,1789744356,2026-09-18T15:12:36Z,NASDAQ:GOOGL
10.821150559498331,22.09872588835134,167.38711857490753,4.932394113959955,352.3641,56.3766395591558,1.2164224224800688,351.555,17872269,1789744536,2026-09-18T15:15:36Z,NASDAQ:GOOGL
10.821150559498331,22.197297316922743,166.01163666332192,4.829418261051251,352.3641,56.14480360887856,1.1170932542538785,351.21,18033892,1789744717,2026-09-18T15:18:37Z,NASDAQ:GOOGL
10.821150559498331,22.317297316922748,164.33301273867016,4.704056353162418,352.3641,55.85922093622967,0.9961707885872332,350.79,18233712,1789744897,2026-09-18T15:21:37Z,NASDAQ:GOOGL
10.821150559498331,22.411668745494183,163.00970262454004,4.6054681670298265,352.3641,55.63200442581556,0.9010739066593768,350.4597,18346898,1789745074,2026-09-18T15:24:34Z,NASDAQ:GOOGL
10.821150559498331,22.501640174065585,161.74546475819332,4.511476584186492,352.3641,55.41319282034326,0.8104108484726316,350.1448,18569030,1789745257,2026-09-18T15:27:37Z,NASDAQ:GOOGL
10.821150559498331,22.601583031208463,159.43116286774628,4.354833895472058,352.3641,55.04369462460244,0.6593153485158266,349.62,18703026,1789745436,2026-09-18T15:30:36Z,NASDAQ:GOOGL
10.821150559498331,22.5401544597799,160.29781764081434,4.419007253081816,352.3641,55.195808638030016,0.7212161345118462,349.835,18799892,1789745616,2026-09-18T15:33:36Z,NASDAQ:GOOGL
10.821150559498331,22.44015445977988,161.70607920631286,4.523475509655861,352.3641,55.44124631511108,0.8219848559007337,350.185,18916558,1789745794,2026-09-18T15:36:34Z,NASDAQ:GOOGL
10.821150559498331,22.433011602637123,161.8065476260881,4.530937527982571,352.3641,55.45867472188356,0.8291826217142186,350.21,19026277,1789745975,2026-09-18T15:39:35Z,NASDAQ:GOOGL
10.821150559498331,22.2887258883514,163.83254532587569,4.6816702981822536,352.3641,55.80783218401786,0.9745774911467454,350.715,19116532,1789746155,2026-09-18T15:42:35Z,NASDAQ:GOOGL
10.821150559498331,22.2672973169228,164.13287411958427,4.704056353162418,352.3641,55.85922093622967,0.9961707885872332,350.79,19573867,1789746336,2026-09-18T15:45:36Z,NASDAQ:GOOGL
10.821150559498331,22.54729731692277,160.19710567970876,4.411545234755105,352.3641,55.17817387176608,0.7140183686983613,349.81,19713593,1789746515,2026-09-18T15:48:35Z,NASDAQ:GOOGL
10.821150559498331,22.4644401740656,161.36436531533872,4.498104647345029,352.3641,55.38188757652846,0.7975124521348684,350.1,19856312,1789746695,2026-09-18T15:51:35Z,NASDAQ:GOOGL
10.821150559498331,22.46729731692284,161.32415135542,4.495119840014328,352.3641,55.37489379655376,0.7946333458094581,350.09,20032148,1789746875,2026-09-18T15:54:35Z,NASDAQ:GOOGL
10.821150559498331,22.50246874549424,160.8289047785398,4.458376861773584,352.3641,55.28862040023023,0.759191546943836,349.9669,20109347,1789747054,2026-09-18T15:57:34Z,NASDAQ:GOOGL
10.821150559498331,22.505868745494183,160.78100873390724,4.454824941050059,352.3641,55.28026271935085,0.7557654104166067,349.955,20187853,1789747236,2026-09-18T16:00:36Z,NASDAQ:GOOGL
10.821150559498331,22.52444017406566,160.5193267128345,4.435423693400596,352.3641,55.23455632078169,0.7370512193015295,349.89,20326573,1789747416,2026-09-18T16:03:36Z,NASDAQ:GOOGL
10.821150559498331,22.59872588835134,159.47149910064084,4.357818702802741,352.3641,55.05079259460902,0.6621944548412205,349.63,20400042,1789747597,2026-09-18T16:06:37Z,NASDAQ:GOOGL
10.821150559498331,22.37015445977994,158.34109807446035,4.345879473479988,352.3641,55.022387258045455,0.6506780295396283,349.59,20514987,1789747774,2026-09-18T16:09:34Z,NASDAQ:GOOGL
10.821150559498331,22.373011602637064,156.29715313629544,4.227979583917865,352.3641,54.7399447329725,0.5369533296864679,349.195,20637920,1789747956,2026-09-18T16:12:36Z,NASDAQ:GOOGL
10.821150559498331,22.255040174065584,157.05844350995827,4.298988150314911,352.3641,54.910477041650026,0.6054472691676601,349.4329,20805241,1789748134,2026-09-18T16:15:34Z,NASDAQ:GOOGL
10.821150559498331,22.30158303120845,156.39849589719222,4.250365638898012,352.3641,54.793845558509176,0.5585466271269391,349.27,20883136,1789748317,2026-09-18T16:18:37Z,NASDAQ:GOOGL
10.821150559498331,22.21729731692278,157.59310177347,4.3384174551532775,352.3641,55.004615684459054,0.6434802637261433,349.565,21004865,1789748496,2026-09-18T16:21:36Z,NASDAQ:GOOGL
10.821150559498331,22.05386874549413,159.90293363630946,4.509148434468564,352.3641,55.40774551254414,0.8081651455388296,350.137,21159849,1789748674,2026-09-18T16:24:34Z,NASDAQ:GOOGL
10.821150559498331,22.07015445977993,159.67314115982484,4.4921350326836444,352.3641,55.367897823719545,0.7917542394840642,350.08,21241691,1789748857,2026-09-18T16:27:37Z,NASDAQ:GOOGL
10.821150559498331,22.25421160263704,157.07018580889246,4.299853744440797,352.3641,54.91254790213608,0.606282210002012,349.4358,21323908,1789749037,2026-09-18T16:30:37Z,NASDAQ:GOOGL
10.821150559498331,22.178725888351323,158.1390252167632,4.378712354117547,352.3641,55.10041569642396,0.6823481991189948,349.7,21387444,1789749218,2026-09-18T16:33:38Z,NASDAQ:GOOGL
10.821150559498331,22.25878303120851,157.0053979628412,4.295078052711709,352.3641,54.9011200939724,0.6016756398813881,349.4198,21505521,1789749394,2026-09-18T16:36:34Z,NASDAQ:GOOGL
10.821150559498331,22.204440174065667,155.03913741277614,4.195146703280305,352.3641,54.66065727501177,0.5052831601071015,349.085,21584525,1789749578,2026-09-18T16:39:38Z,NASDAQ:GOOGL
10.821150559498331,22.123011602637064,155.46552274867045,4.238426409575276,352.3641,54.76511443819626,0.5470302018253633,349.23,21644097,1789749755,2026-09-18T16:42:35Z,NASDAQ:GOOGL
10.821150559498331,21.95729731692273,157.81557261396608,4.411545234755105,352.3641,55.17817387176608,0.7140183686983613,349.81,21734934,1789749935,2026-09-18T16:45:35Z,NASDAQ:GOOGL
10.821150559498331,22.05444017406564,156.43902840466336,4.310061785511762,352.3641,54.93695543256487,0.6161287536348842,349.47,21802701,1789750115,2026-09-18T16:48:35Z,NASDAQ:GOOGL
10.821150559498331,21.937297316922752,158.09860279908867,4.432438886069911,352.3641,55.22751627327838,0.7341721129761355,349.88,21874152,1789750297,2026-09-18T16:51:37Z,NASDAQ:GOOGL
10.821150559498331,22.00158303120844,157.1884063226955,4.365280721129452,352.3641,55.06852771763286,0.6693922206547055,349.655,21936044,1789750478,2026-09-18T16:54:38Z,NASDAQ:GOOGL
10.821150559498331,21.95301160263699,157.87623273459425,4.416022445751132,352.3641,55.188756396966255,0.7183370281864523,349.825,21999104,1789750657,2026-09-18T16:57:37Z,NASDAQ:GOOGL
10.821150559498331,21.92158303120852,158.32089373046713,4.448855326388691,352.3641,55.26620915615037,0.7500071977658187,349.935,22119657,1789750833,2026-09-18T17:00:33Z,NASDAQ:GOOGL
10.821150559498331,21.941068745494192,158.0452412021426,4.42849894039341,352.3641,55.21822001931964,0.7303716926266168,349.8668,22190974,1789751017,2026-09-18T17:03:37Z,NASDAQ:GOOGL
10.821150559498331,21.92301160263702,158.3006887328317,4.447362922723348,352.3641,55.2626943851001,0.7485676446031218,349.93,22236416,1789751196,2026-09-18T17:06:36Z,NASDAQ:GOOGL
10.821150559498331,21.925868745494142,158.26027677650106,4.444378115392665,352.3641,55.255663185788286,0.7456885382777277,349.92,22301813,1789751377,2026-09-18T17:09:37Z,NASDAQ:GOOGL
10.821150559498331,21.89586874549417,158.68447194558797,4.475718592364864,352.3641,55.32938072963963,0.7759191546943809,350.025,22349966,1789751556,2026-09-18T17:12:36Z,NASDAQ:GOOGL
10.821150559498331,22.00301160263706,157.16816467033118,4.36378831746411,352.3641,55.064981812725385,0.6679526674920085,349.65,22445230,1789751738,2026-09-18T17:15:38Z,NASDAQ:GOOGL
10.821150559498331,22.03444017406565,156.7226824317867,4.330955436826567,352.3641,54.98683006149796,0.6362824979126585,349.54,22505419,1789751917,2026-09-18T17:18:37Z,NASDAQ:GOOGL
10.821150559498331,22.04729731692277,156.5403481833581,4.317523803838472,352.3641,54.95478048252652,0.6233265194483691,349.495,22541475,1789752097,2026-09-18T17:21:37Z,NASDAQ:GOOGL
10.821150559498331,21.988925888351275,157.36771873754304,4.3785034176044,352.3641,55.09992000776345,0.6821466616762185,349.6993,22594715,1789752276,2026-09-18T17:24:36Z,NASDAQ:GOOGL
10.821150559498331,22.03855445977985,156.66434125597308,4.326657314270372,352.3641,54.976579159335145,0.6321365848040805,349.5256,22629220,1789752456,2026-09-18T17:27:36Z,NASDAQ:GOOGL
10.821150559498331,22.05729731692276,156.39849589719222,4.307076978181061,352.3641,54.92982146192087,0.6132496473094738,349.46,22864415,1789752638,2026-09-18T17:30:38Z,NASDAQ:GOOGL
10.821150559498331,22.02301160263704,156.8847126999568,4.342894666149304,352.3641,55.015280313470285,0.6477989232142344,349.58,22894442,1789752815,2026-09-18T17:33:35Z,NASDAQ:GOOGL
10.821150559498331,22.067297316922748,156.2566114343792,4.296630152523666,352.3641,54.90483476698805,0.6031727751705949,349.425,22956916,1789752995,2026-09-18T17:36:35Z,NASDAQ:GOOGL
10.821150559498331,22.07015445977987,156.21606710490417,4.293645345192982,352.3641,54.89769062181109,0.600293668845201,349.415,22994128,1789753176,2026-09-18T17:39:36Z,NASDAQ:GOOGL
10.821150559498331,22.071954459779874,156.19052282810034,4.291764916574647,352.3641,54.89318864798583,0.5984798318601982,349.4087,23025320,1789753355,2026-09-18T17:42:35Z,NASDAQ:GOOGL
10.821150559498331,22.09586874549421,155.85104985732738,4.266782079216791,352.3641,54.8332913075702,0.5743817119166224,349.325,23082971,1789753538,2026-09-18T17:45:38Z,NASDAQ:GOOGL
10.821150559498331,22.10586874549421,155.7090411819834,4.2563352535593975,352.3641,54.80819743649547,0.5643048397777435,349.29,23140166,1789753717,2026-09-18T17:48:37Z,NASDAQ:GOOGL
10.821150559498331,22.08509731692272,156.00397744497815,4.278034802853489,352.3641,54.86028983455503,0.5852359427633761,349.3627,23184195,1789753895,2026-09-18T17:51:35Z,NASDAQ:GOOGL
10.821150559498331,22.06826874549421,156.2428266571832,4.295615318031233,352.3641,54.90240601157777,0.6021938790199602,349.4216,23219877,1789754076,2026-09-18T17:54:36Z,NASDAQ:GOOGL
10.821150559498331,22.03872588835128,156.66191025552916,4.326478225830525,352.3641,54.97615193708911,0.6319638384245511,349.525,23268380,1789754254,2026-09-18T17:57:34Z,NASDAQ:GOOGL
10.821150559498331,22.030154459779908,156.78344870264343,4.335432647822594,352.3641,54.99750312213232,0.6406011574007494,349.555,23321374,1789754436,2026-09-18T18:00:36Z,NASDAQ:GOOGL
10.821150559498331,21.97589731692273,157.55223942797926,4.3921141390323255,352.3641,55.13218773376578,0.695275386520021,349.7449,23455328,1789754617,2026-09-18T18:03:37Z,NASDAQ:GOOGL
10.821150559498331,21.9858687454942,157.41102124778942,4.381697161448231,352.3641,55.107495768216765,0.6852273054443888,349.71,23512824,1789754795,2026-09-18T18:06:35Z,NASDAQ:GOOGL
10.821150559498331,21.93301160263701,158.15923544468976,4.436916097065938,352.3641,55.2380755143632,0.7384907724642265,349.895,23557170,1789754974,2026-09-18T18:09:34Z,NASDAQ:GOOGL
10.821150559498331,21.894440174065664,158.7046645294162,4.477210996030206,352.3641,55.33288503053043,0.777358707857078,350.03,23617208,1789755162,2026-09-18T18:12:42Z,NASDAQ:GOOGL
10.821150559498331,21.98301160263708,157.45148817152491,4.384681968778932,352.3641,55.11457360749391,0.6881064117697991,349.72,23676344,1789755336,2026-09-18T18:15:36Z,NASDAQ:GOOGL
10.821150559498331,21.945868745494124,157.97731984922586,4.423484464077859,352.3641,55.20638283864156,0.7255347939999536,349.85,23747704,1789755516,2026-09-18T18:18:36Z,NASDAQ:GOOGL
10.821150559498331,21.851583031208463,159.31013852240253,4.521983105990519,352.3641,55.43775899694959,0.8205453027380367,350.18,23919267,1789755698,2026-09-18T18:21:38Z,NASDAQ:GOOGL
10.821150559498331,21.851583031208463,159.31013852240253,4.521983105990519,352.3641,55.43775899694959,0.8205453027380367,350.18,24030745,1789755877,2026-09-18T18:24:37Z,NASDAQ:GOOGL
10.821150559498331,21.80015445977989,160.0359327037636,4.575709637942883,352.3641,55.56295952607124,0.8723692165951775,350.36,24097302,1789756055,2026-09-18T18:27:35Z,NASDAQ:GOOGL
10.821150559498331,21.72872588835133,161.0425809406148,4.650329821210054,352.3641,55.73568658452802,0.9443468747300924,350.61,24180079,1789756238,2026-09-18T18:30:38Z,NASDAQ:GOOGL
10.821150559498331,21.72015445977985,161.16326955562542,4.659284243202106,352.3641,55.756323638638825,0.9529841937062742,350.64,24260060,1789756414,2026-09-18T18:33:34Z,NASDAQ:GOOGL
10.821150559498331,21.70872588835136,161.32415135542,4.671223472524859,352.3641,55.78380979590362,0.9645006190078664,350.68,24313432,1789756599,2026-09-18T18:36:39Z,NASDAQ:GOOGL
10.821150559498331,21.69444017406562,161.52519520243175,4.686147509178297,352.3641,55.818119504528255,0.9788961506348528,350.73,24405933,1789756775,2026-09-18T18:39:35Z,NASDAQ:GOOGL
10.821150559498331,21.685868745494133,161.64579037457435,4.695101931170349,352.3641,55.838679783766736,0.9875334696110348,350.76,24475475,1789756955,2026-09-18T18:42:35Z,NASDAQ:GOOGL
10.821150559498331,21.687297316922752,161.62569280049502,4.693609527505007,352.3641,55.83525439952981,0.9860939164483378,350.755,24551111,1789757134,2026-09-18T18:45:34Z,NASDAQ:GOOGL
10.821150559498331,21.666811602636983,161.9138300034943,4.715010596066038,352.3641,55.88432364047315,1.0067371088014374,350.8267,24651033,1789757315,2026-09-18T18:48:35Z,NASDAQ:GOOGL
10.821150559498331,21.628725888351312,162.44916195310142,4.7547980777840815,352.3641,55.97526080162138,1.045115596118963,350.96,24706484,1789757496,2026-09-18T18:51:36Z,NASDAQ:GOOGL
10.821150559498331,21.617297316922706,162.60971194531157,4.766737307106835,352.3641,56.0024756884234,1.0566320214205556,351.0,24765512,1789757678,2026-09-18T18:54:38Z,NASDAQ:GOOGL
10.821150559498331,21.591583031208472,162.970798069681,4.793600573083008,352.3641,56.06358633277873,1.082543978349118,351.09,24846101,1789757858,2026-09-18T18:57:38Z,NASDAQ:GOOGL
10.821150559498331,21.50158303120844,164.23295148420436,4.887622003999642,352.3641,56.27614319517004,1.17323582759911,351.405,24972736,1789758035,2026-09-18T19:00:35Z,NASDAQ:GOOGL
10.821150559498331,21.394440174065664,165.73218091087583,4.999552278900397,352.3641,56.52652089052417,1.2812023148014824,351.78,25115129,1789758217,2026-09-18T19:03:37Z,NASDAQ:GOOGL
10.821150559498331,21.40444017406565,165.59240584725933,4.989105453243004,352.3641,56.50327369744151,1.2711254426626035,351.745,25235881,1789758396,2026-09-18T19:06:36Z,NASDAQ:GOOGL
10.821150559498331,21.34301160263709,166.45052735872093,5.0532788108527615,352.3641,56.64568644166044,1.3330262286586232,351.96,25396142,1789758576,2026-09-18T19:09:36Z,NASDAQ:GOOGL
10.821150559498331,21.36872588835132,166.0914580611146,5.026415544876588,352.3641,56.58618543961288,1.3071142717300608,351.87,25485248,1789758753,2026-09-18T19:12:33Z,NASDAQ:GOOGL
10.821150559498331,21.434440174065628,165.17289177930428,4.957764976270786,352.3641,56.43338270286189,1.240894826245934,351.64,25578132,1789758935,2026-09-18T19:15:35Z,NASDAQ:GOOGL
10.821150559498331,21.484440174065583,164.4730714372668,4.905530847983764,352.3641,56.316397253522766,1.1905104655514902,351.465,25688286,1789759118,2026-09-18T19:18:38Z,NASDAQ:GOOGL
10.821150559498331,21.55158303120851,163.5320714006206,4.8353878757126365,352.3641,56.1583106382891,1.1228514669046827,351.23,25824784,1789759294,2026-09-18T19:21:34Z,NASDAQ:GOOGL
10.821150559498331,21.56586874549413,163.33167476985452,4.820463839059199,352.3641,56.12452745255136,1.1084559352776964,351.18,25931758,1789759478,2026-09-18T19:24:38Z,NASDAQ:GOOGL
