ADX,BBPower,CCI20,Perf.W,Pivot.M.Camarilla.R3,RSI,change,close,volume,timestamp_utc,fecha_iso,simbolo
20.00725889915348,-112.37063395143925,-88.70918856279066,-2.7916198901939744,4635.652875,47.68728837823299,0.7897799989576215,4351.12,931049,1789154579,2026-09-11T19:22:59Z,OANDA:XAUUSD
20.00725889915348,-112.77777680858162,-88.37862663003352,-2.759783962511793,4635.652875,47.7818320997001,0.8227888418529067,4352.545,932297,1789154754,2026-09-11T19:25:54Z,OANDA:XAUUSD
20.00725889915348,-112.28491966572436,-88.77876436965072,-2.798322190758648,4635.652875,47.66734079634789,0.7828307688744003,4350.82,933624,1789154938,2026-09-11T19:28:58Z,OANDA:XAUUSD
20.00725889915348,-111.21491966572466,-89.64682910808638,-2.881989242807594,4635.652875,47.41704209048819,0.6960812133355767,4347.075,935475,1789155116,2026-09-11T19:31:56Z,OANDA:XAUUSD
20.00725889915348,-110.81063395143792,-89.97458825237614,-2.9136017604709474,4635.652875,47.32184559307144,0.6633040114430707,4345.66,936841,1789155301,2026-09-11T19:35:01Z,OANDA:XAUUSD
20.00725889915348,-111.23206252286764,-89.63292843244315,-2.880648782694651,4635.652875,47.42107108767378,0.6974710593522295,4347.135,938502,1789155481,2026-09-11T19:38:01Z,OANDA:XAUUSD
20.00725889915348,-111.20349109429662,-89.65609610034959,-2.8828828828828823,4635.652875,47.41435574931096,0.695154649324482,4347.035,939956,1789155658,2026-09-11T19:40:58Z,OANDA:XAUUSD
20.00725889915348,-111.31206252286756,-89.5680556416219,-2.8743933021676327,4635.652875,47.43986491382681,0.7039570074298929,4347.415,941569,1789155839,2026-09-11T19:43:59Z,OANDA:XAUUSD
20.00725889915348,-110.37777680858198,-90.3253721376942,-2.947448378322512,4635.652875,47.21953859713919,0.6282103995228381,4344.145,942975,1789156016,2026-09-11T19:46:56Z,OANDA:XAUUSD
20.00725889915348,-110.23349109429546,-90.44226829760036,-2.9587305842730403,4635.652875,47.18534790045574,0.6165125288827537,4343.64,944657,1789156197,2026-09-11T19:49:57Z,OANDA:XAUUSD
20.00725889915348,-110.0734910942956,-90.57187713599028,-2.9712415453270977,4635.652875,47.14738163113149,0.6035406327274059,4343.08,946078,1789156375,2026-09-11T19:52:55Z,OANDA:XAUUSD
20.00725889915348,-110.85777680858156,-89.93637542252604,-2.9099154951603805,4635.652875,47.33296399422216,0.6671260879888391,4345.825,947535,1789156563,2026-09-11T19:56:03Z,OANDA:XAUUSD
20.00725889915348,-111.41206252286791,-89.48695777073509,-2.866573951508844,4635.652875,47.46333831150867,0.7120644425269879,4347.765,949160,1789156739,2026-09-11T19:58:59Z,OANDA:XAUUSD
20.00725889915348,-111.87777680858198,-89.1091726346811,-2.830158118440808,4635.652875,47.57238165844315,0.7498219259791361,4349.395,951481,1789156917,2026-09-11T20:01:57Z,OANDA:XAUUSD
20.00725889915348,-111.78777680858184,-89.18219312748963,-2.8371955340337216,4635.652875,47.55134416411904,0.7425252343917466,4349.08,952126,1789157095,2026-09-11T20:04:55Z,OANDA:XAUUSD
20.00725889915348,-112.06063395143792,-88.96079444516779,-2.815859877236194,4635.652875,47.61507256881709,0.7646469501566524,4350.035,952720,1789157274,2026-09-11T20:07:54Z,OANDA:XAUUSD
20.00725889915348,-112.14206252286748,-88.8947115460052,-2.809492691699762,4635.652875,47.634060999276805,0.7712487187357051,4350.32,953090,1789157459,2026-09-11T20:10:59Z,OANDA:XAUUSD
20.00725889915348,-111.77349109429632,-89.19378311187658,-2.838312584127837,4635.652875,47.54800332657078,0.7413670293778728,4349.03,953597,1789157635,2026-09-11T20:13:55Z,OANDA:XAUUSD
20.00725889915348,-111.4620625228672,-89.44640596733214,-2.86266427617947,4635.652875,47.47506714967643,0.7161181600755142,4347.94,954089,1789157816,2026-09-11T20:16:56Z,OANDA:XAUUSD
20.00725889915348,-111.84206252286822,-89.138149762556,-2.8329507436760863,4635.652875,47.564035466474586,0.7469264134444623,4349.27,954373,1789158001,2026-09-11T20:20:01Z,OANDA:XAUUSD
20.00725889915348,-111.91063395143829,-89.08251281489139,-2.827588903224356,4635.652875,47.58005780881148,0.752485797511031,4349.51,954645,1789158177,2026-09-11T20:22:57Z,OANDA:XAUUSD
20.00725889915348,-112.07206252286778,-88.95151995852018,-2.8149662371609057,4635.652875,47.61773844238725,0.7655735141677471,4350.075,954926,1789158360,2026-09-11T20:26:00Z,OANDA:XAUUSD
20.00725889915348,-111.91491966572356,-89.07903538617805,-2.827253788196136,4635.652875,47.581058880102674,0.7528332590151784,4349.525,955371,1789158541,2026-09-11T20:29:01Z,OANDA:XAUUSD
20.00725889915348,-111.51206252286649,-89.40585225177563,-2.858754600850076,4635.652875,47.486790752074185,0.7201718776240617,4348.115,955985,1789158715,2026-09-11T20:31:55Z,OANDA:XAUUSD
20.00725889915348,-111.42349109429595,-89.47768895567484,-2.865680311433556,4635.652875,47.46601965058933,0.7129910065380826,4347.805,956190,1789158896,2026-09-11T20:34:56Z,OANDA:XAUUSD
20.00725889915348,-111.52491966572416,-89.39542384440642,-2.8577492557653743,4635.652875,47.48980454684568,0.7212142621365459,4348.16,956555,1789159073,2026-09-11T20:37:53Z,OANDA:XAUUSD
20.00725889915348,-111.56920538001032,-89.35950280669482,-2.8542864004736344,4635.652875,47.500182748163645,0.7248046976795355,4348.315,957030,1789159255,2026-09-11T20:40:55Z,OANDA:XAUUSD
20.00725889915348,-110.97777680858236,-89.83909873690995,-2.9005322743698425,4635.652875,47.36124421202678,0.6768550101053447,4346.245,957663,1789159442,2026-09-11T20:44:02Z,OANDA:XAUUSD
20.00725889915348,-111.36777680858177,-89.52287348558637,-2.8700368068006044,4635.652875,47.45294553676826,0.7084740069839771,4347.61,958289,1789159617,2026-09-11T20:46:57Z,OANDA:XAUUSD
20.00725889915348,-111.39206252286748,-89.50317795672404,-2.868137821640614,4635.652875,47.45864530944015,0.7104429555075562,4347.695,958824,1789159799,2026-09-11T20:49:59Z,OANDA:XAUUSD
20.00725889915348,-111.25206252286809,-89.61671069352754,-2.879084912562901,4635.652875,47.42577080411293,0.6990925463716401,4347.205,959098,1789159973,2026-09-11T20:52:53Z,OANDA:XAUUSD
20.00725889915348,-111.6377768085822,-89.30388017537197,-2.848924560021884,4635.652875,47.5162441299784,0.7303640817461251,4348.555,960111,1789160160,2026-09-11T20:56:00Z,OANDA:XAUUSD
20.00725889915348,-111.67777680858126,-89.27143197920152,-2.8457968197583847,4635.652875,47.525608731838574,0.7336070557849462,4348.695,960765,1789160338,2026-09-11T20:58:58Z,OANDA:XAUUSD
20.00725889915348,-111.88491966572474,-89.10337709196838,-2.8295995933937603,4635.652875,47.574050578017335,0.7504010284860625,4349.42,960927,1789160517,2026-09-11T21:01:57Z,OANDA:XAUUSD
20.00725889915348,-111.88491966572474,-89.10337709196838,-2.8295995933937603,4635.652875,47.574050578017335,0.7504010284860625,4349.42,960927,1789160693,2026-09-11T21:04:53Z,OANDA:XAUUSD
20.00725889915348,-111.88491966572474,-89.10337709196838,-2.8295995933937603,4635.652875,47.574050578017335,0.7504010284860625,4349.42,960927,1789160881,2026-09-11T21:08:01Z,OANDA:XAUUSD
20.00725889915348,-111.88491966572474,-89.10337709196838,-2.8295995933937603,4635.652875,47.574050578017335,0.7504010284860625,4349.42,960927,1789161054,2026-09-11T21:10:54Z,OANDA:XAUUSD
20.00725889915348,-111.88491966572474,-89.10337709196838,-2.8295995933937603,4635.652875,47.574050578017335,0.7504010284860625,4349.42,960927,1789161236,2026-09-11T21:13:56Z,OANDA:XAUUSD
20.00725889915348,-111.88491966572474,-89.10337709196838,-2.8295995933937603,4635.652875,47.574050578017335,0.7504010284860625,4349.42,960927,1789161419,2026-09-11T21:16:59Z,OANDA:XAUUSD
20.00725889915348,-111.88491966572474,-89.10337709196838,-2.8295995933937603,4635.652875,47.574050578017335,0.7504010284860625,4349.42,960927,1789161599,2026-09-11T21:19:59Z,OANDA:XAUUSD
20.00725889915348,-111.88491966572474,-89.10337709196838,-2.8295995933937603,4635.652875,47.574050578017335,0.7504010284860625,4349.42,960927,1789161776,2026-09-11T21:22:56Z,OANDA:XAUUSD
20.00725889915348,-111.88491966572474,-89.10337709196838,-2.8295995933937603,4635.652875,47.574050578017335,0.7504010284860625,4349.42,960927,1789161955,2026-09-11T21:25:55Z,OANDA:XAUUSD
20.00725889915348,-111.88491966572474,-89.10337709196838,-2.8295995933937603,4635.652875,47.574050578017335,0.7504010284860625,4349.42,960927,1789162134,2026-09-11T21:28:54Z,OANDA:XAUUSD
20.00725889915348,-111.88491966572474,-89.10337709196838,-2.8295995933937603,4635.652875,47.574050578017335,0.7504010284860625,4349.42,960927,1789162316,2026-09-11T21:31:56Z,OANDA:XAUUSD
20.00725889915348,-111.88491966572474,-89.10337709196838,-2.8295995933937603,4635.652875,47.574050578017335,0.7504010284860625,4349.42,960927,1789162500,2026-09-11T21:35:00Z,OANDA:XAUUSD
20.00725889915348,-111.88491966572474,-89.10337709196838,-2.8295995933937603,4635.652875,47.574050578017335,0.7504010284860625,4349.42,960927,1789162676,2026-09-11T21:37:56Z,OANDA:XAUUSD
20.00725889915348,-111.88491966572474,-89.10337709196838,-2.8295995933937603,4635.652875,47.574050578017335,0.7504010284860625,4349.42,960927,1789162859,2026-09-11T21:40:59Z,OANDA:XAUUSD
20.00725889915348,-111.88491966572474,-89.10337709196838,-2.8295995933937603,4635.652875,47.574050578017335,0.7504010284860625,4349.42,960927,1789163033,2026-09-11T21:43:53Z,OANDA:XAUUSD
20.00725889915348,-111.88491966572474,-89.10337709196838,-2.8295995933937603,4635.652875,47.574050578017335,0.7504010284860625,4349.42,960927,1789163215,2026-09-11T21:46:55Z,OANDA:XAUUSD
20.00725889915348,-111.88491966572474,-89.10337709196838,-2.8295995933937603,4635.652875,47.574050578017335,0.7504010284860625,4349.42,960927,1789163401,2026-09-11T21:50:01Z,OANDA:XAUUSD
20.00725889915348,-111.88491966572474,-89.10337709196838,-2.8295995933937603,4635.652875,47.574050578017335,0.7504010284860625,4349.42,960927,1789163574,2026-09-11T21:52:54Z,OANDA:XAUUSD
20.00725889915348,-111.88491966572474,-89.10337709196838,-2.8295995933937603,4635.652875,47.574050578017335,0.7504010284860625,4349.42,960927,1789163754,2026-09-11T21:55:54Z,OANDA:XAUUSD
20.00725889915348,-111.88491966572474,-89.10337709196838,-2.8295995933937603,4635.652875,47.574050578017335,0.7504010284860625,4349.42,960927,1789163930,2026-09-11T21:58:50Z,OANDA:XAUUSD
19.429932317429703,-107.99207399919304,-93.36643146712738,-2.100285020107433,4635.652875,46.315894597508354,-0.4554630272542178,4329.61,207479,1789362115,2026-09-14T05:01:55Z,OANDA:XAUUSD
19.429932317429703,-108.8235025706208,-92.7113965570847,-2.0344850587733725,4635.652875,46.49652605074088,-0.3885575548004018,4332.52,208543,1789362297,2026-09-14T05:04:57Z,OANDA:XAUUSD
19.429932317429703,-108.1663597134784,-93.22916315440716,-2.086491901064889,4635.652875,46.35364256596164,-0.4414381687673257,4330.22,209432,1789362472,2026-09-14T05:07:52Z,OANDA:XAUUSD
19.429932317429703,-107.6106454277642,-93.66676994758194,-2.1304716003070725,4635.652875,46.23349636719597,-0.4861567749263221,4328.275,210092,1789362653,2026-09-14T05:10:53Z,OANDA:XAUUSD
19.429932317429703,-107.63064542776463,-93.65102447399352,-2.1288887833677514,4635.652875,46.237809589615374,-0.4845473649360102,4328.345,210797,1789362834,2026-09-14T05:13:54Z,OANDA:XAUUSD
19.429932317429703,-108.71350257062204,-92.79808795163886,-2.043190551939565,4635.652875,46.47254724567278,-0.3974093097470434,4332.135,211399,1789363014,2026-09-14T05:16:54Z,OANDA:XAUUSD
19.429932317429703,-108.09921685633616,-93.28204780952426,-2.0918056436468606,4635.652875,46.33909303198256,-0.4468411880204808,4329.985,212021,1789363192,2026-09-14T05:19:52Z,OANDA:XAUUSD
19.429932317429703,-108.1335025706203,-93.25504328646122,-2.08909224317948,4635.652875,46.34652143987629,-0.4440821994656876,4330.105,212527,1789363375,2026-09-14T05:22:55Z,OANDA:XAUUSD
19.429932317429703,-107.64493114205015,-93.63977753021985,-2.127758199839671,4635.652875,46.24089095552712,-0.4833977863715078,4328.395,213218,1789363553,2026-09-14T05:25:53Z,OANDA:XAUUSD
19.429932317429703,-107.46350257062204,-93.7826027630354,-2.1421166106462457,4635.652875,46.201788095221865,-0.4979974341406406,4327.76,214019,1789363737,2026-09-14T05:28:57Z,OANDA:XAUUSD
19.429932317429703,-108.84064542776376,-92.69788542130458,-2.033128358539692,4635.652875,46.50026523623757,-0.3871780605230156,4332.58,216550,1789363911,2026-09-14T05:31:51Z,OANDA:XAUUSD
19.429932317429703,-109.6935025706216,-92.02543784462874,-1.965632521913541,4635.652875,46.68705197564295,-0.3185482202224773,4335.565,218596,1789364091,2026-09-14T05:34:51Z,OANDA:XAUUSD
19.429932317429703,-109.32778828490608,-92.31385507486476,-1.9945754602322905,4635.652875,46.60677236211884,-0.3479774314736268,4334.285,219930,1789364277,2026-09-14T05:37:57Z,OANDA:XAUUSD
19.429932317429703,-109.09350257062124,-92.4985714635978,-2.013117030092736,4635.652875,46.55548816165722,-0.3668305199313914,4333.465,221370,1789364452,2026-09-14T05:40:52Z,OANDA:XAUUSD
19.429932317429703,-107.78921685633486,-93.52617513283744,-2.1163393062061178,4635.652875,46.272035788243,-0.4717870428700938,4328.9,223187,1789364636,2026-09-14T05:43:56Z,OANDA:XAUUSD
19.429932317429703,-108.924931142049,-92.63145257705854,-2.0264579157240403,4635.652875,46.51865831583811,-0.3803955469924742,4332.875,225091,1789364816,2026-09-14T05:46:56Z,OANDA:XAUUSD
19.429932317429703,-107.1149311420495,-94.05694043459806,-2.169702848731314,4635.652875,46.12684662578916,-0.5260471511144039,4326.54,227386,1789365000,2026-09-14T05:50:00Z,OANDA:XAUUSD
19.429932317429703,-107.91350257062096,-93.4283075424499,-2.1065032295118447,4635.652875,46.2988971690864,-0.4617857093589498,4329.335,229724,1789365173,2026-09-14T05:52:53Z,OANDA:XAUUSD
19.429932317429703,-109.01921685633624,-92.55713177725814,-2.018996064438738,4635.652875,46.53925087548011,-0.3728083284667874,4333.205,231395,1789365353,2026-09-14T05:55:53Z,OANDA:XAUUSD
19.429932317429703,-109.76350257062133,-91.97022193703584,-1.9600926626259496,4635.652875,46.70244953970608,-0.3129152852564175,4335.81,233199,1789365535,2026-09-14T05:58:55Z,OANDA:XAUUSD
19.429932317429703,-110.30207399919254,-91.54527873746154,-1.917469663617487,4635.652875,46.82125705348911,-0.2695761733748491,4337.695,236129,1789365713,2026-09-14T06:01:53Z,OANDA:XAUUSD
19.429932317429703,-109.62635971347754,-92.0783967060474,-1.9709462644954927,4635.652875,46.67229242041136,-0.3239512394756115,4335.33,239161,1789365890,2026-09-14T06:04:50Z,OANDA:XAUUSD
19.429932317429703,-108.77921685633464,-92.74629934024374,-2.037989867710424,4635.652875,46.48686927096949,-0.3921212483503614,4332.365,241910,1789366074,2026-09-14T06:07:54Z,OANDA:XAUUSD
19.429932317429703,-108.50921685633602,-92.9590630302784,-2.0593578963910604,4635.652875,46.42808073264871,-0.4138482832193717,4331.42,243797,1789366256,2026-09-14T06:10:56Z,OANDA:XAUUSD
19.429932317429703,-107.5177882849066,-93.73987014686983,-2.1378203932395645,4635.652875,46.213481228332974,-0.4936290355955565,4327.95,246084,1789366439,2026-09-14T06:13:59Z,OANDA:XAUUSD
19.429932317429703,-107.69921685633471,-93.5970377991992,-2.12346198243299,4635.652875,46.252603892477765,-0.4790293878264237,4328.585,247254,1789366613,2026-09-14T06:16:53Z,OANDA:XAUUSD
19.429932317429703,-108.01921685633624,-93.34505505867484,-2.098136911404082,4635.652875,46.32176933717125,-0.4532788279816653,4329.705,248790,1789366793,2026-09-14T06:19:53Z,OANDA:XAUUSD
19.429932317429703,-107.49493114205052,-93.75786308680146,-2.139629326884485,4635.652875,46.20855708253812,-0.495468361298752,4327.87,250460,1789366974,2026-09-14T06:22:54Z,OANDA:XAUUSD
19.429932317429703,-107.92207399919334,-93.42155764196826,-2.1058248793950045,4635.652875,46.300750827721686,-0.4610959622202568,4329.365,251442,1789367150,2026-09-14T06:25:50Z,OANDA:XAUUSD
19.429932317429703,-108.47350257062044,-92.9872024263676,-2.062184355211252,4635.652875,46.42031560397499,-0.4167222296306174,4331.295,252488,1789367334,2026-09-14T06:28:54Z,OANDA:XAUUSD
19.429932317429703,-108.60778828490676,-92.88139350974711,-2.051556870047328,4635.652875,46.44952597389848,-0.405916191124328,4331.765,253771,1789367510,2026-09-14T06:31:50Z,OANDA:XAUUSD
19.429932317429703,-107.94064542776414,-93.40693267543186,-2.104355120808494,4635.652875,46.30476759733642,-0.4596015100863972,4329.43,254603,1789367701,2026-09-14T06:35:01Z,OANDA:XAUUSD
19.429932317429703,-108.75921685633602,-92.76206142230735,-2.039572684649724,4635.652875,46.48250945930274,-0.3937306583406523,4332.295,256250,1789367877,2026-09-14T06:37:57Z,OANDA:XAUUSD
19.429932317429703,-107.26350257062133,-93.94002035205654,-2.15794478003931,4635.652875,46.158759142768574,-0.5140915340436121,4327.06,258497,1789368056,2026-09-14T06:40:56Z,OANDA:XAUUSD
19.429932317429703,-107.0963597134787,-94.07155432438242,-2.1711726073178044,4635.652875,46.122860663532514,-0.5275416032482425,4326.475,260377,1789368239,2026-09-14T06:43:59Z,OANDA:XAUUSD
19.429932317429703,-107.1663597134784,-94.01646990185544,-2.165632748030233,4635.652875,46.13788827149847,-0.5219086682822035,4326.72,262714,1789368415,2026-09-14T06:46:55Z,OANDA:XAUUSD
19.429932317429703,-107.43921685633632,-93.80171929693552,-2.144038602643976,4635.652875,46.19655887225216,-0.4999517177002885,4327.675,264417,1789368590,2026-09-14T06:49:50Z,OANDA:XAUUSD
19.429932317429703,-106.3877882849074,-94.62894450910596,-2.2272495503104017,4635.652875,45.971293729291006,-0.5719153358378818,4324.545,266175,1789368775,2026-09-14T06:52:55Z,OANDA:XAUUSD
19.429932317429703,-106.12635971347754,-94.83450305377411,-2.247939228874198,4635.652875,45.91562412479765,-0.605597987777684,4323.08,267110,1789368958,2026-09-14T06:55:58Z,OANDA:XAUUSD
19.429932317429703,-107.28493114205048,-95.41945733721435,-2.273377358255916,4635.652875,45.84736240996262,-0.6314635054788947,4321.955,268927,1789369142,2026-09-14T06:59:02Z,OANDA:XAUUSD
19.429932317429703,-108.0406454277636,-95.96699890134168,-2.3029986466915044,4635.652875,45.76813076893357,-0.6615824638687373,4320.645,270660,1789369316,2026-09-14T07:01:56Z,OANDA:XAUUSD
19.429932317429703,-109.82993114204965,-96.42451113664576,-2.3074079224510164,4635.652875,45.756360155943135,-0.6660658202702947,4320.45,273242,1789369496,2026-09-14T07:04:56Z,OANDA:XAUUSD
19.429932317429703,-109.8185025706216,-96.43347952266532,-2.3083123892734765,4635.652875,45.75394641951848,-0.6669854831218925,4320.41,274756,1789369676,2026-09-14T07:07:56Z,OANDA:XAUUSD
19.429932317429703,-109.87993114204892,-96.3852733436934,-2.303450880102745,4635.652875,45.76692324787743,-0.6620422952945466,4320.625,276303,1789369855,2026-09-14T07:10:55Z,OANDA:XAUUSD
19.429932317429703,-110.28278828490602,-96.06906324422434,-2.2715684246109955,4635.652875,45.85220987224222,-0.6296241797756993,4322.035,278105,1789370039,2026-09-14T07:13:59Z,OANDA:XAUUSD
19.429932317429703,-110.725645427764,-95.72132167721938,-2.2365203352406247,4635.652875,45.94633219623631,-0.5939872442762492,4323.585,279513,1789370217,2026-09-14T07:16:57Z,OANDA:XAUUSD
19.429932317429703,-110.55707399919174,-95.8537044587674,-2.249861220871929,4635.652875,45.910459474970814,-0.6075522713373319,4322.995,281011,1789370397,2026-09-14T07:19:57Z,OANDA:XAUUSD
19.429932317429703,-110.12993114204892,-96.18905741410788,-2.283665668361409,4635.652875,45.81981194841796,-0.6419246704158272,4321.5,282853,1789370574,2026-09-14T07:22:54Z,OANDA:XAUUSD
19.429932317429703,-109.4113597134774,-96.75291702581764,-2.3405340198236564,4635.652875,45.66812288260329,-0.699748472210097,4318.985,284901,1789370757,2026-09-14T07:25:57Z,OANDA:XAUUSD
19.429932317429703,-109.43135971347785,-96.737228141291,-2.338951202884336,4635.652875,45.672331255401616,-0.6981390622197852,4319.055,286340,1789370934,2026-09-14T07:28:54Z,OANDA:XAUUSD
19.429932317429703,-110.69921685633562,-97.18984902920312,-2.3521790301628296,4635.652875,45.6371851085544,-0.7115891314244156,4318.47,288046,1789371113,2026-09-14T07:31:53Z,OANDA:XAUUSD
19.429932317429703,-110.28278828490784,-97.59185353670316,-2.391071103528662,4635.652875,45.534162042920144,-0.7511346340431615,4316.75,290132,1789371300,2026-09-14T07:35:00Z,OANDA:XAUUSD
19.429932317429703,-110.504216856335,-97.41830928838824,-2.373547058843487,4635.652875,45.58052468692507,-0.7333161662934468,4317.525,291892,1789371478,2026-09-14T07:37:58Z,OANDA:XAUUSD
19.429932317429703,-111.11135971347905,-97.32536467649328,-2.355570780747071,4635.652875,45.62818198733887,-0.7150378671179229,4318.32,293406,1789371654,2026-09-14T07:40:54Z,OANDA:XAUUSD
19.429932317429703,-111.31278828490758,-97.1674476827614,-2.3396295530011963,4635.652875,45.67052757209015,-0.6988288093584992,4319.025,294887,1789371834,2026-09-14T07:43:54Z,OANDA:XAUUSD
19.429932317429703,-111.96278828490722,-96.65765865891548,-2.28818800247371,4635.652875,45.80771232857844,-0.6465229846738161,4321.3,296561,1789372019,2026-09-14T07:46:59Z,OANDA:XAUUSD
19.429932317429703,-111.01135971347868,-97.40375236504748,-2.3634848654435934,4635.652875,45.6071885122558,-0.7230849170693981,4317.97,298643,1789372199,2026-09-14T07:49:59Z,OANDA:XAUUSD
19.429932317429703,-114.129216856335,-99.98987478316047,-2.5120435410328392,4635.652875,45.2166651471598,-0.874139540444483,4311.4,300986,1789372376,2026-09-14T07:52:56Z,OANDA:XAUUSD
19.429932317429703,-114.3135025706224,-100.19749859162846,-2.525158309958523,4635.652875,45.18251074350911,-0.8874746517926613,4310.82,302797,1789372559,2026-09-14T07:55:59Z,OANDA:XAUUSD
19.429932317429703,-116.71707399919252,-100.81560628897506,-2.531602636068555,4635.652875,45.1657468751926,-0.8940272496102979,4310.535,304719,1789372734,2026-09-14T07:58:54Z,OANDA:XAUUSD
19.429932317429703,-117.59850257062136,-100.12718004669144,-2.461845632386244,4635.652875,45.34787252136905,-0.8230982521807546,4313.62,307001,1789372917,2026-09-14T08:01:57Z,OANDA:XAUUSD
19.429932317429703,-118.29135971347932,-99.58564509429574,-2.4070123312745366,4635.652875,45.49206883958069,-0.7673436918025852,4316.045,309070,1789373099,2026-09-14T08:04:59Z,OANDA:XAUUSD
19.429932317429703,-118.202788284907,-99.65489136959737,-2.4140219491486192,4635.652875,45.47358439550262,-0.7744710789024836,4315.735,311231,1789373280,2026-09-14T08:08:00Z,OANDA:XAUUSD
19.429932317429703,-118.34850257062136,-99.54096710138803,-2.4024899971622355,4635.652875,45.50400226445928,-0.7627453775445963,4316.245,313359,1789373455,2026-09-14T08:10:55Z,OANDA:XAUUSD
19.429932317429703,-118.05850257062048,-99.76768377674422,-2.4254408427821925,4635.652875,45.44350478496766,-0.7861967802603499,4315.225,315307,1789373638,2026-09-14T08:13:58Z,OANDA:XAUUSD
19.429932317429703,-117.00993114205085,-100.58693623661432,-2.5084256737429773,4635.652875,45.22609614047368,-0.8673570269139418,4311.695,316843,1789373815,2026-09-14T08:16:55Z,OANDA:XAUUSD
19.429932317429703,-116.79278828490716,-100.75649258015478,-2.525610543369743,4635.652875,45.181333925708586,-0.8879344832184496,4310.8,318395,1789373999,2026-09-14T08:19:59Z,OANDA:XAUUSD
19.429932317429703,-117.29421685633496,-100.3649004153414,-2.485927061534261,4635.652875,45.28483354904643,-0.8475842756045583,4312.555,319691,1789374177,2026-09-14T08:22:57Z,OANDA:XAUUSD
19.429932317429703,-117.34993114204916,-100.32137909553798,-2.481517785774769,4635.652875,45.29636278537164,-0.8431009192030218,4312.75,321191,1789374360,2026-09-14T08:26:00Z,OANDA:XAUUSD
19.429932317429703,-117.37564542776454,-100.30129158499358,-2.479482735424229,4635.652875,45.30168595160634,-0.8410316777869217,4312.84,322441,1789374535,2026-09-14T08:28:55Z,OANDA:XAUUSD
19.429932317429703,-116.76564542776396,-100.77768475740014,-2.5277586520730937,4635.652875,45.17574487821447,-0.8901186824910021,4310.705,324198,1789374716,2026-09-14T08:31:56Z,OANDA:XAUUSD
19.429932317429703,-117.36564542776432,-100.3091034507549,-2.480274143893879,4635.652875,45.29961568274107,-0.8418363827820672,4312.805,325702,1789374901,2026-09-14T08:35:01Z,OANDA:XAUUSD
19.429932317429703,-118.33135971347838,-99.55437074440542,-2.4038466973959154,4635.652875,45.5004215796715,-0.7641248718219825,4316.185,327170,1789375078,2026-09-14T08:37:58Z,OANDA:XAUUSD
19.429932317429703,-117.36278828490686,-100.31133539928524,-2.480500260599499,4635.652875,45.29902421210538,-0.8420662984949718,4312.795,329316,1789375256,2026-09-14T08:40:56Z,OANDA:XAUUSD
19.429932317429703,-116.71564542776468,-100.81672160265836,-2.531715694421365,4635.652875,45.165452883273055,-0.8941422074667502,4310.53,331209,1789375431,2026-09-14T08:43:51Z,OANDA:XAUUSD
19.429932317429703,-117.04421685633496,-100.56016110635456,-2.5057122732755968,4635.652875,45.233171967621736,-0.8677019004832778,4311.68,333106,1789375615,2026-09-14T08:46:55Z,OANDA:XAUUSD
19.429932317429703,-117.00635971347856,-101.257156664675,-2.561336982856954,4635.652875,45.08855863754766,-0.9242611658565928,4309.22,335006,1789375799,2026-09-14T08:49:59Z,OANDA:XAUUSD
19.429932317429703,-116.95493114204874,-101.73858779163758,-2.6002290562227857,4635.652875,44.9879949336442,-0.9638066684753388,4307.5,337127,1789375975,2026-09-14T08:52:55Z,OANDA:XAUUSD
19.429932317429703,-117.44064542776324,-102.20193173701048,-2.6282675277190743,4635.652875,44.91577334650036,-0.9923162168748902,4306.26,338587,1789376154,2026-09-14T08:55:54Z,OANDA:XAUUSD
19.429932317429703,-119.92207399919243,-102.87311151864466,-2.6376513710021072,4635.652875,44.8916541735954,-1.001857718960225,4305.845,340722,1789376340,2026-09-14T08:59:00Z,OANDA:XAUUSD
19.429932317429703,-121.10778828490766,-101.94912859082618,-2.5438129381717784,4635.652875,45.134017846583845,-0.9064426981068784,4309.995,343120,1789376511,2026-09-14T09:01:51Z,OANDA:XAUUSD
19.429932317429703,-121.3363597134794,-101.77089636556342,-2.525723601722553,4635.652875,45.18103973083689,-0.8880494410749019,4310.795,345376,1789376694,2026-09-14T09:04:54Z,OANDA:XAUUSD
19.429932317429703,-120.9206454277646,-102.09502852813831,-2.558623582389573,4635.652875,45.0955914900613,-0.9215021773017996,4309.34,347453,1789376879,2026-09-14T09:07:59Z,OANDA:XAUUSD
19.429932317429703,-120.8506454277649,-102.14959538031118,-2.564163441677145,4635.652875,45.08123508174591,-0.9271351122678384,4309.095,349743,1789377053,2026-09-14T09:10:53Z,OANDA:XAUUSD
19.429932317429703,-119.9849311420494,-102.824154391491,-2.632676803478586,4635.652875,44.90443701407234,-0.9967995732764476,4306.065,352514,1789377240,2026-09-14T09:14:00Z,OANDA:XAUUSD
19.429932317429703,-120.08707399919332,-103.62047150146128,-2.6938413723475145,4635.652875,44.74776993525959,-1.0589917736158017,4303.36,354976,1789377415,2026-09-14T09:16:55Z,OANDA:XAUUSD
19.49589191510994,-132.64564542776316,-109.65424353780344,-2.951953591807344,4635.652875,44.0985063934742,-1.3214405598907524,4291.945,358661,1789377593,2026-09-14T09:19:53Z,OANDA:XAUUSD
19.49589191510994,-131.69564542776425,-110.3879576166598,-3.0271373964244166,4635.652875,43.912915090066654,-1.3978875344298822,4288.62,362089,1789377773,2026-09-14T09:22:53Z,OANDA:XAUUSD
19.50277066263593,-131.74778828490707,-110.90834490713672,-3.067725345082359,4635.652875,43.8133715184708,-1.4391574048953713,4286.825,365848,1789377958,2026-09-14T09:25:58Z,OANDA:XAUUSD
19.569660255578075,-136.6335025706212,-112.65240196074392,-3.121088887607556,4635.652875,43.683179983601775,-1.4934175131396812,4284.465,369769,1789378139,2026-09-14T09:28:59Z,OANDA:XAUUSD
19.569660255578075,-136.87493114205063,-112.46649585596025,-3.10198202598306,4635.652875,43.72970615732267,-1.4739896353996549,4285.31,374055,1789378313,2026-09-14T09:31:53Z,OANDA:XAUUSD
19.569660255578075,-137.45493114205055,-112.01971466744034,-3.0560803347431653,4635.652875,43.84188517720639,-1.4273167456810316,4287.34,376631,1789378496,2026-09-14T09:34:56Z,OANDA:XAUUSD
19.569660255578075,-136.93350257062048,-112.421388234759,-3.097346633517948,4635.652875,43.74100851471946,-1.4692763632852135,4285.515,379096,1789378678,2026-09-14T09:37:58Z,OANDA:XAUUSD
19.58521127069584,-136.93778828490667,-113.7142555542927,-3.20068196798414,4635.652875,43.4904273111266,-1.5743478440803684,4280.945,382364,1789378875,2026-09-14T09:41:15Z,OANDA:XAUUSD
19.58521127069584,-138.1563597134782,-112.77668332238936,-3.10424319303922,4635.652875,43.724194931522845,-1.47628879252866,4285.21,385173,1789379035,2026-09-14T09:43:55Z,OANDA:XAUUSD
19.58568487386956,-137.31207399919367,-113.46594928436308,-3.174226313427152,4635.652875,43.5543066576976,-1.5474477056711078,4282.115,387915,1789379217,2026-09-14T09:46:57Z,OANDA:XAUUSD
19.58568487386956,-136.70921685633584,-113.92954195345384,-3.2219369383119663,4635.652875,43.43924102960205,-1.5959599210929265,4280.005,390035,1789379396,2026-09-14T09:49:56Z,OANDA:XAUUSD
19.59726535646164,-138.39921685633453,-113.5989010650006,-3.165746936966579,4635.652875,43.57482053735127,-1.5388258664373706,4282.49,392435,1789379574,2026-09-14T09:52:54Z,OANDA:XAUUSD
19.59726535646164,-139.82207399919207,-112.503900357308,-3.0531408175701644,4635.652875,43.84908866738203,-1.4243278414133336,4287.47,394461,1789379756,2026-09-14T09:55:56Z,OANDA:XAUUSD
19.59726535646164,-139.64493114204924,-112.64030280267318,-3.0671600533183088,4635.652875,43.81475482011326,-1.4385826156131094,4286.85,396374,1789379934,2026-09-14T09:58:54Z,OANDA:XAUUSD
19.59726535646164,-138.3963597134789,-113.60109843998404,-3.1659730536722,4635.652875,43.574273249782536,-1.5390557821502755,4282.48,398756,1789380119,2026-09-14T10:01:59Z,OANDA:XAUUSD
19.59726535646164,-137.84493114204997,-114.025085237475,-3.2096135778559325,4635.652875,43.468903494689634,-1.5834295147398938,4280.55,401136,1789380295,2026-09-14T10:04:55Z,OANDA:XAUUSD
19.59726535646164,-139.02921685633555,-113.11424078715008,-3.115888203378414,4635.652875,43.69583410334694,-1.4881294517429997,4284.695,403149,1789380472,2026-09-14T10:07:52Z,OANDA:XAUUSD
19.59726535646164,-139.44493114205034,-112.7942792119958,-3.082988222711394,4635.652875,43.77605536282085,-1.4546767155161018,4286.15,404618,1789380655,2026-09-14T10:10:55Z,OANDA:XAUUSD
19.59726535646164,-140.12064542776352,-112.27394659951314,-3.029511621833367,4635.652875,43.90707975304035,-1.4003016494153186,4288.515,405904,1789380835,2026-09-14T10:13:55Z,OANDA:XAUUSD
19.59726535646164,-139.5363597134783,-112.7238934637689,-3.075752488131691,4635.652875,43.79373805731259,-1.447319412703299,4286.47,407644,1789381015,2026-09-14T10:16:55Z,OANDA:XAUUSD
19.59726535646164,-140.61350257062077,-111.89422148784163,-2.9905064901147456,4635.652875,44.00314298062565,-1.3606411889401413,4290.24,409273,1789381200,2026-09-14T10:20:00Z,OANDA:XAUUSD
19.59726535646164,-139.70635971347838,-112.59300443827208,-3.0622985441475974,4635.652875,43.82665482097728,-1.433639427785785,4287.065,410807,1789381374,2026-09-14T10:22:54Z,OANDA:XAUUSD
19.59726535646164,-140.7163597134786,-111.81495307696224,-2.9823662887125826,4635.652875,44.02324399916538,-1.3523642232757405,4290.6,411889,1789381553,2026-09-14T10:25:53Z,OANDA:XAUUSD
19.59726535646164,-140.94064542776323,-111.64207823052836,-2.964616127321788,4635.652875,44.06713913317392,-1.3343158398131212,4291.385,413092,1789381737,2026-09-14T10:28:57Z,OANDA:XAUUSD
19.59726535646164,-140.46064542776367,-112.01200948053857,-3.002603733865159,4635.652875,43.97330452048757,-1.3729416795802691,4289.705,414581,1789381914,2026-09-14T10:31:54Z,OANDA:XAUUSD
19.59726535646164,-141.2906454277636,-111.37223503129808,-2.9369168308839293,4635.652875,44.13581306307939,-1.3061511649829265,4292.61,415732,1789382100,2026-09-14T10:35:00Z,OANDA:XAUUSD
19.59726535646164,-141.28778828490613,-111.37443818015572,-2.9371429475895288,4635.652875,44.13525159307208,-1.30638108069581,4292.6,416697,1789382277,2026-09-14T10:37:57Z,OANDA:XAUUSD
19.59726535646164,-141.56064542776403,-111.16401166539067,-2.915548802203272,4635.652875,44.188936518202055,-1.2844241301138952,4293.555,417757,1789382460,2026-09-14T10:41:00Z,OANDA:XAUUSD
19.59726535646164,-141.72921685633628,-111.0339838807691,-2.902207916571968,4635.652875,44.222168437124886,-1.2708591030528125,4294.145,418492,1789382632,2026-09-14T10:43:52Z,OANDA:XAUUSD
19.59726535646164,-141.5277882849059,-111.1893537457022,-2.9181491443178635,4635.652875,44.18246492581751,-1.2870681608122572,4293.44,419551,1789382817,2026-09-14T10:46:57Z,OANDA:XAUUSD
19.59726535646164,-141.18350257062048,-111.4548492013226,-2.9453962073445017,4635.652875,44.11476770982773,-1.3147730042166632,4292.235,420341,1789382991,2026-09-14T10:49:51Z,OANDA:XAUUSD
19.59726535646164,-141.11778828490606,-111.50551524874408,-2.950596891573643,4635.652875,44.10186982009743,-1.3200610656133454,4292.005,420995,1789383172,2026-09-14T10:52:52Z,OANDA:XAUUSD
19.59726535646164,-140.97064542776388,-111.61895217382526,-2.962241901912837,4635.652875,44.07301709500511,-1.3319017248276848,4291.49,422229,1789383350,2026-09-14T10:55:50Z,OANDA:XAUUSD
19.59726535646164,-141.8420739991925,-110.94692025348328,-2.893276306700176,4635.652875,44.24444487286807,-1.261777432393287,4294.54,423347,1789383536,2026-09-14T10:58:56Z,OANDA:XAUUSD
19.59726535646164,-142.19207399919287,-110.67685602946791,-2.865577010262297,4635.652875,44.31367297272045,-1.2336127575630715,4295.765,424872,1789383714,2026-09-14T11:01:54Z,OANDA:XAUUSD
19.59726535646164,-142.15350257062164,-110.70662241971657,-2.868629585788108,4635.652875,44.30603313368108,-1.236716619687222,4295.63,426229,1789383893,2026-09-14T11:04:53Z,OANDA:XAUUSD
19.59726535646164,-141.79778828490635,-110.98108552568073,-2.8967811156372063,4635.652875,44.23570081174889,-1.265341125943226,4294.385,427146,1789384072,2026-09-14T11:07:52Z,OANDA:XAUUSD
19.59726535646164,-141.76064542776476,-111.00973921035812,-2.899720632810208,4635.652875,44.22836974759729,-1.268330030210924,4294.255,428771,1789384261,2026-09-14T11:11:01Z,OANDA:XAUUSD
19.59726535646164,-140.97778828490664,-111.6134458769938,-2.9616766101487864,4635.652875,44.07441684085735,-1.3313269355454231,4291.515,431030,1789384442,2026-09-14T11:14:02Z,OANDA:XAUUSD
19.59726535646164,-141.40921685633475,-111.28079931205394,-2.9275329876008964,4635.652875,44.159126673124106,-1.2966096628975918,4293.025,431877,1789384617,2026-09-14T11:16:57Z,OANDA:XAUUSD
19.59726535646164,-141.9806454277641,-110.84000713536692,-2.8823096464778426,4635.652875,44.27182766718242,-1.2506265203176614,4295.025,432984,1789384798,2026-09-14T11:19:58Z,OANDA:XAUUSD
19.59726535646164,-142.2435025706218,-110.63716588646344,-2.861506909561236,4635.652875,44.32386352417891,-1.229474274730892,4295.945,433570,1789384973,2026-09-14T11:22:53Z,OANDA:XAUUSD
19.59726535646164,-142.3135025706215,-110.58314021169043,-2.8559670502736645,4635.652875,44.33774153061528,-1.223841339764853,4296.19,434146,1789385152,2026-09-14T11:25:52Z,OANDA:XAUUSD
19.59726535646164,-142.37064542776352,-110.53903507259218,-2.8514447161613425,4635.652875,44.34907695990476,-1.2192430255068432,4296.39,434573,1789385334,2026-09-14T11:28:54Z,OANDA:XAUUSD
19.59726535646164,-142.38064542776374,-110.53131643781084,-2.8506533076916925,4635.652875,44.3510612559638,-1.218438320511698,4296.425,435538,1789385518,2026-09-14T11:31:58Z,OANDA:XAUUSD
19.59726535646164,-142.06493114204932,-110.7749709237812,-2.8756392036621903,4635.652875,44.28849976540833,-1.24384400678712,4295.32,436932,1789385693,2026-09-14T11:34:53Z,OANDA:XAUUSD
19.59726535646164,-141.26207399919258,-111.39426626263015,-2.9391779979400696,4635.652875,44.13019900577476,-1.2945404214814915,4293.115,437809,1789385878,2026-09-14T11:37:58Z,OANDA:XAUUSD
19.59726535646164,-141.57635971347736,-111.15189127267544,-2.914305160322402,4635.652875,44.19203229782538,-1.2831595936929614,4293.61,438383,1789386055,2026-09-14T11:40:55Z,OANDA:XAUUSD
19.59726535646164,-141.60350257062055,-111.1309556414199,-2.912157051619052,4635.652875,44.19738057534475,-1.2809753944204088,4293.705,439189,1789386234,2026-09-14T11:43:54Z,OANDA:XAUUSD
19.59726535646164,-141.24064542776432,-111.41078931098684,-2.94087387323218,4635.652875,44.12598939997071,-1.3101746899586535,4292.435,439970,1789386415,2026-09-14T11:46:55Z,OANDA:XAUUSD
19.59726535646164,-141.6192168563357,-111.11883477688656,-2.910913409738161,4635.652875,44.200477538266746,-1.279710857999454,4293.76,440813,1789386595,2026-09-14T11:49:55Z,OANDA:XAUUSD
19.59726535646164,-140.0263597134781,-112.3465703079506,-3.0369734731186693,4635.652875,43.88875021451717,-1.407888867941005,4288.185,442386,1789386774,2026-09-14T11:52:54Z,OANDA:XAUUSD
19.59726535646164,-139.58493114204975,-112.68649865976138,-3.07190850413623,4635.652875,43.80313780039874,-1.443410845584003,4286.64,443752,1789386958,2026-09-14T11:55:58Z,OANDA:XAUUSD
19.59726535646164,-139.13921685633613,-113.02958915652076,-3.107182710212221,4635.652875,43.717032414425496,-1.4792776967963577,4285.08,445413,1789387136,2026-09-14T11:58:56Z,OANDA:XAUUSD
19.59726535646164,-140.6149311420504,-111.89312058838134,-2.990393431761935,4635.652875,44.0034220357344,-1.360526231083689,4290.245,446865,1789387313,2026-09-14T12:01:53Z,OANDA:XAUUSD
19.59726535646164,-139.57493114204954,-112.69419772473738,-3.0726999126059007,4635.652875,43.80120222933402,-1.4442155505791694,4286.605,448158,1789387495,2026-09-14T12:04:55Z,OANDA:XAUUSD
19.59726535646164,-140.37207399919316,-112.08025298780694,-3.0096133517392207,4635.652875,43.95603345557911,-1.3800690666801467,4289.395,450410,1789387678,2026-09-14T12:07:58Z,OANDA:XAUUSD
19.59726535646164,-141.61778828490606,-111.11993668081185,-2.911026468090971,4635.652875,44.2001959782485,-1.2798258158559064,4293.755,452784,1789387855,2026-09-14T12:10:55Z,OANDA:XAUUSD
19.59726535646164,-142.0406454277636,-110.7937106819126,-2.8775611956599207,4635.652875,44.28369465283895,-1.245798290346768,4295.235,454583,1789388045,2026-09-14T12:14:05Z,OANDA:XAUUSD
19.59726535646164,-142.29635971347852,-110.59637130689066,-2.8573237505073443,4635.652875,44.33434203168335,-1.2252208340422392,4296.13,456440,1789388220,2026-09-14T12:17:00Z,OANDA:XAUUSD
19.59726535646164,-141.2777882849059,-111.38214915613943,-2.9379343560592,4635.652875,44.13328656053874,-1.3071857856909763,4292.565,460964,1789388400,2026-09-14T12:20:00Z,OANDA:XAUUSD
19.59726535646164,-139.96350257062113,-112.39498266089645,-3.041948040642211,4635.652875,43.876539021898736,-1.4129470136248037,4287.965,464064,1789388577,2026-09-14T12:22:57Z,OANDA:XAUUSD
19.59726535646164,-139.10778828490766,-113.05377619876134,-3.1096699939739816,4635.652875,43.71097365563069,-1.4818067696382464,4284.97,467195,1789388758,2026-09-14T12:25:58Z,OANDA:XAUUSD
19.59726535646164,-139.34064542776468,-112.8745558275078,-3.091241482466346,4635.652875,43.75590346423947,-1.463068639036934,4285.785,469264,1789388946,2026-09-14T12:29:06Z,OANDA:XAUUSD
19.59726535646164,-139.10921685633548,-113.0526768027118,-3.109556935621172,4635.652875,43.71124901732488,-1.4201893585811542,4287.65,472584,1789389111,2026-09-14T12:31:51Z,OANDA:XAUUSD
19.59726535646164,-139.98778828490686,-112.37627821558088,-3.040026048644481,4635.652875,43.88125617708775,-1.4109927300651557,4288.05,475498,1789389300,2026-09-14T12:35:00Z,OANDA:XAUUSD
19.64965275280284,-140.53350257062175,-116.38279619727189,-3.351388752276716,4635.652875,43.13007783554325,-1.727586666727985,4274.28,481839,1789389483,2026-09-14T12:38:03Z,OANDA:XAUUSD
19.65446027830685,-143.2442168563357,-114.7122402608558,-3.1697039793148503,4635.652875,43.565244989290896,-1.542849391413119,4282.315,487032,1789389660,2026-09-14T12:41:00Z,OANDA:XAUUSD
19.65446027830685,-144.35421685633628,-113.85925036430064,-3.081857639183313,4635.652875,43.778817342496126,-1.4535271369515994,4286.2,491197,1789389836,2026-09-14T12:43:56Z,OANDA:XAUUSD
19.65446027830685,-142.42707399919345,-115.33963312540504,-3.23437335712081,4635.652875,43.40934744472125,-1.608605285302411,4279.455,494917,1789390022,2026-09-14T12:47:02Z,OANDA:XAUUSD
19.65446027830685,-141.78993114204968,-115.82850186714867,-3.284797382473005,4635.652875,43.28856297046995,-1.6598764892790236,4277.225,497307,1789390196,2026-09-14T12:49:56Z,OANDA:XAUUSD
19.65446027830685,-141.05564542776483,-116.39155683062404,-3.3429093758161432,4635.652875,43.150193949427226,-1.718964827494248,4274.655,500379,1789390385,2026-09-14T12:53:05Z,OANDA:XAUUSD
19.716669230529323,-145.18278828490747,-118.57668994261827,-3.4460185935766945,4635.652875,42.90684805081296,-1.8238063925764767,4270.095,503025,1789390557,2026-09-14T12:55:57Z,OANDA:XAUUSD
19.738924361992684,-147.4113597134783,-118.80930692248958,-3.4255550317185186,4635.652875,42.95492511964815,-1.8029990205590647,4271.0,506721,1789390744,2026-09-14T12:59:04Z,OANDA:XAUUSD
19.738924361992684,-146.5413597134775,-119.47404195822276,-3.494407568578369,4635.652875,42.79359003955578,-1.87300835513701,4267.955,511386,1789390916,2026-09-14T13:01:56Z,OANDA:XAUUSD
19.74235521354835,-146.83778828490722,-119.5471418123324,-3.4950859186952097,4635.652875,42.79200656003159,-1.873698102275703,4267.925,517121,1789391106,2026-09-14T13:05:06Z,OANDA:XAUUSD
19.74600671076016,-146.47707399919182,-120.14152518481232,-3.5493539280428865,4635.652875,42.66570676049858,-1.928877873371632,4265.525,521027,1789391279,2026-09-14T13:07:59Z,OANDA:XAUUSD
19.8749839290637,-156.9156454277645,-123.6871216213034,-3.652350087450628,4635.652875,42.42803908988441,-2.0336044805974085,4260.97,525908,1789391455,2026-09-14T13:10:55Z,OANDA:XAUUSD
19.8749839290637,-157.76135971347776,-123.0441677496671,-3.585419542588508,4635.652875,42.58218159148464,-1.965549429579112,4263.93,530177,1789391641,2026-09-14T13:14:01Z,OANDA:XAUUSD
19.8749839290637,-158.45421685633573,-122.51705785640958,-3.5305862414768208,4635.652875,42.70930102192767,-1.9097948692009628,4266.355,532690,1789391816,2026-09-14T13:16:56Z,OANDA:XAUUSD
19.8749839290637,-160.13421685633602,-121.23758309059636,-3.3976296185750403,4635.652875,43.020707152853774,-1.7746044300159654,4272.235,535973,1789392003,2026-09-14T13:20:03Z,OANDA:XAUUSD
19.8749839290637,-160.78850257062095,-120.73875898051244,-3.345848892989144,4635.652875,43.14321823864439,-1.7219537317619462,4274.525,539249,1789392180,2026-09-14T13:23:00Z,OANDA:XAUUSD
19.8749839290637,-161.33421685633493,-120.3224836660111,-3.3026606022166107,4635.652875,43.24593492948124,-1.678039830598095,4276.435,541976,1789392364,2026-09-14T13:26:04Z,OANDA:XAUUSD
19.8749839290637,-159.9670739991916,-121.36496470620382,-3.410857445853534,4635.652875,42.98952214537704,-1.7880544992205958,4271.65,544678,1789392541,2026-09-14T13:29:01Z,OANDA:XAUUSD
19.8749839290637,-161.43135971347783,-120.248360783186,-3.294972634225709,4635.652875,43.26427087967189,-1.6702226963595246,4276.775,548318,1789392719,2026-09-14T13:31:59Z,OANDA:XAUUSD
19.8749839290637,-160.63278828490638,-120.85750148849408,-3.3581722534451783,4635.652875,43.11399844357202,-1.734484138114979,4273.98,551885,1789392904,2026-09-14T13:35:04Z,OANDA:XAUUSD
19.8749839290637,-160.35707399919283,-121.06771103037916,-3.3799925155370345,4635.652875,43.06235761020632,-1.7566710044097773,4273.015,556547,1789393082,2026-09-14T13:38:02Z,OANDA:XAUUSD
19.8749839290637,-159.55135971347863,-121.68170230492404,-3.443757426520554,4635.652875,42.91215514459974,-1.8215072354474933,4270.195,560593,1789393261,2026-09-14T13:41:01Z,OANDA:XAUUSD
19.8749839290637,-160.07564542776436,-121.28222328048194,-3.402265011040152,4635.652875,43.00977392524084,-1.7793177021304067,4272.03,564753,1789393440,2026-09-14T13:44:00Z,OANDA:XAUUSD
19.8749839290637,-160.12993114204892,-121.24084952600242,-3.3979687936334497,4635.652875,43.01990697211232,-1.7749493035853012,4272.22,569898,1789393620,2026-09-14T13:47:00Z,OANDA:XAUUSD
19.8749839290637,-161.81707399919196,-119.95398513275993,-3.264446878967639,4635.652875,43.33722908143752,-1.6391840751180633,4278.125,576164,1789393799,2026-09-14T13:49:59Z,OANDA:XAUUSD
19.8749839290637,-161.86135971347812,-119.92017988079246,-3.2609420700306084,4635.652875,43.34562151469844,-1.6356203815681247,4278.28,582449,1789393985,2026-09-14T13:53:05Z,OANDA:XAUUSD
19.8749839290637,-160.2442168563348,-121.15374025608,-3.388924125408847,4635.652875,43.04125531705222,-1.7657526750693235,4272.62,587187,1789394161,2026-09-14T13:56:01Z,OANDA:XAUUSD
19.8749839290637,-160.07421685633471,-121.28331203610986,-3.4023780693929617,4635.652875,43.00950733057488,-1.7794326599868588,4272.025,591290,1789394343,2026-09-14T13:59:03Z,OANDA:XAUUSD
19.8749839290637,-159.8513597134779,-121.4531407189406,-3.4200151724309467,4635.652875,42.96795899608473,-1.7973660855930256,4271.245,595444,1789394519,2026-09-14T14:01:59Z,OANDA:XAUUSD
19.8749839290637,-158.8599311420503,-122.20824670250406,-3.498477669279452,4635.652875,42.78409091987716,-1.8771468379692104,4267.775,600199,1789394696,2026-09-14T14:04:56Z,OANDA:XAUUSD
19.8749839290637,-159.1099311420503,-122.01790183627446,-3.478692457538115,4635.652875,42.83030681520311,-1.857029213090491,4268.65,604208,1789394877,2026-09-14T14:07:57Z,OANDA:XAUUSD
19.8749839290637,-160.73278828490675,-120.78124675051625,-3.350258168748636,4635.652875,43.13275890032577,-1.7264370881634823,4274.33,607981,1789395060,2026-09-14T14:11:00Z,OANDA:XAUUSD
19.8749839290637,-160.95564542776356,-120.61128284192434,-3.3326210657106503,4635.652875,43.174626711397,-1.7085036625573158,4275.11,612368,1789395243,2026-09-14T14:14:03Z,OANDA:XAUUSD
19.8749839290637,-161.6842168563353,-120.05539277272528,-3.2749613057787523,4635.652875,43.3120712693113,-1.6498751557679006,4277.66,617371,1789395421,2026-09-14T14:17:01Z,OANDA:XAUUSD
19.8749839290637,-160.75278828490718,-120.76599497649272,-3.348675351809335,4635.652875,43.13651295105145,-1.724827678173192,4274.4,620485,1789395600,2026-09-14T14:20:00Z,OANDA:XAUUSD
19.8749839290637,-159.39993114204935,-121.79704798248764,-3.4557416119181577,4635.652875,42.88404249771675,-1.833692768231169,4269.665,623628,1789395780,2026-09-14T14:23:00Z,OANDA:XAUUSD
19.8749839290637,-158.31278828490667,-122.62468024696656,-3.541779018404774,4635.652875,42.68329131927566,-1.9211756969894929,4265.86,627875,1789395965,2026-09-14T14:26:05Z,OANDA:XAUUSD
19.8749839290637,-158.51993114205015,-122.46704682024172,-3.525385557247659,4635.652875,42.72139712756258,-1.90450680780426,4266.585,630472,1789396139,2026-09-14T14:28:59Z,OANDA:XAUUSD
19.8749839290637,-159.25707399919247,-121.90585020842052,-3.467047447198921,4635.652875,42.85755487780103,-1.845188553876152,4269.165,632707,1789396324,2026-09-14T14:32:04Z,OANDA:XAUUSD
19.8749839290637,-159.64993114204935,-121.60661032564954,-3.435956400176822,4635.652875,42.93047470027317,-1.8135751433524496,4270.54,634748,1789396496,2026-09-14T14:34:56Z,OANDA:XAUUSD
19.8749839290637,-159.1056454277632,-122.02116525291572,-3.479031632596525,4635.652875,42.82951370157628,-1.857374086659827,4268.635,637199,1789396681,2026-09-14T14:38:01Z,OANDA:XAUUSD
19.8749839290637,-159.57707399919218,-121.66211373708708,-3.4417223761700138,4635.652875,42.916932651624265,-1.8194379940313927,4270.285,639503,1789396854,2026-09-14T14:40:54Z,OANDA:XAUUSD
19.8749839290637,-160.3085025706214,-121.10473734136954,-3.3838364995324954,4635.652875,43.05327307479184,-1.7605795715290733,4272.845,641859,1789397037,2026-09-14T14:43:57Z,OANDA:XAUUSD
19.8749839290637,-161.77993114205037,-119.98233688169285,-3.26738639614064,4635.652875,43.330192771889365,-1.6421729793857611,4277.995,644506,1789397220,2026-09-14T14:47:00Z,OANDA:XAUUSD
19.8749839290637,-161.68564542776312,-120.05430243273646,-3.2748482474259424,4635.652875,43.31234162807091,-1.649760197911448,4277.665,646301,1789397390,2026-09-14T14:49:50Z,OANDA:XAUUSD
19.8749839290637,-161.38564542776385,-120.2832429501154,-3.29859050151555,4635.652875,43.25564026076463,-1.6739013477659157,4276.615,649696,1789397585,2026-09-14T14:53:05Z,OANDA:XAUUSD
19.8749839290637,-160.9627882849063,-120.60583471490555,-3.3320557739466,4635.652875,43.175969972772,-1.707928873275054,4275.135,651773,1789397759,2026-09-14T14:55:59Z,OANDA:XAUUSD
19.8749839290637,-161.46564542776375,-120.22219821257582,-3.2922592337583074,4635.652875,43.27074610435722,-1.6674637078047103,4276.895,655422,1789397940,2026-09-14T14:59:00Z,OANDA:XAUUSD
19.8749839290637,-161.66421685633486,-120.07065738479444,-3.276544122718053,4635.652875,43.30828660104163,-1.6514845657581914,4277.59,658732,1789398119,2026-09-14T15:01:59Z,OANDA:XAUUSD
19.8749839290637,-160.79421685633588,-120.73440113962889,-3.345396659577904,4635.652875,43.14429127811365,-1.721493900336137,4274.545,661097,1789398294,2026-09-14T15:04:54Z,OANDA:XAUUSD
19.8749839290637,-163.63278828490638,-118.56685964668984,-3.120749712549145,4635.652875,43.68400502886899,-1.4930726395703453,4284.48,668144,1789398476,2026-09-14T15:07:56Z,OANDA:XAUUSD
19.8749839290637,-162.99278828490696,-119.0560512142259,-3.171399854606961,4635.652875,43.56114247115753,-1.544573759259862,4282.24,672418,1789398660,2026-09-14T15:11:00Z,OANDA:XAUUSD
19.8749839290637,-162.17850257062037,-119.67805111994844,-3.2358431157073,4635.652875,43.40581728483412,-1.6100997374362498,4279.39,676506,1789398840,2026-09-14T15:14:00Z,OANDA:XAUUSD
19.8749839290637,-161.15278828490682,-120.46090163248176,-3.3170190130231854,4635.652875,43.211731432725095,-1.692639478367228,4275.8,680205,1789399019,2026-09-14T15:16:59Z,OANDA:XAUUSD
19.8749839290637,-161.11993114205052,-120.4859670270806,-3.319619355137756,4635.652875,43.20554288422391,-1.6952835090655691,4275.685,683690,1789399195,2026-09-14T15:19:55Z,OANDA:XAUUSD
19.8749839290637,-161.24993114204972,-120.38679089710494,-3.3093310450322626,4635.652875,43.23003838419728,-1.6848223441286363,4276.14,686638,1789399384,2026-09-14T15:23:04Z,OANDA:XAUUSD
19.8749839290637,-162.06993114204943,-119.76094985881184,-3.244435550520683,4635.652875,43.38519091163469,-1.6188365345264393,4279.01,689896,1789399562,2026-09-14T15:26:02Z,OANDA:XAUUSD
19.8749839290637,-163.401359713479,-118.74378748786552,-3.1390651657039705,4635.652875,43.63949713654293,-1.5116958123152051,4283.67,692293,1789399740,2026-09-14T15:29:00Z,OANDA:XAUUSD
19.8749839290637,-163.77850257062073,-118.45544163757673,-3.109217760562762,4635.652875,43.71207512322378,-1.481346938212458,4284.99,695564,1789399923,2026-09-14T15:32:03Z,OANDA:XAUUSD
19.8749839290637,-165.65278828490682,-117.02099001183016,-2.9608852016791363,4635.652875,44.076376634427575,-1.3305222305502775,4291.55,702564,1789400095,2026-09-14T15:34:55Z,OANDA:XAUUSD
19.8749839290637,-165.91421685633486,-116.82071683656808,-2.94019552311534,4635.652875,44.12767314591502,-1.3094849428199604,4292.465,708027,1789400282,2026-09-14T15:38:02Z,OANDA:XAUUSD
19.8749839290637,-167.33135971347747,-115.73425765453528,-2.8280416371301653,4635.652875,44.40783053741818,-1.1954467492217329,4297.425,712758,1789400460,2026-09-14T15:41:00Z,OANDA:XAUUSD
19.8749839290637,-166.2956454277637,-116.52842995275108,-2.910008942915701,4635.652875,44.20273014755608,-1.2787911951478563,4293.8,716610,1789400638,2026-09-14T15:43:58Z,OANDA:XAUUSD
19.8749839290637,-166.27278828490762,-116.5459481148121,-2.911817876560621,4635.652875,44.19822515855553,-1.2806305208510518,4293.72,721965,1789400824,2026-09-14T15:47:04Z,OANDA:XAUUSD
19.8749839290637,-165.06993114204943,-117.46733013038998,-3.00701300962465,4635.652875,43.96243888038117,-1.3774250359818057,4289.51,724234,1789400992,2026-09-14T15:49:52Z,OANDA:XAUUSD
19.8749839290637,-165.05707399919174,-117.47717321456086,-3.008030534799921,4635.652875,43.9599321874921,-1.3784596566898557,4289.465,726979,1789401185,2026-09-14T15:53:05Z,OANDA:XAUUSD
19.8749839290637,-164.97850257062146,-117.53732290737878,-3.0142487442043526,4635.652875,43.94461971779933,-1.3847823387946088,4289.19,729765,1789401358,2026-09-14T15:55:58Z,OANDA:XAUUSD
19.8749839290637,-164.81707399919196,-117.6608897674312,-3.027024338071606,4635.652875,43.91319300194709,-1.39777257657343,4288.625,732508,1789401539,2026-09-14T15:58:59Z,OANDA:XAUUSD
19.8749839290637,-164.36707399919305,-118.00525079750447,-3.0626377192060072,4635.652875,43.82582437860515,-1.4339843013551206,4287.05,734488,1789401722,2026-09-14T16:02:02Z,OANDA:XAUUSD
19.8749839290637,-164.4070739991921,-117.97464660478066,-3.059472085327407,4635.652875,43.83357639816768,-1.430765481374539,4287.19,735946,1789401893,2026-09-14T16:04:53Z,OANDA:XAUUSD
19.8749839290637,-165.17278828490726,-117.38858133412506,-2.998872808222508,4635.652875,43.98250271966838,-1.3691480703174257,4289.87,738041,1789402074,2026-09-14T16:07:54Z,OANDA:XAUUSD
19.8749839290637,-166.7213597134787,-116.20208791458252,-2.8763175537790304,4635.652875,44.28680372425767,-1.2445337539258134,4295.29,741044,1789402261,2026-09-14T16:11:01Z,OANDA:XAUUSD
19.8749839290637,-166.82850257062182,-116.11993503378342,-2.8678381773184576,4635.652875,44.30801357973201,-1.2359119146920765,4295.665,743703,1789402445,2026-09-14T16:14:05Z,OANDA:XAUUSD
19.8749839290637,-167.40421685633464,-115.67836369042946,-2.822275661136973,4635.652875,44.42232996626456,-1.1895838985427891,4297.68,746192,1789402622,2026-09-14T16:17:02Z,OANDA:XAUUSD
19.8749839290637,-167.72421685633617,-115.4328249432404,-2.796950590108066,4635.652875,44.48612601306824,-1.1638333386980309,4298.8,749005,1789402801,2026-09-14T16:20:01Z,OANDA:XAUUSD
19.8749839290637,-168.22993114204928,-115.0446408522552,-2.756927933214174,4635.652875,44.58732101358324,-1.1231382575148037,4300.57,751860,1789402974,2026-09-14T16:22:54Z,OANDA:XAUUSD
19.8749839290637,-169.14564542776407,-114.34128964975817,-2.6844575290644817,4635.652875,44.77173470380262,-1.049450271530467,4303.775,754383,1789403161,2026-09-14T16:26:01Z,OANDA:XAUUSD
19.8749839290637,-168.36135971347812,-114.94372772521469,-2.7465265647558708,4635.652875,44.61369569577751,-1.1125621347214187,4301.03,757094,1789403332,2026-09-14T16:28:52Z,OANDA:XAUUSD
19.8749839290637,-168.95993114204884,-114.48398217703274,-2.699155114929466,4635.652875,44.73421089770496,-1.064394792868936,4303.125,759532,1789403518,2026-09-14T16:31:58Z,OANDA:XAUUSD
19.8749839290637,-168.52993114205037,-114.81427807480569,-2.7331856791245666,4635.652875,44.64756980325666,-1.0989971076603358,4301.62,762088,1789403698,2026-09-14T16:34:58Z,OANDA:XAUUSD
19.8749839290637,-168.83993114204986,-114.57617072711903,-2.708652016565309,4635.652875,44.70999817951312,-1.074051252810723,4302.705,764353,1789403877,2026-09-14T16:37:57Z,OANDA:XAUUSD
19.8749839290637,-169.00564542776465,-114.44886009149457,-2.695537247639625,4635.652875,44.74344168991023,-1.060716141462545,4303.285,765662,1789404058,2026-09-14T16:40:58Z,OANDA:XAUUSD
19.8749839290637,-169.62707399919327,-113.97127482723994,-2.6463568641683,4635.652875,44.86930170606028,-1.0107094739068667,4305.46,767240,1789404232,2026-09-14T16:43:52Z,OANDA:XAUUSD
19.8749839290637,-170.26421685633522,-113.48133320141166,-2.595932838816105,4635.652875,44.99908166982754,-0.9594382699302544,4307.69,769325,1789404420,2026-09-14T16:47:00Z,OANDA:XAUUSD
19.8749839290637,-172.1613597134774,-112.02081540271644,-2.4457913462875585,4635.652875,45.38999609760821,-0.8067742365648787,4314.33,775601,1789404589,2026-09-14T16:49:49Z,OANDA:XAUUSD
19.8749839290637,-172.6427882849066,-111.64978677610378,-2.4076906813913768,4635.652875,45.49027936567345,-0.7680334389412783,4316.015,780635,1789404777,2026-09-14T16:52:57Z,OANDA:XAUUSD
19.8749839290637,-172.80564542776392,-111.52423889242148,-2.394802029171313,4635.652875,45.52430346152338,-0.7549282433060048,4316.585,785463,1789404957,2026-09-14T16:55:57Z,OANDA:XAUUSD
19.8749839290637,-172.33993114204986,-111.88321242898652,-2.431659052186604,4635.652875,45.427141528163,-0.7924045045086505,4314.955,788671,1789405137,2026-09-14T16:58:57Z,OANDA:XAUUSD
19.8749839290637,-171.9199311420498,-112.2068191601302,-2.4648982079120545,4635.652875,45.33987195377453,-0.826202114304905,4313.485,791842,1789405313,2026-09-14T17:01:53Z,OANDA:XAUUSD
19.8749839290637,-172.22278828490653,-111.97348249675947,-2.440929837116827,4635.652875,45.40276726957644,-0.8018310487375329,4314.545,794071,1789405498,2026-09-14T17:04:58Z,OANDA:XAUUSD
19.8749839290637,-171.85278828490755,-112.2585407714191,-2.470211950494006,4635.652875,45.325951771957385,-0.8316051335580393,4313.25,796785,1789405673,2026-09-14T17:07:53Z,OANDA:XAUUSD
19.8749839290637,-172.18278828490747,-112.00430422368676,-2.4440954709954483,4635.652875,45.3944503415144,-0.8050498687181354,4314.405,799256,1789405854,2026-09-14T17:10:54Z,OANDA:XAUUSD
19.8749839290637,-171.9856454277642,-112.1561949561799,-2.459697523682893,4635.652875,45.353504243191686,-0.8209140529082022,4313.715,802531,1789406038,2026-09-14T17:13:58Z,OANDA:XAUUSD
19.8749839290637,-171.16850257062015,-112.78548131281114,-2.524366901488873,4635.652875,45.18457032217974,-0.8866699467975158,4310.855,805286,1789406212,2026-09-14T17:16:52Z,OANDA:XAUUSD
19.8749839290637,-170.98707399919203,-112.92513719075636,-2.5387253122954268,4635.652875,45.14723285594752,-0.9012695945666276,4310.22,807836,1789406395,2026-09-14T17:19:55Z,OANDA:XAUUSD
19.8749839290637,-171.1142168563356,-112.82727052136816,-2.528663118895554,4635.652875,45.17339200871617,-0.8901186824910021,4310.705,810536,1789406575,2026-09-14T17:22:55Z,OANDA:XAUUSD
19.8749839290637,-171.45421685633573,-112.5655041770434,-2.501755230927346,4635.652875,45.24349485195205,-0.874484414013819,4311.385,813726,1789406755,2026-09-14T17:25:55Z,OANDA:XAUUSD
19.8749839290637,-172.09850257062044,-112.06924634164083,-2.4507659138111,4635.652875,45.37693535678183,-0.812177255818013,4314.095,816428,1789406935,2026-09-14T17:28:55Z,OANDA:XAUUSD
19.8749839290637,-171.6985025706208,-112.37737848848312,-2.48242225259723,4635.652875,45.29399733524485,-0.8440205820546196,4312.71,819525,1789407120,2026-09-14T17:32:00Z,OANDA:XAUUSD
19.8749839290637,-170.89421685633624,-112.99660571469887,-2.546074105227919,4635.652875,45.128146992025606,-0.9087418552358624,4309.895,821476,1789407302,2026-09-14T17:35:02Z,OANDA:XAUUSD
19.8749839290637,-170.97707399919182,-112.9328340903392,-2.539516720765077,4635.652875,45.145176679585525,-0.9020742995617732,4310.185,823325,1789407473,2026-09-14T17:37:53Z,OANDA:XAUUSD
19.8749839290637,-171.3599311420503,-112.63810293721372,-2.5092170822126483,4635.652875,45.22403277453507,-0.8712655940332374,4311.525,825131,1789407661,2026-09-14T17:41:01Z,OANDA:XAUUSD
19.8749839290637,-171.11707399919305,-112.82507114065814,-2.528437002189934,4635.652875,45.17398020311356,-0.8908084296296952,4310.675,827272,1789407845,2026-09-14T17:44:05Z,OANDA:XAUUSD
19.8749839290637,-171.0456454277637,-112.88005394787002,-2.534089919830316,4635.652875,45.15927993694639,-0.8965563224521865,4310.425,829236,1789408018,2026-09-14T17:46:58Z,OANDA:XAUUSD
19.8749839290637,-170.7027882849061,-113.14392182601767,-2.5612239245041435,4635.652875,45.0888516292728,-0.9241462080001404,4309.225,831565,1789408196,2026-09-14T17:49:56Z,OANDA:XAUUSD
19.8749839290637,-171.28707399919313,-112.69419772473675,-2.51498305820582,4635.652875,45.20900536079244,-0.8771284447121601,4311.27,833235,1789408375,2026-09-14T17:52:55Z,OANDA:XAUUSD
19.8749839290637,-171.4713597134787,-112.55230373504948,-2.500398530693645,4635.652875,45.24703521131069,-0.8622988812301436,4311.915,835050,1789408553,2026-09-14T17:55:53Z,OANDA:XAUUSD
19.8749839290637,-171.3970739991919,-112.60950416718067,-2.5062775650396474,4635.652875,45.231697654386245,-0.8682766897655394,4311.655,836487,1789408736,2026-09-14T17:58:56Z,OANDA:XAUUSD
19.8749839290637,-171.93564542776312,-112.1947136469479,-2.463654566031164,4635.652875,45.34313110347488,-0.8249375778839503,4313.54,838924,1789408908,2026-09-14T18:01:48Z,OANDA:XAUUSD
19.8749839290637,-170.9899311420495,-112.92293806376316,-2.538499195589828,4635.652875,45.14782036931066,-0.901039678853744,4310.23,842004,1789409101,2026-09-14T18:05:01Z,OANDA:XAUUSD
19.8749839290637,-170.78564542776348,-113.0801612764658,-2.5546665400413016,4635.652875,45.10585166693614,-0.9174786523260514,4309.515,843919,1789409281,2026-09-14T18:08:01Z,OANDA:XAUUSD
19.8749839290637,-171.16707399919233,-112.78658105519897,-2.5244799598416625,4635.652875,45.18427608515962,-0.8867849046539471,4310.85,845349,1789409461,2026-09-14T18:11:01Z,OANDA:XAUUSD
19.8749839290637,-171.2442168563348,-112.7271929261674,-2.518374808790061,4635.652875,45.20017036988271,-0.86678223763168,4311.72,846923,1789409644,2026-09-14T18:14:04Z,OANDA:XAUUSD
19.8749839290637,-171.53564542776348,-112.50280024844984,-2.495310904817293,4635.652875,45.26031649508434,-0.857125777689893,4312.14,848039,1789409823,2026-09-14T18:17:03Z,OANDA:XAUUSD
19.8749839290637,-171.34707399919262,-112.64800228686316,-2.5102346073879187,4635.652875,45.22138015210442,-0.8723002147412876,4311.48,849164,1789409999,2026-09-14T18:19:59Z,OANDA:XAUUSD
19.8749839290637,-171.05135971347863,-112.87565545443124,-2.5336376864190955,4635.652875,45.160455606151785,-0.8960964910263981,4310.445,850529,1789410176,2026-09-14T18:22:56Z,OANDA:XAUUSD
19.8749839290637,-170.4570739991932,-113.3329766566196,-2.58066996118707,4635.652875,45.038512987567984,-0.943918959309524,4308.365,851622,1789410356,2026-09-14T18:25:56Z,OANDA:XAUUSD
19.8749839290637,-170.2670739991927,-113.47913551606196,-2.5957067221104846,4635.652875,44.999665333628045,-0.9592083542173498,4307.7,852765,1789410542,2026-09-14T18:29:02Z,OANDA:XAUUSD
19.8749839290637,-170.77993114205037,-113.08455870962396,-2.5551187734525422,4635.652875,45.10467883900079,-0.924720997282402,4309.2,853897,1789410717,2026-09-14T18:31:57Z,OANDA:XAUUSD
19.8749839290637,-171.71421685633595,-112.36527540809546,-2.481178610716339,4635.652875,45.297249892867725,-0.8427560456336648,4312.765,854795,1789410895,2026-09-14T18:34:55Z,OANDA:XAUUSD
19.8749839290637,-171.61850257062088,-112.43899149417932,-2.4887535203544515,4635.652875,45.27744609937931,-0.8504582220158039,4312.43,856015,1789411078,2026-09-14T18:37:58Z,OANDA:XAUUSD
19.8749839290637,-171.1142168563356,-112.82727052136816,-2.528663118895554,4635.652875,45.17339200871617,-0.8910383453425998,4310.665,856955,1789411260,2026-09-14T18:41:00Z,OANDA:XAUUSD
19.8749839290637,-170.86278828490595,-113.02079369743625,-2.5485613889897003,4635.652875,45.121690815808016,-0.9112709280777718,4309.785,858005,1789411444,2026-09-14T18:44:04Z,OANDA:XAUUSD
19.8749839290637,-170.67421685633508,-113.16590711112484,-2.5634850915603047,4635.652875,45.08299251815847,-0.9264453651291452,4309.125,858875,1789411619,2026-09-14T18:46:59Z,OANDA:XAUUSD
19.8749839290637,-170.38564542776385,-113.38792655116656,-2.586322878827452,4635.652875,45.02390074092625,-0.949666852132015,4308.115,859917,1789411797,2026-09-14T18:49:57Z,OANDA:XAUUSD
19.8749839290637,-169.64993114204935,-113.9537033412972,-2.6445479305233794,4635.652875,44.87394454233031,-1.008870148203671,4305.54,860928,1789411985,2026-09-14T18:53:05Z,OANDA:XAUUSD
19.8749839290637,-169.9899311420495,-113.692284480486,-2.617640042555172,4635.652875,44.94312035245523,-0.9815101783686218,4306.73,861952,1789412158,2026-09-14T18:55:58Z,OANDA:XAUUSD
19.8749839290637,-169.88135971347856,-113.77577153232104,-2.626232477368533,4635.652875,44.92100743067243,-0.99024697545879,4306.35,863187,1789412339,2026-09-14T18:58:59Z,OANDA:XAUUSD
19.8749839290637,-169.94421685633552,-113.7274379253077,-2.6212579098450126,4635.652875,44.93380699560174,-0.9851888297750128,4306.57,865059,1789412518,2026-09-14T19:01:58Z,OANDA:XAUUSD
19.8749839290637,-169.77421685633544,-113.85815201197772,-2.6347118538291063,4635.652875,44.89920679045085,-0.998868814692527,4305.975,866603,1789412699,2026-09-14T19:04:59Z,OANDA:XAUUSD
19.8749839290637,-169.4613597134785,-114.09865720950148,-2.659471633093984,4635.652875,44.83566985347303,-1.0240445852550446,4304.88,867697,1789412879,2026-09-14T19:07:59Z,OANDA:XAUUSD
19.8749839290637,-169.33421685633493,-114.19637726907882,-2.669533826493857,4635.652875,44.80990026549732,-1.0342758344790723,4304.435,868587,1789413063,2026-09-14T19:11:03Z,OANDA:XAUUSD
19.8749839290637,-169.79850257062117,-113.83947980478575,-2.6327898618313754,4635.652875,44.90414641412634,-0.9969145311328792,4306.06,869360,1789413241,2026-09-14T19:14:01Z,OANDA:XAUUSD
19.8749839290637,-168.95850257062102,-114.48507971875377,-2.699268173282276,4635.652875,44.73392249681904,-1.0645097507253882,4303.12,870354,1789413421,2026-09-14T19:17:01Z,OANDA:XAUUSD
19.8749839290637,-168.32850257062182,-114.96895713379288,-2.7491269068704414,4635.652875,44.607099100402216,-1.1152061654197596,4300.915,871411,1789413599,2026-09-14T19:19:59Z,OANDA:XAUUSD
19.8749839290637,-167.7356454277642,-115.4240543856796,-2.7960461232856058,4635.652875,44.48840783245828,-1.162913675846433,4298.84,872405,1789413780,2026-09-14T19:23:00Z,OANDA:XAUUSD
19.8749839290637,-167.41707399919233,-115.66849966676938,-2.8212581359617035,4635.652875,44.42488967192781,-1.188549277834739,4297.725,873628,1789413957,2026-09-14T19:25:57Z,OANDA:XAUUSD
19.8749839290637,-167.28421685633566,-115.77042237157086,-2.8317725627728167,4635.652875,44.39845359672941,-1.1992403584845763,4297.26,874819,1789414136,2026-09-14T19:28:56Z,OANDA:XAUUSD
19.8749839290637,-167.2670739991927,-115.78357279487608,-2.833129263006517,4635.652875,44.39504478185264,-1.2006198527619834,4297.2,876196,1789414321,2026-09-14T19:32:01Z,OANDA:XAUUSD
19.8749839290637,-166.53278828490602,-116.34665762637748,-2.891241256349635,4635.652875,44.24952365617775,-1.2597081909771868,4294.63,877195,1789414493,2026-09-14T19:34:53Z,OANDA:XAUUSD
19.8749839290637,-166.1985025706208,-116.6028796378326,-2.917696910906623,4635.652875,44.18359028397642,-1.286608329386448,4293.46,878335,1789414676,2026-09-14T19:37:56Z,OANDA:XAUUSD
19.8749839290637,-165.62135971347834,-117.04506337737376,-2.9633724854409174,4635.652875,44.07021787000835,-1.3330513033921874,4291.44,879432,1789414859,2026-09-14T19:40:59Z,OANDA:XAUUSD
19.8749839290637,-165.61707399919305,-117.04834605597982,-2.963711660499327,4635.652875,44.06937817184542,-1.3333961769615237,4291.425,880727,1789415038,2026-09-14T19:43:58Z,OANDA:XAUUSD
19.8749839290637,-165.39421685633624,-117.21902779786387,-2.981348763537312,4635.652875,44.02575791782037,-1.3513296025676902,4290.645,881956,1789415216,2026-09-14T19:46:56Z,OANDA:XAUUSD
19.8749839290637,-164.79707399919334,-117.67619767938832,-3.028607155010907,4635.652875,43.90930255569833,-1.3993819865637207,4288.555,883171,1789415407,2026-09-14T19:50:07Z,OANDA:XAUUSD
19.8749839290637,-164.20564542776356,-118.12874932335312,-3.0754133130732817,4635.652875,43.79456728413023,-1.4469745391339626,4286.485,884892,1789415581,2026-09-14T19:53:01Z,OANDA:XAUUSD
19.8749839290637,-164.15278828490682,-118.16918297478948,-3.0795964721271525,4635.652875,43.78434234755456,-1.4512279798225944,4286.3,886850,1789415761,2026-09-14T19:56:01Z,OANDA:XAUUSD
19.8749839290637,-163.88707399919167,-118.37241475120337,-3.100625325749379,4635.652875,43.73301355973009,-1.4726101411222687,4285.37,888423,1789415945,2026-09-14T19:59:05Z,OANDA:XAUUSD
19.8749839290637,-163.48278828490675,-118.68153932122328,-3.132620839593939,4635.652875,43.65514697561888,-1.5051432144975685,4283.955,890362,1789416117,2026-09-14T20:01:57Z,OANDA:XAUUSD
19.8749839290637,-163.5542168563361,-118.62693189242728,-3.126967921953557,4635.652875,43.66888414907538,-1.4993953216750773,4284.205,891107,1789416299,2026-09-14T20:04:59Z,OANDA:XAUUSD
19.8749839290637,-164.07993114204965,-118.22491267702488,-3.0853624481203443,4635.652875,43.77025633973088,-1.4570908305015382,4286.045,891915,1789416485,2026-09-14T20:08:05Z,OANDA:XAUUSD
19.8749839290637,-164.29278828490624,-118.06208421750053,-3.068516753552009,4635.652875,43.81143504290632,-1.4399621098905169,4286.79,892392,1789416661,2026-09-14T20:11:01Z,OANDA:XAUUSD
19.8749839290637,-164.64993114204935,-117.78881165910472,-3.0402521653501005,4635.652875,43.8807011650101,-1.41122264577806,4288.04,893116,1789416843,2026-09-14T20:14:03Z,OANDA:XAUUSD
19.8749839290637,-165.19278828490587,-117.37326821697118,-2.997289991283208,4635.652875,43.9864061486484,-1.367538660327135,4289.94,893907,1789417022,2026-09-14T20:17:02Z,OANDA:XAUUSD
19.8749839290637,-165.70993114204884,-116.97721850173738,-2.9563628675668348,4635.652875,44.08757879913651,-1.325923916292289,4291.75,894505,1789417200,2026-09-14T20:20:00Z,OANDA:XAUUSD
19.8749839290637,-166.65278828490682,-116.25466157522156,-2.881744354713792,4635.652875,44.27324007004852,-1.2500517310353998,4295.05,895283,1789417381,2026-09-14T20:23:01Z,OANDA:XAUUSD
19.8749839290637,-167.09850257062044,-115.91287441496982,-2.8464701486378217,4635.652875,44.361552628447896,-1.214184879823066,4296.61,895781,1789417557,2026-09-14T20:25:57Z,OANDA:XAUUSD
19.8749839290637,-167.4485025706208,-115.64438712527274,-2.818770852199943,4635.652875,44.43114797226622,-1.1860202049928503,4297.835,896546,1789417741,2026-09-14T20:29:01Z,OANDA:XAUUSD
19.8749839290637,-167.55135971347863,-115.56546855306142,-2.8106306507978003,4635.652875,44.451642016401145,-1.1777432393284706,4298.195,897156,1789417918,2026-09-14T20:31:58Z,OANDA:XAUUSD
19.8749839290637,-167.87993114204892,-115.3133182853422,-2.784627229652032,4635.652875,44.51723594818061,-1.151302932344998,4299.345,897607,1789418099,2026-09-14T20:34:59Z,OANDA:XAUUSD
19.8749839290637,-166.99278828490696,-115.99395179978887,-2.854836466745584,4635.652875,44.340574844661816,-1.2226917612003505,4296.24,898152,1789418276,2026-09-14T20:37:56Z,OANDA:XAUUSD
19.8749839290637,-166.96421685633595,-116.01586327397408,-2.8570976338017244,4635.652875,44.33490857863696,-1.2249909183293346,4296.14,898594,1789418455,2026-09-14T20:40:55Z,OANDA:XAUUSD
19.8749839290637,-166.7399311420495,-116.1878486529964,-2.87484779519254,4635.652875,44.290478644277904,-1.2430393017919747,4295.355,899094,1789418638,2026-09-14T20:43:58Z,OANDA:XAUUSD
19.8749839290637,-166.72707399919182,-116.1977066288313,-2.87586532036779,4635.652875,44.28793440392435,-1.244073922500004,4295.31,899668,1789418820,2026-09-14T20:47:00Z,OANDA:XAUUSD
19.8749839290637,-167.03564542776348,-115.96108352535836,-2.8514447161613425,4635.652875,44.34907695990476,-1.2192430255068432,4296.39,900340,1789419001,2026-09-14T20:50:01Z,OANDA:XAUUSD
19.8749839290637,-167.2585025706203,-115.79014792995368,-2.833807613123357,4635.652875,44.39334057069769,-1.2013095999006764,4297.17,900755,1789419179,2026-09-14T20:52:59Z,OANDA:XAUUSD
19.8749839290637,-167.799931142049,-115.37471830725065,-2.7909584974092745,4635.652875,44.50124742939124,-1.1577405723062035,4299.065,901065,1789419360,2026-09-14T20:56:00Z,OANDA:XAUUSD
19.8749839290637,-167.51993114205015,-115.5895833414218,-2.813117934559561,4635.652875,44.44537794180626,-1.180272312170359,4298.085,901450,1789419541,2026-09-14T20:59:01Z,OANDA:XAUUSD
19.8749839290637,-167.92993114205,-115.27494101154508,-2.568623140949075,4635.652875,44.527234607885255,-1.14727940736925,4299.52,901495,1789419721,2026-09-14T21:02:01Z,OANDA:XAUUSD
19.8749839290637,-167.92993114205,-115.27494101154508,-2.568623140949075,4635.652875,44.527234607885255,-1.14727940736925,4299.52,901495,1789419898,2026-09-14T21:04:58Z,OANDA:XAUUSD
19.8749839290637,-167.92993114205,-115.27494101154508,-2.568623140949075,4635.652875,44.527234607885255,-1.14727940736925,4299.52,901495,1789420081,2026-09-14T21:08:01Z,OANDA:XAUUSD
19.8749839290637,-167.92993114205,-115.27494101154508,-2.568623140949075,4635.652875,44.527234607885255,-1.14727940736925,4299.52,901495,1789420264,2026-09-14T21:11:04Z,OANDA:XAUUSD
19.8749839290637,-167.92993114205,-115.27494101154508,-2.568623140949075,4635.652875,44.527234607885255,-1.14727940736925,4299.52,901495,1789420438,2026-09-14T21:13:58Z,OANDA:XAUUSD
19.8749839290637,-167.92993114205,-115.27494101154508,-2.568623140949075,4635.652875,44.527234607885255,-1.14727940736925,4299.52,901495,1789420616,2026-09-14T21:16:56Z,OANDA:XAUUSD
19.8749839290637,-167.92993114205,-115.27494101154508,-2.568623140949075,4635.652875,44.527234607885255,-1.14727940736925,4299.52,901495,1789420798,2026-09-14T21:19:58Z,OANDA:XAUUSD
19.8749839290637,-167.92993114205,-115.27494101154508,-2.568623140949075,4635.652875,44.527234607885255,-1.14727940736925,4299.52,901495,1789420979,2026-09-14T21:22:59Z,OANDA:XAUUSD
19.8749839290637,-167.92993114205,-115.27494101154508,-2.568623140949075,4635.652875,44.527234607885255,-1.14727940736925,4299.52,901495,1789421152,2026-09-14T21:25:52Z,OANDA:XAUUSD
19.8749839290637,-167.92993114205,-115.27494101154508,-2.568623140949075,4635.652875,44.527234607885255,-1.14727940736925,4299.52,901495,1789421342,2026-09-14T21:29:02Z,OANDA:XAUUSD
19.8749839290637,-167.92993114205,-115.27494101154508,-2.568623140949075,4635.652875,44.527234607885255,-1.14727940736925,4299.52,901495,1789421519,2026-09-14T21:31:59Z,OANDA:XAUUSD
19.8749839290637,-167.92993114205,-115.27494101154508,-2.568623140949075,4635.652875,44.527234607885255,-1.14727940736925,4299.52,901495,1789421694,2026-09-14T21:34:54Z,OANDA:XAUUSD
19.8749839290637,-167.92993114205,-115.27494101154508,-2.568623140949075,4635.652875,44.527234607885255,-1.14727940736925,4299.52,901495,1789421875,2026-09-14T21:37:55Z,OANDA:XAUUSD
19.8749839290637,-167.92993114205,-115.27494101154508,-2.568623140949075,4635.652875,44.527234607885255,-1.14727940736925,4299.52,901495,1789422055,2026-09-14T21:40:55Z,OANDA:XAUUSD
19.8749839290637,-167.92993114205,-115.27494101154508,-2.568623140949075,4635.652875,44.527234607885255,-1.14727940736925,4299.52,901495,1789422242,2026-09-14T21:44:02Z,OANDA:XAUUSD
19.8749839290637,-167.92993114205,-115.27494101154508,-2.568623140949075,4635.652875,44.527234607885255,-1.14727940736925,4299.52,901495,1789422416,2026-09-14T21:46:56Z,OANDA:XAUUSD
19.8749839290637,-167.92993114205,-115.27494101154508,-2.568623140949075,4635.652875,44.527234607885255,-1.14727940736925,4299.52,901495,1789422600,2026-09-14T21:50:00Z,OANDA:XAUUSD
19.8749839290637,-167.92993114205,-115.27494101154508,-2.568623140949075,4635.652875,44.527234607885255,-1.14727940736925,4299.52,901495,1789422772,2026-09-14T21:52:52Z,OANDA:XAUUSD
19.8749839290637,-167.92993114205,-115.27494101154508,-2.568623140949075,4635.652875,44.527234607885255,-1.14727940736925,4299.52,901495,1789422960,2026-09-14T21:56:00Z,OANDA:XAUUSD
19.8749839290637,-167.92993114205,-115.27494101154508,-2.568623140949075,4635.652875,44.527234607885255,-1.14727940736925,4299.52,901495,1789423139,2026-09-14T21:58:59Z,OANDA:XAUUSD
19.8749839290637,-167.92993114205,-115.27494101154508,-2.568623140949075,4635.652875,44.527234607885255,-1.14727940736925,4299.52,901495,1789423315,2026-09-14T22:01:55Z,OANDA:XAUUSD
19.8749839290637,-167.92993114205,-115.27494101154508,-2.568623140949075,4635.652875,44.527234607885255,-1.14727940736925,4299.52,901495,1789423500,2026-09-14T22:05:00Z,OANDA:XAUUSD
19.752157171123187,-153.07922669318577,-112.56176535761506,-2.598535646869273,4635.652875,44.446144429553954,-0.0307011015183234,4298.2,563,1789423676,2026-09-14T22:07:56Z,OANDA:XAUUSD
19.752157171123187,-154.14565526461502,-112.94767573025804,-2.611905630576025,4635.652875,44.40999500931781,-0.0444235635606012,4297.61,1340,1789423859,2026-09-14T22:10:59Z,OANDA:XAUUSD
19.752157171123187,-154.01422669318617,-113.04491433652515,-2.6223296856694227,4635.652875,44.38185148516762,-0.0551224322715279,4297.15,1899,1789424043,2026-09-14T22:14:03Z,OANDA:XAUUSD
19.752157171123187,-154.11994097890056,-113.15693417759437,-2.629807812149467,4635.652875,44.36168352930295,-0.0627977076511035,4296.82,2320,1789424216,2026-09-14T22:16:56Z,OANDA:XAUUSD
19.752157171123187,-154.31279812175853,-113.2805589025196,-2.636719413896162,4635.652875,44.34305974115532,-0.0698915227746378,4296.515,2986,1789424398,2026-09-14T22:19:58Z,OANDA:XAUUSD
19.752157171123187,-155.1449409789002,-113.06922197858668,-2.6044275040959803,4635.652875,44.43020692637739,-0.0367482881810257,4297.94,3796,1789424579,2026-09-14T22:22:59Z,OANDA:XAUUSD
19.752157171123187,-156.91994097890074,-114.3943564160545,-2.683740966763134,4635.652875,44.216770809996,-0.1181527240250268,4294.44,4620,1789424759,2026-09-14T22:25:59Z,OANDA:XAUUSD
19.752157171123187,-157.17136955032856,-114.20866485069077,-2.6637992961496755,4635.652875,44.27024153754992,-0.0976853230128183,4295.32,5010,1789424934,2026-09-14T22:28:54Z,OANDA:XAUUSD
19.752157171123187,-157.367083836044,-114.06408834963716,-2.648276518456238,4635.652875,44.31195323503061,-0.0817533119976259,4296.005,5356,1789425115,2026-09-14T22:31:55Z,OANDA:XAUUSD
19.752157171123187,-157.57708383604313,-113.90892716905842,-2.631620691296144,4635.652875,44.356797087928186,-0.0646583804703933,4296.74,5744,1789425297,2026-09-14T22:34:57Z,OANDA:XAUUSD
19.752157171123187,-157.70851240747197,-113.81180281723512,-2.621196636202745,4635.652875,44.384908835877184,-0.0539595117594666,4297.2,6085,1789425479,2026-09-14T22:37:59Z,OANDA:XAUUSD
19.752157171123187,-157.61565526461436,-113.88042461423473,-2.62856145773612,4635.652875,44.36504358230872,-0.0615184950878339,4296.875,6850,1789425663,2026-09-14T22:41:03Z,OANDA:XAUUSD
19.752157171123187,-157.07708383604313,-114.27830468907796,-2.67127742262972,4635.652875,44.25017486656888,-0.1053605983923939,4294.99,7633,1789425834,2026-09-14T22:43:54Z,OANDA:XAUUSD
19.752157171123187,-157.20851240747197,-114.18122916212556,-2.6608533675363217,4635.652875,44.2781515876431,-0.0946617296814671,4295.45,8250,1789426017,2026-09-14T22:46:57Z,OANDA:XAUUSD
19.752157171123187,-157.02994097890132,-114.31312213251522,-2.6750164858697416,4635.652875,44.24014835134909,-0.1091982360821816,4294.825,8599,1789426189,2026-09-14T22:49:49Z,OANDA:XAUUSD
19.752157171123187,-157.56279812175762,-113.9194833902484,-2.632753740762821,4635.652875,44.35374360868306,-0.0658213009824547,4296.69,9130,1789426376,2026-09-14T22:52:56Z,OANDA:XAUUSD
19.752157171123187,-157.67565526461567,-113.83608510884906,-2.6238026499760894,4635.652875,44.37787755887824,-0.0566342289371929,4297.085,9576,1789426560,2026-09-14T22:56:00Z,OANDA:XAUUSD
19.752157171123187,-157.35994097890125,-114.0693653645837,-2.648843043189587,4635.652875,44.310429528357,-0.0823347722536672,4295.98,10211,1789426742,2026-09-14T22:59:02Z,OANDA:XAUUSD
19.752157171123187,-157.57708383604313,-113.90892716905842,-2.631620691296144,4635.652875,44.356797087928186,-0.0646583804703933,4296.74,10923,1789426919,2026-09-14T23:01:59Z,OANDA:XAUUSD
19.752157171123187,-156.68136955032878,-114.57050899309,-2.702662892856584,4635.652875,44.16615367212784,-0.1375734965763823,4293.605,11690,1789427096,2026-09-14T23:04:56Z,OANDA:XAUUSD
19.752157171123187,-157.23994097889954,-114.65171481381148,-2.69960365929656,4635.652875,44.174329426222535,-0.1344336111938228,4293.74,12379,1789427278,2026-09-14T23:07:58Z,OANDA:XAUUSD
19.752157171123187,-158.16136955032923,-115.26205289732432,-2.7343882779234367,4635.652875,44.08154615683439,-0.1701352709139743,4292.205,13246,1789427456,2026-09-14T23:10:56Z,OANDA:XAUUSD
19.752157171123187,-158.69279812175773,-114.86997686002071,-2.6922388377631856,4635.652875,44.19402421752599,-0.1268746278654555,4294.065,13698,1789427636,2026-09-14T23:13:56Z,OANDA:XAUUSD
19.752157171123187,-158.59279812175737,-115.57914401056767,-2.753310204016887,4635.652875,44.03123796621382,-0.1895560434653297,4291.37,14360,1789427817,2026-09-14T23:16:57Z,OANDA:XAUUSD
19.752157171123187,-159.15208383604295,-116.21013351656644,-2.796592693643816,4635.652875,43.916592362662186,-0.2339796070259098,4289.46,14825,1789427996,2026-09-14T23:19:56Z,OANDA:XAUUSD
19.752157171123187,-161.03136955032917,-116.71003728355548,-2.8057703943238663,4635.652875,43.89235936774712,-0.2433992631735669,4289.055,15438,1789428178,2026-09-14T23:22:58Z,OANDA:XAUUSD
19.752157171123187,-161.4185124074711,-116.42784753762676,-2.775064753777021,4635.652875,43.97354032368876,-0.211884117296828,4290.41,15985,1789428352,2026-09-14T23:25:52Z,OANDA:XAUUSD
19.752157171123187,-161.56065526461498,-116.5819738337318,-2.785602113817089,4635.652875,43.94564735375259,-0.222699278058963,4289.945,17003,1789428534,2026-09-14T23:28:54Z,OANDA:XAUUSD
19.752157171123187,-162.01636955032882,-116.24972334572436,-2.749457835830195,4635.652875,44.04147104083965,-0.1856021137243337,4291.54,17410,1789428716,2026-09-14T23:31:56Z,OANDA:XAUUSD
19.752157171123187,-161.57208383604302,-116.5736436234652,-2.784695674243751,4635.652875,43.94804535789526,-0.2217689416493181,4289.985,18138,1789428898,2026-09-14T23:34:58Z,OANDA:XAUUSD
19.752157171123187,-161.23494097890034,-116.81933963776062,-2.8114356416572344,4635.652875,43.87741407361352,-0.2492138657338527,4288.805,18805,1789429072,2026-09-14T23:37:52Z,OANDA:XAUUSD
19.752157171123187,-161.69351240747164,-116.4851284989536,-2.775064753777021,4635.652875,43.97354032368876,-0.211884117296828,4290.41,19546,1789429262,2026-09-14T23:41:02Z,OANDA:XAUUSD
19.752157171123187,-161.3806552646147,-116.71316046488988,-2.79987853709718,4635.652875,43.90791327766373,-0.2373520765108857,4289.315,20018,1789429436,2026-09-14T23:43:56Z,OANDA:XAUUSD
19.752157171123187,-161.11065526461425,-116.9098904223667,-2.821293172017304,4635.652875,43.851433509076536,-0.2593312741887593,4288.37,20892,1789429620,2026-09-14T23:47:00Z,OANDA:XAUUSD
19.752157171123187,-161.17636955032867,-116.8620145791512,-2.8160811444705947,4635.652875,43.86516652491007,-0.2539818398332853,4288.6,21780,1789429799,2026-09-14T23:49:59Z,OANDA:XAUUSD
19.752157171123187,-161.13494097889998,-116.89219758976762,-2.8193669879239582,4635.652875,43.85650775222956,-0.2573543093182613,4288.455,22262,1789429984,2026-09-14T23:53:04Z,OANDA:XAUUSD
19.752157171123187,-160.93351240747143,-117.03892935144532,-2.835342985404054,4635.652875,43.81445687084035,-0.2737514885382655,4287.75,22607,1789430158,2026-09-14T23:55:58Z,OANDA:XAUUSD
19.752157171123187,-161.08636955032853,-116.92758276983967,-2.82321935611065,4635.652875,43.84636043997799,-0.2613082390592574,4288.285,23449,1789430339,2026-09-14T23:58:59Z,OANDA:XAUUSD
19.752157171123187,-160.9649409788999,-117.0160372309917,-2.83285027657738,4635.652875,43.82101269104937,-0.2711930634117474,4287.86,24363,1789430515,2026-09-15T00:01:55Z,OANDA:XAUUSD
19.752157171123187,-161.07922669318668,-117.35413367458328,-2.8594769390441934,4635.652875,43.75108589655208,-0.2985216954450737,4286.685,25511,1789430697,2026-09-15T00:04:57Z,OANDA:XAUUSD
19.752157171123187,-163.8449409789,-118.04537916802192,-2.869334469404263,4635.652875,43.72525467475023,-0.3086391038999803,4286.25,27140,1789430882,2026-09-15T00:08:02Z,OANDA:XAUUSD
19.752157171123187,-163.88779812175653,-118.01421111662026,-2.86593532100425,4635.652875,43.73415854636041,-0.3051503423638173,4286.4,28840,1789431058,2026-09-15T00:10:58Z,OANDA:XAUUSD
19.752157171123187,-163.6906552646151,-118.1575716776091,-2.881571403644337,4635.652875,43.69323073404486,-0.3211986454301968,4285.71,30680,1789431241,2026-09-15T00:14:01Z,OANDA:XAUUSD
19.752157171123187,-164.12351240747105,-117.84275989511512,-2.847240004804119,4635.652875,43.783194731766784,-0.2859621539148572,4287.225,32146,1789431422,2026-09-15T00:17:02Z,OANDA:XAUUSD
19.752157171123187,-163.4463695503282,-118.3351698927072,-2.900946549524466,4635.652875,43.64262198358037,-0.3410845861863852,4284.855,33586,1789431602,2026-09-15T00:20:02Z,OANDA:XAUUSD
19.752157171123187,-163.42636955032776,-118.34970793053265,-2.9025328187778032,4635.652875,43.63848376873602,-0.3427126749032585,4284.785,34760,1789431778,2026-09-15T00:22:58Z,OANDA:XAUUSD
19.752157171123187,-163.98494097889943,-117.94355795438872,-2.858230584630866,4635.652875,43.75435408665475,-0.2697975587972695,4287.92,36044,1789431959,2026-09-15T00:25:59Z,OANDA:XAUUSD
19.752157171123187,-164.45351240747095,-117.60265156963364,-2.8210665621239643,4635.652875,43.85203041791429,-0.2590986900863428,4288.38,37167,1789432141,2026-09-15T00:29:01Z,OANDA:XAUUSD
19.752157171123187,-163.9177981217572,-117.99239258403964,-2.863555917124225,4635.652875,43.740393414402426,-0.3027082092884863,4286.505,38692,1789432317,2026-09-15T00:31:57Z,OANDA:XAUUSD
19.752157171123187,-163.54994097890085,-118.59161428345728,-2.920888220137904,4635.652875,43.59065572906935,-0.3615519871985726,4283.975,39594,1789432498,2026-09-15T00:34:58Z,OANDA:XAUUSD
19.752157171123187,-164.51708383604273,-117.8884846789579,-2.844180771244116,4635.652875,43.79122930586255,-0.282822268532319,4287.36,40578,1789432680,2026-09-15T00:38:00Z,OANDA:XAUUSD
19.752157171123187,-165.28136955032824,-117.33229279702746,-2.783562624777073,4635.652875,43.95104323112304,-0.2206060211372567,4290.035,41620,1789432860,2026-09-15T00:41:00Z,OANDA:XAUUSD
19.752157171123187,-166.14136955032882,-116.70587301826345,-2.7153530468833167,4635.652875,44.13227172214923,-0.1505982063114106,4293.045,42575,1789433039,2026-09-15T00:43:59Z,OANDA:XAUUSD
19.752157171123187,-166.03136955032824,-116.7860304053804,-2.7240775277767084,4635.652875,44.1090080209461,-0.1595526942542558,4292.66,43671,1789433216,2026-09-15T00:46:56Z,OANDA:XAUUSD
19.752157171123187,-166.52422669318548,-116.42680601855038,-2.684987321176461,4635.652875,44.21343317793558,-0.1194319365882753,4294.385,44892,1789433400,2026-09-15T00:50:00Z,OANDA:XAUUSD
19.752157171123187,-166.9970838360441,-116.0819708413498,-2.6474833838295697,4635.652875,44.3140866004321,-0.0809392676391893,4296.04,46051,1789433581,2026-09-15T00:53:01Z,OANDA:XAUUSD
19.752157171123187,-166.39708383604375,-116.519494635911,-2.69507146142987,4635.652875,44.18644721986049,-0.1297819291455985,4293.94,46909,1789433759,2026-09-15T00:55:59Z,OANDA:XAUUSD
19.752157171123187,-166.1956552646152,-116.66631115776428,-2.7110474589099662,4635.652875,44.14376155548076,-0.1461791083656027,4293.235,47821,1789433933,2026-09-15T00:58:53Z,OANDA:XAUUSD
19.752157171123187,-165.75279812175722,-116.98898185960086,-2.746171992376832,4635.652875,44.05020301094701,-0.1822296442393577,4291.685,49973,1789434124,2026-09-15T01:02:04Z,OANDA:XAUUSD
19.752157171123187,-167.57422669318655,-115.65918522496942,-2.6017081853759456,4635.652875,44.43756127657527,-0.0339572789520699,4298.06,53965,1789434301,2026-09-15T01:05:01Z,OANDA:XAUUSD
19.752157171123187,-167.3113695503289,-115.85267332604909,-2.6225562955627417,4635.652875,44.38124006556869,-0.0553550163739233,4297.14,56851,1789434482,2026-09-15T01:08:02Z,OANDA:XAUUSD
19.752157171123187,-167.1285124074711,-115.98609269486322,-2.6370593287361714,4635.652875,44.342144220571,-0.0702403989282626,4296.5,59193,1789434654,2026-09-15T01:10:54Z,OANDA:XAUUSD
19.752157171123187,-167.6913695503299,-115.57282459550191,-2.592417179749225,4635.652875,44.46270702007654,-0.0244213307532045,4298.47,60905,1789434842,2026-09-15T01:14:02Z,OANDA:XAUUSD
19.752157171123187,-167.69279812175773,-114.99331367096804,-2.543922662575608,4635.652875,44.610681995800384,0.0253516671628283,4300.61,62329,1789435020,2026-09-15T01:17:00Z,OANDA:XAUUSD
19.752157171123187,-163.816369550329,-112.8081370011958,-2.429824581281557,4635.652875,44.99291181350704,0.142457762727002,4305.645,63771,1789435197,2026-09-15T01:19:57Z,OANDA:XAUUSD
19.752157171123187,-163.30351240747132,-113.18757814153687,-2.4705010571351416,4635.652875,44.85725177676754,0.1007089163441483,4303.85,64968,1789435380,2026-09-15T01:23:00Z,OANDA:XAUUSD
19.752157171123187,-162.5992266931853,-113.70833014501302,-2.526360395842154,4635.652875,44.66986130532244,0.0433769350997269,4301.385,66496,1789435557,2026-09-15T01:25:57Z,OANDA:XAUUSD
19.752157171123187,-162.4977981217571,-113.78329649439176,-2.534405047055548,4635.652875,44.64276906719134,0.0351201994641101,4301.03,68363,1789435735,2026-09-15T01:28:55Z,OANDA:XAUUSD
19.752157171123187,-163.02636955032813,-113.3925428407742,-2.492482216788616,4635.652875,44.78366358293749,0.0781482584102335,4302.88,70545,1789435919,2026-09-15T01:31:59Z,OANDA:XAUUSD
19.752157171123187,-162.92208383604248,-113.07027881435744,-2.4674418235751387,4635.652875,44.86747788653581,0.1038488017266866,4303.985,72294,1789436101,2026-09-15T01:35:01Z,OANDA:XAUUSD
19.752157171123187,-161.287798121758,-114.27830468907796,-2.5970626825625853,4635.652875,44.450130592046335,-0.0291893048526372,4298.265,73885,1789436279,2026-09-15T01:37:59Z,OANDA:XAUUSD
19.752157171123187,-160.78351240747088,-114.65066025031422,-2.6370593287361714,4635.652875,44.342144220571,-0.0702403989282626,4296.5,75654,1789436462,2026-09-15T01:41:02Z,OANDA:XAUUSD
19.752157171123187,-161.5020838360424,-114.12002277948254,-2.580066940562481,4635.652875,44.49617654936522,-0.0117454971717798,4299.015,77719,1789436633,2026-09-15T01:43:53Z,OANDA:XAUUSD
19.752157171123187,-162.0106552646148,-113.74423047792564,-2.539730379548906,4635.652875,44.62482016941238,0.0296544730574491,4300.795,79482,1789436815,2026-09-15T01:46:55Z,OANDA:XAUUSD
19.752157171123187,-162.19779812175784,-113.60589896612248,-2.524887431535488,4635.652875,44.67481898397934,0.0448887317653919,4301.45,80371,1789436996,2026-09-15T01:49:56Z,OANDA:XAUUSD
19.752157171123187,-160.55494097890096,-114.81937114856366,-2.6551881202029537,4635.652875,44.29337116997779,-0.0888471271211814,4295.7,82280,1789437187,2026-09-15T01:53:07Z,OANDA:XAUUSD
19.752157171123187,-161.83779812175726,-113.87197920045516,-2.5534402780956675,4635.652875,44.57855770516051,0.0155831348615464,4300.19,83669,1789437352,2026-09-15T01:55:52Z,OANDA:XAUUSD
19.752157171123187,-162.30351240747132,-113.52774599045678,-2.5165028654821056,4635.652875,44.70302270266608,0.0534943435546124,4301.82,84812,1789437535,2026-09-15T01:58:55Z,OANDA:XAUUSD
19.752157171123187,-163.0113695503287,-112.15237332142291,-2.3893747153213125,4635.652875,45.12715577594669,0.1839740250074392,4307.43,86019,1789437725,2026-09-15T02:02:05Z,OANDA:XAUUSD
19.752157171123187,-158.3120838360437,-111.48543345015764,-2.416681207468145,4635.652875,45.03660368273551,0.1559476406668634,4306.225,88465,1789437902,2026-09-15T02:05:02Z,OANDA:XAUUSD
19.752157171123187,-158.81065526461407,-111.11570959269233,-2.377137781081238,4635.652875,45.16763839456433,0.1965335665376557,4307.97,90446,1789438079,2026-09-15T02:07:59Z,OANDA:XAUUSD
19.752157171123187,-158.56494097889936,-111.29794628047112,-2.3966262319080376,4635.652875,45.1031378564024,0.176531333730259,4307.11,92364,1789438263,2026-09-15T02:11:03Z,OANDA:XAUUSD
19.752157171123187,-158.39636955032893,-111.4229430337051,-2.409996215614769,4635.652875,45.05879965303701,0.1628088716880023,4306.52,93783,1789438442,2026-09-15T02:14:02Z,OANDA:XAUUSD
19.752157171123187,-158.65351240747168,-111.2322615121374,-2.389601325214652,4635.652875,45.12640553408088,0.1837414409050227,4307.42,95115,1789438617,2026-09-15T02:16:57Z,OANDA:XAUUSD
19.752157171123187,-158.2563695503295,-111.52673776173066,-2.4211001003881862,4635.652875,45.021921922055824,0.1514122506698261,4306.03,96225,1789438808,2026-09-15T02:20:08Z,OANDA:XAUUSD
19.752157171123187,-158.65208383604386,-111.23332099039592,-2.389714630161322,4635.652875,45.12603040545473,0.1836251488538145,4307.415,97459,1789438972,2026-09-15T02:22:52Z,OANDA:XAUUSD
19.752157171123187,-159.02065526461502,-110.9599250312204,-2.3604819539211435,4635.652875,45.22264385087175,0.2136284980648884,4308.705,98400,1789439159,2026-09-15T02:25:59Z,OANDA:XAUUSD
19.752157171123187,-159.01922669318537,-110.96098490151884,-2.3605952588678134,4635.652875,45.22227003691117,0.2135122060136801,4308.7,99557,1789439335,2026-09-15T02:28:55Z,OANDA:XAUUSD
19.752157171123187,-159.01779812175755,-110.96204477029154,-2.360708563814484,4635.652875,45.22189621784856,0.2445621836856071,4310.035,101355,1789439521,2026-09-15T02:32:01Z,OANDA:XAUUSD
19.752157171123187,-159.57779812175704,-110.54645924216084,-2.316293024720877,4635.652875,45.36804332914805,0.2589823980351133,4310.655,102920,1789439699,2026-09-15T02:34:59Z,OANDA:XAUUSD
19.752157171123187,-159.15136955032904,-109.90353606643224,-2.270404521320583,4635.652875,45.51822034931246,0.3060806787734411,4312.68,104794,1789439890,2026-09-15T02:38:10Z,OANDA:XAUUSD
19.752157171123187,-156.47994097890023,-108.3426988540119,-2.1880318250934265,4635.652875,45.78573629814048,0.3906249999999804,4316.315,105798,1789440062,2026-09-15T02:41:02Z,OANDA:XAUUSD
19.752157171123187,-154.41208383604226,-108.94872590548098,-2.274710109293954,4635.652875,45.50416477440483,0.3016615808276119,4312.49,107303,1789440244,2026-09-15T02:44:04Z,OANDA:XAUUSD
19.752157171123187,-154.6820838360427,-108.74783528756676,-2.2532954743738087,4635.652875,45.57400119051807,0.3236407785055067,4313.435,108465,1789440422,2026-09-15T02:47:02Z,OANDA:XAUUSD
19.752157171123187,-155.58922669318508,-108.07248419831072,-2.1813468332400507,4635.652875,45.80733146337123,0.3974862310211194,4316.61,110240,1789440599,2026-09-15T02:49:59Z,OANDA:XAUUSD
19.752157171123187,-155.24994097889976,-108.17675197611632,-2.195963171360129,4635.652875,45.76009258191449,0.3824845564155931,4315.965,111969,1789440777,2026-09-15T02:52:57Z,OANDA:XAUUSD
19.752157171123187,-154.26851240747055,-108.90727676813928,-2.273803669720616,4635.652875,45.50712444545815,0.3025919172372569,4312.53,113586,1789440956,2026-09-15T02:55:56Z,OANDA:XAUUSD
19.752157171123187,-154.32422669318655,-108.86582530022454,-2.269384776800575,4635.652875,45.52154823937174,0.3071273072342941,4312.725,114674,1789441141,2026-09-15T02:59:01Z,OANDA:XAUUSD
19.752157171123187,-154.05136955032867,-109.06880896667658,-2.2910260216140395,4635.652875,45.45083566562931,0.2849155254540041,4311.77,115810,1789441317,2026-09-15T03:01:57Z,OANDA:XAUUSD
19.752157171123187,-154.33565526461462,-108.85732214692824,-2.268478337227237,4635.652875,45.52450602258406,0.3080576436439391,4312.765,116830,1789441500,2026-09-15T03:05:00Z,OANDA:XAUUSD
19.752157171123187,-154.57422669318655,-108.67979642683544,-2.2495564111337867,4635.652875,45.58617650002443,0.3274784161952945,4313.6,118700,1789441678,2026-09-15T03:07:58Z,OANDA:XAUUSD
19.752157171123187,-154.45279812175795,-108.7701591707148,-2.2591873316005167,4635.652875,45.55480479322623,0.3175935918428044,4313.175,119765,1789441858,2026-09-15T03:10:58Z,OANDA:XAUUSD
19.752157171123187,-153.93136955032787,-109.1580615770664,-2.3005436371340995,4635.652875,45.41967879048591,0.2751469931527223,4311.35,120905,1789442041,2026-09-15T03:14:01Z,OANDA:XAUUSD
19.752157171123187,-153.97136955032877,-109.12831190771507,-2.2973710986274263,4635.652875,45.43006836942286,0.2784031705864688,4311.49,121970,1789442219,2026-09-15T03:16:59Z,OANDA:XAUUSD
19.752157171123187,-154.25851240747215,-108.91471652850056,-2.274596804347284,4635.652875,45.50453475086826,0.3017778728788202,4312.495,122918,1789442398,2026-09-15T03:19:58Z,OANDA:XAUUSD
19.752157171123187,-154.30565526461396,-108.87964271516029,-2.270857741107262,4635.652875,45.516741156554,0.3056155105686081,4312.66,123783,1789442583,2026-09-15T03:23:03Z,OANDA:XAUUSD
19.752157171123187,-153.86136955032816,-109.21012060933752,-2.306095579520818,4635.652875,45.40148750469329,0.2694486826436236,4311.105,124715,1789442757,2026-09-15T03:25:57Z,OANDA:XAUUSD
19.752157171123187,-154.0056552646147,-109.10281123542777,-2.294651779907412,4635.652875,45.43897057513989,0.2811941798154034,4311.61,125370,1789442938,2026-09-15T03:28:58Z,OANDA:XAUUSD
19.752157171123187,-154.14708383604193,-108.99761163627332,-2.283434590187346,4635.652875,45.47566149286365,0.2927070928847668,4312.105,126258,1789443120,2026-09-15T03:32:00Z,OANDA:XAUUSD
19.752157171123187,-154.2799409789004,-108.89877409293256,-2.272897230147278,4635.652875,45.51008379504921,0.3035222536469018,4312.57,127057,1789443297,2026-09-15T03:34:57Z,OANDA:XAUUSD
19.752157171123187,-153.98851240747172,-109.11556168184735,-2.296011439267409,4635.652875,45.43451983537391,0.2797986752009467,4311.55,127875,1789443478,2026-09-15T03:37:58Z,OANDA:XAUUSD
19.752157171123187,-153.42851240747223,-109.5319550188204,-2.340426978361016,4635.652875,45.28872864768835,0.2342121911283052,4309.59,128845,1789443659,2026-09-15T03:40:59Z,OANDA:XAUUSD
19.752157171123187,-153.18565526461498,-109.71246064700848,-2.359688819294475,4635.652875,45.22526040574769,0.214442542423325,4308.74,129749,1789443835,2026-09-15T03:43:55Z,OANDA:XAUUSD
19.752157171123187,-153.41136955032923,-109.5446980431243,-2.341786637721033,4635.652875,45.28425336161818,0.2328166865138273,4309.53,130565,1789444024,2026-09-15T03:47:04Z,OANDA:XAUUSD
19.752157171123187,-152.3627981217578,-110.32372761880312,-2.4249524685748782,4635.652875,45.0091160372596,0.1474583209288301,4305.86,131529,1789444199,2026-09-15T03:49:59Z,OANDA:XAUUSD
19.752157171123187,-152.0113695503278,-110.5846350430615,-2.452825485455039,4635.652875,44.91628366257093,0.1188504763322341,4304.63,132202,1789444382,2026-09-15T03:53:02Z,OANDA:XAUUSD
19.752157171123187,-151.90565526461432,-110.66310130781488,-2.461210051508421,4635.652875,44.88829712305371,0.1102448645430136,4304.26,132987,1789444563,2026-09-15T03:56:03Z,OANDA:XAUUSD
19.752157171123187,-151.92136955032765,-110.6514379326613,-2.459963697095094,4635.652875,44.89245908366883,0.1115240771062621,4304.315,133466,1789444737,2026-09-15T03:58:57Z,OANDA:XAUUSD
19.752157171123187,-151.49422669318483,-110.968403950883,-2.493841876148633,4635.652875,44.77910528516831,0.0767527537957556,4302.82,133918,1789444920,2026-09-15T04:02:00Z,OANDA:XAUUSD
19.752157171123187,-151.59136955032773,-110.8963300208541,-2.486137139775249,4635.652875,44.80492569272008,0.0846606132777477,4303.16,134342,1789445098,2026-09-15T04:04:58Z,OANDA:XAUUSD
19.752157171123187,-151.71279812175635,-110.80622768492756,-2.4765062193085194,4635.652875,44.83716726609225,0.0945454376302377,4303.585,135065,1789445281,2026-09-15T04:08:01Z,OANDA:XAUUSD
19.752157171123187,-152.61851240747092,-110.1338222338583,-2.4046708831214105,4635.652875,45.07646836436985,0.1682745980946634,4306.755,136227,1789445465,2026-09-15T04:11:05Z,OANDA:XAUUSD
19.752157171123187,-153.0985124074723,-109.77721953486775,-2.3666004210411704,4635.652875,45.2024505934056,0.2073487272997907,4308.435,137093,1789445643,2026-09-15T04:14:03Z,OANDA:XAUUSD
19.752157171123187,-152.73136955032896,-110.04999366750948,-2.3957197923347,4635.652875,45.1061412461065,0.1774616701399039,4307.15,138063,1789445822,2026-09-15T04:17:02Z,OANDA:XAUUSD
19.752157171123187,-151.72279812175657,-110.79880700109976,-2.475713084681851,4635.652875,44.83982077584107,0.0953594819886744,4303.62,138671,1789445996,2026-09-15T04:19:56Z,OANDA:XAUUSD
19.752157171123187,-151.73708383604207,-110.7882058944616,-2.474580035215173,4635.652875,44.843611061243294,0.0965224025007358,4303.67,139287,1789446179,2026-09-15T04:22:59Z,OANDA:XAUUSD
19.752157171123187,-151.78994097890063,-110.74898047266385,-2.4703877521884925,4635.652875,44.857630589221856,0.0830325245608744,4303.09,140025,1789446356,2026-09-15T04:25:56Z,OANDA:XAUUSD
19.752157171123187,-151.77851240747077,-110.75746182201584,-2.4712941917618307,4635.652875,44.85459994384912,0.0998948719856905,4303.815,140516,1789446537,2026-09-15T04:28:57Z,OANDA:XAUUSD
19.752157171123187,-151.77565526461512,-110.75958214408864,-2.4715208016551498,4635.652875,44.85384223045357,0.0996622878832952,4303.805,141091,1789446716,2026-09-15T04:31:56Z,OANDA:XAUUSD
19.752157171123187,-151.86565526461345,-110.69278906549398,-2.464382590015115,4635.652875,44.87770020418514,0.106988687109246,4304.12,141489,1789446901,2026-09-15T04:35:01Z,OANDA:XAUUSD
19.752157171123187,-151.08708383604244,-111.27040176870231,-2.5261337859488147,4635.652875,44.67062408294725,0.0436095192021434,4301.395,141990,1789447080,2026-09-15T04:38:00Z,OANDA:XAUUSD
19.752157171123187,-152.02422669318548,-110.57509127837773,-2.451805740935032,4635.652875,44.9196854923053,0.1198971047930872,4304.675,142959,1789447261,2026-09-15T04:41:01Z,OANDA:XAUUSD
19.752157171123187,-152.34565526461483,-110.33645695493458,-2.426312127934875,4635.652875,45.00459488876599,0.1460628163143733,4305.8,143695,1789447429,2026-09-15T04:43:49Z,OANDA:XAUUSD
19.752157171123187,-152.24565526461447,-110.41070703106467,-2.4342434742015984,4635.652875,44.97820669858129,0.1379223727299647,4305.45,144674,1789447619,2026-09-15T04:46:59Z,OANDA:XAUUSD
19.752157171123187,-152.64708383604193,-110.11260071384316,-2.402404784188076,4635.652875,45.083983518572055,0.170600439118765,4306.855,145326,1789447802,2026-09-15T04:50:02Z,OANDA:XAUUSD
19.752157171123187,-152.25851240747215,-110.40116101205008,-2.4332237296815906,4635.652875,44.98160088443301,0.1389690011908179,4305.495,146327,1789447984,2026-09-15T04:53:04Z,OANDA:XAUUSD
19.752157171123187,-152.6599409788996,-110.10305083036728,-2.401385039668068,4635.652875,45.0873646670425,0.1716470675796181,4306.9,147216,1789448160,2026-09-15T04:56:00Z,OANDA:XAUUSD
19.752157171123187,-152.44994097890049,-110.2590167582558,-2.4180408668281625,4635.652875,45.03208705316429,0.1545521360523855,4306.165,147829,1789448347,2026-09-15T04:59:07Z,OANDA:XAUUSD
19.752157171123187,-152.39851240747157,-110.29720746189162,-2.422119844908194,4635.652875,45.01853270949174,0.1503656222089729,4305.985,148320,1789448523,2026-09-15T05:02:03Z,OANDA:XAUUSD
19.752157171123187,-151.83279812175715,-110.71717454245784,-2.4669886037884594,4635.652875,44.86899254319765,0.1043139699315196,4304.005,148963,1789448693,2026-09-15T05:04:53Z,OANDA:XAUUSD
19.752157171123187,-151.1127981217578,-111.251331887464,-2.52409429690882,4635.652875,44.67748813528363,0.0457027761238286,4301.485,149746,1789448880,2026-09-15T05:08:00Z,OANDA:XAUUSD
19.752157171123187,-151.2699409789002,-111.13478298787044,-2.5116307527754054,4635.652875,44.71939814459308,0.0584949017564616,4302.035,150568,1789449062,2026-09-15T05:11:02Z,OANDA:XAUUSD
19.752157171123187,-150.96708383604346,-111.35938801542204,-2.5356514014688747,4635.652875,44.6385693043487,0.0338409869008616,4300.975,151398,1789449232,2026-09-15T05:13:52Z,OANDA:XAUUSD
19.752157171123187,-150.58851240747208,-111.64004794308292,-2.565677212335742,4635.652875,44.53720025196233,0.00302359333133,4299.65,152495,1789449424,2026-09-15T05:17:04Z,OANDA:XAUUSD
19.752157171123187,-150.8999409788994,-111.4091732454823,-2.5409767339622538,4635.652875,44.62061768258242,0.0283752604941794,4300.74,153404,1789449596,2026-09-15T05:19:56Z,OANDA:XAUUSD
19.752157171123187,-150.08851240747208,-112.01056688192529,-2.6053339436693186,4635.652875,44.42775601723005,-0.0362831199761926,4297.96,154660,1789449781,2026-09-15T05:23:01Z,OANDA:XAUUSD
19.752157171123187,-149.9699409788991,-112.09840543594936,-2.6147382542427087,4635.652875,44.40234378139027,-0.0567505209884012,4297.08,155439,1789449961,2026-09-15T05:26:01Z,OANDA:XAUUSD
19.752157171123187,-150.1270838360433,-111.98199063348972,-2.602274710109295,4635.652875,44.43602891951513,-0.0345387392081111,4298.035,155932,1789450142,2026-09-15T05:29:02Z,OANDA:XAUUSD
19.752157171123187,-149.33136955032933,-112.57128339166653,-2.665385565403012,4635.652875,44.265983450299714,-0.0993134117296916,4295.25,157594,1789450321,2026-09-15T05:32:01Z,OANDA:XAUUSD
19.752157171123187,-147.64708383604193,-113.81708164454672,-2.798972097523841,4635.652875,43.9103071653538,-0.2364217401012408,4289.355,159820,1789450495,2026-09-15T05:34:55Z,OANDA:XAUUSD
19.752157171123187,-148.8999409788994,-112.89059490564946,-2.69960365929656,4635.652875,44.174329426222535,-0.1344336111938228,4293.74,162386,1789450677,2026-09-15T05:37:57Z,OANDA:XAUUSD
19.752157171123187,-149.26851240747055,-112.6178142293002,-2.6703709830563818,4635.652875,44.25260622139339,-0.104430261982749,4295.03,164704,1789450854,2026-09-15T05:40:54Z,OANDA:XAUUSD
19.752157171123187,-149.22994097889932,-112.64636578567054,-2.6734302166163846,4635.652875,44.24440146948856,-0.1075701473652872,4294.895,166406,1789451041,2026-09-15T05:44:01Z,OANDA:XAUUSD
19.752157171123187,-150.21279812175635,-111.91848388485658,-2.595476413309249,4635.652875,44.45442418211505,-0.0275612161357639,4298.335,167989,1789451215,2026-09-15T05:46:55Z,OANDA:XAUUSD
19.752157171123187,-149.3256552646144,-112.5755135894809,-2.6658387851896914,4635.652875,44.26476700438885,-0.0997785799345246,4295.23,169826,1789451399,2026-09-15T05:49:59Z,OANDA:XAUUSD
19.752157171123187,-150.03994097890063,-112.04655020842549,-2.6091863118560106,4635.652875,44.417342669292594,-0.0416325543316666,4297.73,172206,1789451579,2026-09-15T05:52:59Z,OANDA:XAUUSD
19.752157171123187,-149.12422669318585,-112.72461251700868,-2.681814782669788,4635.652875,44.22192995991166,-0.1161757591545288,4294.525,173672,1789451753,2026-09-15T05:55:53Z,OANDA:XAUUSD
19.752157171123187,-148.37994097890078,-113.2752762198818,-2.740846659883473,4635.652875,44.06436218016224,-0.1767639178326967,4291.92,175032,1789451936,2026-09-15T05:58:56Z,OANDA:XAUUSD
19.752157171123187,-148.8070838360436,-112.95930276233152,-2.7069684808299344,4635.652875,44.15465218082174,-0.1419925945221902,4293.415,177358,1789452121,2026-09-15T06:02:01Z,OANDA:XAUUSD
19.752157171123187,-148.27136955032802,-113.35556889881155,-2.749457835830195,4635.652875,44.04147104083965,-0.1856021137243337,4291.54,179503,1789452294,2026-09-15T06:04:54Z,OANDA:XAUUSD
19.752157171123187,-146.79279812175628,-114.448155995748,-2.8667284556309185,4635.652875,43.73208065198726,-0.3059643867222539,4286.365,181703,1789452480,2026-09-15T06:08:00Z,OANDA:XAUUSD
19.752157171123187,-147.54565526461374,-113.8920368996752,-2.807016748737214,4635.652875,43.889070529558346,-0.2446784757368365,4289.0,183685,1789452662,2026-09-15T06:11:02Z,OANDA:XAUUSD
19.752157171123187,-147.54994097890085,-113.8888699309392,-2.806676833897205,4635.652875,43.88996743654808,-0.2443295995832118,4289.015,185466,1789452837,2026-09-15T06:13:57Z,OANDA:XAUUSD
19.752157171123187,-147.8627981217578,-113.65764433591649,-2.781863050577067,4635.652875,43.95554080790694,-0.2188616403691752,4290.11,187280,1789453014,2026-09-15T06:16:54Z,OANDA:XAUUSD
19.752157171123187,-147.91136955032923,-113.62173977243252,-2.778010682390375,4635.652875,43.96573872392441,-0.2149077106281792,4290.28,188641,1789453204,2026-09-15T06:20:04Z,OANDA:XAUUSD
19.752157171123187,-147.992798121757,-113.56154289177866,-2.771552300430339,4635.652875,43.98284585048445,-0.2082790637094567,4290.565,190308,1789453380,2026-09-15T06:23:00Z,OANDA:XAUUSD
19.752157171123187,-147.25279812175722,-114.10841409710156,-2.830244262804015,4635.652875,43.82786860105754,-0.2685183462339998,4287.975,191499,1789453561,2026-09-15T06:26:01Z,OANDA:XAUUSD
19.752157171123187,-147.5627981217567,-113.87936894282046,-2.8056570893771964,4635.652875,43.89265837747849,-0.2432829711223586,4289.06,193483,1789453740,2026-09-15T06:29:00Z,OANDA:XAUUSD
19.752157171123187,-147.22136955032877,-114.13163127842012,-2.83273697163071,4635.652875,43.821310729491664,-0.2710767713605391,4287.865,194770,1789453917,2026-09-15T06:31:57Z,OANDA:XAUUSD
19.752157171123187,-147.1599409788996,-114.17700819601065,-2.83760908433741,4635.652875,43.80849873623559,-0.2760773295623883,4287.65,195977,1789454100,2026-09-15T06:35:00Z,OANDA:XAUUSD
19.752157171123187,-147.288512407471,-114.08203004579865,-2.8274116391373307,4635.652875,43.83532311074238,-0.2656110449538569,4288.1,197218,1789454271,2026-09-15T06:37:51Z,OANDA:XAUUSD
19.752157171123187,-148.08279812175715,-113.49500376006948,-2.7644140887902835,4635.652875,44.0017692224613,-0.2009526644834848,4290.88,198724,1789454459,2026-09-15T06:40:59Z,OANDA:XAUUSD
19.752157171123187,-147.8113695503289,-113.6956590204991,-2.785942028657078,4635.652875,43.94474816966518,-0.2230481542125666,4289.93,200047,1789454638,2026-09-15T06:43:58Z,OANDA:XAUUSD
19.752157171123187,-148.1727981217573,-113.42845860340452,-2.757275877150249,4635.652875,44.020708884795575,-0.193626265257534,4291.195,201684,1789454815,2026-09-15T06:46:55Z,OANDA:XAUUSD
19.752157171123187,-148.56994097889947,-113.13474292344836,-2.725777101976715,4635.652875,44.10447898510405,-0.1612970750223373,4292.585,202962,1789455002,2026-09-15T06:50:02Z,OANDA:XAUUSD
19.752157171123187,-148.67422669318512,-113.05759668483486,-2.7175058408700026,4635.652875,44.1265290481405,-0.1528077552843251,4292.95,204193,1789455174,2026-09-15T06:52:54Z,OANDA:XAUUSD
19.752157171123187,-148.74851240747194,-113.00263826195128,-2.711613983643294,4635.652875,44.14224939350479,-0.1467605686216228,4293.21,205432,1789455358,2026-09-15T06:55:58Z,OANDA:XAUUSD
19.752157171123187,-148.84994097890012,-112.92759224174148,-2.7035693324299217,4635.652875,44.16373180762567,-0.1385038329860271,4293.565,206474,1789455538,2026-09-15T06:58:58Z,OANDA:XAUUSD
19.752157171123187,-148.76851240747055,-112.9878410614784,-2.710027714389958,4635.652875,44.14648370813309,-0.1451324799047496,4293.28,208574,1789455712,2026-09-15T07:01:52Z,OANDA:XAUUSD
19.752157171123187,-148.35565526461505,-113.29323718594884,-2.742772843976819,4635.652875,44.05923972789683,-0.1787408827031947,4291.835,211144,1789455898,2026-09-15T07:04:58Z,OANDA:XAUUSD
19.752157171123187,-147.94565526461338,-113.59639431842947,-2.775291363670361,4635.652875,43.97294010233265,-0.2121167013992445,4290.4,212499,1789456074,2026-09-15T07:07:54Z,OANDA:XAUUSD
19.752157171123187,-148.16708383604237,-113.43268387185708,-2.757729096936908,4635.652875,44.01950588182945,-0.2232807383149831,4289.92,214270,1789456262,2026-09-15T07:11:02Z,OANDA:XAUUSD
19.752157171123187,-147.3542266931854,-114.03348091543292,-2.822199611590642,4635.652875,43.84904603621781,-0.2602616105984042,4288.33,215857,1789456429,2026-09-15T07:13:49Z,OANDA:XAUUSD
19.752157171123187,-147.94851240747084,-113.59428215780298,-2.775064753777021,4635.652875,43.97354032368876,-0.211884117296828,4290.41,217736,1789456618,2026-09-15T07:16:58Z,OANDA:XAUUSD
19.752157171123187,-147.80136955032867,-113.7030505363524,-2.7867351632837463,4635.652875,43.94265021655344,-0.2238621985710032,4289.895,218832,1789456801,2026-09-15T07:20:01Z,OANDA:XAUUSD
19.752157171123187,-147.6727981217573,-113.79807768873437,-2.796932608483825,4635.652875,43.91569436717399,-0.2343284831795346,4289.445,219977,1789456979,2026-09-15T07:22:59Z,OANDA:XAUUSD
19.752157171123187,-147.35994097890034,-114.02925910029415,-2.8217463918039627,4635.652875,43.85023974015007,-0.2597964423935712,4288.35,221340,1789457155,2026-09-15T07:25:55Z,OANDA:XAUUSD
19.752157171123187,-147.8999409788994,-113.63018806284374,-2.778917121963713,4635.652875,43.96333878858562,-0.215838047037824,4290.24,222961,1789457341,2026-09-15T07:29:01Z,OANDA:XAUUSD
19.752157171123187,-148.61851240747092,-113.09881280586843,-2.721924733790023,4635.652875,44.11474613515301,-0.1573431452813413,4292.755,224182,1789457522,2026-09-15T07:32:02Z,OANDA:XAUUSD
19.752157171123187,-147.96279812175635,-113.58372126360965,-2.7739317043103435,4635.652875,43.97654167627286,-0.2107211967847666,4290.46,225539,1789457699,2026-09-15T07:34:59Z,OANDA:XAUUSD
19.752157171123187,-146.82708383604222,-114.4228390373834,-2.864009136910904,4635.652875,43.739205683435465,-0.3031733774933193,4286.485,227212,1789457876,2026-09-15T07:37:56Z,OANDA:XAUUSD
19.752157171123187,-146.51851240747055,-114.65066025031422,-2.888483005391053,4635.652875,43.675163858710135,-0.3282924605537523,4285.405,228146,1789458059,2026-09-15T07:40:59Z,OANDA:XAUUSD
19.752157171123187,-148.62922669318596,-115.36530690531175,-2.911030689777855,4635.652875,43.61632811705547,-0.3514345787436872,4284.41,229875,1789458233,2026-09-15T07:43:53Z,OANDA:XAUUSD
19.752157171123187,-149.13922669318436,-114.989097369909,-2.8705808238176105,4635.652875,43.72199083014593,-0.30991831646325,4286.195,232238,1789458421,2026-09-15T07:47:01Z,OANDA:XAUUSD
19.752157171123187,-148.90636955032733,-115.16089202927668,-2.8890495301243813,4635.652875,43.67368362979782,-0.3288739208097724,4285.38,234589,1789458592,2026-09-15T07:49:52Z,OANDA:XAUUSD
19.752157171123187,-148.61922669318574,-116.65277628029337,-3.0196901336318565,4635.652875,43.33500136346862,-0.4629586558499705,4279.615,236628,1789458773,2026-09-15T07:52:53Z,OANDA:XAUUSD
19.752157171123187,-150.9785124074706,-117.99135358787974,-3.0915254698189654,4635.652875,43.1509989842923,-0.5366878163143961,4276.445,238457,1789458957,2026-09-15T07:55:57Z,OANDA:XAUUSD
19.752157171123187,-151.5999409788992,-117.53923141695908,-3.042237818018659,4635.652875,43.27707792535015,-0.4861007740399055,4278.62,240643,1789459139,2026-09-15T07:58:59Z,OANDA:XAUUSD
19.752157171123187,-153.4599409789007,-119.37381377926503,-3.1651736851527508,4635.652875,42.96396819392452,-0.6122776495981116,4273.195,243378,1789459318,2026-09-15T08:01:58Z,OANDA:XAUUSD
19.752157171123187,-156.22208383604266,-120.88985890255584,-3.2455068923399115,4635.652875,42.761800796983714,-0.7536887838642605,4267.115,246432,1789459505,2026-09-15T08:05:05Z,OANDA:XAUUSD
19.752157171123187,-158.64851240747066,-121.9853162825801,-3.296154203500215,4635.652875,42.63531623841092,-0.7467112607919133,4267.415,248215,1789459679,2026-09-15T08:07:59Z,OANDA:XAUUSD
19.752157171123187,-159.64208383604182,-122.86962032854656,-3.354166336193913,4635.652875,42.491355341034925,-0.8062527910092491,4264.855,250210,1789459852,2026-09-15T08:10:52Z,OANDA:XAUUSD
19.752157171123187,-161.1270838360433,-122.40543507572836,-3.288336162180161,4635.652875,42.65479184162536,-0.738687109258713,4267.76,251931,1789460038,2026-09-15T08:13:58Z,OANDA:XAUUSD
19.752157171123187,-162.01708383604273,-121.76224237349436,-3.2177471804064,4635.652875,42.83144569639775,-0.666237161357557,4270.875,254557,1789460219,2026-09-15T08:16:59Z,OANDA:XAUUSD
19.752157171123187,-162.3770838360433,-121.5018916030165,-3.18919433384622,4635.652875,42.90331751950653,-0.6369315644537115,4272.135,256289,1789460400,2026-09-15T08:20:00Z,OANDA:XAUUSD
19.752157171123187,-163.02136955032802,-121.03568305430584,-3.1380938028992373,4635.652875,43.032549203330106,-0.584483849359931,4274.39,258014,1789460574,2026-09-15T08:22:54Z,OANDA:XAUUSD
19.752157171123187,-162.20279812175613,-121.62794760241196,-3.203017537339651,4635.652875,42.86849233487053,-0.6511191947008224,4271.525,259122,1789460756,2026-09-15T08:25:56Z,OANDA:XAUUSD
19.752157171123187,-162.51279812175744,-121.4037161246592,-3.178430363912833,4635.652875,42.93047470027316,-0.6258838195891812,4272.61,261068,1789460936,2026-09-15T08:28:56Z,OANDA:XAUUSD
19.752157171123187,-163.00422669318505,-121.04809209399453,-3.1394534622592545,4635.652875,43.02910058525588,-0.5858793539744089,4274.33,264236,1789461120,2026-09-15T08:32:00Z,OANDA:XAUUSD
19.752157171123187,-162.92994097890005,-121.10186183292704,-3.1453453194859624,4635.652875,43.014162958634216,-0.5919265406371113,4274.07,265416,1789461295,2026-09-15T08:34:55Z,OANDA:XAUUSD
19.752157171123187,-162.52851240747077,-121.39234746929738,-3.177184009499485,4635.652875,42.93362143700791,-0.6246046070259115,4272.665,267235,1789461476,2026-09-15T08:37:56Z,OANDA:XAUUSD
19.752157171123187,-161.845655264613,-121.886181880719,-3.231343774006492,4635.652875,42.79730558617895,-0.6801922075022514,4270.275,269521,1789461659,2026-09-15T08:40:59Z,OANDA:XAUUSD
19.752157171123187,-161.31565526461418,-122.26921042478322,-3.273379909220073,4635.652875,42.69209913814844,-0.7233365584995618,4268.42,271217,1789461837,2026-09-15T08:43:57Z,OANDA:XAUUSD
19.752157171123187,-161.42136955032765,-122.1928294245911,-3.2649953431666905,4635.652875,42.71304239636788,-0.7147309467103414,4268.79,272099,1789462020,2026-09-15T08:47:00Z,OANDA:XAUUSD
19.752157171123187,-160.74994097889976,-122.67779775710018,-3.3182486681003587,4635.652875,42.58037251741123,-0.7693882107770363,4266.44,273515,1789462197,2026-09-15T08:49:57Z,OANDA:XAUUSD
19.752157171123187,-161.11136955032816,-122.4167858263904,-3.2895825165935086,4635.652875,42.65168584324178,-0.7399663218219826,4267.705,275677,1789462379,2026-09-15T08:52:59Z,OANDA:XAUUSD
19.752157171123187,-160.6456552646141,-122.75308978958614,-3.326519929207071,4635.652875,42.559840254460696,-0.7778775305150486,4266.075,277603,1789462549,2026-09-15T08:55:49Z,OANDA:XAUUSD
19.752157171123187,-160.71565526461382,-122.70255227581652,-3.320967986820373,4635.652875,42.5736199988081,-0.772179220005971,4266.32,279554,1789462733,2026-09-15T08:58:53Z,OANDA:XAUUSD
19.752157171123187,-162.17922669318523,-123.82169689432264,-3.390877138914136,4635.652875,42.40075627749821,-0.8439314155998986,4263.235,281447,1789462918,2026-09-15T09:01:58Z,OANDA:XAUUSD
19.752157171123187,-162.2663695503279,-123.75888686738384,-3.38396553716742,4635.652875,42.41778397497028,-0.8368376004763431,4263.54,283840,1789463097,2026-09-15T09:04:57Z,OANDA:XAUUSD
19.752157171123187,-162.64494097889929,-123.4859522633803,-3.353939726300573,4635.652875,42.49191579688076,-0.8060202069068326,4264.865,286421,1789463281,2026-09-15T09:08:01Z,OANDA:XAUUSD
19.752157171123187,-162.4877981217569,-123.59925996110994,-3.3664032704339872,4635.652875,42.4611126647096,-0.8188123325394656,4264.315,288483,1789463453,2026-09-15T09:10:53Z,OANDA:XAUUSD
19.752157171123187,-162.7377981217569,-123.41898831300016,-3.346574904767199,4635.652875,42.51013866373688,-0.8134628981839916,4264.545,290546,1789463640,2026-09-15T09:14:00Z,OANDA:XAUUSD
19.752157171123187,-163.2749409789003,-123.03149050373952,-3.3039722448202684,4635.652875,42.615858411676,-0.7547354123251135,4267.07,292720,1789463819,2026-09-15T09:16:59Z,OANDA:XAUUSD
19.752157171123187,-162.18779812175762,-123.81551913144926,-3.3901973092341167,4635.652875,42.40243052676028,-0.8432336632926491,4263.265,294389,1789464000,2026-09-15T09:20:00Z,OANDA:XAUUSD
19.752157171123187,-162.464940978899,-123.61573941475991,-3.368216149580664,4635.652875,42.456635929119976,-0.8206730053587553,4264.235,296080,1789464171,2026-09-15T09:22:51Z,OANDA:XAUUSD
19.752157171123187,-162.82494097889958,-123.3561388672307,-3.339663303020483,4635.652875,42.52725434589007,-0.7913674084549099,4265.495,298827,1789464363,2026-09-15T09:26:03Z,OANDA:XAUUSD
19.752157171123187,-163.92922669318523,-122.55916911650829,-3.252078579246618,4635.652875,42.74534657568904,-0.7014736528728965,4269.36,301157,1789464540,2026-09-15T09:29:00Z,OANDA:XAUUSD
19.752157171123187,-163.21351240747117,-123.07581725680438,-3.3088443575269686,4635.652875,42.60374149981066,-0.7597359705269628,4266.855,303230,1789464717,2026-09-15T09:31:57Z,OANDA:XAUUSD
19.752157171123187,-163.23922669318472,-123.05726224412513,-3.3068048684869527,4635.652875,42.608812856904,-0.7576427136052565,4266.945,305053,1789464895,2026-09-15T09:34:55Z,OANDA:XAUUSD
19.752157171123187,-163.62351240747105,-122.7799039986451,-3.2763258378334266,4635.652875,42.68474557094185,-0.726360151830913,4268.29,306221,1789465082,2026-09-15T09:38:02Z,OANDA:XAUUSD
19.752157171123187,-163.73208383604197,-122.70152085658242,-3.267714661886705,4635.652875,42.70624773722308,-0.717521955939276,4268.67,307292,1789465252,2026-09-15T09:40:52Z,OANDA:XAUUSD
19.752157171123187,-164.73922669318472,-121.97395790797484,-3.187834674486223,4635.652875,42.90674600418177,-0.6355360598392548,4272.195,308092,1789465438,2026-09-15T09:43:58Z,OANDA:XAUUSD
19.752157171123187,-163.94779812175784,-122.54575754409971,-3.2506056149399307,4635.652875,42.74903348968337,-0.6999618562072104,4269.425,309170,1789465622,2026-09-15T09:47:02Z,OANDA:XAUUSD
19.752157171123187,-164.54494097890074,-122.11437462180244,-3.20324414723297,4635.652875,42.86792190120583,-0.6513517788032177,4271.515,310215,1789465801,2026-09-15T09:50:01Z,OANDA:XAUUSD
19.752157171123187,-164.05065526461385,-122.47147299626646,-3.242447658779888,4635.652875,42.76946484254651,-0.6915888285204065,4269.785,311208,1789465973,2026-09-15T09:52:53Z,OANDA:XAUUSD
19.752157171123187,-164.24922669318494,-122.32803824891286,-3.226698271193132,4635.652875,42.80896400126574,-0.6754242334028187,4270.48,312239,1789466158,2026-09-15T09:55:58Z,OANDA:XAUUSD
19.752157171123187,-163.7377981217569,-122.69739516308584,-3.267261442100046,4635.652875,42.70738003028856,-0.7170567877344641,4268.69,313686,1789466331,2026-09-15T09:58:51Z,OANDA:XAUUSD
19.752157171123187,-164.39351240747146,-122.22379578920008,-3.2152544715797253,4635.652875,42.8377106257606,-0.6636787362310388,4270.985,315138,1789466518,2026-09-15T10:01:58Z,OANDA:XAUUSD
19.752157171123187,-164.73208383604197,-121.97912083040636,-3.188401199219552,4635.652875,42.90531740231109,-0.6361175200952749,4272.17,316344,1789466701,2026-09-15T10:05:01Z,OANDA:XAUUSD
19.752157171123187,-165.30351240747132,-121.5659559372143,-3.143079220552607,4635.652875,43.0199069721123,-0.5896006996129884,4274.17,317240,1789466879,2026-09-15T10:07:59Z,OANDA:XAUUSD
19.752157171123187,-165.49494097889965,-121.42748629999625,-3.127896357699179,4635.652875,43.05843146957423,-0.5740175647514209,4274.84,318706,1789467055,2026-09-15T10:10:55Z,OANDA:XAUUSD
19.752157171123187,-165.03065526461342,-121.76327530146742,-3.1647204653660714,4635.652875,42.96511419456347,-0.6118124813932785,4273.215,320375,1789467237,2026-09-15T10:13:57Z,OANDA:XAUUSD
19.752157171123187,-164.57494097889958,-122.09269463201242,-3.2008647433529656,4635.652875,42.87391221194671,-0.6489096457279078,4271.62,321442,1789467414,2026-09-15T10:16:54Z,OANDA:XAUUSD
19.752157171123187,-164.70922669318588,-121.99564190348858,-3.190214078366228,4635.652875,42.90074651554414,-0.6379781929145646,4272.09,322426,1789467600,2026-09-15T10:20:00Z,OANDA:XAUUSD
19.752157171123187,-164.38208383604342,-122.23205323441084,-3.216160911153063,4635.652875,42.835432257587975,-0.6646090726406837,4270.945,323448,1789467779,2026-09-15T10:22:59Z,OANDA:XAUUSD
19.752157171123187,-165.3635124074708,-121.52255821475734,-3.138320412792577,4635.652875,43.031974395263575,-0.5847164334623476,4274.38,324574,1789467956,2026-09-15T10:25:56Z,OANDA:XAUUSD
19.752157171123187,-165.17494097889994,-121.65894119355518,-3.1532766657526654,4635.652875,42.994070985125006,-0.6000669842214986,4273.72,325880,1789468138,2026-09-15T10:28:58Z,OANDA:XAUUSD
19.752157171123187,-165.4177981217572,-121.4832910844614,-3.1340148248192263,4635.652875,43.04289837507312,-0.5802973355165396,4274.57,327120,1789468320,2026-09-15T10:32:00Z,OANDA:XAUUSD
19.752157171123187,-165.5706552646143,-121.37271022749624,-3.121891195525822,4635.652875,43.07368781954798,-0.5678540860375314,4275.105,328545,1789468495,2026-09-15T10:34:55Z,OANDA:XAUUSD
19.752157171123187,-165.3992266931864,-121.49672484628287,-3.135487789125893,4635.652875,43.03916059999316,-0.5818091321822046,4274.505,329635,1789468683,2026-09-15T10:38:03Z,OANDA:XAUUSD
19.752157171123187,-165.38208383604342,-121.5091249926898,-3.13684744848591,4635.652875,43.035710922208565,-0.5832046367966826,4274.445,331030,1789468859,2026-09-15T10:40:59Z,OANDA:XAUUSD
19.752157171123187,-165.85922669318552,-121.16389825397572,-3.09900359629901,4635.652875,43.13193392181465,-0.5443630916939718,4276.115,332416,1789469036,2026-09-15T10:43:56Z,OANDA:XAUUSD
19.752157171123187,-166.0477981217564,-121.02741022817337,-3.0840473433389213,4635.652875,43.170080908399285,-0.5290125409348206,4276.775,333973,1789469217,2026-09-15T10:46:57Z,OANDA:XAUUSD
19.752157171123187,-165.78208383604306,-121.2197259169654,-3.1051220634190364,4635.652875,43.116347760430266,-0.5506428624590695,4275.845,334807,1789469396,2026-09-15T10:49:56Z,OANDA:XAUUSD
19.752157171123187,-167.3535124074706,-120.08153877851832,-2.980486622084938,4635.652875,43.436082490184525,-0.4227216061327817,4281.345,336480,1789469582,2026-09-15T10:53:02Z,OANDA:XAUUSD
19.752157171123187,-167.6920838360429,-119.83604737053057,-2.953633349724785,4635.652875,43.50559269953382,-0.3951603899970389,4282.53,337870,1789469762,2026-09-15T10:56:02Z,OANDA:XAUUSD
19.752157171123187,-167.85065526461494,-119.72103818401428,-2.941056500644702,4635.652875,43.53822466976902,-0.3822519723131977,4283.085,339119,1789469939,2026-09-15T10:58:59Z,OANDA:XAUUSD
19.752157171123187,-167.44922669318566,-120.01214774576609,-2.9728951906582246,4635.652875,43.45571052496272,-0.414930038701998,4281.68,340837,1789470115,2026-09-15T11:01:55Z,OANDA:XAUUSD
19.752157171123187,-166.96636955032864,-120.362133668593,-3.0111922626318046,4635.652875,43.35687205586507,-0.4542367520095418,4279.99,342429,1789470301,2026-09-15T11:05:01Z,OANDA:XAUUSD
19.752157171123187,-166.95208383604313,-120.37248538347252,-3.0123253120984823,4635.652875,43.35395468814129,-0.4553996725216032,4279.94,343805,1789470478,2026-09-15T11:07:58Z,OANDA:XAUUSD
19.752157171123187,-167.816369550329,-119.74590677603688,-2.943775819364716,4635.652875,43.531164961431045,-0.3850429815421323,4282.965,345416,1789470659,2026-09-15T11:10:59Z,OANDA:XAUUSD
19.752157171123187,-167.79922669318603,-119.75834071184433,-2.9451354787247337,4635.652875,43.52763596573941,-0.3864384861566102,4282.905,346677,1789470835,2026-09-15T11:13:55Z,OANDA:XAUUSD
19.752157171123187,-168.3120838360419,-119.386254902094,-2.904459002871149,4635.652875,43.633459848488464,-0.3446896397737565,4284.7,347629,1789471021,2026-09-15T11:17:01Z,OANDA:XAUUSD
19.752157171123187,-168.35208383604277,-119.35722524162368,-2.901286464364456,4635.652875,43.64173515718644,-0.3414334623399889,4284.84,348725,1789471196,2026-09-15T11:19:56Z,OANDA:XAUUSD
19.752157171123187,-168.2335124074716,-119.44327364004648,-2.9106907749378457,4635.652875,43.617213911166765,-0.3510857025900624,4284.425,350048,1789471376,2026-09-15T11:22:56Z,OANDA:XAUUSD
19.752157171123187,-168.17208383604248,-119.48784840994058,-2.9155628876445454,4635.652875,43.60452096587717,-0.3560862607919116,4284.21,351201,1789471556,2026-09-15T11:25:56Z,OANDA:XAUUSD
19.752157171123187,-168.0477981217564,-119.5780251366795,-2.925420418004616,4635.652875,43.578862471200814,-0.3662036692468182,4283.775,352025,1789471738,2026-09-15T11:28:58Z,OANDA:XAUUSD
19.752157171123187,-167.6363695503287,-119.87645112664764,-2.9580522426448064,4635.652875,43.494139022138775,-0.3996957799940551,4282.335,353548,1789471916,2026-09-15T11:31:56Z,OANDA:XAUUSD
19.752157171123187,-167.9463695503282,-119.65160828047296,-2.933465069217988,4635.652875,43.55794514670612,-0.3744604048824139,4283.42,354910,1789472097,2026-09-15T11:34:57Z,OANDA:XAUUSD
19.752157171123187,-167.66494097889972,-119.85573156847748,-2.9557861437114505,4635.652875,43.50001194939834,-0.3973699389699323,4282.435,355985,1789472281,2026-09-15T11:38:01Z,OANDA:XAUUSD
19.752157171123187,-167.38922669318617,-120.05564747698764,-2.977653998418255,4635.652875,43.4434043097063,-0.4198143048526389,4281.47,357059,1789472457,2026-09-15T11:40:57Z,OANDA:XAUUSD
19.752157171123187,-167.8220838360421,-119.74176207740491,-2.943322599578057,4635.652875,43.53234142049288,-0.3845778133373205,4282.985,358483,1789472636,2026-09-15T11:43:56Z,OANDA:XAUUSD
19.752157171123187,-168.19779812175784,-119.46918957939194,-2.91352339860453,4635.652875,43.60983339273843,-0.3539930038702053,4284.3,359555,1789472816,2026-09-15T11:46:56Z,OANDA:XAUUSD
19.752157171123187,-168.05065526461385,-119.57595225028965,-2.9251938081112754,4635.652875,43.57945198253808,-0.3659710851444017,4283.785,360386,1789472999,2026-09-15T11:49:59Z,OANDA:XAUUSD
19.752157171123187,-168.02208383604284,-119.5966808139023,-2.9274599070446103,4635.652875,43.57355758678187,-0.3682969261685033,4283.685,361237,1789473179,2026-09-15T11:52:59Z,OANDA:XAUUSD
19.752157171123187,-167.88065526461378,-119.69927737801062,-2.9386770967646973,4635.652875,43.54440379320741,-0.3798098392378878,4283.19,361994,1789473358,2026-09-15T11:55:58Z,OANDA:XAUUSD
19.752157171123187,-168.40208383604204,-119.32093632583268,-2.8973207912310937,4635.652875,43.65208370819664,-0.3373632405477846,4285.015,362977,1789473540,2026-09-15T11:59:00Z,OANDA:XAUUSD
19.752157171123187,-167.68779812175762,-119.83915544179872,-2.9539732645647745,4635.652875,43.50471143326333,-0.3955092661506425,4282.515,364457,1789473718,2026-09-15T12:01:58Z,OANDA:XAUUSD
19.752157171123187,-167.65065526461422,-119.86609143091914,-2.956919193178128,4635.652875,43.49707528752952,-0.3615519871985726,4283.975,365931,1789473898,2026-09-15T12:04:58Z,OANDA:XAUUSD
19.752157171123187,-167.19065526461327,-120.19958991239209,-2.993403386005032,4635.652875,43.402726255411714,-0.4359788999702478,4280.775,367149,1789474081,2026-09-15T12:08:01Z,OANDA:XAUUSD
19.752157171123187,-166.03494097890052,-121.03671715009146,-3.085067087858929,4635.652875,43.16747783413583,-0.5300591693956737,4276.73,368232,1789474252,2026-09-15T12:10:52Z,OANDA:XAUUSD
19.752157171123187,-166.4320838360427,-120.7491744929032,-3.053568312685395,4635.652875,43.24802908755576,-0.497729979160477,4278.12,369512,1789474437,2026-09-15T12:13:57Z,OANDA:XAUUSD
19.752157171123187,-166.00065526461458,-121.06153495016022,-3.087786406578944,4635.652875,43.16053783724435,-0.5328501786246084,4276.61,370830,1789474614,2026-09-15T12:16:54Z,OANDA:XAUUSD
19.752157171123187,-165.40636955032917,-121.4915580480303,-3.134921264392564,4635.652875,43.04059812896636,-0.5812276719261845,4274.53,372056,1789474795,2026-09-15T12:19:55Z,OANDA:XAUUSD
19.752157171123187,-164.79065526461363,-121.93678364212586,-3.1837556964061915,4635.652875,42.91703474671576,-0.6313495459958421,4272.375,373393,1789474979,2026-09-15T12:22:59Z,OANDA:XAUUSD
19.752157171123187,-165.48065526461414,-121.4378208847592,-3.1290294071658566,4635.652875,43.05555412482581,-0.5751804852634822,4274.79,374561,1789475157,2026-09-15T12:25:57Z,OANDA:XAUUSD
19.752157171123187,-165.9420838360429,-121.10392981003972,-3.092431909392304,4635.652875,43.14868717002518,-0.537618152724041,4276.405,375562,1789475332,2026-09-15T12:28:52Z,OANDA:XAUUSD
19.752157171123187,-166.2049409789006,-120.91364807753348,-3.0715837992055075,4635.652875,43.2019216463326,-0.5162204153021875,4277.325,376445,1789475518,2026-09-15T12:31:58Z,OANDA:XAUUSD
19.752157171123187,-166.8577981217577,-120.44080252563192,-3.0198034385785264,4635.652875,43.33470990329465,-0.4630749479011787,4279.61,377640,1789475690,2026-09-15T12:34:50Z,OANDA:XAUUSD
19.752157171123187,-167.61494097890045,-119.89199035766124,-2.9597518168448125,4635.652875,43.48973536727349,-0.4014401607621366,4282.26,380561,1789475876,2026-09-15T12:37:56Z,OANDA:XAUUSD
19.752157171123187,-166.5477981217564,-120.66536989281434,-3.044390612005345,4635.652875,43.271555643728746,-0.48831032301282,4278.525,382904,1789476056,2026-09-15T12:40:56Z,OANDA:XAUUSD
19.752157171123187,-167.08779812175726,-120.27413736844312,-3.001561342165074,4635.652875,43.38168554303109,-0.4443519276570517,4280.415,384117,1789476233,2026-09-15T12:43:53Z,OANDA:XAUUSD
19.752157171123187,-167.63494097889907,-119.8774870870516,-2.958165547591476,4635.652875,43.4938454174029,-0.3998120720452633,4282.33,386008,1789476415,2026-09-15T12:46:55Z,OANDA:XAUUSD
19.752157171123187,-170.10494097890023,-118.08381768957398,-2.762261294803598,4635.652875,44.007479467518245,-0.1987431155105703,4290.975,389831,1789476600,2026-09-15T12:50:00Z,OANDA:XAUUSD
19.752157171123187,-169.83636955032762,-118.27909153206836,-2.783562624777073,4635.652875,43.95104323112304,-0.2206060211372567,4290.035,393143,1789476775,2026-09-15T12:52:55Z,OANDA:XAUUSD
19.752157171123187,-171.3449409789,-117.18146655308122,-2.663912601096345,4635.652875,44.26993736129351,-0.0978016150640266,4295.315,395345,1789476959,2026-09-15T12:55:59Z,OANDA:XAUUSD
19.752157171123187,-169.40208383604204,-118.59472836550036,-2.8180073285639406,4635.652875,43.86009027801736,-0.2559588047037834,4288.515,398252,1789477135,2026-09-15T12:58:55Z,OANDA:XAUUSD
19.752157171123187,-170.73494097889943,-117.62552288140142,-2.712293813323293,4635.652875,44.14043493587924,-0.1474583209288512,4293.18,401009,1789477316,2026-09-15T13:01:56Z,OANDA:XAUUSD
19.752157171123187,-170.71208383604335,-117.64215605322616,-2.714106692469969,4635.652875,44.135597111386005,-0.149318993748141,4293.1,404275,1789477495,2026-09-15T13:04:55Z,OANDA:XAUUSD
19.752157171123187,-168.54065526461363,-119.22035350071282,-2.886330211404367,4635.652875,43.68078964378269,-0.3260829115808377,4285.5,407404,1789477675,2026-09-15T13:07:55Z,OANDA:XAUUSD
19.752157171123187,-168.62922669318596,-119.15605521811533,-2.879305304710982,4635.652875,43.6991575539401,-0.318872804406074,4285.81,409395,1789477856,2026-09-15T13:10:56Z,OANDA:XAUUSD
19.752157171123187,-169.10636955032805,-118.80956368993154,-2.841461452524102,4635.652875,43.79837362545975,-0.2800312593033844,4287.48,411253,1789478040,2026-09-15T13:14:00Z,OANDA:XAUUSD
19.752157171123187,-169.3077981217566,-118.66323436333737,-2.8254854550439847,4635.652875,43.840393625953965,-0.263634080083359,4288.185,413277,1789478216,2026-09-15T13:16:56Z,OANDA:XAUUSD
19.752157171123187,-168.8720838360432,-118.97972054239663,-2.8600434637775427,4635.652875,43.74960051698872,-0.299103155701115,4286.66,414889,1789478400,2026-09-15T13:20:00Z,OANDA:XAUUSD
19.752157171123187,-168.51779812175755,-119.23694556400513,-2.888143090551043,4635.652875,43.676052044221045,-0.3279435844001275,4285.42,417613,1789478579,2026-09-15T13:22:59Z,OANDA:XAUUSD
19.752157171123187,-170.45351240747095,-117.830288936735,-2.7346148878167766,4635.652875,44.080942983404114,-0.1703678550163908,4292.195,420440,1789478758,2026-09-15T13:25:58Z,OANDA:XAUUSD
19.752157171123187,-169.01351240747044,-118.87700928206672,-2.848826274057476,4635.652875,43.77902981690716,-0.2875902426317517,4287.155,423376,1789478938,2026-09-15T13:28:58Z,OANDA:XAUUSD
19.752157171123187,-170.1363695503287,-118.0609626286688,-2.759768585976923,4635.652875,44.01409318205784,-0.1961846903840521,4291.085,427947,1789479117,2026-09-15T13:31:57Z,OANDA:XAUUSD
19.752157171123187,-168.55922669318625,-119.20687213456236,-2.8848572470977003,4635.652875,43.68463970028203,-0.3245711149151727,4285.565,432167,1789479300,2026-09-15T13:35:00Z,OANDA:XAUUSD
19.752157171123187,-170.5620838360419,-117.7513005986659,-2.7260037118700544,4635.652875,44.1038751839292,-0.1615296591247538,4292.575,436729,1789479475,2026-09-15T13:37:55Z,OANDA:XAUUSD
19.752157171123187,-169.34208383604255,-118.63832393404972,-2.8227661363239704,4635.652875,43.84755399769261,-0.2608430708544243,4288.305,439981,1789479658,2026-09-15T13:40:58Z,OANDA:XAUUSD
19.752157171123187,-168.74351240747183,-119.07308020706596,-2.870240908977601,4635.652875,43.72288092125965,-0.3095694403096252,4286.21,442246,1789479840,2026-09-15T13:44:00Z,OANDA:XAUUSD
19.752157171123187,-170.40351240747168,-117.86666189116008,-2.7385805609501177,4635.652875,44.07039011974063,-0.1744380768085739,4292.02,443957,1789480011,2026-09-15T13:46:51Z,OANDA:XAUUSD
19.752157171123187,-171.20351240747095,-117.28444829046283,-2.675129790816412,4635.652875,44.239844588485056,-0.1093145281333899,4294.82,446988,1789480198,2026-09-15T13:49:58Z,OANDA:XAUUSD
19.752157171123187,-171.40351240747168,-117.13881273629724,-2.6592670982829647,4635.652875,44.28241201631227,-0.0930336409645727,4295.52,449566,1789480375,2026-09-15T13:52:55Z,OANDA:XAUUSD
19.752157171123187,-171.5020838360424,-117.06702311646464,-2.651449056962931,4635.652875,44.30342182711543,-0.0850094894313936,4295.865,451840,1789480565,2026-09-15T13:56:05Z,OANDA:XAUUSD
19.752157171123187,-171.86065526461334,-116.80580796946894,-2.623009515349421,4635.652875,44.38001727690807,-0.0558201845787563,4297.12,454299,1789480745,2026-09-15T13:59:05Z,OANDA:XAUUSD
19.752157171123187,-171.83351240747197,-116.82558492742264,-2.625162309336107,4635.652875,44.37420995081298,-0.0580297335516708,4297.025,457636,1789480915,2026-09-15T14:01:55Z,OANDA:XAUUSD
19.752157171123187,-171.5392266931858,-117.03996988307578,-2.648503128349577,4635.652875,44.31134373978633,-0.0819858961000424,4295.995,461192,1789481098,2026-09-15T14:04:58Z,OANDA:XAUUSD
19.752157171123187,-172.20208383604313,-116.5569828803788,-2.5959296330959285,4635.652875,44.45319735745842,-0.028026384340597,4298.315,463902,1789481274,2026-09-15T14:07:54Z,OANDA:XAUUSD
19.752157171123187,-171.86494097890045,-116.80268523648952,-2.622669600509412,4635.652875,44.38093436208649,-0.0554713084251315,4297.135,466550,1789481459,2026-09-15T14:10:59Z,OANDA:XAUUSD
19.752157171123187,-171.50351240747204,-117.06598262846435,-2.6513357520162617,4635.652875,44.30372646368722,-0.0848931973801853,4295.87,468634,1789481638,2026-09-15T14:13:58Z,OANDA:XAUUSD
19.752157171123187,-170.64351240747146,-117.69205299476148,-2.719545329910018,4635.652875,44.121089998564834,-0.1549010122060314,4292.86,470661,1789481812,2026-09-15T14:16:52Z,OANDA:XAUUSD
19.752157171123187,-170.6777981217574,-117.66710500659217,-2.716826011190004,4635.652875,44.12834236267864,-0.1521100029770968,4292.98,472863,1789481995,2026-09-15T14:19:55Z,OANDA:XAUUSD
19.752157171123187,-169.22208383604357,-118.72550622372442,-2.8322837518440305,4635.652875,43.822502923802766,-0.2706116031557061,4287.885,475202,1789482180,2026-09-15T14:23:00Z,OANDA:XAUUSD
19.752157171123187,-169.4735124074714,-118.54282503333548,-2.8123420812305726,4635.652875,43.87502377099203,-0.2501442021434976,4288.765,477409,1789482355,2026-09-15T14:25:55Z,OANDA:XAUUSD
19.752157171123187,-167.93494097890016,-119.659898811825,-2.934371508791326,4635.652875,43.55558952374695,-0.3753907412920588,4283.38,479782,1789482536,2026-09-15T14:28:56Z,OANDA:XAUUSD
19.752157171123187,-167.69779812175784,-119.83190325216464,-2.953180129938106,4635.652875,43.506767776767816,-0.394695221792206,4282.55,482740,1789482724,2026-09-15T14:32:04Z,OANDA:XAUUSD
19.752157171123187,-168.20636955032842,-119.4629698490657,-2.912843568924532,4635.652875,43.61160448935881,-0.353295251562977,4284.33,486091,1789482893,2026-09-15T14:34:53Z,OANDA:XAUUSD
19.752157171123187,-167.14494097889929,-120.23272318112772,-2.9970291442983843,4635.652875,43.39337230846855,-0.4397002456088273,4280.615,489266,1789483076,2026-09-15T14:37:56Z,OANDA:XAUUSD
19.752157171123187,-166.08208383604233,-121.00259111131986,-3.0813280246188866,4635.652875,43.1770239748324,-0.5262215317058648,4276.895,492989,1789483251,2026-09-15T14:40:51Z,OANDA:XAUUSD
19.752157171123187,-166.38351240747124,-120.78434847978312,-3.057420680872087,4635.652875,43.23816136416244,-0.5016839089014731,4277.95,496473,1789483443,2026-09-15T14:44:03Z,OANDA:XAUUSD
19.752157171123187,-167.5249409789003,-119.95725103218396,-2.966890028484868,4635.652875,43.47124975022203,-0.4087665599881085,4281.945,499086,1789483615,2026-09-15T14:46:55Z,OANDA:XAUUSD
19.752157171123187,-166.46779812175646,-120.72331004028293,-3.0507356890187114,4635.652875,43.25528764043555,-0.4948226778803341,4278.245,501076,1789483802,2026-09-15T14:50:02Z,OANDA:XAUUSD
19.752157171123187,-166.5435124074711,-120.66847396156932,-3.044730526845333,4635.652875,43.270683833352486,-0.4886591991664236,4278.51,505552,1789483974,2026-09-15T14:52:54Z,OANDA:XAUUSD
19.752157171123187,-166.65636955032917,-120.58672848863304,-3.0357794360586228,4635.652875,43.29365323044375,-0.4794721271211831,4278.905,507893,1789484164,2026-09-15T14:56:04Z,OANDA:XAUUSD
19.752157171123187,-166.10922669318552,-120.98294196459216,-3.079175230632221,4635.652875,43.182522153162914,-0.5240119827329714,4276.99,510153,1789484334,2026-09-15T14:58:54Z,OANDA:XAUUSD
19.752157171123187,-166.3635124074708,-120.79883132717818,-3.059006950125424,4635.652875,43.2340994926361,-0.5033119976183464,4277.88,514093,1789484519,2026-09-15T15:01:59Z,OANDA:XAUUSD
19.752157171123187,-167.52779812175777,-119.9551793664177,-2.966663418591528,4635.652875,43.47183635368077,-0.408533975885692,4281.955,517947,1789484702,2026-09-15T15:05:02Z,OANDA:XAUUSD
19.752157171123187,-167.36494097890045,-120.0732536753396,-2.979580182511601,4635.652875,43.43842520389921,-0.4217912697231369,4281.385,519585,1789484878,2026-09-15T15:07:58Z,OANDA:XAUUSD
19.752157171123187,-167.69494097890038,-119.8339753146818,-2.953406739831446,4635.652875,43.50618023021628,-0.3949278058946224,4282.54,522055,1789485057,2026-09-15T15:10:57Z,OANDA:XAUUSD
19.752157171123187,-167.8306552646145,-119.73554497942932,-2.9426427698980384,4635.652875,43.53410622832027,-0.3838800610300709,4283.015,524353,1789485236,2026-09-15T15:13:56Z,OANDA:XAUUSD
19.752157171123187,-168.73208383604197,-119.08137818915776,-2.871147348550939,4635.652875,43.720507425487405,-0.3104997767192701,4286.17,526464,1789485421,2026-09-15T15:17:01Z,OANDA:XAUUSD
19.752157171123187,-168.8720838360432,-118.97972054239663,-2.8600434637775427,4635.652875,43.74960051698872,-0.299103155701115,4286.66,527933,1789485602,2026-09-15T15:20:02Z,OANDA:XAUUSD
19.752157171123187,-167.87351240747105,-119.70445858900692,-2.9392436214980258,4635.652875,43.54293241425962,-0.3803912994939079,4283.165,529602,1789485780,2026-09-15T15:23:00Z,OANDA:XAUUSD
19.752157171123187,-168.66494097889972,-119.13012667530924,-2.876472681044297,4635.652875,43.70656834030333,-0.3159655031259311,4285.935,531385,1789485959,2026-09-15T15:25:59Z,OANDA:XAUUSD
19.752157171123187,-168.45208383604313,-119.28464536521172,-2.8933551180977526,4635.652875,43.6624371681733,-0.3332930187556014,4285.19,533175,1789486137,2026-09-15T15:28:57Z,OANDA:XAUUSD
19.752157171123187,-168.23065526461414,-119.44534695357493,-2.9109173848311856,4635.652875,43.61662337776164,-0.3513182866924789,4284.415,535393,1789486319,2026-09-15T15:31:59Z,OANDA:XAUUSD
19.752157171123187,-167.91636955032754,-119.67337069760124,-2.935844473098013,4635.652875,43.551762179799525,-0.3769025379577449,4283.315,538312,1789486497,2026-09-15T15:34:57Z,OANDA:XAUUSD
19.752157171123187,-168.88494097889907,-118.97038383173624,-2.8590237192575345,4635.652875,43.75227427282586,-0.2980565272402619,4286.705,540465,1789486675,2026-09-15T15:37:55Z,OANDA:XAUUSD
19.752157171123187,-169.43351240747052,-118.57189141437698,-2.8155146197372662,4635.652875,43.86665976232971,-0.2534003795772652,4288.625,542918,1789486857,2026-09-15T15:40:57Z,OANDA:XAUUSD
19.752157171123187,-169.2935124074711,-118.67361342466398,-2.8266185045106624,4635.652875,43.83741082789408,-0.2647970005954204,4288.135,545156,1789487039,2026-09-15T15:43:59Z,OANDA:XAUUSD
19.752157171123187,-169.08636955032762,-118.82409102944774,-2.843047721777438,4635.652875,43.794205822425866,-0.2816593480202576,4287.41,547010,1789487219,2026-09-15T15:46:59Z,OANDA:XAUUSD
19.752157171123187,-168.63922669318617,-119.14879533133572,-2.878512170084313,4635.652875,43.70123232078806,-0.3180587600476374,4285.845,549339,1789487400,2026-09-15T15:50:00Z,OANDA:XAUUSD
19.752157171123187,-169.77636955032813,-118.32270845642718,-2.788321432537104,4635.652875,43.93845491121903,-0.2254902872878976,4289.825,552579,1789487581,2026-09-15T15:53:01Z,OANDA:XAUUSD
19.752157171123187,-169.32636955032922,-118.64974133367755,-2.824012490737318,4635.652875,43.84427187032519,-0.2621222834176939,4288.25,553515,1789487763,2026-09-15T15:56:03Z,OANDA:XAUUSD
19.752157171123187,-169.9735124074714,-118.17938462051733,-2.772685349896996,4635.652875,43.97984363736163,-0.209441984221497,4290.515,556872,1789487942,2026-09-15T15:59:02Z,OANDA:XAUUSD
19.752157171123187,-170.03779812175617,-118.1326416961586,-2.767586627296977,4635.652875,43.9933568250104,-0.2042088419172525,4290.74,559548,1789488115,2026-09-15T16:01:55Z,OANDA:XAUUSD
19.752157171123187,-170.0520838360435,-118.12225391933175,-2.7664535778302994,4635.652875,43.99636088339167,-0.2030459214051911,4290.79,561608,1789488297,2026-09-15T16:04:57Z,OANDA:XAUUSD
19.752157171123187,-169.69779812175784,-118.37982139433625,-2.7945532046038,4635.652875,43.921981106905086,-0.2318863501042036,4289.55,562918,1789488474,2026-09-15T16:07:54Z,OANDA:XAUUSD
19.752157171123187,-170.0720838360421,-118.1077107505556,-2.764867308576963,4635.652875,44.00056725442881,-0.2014178326883178,4290.86,564685,1789488658,2026-09-15T16:10:58Z,OANDA:XAUUSD
19.752157171123187,-168.9606552646137,-118.91539823515566,-2.853018557084157,4635.652875,43.7680263553133,-0.2918930485263513,4286.97,566707,1789488837,2026-09-15T16:13:57Z,OANDA:XAUUSD
19.752157171123187,-169.00494097889987,-118.88323467309878,-2.8495061037374745,4635.652875,43.77724509595208,-0.28828799493898,4287.125,568745,1789489015,2026-09-15T16:16:55Z,OANDA:XAUUSD
19.752157171123187,-169.37065526461356,-118.6175645073401,-2.820500037390636,4635.652875,43.85352276110625,-0.2585172298303227,4288.405,570053,1789489196,2026-09-15T16:19:56Z,OANDA:XAUUSD
19.752157171123187,-171.13494097889907,-117.33437291246628,-2.68056842825644,4635.652875,44.22526887497261,-0.1148965465912592,4294.58,571655,1789489376,2026-09-15T16:22:56Z,OANDA:XAUUSD
19.752157171123187,-171.60922669318552,-116.98898185960029,-2.64295118596288,4635.652875,44.32628120163545,-0.0762875855909649,4296.24,574155,1789489558,2026-09-15T16:25:58Z,OANDA:XAUUSD
19.752157171123187,-171.47065526461392,-117.0899134279458,-2.653941765789606,4635.652875,44.29672088229911,-0.0875679145579117,4295.755,576540,1789489736,2026-09-15T16:28:56Z,OANDA:XAUUSD
19.752157171123187,-171.3192266931865,-117.20019172817302,-2.6659520901363405,4635.652875,44.26446290335748,-0.0998948719857117,4295.225,578564,1789489919,2026-09-15T16:31:59Z,OANDA:XAUUSD
19.752157171123187,-170.74922669318494,-117.61512693115168,-2.711160763856636,4635.652875,44.14345911479737,-0.146295400416811,4293.23,580837,1789490097,2026-09-15T16:34:57Z,OANDA:XAUUSD
19.752157171123187,-171.18922669318545,-117.2948495720292,-2.676262840283069,4635.652875,44.23680718925659,-0.1104774486454301,4294.77,582458,1789490280,2026-09-15T16:38:00Z,OANDA:XAUUSD
19.752157171123187,-171.12494097890067,-117.34165326367844,-2.6813615628831085,4635.652875,44.22314405250852,-0.1157105909496958,4294.545,584092,1789490463,2026-09-15T16:41:03Z,OANDA:XAUUSD
19.752157171123187,-171.17351240747212,-117.30629078804304,-2.6775091946964165,4635.652875,44.23346653179711,-0.1117566612086998,4294.715,585303,1789490636,2026-09-15T16:43:56Z,OANDA:XAUUSD
19.752157171123187,-171.6963695503282,-116.92550134237388,-2.636039584216164,4635.652875,44.34489089574365,-0.0691937704674094,4296.545,587471,1789490818,2026-09-15T16:46:58Z,OANDA:XAUUSD
19.752157171123187,-171.37922669318596,-117.1564988074521,-2.6611932823763107,4635.652875,44.277238745297424,-0.0902426317356381,4295.64,589522,1789490998,2026-09-15T16:49:58Z,OANDA:XAUUSD
19.752157171123187,-171.86779812175791,-116.80060340610812,-2.622442990616072,4635.652875,44.38154577326239,-0.055238724322715,4297.145,590865,1789491179,2026-09-15T16:52:59Z,OANDA:XAUUSD
19.752157171123187,-171.89351240747146,-116.78186663043776,-2.6204035015760767,4635.652875,44.38704923201537,-0.0531454674010299,4297.235,592534,1789491354,2026-09-15T16:55:54Z,OANDA:XAUUSD
19.752157171123187,-171.75065526461458,-116.88595294478417,-2.631733996242813,4635.652875,44.35649172108462,-0.0647746725216015,4296.735,593860,1789491532,2026-09-15T16:58:52Z,OANDA:XAUUSD
19.752157171123187,-171.36922669318574,-117.1637811664135,-2.6619864170029994,4635.652875,44.27510892618888,-0.0958246501935285,4295.4,594843,1789491719,2026-09-15T17:01:59Z,OANDA:XAUUSD
19.752157171123187,-170.49351240747183,-117.80118909580736,-2.731442349310083,4635.652875,44.08938891381595,-0.1671116775826231,4292.335,597048,1789491898,2026-09-15T17:04:58Z,OANDA:XAUUSD
19.752157171123187,-170.68922669318545,-117.65878879604992,-2.715919571616645,4635.652875,44.1307603472349,-0.1511796665674307,4293.02,598558,1789492077,2026-09-15T17:07:57Z,OANDA:XAUUSD
19.752157171123187,-171.0692266931865,-117.38221371623898,-2.685780455803129,4635.652875,44.21130949259452,-0.120245980946712,4294.35,600312,1789492259,2026-09-15T17:10:59Z,OANDA:XAUUSD
19.752157171123187,-171.8349409788998,-116.82454405001016,-2.625049004389437,4635.652875,44.37451556166408,-0.0579134415004626,4297.03,601800,1789492441,2026-09-15T17:14:01Z,OANDA:XAUUSD
19.752157171123187,-171.42351240747212,-117.12424737245236,-2.657680829029628,4635.652875,44.28667326493427,-0.0914055522476995,4295.59,603525,1789492612,2026-09-15T17:16:52Z,OANDA:XAUUSD
19.752157171123187,-171.45779812175624,-117.09927741220427,-2.654961510309614,4635.652875,44.293980170899445,-0.0886145430187648,4295.71,605009,1789492800,2026-09-15T17:20:00Z,OANDA:XAUUSD
19.752157171123187,-170.6935124074707,-117.65567018944796,-2.7155796567766566,4635.652875,44.131667159760994,-0.1508307904138271,4293.035,607177,1789492976,2026-09-15T17:22:56Z,OANDA:XAUUSD
19.752157171123187,-170.85922669318552,-117.53507250052796,-2.702436282963244,4635.652875,44.16675917975739,-0.1373409124739658,4293.615,608678,1789493157,2026-09-15T17:25:57Z,OANDA:XAUUSD
19.752157171123187,-171.02351240747066,-117.41549218271724,-2.689406214096502,4635.652875,44.20160381421192,-0.1239673265853127,4294.19,610355,1789493337,2026-09-15T17:28:57Z,OANDA:XAUUSD
19.752157171123187,-171.65636955032917,-116.95464071589392,-2.6392121227228573,4635.652875,44.33634680132091,-0.0494241217624292,4297.395,612644,1789493517,2026-09-15T17:31:57Z,OANDA:XAUUSD
19.752157171123187,-172.03494097890052,-116.67880463887464,-2.6091863118560106,4635.652875,44.417342669292594,-0.0416325543316666,4297.73,613916,1789493699,2026-09-15T17:34:59Z,OANDA:XAUUSD
19.752157171123187,-172.02351240747066,-116.68713349191796,-2.6100927514293484,4635.652875,44.414893179165965,-0.0425628907413115,4297.69,615373,1789493878,2026-09-15T17:37:58Z,OANDA:XAUUSD
19.752157171123187,-171.18494097890016,-117.29796992379482,-2.676602755123078,4635.652875,44.23589605081708,-0.1108263247990549,4294.755,616710,1789494061,2026-09-15T17:41:01Z,OANDA:XAUUSD
19.752157171123187,-170.58779812175726,-117.73259141709885,-2.723964222830039,4635.652875,44.10930998974159,-0.1594364022030476,4292.665,617871,1789494236,2026-09-15T17:43:56Z,OANDA:XAUUSD
19.752157171123187,-171.12065526461356,-117.34477338904344,-2.681701477723118,4635.652875,44.2222334768112,-0.1160594671033206,4294.53,618943,1789494422,2026-09-15T17:47:02Z,OANDA:XAUUSD
19.752157171123187,-171.37351240747105,-117.1606601654955,-2.66164650216299,4635.652875,44.27602168071692,-0.0954757740399038,4295.415,619896,1789494597,2026-09-15T17:49:57Z,OANDA:XAUUSD
19.752157171123187,-171.34636955032784,-117.18042624963904,-2.6637992961496755,4635.652875,44.27024153754992,-0.0976853230128183,4295.32,620748,1789494779,2026-09-15T17:52:59Z,OANDA:XAUUSD
19.752157171123187,-171.31494097889936,-117.2033125378475,-2.66629200497635,4635.652875,44.26355062533299,-0.1002437481393364,4295.21,621780,1789494955,2026-09-15T17:55:55Z,OANDA:XAUUSD
19.752157171123187,-171.37065526461356,-117.16274083445128,-2.661873112056329,4635.652875,44.275413173516746,-0.0957083581423203,4295.405,622812,1789495144,2026-09-15T17:59:04Z,OANDA:XAUUSD
19.752157171123187,-171.33351240747197,-117.18978892022412,-2.6648190406696832,4635.652875,44.26750410171141,-0.1402482137541087,4293.49,624439,1789495321,2026-09-15T18:02:01Z,OANDA:XAUUSD
19.752157171123187,-171.08779812175726,-117.36869384877647,-2.684307491496462,4635.652875,44.215253642048005,-0.118734184281047,4294.415,625792,1789495496,2026-09-15T18:04:56Z,OANDA:XAUUSD
19.752157171123187,-172.26351240747044,-116.51220500218376,-2.5910575203892283,4635.652875,44.46638927221925,-0.0230258261387478,4298.53,627101,1789495679,2026-09-15T18:07:59Z,OANDA:XAUUSD
19.752157171123187,-171.65779812175697,-116.95360004664214,-2.639098817776188,4635.652875,44.33665189085602,-0.0723336558499688,4296.41,628176,1789495863,2026-09-15T18:11:03Z,OANDA:XAUUSD
19.752157171123187,-173.64351240747146,-115.50225409720883,-2.481604941908559,4635.652875,44.82010289138273,0.0893122953259721,4303.36,629609,1789496032,2026-09-15T18:13:52Z,OANDA:XAUUSD
19.752157171123187,-173.74351240747183,-115.42851647679358,-2.473673595641835,4635.652875,44.84664291454303,0.0974527389103806,4303.71,632332,1789496217,2026-09-15T18:16:57Z,OANDA:XAUUSD
19.752157171123187,-174.0992266931853,-115.1661611686354,-2.445460663921665,4635.652875,44.94084299549508,0.1264094596606014,4304.955,634086,1789496399,2026-09-15T18:19:59Z,OANDA:XAUUSD
19.752157171123187,-173.97065526461392,-115.26099921013176,-2.455658109121724,4635.652875,44.906831930386005,0.1159431750520912,4304.505,635754,1789496570,2026-09-15T18:22:50Z,OANDA:XAUUSD
19.752157171123187,-174.2463695503293,-115.05760926198744,-2.433790254414919,4635.652875,44.97971527732722,0.1383875409347977,4305.47,637190,1789496762,2026-09-15T18:26:02Z,OANDA:XAUUSD
19.752157171123187,-173.86922669318574,-115.33580724227822,-2.4637027603351167,4635.652875,44.879971315562464,0.1076864394164743,4304.15,638781,1789496938,2026-09-15T18:28:58Z,OANDA:XAUUSD
19.752157171123187,-173.34636955032784,-115.72131646465746,-2.505172370815369,4635.652875,44.74109018225784,0.065123548675184,4302.32,640033,1789497114,2026-09-15T18:31:54Z,OANDA:XAUUSD
19.752157171123187,-173.72636955032883,-115.44115773787452,-2.475033255001853,4635.652875,44.8420950095912,0.0960572342959027,4303.65,641425,1789497291,2026-09-15T18:34:51Z,OANDA:XAUUSD
19.752157171123187,-173.43351240747052,-115.65707898906469,-2.498260769068654,4635.652875,44.76428561833711,0.0722173637987394,4302.625,642832,1789497480,2026-09-15T18:38:00Z,OANDA:XAUUSD
19.752157171123187,-173.79494097890074,-115.3905913871426,-2.469594617561804,4635.652875,44.86028213067984,0.1016392527537932,4303.89,643890,1789497660,2026-09-15T18:41:00Z,OANDA:XAUUSD
19.752157171123187,-174.52636955032813,-114.85100012695452,-2.411582484868126,4635.652875,45.05353443500745,0.1611807829711079,4306.45,646003,1789497831,2026-09-15T18:43:51Z,OANDA:XAUUSD
19.752157171123187,-174.6135124074708,-114.7866864394942,-2.4046708831214105,4635.652875,45.07646836436985,0.1682745980946634,4306.755,647250,1789498023,2026-09-15T18:47:03Z,OANDA:XAUUSD
19.752157171123187,-174.46351240747117,-114.89738683081023,-2.416567902521496,4635.652875,45.036980035028975,0.1560639327180505,4306.23,649068,1789498198,2026-09-15T18:49:58Z,OANDA:XAUUSD
19.752157171123187,-175.43779812175762,-114.17806343981292,-2.339293928894338,4635.652875,45.2924574935562,0.2353751116403666,4309.64,650783,1789498378,2026-09-15T18:52:58Z,OANDA:XAUUSD
19.752157171123187,-174.9506552646135,-114.5378132051111,-2.3779309157079065,4635.652875,45.16501633152647,0.1957195221792191,4307.935,652596,1789498552,2026-09-15T18:55:52Z,OANDA:XAUUSD
19.752157171123187,-174.9835124074716,-114.51355409916688,-2.375324901934562,4635.652875,45.173630739980965,0.1983942393569455,4308.05,654658,1789498741,2026-09-15T18:59:01Z,OANDA:XAUUSD
19.752157171123187,-175.51494097890009,-114.12107810514809,-2.333175461774311,4635.652875,45.31258448141504,0.2416548824054642,4309.91,657078,1789498915,2026-09-15T19:01:55Z,OANDA:XAUUSD
19.752157171123187,-174.36494097890045,-114.97012371549204,-2.424385943841529,4635.652875,45.01099962974407,0.1480397811848713,4305.885,658651,1789499103,2026-09-15T19:05:03Z,OANDA:XAUUSD
19.752157171123187,-173.66494097889972,-115.48645380220056,-2.479905367708532,4635.652875,44.82579218922895,0.0910566760940747,4303.435,659589,1789499275,2026-09-15T19:07:55Z,OANDA:XAUUSD
19.752157171123187,-173.97922669318632,-115.25467705521817,-2.4549782794417245,4635.652875,44.90910064191607,0.1166409273593195,4304.535,660813,1789499457,2026-09-15T19:10:57Z,OANDA:XAUUSD
19.752157171123187,-173.3349409788998,-115.72974063453697,-2.506078810388708,4635.652875,44.738046712785504,0.0641932122655391,4302.28,662108,1789499639,2026-09-15T19:13:59Z,OANDA:XAUUSD
19.752157171123187,-173.1077981217577,-115.8964545951062,-2.52409429690882,4635.652875,44.67748813528363,0.0457027761238286,4301.485,663517,1789499820,2026-09-15T19:17:00Z,OANDA:XAUUSD
19.752157171123187,-172.95779812175624,-116.0058947829548,-2.535991316308884,4635.652875,44.63742380388428,0.0334921107472368,4300.96,664861,1789499991,2026-09-15T19:19:51Z,OANDA:XAUUSD
19.752157171123187,-172.5620838360419,-116.29451943509964,-2.5673767865357484,4635.652875,44.5314512789498,0.0012792125632484,4299.575,666718,1789500179,2026-09-15T19:22:59Z,OANDA:XAUUSD
19.752157171123187,-172.82636955032922,-116.10176998926508,-2.5464153714022824,4635.652875,44.602272091179486,0.0227932420363101,4300.5,668411,1789500359,2026-09-15T19:25:59Z,OANDA:XAUUSD
19.752157171123187,-173.1635124074719,-115.8558006579906,-2.5196754039887783,4635.652875,44.69235440773408,0.0502381661208659,4301.68,669472,1789500536,2026-09-15T19:28:56Z,OANDA:XAUUSD
19.752157171123187,-172.70922669318588,-116.18721197946674,-2.5557063770290025,4635.652875,44.57090357157988,0.0132572938374448,4300.09,670561,1789500718,2026-09-15T19:31:58Z,OANDA:XAUUSD
19.752157171123187,-172.6777981217574,-116.21013351656644,-2.5581990858556978,4635.652875,44.56248158237933,0.0106988687109055,4299.98,671884,1789500903,2026-09-15T19:35:03Z,OANDA:XAUUSD
19.752157171123187,-172.46208383604335,-116.36743665314228,-2.5753081328024514,4635.652875,44.50908651772357,-0.0068612310211389,4299.225,672749,1789501076,2026-09-15T19:37:56Z,OANDA:XAUUSD
19.752157171123187,-172.17636955032776,-116.57572618611071,-2.597969122135924,4635.652875,44.44767748436343,-0.0125595415302376,4298.98,673776,1789501261,2026-09-15T19:41:01Z,OANDA:XAUUSD
19.752157171123187,-172.0292266931856,-116.68296907883222,-2.609639531642669,4635.652875,44.41611789045777,-0.0420977225364784,4297.71,674791,1789501441,2026-09-15T19:44:01Z,OANDA:XAUUSD
19.752157171123187,-171.82494097889958,-116.83183015664127,-2.6258421390161053,4635.652875,44.37237637410298,-0.0587274858588992,4296.995,675912,1789501619,2026-09-15T19:46:59Z,OANDA:XAUUSD
19.752157171123187,-172.48494097889943,-116.35077058658456,-2.573495253655775,4635.652875,44.51400657162831,-0.0050005582018491,4299.305,676987,1789501796,2026-09-15T19:49:56Z,OANDA:XAUUSD
19.752157171123187,-171.7792266931856,-116.86513702503235,-2.6294678973094574,4635.652875,44.362599856919296,-0.0624488314974787,4296.835,677902,1789501978,2026-09-15T19:52:58Z,OANDA:XAUUSD
19.752157171123187,-171.37065526461356,-117.16274083445128,-2.661873112056329,4635.652875,44.275413173516746,-0.0957083581423203,4295.405,678919,1789502153,2026-09-15T19:55:53Z,OANDA:XAUUSD
19.752157171123187,-171.67208383604248,-116.94319326180998,-2.6379657683095097,4635.652875,44.33970301715679,-0.0711707353379074,4296.46,680416,1789502341,2026-09-15T19:59:01Z,OANDA:XAUUSD
19.752157171123187,-172.35494097890023,-116.4455531048139,-2.5838060038025032,4635.652875,44.48603825545848,-0.0155831348615676,4298.85,681975,1789502518,2026-09-15T20:01:58Z,OANDA:XAUUSD
19.752157171123187,-171.81779812175682,-116.8370344681526,-2.6264086637494337,4635.652875,44.37084850925914,-0.0593089461149193,4296.97,682711,1789502698,2026-09-15T20:04:58Z,OANDA:XAUUSD
19.752157171123187,-172.17494097889994,-116.57676746491416,-2.598082427082593,4635.652875,44.44737086494099,-0.0302359333134903,4298.22,683531,1789502877,2026-09-15T20:07:57Z,OANDA:XAUUSD
19.752157171123187,-172.16494097889972,-116.58405636949844,-2.598875561709262,4635.652875,44.44522464742913,-0.031049977671927,4298.185,684328,1789503059,2026-09-15T20:10:59Z,OANDA:XAUUSD
19.752157171123187,-171.58208383604233,-117.00875320414468,-2.6451039799495444,4635.652875,44.32048792932578,-0.0784971345638582,4296.145,684968,1789503237,2026-09-15T20:13:57Z,OANDA:XAUUSD
19.752157171123187,-171.419226693185,-117.12736854953054,-2.658020743869637,4635.652875,44.28576007119103,-0.0917544284013242,4295.575,685364,1789503412,2026-09-15T20:16:52Z,OANDA:XAUUSD
19.752157171123187,-171.56065526461407,-117.02436173240794,-2.646803554149572,4635.652875,44.31591536285077,-0.0802415153319609,4296.07,685677,1789503598,2026-09-15T20:19:58Z,OANDA:XAUUSD
19.752157171123187,-171.38779812175653,-117.15025672005538,-2.660513452696312,4635.652875,44.279064467628864,-0.0943128535278424,4295.465,686279,1789503772,2026-09-15T20:22:52Z,OANDA:XAUUSD
19.752157171123187,-171.23636955032907,-117.26052470636256,-2.6725237770430468,4635.652875,44.24683218989089,-0.1066398109556423,4294.935,686900,1789503957,2026-09-15T20:25:57Z,OANDA:XAUUSD
19.752157171123187,-171.10065526461494,-117.35933377452577,-2.6832877469764544,4635.652875,44.21798461932136,-0.1176875558201938,4294.46,687373,1789504140,2026-09-15T20:29:00Z,OANDA:XAUUSD
19.752157171123187,-171.5520838360435,-117.03060503798486,-2.6474833838295697,4635.652875,44.3140866004321,-0.0809392676391893,4296.04,687823,1789504317,2026-09-15T20:31:57Z,OANDA:XAUUSD
19.752157171123187,-170.58636955032762,-117.733630830316,-2.7240775277767084,4635.652875,44.1090080209461,-0.1595526942542558,4292.66,688374,1789504493,2026-09-15T20:34:53Z,OANDA:XAUUSD
19.752157171123187,-170.640655264614,-117.69413195020984,-2.719771939803337,4635.652875,44.12048574248978,-0.1551335963084268,4292.85,688808,1789504674,2026-09-15T20:37:54Z,OANDA:XAUUSD
19.752157171123187,-170.49922669318494,-117.7970318684661,-2.730989129523424,4635.652875,44.09059573951373,-0.1666465093778113,4292.355,689067,1789504856,2026-09-15T20:40:56Z,OANDA:XAUUSD
19.752157171123187,-170.56494097889936,-117.74922182752144,-2.725777101976715,4635.652875,44.10447898510405,-0.1612970750223373,4292.585,689441,1789505039,2026-09-15T20:43:59Z,OANDA:XAUUSD
19.752157171123187,-170.61922669318574,-117.70972390243504,-2.721471514003364,4635.652875,44.11595434943732,-0.1568779770765294,4292.775,689871,1789505220,2026-09-15T20:47:00Z,OANDA:XAUUSD
19.752157171123187,-170.62494097890067,-117.70556608537,-2.7210182942166847,4635.652875,44.11716262990461,-0.1564128088716964,4292.795,690196,1789505394,2026-09-15T20:49:54Z,OANDA:XAUUSD
19.752157171123187,-170.86922669318574,-117.52779433224136,-2.701643148336576,4635.652875,44.168878587213584,-0.1365268681155291,4293.65,690810,1789505575,2026-09-15T20:52:55Z,OANDA:XAUUSD
19.752157171123187,-170.6820838360427,-117.66398644020671,-2.7164860963499944,4635.652875,44.12924907583551,-0.151761126823472,4292.995,691157,1789505755,2026-09-15T20:55:55Z,OANDA:XAUUSD
19.752157171123187,-170.92494097889994,-117.48724303388232,-2.697224255416535,4635.652875,44.18069043903722,-0.1319914781184918,4293.845,691677,1789505938,2026-09-15T20:58:58Z,OANDA:XAUUSD
19.752157171123187,-170.93636955032798,-117.47892450368111,-1.463514822175196,4635.652875,44.183114163912975,-0.1310611417088469,4293.885,691798,1789506119,2026-09-15T21:01:59Z,OANDA:XAUUSD
19.752157171123187,-170.93636955032798,-117.47892450368111,-1.463514822175196,4635.652875,44.183114163912975,-0.1310611417088469,4293.885,691798,1789506298,2026-09-15T21:04:58Z,OANDA:XAUUSD
19.752157171123187,-170.93636955032798,-117.47892450368111,-1.463514822175196,4635.652875,44.183114163912975,-0.1310611417088469,4293.885,691798,1789506476,2026-09-15T21:07:56Z,OANDA:XAUUSD
19.752157171123187,-170.93636955032798,-117.47892450368111,-1.463514822175196,4635.652875,44.183114163912975,-0.1310611417088469,4293.885,691798,1789506660,2026-09-15T21:11:00Z,OANDA:XAUUSD
19.752157171123187,-170.93636955032798,-117.47892450368111,-1.463514822175196,4635.652875,44.183114163912975,-0.1310611417088469,4293.885,691798,1789506838,2026-09-15T21:13:58Z,OANDA:XAUUSD
19.752157171123187,-170.93636955032798,-117.47892450368111,-1.463514822175196,4635.652875,44.183114163912975,-0.1310611417088469,4293.885,691798,1789507016,2026-09-15T21:16:56Z,OANDA:XAUUSD
19.752157171123187,-170.93636955032798,-117.47892450368111,-1.463514822175196,4635.652875,44.183114163912975,-0.1310611417088469,4293.885,691798,1789507196,2026-09-15T21:19:56Z,OANDA:XAUUSD
19.752157171123187,-170.93636955032798,-117.47892450368111,-1.463514822175196,4635.652875,44.183114163912975,-0.1310611417088469,4293.885,691798,1789507375,2026-09-15T21:22:55Z,OANDA:XAUUSD
19.752157171123187,-170.93636955032798,-117.47892450368111,-1.463514822175196,4635.652875,44.183114163912975,-0.1310611417088469,4293.885,691798,1789507557,2026-09-15T21:25:57Z,OANDA:XAUUSD
19.752157171123187,-170.93636955032798,-117.47892450368111,-1.463514822175196,4635.652875,44.183114163912975,-0.1310611417088469,4293.885,691798,1789507730,2026-09-15T21:28:50Z,OANDA:XAUUSD
19.752157171123187,-170.93636955032798,-117.47892450368111,-1.463514822175196,4635.652875,44.183114163912975,-0.1310611417088469,4293.885,691798,1789507919,2026-09-15T21:31:59Z,OANDA:XAUUSD
19.752157171123187,-170.93636955032798,-117.47892450368111,-1.463514822175196,4635.652875,44.183114163912975,-0.1310611417088469,4293.885,691798,1789508097,2026-09-15T21:34:57Z,OANDA:XAUUSD
19.752157171123187,-170.93636955032798,-117.47892450368111,-1.463514822175196,4635.652875,44.183114163912975,-0.1310611417088469,4293.885,691798,1789508279,2026-09-15T21:37:59Z,OANDA:XAUUSD
19.752157171123187,-170.93636955032798,-117.47892450368111,-1.463514822175196,4635.652875,44.183114163912975,-0.1310611417088469,4293.885,691798,1789508457,2026-09-15T21:40:57Z,OANDA:XAUUSD
19.752157171123187,-170.93636955032798,-117.47892450368111,-1.463514822175196,4635.652875,44.183114163912975,-0.1310611417088469,4293.885,691798,1789508640,2026-09-15T21:44:00Z,OANDA:XAUUSD
19.752157171123187,-170.93636955032798,-117.47892450368111,-1.463514822175196,4635.652875,44.183114163912975,-0.1310611417088469,4293.885,691798,1789508812,2026-09-15T21:46:52Z,OANDA:XAUUSD
19.752157171123187,-170.93636955032798,-117.47892450368111,-1.463514822175196,4635.652875,44.183114163912975,-0.1310611417088469,4293.885,691798,1789509000,2026-09-15T21:50:00Z,OANDA:XAUUSD
19.752157171123187,-170.93636955032798,-117.47892450368111,-1.463514822175196,4635.652875,44.183114163912975,-0.1310611417088469,4293.885,691798,1789509179,2026-09-15T21:52:59Z,OANDA:XAUUSD
19.752157171123187,-170.93636955032798,-117.47892450368111,-1.463514822175196,4635.652875,44.183114163912975,-0.1310611417088469,4293.885,691798,1789509362,2026-09-15T21:56:02Z,OANDA:XAUUSD
19.752157171123187,-170.93636955032798,-117.47892450368111,-1.463514822175196,4635.652875,44.183114163912975,-0.1310611417088469,4293.885,691798,1789509534,2026-09-15T21:58:54Z,OANDA:XAUUSD
19.752157171123187,-170.93636955032798,-117.47892450368111,-1.463514822175196,4635.652875,44.183114163912975,-0.1310611417088469,4293.885,691798,1789509719,2026-09-15T22:01:59Z,OANDA:XAUUSD
19.752157171123187,-170.93636955032798,-117.47892450368111,-1.463514822175196,4635.652875,44.183114163912975,-0.1310611417088469,4293.885,691798,1789509895,2026-09-15T22:04:55Z,OANDA:XAUUSD
19.63810375303557,-136.61117390028176,-101.7118562421746,-1.4276010519407214,4635.652875,44.31183615655139,0.0364471801177628,4295.45,177,1789510075,2026-09-15T22:07:55Z,OANDA:XAUUSD
19.63810375303557,-136.52331675742423,-101.76856651251224,-1.4342559997796984,4635.652875,44.288028352684655,0.029693389552809,4295.16,435,1789510259,2026-09-15T22:10:59Z,OANDA:XAUUSD
19.63810375303557,-136.84545961456752,-101.9695048027403,-1.4465332311378092,4635.652875,44.24405359919442,0.0172338104071204,4294.625,732,1789510432,2026-09-15T22:13:52Z,OANDA:XAUUSD
19.63810375303557,-137.63474532885266,-102.50739294492313,-1.4807258941725523,4635.652875,44.13422503691899,-0.0174666997369515,4293.135,1370,1789510617,2026-09-15T22:16:57Z,OANDA:XAUUSD
19.63810375303557,-137.88903104313886,-102.73297091164513,-1.496445339930147,4635.652875,44.08966740619007,-0.0334196188300431,4292.45,1779,1789510795,2026-09-15T22:19:55Z,OANDA:XAUUSD
19.63810375303557,-138.41688818599596,-102.97834552686264,-1.5090667927282124,4635.652875,44.05395627400731,-0.0462285319704785,4291.9,2402,1789510980,2026-09-15T22:23:00Z,OANDA:XAUUSD
19.63810375303557,-139.24617390028106,-102.14652406632544,-1.4195692183419466,4635.652875,44.34054262860364,0.0445983066616819,4295.8,3309,1789511155,2026-09-15T22:25:55Z,OANDA:XAUUSD
19.63810375303557,-137.00117390028117,-101.19828144852004,-1.3745909501888545,4635.652875,44.50075352020051,0.0902446153075827,4297.76,4479,1789511341,2026-09-15T22:29:01Z,OANDA:XAUUSD
19.63810375303557,-136.5254596145669,-101.52975707953706,-1.4127995300229848,4635.652875,44.364715108713455,0.0514685418915512,4296.095,5391,1789511517,2026-09-15T22:31:57Z,OANDA:XAUUSD
19.63810375303557,-136.8868881859953,-101.27792876728516,-1.3837701885874572,4635.652875,44.46813237006605,0.0809290421145292,4297.36,6008,1789511698,2026-09-15T22:34:58Z,OANDA:XAUUSD
19.63810375303557,-137.0540310431379,-101.16144166827354,-1.3703455524295185,4635.652875,44.51582784390137,0.0945530679093522,4297.945,6476,1789511877,2026-09-15T22:37:57Z,OANDA:XAUUSD
19.63810375303557,-137.02831675742436,-101.1793639522804,-1.3724108810692044,4635.652875,44.508495412111465,0.0924570639409147,4297.855,6899,1789512053,2026-09-15T22:40:53Z,OANDA:XAUUSD
19.63810375303557,-136.34260247170914,-101.65713169012524,-1.4274863114607366,4635.652875,44.31224645749221,0.0365636247826783,4295.455,7310,1789512238,2026-09-15T22:43:58Z,OANDA:XAUUSD
19.63810375303557,-136.2011739002819,-101.75563297335908,-1.438845618978989,4635.652875,44.27159731352815,0.0250356029562929,4294.96,7669,1789512418,2026-09-15T22:46:58Z,OANDA:XAUUSD
19.63810375303557,-136.02260247170943,-101.8799845744399,-1.4531881789767862,4635.652875,44.22018779083872,0.0104800198421666,4294.335,8100,1789512595,2026-09-15T22:49:55Z,OANDA:XAUUSD
19.63810375303557,-135.854031043139,-101.99735333394678,-1.46672755561471,4635.652875,44.17397997310933,-0.0032604506175719,4293.745,8510,1789512779,2026-09-15T22:52:59Z,OANDA:XAUUSD
19.63810375303557,-135.4697453288527,-102.26484481111316,-1.4975927447299748,4635.652875,44.08641854738688,-0.0345840654791775,4292.4,8814,1789512956,2026-09-15T22:55:56Z,OANDA:XAUUSD
19.63810375303557,-136.24045961456795,-102.70813089096164,-1.5236388336859583,4635.652875,44.01279803249355,-0.0610170044144147,4291.265,9709,1789513134,2026-09-15T22:58:54Z,OANDA:XAUUSD
19.63810375303557,-137.779745328854,-103.742756845036,-1.5891556477559057,4635.652875,43.82869420649173,-0.1275069080797544,4288.41,10776,1789513318,2026-09-15T23:01:58Z,OANDA:XAUUSD
19.63810375303557,-139.83188818599592,-104.89284822428569,-1.65604934758563,4635.652875,43.64230363149731,-0.1953941477240384,4285.495,11555,1789513492,2026-09-15T23:04:52Z,OANDA:XAUUSD
19.63810375303557,-140.82831675742364,-104.64315282988632,-1.6157754391118135,4635.652875,43.75433123048323,-0.1545220703395693,4287.25,12230,1789513674,2026-09-15T23:07:54Z,OANDA:XAUUSD
19.63810375303557,-140.40831675742356,-104.93445592498875,-1.649509140226638,4635.652875,43.66045711586259,-0.1887568018240002,4285.78,12646,1789513858,2026-09-15T23:10:58Z,OANDA:XAUUSD
19.63810375303557,-140.6511739002808,-104.76602935690498,-1.6300032586296258,4635.652875,43.71468888681151,-0.16896120878878,4286.63,13426,1789514036,2026-09-15T23:13:56Z,OANDA:XAUUSD
19.63810375303557,-140.78403104313747,-104.6738738762892,-1.6193323939912614,4635.652875,43.744413905586725,-0.1581318549518667,4287.095,13838,1789514214,2026-09-15T23:16:54Z,OANDA:XAUUSD
19.63810375303557,-140.76260247170922,-104.68873844047802,-1.6210535011909928,4635.652875,43.73961681377825,-0.1598785249255576,4287.02,14193,1789514398,2026-09-15T23:19:58Z,OANDA:XAUUSD
19.63810375303557,-140.73117390028074,-104.71053926069376,-1.6235777917506184,4635.652875,43.73258298197991,-0.1624403075536574,4286.91,14387,1789514572,2026-09-15T23:22:52Z,OANDA:XAUUSD
19.63810375303557,-140.59760247170925,-105.10185371915242,-1.6612126691848244,4635.652875,43.6279825931902,-0.2006341576451111,4285.27,14845,1789514755,2026-09-15T23:25:55Z,OANDA:XAUUSD
19.63810375303557,-142.56974532885306,-105.91354179710513,-1.6991917680590058,4635.652875,43.522931528110725,-0.2391773417313327,4283.615,15563,1789514935,2026-09-15T23:28:55Z,OANDA:XAUUSD
19.63810375303557,-142.73545961456784,-105.79877176428484,-1.685881872381052,4635.652875,43.5596893778724,-0.2256697606014252,4284.195,16108,1789515113,2026-09-15T23:31:53Z,OANDA:XAUUSD
19.63810375303557,-143.66831675742378,-105.15236276743084,-1.610956338952553,4635.652875,43.76777478159152,-0.1496313944132221,4287.46,16797,1789515301,2026-09-15T23:35:01Z,OANDA:XAUUSD
19.63810375303557,-143.3026024717101,-105.40584624371031,-1.6403299018280353,4635.652875,43.68596117788374,-0.1794412286309467,4286.18,17978,1789515475,2026-09-15T23:37:55Z,OANDA:XAUUSD
19.63810375303557,-142.85688818599647,-105.71466171254694,-1.6761289315825458,4635.652875,43.58666345034445,-0.2070386142153394,4284.995,18996,1789515658,2026-09-15T23:40:58Z,OANDA:XAUUSD
19.63810375303557,-142.87403104313944,-105.70278658090648,-1.674752045822748,4635.652875,43.59047424598885,-0.2143746281048497,4284.68,19365,1789515832,2026-09-15T23:43:52Z,OANDA:XAUUSD
19.63810375303557,-143.19403104313915,-105.48108241589958,-1.6490501783066984,4635.652875,43.66173161169715,-0.188291023164338,4285.8,20152,1789516015,2026-09-15T23:46:55Z,OANDA:XAUUSD
19.63810375303557,-143.12688818599509,-105.52760621549332,-1.6544429808658834,4635.652875,43.64676098334872,-0.193763922415263,4285.565,20724,1789516196,2026-09-15T23:49:56Z,OANDA:XAUUSD
19.63810375303557,-142.53545961456712,-105.93728509508266,-1.7019455395785803,4635.652875,43.51533419970275,-0.2419720136892424,4283.495,21464,1789516377,2026-09-15T23:52:57Z,OANDA:XAUUSD
19.63810375303557,-142.6547453288531,-106.37540979509636,-1.7393509360528374,4635.652875,43.41239923815307,-0.2799329744508862,4281.865,22256,1789516559,2026-09-15T23:55:59Z,OANDA:XAUUSD
19.63810375303557,-142.9004596145678,-106.49009026617615,-1.745317441011926,4635.652875,43.39602518184758,-0.2859880970263678,4281.605,23188,1789516735,2026-09-15T23:58:55Z,OANDA:XAUUSD
19.63810375303557,-142.92045961456645,-106.47625046465576,-1.7437110742921584,4635.652875,43.400432366422,-0.2843578717175712,4281.675,24131,1789516921,2026-09-16T00:02:01Z,OANDA:XAUUSD
19.63810375303557,-143.2297453288529,-106.64922934209147,-1.7538082365306191,4635.652875,43.37274492457678,-0.294605002229928,4281.235,24975,1789517099,2026-09-16T00:04:59Z,OANDA:XAUUSD
19.63810375303557,-143.96903104313878,-106.15984140523256,-1.6964379965394314,4635.652875,43.530531509812256,-0.236382669773423,4283.735,26225,1789517279,2026-09-16T00:07:59Z,OANDA:XAUUSD
19.63810375303557,-143.26260247171103,-106.7688081875625,-1.764020139249044,4635.652875,43.34477876056192,-0.3049685774071791,4280.79,26938,1789517454,2026-09-16T00:10:54Z,OANDA:XAUUSD
19.63810375303557,-143.77260247170943,-106.4159454448614,-1.7230577878953393,4635.652875,43.457176015006496,-0.2633978320332379,4282.575,27748,1789517637,2026-09-16T00:13:57Z,OANDA:XAUUSD
19.63810375303557,-144.06974532885306,-106.21027818077546,-1.6991917680590058,4635.652875,43.522931528110725,-0.2391773417313327,4283.615,28619,1789517816,2026-09-16T00:16:56Z,OANDA:XAUUSD
19.63810375303557,-144.6454596145677,-105.8116348103196,-1.652951354626101,4635.652875,43.65090076826443,-0.192250141771382,4285.63,29699,1789518002,2026-09-16T00:20:02Z,OANDA:XAUUSD
19.63810375303557,-144.25974532885357,-106.07873976031912,-1.6839312842213507,4635.652875,43.56508152112531,-0.2236902012979032,4284.28,31003,1789518180,2026-09-16T00:23:00Z,OANDA:XAUUSD
19.63810375303557,-144.2697453288538,-106.07181603660489,-1.6831281008614771,4635.652875,43.56730220344157,-0.2228750886435155,4284.315,31703,1789518355,2026-09-16T00:25:55Z,OANDA:XAUUSD
19.63810375303557,-144.26545961456668,-106.07478335471504,-1.6834723223014112,4635.652875,43.566350454727846,-0.2341702211400699,4283.83,32314,1789518539,2026-09-16T00:28:59Z,OANDA:XAUUSD
19.63810375303557,-143.98545961456784,-106.26862231053266,-1.7059614563779677,4635.652875,43.50425951569146,-0.246047576961202,4283.32,33075,1789518724,2026-09-16T00:32:04Z,OANDA:XAUUSD
19.63810375303557,-143.706173900282,-106.9021997467388,-1.7681507965284162,4635.652875,43.33347684593892,-0.3091605853440543,4280.61,34263,1789518898,2026-09-16T00:34:58Z,OANDA:XAUUSD
19.63810375303557,-144.0076024717091,-106.96938044226708,-1.7688392394083048,4635.652875,43.33159376648765,-0.3098592533335264,4280.58,35126,1789519081,2026-09-16T00:38:01Z,OANDA:XAUUSD
19.63810375303557,-144.25474532885164,-106.79845283921324,-1.7489891363713588,4635.652875,43.38595497741632,-0.2897143263035807,4281.445,35725,1789519250,2026-09-16T00:40:50Z,OANDA:XAUUSD
19.63810375303557,-145.10188818599454,-106.21225602335932,-1.6809480317418064,4635.652875,43.57333091109557,-0.2206626400101624,4284.41,36829,1789519438,2026-09-16T00:43:58Z,OANDA:XAUUSD
19.63810375303557,-144.75903104313875,-106.4495586863394,-1.7084857469375725,4635.652875,43.497301170519165,-0.2486093595892806,4283.21,37508,1789519616,2026-09-16T00:46:56Z,OANDA:XAUUSD
19.63810375303557,-144.8776024717099,-106.36750014057912,-1.6989622870990362,4635.652875,43.52356475855896,-0.2389444524015016,4283.625,38339,1789519797,2026-09-16T00:49:57Z,OANDA:XAUUSD
19.63810375303557,-144.1747453288517,-106.85378633759882,-1.755414603250366,4635.652875,43.36834336107803,-0.2962352275387034,4281.165,39276,1789519977,2026-09-16T00:52:57Z,OANDA:XAUUSD
19.63810375303557,-145.77188818599552,-108.16673909894288,-1.84560062051652,4635.652875,43.1226519160648,-0.387760734160336,4277.235,40541,1789520156,2026-09-16T00:55:56Z,OANDA:XAUUSD
19.63810375303557,-147.15688818599574,-108.49313371404276,-1.8504197206757809,4635.652875,43.10960169235653,-0.3926514100866833,4277.025,42222,1789520335,2026-09-16T00:58:55Z,OANDA:XAUUSD
19.63810375303557,-149.0390310431394,-107.20643991979556,-1.700453913338798,4635.652875,43.51944908998247,-0.2404582330453614,4283.56,45758,1789520518,2026-09-16T01:01:58Z,OANDA:XAUUSD
19.63810375303557,-148.19903104313926,-107.78691402527414,-1.7679213155684466,4635.652875,43.33410457546046,-0.3089276960142232,4280.62,48969,1789520696,2026-09-16T01:04:56Z,OANDA:XAUUSD
19.63810375303557,-148.09331675742396,-107.85993454772976,-1.7764121110871398,4635.652875,43.3108906889526,-0.3175446012177834,4280.25,51247,1789520877,2026-09-16T01:07:57Z,OANDA:XAUUSD
19.63810375303557,-148.2147453288526,-107.77605900625198,-1.7666591702886336,4635.652875,43.337557412940285,-0.3076468047001733,4280.675,53343,1789521062,2026-09-16T01:11:02Z,OANDA:XAUUSD
19.63810375303557,-149.81903104313824,-106.66701915695512,-1.6378056112684307,4635.652875,43.69298001941967,-0.1768794460028681,4286.29,55864,1789521235,2026-09-16T01:13:55Z,OANDA:XAUUSD
19.63810375303557,-150.59188818599614,-106.13214916186335,-1.575731011597967,4635.652875,43.8662921867632,-0.1138828822849314,4288.995,58084,1789521422,2026-09-16T01:17:02Z,OANDA:XAUUSD
19.63810375303557,-150.12331675742462,-106.45647886965702,-1.6133658890321938,4635.652875,43.76105197356067,-0.1520767323764063,4287.355,59342,1789521597,2026-09-16T01:19:57Z,OANDA:XAUUSD
19.63810375303557,-150.5447453288525,-106.1647863394358,-1.5795174474373843,4635.652875,43.855681098619726,-0.1177255562270599,4288.83,60614,1789521782,2026-09-16T01:23:02Z,OANDA:XAUUSD
19.63810375303557,-150.92903104313882,-105.89870184832328,-1.5486522583221196,4635.652875,43.942327472315576,-0.0864019413654542,4290.175,61729,1789521955,2026-09-16T01:25:55Z,OANDA:XAUUSD
19.63810375303557,-151.42045961456645,-105.5582905227254,-1.5091815332081764,4635.652875,44.05363189269244,-0.0463449766353729,4291.895,63059,1789522136,2026-09-16T01:28:56Z,OANDA:XAUUSD
19.63810375303557,-150.5161739002815,-106.18456574518407,-1.5818122570370403,4635.652875,43.84925263417064,-0.1200544495253285,4288.73,64311,1789522317,2026-09-16T01:31:57Z,OANDA:XAUUSD
19.63810375303557,-150.70760247170983,-106.05203361122535,-1.5664370327194004,4635.652875,43.89235936774707,-0.1044508644269835,4289.4,65329,1789522490,2026-09-16T01:34:50Z,OANDA:XAUUSD
19.63810375303557,-150.65760247171056,-106.08665250795056,-1.570452949518767,4635.652875,43.88109197086863,-0.1085264276989219,4289.225,66541,1789522677,2026-09-16T01:37:57Z,OANDA:XAUUSD
19.63810375303557,-150.21760247171005,-106.39122884997973,-1.6057930173533377,4635.652875,43.78218775664174,-0.1443913844921281,4287.685,67959,1789522857,2026-09-16T01:40:57Z,OANDA:XAUUSD
19.63810375303557,-150.55617390028056,-106.15687442881963,-1.5785995235975263,4635.652875,43.85825301219498,-0.1167939989077566,4288.87,69092,1789523037,2026-09-16T01:43:57Z,OANDA:XAUUSD
19.63810375303557,-150.37903104313773,-106.2794995198853,-1.5928273431153384,4635.652875,43.81842221996863,-0.1312331373569673,4288.25,69945,1789523214,2026-09-16T01:46:54Z,OANDA:XAUUSD
19.63810375303557,-149.84760247170925,-106.64725266953651,-1.6355108016687747,4635.652875,43.699362741882815,-0.1745505527045994,4286.39,71250,1789523400,2026-09-16T01:50:00Z,OANDA:XAUUSD
19.63810375303557,-149.92188818599607,-106.59585732558156,-1.6295442967097071,4635.652875,43.715966550826494,-0.1637211988677073,4286.855,73124,1789523580,2026-09-16T01:53:00Z,OANDA:XAUUSD
19.63810375303557,-149.93045961456664,-106.5899268633716,-1.6288558538297977,4635.652875,43.7178831868904,-0.1677967621396457,4286.68,74092,1789523750,2026-09-16T01:55:50Z,OANDA:XAUUSD
19.63810375303557,-148.53331675742447,-107.55596372249138,-1.7410720432525688,4635.652875,43.40767468473178,-0.2816796444245771,4281.79,75750,1789523945,2026-09-16T01:59:05Z,OANDA:XAUUSD
19.63810375303557,-149.14331675742503,-107.13434238545312,-1.6920778583000893,4635.652875,43.54257024392323,-0.2319577725067168,4283.925,77106,1789524122,2026-09-16T02:02:02Z,OANDA:XAUUSD
19.63810375303557,-149.91760247171078,-106.59882253882388,-1.6298885181496408,4635.652875,43.71500829581366,-0.1688447641238645,4286.635,78136,1789524300,2026-09-16T02:05:00Z,OANDA:XAUUSD
19.63810375303557,-149.55617390028056,-106.84884601528738,-1.6589178595851894,4635.652875,43.634346338592366,-0.1983052643468636,4285.37,79032,1789524473,2026-09-16T02:07:53Z,OANDA:XAUUSD
19.63810375303557,-151.42474532885353,-105.5553211293277,-1.5088373117682423,4635.652875,44.05460505096853,-0.0459956426406474,4291.91,80511,1789524659,2026-09-16T02:10:59Z,OANDA:XAUUSD
19.63810375303557,-151.72617390028063,-105.3464438543514,-1.4846270704919546,4635.652875,44.12315853889471,-0.0214258183439955,4292.965,81653,1789524838,2026-09-16T02:13:58Z,OANDA:XAUUSD
19.63810375303557,-151.17045961456645,-105.73148448897334,-1.5292611172050925,4635.652875,43.996938633961456,-0.0667227929951496,4291.02,82978,1789525016,2026-09-16T02:16:56Z,OANDA:XAUUSD
19.63810375303557,-152.02903104313918,-105.13651716307702,-1.4603020887357026,4635.652875,44.19465346110685,0.0032604506175507,4294.025,83988,1789525196,2026-09-16T02:19:56Z,OANDA:XAUUSD
19.63810375303557,-151.82331675742353,-105.27911537355334,-1.4768247178531495,4635.652875,44.14529708749692,-0.0135075811299074,4293.305,85088,1789525374,2026-09-16T02:22:54Z,OANDA:XAUUSD
19.63810375303557,-152.42045961456645,-104.86510845601828,-1.4288631972205132,4635.652875,44.30732244712757,0.0351662888037341,4295.395,86451,1789525556,2026-09-16T02:25:56Z,OANDA:XAUUSD
19.63810375303557,-151.75974532885175,-103.90050449138364,-1.3538229233120502,4635.652875,44.57441761259327,0.1113210996568316,4298.665,88577,1789525740,2026-09-16T02:29:00Z,OANDA:XAUUSD
19.63810375303557,-148.3583167574243,-101.27593768864448,-1.178843691338927,4635.652875,45.18738943530968,0.2888992136491718,4306.29,92040,1789525919,2026-09-16T02:31:59Z,OANDA:XAUUSD
19.63810375303557,-144.07474532885226,-99.57759243717118,-1.1032297150305397,4635.652875,45.44809824823913,0.3656362478268471,4309.585,96986,1789526094,2026-09-16T02:34:54Z,OANDA:XAUUSD
19.63810375303557,-139.8268881859949,-98.44419752371934,-1.07775732847446,4635.652875,45.53536671967866,0.3914869634375277,4310.695,100886,1789526279,2026-09-16T02:37:59Z,OANDA:XAUUSD
19.63810375303557,-140.11117390028085,-98.24530051106468,-1.0549239729579696,4635.652875,45.613356882973605,0.4146594517552142,4311.69,103544,1789526452,2026-09-16T02:40:52Z,OANDA:XAUUSD
19.63810375303557,-140.4097453288523,-98.03635129849708,-1.0309432126416511,4635.652875,45.69502603858056,0.438996386722035,4312.735,106076,1789526640,2026-09-16T02:44:00Z,OANDA:XAUUSD
19.63810375303557,-140.78403104313838,-97.77433189670208,-1.0008812068862596,4635.652875,45.79705974486599,0.4695048889292529,4314.045,108637,1789526818,2026-09-16T02:46:58Z,OANDA:XAUUSD
19.63810375303557,-140.9468881859957,-97.64228709823308,-0.986194425448508,4635.652875,45.84676898271113,0.4858071420170701,4314.745,111168,1789526991,2026-09-16T02:49:51Z,OANDA:XAUUSD
19.63810375303557,-139.88331675742393,-97.50921821707402,-0.9933083352074246,4635.652875,45.82270246158165,0.4771902368135099,4314.375,113208,1789527180,2026-09-16T02:53:00Z,OANDA:XAUUSD
19.63810375303557,-140.49974532885153,-96.94666388207732,-0.932151659376819,4635.652875,46.028901066905135,0.5392552432121435,4317.04,114593,1789527352,2026-09-16T02:55:52Z,OANDA:XAUUSD
19.53139805825927,-135.25903104313875,-94.83579635982602,-0.8378349848313136,4635.652875,46.343844491956894,0.63497275777063,4321.15,117192,1789527535,2026-09-16T02:58:55Z,OANDA:XAUUSD
19.50420491085451,-134.84403104313878,-93.7212919365593,-0.7462720818053618,4635.652875,46.64609605922635,0.7278956003712281,4325.14,120354,1789527719,2026-09-16T03:01:59Z,OANDA:XAUUSD
19.44338538852042,-132.15760247171056,-92.42983978922396,-0.6797226034155921,4635.652875,46.86364943927229,0.7954335060207655,4328.04,122503,1789527896,2026-09-16T03:04:56Z,OANDA:XAUUSD
19.407557719210374,-130.2668881859945,-91.86343189564936,-0.663314714778109,4635.652875,46.91701523764283,0.8120850931033293,4328.755,124621,1789528081,2026-09-16T03:08:01Z,OANDA:XAUUSD
19.407557719210374,-130.3726024717098,-91.78881943068906,-0.6548239192594157,4635.652875,46.94458903964024,0.8207019983068895,4329.125,126977,1789528256,2026-09-16T03:10:56Z,OANDA:XAUUSD
19.31546381185372,-126.61974532885142,-89.47010162740655,-0.5169058623205949,4635.652875,47.38849886693587,0.9606684855323324,4335.135,129231,1789528438,2026-09-16T03:13:58Z,OANDA:XAUUSD
19.26689632230921,-124.84760247170924,-88.05169441940674,-0.4235071116149476,4635.652875,47.68492186278048,1.055454442771516,4339.205,131218,1789528620,2026-09-16T03:17:00Z,OANDA:XAUUSD
19.25703916839108,-123.30188818599528,-88.60074802132503,-0.4994653093632688,4635.652875,47.444105375861454,0.9783680745991152,4335.895,132389,1789528795,2026-09-16T03:19:55Z,OANDA:XAUUSD
19.23527477745456,-122.56045961456584,-87.91386120137025,-0.4521922316105416,4635.652875,47.59423887189002,1.0263432765432634,4337.955,134423,1789528973,2026-09-16T03:22:53Z,OANDA:XAUUSD
19.23527477745456,-122.08188818599592,-88.2533310655283,-0.4906302924046417,4635.652875,47.47222963175335,0.9873343137974008,4336.28,135902,1789529160,2026-09-16T03:26:00Z,OANDA:XAUUSD
19.23527477745456,-121.6690310431386,-88.54606334972472,-0.5237902911195417,4635.652875,47.36651652426494,0.9536818056375478,4334.835,136951,1789529334,2026-09-16T03:28:54Z,OANDA:XAUUSD
19.23527477745456,-120.30331675742308,-89.51359333339698,-0.6334821899826871,4635.652875,47.01376983716739,0.8423607059807161,4330.055,138595,1789529515,2026-09-16T03:31:55Z,OANDA:XAUUSD
19.23527477745456,-120.2704596145668,-89.53685529941376,-0.6361212210222976,4635.652875,47.00522499931611,0.8396824786877007,4329.94,139857,1789529699,2026-09-16T03:34:59Z,OANDA:XAUUSD
19.23527477745456,-119.43045961456664,-90.13130660277898,-0.7035886232519255,4635.652875,46.785834635094304,0.7712130157188601,4327.0,140804,1789529877,2026-09-16T03:37:57Z,OANDA:XAUUSD
19.23527477745456,-119.80188818599528,-89.86851234494848,-0.6737560984565035,4635.652875,46.88306759450092,0.8014886285962469,4328.3,141818,1789530059,2026-09-16T03:40:59Z,OANDA:XAUUSD
19.23527477745456,-119.42474532885171,-90.13534886900216,-0.7040475851718649,4635.652875,46.784335962907406,0.770747237059198,4326.98,142477,1789530239,2026-09-16T03:43:59Z,OANDA:XAUUSD
19.23527477745456,-119.50617390028128,-90.07774450908724,-0.697507377812852,4635.652875,46.80568407552956,0.7773845829592573,4327.265,143409,1789530409,2026-09-16T03:46:49Z,OANDA:XAUUSD
19.23527477745456,-118.72617390028064,-90.62935108972673,-0.7601556798832401,4635.652875,46.60048514263544,0.7138057959167429,4324.535,144434,1789530597,2026-09-16T03:49:57Z,OANDA:XAUUSD
19.23527477745456,-119.00903104313876,-90.42936503640414,-0.7374370648467347,4635.652875,46.675080641830405,0.7368618395695138,4325.525,145382,1789530773,2026-09-16T03:52:53Z,OANDA:XAUUSD
19.23527477745456,-119.30045961456744,-90.22326274501404,-0.71403000693032,4635.652875,46.75171894541641,0.760616551211778,4326.545,146199,1789530961,2026-09-16T03:56:01Z,OANDA:XAUUSD
19.23527477745456,-119.2618881859944,-90.25054425686425,-0.7171279998898492,4635.652875,46.741588291413976,0.7574725452591217,4326.41,147071,1789531134,2026-09-16T03:58:54Z,OANDA:XAUUSD
19.23527477745456,-119.61474532885222,-90.00093178183803,-0.688787101334189,4635.652875,46.83412159620708,0.7862343774926487,4327.645,148092,1789531317,2026-09-16T04:01:57Z,OANDA:XAUUSD
19.23527477745456,-119.68474532885192,-89.95140359652711,-0.683164817815055,4635.652875,46.85244019784904,0.7919401660733836,4327.89,148876,1789531501,2026-09-16T04:05:01Z,OANDA:XAUUSD
19.23527477745456,-119.39045961456576,-90.15960200675032,-0.7068013566914395,4635.652875,46.77534215678625,0.7679525651012883,4326.86,149693,1789531675,2026-09-16T04:07:55Z,OANDA:XAUUSD
19.23527477745456,-119.33474532885155,-90.19901167527956,-0.7112762354107455,4635.652875,46.76072073624896,0.7634112231696877,4326.665,150472,1789531856,2026-09-16T04:10:56Z,OANDA:XAUUSD
19.23527477745456,-119.47188818599534,-90.10199951812328,-0.7002611493324266,4635.652875,46.79669748452033,0.7745899110013477,4327.145,151083,1789532035,2026-09-16T04:13:55Z,OANDA:XAUUSD
19.23527477745456,-119.3818881859952,-90.16566516808535,-0.707489799571328,4635.652875,46.77309323023157,0.7672538971118161,4326.83,152122,1789532218,2026-09-16T04:16:58Z,OANDA:XAUUSD
19.23527477745456,-118.64331675742324,-90.6879227170802,-0.7668106277222171,4635.652875,46.57859439817176,0.7070520053517891,4324.245,152968,1789532397,2026-09-16T04:19:57Z,OANDA:XAUUSD
19.23527477745456,-119.66331675742369,-89.96656563482472,-0.6848859250148074,4635.652875,46.84683380348788,0.7901934960996716,4327.815,154227,1789532578,2026-09-16T04:22:58Z,OANDA:XAUUSD
19.23527477745456,-119.37045961456715,-90.17374930660289,-0.7084077234111861,4635.652875,46.77009436584213,0.7663223397925129,4326.79,154647,1789532757,2026-09-16T04:25:57Z,OANDA:XAUUSD
19.23527477745456,-119.17760247170918,-90.31015594301904,-0.7238976882088111,4635.652875,46.7194375157418,0.7506023100292523,4326.115,154933,1789532933,2026-09-16T04:28:53Z,OANDA:XAUUSD
19.23527477745456,-119.530459614567,-90.06056340093599,-0.6955567896531508,4635.652875,46.81204774091509,0.7793641422627794,4327.35,155310,1789533122,2026-09-16T04:32:02Z,OANDA:XAUUSD
19.23527477745456,-119.29331675742468,-90.22831495205472,-0.7146037093302235,4635.652875,46.74984318916074,0.7600343278872215,4326.52,155797,1789533291,2026-09-16T04:34:51Z,OANDA:XAUUSD
19.23527477745456,-118.86474532885222,-90.53138481933628,-0.7490258533249363,4635.652875,46.63705546149199,0.7251009284133184,4325.02,156218,1789533472,2026-09-16T04:37:52Z,OANDA:XAUUSD
19.23527477745456,-119.11188818599476,-90.35662954862909,-0.7291757502879903,4635.652875,46.702154632309,0.745245855443264,4325.885,156555,1789533654,2026-09-16T04:40:54Z,OANDA:XAUUSD
19.23527477745456,-118.50045961456637,-90.7888974877271,-0.7782846757204547,4635.652875,46.54080955672687,0.6954075388604881,4323.745,156937,1789533839,2026-09-16T04:43:59Z,OANDA:XAUUSD
19.23527477745456,-118.2661739002815,-90.95446654040444,-0.7971021144375576,4635.652875,46.4787265732407,0.679338175102502,4323.055,157404,1789534019,2026-09-16T04:46:59Z,OANDA:XAUUSD
19.23527477745456,-117.8776024717099,-91.22898790265916,-0.8283115249927773,4635.652875,46.37544116035279,0.644637664958409,4321.565,157707,1789534195,2026-09-16T04:49:55Z,OANDA:XAUUSD
19.23527477745456,-117.80331675742308,-91.28145842857332,-0.8342780299518449,4635.652875,46.35565001270249,0.6385825423829485,4321.305,158126,1789534372,2026-09-16T04:52:52Z,OANDA:XAUUSD
19.23527477745456,-117.8447453288518,-91.25219647504557,-0.8309505560323669,4635.652875,46.36668918489846,0.6419594376654149,4321.45,158540,1789534558,2026-09-16T04:55:58Z,OANDA:XAUUSD
19.23527477745456,-118.06188818599549,-91.09880470165582,-0.8135100030750407,4635.652875,46.42447543893933,0.6596590267321975,4322.21,159169,1789534734,2026-09-16T04:58:54Z,OANDA:XAUUSD
19.23527477745456,-118.0861739002812,-91.08164708184609,-0.8115594149153394,4635.652875,46.43093063400537,0.6616385860357195,4322.295,159618,1789534919,2026-09-16T05:01:59Z,OANDA:XAUUSD
19.23527477745456,-118.18045961456664,-91.01503140655412,-0.8039865432365043,4635.652875,46.455977243767,0.6693239339199765,4322.625,160454,1789535099,2026-09-16T05:04:59Z,OANDA:XAUUSD
19.23527477745456,-118.2147453288526,-90.9908060499972,-0.8012327717169299,4635.652875,46.465079295878006,0.6721186058778862,4322.745,161858,1789535277,2026-09-16T05:07:57Z,OANDA:XAUUSD
19.23527477745456,-118.0861739002812,-91.08164708184609,-0.8115594149153394,4635.652875,46.43093063400537,0.6616385860357195,4322.295,162808,1789535459,2026-09-16T05:10:59Z,OANDA:XAUUSD
19.23527477745456,-118.35331675742418,-90.892887220049,-0.7901029451586469,4635.652875,46.50183524971627,0.6834137383744405,4323.23,163214,1789535640,2026-09-16T05:14:00Z,OANDA:XAUUSD
19.23527477745456,-118.31188818599549,-90.9221632683254,-0.793430419078125,4635.652875,46.49085164648535,0.6800368430919742,4323.085,163941,1789535814,2026-09-16T05:16:54Z,OANDA:XAUUSD
19.23527477745456,-118.87617390028026,-90.52330455292488,-0.7481079294850781,4635.652875,46.640069334471285,0.7260324857326217,4325.06,164527,1789535996,2026-09-16T05:19:56Z,OANDA:XAUUSD
19.23527477745456,-118.78760247170976,-90.58592432971314,-0.7552218392439947,4635.652875,46.616702910358505,0.7188129165080057,4324.75,165240,1789536174,2026-09-16T05:22:54Z,OANDA:XAUUSD
19.23527477745456,-118.79617390028034,-90.5798645809165,-0.7545333963641062,4635.652875,46.61896507155654,0.7195115844974778,4324.78,165744,1789536353,2026-09-16T05:25:53Z,OANDA:XAUUSD
19.23527477745456,-118.98045961456592,-90.44956808083604,-0.7397318744463697,4635.652875,46.66755520679349,0.7345329462712663,4325.425,166709,1789536532,2026-09-16T05:28:52Z,OANDA:XAUUSD
19.23527477745456,-119.400459614566,-90.15252825629256,-0.7059981733315454,4635.652875,46.777965664253486,0.7687676777556971,4326.895,168380,1789536717,2026-09-16T05:31:57Z,OANDA:XAUUSD
19.23527477745456,-119.604745328852,-90.00800696870257,-0.6895902846940831,4635.652875,46.83150362221518,0.7854192648382398,4327.61,170375,1789536895,2026-09-16T05:34:55Z,OANDA:XAUUSD
19.23527477745456,-119.63045961456736,-89.9898134955959,-0.687524956054397,4635.652875,46.83823503448816,0.7875152688066773,4327.7,171810,1789537076,2026-09-16T05:37:56Z,OANDA:XAUUSD
19.23527477745456,-120.0676024717086,-89.68045661241109,-0.6524143691797959,4635.652875,46.95240882011296,0.8231473362700525,4329.23,173554,1789537258,2026-09-16T05:40:58Z,OANDA:XAUUSD
19.23527477745456,-120.36760247170967,-89.46807869572656,-0.6283188683834927,4635.652875,47.03048003102374,0.8476007159017888,4330.28,174576,1789537435,2026-09-16T05:43:55Z,OANDA:XAUUSD
19.23527477745456,-120.9661739002804,-89.04415366867428,-0.5802426072708714,4635.652875,47.18556603482454,0.8963910305003461,4332.375,175842,1789537619,2026-09-16T05:46:59Z,OANDA:XAUUSD
19.23527477745456,-119.86617390028005,-89.82301933282864,-0.6685927768573092,4635.652875,46.89986031574017,0.8067286385173197,4328.525,177199,1789537797,2026-09-16T05:49:57Z,OANDA:XAUUSD
19.23527477745456,-120.96331675742294,-89.04617774864005,-0.5804720882308412,4635.652875,47.18482792456836,0.8961581411705148,4332.365,178516,1789537980,2026-09-16T05:53:00Z,OANDA:XAUUSD
19.23527477745456,-120.12045961456715,-89.64304202869373,-0.6481689714204387,4635.652875,46.96618092147143,0.8274557888718432,4329.415,179695,1789538157,2026-09-16T05:55:57Z,OANDA:XAUUSD
19.23527477745456,-119.96903104313787,-89.75022474830935,-0.6603314622985648,4635.652875,46.92670659562963,0.8151126543910701,4328.885,180961,1789538338,2026-09-16T05:58:58Z,OANDA:XAUUSD
19.23527477745456,-120.14760247171034,-89.6238284059418,-0.6459889023007678,4635.652875,46.97325030309882,0.8296682375051964,4329.51,183093,1789538513,2026-09-16T06:01:53Z,OANDA:XAUUSD
19.23527477745456,-118.61045961456692,-90.71114812411932,-0.7694496587618067,4635.652875,46.56990861508445,0.704373778058795,4324.13,185298,1789538695,2026-09-16T06:04:55Z,OANDA:XAUUSD
19.23527477745456,-118.30045961456744,-90.93023921744766,-0.7943483429179831,4635.652875,46.487820893246464,0.6791052857726709,4323.045,187334,1789538873,2026-09-16T06:07:53Z,OANDA:XAUUSD
19.23527477745456,-119.1461739002807,-90.3323828110198,-0.7264219787684157,4635.652875,46.71117318753044,0.7480405274011738,4326.005,189513,1789539053,2026-09-16T06:10:53Z,OANDA:XAUUSD
19.23527477745456,-119.46331675742294,-90.10806314726575,-0.7009495922123359,4635.652875,46.79445036231508,0.7738912430118544,4327.115,191736,1789539235,2026-09-16T06:13:55Z,OANDA:XAUUSD
19.23527477745456,-119.08188818599592,-90.37784479801174,-0.731585300367631,4635.652875,46.694260892045634,0.7428005174800798,4325.78,193593,1789539415,2026-09-16T06:16:55Z,OANDA:XAUUSD
19.23527477745456,-119.25331675742382,-90.25660667966451,-0.7178164427697376,4635.652875,46.73933651145851,0.7567738772696495,4326.38,195794,1789539599,2026-09-16T06:19:59Z,OANDA:XAUUSD
19.23527477745456,-120.17331675742388,-89.60562557052953,-0.6439235736610817,4635.652875,46.97994587371935,0.8317642414736339,4329.6,197951,1789539781,2026-09-16T06:23:01Z,OANDA:XAUUSD
19.23527477745456,-119.35045961456672,-90.18789633837552,-0.7100140901309326,4635.652875,46.76484553996319,0.7646921144837375,4326.72,199709,1789539955,2026-09-16T06:25:55Z,OANDA:XAUUSD
19.23527477745456,-119.20760247170983,-90.28893876982993,-0.7214881381291702,4635.652875,46.72732380179487,0.7530476479924365,4326.22,201194,1789540140,2026-09-16T06:29:00Z,OANDA:XAUUSD
19.23527477745456,-119.43188818599448,-90.13029603280368,-0.7034738827719406,4635.652875,46.78620928995176,0.7713294603837757,4327.005,202581,1789540313,2026-09-16T06:31:53Z,OANDA:XAUUSD
19.23527477745456,-119.030459614567,-90.41421239423128,-0.7357159576469824,4635.652875,46.68072332455007,0.7386085095432259,4325.6,204287,1789540499,2026-09-16T06:34:59Z,OANDA:XAUUSD
19.23527477745456,-119.17760247170918,-90.31015594301904,-0.7238976882088111,4635.652875,46.7194375157418,0.7506023100292523,4326.115,205628,1789540678,2026-09-16T06:37:58Z,OANDA:XAUUSD
19.23527477745456,-119.14331675742324,-90.33440340256846,-0.7266514597283855,4635.652875,46.71042175783568,0.7478076380713427,4325.995,207146,1789540856,2026-09-16T06:40:56Z,OANDA:XAUUSD
19.23527477745456,-119.11760247170967,-90.35258848038546,-0.7287167883680716,4635.652875,46.70365793682496,0.7457116341029051,4325.905,208667,1789541034,2026-09-16T06:43:54Z,OANDA:XAUUSD
19.23527477745456,-119.38474532885266,-90.16364411977804,-0.7072603186113582,4635.652875,46.77384289353285,0.7674867864416473,4326.84,210094,1789541216,2026-09-16T06:46:56Z,OANDA:XAUUSD
19.23527477745456,-119.62617390028026,-89.9928457718985,-0.6878691774943307,4635.652875,46.8371132508108,0.7871659348119519,4327.685,211799,1789541400,2026-09-16T06:50:00Z,OANDA:XAUUSD
19.23527477745456,-120.35903104313728,-89.47414747433075,-0.6290073112633812,4635.652875,47.028252614164685,0.8469020479123167,4330.25,213680,1789541573,2026-09-16T06:52:53Z,OANDA:XAUUSD
19.23527477745456,-120.0861739002812,-89.66731116144949,-0.6509227429400133,4635.652875,46.95724848153892,0.8246611169139335,4329.295,215025,1789541759,2026-09-16T06:55:59Z,OANDA:XAUUSD
19.23527477745456,-120.80331675742308,-89.1595174759003,-0.5933230219888556,4635.652875,47.14346079738997,0.877061216124788,4331.545,216440,1789541931,2026-09-16T06:58:51Z,OANDA:XAUUSD
19.23527477745456,-121.24617390028106,-88.84576722838133,-0.5577534731943358,4635.652875,47.25780089732614,0.9192141848232858,4333.355,218989,1789542121,2026-09-16T07:02:01Z,OANDA:XAUUSD
19.23527477745456,-121.8176024717086,-88.44073344833603,-0.5118572812013854,4635.652875,47.40460758517481,0.9657920507884896,4335.355,220456,1789542297,2026-09-16T07:04:57Z,OANDA:XAUUSD
19.23527477745456,-121.23903104313833,-88.85082876171549,-0.5583271755942393,4635.652875,47.25596062734991,0.9186319614987292,4333.33,223103,1789542476,2026-09-16T07:07:56Z,OANDA:XAUUSD
19.23527477745456,-121.3361739002812,-88.781988970711,-0.5505248229554344,4635.652875,47.28097730116511,0.9265501987128172,4333.67,224589,1789542654,2026-09-16T07:10:54Z,OANDA:XAUUSD
19.23527477745456,-121.09760247170924,-88.95104006227773,-0.569686483112492,4635.652875,47.219496819159,0.9071039396723436,4332.835,225560,1789542843,2026-09-16T07:14:03Z,OANDA:XAUUSD
19.23527477745456,-121.44474532885216,-88.70504287544976,-0.5418045464767713,4635.652875,47.30890904492266,0.9353999932462084,4334.05,226524,1789543020,2026-09-16T07:17:00Z,OANDA:XAUUSD
19.23527477745456,-121.65188818599565,-88.55821584475522,-0.5251671768793393,4635.652875,47.36211785120694,0.9522844696585824,4334.775,228219,1789543193,2026-09-16T07:19:53Z,OANDA:XAUUSD
19.23527477745456,-121.354745328852,-88.76882770032148,-0.5490331967156727,4635.652875,47.28575719874782,0.928063979356677,4333.735,229781,1789543378,2026-09-16T07:22:58Z,OANDA:XAUUSD
19.23527477745456,-121.64760247171034,-88.56125393763834,-0.5255113983192731,4635.652875,47.361018068063565,0.9519351356638568,4334.76,231452,1789543559,2026-09-16T07:25:59Z,OANDA:XAUUSD
19.23527477745456,-121.5490310431378,-88.63112666559202,-0.5334284914380629,4635.652875,47.33571036570909,0.9439004537848532,4334.415,232817,1789543731,2026-09-16T07:28:51Z,OANDA:XAUUSD
19.23527477745456,-121.82903104313846,-88.43263053338087,-0.5109393573615064,4635.652875,47.407535383282486,0.9667236081078142,4335.395,234232,1789543921,2026-09-16T07:32:01Z,OANDA:XAUUSD
19.23527477745456,-121.7990310431378,-88.45390049778906,-0.5133489074411471,4635.652875,47.39984921793644,0.96427827014463,4335.29,235170,1789544098,2026-09-16T07:34:58Z,OANDA:XAUUSD
19.23527477745456,-122.60617390028165,-87.88142616298073,-0.4485205362511089,4635.652875,47.605863835746206,1.0300695058204763,4338.115,236438,1789544272,2026-09-16T07:37:52Z,OANDA:XAUUSD
19.23527477745456,-122.56188818599549,-87.91284762771738,-0.4520774911305567,4635.652875,47.59460223009404,1.026459721208179,4337.96,238226,1789544457,2026-09-16T07:40:57Z,OANDA:XAUUSD
19.23527477745456,-122.00474532885164,-88.30803715722453,-0.4968262783236791,4635.652875,47.45250928149152,0.9810463018921092,4336.01,239585,1789544631,2026-09-16T07:43:51Z,OANDA:XAUUSD
19.23527477745456,-122.02903104313737,-88.29081530089022,-0.4948756901639779,4635.652875,47.45871913671303,0.9830258611956312,4336.095,240495,1789544821,2026-09-16T07:47:01Z,OANDA:XAUUSD
19.23527477745456,-121.73331675742338,-88.50048973343948,-0.5186269695203264,4635.652875,47.38300500286893,0.935050659251462,4334.035,242000,1789545003,2026-09-16T07:50:03Z,OANDA:XAUUSD
19.23527477745456,-120.78760247170976,-89.17064812902338,-0.5945851672686684,4635.652875,47.13939445954203,0.8818354473862197,4331.75,243083,1789545181,2026-09-16T07:53:01Z,OANDA:XAUUSD
19.23527477745456,-120.19331675742433,-89.59146750292769,-0.6423172069413351,4635.652875,46.98515237087587,0.8333944667824092,4329.67,244638,1789545351,2026-09-16T07:55:51Z,OANDA:XAUUSD
19.23527477745456,-120.08045961456628,-89.67135594023608,-0.6513817048599528,4635.652875,46.95575944900354,0.8241953382542713,4329.275,246066,1789545535,2026-09-16T07:58:55Z,OANDA:XAUUSD
19.23527477745456,-119.2018881859949,-90.2929801826438,-0.7219471000491098,4635.652875,46.72582183206477,0.7525818693327744,4326.2,247673,1789545721,2026-09-16T08:02:01Z,OANDA:XAUUSD
19.23527477745456,-119.25617390028128,-90.25458587753454,-0.7175869618097678,4635.652875,46.740087125933584,0.7570067665994806,4326.39,248815,1789545899,2026-09-16T08:04:59Z,OANDA:XAUUSD
19.23527477745456,-119.08760247170903,-90.37380384461434,-0.7311263384476915,4635.652875,46.69576464188575,0.743266296139742,4325.8,249867,1789546079,2026-09-16T08:07:59Z,OANDA:XAUUSD
19.23527477745456,-118.88045961456736,-90.52027443046936,-0.7477637080451444,4635.652875,46.64119944907075,0.7263818197273471,4325.075,251310,1789546251,2026-09-16T08:10:51Z,OANDA:XAUUSD
19.23527477745456,-118.93617390028156,-90.48088171910608,-0.7432888293258175,4635.652875,46.655886583930666,0.7584041025784248,4326.45,252827,1789546440,2026-09-16T08:14:00Z,OANDA:XAUUSD
19.23527477745456,-119.86760247170967,-89.82200834552405,-0.6684780363773243,4635.652875,46.9002333667256,0.851792723838664,4330.46,254013,1789546619,2026-09-16T08:16:59Z,OANDA:XAUUSD
19.23527477745456,-120.27474532885208,-89.53382117101808,-0.635776999582343,4635.652875,47.00633969967364,0.8400318126824475,4329.955,255655,1789546796,2026-09-16T08:19:56Z,OANDA:XAUUSD
19.23527477745456,-121.79331675742468,-88.45795185095645,-0.5138078693610658,4635.652875,47.39838493171826,0.963812491484989,4335.27,260247,1789546975,2026-09-16T08:22:55Z,OANDA:XAUUSD
19.23527477745456,-121.65331675742344,-88.55720314438354,-0.5250524363993545,4635.652875,47.36248443537583,0.9524009143234976,4334.78,263100,1789547155,2026-09-16T08:25:55Z,OANDA:XAUUSD
19.23527477745456,-121.22760247171028,-88.85892714373821,-0.5592450994340975,4635.652875,47.25301592825804,0.917700404179426,4333.29,265230,1789547339,2026-09-16T08:28:59Z,OANDA:XAUUSD
19.23527477745456,-120.1876024717094,-89.59551269248644,-0.6427761688612746,4635.652875,46.983664904603614,0.8329286881227469,4329.65,267837,1789547515,2026-09-16T08:31:55Z,OANDA:XAUUSD
19.23527477745456,-119.74903104313852,-89.90591563430927,-0.6780014962158607,4635.652875,46.869252287082496,0.7971801759944562,4328.115,269304,1789547700,2026-09-16T08:35:00Z,OANDA:XAUUSD
19.23527477745456,-119.5076024717091,-90.0767338666106,-0.6973926373328672,4635.652875,46.806058450939766,0.7775010276241728,4327.27,270877,1789547875,2026-09-16T08:37:55Z,OANDA:XAUUSD
19.23527477745456,-118.69760247170962,-90.64954872184865,-0.7624504894828751,4635.652875,46.59293863692635,0.7114769026184954,4324.435,272140,1789548056,2026-09-16T08:40:56Z,OANDA:XAUUSD
19.23527477745456,-119.98474532885302,-89.73910272856912,-0.6590693170187728,4635.652875,46.93080572035456,0.8163935457050988,4328.94,273629,1789548236,2026-09-16T08:43:56Z,OANDA:XAUUSD
19.23527477745456,-119.75474532885164,-89.90187212578176,-0.6775425342959212,4635.652875,46.87074618028511,0.7976459546541186,4328.135,274851,1789548421,2026-09-16T08:47:01Z,OANDA:XAUUSD
19.23527477745456,-119.09760247170924,-90.36673212353227,-0.7303231550878182,4635.652875,46.69839599996661,0.7440814087941297,4325.835,276716,1789548641,2026-09-16T08:50:41Z,OANDA:XAUUSD
19.23527477745456,-119.56045961456584,-90.03933913324475,-0.693147239573531,4635.652875,46.81990663753764,0.7818094802259425,4327.455,278122,1789548771,2026-09-16T08:52:51Z,OANDA:XAUUSD
19.23527477745456,-120.16617390028114,-89.6106819582015,-0.644497276061006,4635.652875,46.97808616260619,0.8311820181490561,4329.575,279794,1789548958,2026-09-16T08:55:58Z,OANDA:XAUUSD
19.23527477745456,-120.04045961456724,-89.69966877837992,-0.654594438299446,4635.652875,46.94533387996353,0.8209348876367206,4329.135,280941,1789549137,2026-09-16T08:58:57Z,OANDA:XAUUSD
19.23527477745456,-120.6690310431386,-89.25462862013481,-0.6041086271072048,4635.652875,47.10869190936611,0.8721705401984408,4331.335,282271,1789549319,2026-09-16T09:01:59Z,OANDA:XAUUSD
19.23527477745456,-120.26045961456656,-89.54393488440189,-0.6369244043821709,4635.652875,47.00262384943863,0.8388673660333131,4329.905,284064,1789549494,2026-09-16T09:04:54Z,OANDA:XAUUSD
19.23527477745456,-120.68903104313722,-89.2404638979788,-0.6025022603874581,4635.652875,47.113873153086764,0.8738007655072161,4331.405,285577,1789549675,2026-09-16T09:07:55Z,OANDA:XAUUSD
19.23527477745456,-120.7018881859949,-89.23135786333717,-0.6014695960676151,4635.652875,47.11720341661424,0.8748487674914349,4331.45,286963,1789549855,2026-09-16T09:10:55Z,OANDA:XAUUSD
19.23527477745456,-120.74617390028106,-89.19999178328139,-0.5979126411881673,4635.652875,47.12867111466818,0.8784585521037322,4331.605,288001,1789550031,2026-09-16T09:13:51Z,OANDA:XAUUSD
19.23527477745456,-121.28903104313758,-88.81539730837704,-0.554311258794852,4635.652875,47.26883982100876,0.9227075247706888,4333.505,289723,1789550220,2026-09-16T09:17:00Z,OANDA:XAUUSD
19.23527477745456,-120.29188818599503,-89.52168453418338,-0.6344001138225454,4635.652875,47.01079803220754,0.8414291486614128,4330.015,290925,1789550392,2026-09-16T09:19:52Z,OANDA:XAUUSD
19.23527477745456,-119.88045961456736,-89.8129093981921,-0.6674453720574812,4635.652875,46.90359058973361,0.8078930851664541,4328.575,292794,1789550582,2026-09-16T09:23:02Z,OANDA:XAUUSD
19.23527477745456,-119.67188818599608,-89.9605008564505,-0.6841974821348981,4635.652875,46.84907650316324,0.7908921640891649,4327.845,294029,1789550752,2026-09-16T09:25:52Z,OANDA:XAUUSD
19.23527477745456,-120.24903104313852,-89.55202575650551,-0.6378423282220291,4635.652875,46.99965079403637,0.8537722831421859,4330.545,298239,1789550943,2026-09-16T09:29:03Z,OANDA:XAUUSD
19.23527477745456,-121.12045961456715,-88.93484520701905,-0.5678506354327757,4635.652875,47.22539337518432,0.9089670543109502,4332.915,299974,1789551115,2026-09-16T09:31:55Z,OANDA:XAUUSD
19.23527477745456,-121.39045961456576,-88.74351691343597,-0.5461646847161133,4635.652875,47.29494687374335,0.9309750959795025,4333.86,302468,1789551297,2026-09-16T09:34:57Z,OANDA:XAUUSD
19.23527477745456,-121.41188818599583,-88.72833002980205,-0.544443577516361,4635.652875,47.3004591409468,0.9327217659532144,4333.935,304467,1789551473,2026-09-16T09:37:53Z,OANDA:XAUUSD
19.23527477745456,-121.8918881859954,-88.3880629309071,-0.5058907762422968,4635.652875,47.423632448119385,0.9718471733639714,4335.615,306105,1789551660,2026-09-16T09:41:00Z,OANDA:XAUUSD
19.23527477745456,-122.0904596145665,-88.24725236375664,-0.4899418495247324,4635.652875,47.47441986814453,0.988032981786894,4336.31,307836,1789551833,2026-09-16T09:43:53Z,OANDA:XAUUSD
19.23527477745456,-121.11474532885222,-88.93889395374107,-0.5683095973526943,4635.652875,47.22391935969786,0.9085012756513092,4332.895,309445,1789552017,2026-09-16T09:46:57Z,OANDA:XAUUSD
19.23527477745456,-121.58188818599592,-88.60783648210408,-0.5307894603984733,4635.652875,47.34414896992836,0.9465786810778472,4334.53,310566,1789552199,2026-09-16T09:49:59Z,OANDA:XAUUSD
19.23527477745456,-121.77331675742424,-88.47213141411143,-0.5154142360808333,4635.652875,47.39325928787639,0.9621822661761924,4335.2,311498,1789552381,2026-09-16T09:53:01Z,OANDA:XAUUSD
19.23527477745456,-121.8818881859952,-88.39515340905368,-0.5066939596021701,4635.652875,47.42107221059256,0.9710320607095836,4335.58,312537,1789552553,2026-09-16T09:55:53Z,OANDA:XAUUSD
19.23527477745456,-122.8076024717102,-87.73849251513285,-0.4323421285735956,4635.652875,47.65702496428574,1.046488203573209,4338.82,314017,1789552733,2026-09-16T09:58:53Z,OANDA:XAUUSD
19.23527477745456,-122.74903104313852,-87.78005759880878,-0.4370464882528713,4635.652875,47.64215862951139,1.0417139723117772,4338.615,315834,1789552920,2026-09-16T10:02:00Z,OANDA:XAUUSD
19.221020098535696,-122.63974532885186,-87.05893070726864,-0.3755455909823112,4635.652875,47.83584480183792,1.1041283127051575,4341.295,317476,1789553099,2026-09-16T10:04:59Z,OANDA:XAUUSD
19.221020098535696,-122.10117390028064,-87.44138696939847,-0.4188027519356719,4635.652875,47.69976392677508,1.0602286740329476,4339.41,319849,1789553276,2026-09-16T10:07:56Z,OANDA:XAUUSD
19.14116265079245,-119.27831675742436,-84.91375992683395,-0.2471509938820267,4635.652875,48.23561757925719,1.2344298927428217,4346.89,322132,1789553459,2026-09-16T10:10:59Z,OANDA:XAUUSD
19.10782907314493,-115.97688818599636,-85.34206554454286,-0.3436477375472032,4635.652875,47.935738158161705,1.136499929550982,4342.685,324262,1789553640,2026-09-16T10:14:00Z,OANDA:XAUUSD
19.10782907314493,-115.95688818599592,-85.3563042801782,-0.3452541042669707,4635.652875,47.93071670672912,1.1348697042421854,4342.615,325543,1789553817,2026-09-16T10:16:57Z,OANDA:XAUUSD
19.10782907314493,-115.9654596145665,-85.3502019980505,-0.3445656613870613,4635.652875,47.93286887594348,1.1355683722316787,4342.645,326804,1789553994,2026-09-16T10:19:54Z,OANDA:XAUUSD
19.10782907314493,-116.46688818599614,-84.99313194586946,-0.3042917529132658,4635.652875,48.05846189111895,1.1764404496161265,4344.4,327985,1789554178,2026-09-16T10:22:58Z,OANDA:XAUUSD
19.10782907314493,-115.46403104313868,-85.70710190376657,-0.3848395698608778,4635.652875,47.80666702866299,1.0946962948472096,4340.89,328956,1789554356,2026-09-16T10:25:56Z,OANDA:XAUUSD
19.10782907314493,-117.20831675742376,-84.46484451868987,-0.2447414438024069,4635.652875,48.24306145006255,1.2368752307059847,4346.995,330043,1789554540,2026-09-16T10:29:00Z,OANDA:XAUUSD
19.10782907314493,-117.20260247171063,-84.4689175225875,-0.2452004057223255,4635.652875,48.24164373497184,1.2364094520463438,4346.975,331217,1789554708,2026-09-16T10:31:48Z,OANDA:XAUUSD
19.10782907314493,-117.16117390028194,-84.49844613885263,-0.2485278796418244,4635.652875,48.23136297735876,1.2330325567638565,4346.83,332149,1789554897,2026-09-16T10:34:57Z,OANDA:XAUUSD
19.10782907314493,-117.405459614567,-84.32431232750089,-0.2289072575648273,4635.652875,48.29192510526093,1.252944594463992,4347.685,333353,1789555081,2026-09-16T10:38:01Z,OANDA:XAUUSD
19.1004858667131,-117.12331675742462,-84.09920225055151,-0.2142204761270965,4635.652875,48.33716551030041,1.2678495115728436,4348.325,334113,1789555253,2026-09-16T10:40:53Z,OANDA:XAUUSD
19.1004858667131,-116.99474532885324,-84.1908841975096,-0.2245471193255062,4635.652875,48.30536411788924,1.257369491730677,4347.875,334932,1789555432,2026-09-16T10:43:52Z,OANDA:XAUUSD
19.1004858667131,-117.09760247170924,-84.11753953703996,-0.2162858047667827,4635.652875,48.33080836236503,1.2657535076044062,4348.235,335983,1789555620,2026-09-16T10:47:00Z,OANDA:XAUUSD
19.1004858667131,-117.20903104313766,-84.03807472240767,-0.2073360473281498,4635.652875,48.35834471025168,1.2748361914676285,4348.625,336777,1789555795,2026-09-16T10:49:55Z,OANDA:XAUUSD
19.1004858667131,-116.68474532885192,-84.41189345359183,-0.2494458034816826,4635.652875,48.2285261875242,1.232100999444553,4346.79,337693,1789555972,2026-09-16T10:52:52Z,OANDA:XAUUSD
19.1004858667131,-116.47045961456752,-84.56462674221486,-0.266656875479039,4635.652875,48.17527875425751,1.2146342997076014,4346.04,338568,1789556160,2026-09-16T10:56:00Z,OANDA:XAUUSD
19.096385928144663,-117.06188818599549,-83.90459562875338,-0.1982715494095321,4635.652875,48.38620418734391,1.2840353199957664,4349.02,339562,1789556338,2026-09-16T10:58:58Z,OANDA:XAUUSD
19.03927494517043,-113.44474532885216,-83.13688439577882,-0.1956325183699425,4635.652875,48.394309525608016,1.2867135472887603,4349.135,343297,1789556520,2026-09-16T11:02:00Z,OANDA:XAUUSD
19.03927494517043,-113.74474532885324,-82.9226414487006,-0.1715370175736394,4635.652875,48.468197224176194,1.3111669269204969,4350.185,344964,1789556691,2026-09-16T11:04:51Z,OANDA:XAUUSD
19.03927494517043,-113.92474532885352,-82.79406630575788,-0.1570797170958784,4635.652875,48.51242837160404,1.3258389546995175,4350.815,346236,1789556875,2026-09-16T11:07:55Z,OANDA:XAUUSD
19.03927494517043,-113.6918881859965,-82.9603934563875,-0.1757824153329965,4635.652875,48.455194274471154,1.3068584743187062,4350.0,347872,1789557057,2026-09-16T11:10:57Z,OANDA:XAUUSD
19.03927494517043,-113.16045961456804,-83.33984864090725,-0.2184658738864328,4635.652875,48.32409634203132,1.2635410589710745,4348.14,349042,1789557239,2026-09-16T11:13:59Z,OANDA:XAUUSD
19.03927494517043,-112.9790310431381,-83.4693498805597,-0.2330379148441995,4635.652875,48.27918696200394,1.2487525865271167,4347.505,350383,1789557419,2026-09-16T11:16:59Z,OANDA:XAUUSD
19.03927494517043,-112.97331675742498,-83.47342829653208,-0.233496876764139,4635.652875,48.27777122533427,1.2482868078674545,4347.485,351403,1789557590,2026-09-16T11:19:50Z,OANDA:XAUUSD
19.03927494517043,-112.9418881859965,-83.49585918791736,-0.2360211673237438,4635.652875,48.269983288041175,1.245725025239376,4347.375,352514,1789557779,2026-09-16T11:22:59Z,OANDA:XAUUSD
19.03927494517043,-113.25331675742382,-83.27355982676494,-0.2110077426875825,4635.652875,48.3470512983752,1.2711099621904154,4348.465,353706,1789557958,2026-09-16T11:25:58Z,OANDA:XAUUSD
19.03927494517043,-113.36045961456692,-83.1970654527783,-0.2024022066889043,4635.652875,48.37351245823042,1.2798433120588917,4348.84,355180,1789558133,2026-09-16T11:28:53Z,OANDA:XAUUSD
19.03407460682196,-113.17688818599618,-83.02058867396306,-0.1902397158107783,4635.652875,48.41086469448803,1.2921864465396644,4349.37,356873,1789558321,2026-09-16T11:32:01Z,OANDA:XAUUSD
19.03407460682196,-113.7197453288527,-82.63280601350526,-0.146638333417463,4635.652875,48.54432589680066,1.3364354192066208,4351.27,357928,1789558499,2026-09-16T11:34:59Z,OANDA:XAUUSD
19.03407460682196,-113.87688818599509,-82.52051572282603,-0.1340168806194183,4635.652875,48.582830622774566,1.3492443323470351,4351.82,359259,1789558679,2026-09-16T11:37:59Z,OANDA:XAUUSD
19.03407460682196,-113.03117390028184,-83.1246435898766,-0.2019432447689857,4635.652875,48.374922958579845,1.2803090907185324,4348.86,361370,1789558855,2026-09-16T11:40:55Z,OANDA:XAUUSD
19.03407460682196,-113.46117390028212,-82.81753801560558,-0.167406360294288,4635.652875,48.48084244754057,1.315358934857351,4350.365,363254,1789559038,2026-09-16T11:43:58Z,OANDA:XAUUSD
19.03407460682196,-113.25403104313864,-82.96549493333947,-0.18404372989172,4635.652875,48.42987241904227,1.298474458444977,4349.64,364694,1789559219,2026-09-16T11:46:59Z,OANDA:XAUUSD
19.03407460682196,-112.47974532885291,-83.51828940839027,-0.2462330700421686,4635.652875,48.23845359202833,1.2353614500621248,4346.93,366003,1789559399,2026-09-16T11:49:59Z,OANDA:XAUUSD
19.03407460682196,-112.5297453288522,-83.48260465137386,-0.2422171532428021,4635.652875,48.250857495002165,1.2394370133340633,4347.105,367460,1789559573,2026-09-16T11:52:53Z,OANDA:XAUUSD
19.03407460682196,-112.22688818599543,-83.69872631855873,-0.2665421349990541,4635.652875,48.17563409981259,1.214750744372517,4346.045,368919,1789559757,2026-09-16T11:55:57Z,OANDA:XAUUSD
19.03407460682196,-111.23117390028074,-84.40883847030405,-0.3465162495467626,4635.652875,47.92677060104274,1.1335888129281566,4342.56,370074,1789559938,2026-09-16T11:58:58Z,OANDA:XAUUSD
19.03407460682196,-111.0068881859961,-84.56869920383663,-0.3645305049040131,4635.652875,47.87038365043995,1.1153070005367962,4341.775,371254,1789560119,2026-09-16T12:01:59Z,OANDA:XAUUSD
19.03407460682196,-111.35688818599648,-84.3192200867479,-0.3364190873083227,4635.652875,47.958322709418105,1.143835943440492,4343.0,372632,1789560293,2026-09-16T12:04:53Z,OANDA:XAUUSD
19.03407460682196,-112.72688818599543,-83.34188820381962,-0.2263829670052225,4635.652875,48.29970643778508,1.2555063770920705,4347.795,374168,1789560473,2026-09-16T12:07:53Z,OANDA:XAUUSD
19.03407460682196,-112.42260247170908,-83.55906990866362,-0.2508226892414803,4635.652875,48.22427041979111,1.1960031533215156,4345.24,375862,1789560662,2026-09-16T12:11:02Z,OANDA:XAUUSD
19.03407460682196,-111.62403104313944,-84.12874543573787,-0.3149626175516092,4635.652875,48.025244147559846,1.1656110957792345,4343.935,377001,1789560839,2026-09-16T12:13:59Z,OANDA:XAUUSD
19.03407460682196,-112.08688818599605,-83.79861056833509,-0.277786702037322,4635.652875,48.140787058558416,1.2033391672110472,4345.555,378337,1789561021,2026-09-16T12:17:01Z,OANDA:XAUUSD
19.03407460682196,-111.01403104313886,-84.56360862335107,-0.3639568025040887,4635.652875,47.87218129572852,1.115889223861374,4341.8,380660,1789561192,2026-09-16T12:19:52Z,OANDA:XAUUSD
19.03407460682196,-110.2197453288527,-85.12946937452524,-0.4277525093742839,4635.652875,47.67152057192377,1.0511459901697464,4339.02,382583,1789561376,2026-09-16T12:22:56Z,OANDA:XAUUSD
19.03407460682196,-110.55831675742502,-84.88831839755373,-0.4005590156184724,4635.652875,47.75724260600976,1.078743375754118,4340.205,384026,1789561561,2026-09-16T12:26:01Z,OANDA:XAUUSD
19.03407460682196,-110.12403104313944,-85.19762878503448,-0.4354401215331039,4635.652875,47.64723588830758,1.043344197620574,4338.685,384927,1789561739,2026-09-16T12:28:59Z,OANDA:XAUUSD
19.03407460682196,-111.16117390028104,-84.45873497134002,-0.3521385330659173,4635.652875,47.90918522506555,1.1278830243474005,4342.315,386727,1789561922,2026-09-16T12:32:02Z,OANDA:XAUUSD
19.03407460682196,-110.79117390028205,-84.72241844466846,-0.3818563173813335,4635.652875,47.81603629011086,1.0977238561349505,4341.02,388051,1789562099,2026-09-16T12:34:59Z,OANDA:XAUUSD
19.03407460682196,-110.706888185995,-84.78247236260998,-0.3886260057002954,4635.652875,47.79477042765381,1.0908536209050812,4340.725,388729,1789562278,2026-09-16T12:37:58Z,OANDA:XAUUSD
19.03407460682196,-111.38260247171002,-84.30088773356866,-0.3343537586686366,4635.652875,47.96477183997851,1.1459319474089298,4343.09,389978,1789562462,2026-09-16T12:41:02Z,OANDA:XAUUSD
19.03407460682196,-111.3454596145666,-84.32736765534577,-0.3373370111481809,4635.652875,47.955455916015744,1.142904386121189,4342.96,390836,1789562633,2026-09-16T12:43:53Z,OANDA:XAUUSD
19.03407460682196,-111.71403104313777,-84.06456392992924,-0.3077339673127287,4635.652875,48.04775113013401,1.1729471096687447,4344.25,392051,1789562819,2026-09-16T12:46:59Z,OANDA:XAUUSD
19.03407460682196,-112.26403104313886,-83.67222418204638,-0.2635588825195099,4635.652875,48.18487137413284,1.2177783056602578,4346.175,393727,1789562998,2026-09-16T12:49:58Z,OANDA:XAUUSD
19.03407460682196,-111.9654596145674,-83.88523409200553,-0.287539642835828,4635.652875,48.11052461151396,1.193441370693437,4345.13,395274,1789563183,2026-09-16T12:53:03Z,OANDA:XAUUSD
19.03407460682196,-112.08260247171074,-83.80166803955764,-0.2781309234772766,4635.652875,48.13971957313749,1.2029898332163005,4345.54,396877,1789563353,2026-09-16T12:55:53Z,OANDA:XAUUSD
19.03407460682196,-112.15403104313827,-83.7507085580214,-0.2723938994781578,4635.652875,48.15750526127835,1.208812066461951,4345.79,398232,1789563535,2026-09-16T12:58:55Z,OANDA:XAUUSD
19.03407460682196,-112.76545961456668,-83.31435363650986,-0.2232849740456934,4635.652875,48.3092530547242,1.2586503830447269,4347.93,401489,1789563714,2026-09-16T13:01:54Z,OANDA:XAUUSD
19.03407460682196,-112.2611739002814,-83.67426284118726,-0.2637883634794796,4635.652875,48.184160931480406,1.217545416330427,4346.165,404566,1789563898,2026-09-16T13:04:58Z,OANDA:XAUUSD
19.03407460682196,-112.60260247170936,-83.43060382256664,-0.2363653887636984,4635.652875,48.26892111487639,1.2453756912446294,4347.36,407366,1789564073,2026-09-16T13:07:53Z,OANDA:XAUUSD
19.03407460682196,-113.47974532885291,-82.80427148722235,-0.1659147340545055,4635.652875,48.48540725318671,1.316872715501232,4350.43,409383,1789564258,2026-09-16T13:10:58Z,OANDA:XAUUSD
18.99824876333838,-112.4983167574228,-81.3731717052349,-0.0584029043110309,4635.652875,48.81230756070087,1.4259813665247103,4355.115,411080,1789564437,2026-09-16T13:13:57Z,OANDA:XAUUSD
18.93119530009822,-109.12831675742382,-79.73442926382523,0.0243249817562728,4635.652875,49.061039075014605,1.5099379699270017,4358.72,412919,1789564611,2026-09-16T13:16:51Z,OANDA:XAUUSD
18.93119530009822,-107.88117390028128,-80.62845268590132,-0.0758434572683571,4635.652875,48.75956005773463,1.408281777457928,4354.355,414609,1789564797,2026-09-16T13:19:57Z,OANDA:XAUUSD
18.93119530009822,-108.05831675742412,-80.50153132663613,-0.0616156377505241,4635.652875,48.8025990768402,1.4135217873790218,4354.58,417263,1789564977,2026-09-16T13:22:57Z,OANDA:XAUUSD
18.93119530009822,-107.62974532885346,-80.80856232709554,-0.0960377817452369,4635.652875,48.69834802759936,1.3877875164332567,4353.475,419086,1789565158,2026-09-16T13:25:58Z,OANDA:XAUUSD
18.93119530009822,-107.92831675742492,-80.59467732092496,-0.0720570214289186,4635.652875,48.77102105490447,1.4121244514000777,4354.52,421049,1789565333,2026-09-16T13:28:53Z,OANDA:XAUUSD
18.93119530009822,-107.38117390028128,-80.98658283120895,-0.1160026252621886,4635.652875,48.63768765388812,1.3675261447383742,4352.605,423447,1789565520,2026-09-16T13:32:00Z,OANDA:XAUUSD
18.93119530009822,-106.31831675742433,-81.74729838101398,-0.2013695423690613,4635.652875,48.37668597563611,1.28089131404311,4348.885,427007,1789565704,2026-09-16T13:35:04Z,OANDA:XAUUSD
18.93119530009822,-105.97260247170924,-81.99456941237759,-0.2291367385247971,4635.652875,48.29121759524574,1.252711705134161,4347.675,431176,1789565878,2026-09-16T13:37:58Z,OANDA:XAUUSD
18.93119530009822,-105.00117390028026,-82.68894485794063,-0.3071602649128252,4635.652875,48.04953656371047,1.1735293329933012,4344.275,434973,1789566056,2026-09-16T13:40:56Z,OANDA:XAUUSD
18.93119530009822,-104.90260247170954,-82.75936765043998,-0.3150773580315941,4635.652875,48.0248867366394,1.1654946511143187,4343.93,439222,1789566238,2026-09-16T13:43:58Z,OANDA:XAUUSD
18.93119530009822,-104.99260247170967,-82.69506884142531,-0.3078487077927136,4635.652875,48.04739402869178,1.1728306650038292,4344.245,442863,1789566420,2026-09-16T13:47:00Z,OANDA:XAUUSD
18.93119530009822,-104.49688818599498,-83.04915420585152,-0.3476636543465905,4635.652875,47.92318271317437,1.1324243662790223,4342.51,445748,1789566593,2026-09-16T13:49:53Z,OANDA:XAUUSD
18.93119530009822,-103.3826024717091,-83.8444713275663,-0.4371612287328562,4635.652875,47.64179593048479,1.041597527646862,4338.61,449083,1789566775,2026-09-16T13:52:55Z,OANDA:XAUUSD
18.93119530009822,-103.11688818599578,-84.03399937663225,-0.4585029580095639,4635.652875,47.57424640801479,1.0199388199730564,4337.68,452460,1789566957,2026-09-16T13:55:57Z,OANDA:XAUUSD
18.93119530009822,-103.15117390028172,-84.00954683671887,-0.4557491864899894,4635.652875,47.58297226780223,1.022733491930966,4337.8,455216,1789567136,2026-09-16T13:58:56Z,OANDA:XAUUSD
18.93119530009822,-102.71260247170903,-84.32227543535114,-0.4909745138445754,4635.652875,47.47113444505927,0.9869849798026754,4336.265,458280,1789567320,2026-09-16T14:02:00Z,OANDA:XAUUSD
18.93119530009822,-100.80403104313882,-85.68168730774474,-0.6442677951010363,4635.652875,46.97883006270656,0.8314149074788872,4329.585,461945,1789567496,2026-09-16T14:04:56Z,OANDA:XAUUSD
18.93119530009822,-99.65688818599484,-86.49757326672108,-0.7364044005268916,4635.652875,46.67846639477026,0.7379098415537325,4325.57,465638,1789567683,2026-09-16T14:08:03Z,OANDA:XAUUSD
18.93119530009822,-101.405459614567,-85.25357590506144,-0.595962053028466,4635.652875,47.13495774099479,0.8804381114072544,4331.69,468553,1789567854,2026-09-16T14:10:54Z,OANDA:XAUUSD
18.93119530009822,-103.44403104313824,-83.80064888386917,-0.4322273880936107,4635.652875,47.65738745235272,1.0466046482381246,4338.825,471662,1789568034,2026-09-16T14:13:54Z,OANDA:XAUUSD
18.93119530009822,-103.6368881859962,-83.66305014731682,-0.4167374232959858,4635.652875,47.70627729497564,1.062324678001385,4339.5,474944,1789568217,2026-09-16T14:16:57Z,OANDA:XAUUSD
18.93119530009822,-101.74688818599498,-85.01042985961877,-0.568539078312664,4635.652875,47.2231823210768,0.908268386321478,4332.885,477833,1789568396,2026-09-16T14:19:56Z,OANDA:XAUUSD
18.93119530009822,-102.405459614567,-84.54120965839131,-0.515643717040803,4635.652875,47.39252697149676,0.9619493768463612,4335.19,479867,1789568575,2026-09-16T14:22:55Z,OANDA:XAUUSD
18.93119530009822,-101.7097453288534,-85.03688471988688,-0.5715223307922084,4635.652875,47.21359894533103,0.9052408250337372,4332.755,481316,1789568757,2026-09-16T14:25:57Z,OANDA:XAUUSD
18.93119530009822,-102.80831675742412,-84.2540363493392,-0.4832869016857554,4635.652875,47.49558274035832,0.994786772351848,4336.6,483172,1789568931,2026-09-16T14:28:51Z,OANDA:XAUUSD
18.93119530009822,-102.50831675742484,-84.46789927368829,-0.5073824024820586,4635.652875,47.41887752281764,0.9703333927201117,4335.55,484791,1789569122,2026-09-16T14:32:02Z,OANDA:XAUUSD
18.93119530009822,-102.47688818599454,-84.49030042988494,-0.5099066930416842,4635.652875,47.41082876655359,0.9677716100920116,4335.44,486324,1789569304,2026-09-16T14:35:04Z,OANDA:XAUUSD
18.93119530009822,-103.7111739002812,-83.61004241550924,-0.4107709183368973,4635.652875,47.725084582222095,1.0683798005768668,4339.76,487755,1789569472,2026-09-16T14:37:52Z,OANDA:XAUUSD
18.93119530009822,-104.3126024717094,-83.18074564329079,-0.362465176264327,4635.652875,47.87685459330182,1.117403004505234,4341.865,489119,1789569660,2026-09-16T14:41:00Z,OANDA:XAUUSD
18.93119530009822,-104.65260247170954,-82.9379465456558,-0.3351569420285099,4635.652875,47.962264034701136,1.1451168347545422,4343.055,490590,1789569838,2026-09-16T14:43:58Z,OANDA:XAUUSD
18.93119530009822,-106.07974532885235,-81.91794453721955,-0.2205312025261189,4635.652875,48.31773597715053,1.2614450550026366,4348.05,492799,1789570020,2026-09-16T14:47:00Z,OANDA:XAUUSD
18.93119530009822,-106.60117390028064,-81.54492512724663,-0.1786509273325559,4635.652875,48.44640478219936,1.3039473576958809,4349.875,494872,1789570199,2026-09-16T14:49:59Z,OANDA:XAUUSD
18.93119530009822,-107.43831675742332,-80.94566231158038,-0.1114130060628769,4635.652875,48.6516452622203,1.3721839313349118,4352.805,497478,1789570375,2026-09-16T14:52:55Z,OANDA:XAUUSD
18.93119530009822,-106.48974532885222,-81.62465443564591,-0.1876006847711887,4635.652875,48.41896228992606,1.2948646738326586,4349.485,500068,1789570560,2026-09-16T14:56:00Z,OANDA:XAUUSD
18.93119530009822,-107.41260247170976,-80.9640768212689,-0.113478334702563,4635.652875,48.64536527734148,1.370087927366474,4352.715,503203,1789570743,2026-09-16T14:59:03Z,OANDA:XAUUSD
18.93119530009822,-107.99974532885244,-80.54349963241978,-0.0663199974297999,4635.652875,48.78837643639445,1.4179466846457278,4354.77,506651,1789570921,2026-09-16T15:02:01Z,OANDA:XAUUSD
18.93119530009822,-107.12260247170887,-81.17172032146631,-0.1367706521389928,4635.652875,48.5744345074058,1.3464496603891254,4351.7,509037,1789571095,2026-09-16T15:04:55Z,OANDA:XAUUSD
18.93119530009822,-107.97831675742418,-80.55885330498141,-0.0680411046295522,4635.652875,48.783171056802686,1.4162000146720155,4354.695,511344,1789571280,2026-09-16T15:08:00Z,OANDA:XAUUSD
18.93119530009822,-108.87117390028106,-79.91885103587796,0.0036716953594326,4635.652875,48.999169126605125,1.4889779302426471,4357.82,515551,1789571459,2026-09-16T15:10:59Z,OANDA:XAUUSD
18.93119530009822,-107.77688818599565,-80.7031624934002,-0.0842195123070655,4635.652875,48.73418871453481,1.3997813169192832,4353.99,518169,1789571636,2026-09-16T15:13:56Z,OANDA:XAUUSD
18.93119530009822,-108.06117390028156,-80.49948403224646,-0.0613861567905752,4635.652875,48.80329266210203,1.4229538052369697,4354.985,520486,1789571820,2026-09-16T15:17:00Z,OANDA:XAUUSD
18.93119530009822,-107.80545961456664,-80.68269479182435,-0.0819247027074096,4635.652875,48.741142265943004,1.4021102102175518,4354.09,522473,1789571997,2026-09-16T15:19:57Z,OANDA:XAUUSD
18.93119530009822,-107.1326024717091,-81.16456115625562,-0.1359674687791195,4635.652875,48.576883657626944,1.3472647730435132,4351.735,524639,1789572184,2026-09-16T15:23:04Z,OANDA:XAUUSD
18.93119530009822,-106.24831675742462,-81.79737223217344,-0.2069918258881952,4635.652875,48.35940321443148,1.2751855254623752,4348.64,526599,1789572366,2026-09-16T15:26:06Z,OANDA:XAUUSD
18.93119530009822,-105.77403104313817,-82.1365601699022,-0.2450856652423615,4635.652875,48.24199817102574,1.236525896711238,4346.98,527948,1789572542,2026-09-16T15:29:02Z,OANDA:XAUUSD
18.93119530009822,-105.34831675742316,-82.44088151541433,-0.2792783282771045,4635.652875,48.1361609709853,1.201825386567166,4345.49,530799,1789572718,2026-09-16T15:31:58Z,OANDA:XAUUSD
18.93119530009822,-106.0440310431386,-81.94348703131496,-0.2233997145256783,4635.652875,48.30889953919068,1.258533938379811,4347.925,533506,1789572894,2026-09-16T15:34:54Z,OANDA:XAUUSD
18.93119530009822,-107.06688818599469,-81.21160584990264,-0.1412455308582988,4635.652875,48.56078497005689,1.341908318457525,4351.505,535822,1789573076,2026-09-16T15:37:56Z,OANDA:XAUUSD
18.93119530009822,-106.80260247170918,-81.40077758323844,-0.1624725196550425,4635.652875,48.49593833339342,1.3203660554486136,4350.58,537535,1789573259,2026-09-16T15:40:59Z,OANDA:XAUUSD
18.93119530009822,-106.62974532885346,-81.52448035112309,-0.1763561177329,4635.652875,48.45343661579155,1.3062762509941497,4349.975,538467,1789573439,2026-09-16T15:43:59Z,OANDA:XAUUSD
18.93119530009822,-106.87545961456637,-81.34863229506043,-0.1566207551759388,4635.652875,48.513831291555405,1.3263047333591798,4350.835,539818,1789573613,2026-09-16T15:46:53Z,OANDA:XAUUSD
18.914987797411428,-106.37474532885336,-80.71748955274373,-0.1104950822230187,4635.652875,48.65443587362751,1.373115488654215,4352.845,546266,1789573799,2026-09-16T15:49:59Z,OANDA:XAUUSD
18.914987797411428,-106.27760247171044,-80.78707424064561,-0.1182974348618236,4635.652875,48.63070600384738,1.3651972514401267,4352.505,547998,1789573978,2026-09-16T15:52:58Z,OANDA:XAUUSD
18.914987797411428,-106.08474532885248,-80.92520121581842,-0.1337873996594485,4635.652875,48.58353017530319,1.3494772216768662,4351.83,549675,1789574155,2026-09-16T15:55:55Z,OANDA:XAUUSD
18.914987797411428,-106.61045961456784,-80.54861755813319,-0.0915629030259309,4635.652875,48.71192466672909,1.3923288583648572,4353.67,551418,1789574342,2026-09-16T15:59:02Z,OANDA:XAUUSD
18.914987797411428,-105.90617390028184,-81.05307392155463,-0.1481299596572455,4635.652875,48.539771527430055,1.3349216385627398,4351.205,552976,1789574516,2026-09-16T16:01:56Z,OANDA:XAUUSD
18.914987797411428,-105.17474532885262,-81.57661343018654,-0.2068770854082103,4635.652875,48.35975603951536,1.2753019701272907,4348.645,554724,1789574703,2026-09-16T16:05:03Z,OANDA:XAUUSD
18.914987797411428,-104.84188818599524,-81.81474401247056,-0.2336116172441239,4635.652875,48.27741727905662,1.2481703632025392,4347.48,556470,1789574875,2026-09-16T16:07:55Z,OANDA:XAUUSD
18.914987797411428,-105.57331675742444,-81.2913705528466,-0.1748644914931383,4635.652875,48.45800627904896,1.307790031638009,4350.04,558153,1789575060,2026-09-16T16:11:00Z,OANDA:XAUUSD
18.914987797411428,-105.72331675742409,-81.18399301735377,-0.1628167410949972,4635.652875,48.49488541913399,1.320016721453867,4350.565,559786,1789575237,2026-09-16T16:13:57Z,OANDA:XAUUSD
18.914987797411428,-105.99331675742452,-80.99067476057104,-0.1411307903783139,4635.652875,48.56113504870649,1.3420247631224405,4351.51,561435,1789575414,2026-09-16T16:16:54Z,OANDA:XAUUSD
18.914987797411428,-105.3176024717095,-81.47438829698021,-0.1954030374099727,4635.652875,48.39501421732566,1.2869464366185916,4349.145,562742,1789575599,2026-09-16T16:19:59Z,OANDA:XAUUSD
18.914987797411428,-104.79760247170908,-81.84642092999255,-0.2371685721235717,4635.652875,48.26644254118677,1.2445605785902416,4347.325,563860,1789575780,2026-09-16T16:23:00Z,OANDA:XAUUSD
18.914987797411428,-104.9647453288535,-81.72685911462227,-0.2237439359656329,4635.652875,48.307838963577,1.2581846043850646,4347.91,564617,1789575959,2026-09-16T16:25:59Z,OANDA:XAUUSD
18.914987797411428,-104.08617390028212,-82.3551121481979,-0.2943093311547899,4635.652875,48.08949813827709,1.1865711354635675,4344.835,566277,1789576143,2026-09-16T16:29:03Z,OANDA:XAUUSD
18.914987797411428,-104.71617390028132,-81.90466209682424,-0.2437087794825638,4635.652875,48.24625102507021,1.2379232326902034,4347.04,567619,1789576321,2026-09-16T16:32:01Z,OANDA:XAUUSD
18.914987797411428,-105.03045961456792,-81.67984669020284,-0.2184658738864328,4635.652875,48.32409634203132,1.2635410589710745,4348.14,568654,1789576495,2026-09-16T16:34:55Z,OANDA:XAUUSD
18.914987797411428,-104.46760247170914,-82.08242297724138,-0.2636736229994947,4635.652875,48.18451615524184,1.2176618609953422,4346.17,569920,1789576681,2026-09-16T16:38:01Z,OANDA:XAUUSD
18.914987797411428,-104.70903104313857,-81.9097707555577,-0.2442824818824673,4635.652875,48.244479087490085,1.237341009365647,4347.015,571330,1789576859,2026-09-16T16:40:59Z,OANDA:XAUUSD
18.914987797411428,-104.84760247171016,-81.8106565709162,-0.2331526553241844,4635.652875,48.27883303510247,1.2486361418622012,4347.5,572423,1789577035,2026-09-16T16:43:55Z,OANDA:XAUUSD
18.914987797411428,-104.97760247170936,-81.71766126320931,-0.2227112716457898,4635.652875,48.311020559863415,1.2592326063692836,4347.955,573626,1789577220,2026-09-16T16:47:00Z,OANDA:XAUUSD
18.914987797411428,-104.83331675742464,-81.8208751330758,-0.2343000601240123,4635.652875,48.27529349965714,1.247471695213067,4347.45,574532,1789577400,2026-09-16T16:50:00Z,OANDA:XAUUSD
18.914987797411428,-104.03617390028104,-82.39085057580795,-0.2983252479541772,4635.652875,48.07701675198655,1.1824955721916082,4344.66,575356,1789577571,2026-09-16T16:52:51Z,OANDA:XAUUSD
18.914987797411428,-104.4418881859956,-82.10080963147855,-0.2657389516391808,4635.652875,48.17812138226117,1.2155658570269048,4346.08,576213,1789577755,2026-09-16T16:55:55Z,OANDA:XAUUSD
18.914987797411428,-104.67903104313793,-81.93122674261085,-0.2466920319621081,4635.652875,48.23703562448792,1.2348956714024628,4346.91,577121,1789577938,2026-09-16T16:58:58Z,OANDA:XAUUSD
18.914987797411428,-103.79474532885342,-82.5633921805773,-0.3177163890712046,4635.652875,48.01666492855955,1.1628164238213037,4343.815,578657,1789578112,2026-09-16T17:01:52Z,OANDA:XAUUSD
18.914987797411428,-104.11474532885312,-82.33468942542994,-0.2920145215551341,4635.652875,48.096627665229406,1.1889000287618363,4344.935,579787,1789578297,2026-09-16T17:04:57Z,OANDA:XAUUSD
18.914987797411428,-103.7061739002811,-82.62668152182928,-0.3248302988301002,4635.652875,47.99448883151543,1.1555968545967088,4343.505,580346,1789578477,2026-09-16T17:07:57Z,OANDA:XAUUSD
18.914987797411428,-103.35045961456764,-82.88080592383149,-0.3534006783457093,4635.652875,47.905235855024976,1.1266021330333718,4342.26,581234,1789578655,2026-09-16T17:10:55Z,OANDA:XAUUSD
18.914987797411428,-103.33331675742464,-82.89305070917938,-0.354777564105507,4635.652875,47.90092676829168,1.1252047970544066,4342.2,582409,1789578837,2026-09-16T17:13:57Z,OANDA:XAUUSD
18.914987797411428,-104.0618881859964,-82.37247102560022,-0.2962599193144911,4635.652875,48.083436500202765,1.1845915761600456,4344.75,583563,1789579019,2026-09-16T17:16:59Z,OANDA:XAUUSD
18.914987797411428,-104.07760247170972,-82.36123885665863,-0.2949977740346783,4635.652875,48.08735889823981,1.1858724674740957,4344.805,584309,1789579192,2026-09-16T17:19:52Z,OANDA:XAUUSD
18.914987797411428,-103.75760247171002,-82.58993352197555,-0.320699641550728,4635.652875,48.007367577944834,1.159788862533584,4343.685,584861,1789579377,2026-09-16T17:22:57Z,OANDA:XAUUSD
18.914987797411428,-104.0804596145672,-82.3591966260623,-0.2947682930747294,4635.652875,48.08807199784269,1.1861053568039055,4344.815,585645,1789579555,2026-09-16T17:25:55Z,OANDA:XAUUSD
18.914987797411428,-104.57760247170972,-82.00376387182091,-0.2548386060408468,4635.652875,48.21185376654681,1.2266281001936492,4346.555,586591,1789579739,2026-09-16T17:28:59Z,OANDA:XAUUSD
18.914987797411428,-104.6547453288522,-81.94859542584602,-0.2486426201218093,4635.652875,48.23100839563084,1.2329161120989407,4346.825,587732,1789579919,2026-09-16T17:31:59Z,OANDA:XAUUSD
18.914987797411428,-105.50331675742471,-81.34147481604666,-0.1804867750122722,4635.652875,48.440777933836905,1.3020842430572743,4349.795,588652,1789580087,2026-09-16T17:34:47Z,OANDA:XAUUSD
18.914987797411428,-104.69045961456776,-81.92305310556617,-0.2457741081222499,4635.652875,48.23987148188469,1.235827228721766,4346.95,590462,1789580276,2026-09-16T17:37:56Z,OANDA:XAUUSD
18.914987797411428,-104.01760247171023,-82.40412441546827,-0.2998168741939389,4635.652875,48.07237927968247,1.1809817915477483,4344.595,592179,1789580454,2026-09-16T17:40:54Z,OANDA:XAUUSD
18.914987797411428,-103.95331675742364,-82.45007050910179,-0.3049801957931542,4635.652875,48.05632009224683,1.1757417816266544,4344.37,593179,1789580642,2026-09-16T17:44:02Z,OANDA:XAUUSD
18.914987797411428,-103.96760247170914,-82.43986050917114,-0.3038327909933263,4635.652875,48.05988965891086,1.1769062282757887,4344.42,594335,1789580822,2026-09-16T17:47:02Z,OANDA:XAUUSD
18.914987797411428,-104.13474532885355,-82.32039318881544,-0.2904081548353874,4635.652875,48.10161716897395,1.1905302540706115,4345.005,595336,1789580999,2026-09-16T17:49:59Z,OANDA:XAUUSD
18.914987797411428,-104.16188818599494,-82.30099071781792,-0.2882280857157165,4635.652875,48.10838710416999,1.192742702703965,4345.1,596483,1789581183,2026-09-16T17:53:03Z,OANDA:XAUUSD
18.914987797411428,-105.43045961456755,-81.3936206011985,-0.1863385394913759,4635.652875,48.422834154422056,1.2961455651467086,4349.54,598025,1789581360,2026-09-16T17:56:00Z,OANDA:XAUUSD
18.914987797411428,-106.84617390028052,-80.3797076017823,-0.072630723828843,4635.652875,48.769284869751104,1.4115422280754997,4354.495,600595,1789581531,2026-09-16T17:58:51Z,OANDA:XAUUSD
18.828113327485017,-93.04617390028125,-84.87508846089656,-0.7119646782906339,4635.652875,46.75847057388689,0.7627125551802155,4326.635,607593,1789581721,2026-09-16T18:02:01Z,OANDA:XAUUSD
18.828113327485017,-93.55617390028146,-84.51168272709093,-0.6710023269369291,4635.652875,46.89202503403048,0.8042833005541566,4328.42,620569,1789581900,2026-09-16T18:05:00Z,OANDA:XAUUSD
18.828113327485017,-96.91331675742458,-82.11511005117958,-0.4013621989783458,4635.652875,47.754714756873845,1.0779282630997302,4340.17,631779,1789582079,2026-09-16T18:07:59Z,OANDA:XAUUSD
18.828113327485017,-93.46760247170914,-84.57480785477364,-0.6781162366958455,4635.652875,46.868878800655054,0.7970637313295408,4328.11,641461,1789582255,2026-09-16T18:10:55Z,OANDA:XAUUSD
18.828113327485017,-88.76045961456748,-87.92196974112886,-1.0561861182377614,4635.652875,45.60905170127562,0.4133785604411855,4311.635,652069,1789582440,2026-09-16T18:14:00Z,OANDA:XAUUSD
18.828113327485017,-88.77331675742334,-87.91284762771738,-1.0551534539179184,4635.652875,45.61257417335813,0.4144265624254042,4311.68,660565,1789582616,2026-09-16T18:16:56Z,OANDA:XAUUSD
18.828113327485017,-89.85474532885291,-87.14517797386468,-0.9682949105712632,4635.652875,45.907228979150574,0.5025751737645495,4315.465,669169,1789582792,2026-09-16T18:19:52Z,OANDA:XAUUSD
18.828113327485017,-91.10617390028074,-86.25584672312144,-0.8677822501066995,4635.652875,46.24424320377493,0.6045807002283488,4319.845,677184,1789582973,2026-09-16T18:22:53Z,OANDA:XAUUSD
18.828113327485017,-89.36474532885313,-87.49311007139832,-1.0076508952052214,4635.652875,45.77411615280292,0.4626346536993836,4313.75,685880,1789583160,2026-09-16T18:26:00Z,OANDA:XAUUSD
18.828113327485017,-89.25188818599509,-87.57322310941973,-1.0167153931238393,4635.652875,45.74336463865358,0.4534355251712457,4313.355,693584,1789583338,2026-09-16T18:28:58Z,OANDA:XAUUSD
18.828113327485017,-87.72045961456661,-88.6594789528483,-1.1397171876649386,4635.652875,45.32260372985893,0.3286068443845066,4307.995,702292,1789583516,2026-09-16T18:31:56Z,OANDA:XAUUSD
18.828113327485017,-80.25903104313784,-93.92944603120752,-1.7390067146128827,4635.652875,43.41334427225456,-0.2795836404561395,4281.88,713616,1789583695,2026-09-16T18:34:55Z,OANDA:XAUUSD
18.828113327485017,-89.8776024717099,-99.1583881126068,-2.033086564807724,4635.652875,42.620694094209135,-0.5780313166281961,4269.065,724408,1789583877,2026-09-16T18:37:57Z,OANDA:XAUUSD
18.828113327485017,-95.52331675742424,-95.2022433260046,-1.5796321879173694,4635.652875,43.85535963063184,-0.1178420008919754,4288.825,734989,1789584055,2026-09-16T18:40:55Z,OANDA:XAUUSD
18.828113327485017,-101.28617390028012,-91.14220162596818,-1.1167690916684634,4635.652875,45.40159837735339,0.3518957773671086,4308.995,743806,1789584239,2026-09-16T18:43:59Z,OANDA:XAUUSD
18.828113327485017,-100.27331675742424,-91.85738251441892,-1.1981200919759696,4635.652875,45.12052739683072,0.2693365099437828,4305.45,754285,1789584422,2026-09-16T18:47:02Z,OANDA:XAUUSD
18.828113327485017,-96.6690310431386,-94.39682651085904,-1.487610322971499,4635.652875,44.11469966669446,-0.0244533796317363,4292.835,764799,1789584600,2026-09-16T18:50:00Z,OANDA:XAUUSD
18.828113327485017,-91.76474532885186,-97.8383451685951,-1.8815143907509944,4635.652875,43.02558621634643,-0.4242079142780988,4275.67,774588,1789584775,2026-09-16T18:52:55Z,OANDA:XAUUSD
18.828113327485017,-90.18331675742412,-98.94470242027874,-2.0085321020914813,4635.652875,42.68576795675272,-0.5531121583367975,4270.135,784803,1789584952,2026-09-16T18:55:52Z,OANDA:XAUUSD
18.828113327485017,-94.50831675742484,-100.60663224069856,-2.080015421120496,4635.652875,42.4968743194696,-0.6256571845775977,4267.02,795639,1789585140,2026-09-16T18:59:00Z,OANDA:XAUUSD
18.828113327485017,-96.9611739002812,-98.89376824572636,-1.883006016990777,4635.652875,43.02156418417599,-0.4257216949219798,4275.605,806937,1789585317,2026-09-16T19:01:57Z,OANDA:XAUUSD
18.828113327485017,-96.69403104313824,-99.08050979912082,-1.904462486747469,4635.652875,42.96379189156001,-0.4474968472607008,4274.67,815738,1789585501,2026-09-16T19:05:01Z,OANDA:XAUUSD
18.828113327485017,-97.63545961456656,-102.16342818730216,-2.1637759715076434,4635.652875,42.27765444318015,-0.7106617899641077,4263.37,824058,1789585684,2026-09-16T19:08:04Z,OANDA:XAUUSD
18.828113327485017,-106.29045961456724,-110.5929967056364,-2.770179408214504,4635.652875,40.75559265079747,-1.32607184402937,4236.945,834520,1789585864,2026-09-16T19:11:04Z,OANDA:XAUUSD
18.828113327485017,-109.34688818599534,-109.93601772618209,-2.6560126306320315,4635.652875,41.033717861021344,-1.2102094024409165,4241.92,845061,1789586032,2026-09-16T19:13:52Z,OANDA:XAUUSD
18.828113327485017,-111.3826024717091,-108.53256739043115,-2.4925074466571457,4635.652875,41.43871429532084,-1.0442757549398771,4249.045,854264,1789586217,2026-09-16T19:16:57Z,OANDA:XAUUSD
18.828113327485017,-109.9597453288534,-109.51378641658776,-2.606788964719603,4635.652875,41.15480776438535,-1.160254641193246,4244.065,861929,1789586401,2026-09-16T19:20:01Z,OANDA:XAUUSD
18.828113327485017,-111.24403104313932,-108.62818529911,-2.503637273215429,4635.652875,41.41089271504784,-1.0555708874364311,4248.56,869949,1789586585,2026-09-16T19:23:05Z,OANDA:XAUUSD
18.828113327485017,-111.17545961456744,-108.67549679202338,-2.5091448162545986,4635.652875,41.39713914782667,-1.061160231352272,4248.32,877736,1789586756,2026-09-16T19:25:56Z,OANDA:XAUUSD
18.828113327485017,-110.05403104313882,-109.44880627355256,-2.599216093040748,4635.652875,41.17350044126558,-1.152569293308968,4244.395,883877,1789586936,2026-09-16T19:28:56Z,OANDA:XAUUSD
18.828113327485017,-114.31974532885216,-106.50294127818756,-2.256601019813387,4635.652875,42.037337823697534,-0.8048655238787344,4259.325,890535,1789587114,2026-09-16T19:31:54Z,OANDA:XAUUSD
18.828113327485017,-115.48117390028165,-105.69882816127704,-2.163317009587704,4635.652875,42.27884948535257,-0.7101960113044455,4263.39,898790,1789587303,2026-09-16T19:35:03Z,OANDA:XAUUSD
18.828113327485017,-115.00117390028208,-106.03126149434556,-2.2018698108617887,4635.652875,42.17870089695274,-0.7493214187152236,4261.71,904570,1789587480,2026-09-16T19:38:00Z,OANDA:XAUUSD
18.828113327485017,-115.48688818599476,-105.69486972043916,-2.162858047667785,4635.652875,42.28004459508624,-0.7097302326448045,4263.41,909994,1789587653,2026-09-16T19:40:53Z,OANDA:XAUUSD
18.828113327485017,-116.74403104313932,-104.82349685177246,-2.061886425283282,4635.652875,42.54462152235802,-0.607258927521343,4267.81,915800,1789587839,2026-09-16T19:43:59Z,OANDA:XAUUSD
18.828113327485017,-116.84688818599534,-104.75215722331414,-2.0536251107245582,4635.652875,42.566415346105856,-0.5988749116476139,4268.17,920424,1789588018,2026-09-16T19:46:58Z,OANDA:XAUUSD
18.828113327485017,-117.4326024717102,-104.34578641529922,-2.00658151393178,4635.652875,42.690945896506754,-0.5511325990332755,4270.22,923632,1789588193,2026-09-16T19:49:53Z,OANDA:XAUUSD
18.828113327485017,-118.14403104313897,-103.8518940227064,-1.949440754900562,4635.652875,42.84318846402138,-0.4931431559066017,4272.71,928162,1789588375,2026-09-16T19:52:55Z,OANDA:XAUUSD
18.828113327485017,-118.20260247171063,-103.8112175023106,-1.944736395221286,4635.652875,42.855770883144814,-0.4883689246451699,4272.915,933101,1789588555,2026-09-16T19:55:55Z,OANDA:XAUUSD
18.828113327485017,-117.60974532885302,-104.2228400267622,-1.992353694413968,4635.652875,42.72875243104007,-0.5366934605840648,4270.84,937436,1789588732,2026-09-16T19:58:52Z,OANDA:XAUUSD
18.828113327485017,-117.06831675742433,-104.59855549099152,-2.0358403363272983,4635.652875,42.61340846226573,-0.5808259885861058,4268.945,941021,1789588917,2026-09-16T20:01:57Z,OANDA:XAUUSD
18.828113327485017,-117.951173900281,-103.98581310153754,-1.964930719698187,4635.652875,42.80181071225758,-0.5088631856698622,4272.035,942418,1789589099,2026-09-16T20:04:59Z,OANDA:XAUUSD
18.828113327485017,-117.42974532885272,-104.34776925407672,-2.0068109948917496,4635.652875,42.69033666192384,-0.5513654883631066,4270.21,943833,1789589274,2026-09-16T20:07:54Z,OANDA:XAUUSD
18.828113327485017,-116.1183167574236,-105.2573313164148,-2.112142755515574,4635.652875,42.41252175116345,-0.6582616907532532,4265.62,945310,1789589459,2026-09-16T20:10:59Z,OANDA:XAUUSD
18.828113327485017,-116.03403104313838,-105.31575074889064,-2.118912443834536,4635.652875,42.39479015662211,-0.6651319259831224,4265.325,946816,1789589637,2026-09-16T20:13:57Z,OANDA:XAUUSD
18.828113327485017,-115.92260247170998,-105.39297613122623,-2.127862201273148,4635.652875,42.37137113187209,-0.6742146098463236,4264.935,948193,1789589817,2026-09-16T20:16:57Z,OANDA:XAUUSD
18.828113327485017,-116.1326024717091,-105.24742925998814,-2.110995350715746,4635.652875,42.41552857631134,-0.6570972441041188,4265.67,949406,1789589995,2026-09-16T20:19:55Z,OANDA:XAUUSD
18.828113327485017,-115.73260247170948,-105.5246366987821,-2.143122685110803,4635.652875,42.33149830800101,-0.6897017502797532,4264.27,951104,1789590178,2026-09-16T20:22:58Z,OANDA:XAUUSD
18.828113327485017,-114.4097453288523,-106.44066121249396,-2.249372369574486,4635.652875,42.05595408384104,-0.797529509989203,4259.64,952339,1789590357,2026-09-16T20:25:57Z,OANDA:XAUUSD
18.828113327485017,-113.91974532885251,-106.779678031381,-2.288728354208444,4635.652875,41.95479789971272,-0.8374700300543688,4257.925,953458,1789590536,2026-09-16T20:28:56Z,OANDA:XAUUSD
18.828113327485017,-114.44260247171042,-106.417922736715,-2.246733338534896,4635.652875,42.062754605548186,-0.7948512826962089,4259.755,954915,1789590713,2026-09-16T20:31:53Z,OANDA:XAUUSD
18.828113327485017,-114.91688818599503,-106.08961976645796,-2.2086394991807508,4635.652875,42.16116423215111,-0.7561916539450929,4261.415,956197,1789590899,2026-09-16T20:34:59Z,OANDA:XAUUSD
18.828113327485017,-115.05688818599629,-105.99268315601452,-2.197394932142483,4635.652875,42.1903009406322,-0.744780076783623,4261.905,957325,1789591077,2026-09-16T20:37:57Z,OANDA:XAUUSD
18.828113327485017,-115.78403104313838,-105.48900156737793,-2.138992027831452,4635.652875,42.3422835429972,-0.6855097423428993,4264.45,958361,1789591259,2026-09-16T20:40:59Z,OANDA:XAUUSD
18.828113327485017,-115.5211739002807,-105.67111863002252,-2.1601042761482105,4635.652875,42.28721667259607,-0.7069355606868948,4263.53,959219,1789591434,2026-09-16T20:43:54Z,OANDA:XAUUSD
18.828113327485017,-115.44545961456788,-105.72356793601848,-2.166185521587263,4635.652875,42.27138157997511,-0.7131071279272707,4263.265,960067,1789591618,2026-09-16T20:46:58Z,OANDA:XAUUSD
18.828113327485017,-116.38831675742404,-105.07016000487832,-2.090456804798912,4635.652875,42.46942295499825,-0.6362536490847011,4266.565,960861,1789591794,2026-09-16T20:49:54Z,OANDA:XAUUSD
18.828113327485017,-115.30831675742412,-105.81856097311106,-2.177200607665582,4635.652875,42.24272932278869,-0.7242858157589307,4262.785,961551,1789591974,2026-09-16T20:52:54Z,OANDA:XAUUSD
18.828113327485017,-115.45831675742376,-105.71466171254694,-2.16515285726742,4635.652875,42.27406972197332,-0.712059125943052,4263.31,962154,1789592159,2026-09-16T20:55:59Z,OANDA:XAUUSD
18.828113327485017,-115.64974532885208,-105.58204524031864,-2.149777632949801,4635.652875,42.31413364807394,-0.6964555408447282,4263.98,962596,1789592332,2026-09-16T20:58:52Z,OANDA:XAUUSD
18.828113327485017,-115.61403104313833,-105.60678892573424,-3.2103521229070613,4635.652875,42.30665327379376,-0.6993666574675533,4263.855,962728,1789592517,2026-09-16T21:01:57Z,OANDA:XAUUSD
18.828113327485017,-115.61403104313833,-105.60678892573424,-3.2103521229070613,4635.652875,42.30665327379376,-0.6993666574675533,4263.855,962728,1789592697,2026-09-16T21:04:57Z,OANDA:XAUUSD
18.828113327485017,-115.61403104313833,-105.60678892573424,-3.2103521229070613,4635.652875,42.30665327379376,-0.6993666574675533,4263.855,962728,1789592875,2026-09-16T21:07:55Z,OANDA:XAUUSD
18.828113327485017,-115.61403104313833,-105.60678892573424,-3.2103521229070613,4635.652875,42.30665327379376,-0.6993666574675533,4263.855,962728,1789593053,2026-09-16T21:10:53Z,OANDA:XAUUSD
18.828113327485017,-115.61403104313833,-105.60678892573424,-3.2103521229070613,4635.652875,42.30665327379376,-0.6993666574675533,4263.855,962728,1789593239,2026-09-16T21:13:59Z,OANDA:XAUUSD
18.828113327485017,-115.61403104313833,-105.60678892573424,-3.2103521229070613,4635.652875,42.30665327379376,-0.6993666574675533,4263.855,962728,1789593416,2026-09-16T21:16:56Z,OANDA:XAUUSD
18.828113327485017,-115.61403104313833,-105.60678892573424,-3.2103521229070613,4635.652875,42.30665327379376,-0.6993666574675533,4263.855,962728,1789593600,2026-09-16T21:20:00Z,OANDA:XAUUSD
18.828113327485017,-115.61403104313833,-105.60678892573424,-3.2103521229070613,4635.652875,42.30665327379376,-0.6993666574675533,4263.855,962728,1789593773,2026-09-16T21:22:53Z,OANDA:XAUUSD
18.828113327485017,-115.61403104313833,-105.60678892573424,-3.2103521229070613,4635.652875,42.30665327379376,-0.6993666574675533,4263.855,962728,1789593957,2026-09-16T21:25:57Z,OANDA:XAUUSD
18.828113327485017,-115.61403104313833,-105.60678892573424,-3.2103521229070613,4635.652875,42.30665327379376,-0.6993666574675533,4263.855,962728,1789594137,2026-09-16T21:28:57Z,OANDA:XAUUSD
18.828113327485017,-115.61403104313833,-105.60678892573424,-3.2103521229070613,4635.652875,42.30665327379376,-0.6993666574675533,4263.855,962728,1789594313,2026-09-16T21:31:53Z,OANDA:XAUUSD
18.828113327485017,-115.61403104313833,-105.60678892573424,-3.2103521229070613,4635.652875,42.30665327379376,-0.6993666574675533,4263.855,962728,1789594500,2026-09-16T21:35:00Z,OANDA:XAUUSD
18.828113327485017,-115.61403104313833,-105.60678892573424,-3.2103521229070613,4635.652875,42.30665327379376,-0.6993666574675533,4263.855,962728,1789594677,2026-09-16T21:37:57Z,OANDA:XAUUSD
18.828113327485017,-115.61403104313833,-105.60678892573424,-3.2103521229070613,4635.652875,42.30665327379376,-0.6993666574675533,4263.855,962728,1789594857,2026-09-16T21:40:57Z,OANDA:XAUUSD
18.828113327485017,-115.61403104313833,-105.60678892573424,-3.2103521229070613,4635.652875,42.30665327379376,-0.6993666574675533,4263.855,962728,1789595035,2026-09-16T21:43:55Z,OANDA:XAUUSD
18.828113327485017,-115.61403104313833,-105.60678892573424,-3.2103521229070613,4635.652875,42.30665327379376,-0.6993666574675533,4263.855,962728,1789595214,2026-09-16T21:46:54Z,OANDA:XAUUSD
18.828113327485017,-115.61403104313833,-105.60678892573424,-3.2103521229070613,4635.652875,42.30665327379376,-0.6993666574675533,4263.855,962728,1789595400,2026-09-16T21:50:00Z,OANDA:XAUUSD
18.828113327485017,-115.61403104313833,-105.60678892573424,-3.2103521229070613,4635.652875,42.30665327379376,-0.6993666574675533,4263.855,962728,1789595574,2026-09-16T21:52:54Z,OANDA:XAUUSD
18.828113327485017,-115.61403104313833,-105.60678892573424,-3.2103521229070613,4635.652875,42.30665327379376,-0.6993666574675533,4263.855,962728,1789595755,2026-09-16T21:55:55Z,OANDA:XAUUSD
18.828113327485017,-115.61403104313833,-105.60678892573424,-3.2103521229070613,4635.652875,42.30665327379376,-0.6993666574675533,4263.855,962728,1789595934,2026-09-16T21:58:54Z,OANDA:XAUUSD
18.828113327485017,-115.61403104313833,-105.60678892573424,-3.2103521229070613,4635.652875,42.30665327379376,-0.6993666574675533,4263.855,962728,1789596115,2026-09-16T22:01:55Z,OANDA:XAUUSD
18.828113327485017,-115.61403104313833,-105.60678892573424,-3.2103521229070613,4635.652875,42.30665327379376,-0.6993666574675533,4263.855,962728,1789596296,2026-09-16T22:04:56Z,OANDA:XAUUSD
17.970072615535283,-168.4341694655477,-112.38202909470822,-3.2677832056078144,4635.652875,42.14425871048659,-0.0593359764813706,4261.325,860,1789596477,2026-09-16T22:07:57Z,OANDA:XAUUSD
17.970072615535283,-168.37988375126133,-112.41827331821068,-3.2720962118185346,4635.652875,42.13211338554683,-0.0637920379562472,4261.135,1613,1789596657,2026-09-16T22:10:57Z,OANDA:XAUUSD
17.970072615535283,-168.57131232268966,-112.29045678402744,-3.256887189917541,4635.652875,42.17497284927304,-0.0480785580184896,4261.805,2431,1789596842,2026-09-16T22:14:02Z,OANDA:XAUUSD
17.970072615535283,-168.4984551798325,-113.11991455298646,-3.334975302364435,4635.652875,41.95583896440487,-0.128756723669069,4258.365,3215,1789597014,2026-09-16T22:16:54Z,OANDA:XAUUSD
17.970072615535283,-169.3413123226901,-112.97792438034368,-3.306940761994684,4635.652875,42.03424807442336,-0.0997923240822964,4259.6,3829,1789597197,2026-09-16T22:19:57Z,OANDA:XAUUSD
17.970072615535283,-170.00131232268996,-112.5374851375106,-3.254503686485306,4635.652875,42.18169753570125,-0.0456159977297471,4261.91,4397,1789597374,2026-09-16T22:22:54Z,OANDA:XAUUSD
17.970072615535283,-170.07416946554713,-112.4888490489478,-3.248715178149852,4635.652875,42.19803784846833,-0.0396354941713449,4262.165,5042,1789597556,2026-09-16T22:25:56Z,OANDA:XAUUSD
17.970072615535283,-169.13702660840408,-112.25611422801764,-3.243721170958476,4635.652875,42.21214554922445,-0.0344758440425236,4262.385,5728,1789597736,2026-09-16T22:28:56Z,OANDA:XAUUSD
17.970072615535283,-168.63131232268915,-111.6491312295136,-3.19650510296734,4635.652875,42.36020393232194,0.0143063026299107,4264.465,6482,1789597915,2026-09-16T22:31:55Z,OANDA:XAUUSD
17.970072615535283,-164.86631232268974,-109.47477744710778,-3.062234409617542,4635.652875,42.87436012960904,0.15303053222965,4270.38,7466,1789598099,2026-09-16T22:34:59Z,OANDA:XAUUSD
17.970072615535283,-160.9241694655475,-107.49949226943004,-2.9499827479751555,4635.652875,43.29721233187563,0.2690053953523338,4275.325,8849,1789598280,2026-09-16T22:38:00Z,OANDA:XAUUSD
17.970072615535283,-160.19702660840449,-107.50429306080738,-2.963262267097664,4635.652875,43.24751512614077,0.2552854166007103,4274.74,9858,1789598449,2026-09-16T22:40:49Z,OANDA:XAUUSD
17.970072615535283,-159.71845517983274,-107.82587494908964,-3.001284821850147,4635.652875,43.10473669116302,0.2160017167563164,4273.065,10460,1789598639,2026-09-16T22:43:59Z,OANDA:XAUUSD
17.970072615535283,-159.77845517983224,-107.78556490379336,-2.996517814985656,4635.652875,43.12267664698834,0.2209268373338228,4273.275,10927,1789598821,2026-09-16T22:47:01Z,OANDA:XAUUSD
17.970072615535283,-159.09702660840412,-108.24324234986705,-3.0506573929466327,4635.652875,42.91826222535239,0.1649915393464544,4270.89,11546,1789598995,2026-09-16T22:49:55Z,OANDA:XAUUSD
17.970072615535283,-157.7541694655465,-109.14433381954036,-3.1573475465804703,4635.652875,42.51110153317881,0.0547626502308365,4266.19,12288,1789599176,2026-09-16T22:52:56Z,OANDA:XAUUSD
17.970072615535283,-158.20559803697506,-108.84153657237938,-3.121481494933337,4635.652875,42.64862339191997,0.0918183193378028,4267.77,12778,1789599359,2026-09-16T22:55:59Z,OANDA:XAUUSD
17.970072615535283,-158.77131232268948,-108.4619061380875,-3.0765354302110137,4635.652875,42.82003480545088,0.1382551704971308,4269.75,13322,1789599538,2026-09-16T22:58:58Z,OANDA:XAUUSD
17.970072615535283,-157.3513123226894,-109.41444662361764,-3.1893545926706137,4635.652875,42.3878182377584,0.0216939834961597,4264.78,14178,1789599715,2026-09-16T23:01:55Z,OANDA:XAUUSD
17.970072615535283,-157.36845517983238,-109.40295447819136,-3.187992590709322,4635.652875,42.39307510583129,0.0231011608040278,4264.84,15246,1789599894,2026-09-16T23:04:54Z,OANDA:XAUUSD
17.970072615535283,-156.28845517983245,-110.12660981764328,-3.273798714270134,4635.652875,42.12732110510606,-0.0655510095910663,4261.06,16480,1789600082,2026-09-16T23:08:02Z,OANDA:XAUUSD
17.970072615535283,-157.5827408941186,-109.25928753817313,-3.1709675661932866,4635.652875,42.458705105153975,0.040690877152262,4265.59,17369,1789600256,2026-09-16T23:10:56Z,OANDA:XAUUSD
17.970072615535283,-156.73845517983318,-109.82517313312952,-3.238046162786464,4635.652875,42.22818848189895,-0.0286126052597788,4262.635,18066,1789600437,2026-09-16T23:13:57Z,OANDA:XAUUSD
17.970072615535283,-156.7255980369755,-109.83378732169228,-3.239067664257428,4635.652875,42.22529985413309,-0.0296679882406746,4262.59,18595,1789600614,2026-09-16T23:16:54Z,OANDA:XAUUSD
17.970072615535283,-158.56131232269036,-108.602852368937,-3.093219954236721,4635.652875,42.756524524786215,0.121017248475869,4269.015,19807,1789600798,2026-09-16T23:19:58Z,OANDA:XAUUSD
17.970072615535283,-159.6427408941181,-107.87673924409422,-3.007300330512466,4635.652875,43.08208201785924,0.2097866836466207,4272.8,20804,1789600981,2026-09-16T23:23:01Z,OANDA:XAUUSD
17.970072615535283,-159.25559803697433,-108.13676414244182,-3.0380588748047805,4635.652875,42.96596142663561,0.1780079294441332,4271.445,21687,1789601153,2026-09-16T23:25:53Z,OANDA:XAUUSD
17.970072615535283,-159.34845517983194,-108.0744049022306,-3.0306813641811488,4635.652875,42.993856400644106,0.1856301398617184,4271.77,22804,1789601336,2026-09-16T23:28:56Z,OANDA:XAUUSD
17.970072615535283,-159.25559803697433,-108.13676414244182,-3.0380588748047805,4635.652875,42.96596142663561,0.1780079294441332,4271.445,23369,1789601512,2026-09-16T23:31:52Z,OANDA:XAUUSD
17.970072615535283,-159.42131232268912,-108.0254731917878,-3.024892855845715,4635.652875,43.01572412995536,0.1916106434200992,4272.025,23937,1789601686,2026-09-16T23:34:46Z,OANDA:XAUUSD
17.970072615535283,-158.61131232268963,-108.56929618605372,-3.0892474485163293,4635.652875,42.77165881342816,0.1251215156237732,4269.19,24470,1789601872,2026-09-16T23:37:52Z,OANDA:XAUUSD
17.970072615535283,-158.96416946554746,-108.33244198747326,-3.061212908146578,4635.652875,42.87823656018448,0.1540859152105458,4270.425,25185,1789602054,2026-09-16T23:40:54Z,OANDA:XAUUSD
17.970072615535283,-159.89559803697557,-107.70685799104466,-2.98721080158354,4635.652875,43.15766968863407,0.2305425489375421,4273.685,27017,1789602233,2026-09-16T23:43:53Z,OANDA:XAUUSD
17.970072615535283,-159.9713123226902,-107.65598198232836,-2.98119529292122,4635.652875,43.18026424248484,0.2367575820472379,4273.95,28654,1789602414,2026-09-16T23:46:54Z,OANDA:XAUUSD
17.970072615535283,-160.17702660840405,-107.5177351105045,-2.9648512693858207,4635.652875,43.24156261571642,0.2536437097415486,4274.67,30195,1789602600,2026-09-16T23:50:00Z,OANDA:XAUUSD
17.970072615535283,-160.10845517983216,-107.56382027912802,-2.970299277230947,4635.652875,43.22114452548695,0.2480150005101188,4274.43,31146,1789602779,2026-09-16T23:52:59Z,OANDA:XAUUSD
17.970072615535283,-159.83131232268897,-107.75005184856911,-2.9923183089383585,4635.652875,43.138471522996106,0.2252656340330633,4273.46,32686,1789602958,2026-09-16T23:55:58Z,OANDA:XAUUSD
17.970072615535283,-159.72702660840332,-107.82011650603364,-3.0006038208694905,4635.652875,43.107300234845205,0.2167053054102611,4273.095,33603,1789603133,2026-09-16T23:58:53Z,OANDA:XAUUSD
17.970072615535283,-158.3498837512616,-108.74473020570883,-3.1100179784258914,4635.652875,42.69243951611744,0.1036620616789284,4268.275,36359,1789603316,2026-09-17T00:01:56Z,OANDA:XAUUSD
17.970072615535283,-158.57131232268875,-108.59614125452448,-3.092425453092643,4635.652875,42.7595520228535,0.1218381019054498,4269.05,38272,1789603492,2026-09-17T00:04:52Z,OANDA:XAUUSD
17.970072615535283,-159.7584551798318,-107.79900183027786,-2.998106817273813,4635.652875,43.11669791889991,0.2192851304746612,4273.205,40270,1789603680,2026-09-17T00:08:00Z,OANDA:XAUUSD
17.970072615535283,-157.8741694655473,-105.81440752731314,-2.8490811026767724,4635.652875,43.672001737880855,0.3732537809095496,4279.77,42351,1789603855,2026-09-17T00:10:55Z,OANDA:XAUUSD
17.970072615535283,-152.09774089411803,-104.05216044179984,-2.789607017034092,4635.652875,43.89060067264353,0.4347005233527117,4282.39,45013,1789604035,2026-09-17T00:13:55Z,OANDA:XAUUSD
17.970072615535283,-152.38131232268825,-103.58705187536466,-2.742050448552648,4635.652875,44.06417938932543,0.4838344643520971,4284.485,47419,1789604214,2026-09-17T00:16:54Z,OANDA:XAUUSD
17.970072615535283,-152.0498837512605,-103.81095806159136,-2.768382486470779,4635.652875,43.96820190218435,0.456629036400165,4283.325,48864,1789604398,2026-09-17T00:19:58Z,OANDA:XAUUSD
17.970072615535283,-150.35416946554687,-102.60183224221068,-2.687797370428208,4635.652875,44.260893146253146,0.5398870271151444,4286.875,50617,1789604575,2026-09-17T00:22:55Z,OANDA:XAUUSD
17.970072615535283,-149.87559803697513,-102.92555392875587,-2.7258199251806907,4635.652875,44.123174306337695,0.5006033272707504,4285.2,52954,1789604751,2026-09-17T00:25:51Z,OANDA:XAUUSD
17.970072615535283,-150.17559803697625,-102.72264047271676,-2.7019848908582373,4635.652875,44.20958498778176,0.5252289301582825,4286.25,54815,1789604939,2026-09-17T00:28:59Z,OANDA:XAUUSD
17.970072615535283,-149.21131232269,-103.3746644315193,-2.7785975011803963,4635.652875,43.930880528385856,0.4460752065912288,4282.875,56504,1789605111,2026-09-17T00:31:51Z,OANDA:XAUUSD
17.970072615535283,-150.05131232269014,-102.80671136719988,-2.711859405077546,4635.652875,44.17381872335155,0.5150268946762974,4285.815,58660,1789605302,2026-09-17T00:35:02Z,OANDA:XAUUSD
17.970072615535283,-149.78845517983245,-102.9844850327104,-2.732743435150531,4635.652875,44.098023869152506,0.4934501759558163,4284.895,60635,1789605480,2026-09-17T00:38:00Z,OANDA:XAUUSD
17.970072615535283,-150.8084551798329,-102.29440721375524,-2.6517043184542097,4635.652875,44.39099666835971,0.5771772257734042,4288.465,61915,1789605661,2026-09-17T00:41:01Z,OANDA:XAUUSD
17.970072615535283,-148.2763123226905,-101.50592660359317,-2.6244642792285573,4635.652875,44.48878654336551,0.6053207719305747,4289.665,63474,1789605834,2026-09-17T00:43:54Z,OANDA:XAUUSD
17.970072615535283,-147.18059803697545,-102.24799234709415,-2.711518904587219,4635.652875,44.175052806193335,0.5153786890032698,4285.83,65404,1789606018,2026-09-17T00:46:58Z,OANDA:XAUUSD
17.970072615535283,-146.95488375126115,-102.4007636449142,-2.729451930410775,4635.652875,44.10998345700676,0.4968508544497972,4285.04,66813,1789606198,2026-09-17T00:49:58Z,OANDA:XAUUSD
17.970072615535283,-145.74345517983238,-103.22016253818228,-2.82570006900809,4635.652875,43.75814236159274,0.3974103246944518,4280.8,68573,1789606380,2026-09-17T00:53:00Z,OANDA:XAUUSD
17.970072615535283,-145.63631232268926,-103.29258931708448,-2.834212581266107,4635.652875,43.726811000315024,0.3886154665203348,4280.425,71015,1789606552,2026-09-17T00:55:52Z,OANDA:XAUUSD
17.970072615535283,-145.07488375126195,-103.67198978535234,-2.878818145498123,4635.652875,43.56206228734232,0.3425304096879578,4278.46,73713,1789606737,2026-09-17T00:58:57Z,OANDA:XAUUSD
17.970072615535283,-147.6934551798331,-100.29690700890836,-2.5245841354011582,4635.652875,44.84442574017164,0.7085137745068733,4294.065,79538,1789606917,2026-09-17T01:01:57Z,OANDA:XAUUSD
17.970072615535283,-144.00131232268905,-98.96645307569447,-2.468742054988562,4635.652875,45.0412814103487,0.7662080441290822,4296.525,83655,1789607100,2026-09-17T01:05:00Z,OANDA:XAUUSD
17.970072615535283,-137.57345517983322,-95.03494357077818,-2.2258517052264417,4635.652875,45.8814250440389,1.0171546640305733,4307.225,86633,1789607275,2026-09-17T01:07:55Z,OANDA:XAUUSD
17.970072615535283,-133.6798837512606,-95.8195942577909,-2.3655704064213863,4635.652875,45.40131208518628,0.8728017251993829,4301.07,89936,1789607456,2026-09-17T01:10:56Z,OANDA:XAUUSD
17.970072615535283,-132.39559803697466,-96.6959794507956,-2.4676070533541554,4635.652875,45.04526797222867,0.7673806918856354,4296.575,93126,1789607639,2026-09-17T01:13:59Z,OANDA:XAUUSD
17.970072615535283,-133.0770266084046,-96.23110727100708,-2.413467475393158,4635.652875,45.23475754003292,0.8233159898730252,4298.96,95824,1789607820,2026-09-17T01:17:00Z,OANDA:XAUUSD
17.970072615535283,-134.88988375126155,-94.9929551012778,-2.2694357679874937,4635.652875,45.73256653112877,0.9721249901790924,4305.305,98025,1789607992,2026-09-17T01:19:52Z,OANDA:XAUUSD
17.970072615535283,-135.5313123226888,-94.55437579117826,-2.2184741946028304,4635.652875,45.906541668592986,1.0247768744481374,4307.55,100262,1789608180,2026-09-17T01:23:00Z,OANDA:XAUUSD
17.970072615535283,-135.290598036976,-93.56197935428044,-2.1331220716957686,4635.652875,46.19543567021138,1.112959985740623,4311.31,102604,1789608360,2026-09-17T01:26:00Z,OANDA:XAUUSD
17.970072615535283,-133.35202660840423,-93.8945550482695,-2.1973631642029607,4635.652875,45.97828522059649,1.0465881227199332,4308.48,104948,1789608534,2026-09-17T01:28:54Z,OANDA:XAUUSD
17.970072615535283,-134.04631232269003,-93.41912185264704,-2.142202084771,4635.652875,46.16484902409193,1.1035788036882186,4310.91,107142,1789608719,2026-09-17T01:31:59Z,OANDA:XAUUSD
17.970072615535283,-132.13988375126064,-92.3771953837452,-2.0819334979842403,4635.652875,46.36721970108864,1.1658463995609616,4313.565,110178,1789608898,2026-09-17T01:34:58Z,OANDA:XAUUSD
17.970072615535283,-130.00488375126133,-91.33184799081458,-2.0255239167544303,4635.652875,46.55525894405859,1.224126993061458,4316.05,112659,1789609081,2026-09-17T01:38:01Z,OANDA:XAUUSD
17.970072615535283,-128.9805980369756,-92.0351182021876,-2.10690353394108,4635.652875,46.28355986051582,1.152009156033702,4312.975,115896,1789609259,2026-09-17T01:40:59Z,OANDA:XAUUSD
17.970072615535283,-128.43631232268945,-92.40855277261234,-2.150147096211804,4635.652875,46.13805716768383,1.0953702693923888,4310.56,118190,1789609432,2026-09-17T01:43:52Z,OANDA:XAUUSD
17.970072615535283,-127.55631232269025,-93.01192553093864,-2.220063196891008,4635.652875,45.90113390418647,1.0231351675889542,4307.48,120352,1789609622,2026-09-17T01:47:02Z,OANDA:XAUUSD
17.970072615535283,-128.58059803697597,-92.30957652536556,-2.138683579704358,4635.652875,46.17670547543958,1.1072140117335143,4311.065,122308,1789609798,2026-09-17T01:49:58Z,OANDA:XAUUSD
17.970072615535283,-127.4991694655464,-93.0510886949632,-2.224603203428613,4635.652875,45.885677189202376,1.0184445765627628,4307.28,124563,1789609972,2026-09-17T01:52:52Z,OANDA:XAUUSD
17.970072615535283,-126.82916946554631,-93.51012329170952,-2.2778347800820686,4635.652875,45.70378609529799,0.9634473967806324,4304.935,126285,1789610156,2026-09-17T01:55:56Z,OANDA:XAUUSD
17.970072615535283,-125.46488375126046,-94.44395765572683,-2.386227436167505,4635.652875,45.32960490848856,0.8514595360301955,4300.16,128315,1789610331,2026-09-17T01:58:51Z,OANDA:XAUUSD
17.970072615535283,-125.70059803697497,-94.28269821311724,-2.367499909199871,4635.652875,45.394622127648525,0.8708082240132489,4300.985,130647,1789610519,2026-09-17T02:01:59Z,OANDA:XAUUSD
17.970072615535283,-124.7763123226896,-94.91483071398132,-2.440934514945696,4635.652875,45.1387859673501,0.7949379141645398,4297.75,133070,1789610702,2026-09-17T02:05:02Z,OANDA:XAUUSD
17.970072615535283,-122.43916946554693,-96.51084507077712,-2.626620782333928,4635.652875,44.48105738287735,0.6030927411931256,4289.57,135733,1789610878,2026-09-17T02:07:58Z,OANDA:XAUUSD
17.970072615535283,-122.12202660840468,-96.72715544165855,-2.651817818617652,4635.652875,44.39058848976373,0.5770599609977467,4288.46,139612,1789611053,2026-09-17T02:10:53Z,OANDA:XAUUSD
17.970072615535283,-120.34345517983184,-97.9390820941452,-2.7931255221007536,4635.652875,43.87771552286943,0.4310653153073946,4282.235,141682,1789611235,2026-09-17T02:13:55Z,OANDA:XAUUSD
17.970072615535283,-122.25488375126132,-96.63654659599572,-2.641262303417707,4635.652875,44.42852348210184,0.5879655851336554,4288.925,144107,1789611419,2026-09-17T02:16:59Z,OANDA:XAUUSD
17.970072615535283,-122.7863123226898,-96.27400073398428,-2.599040242617947,4635.652875,44.57974729868281,0.6315880816772684,4290.785,145651,1789611594,2026-09-17T02:19:54Z,OANDA:XAUUSD
17.970072615535283,-123.11631232268974,-96.0487824440556,-2.5728217048632587,4635.652875,44.67323888860059,0.658676244853543,4291.94,147217,1789611775,2026-09-17T02:22:55Z,OANDA:XAUUSD
17.970072615535283,-122.90774089411843,-96.19113613510486,-2.5893927287255227,4635.652875,44.61418568470347,0.6415555876079387,4291.21,148641,1789611960,2026-09-17T02:26:00Z,OANDA:XAUUSD
17.970072615535283,-122.9848837512609,-96.13848794558685,-2.583263719899761,4635.652875,44.63604196506329,0.6478878854932919,4291.48,149736,1789612136,2026-09-17T02:28:56Z,OANDA:XAUUSD
17.970072615535283,-121.86631232268974,-96.90152202927425,-2.6721343478734645,4635.652875,44.31742785995354,0.5560695661555104,4287.565,152519,1789612317,2026-09-17T02:31:57Z,OANDA:XAUUSD
17.970072615535283,-121.54631232269004,-97.11966618042578,-2.6975583844840747,4635.652875,44.225603268397926,0.5298022564088166,4286.445,154902,1789612494,2026-09-17T02:34:54Z,OANDA:XAUUSD
17.970072615535283,-121.25345517983168,-97.31925092838075,-2.720825917989315,4635.652875,44.14130156082251,0.5057629773995718,4285.42,157754,1789612678,2026-09-17T02:37:58Z,OANDA:XAUUSD
17.970072615535283,-120.563455179833,-97.78928019895872,-2.775646496930948,4635.652875,43.94166736441347,0.4491240907582586,4283.005,159818,1789612862,2026-09-17T02:41:02Z,OANDA:XAUUSD
17.970072615535283,-122.6477408941182,-96.36855258306448,-2.6100497584716424,4635.652875,44.540394662757706,0.6202133984387513,4290.3,162093,1789613047,2026-09-17T02:44:07Z,OANDA:XAUUSD
17.970072615535283,-121.33488375126126,-97.26376201305725,-2.7143564086732246,4635.652875,44.1647671150694,0.5124470696118975,4285.705,164466,1789613219,2026-09-17T02:46:59Z,OANDA:XAUUSD
17.970072615535283,-120.6520266084035,-97.72896181376676,-2.7686094867976645,4635.652875,43.96737307811306,0.4563945068488501,4283.315,166004,1789613412,2026-09-17T02:50:12Z,OANDA:XAUUSD
17.970072615535283,-119.74488375126111,-98.3465070955242,-2.840682090582197,4635.652875,43.70297580917512,0.3819313743080091,4280.14,167419,1789613571,2026-09-17T02:52:51Z,OANDA:XAUUSD
17.970072615535283,-119.1520266084035,-98.74982234512808,-2.8877846584099114,4635.652875,43.528828346486485,0.3332664924112109,4278.065,170093,1789613760,2026-09-17T02:56:00Z,OANDA:XAUUSD
17.970072615535283,-119.3963123226904,-98.58366356566312,-2.8683761304616207,4635.652875,43.60071583606896,0.3533187690482089,4278.92,171930,1789613935,2026-09-17T02:58:55Z,OANDA:XAUUSD
17.970072615535283,-119.36488375126191,-98.60504280331908,-2.870873134057298,4635.652875,43.59147741367922,0.3507389439838089,4278.81,174406,1789614118,2026-09-17T03:01:58Z,OANDA:XAUUSD
17.970072615535283,-120.41202660840372,-97.89239383526734,-2.7876775142556065,4635.652875,43.897664210889424,0.4366940245388457,4282.475,175665,1789614296,2026-09-17T03:04:56Z,OANDA:XAUUSD
17.970072615535283,-121.04202660840474,-97.46330806401164,-2.7376239421784647,4635.652875,44.08028126303828,0.4884077906026525,4284.68,177036,1789614478,2026-09-17T03:07:58Z,OANDA:XAUUSD
17.970072615535283,-121.28202660840452,-97.29978160544228,-2.718555914720502,4635.652875,44.14953733442948,0.5081082729126782,4285.52,178584,1789614664,2026-09-17T03:11:04Z,OANDA:XAUUSD
17.970072615535283,-120.51774089411902,-97.8204103523558,-2.779278502161032,4635.652875,43.9283906689818,0.4453716179373053,4282.845,180169,1789614838,2026-09-17T03:13:58Z,OANDA:XAUUSD
17.970072615535283,-120.88488375126052,-97.57035946397204,-2.7501089601568944,4635.652875,44.03484190203628,0.4755086652806098,4284.13,181430,1789615015,2026-09-17T03:16:55Z,OANDA:XAUUSD
17.970072615535283,-121.60345517983204,-97.08071656379818,-2.6930183779464487,4635.652875,44.24202272198471,0.5344928474350295,4286.645,182922,1789615203,2026-09-17T03:20:03Z,OANDA:XAUUSD
17.970072615535283,-120.8548837512617,-97.59079479592944,-2.7524924635891503,4635.652875,44.02615871894321,0.473046104991846,4284.025,184073,1789615373,2026-09-17T03:22:53Z,OANDA:XAUUSD
17.970072615535283,-121.35774089411734,-97.248185432295,-2.7125404060581824,4635.652875,44.17135039397481,0.514323306022374,4285.785,185376,1789615556,2026-09-17T03:25:56Z,OANDA:XAUUSD
17.970072615535283,-121.50345517983168,-97.1488770532057,-2.7009633893872733,4635.652875,44.21328233066522,0.5262843131391783,4286.295,186387,1789615735,2026-09-17T03:28:55Z,OANDA:XAUUSD
17.970072615535283,-122.71059803697516,-96.32566457459164,-2.605055751280266,4635.652875,44.55825226645002,0.6253730485675727,4290.52,187885,1789615916,2026-09-17T03:31:56Z,OANDA:XAUUSD
17.970072615535283,-122.6748837512614,-96.35003306471924,-2.6078932553662724,4635.652875,44.5481073117492,0.6224414291762003,4290.395,189317,1789616103,2026-09-17T03:35:03Z,OANDA:XAUUSD
17.970072615535283,-122.9520266084046,-96.16091263018794,-2.585874223658881,4635.652875,44.62673491786818,0.6451907956532345,4291.365,190529,1789616278,2026-09-17T03:37:58Z,OANDA:XAUUSD
17.970072615535283,-123.22916946554597,-95.9717440833636,-2.56385519195147,4635.652875,44.7051398608315,0.66794016213029,4292.335,191498,1789616454,2026-09-17T03:40:54Z,OANDA:XAUUSD
17.970072615535283,-124.02345517983213,-95.42932422580544,-2.500749101078705,4635.652875,44.92862174182253,0.7331393773944053,4295.115,192629,1789616637,2026-09-17T03:43:57Z,OANDA:XAUUSD
17.970072615535283,-124.27488375126175,-95.25754052816292,-2.480773072313221,4635.652875,44.998988267545606,0.7537779779096693,4295.995,193358,1789616813,2026-09-17T03:46:53Z,OANDA:XAUUSD
17.970072615535283,-123.88202660840308,-95.52593512750344,-2.5119856172592856,4635.652875,44.88896139087642,0.7215301646045734,4294.62,194379,1789616997,2026-09-17T03:49:57Z,OANDA:XAUUSD
17.970072615535283,-123.93345517983198,-95.49080534216668,-2.507899611375431,4635.652875,44.90338994431093,0.7277451977142905,4294.885,195604,1789617179,2026-09-17T03:52:59Z,OANDA:XAUUSD
17.970072615535283,-124.50059803697604,-95.10329182591089,-2.4628400464896645,4635.652875,45.06200521847071,0.7723058124631418,4296.785,196471,1789617358,2026-09-17T03:55:58Z,OANDA:XAUUSD
17.970072615535283,-124.592026608404,-95.0408022386372,-2.455576036029496,4635.652875,45.08748999854328,0.7798107581050482,4297.105,197255,1789617536,2026-09-17T03:58:56Z,OANDA:XAUUSD
17.970072615535283,-123.81916946554612,-95.56886927902126,-2.516979624450662,4635.652875,44.87131622632558,0.7163705144757521,4294.4,198316,1789617714,2026-09-17T04:01:54Z,OANDA:XAUUSD
17.970072615535283,-123.85345517983204,-95.54545095810651,-2.514255620528078,4635.652875,44.88094226200216,0.7191848690914883,4294.52,199092,1789617900,2026-09-17T04:05:00Z,OANDA:XAUUSD
17.970072615535283,-123.83488375126126,-95.55813597344896,-2.5157311226528125,4635.652875,44.875728576666646,0.7176604270079626,4294.455,199927,1789618078,2026-09-17T04:07:58Z,OANDA:XAUUSD
17.970072615535283,-124.21345517983264,-95.29951407044202,-2.4856535793411543,4635.652875,44.98181305083402,0.7487355925565055,4295.78,200566,1789618252,2026-09-17T04:10:52Z,OANDA:XAUUSD
17.970072615535283,-123.55059803697532,-95.7522872900336,-2.538317655177417,4635.652875,44.79579579816951,0.6943247366526412,4293.46,201124,1789618439,2026-09-17T04:13:59Z,OANDA:XAUUSD
17.970072615535283,-123.72345517983284,-95.6342415232862,-2.5245841354011582,4635.652875,44.84442574017164,0.7085137745068733,4294.065,202022,1789618616,2026-09-17T04:16:56Z,OANDA:XAUUSD
17.970072615535283,-123.52916946554706,-95.76691975767925,-2.540020157629016,4635.652875,44.78976131814039,0.6925657650178221,4293.385,202821,1789618799,2026-09-17T04:19:59Z,OANDA:XAUUSD
17.970072615535283,-123.80631232269025,-95.57765095929943,-2.518001125921625,4635.652875,44.86770559607372,0.7153151314948563,4294.355,204011,1789618983,2026-09-17T04:23:03Z,OANDA:XAUUSD
17.970072615535283,-123.462026608403,-95.81276629229409,-2.545354665310721,4635.652875,44.770844734706415,0.6870543205620283,4293.15,204666,1789619158,2026-09-17T04:25:58Z,OANDA:XAUUSD
17.970072615535283,-123.1520266084035,-96.02440407913444,-2.5699842007772524,4635.652875,44.68333811334684,0.6616078642449155,4292.065,205549,1789619336,2026-09-17T04:28:56Z,OANDA:XAUUSD
17.970072615535283,-123.39345517983293,-95.8595853683894,-2.550802673155847,4635.652875,44.751512286744045,0.6814256113305985,4292.91,206214,1789619517,2026-09-17T04:31:57Z,OANDA:XAUUSD
17.970072615535283,-123.2763123226896,-95.9395611390787,-2.560109686557943,4635.652875,44.71845469296006,0.6718098997269006,4292.5,206967,1789619698,2026-09-17T04:34:58Z,OANDA:XAUUSD
17.970072615535283,-124.25916946554662,-95.26827817134895,-2.4820215741110703,4635.652875,44.99459562825176,0.7524880653774587,4295.94,207967,1789619879,2026-09-17T04:37:59Z,OANDA:XAUUSD
17.970072615535283,-123.77488375126175,-95.59911685243844,-2.5204981295173035,4635.652875,44.85887761961916,0.7127353064304562,4294.245,208535,1789620054,2026-09-17T04:40:54Z,OANDA:XAUUSD
17.970072615535283,-124.25059803697604,-95.27413500231816,-2.482702575091706,4635.652875,44.99219934743966,0.7517844767235352,4295.91,209365,1789620244,2026-09-17T04:44:04Z,OANDA:XAUUSD
17.970072615535283,-125.0963123226893,-94.69603879038333,-2.4155104783350856,4635.652875,45.22763071881408,0.8212052239112336,4298.87,209979,1789620415,2026-09-17T04:46:55Z,OANDA:XAUUSD
17.970072615535283,-124.69631232268966,-94.9695186462302,-2.447290524098343,4635.652875,45.11652972601912,0.7883710867278718,4297.47,210550,1789620597,2026-09-17T04:49:57Z,OANDA:XAUUSD
17.970072615535283,-125.02916946554706,-94.74195135646404,-2.4208449860167693,4635.652875,45.20901304890909,0.8156937794554613,4298.635,211355,1789620779,2026-09-17T04:52:59Z,OANDA:XAUUSD
17.970072615535283,-124.4148837512612,-95.16187104832052,-2.469650056296083,4635.652875,45.03809174437868,0.7652699259238439,4296.485,212157,1789620958,2026-09-17T04:55:58Z,OANDA:XAUUSD
17.970072615535283,-124.61488375126191,-95.02517902184492,-2.4537600334144334,4635.652875,45.09385749963171,0.7816869945155461,4297.185,212789,1789621140,2026-09-17T04:59:00Z,OANDA:XAUUSD
17.970072615535283,-124.842026608404,-94.86990547736588,-2.435713507427455,4635.652875,45.15705438094064,0.8003320938446548,4297.98,213374,1789621318,2026-09-17T05:01:58Z,OANDA:XAUUSD
17.970072615535283,-124.74202660840363,-94.93826889132936,-2.443658518868259,4635.652875,45.1292497888722,0.792123559548825,4297.63,214234,1789621496,2026-09-17T05:04:56Z,OANDA:XAUUSD
17.970072615535283,-124.8277408941185,-94.87967206384738,-2.4368485090618406,4635.652875,45.15308402171568,0.7991594460881228,4297.93,215030,1789621680,2026-09-17T05:08:00Z,OANDA:XAUUSD
17.970072615535283,-124.4105980369759,-95.16479988838852,-2.4699905567863905,4635.652875,45.03689552418527,0.7649181315968928,4296.47,215900,1789621856,2026-09-17T05:10:56Z,OANDA:XAUUSD
17.970072615535283,-124.26202660840408,-95.26632588411358,-2.481794573784185,4635.652875,44.99539434212844,0.7527225949287736,4295.95,216577,1789622032,2026-09-17T05:13:52Z,OANDA:XAUUSD
17.970072615535283,-123.13345517983272,-96.03708092863016,-2.5714597029019663,4635.652875,44.67808697665765,0.6600834221614112,4292.0,217281,1789622218,2026-09-17T05:16:58Z,OANDA:XAUUSD
17.970072615535283,-122.3320266084038,-96.5839299393836,-2.635133294591945,4635.652875,44.45052651052384,0.5942978830190085,4289.195,218014,1789622396,2026-09-17T05:19:56Z,OANDA:XAUUSD
17.970072615535283,-121.66345517983154,-97.0398172690859,-2.688251371081978,4635.652875,44.25925274685892,0.5394179680125145,4286.855,219261,1789622575,2026-09-17T05:22:55Z,OANDA:XAUUSD
17.970072615535283,-121.65916946554626,-97.0427387219284,-2.688591871572286,4635.652875,44.258022383948514,0.5390661736855635,4286.84,220524,1789622762,2026-09-17T05:26:02Z,OANDA:XAUUSD
17.970072615535283,-121.86202660840443,-96.90444402580724,-2.672474848363772,4635.652875,44.31620006392435,0.5557177718285594,4287.55,221394,1789622932,2026-09-17T05:28:52Z,OANDA:XAUUSD
17.970072615535283,-123.1191694655472,-96.04683220427133,-2.572594704536373,4635.652875,44.67404696228397,0.658910774404858,4291.95,223673,1789623119,2026-09-17T05:31:59Z,OANDA:XAUUSD
17.970072615535283,-124.34916946554677,-95.20677866255105,-2.474871063814324,4635.652875,45.019743977674686,0.7598757462437289,4296.255,225614,1789623300,2026-09-17T05:35:00Z,OANDA:XAUUSD
17.970072615535283,-123.50345517983168,-95.78447833888109,-2.542063160570944,4635.652875,44.78251820042505,0.6904549990560306,4293.295,227950,1789623477,2026-09-17T05:37:57Z,OANDA:XAUUSD
17.970072615535283,-124.31916946554612,-95.2272790636279,-2.47725456724658,4635.652875,45.01136374998309,0.7574131859549651,4296.15,229953,1789623664,2026-09-17T05:41:04Z,OANDA:XAUUSD
17.970072615535283,-124.36774089411756,-95.19408765501504,-2.47339556168961,4635.652875,45.02493045775839,0.7614001883272331,4296.32,231961,1789623836,2026-09-17T05:43:56Z,OANDA:XAUUSD
17.970072615535283,-124.57488375126104,-95.05251943598074,-2.4569380379907675,4635.652875,45.08271340343597,0.7784035807972014,4297.045,233824,1789624015,2026-09-17T05:46:55Z,OANDA:XAUUSD
17.970072615535283,-124.71345517983264,-94.95780014191924,-2.445928522137072,4635.652875,45.12130044064165,0.7897782640357185,4297.53,234968,1789624194,2026-09-17T05:49:54Z,OANDA:XAUUSD
17.970072615535283,-125.80916946554588,-94.20840938559056,-2.35887389677841,4635.652875,45.42451746168037,0.8797203469630234,4301.365,236292,1789624378,2026-09-17T05:52:58Z,OANDA:XAUUSD
17.970072615535283,-126.76345517983192,-93.555130647261,-2.2830557876003303,4635.652875,45.68588016284184,0.9580532171004964,4304.705,237949,1789624559,2026-09-17T05:55:59Z,OANDA:XAUUSD
17.970072615535283,-126.7020266084046,-93.59720028146974,-2.287936294628264,4635.652875,45.66913132539725,0.9530108317473324,4304.49,239610,1789624739,2026-09-17T05:58:59Z,OANDA:XAUUSD
17.970072615535283,-126.77488375126175,-93.54730347641936,-2.282147786292809,4635.652875,45.68899508636699,0.9589913353057344,4304.745,241894,1789624927,2026-09-17T06:02:07Z,OANDA:XAUUSD
17.970072615535283,-127.83631232268908,-92.81999627008894,-2.197817164856711,4635.652875,45.97674435085529,1.0461190636173243,4308.46,243358,1789625092,2026-09-17T06:04:52Z,OANDA:XAUUSD
17.970072615535283,-127.92916946554668,-92.75633534413376,-2.1904396542331,4635.652875,46.00177259772115,1.0537412740348886,4308.785,245979,1789625279,2026-09-17T06:07:59Z,OANDA:XAUUSD
17.970072615535283,-128.3648837512619,-92.45754605222744,-2.1558221043838155,4635.652875,46.11890379502054,1.0895070306096442,4310.31,247838,1789625458,2026-09-17T06:10:58Z,OANDA:XAUUSD
17.970072615535283,-128.33916946554655,-92.4751828446581,-2.157865107325743,4635.652875,46.11200524578746,1.0873962646478526,4310.22,249719,1789625637,2026-09-17T06:13:57Z,OANDA:XAUUSD
17.970072615535283,-127.2720266084043,-93.20674192214555,-2.242649729415612,4635.652875,45.8241493152308,0.9997994772336328,4306.485,251872,1789625819,2026-09-17T06:16:59Z,OANDA:XAUUSD
17.970072615535283,-127.55202660840314,-93.01486283963848,-2.2204036973813155,4635.652875,45.89997495685387,1.0227833732620033,4307.465,253710,1789625995,2026-09-17T06:19:55Z,OANDA:XAUUSD
17.970072615535283,-127.69202660840438,-92.91890476642637,-2.209280681364177,4635.652875,45.93780823797531,1.0342753212761775,4307.955,255186,1789626179,2026-09-17T06:22:59Z,OANDA:XAUUSD
17.970072615535283,-127.887740894118,-92.784738582953,-2.193731158972856,4635.652875,45.990609014904905,1.0503405955409078,4308.64,256579,1789626356,2026-09-17T06:25:56Z,OANDA:XAUUSD
17.970072615535283,-128.26631232268937,-92.5251514905571,-2.1636536156611976,4635.652875,46.092449759836256,1.0814157610894504,4309.965,258485,1789626543,2026-09-17T06:29:03Z,OANDA:XAUUSD
17.970072615535283,-129.5691694655461,-91.63108861442124,-2.0601414666037146,4635.652875,46.44001926352411,1.1883612364867022,4314.525,260868,1789626719,2026-09-17T06:31:59Z,OANDA:XAUUSD
17.970072615535283,-129.2948837512604,-91.81940148312648,-2.0819334979842403,4635.652875,46.36721970108864,1.1578723948164469,4313.225,262428,1789626899,2026-09-17T06:34:59Z,OANDA:XAUUSD
17.970072615535283,-127.82916946554631,-92.82489303915985,-2.198384665673904,4635.652875,45.9748181400637,1.0455327397390588,4308.435,264267,1789627080,2026-09-17T06:38:00Z,OANDA:XAUUSD
17.970072615535283,-127.35345517983204,-93.15094544753504,-2.2361802200995013,4635.652875,45.84622255942498,1.0064835694459795,4306.77,265655,1789627254,2026-09-17T06:40:54Z,OANDA:XAUUSD
17.970072615535283,-128.01059803697444,-92.70050513364042,-2.183970144917009,4635.652875,46.0237013679026,1.060425366247214,4309.07,267223,1789627438,2026-09-17T06:43:58Z,OANDA:XAUUSD
17.970072615535283,-127.78059803697488,-92.85819021559482,-2.2022436712308733,4635.652875,45.96171626303866,1.0415457373667905,4308.265,269085,1789627618,2026-09-17T06:46:58Z,OANDA:XAUUSD
17.970072615535283,-128.6891694655469,-92.23509068414964,-2.130057567282898,4635.652875,46.20575082027905,1.116126134683289,4311.445,270615,1789627793,2026-09-17T06:49:53Z,OANDA:XAUUSD
17.970072615535283,-127.72631232269032,-92.89540294643844,-2.206556677441614,4635.652875,45.947065466483394,1.0370896758918926,4308.075,271927,1789627978,2026-09-17T06:52:58Z,OANDA:XAUUSD
17.970072615535283,-128.13631232269017,-92.61430291129952,-2.1739821305342573,4635.652875,46.05752135887563,1.0707446665048568,4309.51,273836,1789628159,2026-09-17T06:55:59Z,OANDA:XAUUSD
17.970072615535283,-128.23202660840343,-92.54866498844908,-2.166377619583761,4635.652875,46.08324226628944,1.0786014064737357,4309.845,274724,1789628335,2026-09-17T06:58:55Z,OANDA:XAUUSD
17.970072615535283,-128.90345517983314,-92.08805731414694,-2.1130325427668626,4635.652875,46.26298526354225,1.133715851031523,4312.195,277625,1789628524,2026-09-17T07:02:04Z,OANDA:XAUUSD
17.970072615535283,-128.98631232268872,-92.0311966369644,-2.10644953328733,4635.652875,46.28508327801067,1.1405172080195063,4312.485,279373,1789628692,2026-09-17T07:04:52Z,OANDA:XAUUSD
17.970072615535283,-129.7534551798317,-91.50453919650272,-2.0454999455199143,4635.652875,46.48882057155863,1.203488392546194,4315.17,280702,1789628878,2026-09-17T07:07:58Z,OANDA:XAUUSD
17.970072615535283,-130.08488375126126,-91.2768924042931,-2.019167907601783,4635.652875,46.576363842427256,1.230693820498126,4316.33,281574,1789629053,2026-09-17T07:10:53Z,OANDA:XAUUSD
17.970072615535283,-127.5770266084046,-89.86727314962253,-1.936766788944169,4635.652875,46.84847266948362,1.315828047623582,4319.96,283280,1789629241,2026-09-17T07:14:01Z,OANDA:XAUUSD
17.970072615535283,-123.53202660840452,-87.38637443994412,-1.7858115715686649,4635.652875,47.33984011510559,1.471790199244583,4326.61,284637,1789629410,2026-09-17T07:16:50Z,OANDA:XAUUSD
17.970072615535283,-121.17202660840394,-87.46233188996854,-1.8342761413576296,4635.652875,47.18307842027351,1.4217181400399592,4324.475,286525,1789629603,2026-09-17T07:20:03Z,OANDA:XAUUSD
17.970072615535283,-120.3548837512617,-88.02634584257744,-1.8991982348454568,4635.652875,46.97161545024317,1.354642688365346,4321.615,288453,1789629770,2026-09-17T07:22:50Z,OANDA:XAUUSD
17.970072615535283,-121.4720266084032,-87.25515703727733,-1.810441107035197,4635.652875,47.26029079814214,1.44634374292747,4325.525,290605,1789629962,2026-09-17T07:26:02Z,OANDA:XAUUSD
17.970072615535283,-122.24202660840363,-86.47428298498961,-1.7270184869066196,4635.652875,47.52876537708721,1.532533353033822,4329.2,291914,1789630137,2026-09-17T07:28:57Z,OANDA:XAUUSD
17.970072615535283,-119.51631232268936,-85.26434404960824,-1.667090400610168,4635.652875,47.71994783238609,1.5944491545796136,4331.84,293438,1789630313,2026-09-17T07:31:53Z,OANDA:XAUUSD
17.970072615535283,-118.63274089411787,-84.47346706482871,-1.6121563215050922,4635.652875,47.8939786273986,1.6512053059965843,4334.26,294797,1789630502,2026-09-17T07:35:02Z,OANDA:XAUUSD
17.970072615535283,-118.08131232268896,-84.85564704098843,-1.6559673845930298,4635.652875,47.75527927064962,1.6059411025937882,4332.33,296149,1789630675,2026-09-17T07:37:55Z,OANDA:XAUUSD
17.970072615535283,-118.0363123226889,-84.6952739995494,-1.642460865143636,4635.652875,47.79811758313281,1.6198956108967266,4332.925,297389,1789630864,2026-09-17T07:41:04Z,OANDA:XAUUSD
17.970072615535283,-117.2763123226905,-85.22180245846369,-1.702842952093838,4635.652875,47.606058130296205,1.5575107502483263,4330.265,298710,1789631034,2026-09-17T07:43:54Z,OANDA:XAUUSD
17.970072615535283,-118.43202660840323,-84.42097635405477,-1.6110213198706858,4635.652875,47.89756208916353,1.6523779537531376,4334.31,299821,1789631220,2026-09-17T07:47:00Z,OANDA:XAUUSD
17.970072615535283,-117.6520266084035,-84.63190728865278,-1.6435958667780424,4635.652875,47.794520428804645,1.6187229631401734,4332.875,301081,1789631397,2026-09-17T07:49:57Z,OANDA:XAUUSD
17.970072615535283,-117.13631232269016,-84.98926502491979,-1.6845694257799742,4635.652875,47.66433034877117,1.5763903791287497,4331.07,301854,1789631574,2026-09-17T07:52:54Z,OANDA:XAUUSD
17.970072615535283,-115.86774089411756,-85.86758089584933,-1.785357570914894,4635.652875,47.34130420950824,1.4722592583472127,4326.63,303380,1789631755,2026-09-17T07:55:55Z,OANDA:XAUUSD
17.970072615535283,-115.85631232268952,-85.87548897129479,-1.786265572222415,4635.652875,47.33837593928693,1.4713211401419746,4326.59,305058,1789631940,2026-09-17T07:59:00Z,OANDA:XAUUSD
17.970072615535283,-116.10345517983204,-85.70445821101859,-1.7666300439472593,4635.652875,47.40162724235738,1.4916079463302665,4327.455,306554,1789632134,2026-09-17T08:02:14Z,OANDA:XAUUSD
17.970072615535283,-116.10345517983204,-85.70445821101859,-1.7666300439472593,4635.652875,47.40162724235738,1.4916079463302665,4327.455,307546,1789632291,2026-09-17T08:04:51Z,OANDA:XAUUSD
17.970072615535283,-115.94059803697472,-85.81716495132974,-1.7795690625794396,4635.652875,47.35996427943991,1.4782397619056151,4326.885,308853,1789632479,2026-09-17T08:07:59Z,OANDA:XAUUSD
17.970072615535283,-115.6605980369759,-86.01090180182689,-1.8018150946137363,4635.652875,47.288178720594615,1.4552558658772448,4325.905,310345,1789632658,2026-09-17T08:10:58Z,OANDA:XAUUSD
17.970072615535283,-113.7991694655475,-87.29758322685298,-1.9497058075763496,4635.652875,46.80592844121825,1.3024598631989308,4319.39,312266,1789632838,2026-09-17T08:13:58Z,OANDA:XAUUSD
17.970072615535283,-114.06488375126082,-87.1140479812656,-1.92859477717648,4635.652875,46.8753076627086,1.3242711114707266,4320.32,313690,1789633017,2026-09-17T08:16:57Z,OANDA:XAUUSD
17.970072615535283,-112.86631232268974,-87.94157370970832,-2.023821414302831,4635.652875,46.560913676717085,1.225885964696277,4316.125,315720,1789633201,2026-09-17T08:20:01Z,OANDA:XAUUSD
17.970072615535283,-112.8977408941182,-87.91988627130847,-2.021324410707153,4635.652875,46.56920512043472,1.228465789760677,4316.235,317062,1789633376,2026-09-17T08:22:56Z,OANDA:XAUUSD
17.970072615535283,-112.87202660840468,-87.93763058587908,-2.0233674136490603,4635.652875,46.56242140333922,1.2263550237989067,4316.145,318435,1789633558,2026-09-17T08:25:58Z,OANDA:XAUUSD
17.970072615535283,-112.91202660840372,-87.91002813680865,-2.0201894090727466,4635.652875,46.57297310798634,1.2296384375172302,4316.285,320185,1789633738,2026-09-17T08:28:58Z,OANDA:XAUUSD
17.970072615535283,-112.4063123226906,-88.2589269776941,-2.060368466930579,4635.652875,46.439261953374206,1.188126706935409,4314.515,322166,1789633917,2026-09-17T08:31:57Z,OANDA:XAUUSD
17.970072615535283,-113.2205980369754,-87.69706070291136,-1.9956733737696573,4635.652875,46.65423212160562,1.2549676290586858,4317.365,324000,1789634098,2026-09-17T08:34:58Z,OANDA:XAUUSD
17.970072615535283,-113.4063123226906,-87.56885661614292,-1.9809183525224143,4635.652875,46.70301896840299,1.2702120498938347,4318.015,325214,1789634280,2026-09-17T08:38:00Z,OANDA:XAUUSD
17.970072615535283,-113.60345517983204,-87.43273899548556,-1.9652553299676712,4635.652875,46.75471053628633,1.2863945889342008,4318.705,326034,1789634452,2026-09-17T08:40:52Z,OANDA:XAUUSD
17.970072615535283,-112.50202660840388,-88.19290494251442,-2.0527639559800828,4635.652875,46.46462019061511,1.1959834469042874,4314.85,327125,1789634636,2026-09-17T08:43:56Z,OANDA:XAUUSD
17.970072615535283,-111.4063123226906,-88.94836090547578,-2.1398185813387443,4635.652875,46.172881384365176,1.1060413639769826,4311.015,328295,1789634816,2026-09-17T08:46:56Z,OANDA:XAUUSD
17.970072615535283,-111.7720266084043,-88.69629882931706,-2.1107625394980496,4635.652875,46.27060732209235,1.1360611465446295,4312.295,329815,1789635000,2026-09-17T08:50:00Z,OANDA:XAUUSD
17.970072615535283,-111.56488375126082,-88.83907880516011,-2.127220063196892,4635.652875,46.21529835925065,1.1190577540746611,4311.57,330659,1789635174,2026-09-17T08:52:54Z,OANDA:XAUUSD
17.970072615535283,-111.75488375126132,-88.70811613864129,-2.112124541459341,4635.652875,46.26603434645144,1.1346539692367614,4312.235,331776,1789635359,2026-09-17T08:55:59Z,OANDA:XAUUSD
17.970072615535283,-111.69631232268966,-88.74849053560303,-2.116778048160389,4635.652875,46.25040413799124,1.1298461134349125,4312.03,332642,1789635538,2026-09-17T08:58:58Z,OANDA:XAUUSD
17.970072615535283,-112.65488375126095,-88.08745467406858,-2.040619438491981,4635.652875,46.50506791782307,1.2085307778993577,4315.385,333733,1789635718,2026-09-17T09:01:58Z,OANDA:XAUUSD
17.970072615535283,-112.5277408941174,-88.17516668561689,-2.050720953038176,4635.652875,46.47142875990777,1.1980942128660577,4314.94,335449,1789635899,2026-09-17T09:04:59Z,OANDA:XAUUSD
17.970072615535283,-112.93916946554693,-87.89129732317399,-2.0180329059673765,4635.652875,46.58013082040312,1.2318664682546792,4316.38,336479,1789636078,2026-09-17T09:07:58Z,OANDA:XAUUSD
17.970072615535283,-113.3463123226893,-87.61027880133844,-1.9856853593869053,4635.652875,46.68726682471173,1.2652869293163285,4317.805,337165,1789636260,2026-09-17T09:11:00Z,OANDA:XAUUSD
17.970072615535283,-113.26345517983192,-87.66747709509539,-1.992268368866438,4635.652875,46.66549855056018,1.2584855723283452,4317.515,338510,1789636434,2026-09-17T09:13:54Z,OANDA:XAUUSD
17.970072615535283,-112.25916946554662,-88.36041216812754,-2.072058983764931,4635.652875,46.40023150788021,1.1760484350429468,4314.0,339911,1789636621,2026-09-17T09:17:01Z,OANDA:XAUUSD
17.970072615535283,-112.0448837512604,-88.50818149499224,-2.0890840082809663,4635.652875,46.34328920377124,1.1584587186947126,4313.25,340935,1789636796,2026-09-17T09:19:56Z,OANDA:XAUUSD
17.970072615535283,-111.55774089411808,-88.84400176605823,-2.127787564014085,4635.652875,46.2133891225894,1.1184714301963954,4311.545,341831,1789636978,2026-09-17T09:22:58Z,OANDA:XAUUSD
17.970072615535283,-111.48202660840344,-88.89618315766224,-2.1338030726764248,4635.652875,46.19314287739691,1.120347666606872,4311.625,343099,1789637159,2026-09-17T09:25:59Z,OANDA:XAUUSD
17.970072615535283,-110.28345517983234,-89.72173928502276,-2.229029709802776,4635.652875,45.87059838582709,1.0138712503122287,4307.085,344366,1789637343,2026-09-17T09:29:03Z,OANDA:XAUUSD
17.970072615535283,-110.38488375126052,-89.65191229574893,-2.2209711981985287,4635.652875,45.89804326761611,1.0221970493837158,4307.44,346155,1789637515,2026-09-17T09:31:55Z,OANDA:XAUUSD
17.970072615535283,-110.62916946554742,-89.4837106331577,-2.201562670250238,4635.652875,45.96402882073078,1.042249326020714,4308.295,347079,1789637699,2026-09-17T09:34:59Z,OANDA:XAUUSD
17.970072615535283,-110.48774089411836,-89.58109515997097,-2.2127991864308187,4635.652875,45.925846290511785,1.030640113230882,4307.8,348507,1789637879,2026-09-17T09:37:59Z,OANDA:XAUUSD
17.970072615535283,-111.25631232268915,-89.05172115664963,-2.151736098499981,4635.652875,46.13269559607669,1.0937285625332058,4310.49,349960,1789638056,2026-09-17T09:40:56Z,OANDA:XAUUSD
17.970072615535283,-111.0820266084038,-89.17179796838187,-2.1655831184396823,4635.652875,46.0859281101304,1.0794222599033163,4309.88,351020,1789638237,2026-09-17T09:43:57Z,OANDA:XAUUSD
17.970072615535283,-110.666312322689,-89.4581327935053,-2.1986116660007893,4635.652875,45.97404761728598,1.045298210187744,4308.425,352563,1789638418,2026-09-17T09:46:58Z,OANDA:XAUUSD
17.970072615535283,-110.8977408941182,-89.2987434441994,-2.1802246395234826,4635.652875,46.03638883301714,1.0642951038438246,4309.235,353708,1789638603,2026-09-17T09:50:03Z,OANDA:XAUUSD
17.970072615535283,-110.9577408941177,-89.25741472735677,-2.175457632658992,4635.652875,46.05252789207601,1.0692202244213311,4309.445,355040,1789638779,2026-09-17T09:52:59Z,OANDA:XAUUSD
17.970072615535283,-110.97774089411814,-89.2436379802911,-2.173868630370815,4635.652875,46.0579054334176,1.070861931280514,4309.515,356180,1789638959,2026-09-17T09:55:59Z,OANDA:XAUUSD
17.970072615535283,-109.94631232268966,-89.95379335459587,-2.255815748374678,4635.652875,45.77917270866293,0.9861967632576668,4305.905,357455,1789639136,2026-09-17T09:58:56Z,OANDA:XAUUSD
17.970072615535283,-110.22774089411814,-89.76009217727753,-2.233456216176938,4635.652875,45.85551117677757,1.0092979240616946,4306.89,358564,1789639319,2026-09-17T10:01:59Z,OANDA:XAUUSD
17.970072615535283,-110.63059803697524,-89.48272688628992,-2.201449170086795,4635.652875,45.96441422776967,1.0423665907963715,4308.3,359562,1789639493,2026-09-17T10:04:53Z,OANDA:XAUUSD
17.970072615535283,-111.4148837512612,-88.94245417351976,-2.1391375803581085,4635.652875,46.17517590421453,1.106744952630906,4311.045,360244,1789639678,2026-09-17T10:07:58Z,OANDA:XAUUSD
17.970072615535283,-111.13202660840489,-89.13735167679509,-2.16161061271927,4635.652875,46.09935331650448,1.083526527051242,4310.055,361160,1789639856,2026-09-17T10:10:56Z,OANDA:XAUUSD
17.970072615535283,-111.78059803697488,-88.69039010457875,-2.110081538517414,4635.652875,46.272893518041286,1.1367647351985528,4312.325,362069,1789640037,2026-09-17T10:13:57Z,OANDA:XAUUSD
17.970072615535283,-111.05345517983278,-89.1914808505107,-2.167853121708496,4635.652875,46.07825356055453,1.07707696439021,4309.78,363063,1789640214,2026-09-17T10:16:54Z,OANDA:XAUUSD
17.970072615535283,-110.41202660840372,-89.6332250926548,-2.2188146950931587,4635.652875,45.90538295294976,1.024425080121165,4307.535,364717,1789640400,2026-09-17T10:20:00Z,OANDA:XAUUSD
17.970072615535283,-110.9577408941177,-89.25741472735677,-2.175457632658992,4635.652875,46.05252789207601,1.0692202244213311,4309.445,365356,1789640577,2026-09-17T10:22:57Z,OANDA:XAUUSD
17.970072615535283,-112.14488375126076,-88.43922611126084,-2.0811389968401417,4635.652875,46.36987732766763,1.1666672529905635,4313.6,366363,1789640759,2026-09-17T10:25:59Z,OANDA:XAUUSD
17.970072615535283,-112.46916946554757,-88.21556988051087,-2.055374459739224,4635.652875,46.455917831129504,1.1932863570642085,4314.735,367772,1789640937,2026-09-17T10:28:57Z,OANDA:XAUUSD
17.970072615535283,-112.26916946554684,-88.35351555270461,-2.071264482620853,4635.652875,46.40288586392632,1.1768692884725276,4314.035,369478,1789641124,2026-09-17T10:32:04Z,OANDA:XAUUSD
17.970072615535283,-112.34488375126148,-88.30129625681477,-2.065248973958513,4635.652875,46.42297460359448,1.1830843215822446,4314.3,370638,1789641292,2026-09-17T10:34:52Z,OANDA:XAUUSD
17.970072615535283,-113.51774089411902,-87.49192361362381,-1.9720653397740893,4635.652875,46.73224826714267,1.279358702394903,4318.405,372373,1789641481,2026-09-17T10:38:01Z,OANDA:XAUUSD
17.970072615535283,-112.97345517983284,-87.86763667735681,-2.015308902044813,4635.652875,46.58916940049288,1.234680822870394,4316.5,373421,1789641661,2026-09-17T10:41:01Z,OANDA:XAUUSD
17.970072615535283,-112.55631232269025,-88.15545701764103,-2.048450949769363,4635.652875,46.478991806048754,1.232100997805994,4316.39,374273,1789641832,2026-09-17T10:43:52Z,OANDA:XAUUSD
17.970072615535283,-113.1005980369746,-87.77988857913701,-2.005207387498639,4635.652875,46.62266078308304,1.2451173879036728,4316.945,374863,1789642022,2026-09-17T10:47:02Z,OANDA:XAUUSD
17.970072615535283,-113.43774089411907,-87.5471583653996,-1.9784213489267368,4635.652875,46.71126637691816,1.2727918749582348,4318.125,375375,1789642195,2026-09-17T10:49:55Z,OANDA:XAUUSD
17.970072615535283,-114.67059803697612,-86.69549818208695,-1.880470707877823,4635.652875,47.03278795627176,1.3739913763483993,4322.44,376355,1789642378,2026-09-17T10:52:58Z,OANDA:XAUUSD
17.970072615535283,-114.4248837512614,-86.86531547741453,-1.899992735989536,4635.652875,46.969017128483344,1.3538218349357651,4321.58,377701,1789642559,2026-09-17T10:55:59Z,OANDA:XAUUSD
17.970072615535283,-115.28345517983234,-86.27177425945516,-1.831779137761952,4635.652875,47.191177936186754,1.4242979651043592,4324.585,378806,1789642741,2026-09-17T10:59:01Z,OANDA:XAUUSD
17.970072615535283,-116.30774089411808,-85.56305646790663,-1.7503995205753022,4635.652875,47.45379552191213,1.5083768092489194,4328.17,381197,1789642917,2026-09-17T11:01:57Z,OANDA:XAUUSD
17.970072615535283,-116.9148837512612,-85.14264888265457,-1.7021619511132022,4635.652875,47.60823209352888,1.5582143389022496,4330.295,383743,1789643095,2026-09-17T11:04:55Z,OANDA:XAUUSD
17.970072615535283,-117.54345517983256,-84.70715466130396,-1.652221879199503,4635.652875,47.76716584633965,1.609810840190399,4332.495,386160,1789643274,2026-09-17T11:07:54Z,OANDA:XAUUSD
17.970072615535283,-116.2205980369754,-82.95768125412647,-1.5197671884647477,4635.652875,48.18406841878506,1.7466588333796618,4338.33,388588,1789643462,2026-09-17T11:11:02Z,OANDA:XAUUSD
17.970072615535283,-112.79631232269004,-83.88892909955833,-1.6631178948897556,4635.652875,47.73257168762813,1.5985534217275394,4332.015,391021,1789643630,2026-09-17T11:13:50Z,OANDA:XAUUSD
17.970072615535283,-112.73345517983124,-83.93253749370609,-1.6681119020811317,4635.652875,47.716700712494166,1.593393771598718,4331.795,393435,1789643818,2026-09-17T11:16:58Z,OANDA:XAUUSD
17.970072615535283,-111.61345517983229,-84.70913475328237,-1.757096030218278,4635.652875,47.432284091634656,1.501458187485279,4327.875,395189,1789643997,2026-09-17T11:19:57Z,OANDA:XAUUSD
17.970072615535283,-112.78774089411765,-83.89487584812531,-1.6637988958704115,4635.652875,47.730408031149295,1.5978498330735946,4331.985,396593,1789644178,2026-09-17T11:22:58Z,OANDA:XAUUSD
17.970072615535283,-111.83916946554656,-84.55269136402819,-1.7391630043947215,4635.652875,47.489851444281605,1.5199860220387515,4328.665,398529,1789644355,2026-09-17T11:25:55Z,OANDA:XAUUSD
17.970072615535283,-111.6105980369748,-84.7111148400283,-1.7573230305451633,4635.652875,47.43155458196342,1.501223657933964,4327.865,400759,1789644540,2026-09-17T11:29:00Z,OANDA:XAUUSD
17.970072615535283,-111.42774089411704,-84.83782950918713,-1.7718510514655,4635.652875,47.38482381061317,1.4862137666501514,4327.225,401840,1789644717,2026-09-17T11:31:57Z,OANDA:XAUUSD
17.970072615535283,-111.51916946554684,-84.77447485328229,-1.7645870410053317,4635.652875,47.40819957701563,1.4937187122920577,4327.545,403497,1789644897,2026-09-17T11:34:57Z,OANDA:XAUUSD
17.970072615535283,-111.02059803697466,-85.11989068154699,-1.804198598045972,4635.652875,47.280475796544,1.452793305588502,4325.8,405025,1789645077,2026-09-17T11:37:57Z,OANDA:XAUUSD
17.970072615535283,-110.63059803697524,-85.38997603972321,-1.8351841426651507,4635.652875,47.18013252572976,1.420780021834721,4324.435,405975,1789645260,2026-09-17T11:41:00Z,OANDA:XAUUSD
17.970072615535283,-110.8320266084038,-85.25049356426604,-1.819180619620079,4635.652875,47.232005819246446,1.4373143552020593,4325.14,406842,1789645440,2026-09-17T11:44:00Z,OANDA:XAUUSD
17.970072615535283,-111.57202660840358,-84.7378454989831,-1.760387534958055,4635.652875,47.42170421929927,1.4980575089912769,4327.73,408180,1789645616,2026-09-17T11:46:56Z,OANDA:XAUUSD
17.970072615535283,-112.9020266084035,-83.81558198866195,-1.6547188827951806,4635.652875,47.75924206361552,1.607231015125999,4332.385,410126,1789645802,2026-09-17T11:50:02Z,OANDA:XAUUSD
17.970072615535283,-114.35202660840424,-82.80881245783912,-1.5395162169033458,4635.652875,48.1223308061766,1.7262547624157123,4337.46,411833,1789645974,2026-09-17T11:52:54Z,OANDA:XAUUSD
17.970072615535283,-113.67916946554668,-81.57802548209972,-1.442019576508182,4635.652875,48.42569465346087,1.8269852047032689,4341.755,413681,1789646156,2026-09-17T11:55:56Z,OANDA:XAUUSD
17.970072615535283,-110.08345517983344,-79.54116192677704,-1.3248874078378623,4635.652875,48.78549607250198,1.948002453179116,4346.915,415864,1789646339,2026-09-17T11:58:59Z,OANDA:XAUUSD
17.970072615535283,-104.80559803697544,-77.2408260370422,-1.2146787491373832,4635.652875,49.11947617304386,2.022348320944321,4350.085,423589,1789646519,2026-09-17T12:01:59Z,OANDA:XAUUSD
17.970072615535283,-104.29416946554738,-77.5987183925084,-1.2553118076490073,4635.652875,48.99684851633718,2.0198857606555576,4349.98,428101,1789646691,2026-09-17T12:04:51Z,OANDA:XAUUSD
17.970072615535283,-103.28845517983244,-78.30201082612214,-1.3352159227109222,4635.652875,48.75397134111042,1.9373313585945229,4346.46,432737,1789646880,2026-09-17T12:08:00Z,OANDA:XAUUSD
17.970072615535283,-104.564169465546,-76.79772365099171,-1.1798341989612342,4635.652875,49.2241658435855,2.097866836466079,4353.305,436780,1789647057,2026-09-17T12:10:57Z,OANDA:XAUUSD
17.970072615535283,-103.96345517983173,-76.42143213882044,-1.1572476664366298,4635.652875,49.29179674604332,2.1212025268214005,4354.3,441019,1789647240,2026-09-17T12:14:00Z,OANDA:XAUUSD
17.970072615535283,-100.9948837512602,-74.52611251803499,-1.0427260015254307,4635.652875,49.631955222809005,2.2395226854571906,4359.345,444494,1789647423,2026-09-17T12:17:03Z,OANDA:XAUUSD
17.970072615535283,-95.80059803697532,-72.18321685014372,-0.9286583372680024,4635.652875,49.966258742823726,2.357373784990352,4364.37,448275,1789647601,2026-09-17T12:20:01Z,OANDA:XAUUSD
17.87049066160052,-90.55131232269014,-69.09451146892421,-0.7510305814840382,4635.652875,50.47809550498953,2.540893158890257,4372.195,453012,1789647779,2026-09-17T12:22:59Z,OANDA:XAUUSD
17.858013943749786,-89.1241694655464,-69.36737378682241,-0.8000626520902165,4635.652875,50.33785826782354,2.490234775807345,4370.035,456986,1789647957,2026-09-17T12:25:57Z,OANDA:XAUUSD
17.76446527079859,-85.42845517983278,-66.37365650270259,-0.6042748701558106,4635.652875,50.89314017765677,2.6925165138120386,4378.66,461689,1789648137,2026-09-17T12:28:57Z,OANDA:XAUUSD
17.75981895744644,-83.24274089411938,-67.6416339574722,-0.7533005847528306,4635.652875,50.4716205274041,2.5385478633771714,4372.095,466234,1789648315,2026-09-17T12:31:55Z,OANDA:XAUUSD
17.75981895744644,-82.58988375126228,-68.10430750092983,-0.8051701594450148,4635.652875,50.3232045323144,2.484957860902888,4369.81,470115,1789648498,2026-09-17T12:34:58Z,OANDA:XAUUSD
17.75981895744644,-81.68702660840336,-68.74368839666502,-0.8769022627392609,4635.652875,50.11648356497358,2.410846522688977,4366.65,473717,1789648675,2026-09-17T12:37:55Z,OANDA:XAUUSD
17.75981895744644,-82.07131232268966,-68.47161281411523,-0.8463707187738317,4635.652875,50.204680740789286,2.44239074734015,4367.995,476802,1789648859,2026-09-17T12:40:59Z,OANDA:XAUUSD
17.75981895744644,-80.72274089411894,-69.42597582441441,-0.9535148730614196,4635.652875,49.89378920839922,2.331692799121923,4363.275,479268,1789649034,2026-09-17T12:43:54Z,OANDA:XAUUSD
17.75981895744644,-80.15845517983234,-69.82495528389548,-0.9983474376203004,4635.652875,49.76254713423048,2.2853732127382527,4361.3,482065,1789649216,2026-09-17T12:46:56Z,OANDA:XAUUSD
17.75981895744644,-81.49131232268974,-68.88221721290213,-0.8924517851305616,4635.652875,50.0714451144529,2.3947812484242683,4365.965,484772,1789649395,2026-09-17T12:49:55Z,OANDA:XAUUSD
17.75981895744644,-83.1798837512606,-67.68619249890475,-0.7582945919442067,4635.652875,50.457369614924296,2.53338821324835,4371.875,487346,1789649581,2026-09-17T12:53:01Z,OANDA:XAUUSD
17.75981895744644,-83.5727408941193,-67.40765862468243,-0.7270820469981419,4635.652875,50.54630351352138,2.565636026553446,4373.25,489247,1789649762,2026-09-17T12:56:02Z,OANDA:XAUUSD
17.75981895744644,-83.6055980369756,-67.38435842509044,-0.7244715432390215,4635.652875,50.55372715471604,2.568333116393504,4373.365,491006,1789649934,2026-09-17T12:58:54Z,OANDA:XAUUSD
17.75981895744644,-82.69702660840358,-68.0283957697145,-0.7966576471869972,4635.652875,50.34762262290641,2.493752719077005,4370.185,494900,1789650115,2026-09-17T13:01:55Z,OANDA:XAUUSD
17.75981895744644,-82.21416946554655,-68.3704445498893,-0.8350207024298082,4635.652875,50.2373883276429,2.454117224905639,4368.495,499952,1789650303,2026-09-17T13:05:03Z,OANDA:XAUUSD
17.75981895744644,-81.91274089411763,-68.58389376546285,-0.8589692369157045,4635.652875,50.16832493264411,2.429374357242449,4367.44,504632,1789650480,2026-09-17T13:08:00Z,OANDA:XAUUSD
17.75981895744644,-81.1698837512622,-69.10967306688711,-0.9179893219046144,4635.652875,49.99730012875781,2.368396673901917,4364.84,507792,1789650660,2026-09-17T13:11:00Z,OANDA:XAUUSD
17.75981895744644,-80.24845517983249,-69.76133468157303,-0.9911969273235746,4635.652875,49.78352547799134,2.292760893604502,4361.615,510796,1789650839,2026-09-17T13:13:59Z,OANDA:XAUUSD
17.75981895744644,-82.86131232269054,-67.91198300772517,-0.7836051283913742,4635.652875,50.38501710741834,2.507238168277314,4370.76,513871,1789651017,2026-09-17T13:16:57Z,OANDA:XAUUSD
17.75981895744644,-83.5270266084035,-67.44007510221152,-0.7307140522282262,4635.652875,50.53597126032507,2.561883553732493,4373.09,516822,1789651202,2026-09-17T13:20:02Z,OANDA:XAUUSD
17.75981895744644,-83.7070266084038,-67.31242720352057,-0.716413031634754,4635.652875,50.57662955946362,2.5766589154650124,4373.72,519236,1789651374,2026-09-17T13:22:54Z,OANDA:XAUUSD
17.75981895744644,-82.13988375126155,-68.42305373362643,-0.8409227109287054,4635.652875,50.220385746635365,2.44801945657158,4368.235,521929,1789651554,2026-09-17T13:25:54Z,OANDA:XAUUSD
17.75981895744644,-81.59845517983285,-68.80638340890584,-0.8839392728725439,4635.652875,50.096111269984135,2.403576106598386,4366.34,524557,1789651738,2026-09-17T13:28:58Z,OANDA:XAUUSD
17.75981895744644,-81.37131232269076,-68.96714205811963,-0.901985798859543,4635.652875,50.04379005596628,2.384931007269256,4365.545,528347,1789651919,2026-09-17T13:31:59Z,OANDA:XAUUSD
17.75981895744644,-82.21131232268908,-68.37246804759852,-0.8352477027566937,4635.652875,50.23673459699129,2.453882695354324,4368.485,533318,1789652096,2026-09-17T13:34:56Z,OANDA:XAUUSD
17.75981895744644,-82.38702660840408,-68.24801288141533,-0.8212871826535291,4635.652875,50.27690710387546,2.468306262759892,4369.1,538373,1789652275,2026-09-17T13:37:55Z,OANDA:XAUUSD
17.75981895744644,-80.10416946554778,-69.86332702959267,-1.002660443831041,4635.652875,49.74988505330487,2.280917151263355,4361.11,543659,1789652461,2026-09-17T13:41:01Z,OANDA:XAUUSD
17.75981895744644,-80.24274089411938,-69.76537424391063,-0.9916509279773248,4635.652875,49.78219404056075,2.292291834501893,4361.595,549133,1789652635,2026-09-17T13:43:55Z,OANDA:XAUUSD
17.75981895744644,-80.58702660840481,-69.52195212013746,-0.9642973885882296,4635.652875,49.86228732638882,2.320552645434721,4362.8,554218,1789652814,2026-09-17T13:46:54Z,OANDA:XAUUSD
17.75981895744644,-81.79559803697612,-68.66682936475806,-0.8682762503178005,4635.652875,50.14143337589304,2.419758645638752,4367.03,559354,1789653000,2026-09-17T13:50:00Z,OANDA:XAUUSD
17.75981895744644,-82.27131232269039,-68.32997346051148,-0.830480695892203,4635.652875,50.250459334688905,2.4588078159318307,4368.695,563629,1789653173,2026-09-17T13:52:53Z,OANDA:XAUUSD
17.75981895744644,-82.17845517983278,-68.3957378827504,-0.8378582065158141,4635.652875,50.229215459779326,2.451185605514267,4368.37,567548,1789653363,2026-09-17T13:56:03Z,OANDA:XAUUSD
17.75981895744644,-81.62845517983351,-68.78514858282928,-0.8815557694403089,4635.652875,50.10301342674729,2.4060386668871283,4366.445,571567,1789653538,2026-09-17T13:58:58Z,OANDA:XAUUSD
17.75981895744644,-82.01416946554764,-68.5120763365733,-0.8509107253114371,4635.652875,50.191585664118826,2.437700156313958,4367.795,574551,1789653724,2026-09-17T14:02:04Z,OANDA:XAUUSD
17.75981895744644,-82.44416946554793,-68.20753525034668,-0.8167471761159237,4635.652875,50.28995736131268,2.472996853786084,4369.3,577556,1789653903,2026-09-17T14:05:03Z,OANDA:XAUUSD
17.75981895744644,-83.938455179833,-67.14827688499375,-0.6980260051574475,4635.652875,50.62880640474612,2.595655809121093,4374.53,581584,1789654077,2026-09-17T14:07:57Z,OANDA:XAUUSD
17.75981895744644,-84.79845517983358,-66.53797458409409,-0.6296989067664208,4635.652875,50.821736564568646,2.6662492040653447,4377.54,584908,1789654255,2026-09-17T14:10:55Z,OANDA:XAUUSD
17.75981895744644,-83.23845517983227,-67.64467212306991,-0.7536410852431586,4635.652875,50.470649134724574,2.5381960690501995,4372.08,588693,1789654438,2026-09-17T14:13:58Z,OANDA:XAUUSD
17.75981895744644,-82.45559803697597,-68.19943946459165,-0.8158391748084027,4635.652875,50.29256659080647,2.4739349719913224,4369.34,591537,1789654618,2026-09-17T14:16:58Z,OANDA:XAUUSD
17.75981895744644,-82.2770266084035,-68.32592623264614,-0.8300266952384321,4635.652875,50.25176605773769,2.4592768750344605,4368.715,594943,1789654799,2026-09-17T14:19:59Z,OANDA:XAUUSD
17.75981895744644,-82.38702660840408,-68.24801288141533,-0.8212871826535291,4635.652875,50.27690710387546,2.468306262759892,4369.1,597041,1789654976,2026-09-17T14:22:56Z,OANDA:XAUUSD
17.75981895744644,-82.71274089411872,-68.01726140953205,-0.7954091453891686,4635.652875,50.35120192446036,2.4950426316091945,4370.24,600789,1789655159,2026-09-17T14:25:59Z,OANDA:XAUUSD
17.75981895744644,-81.8555980369756,-68.62435128994169,-0.8635092434533098,4635.652875,50.15521072491522,2.4246837662162584,4367.24,603776,1789655338,2026-09-17T14:28:58Z,OANDA:XAUUSD
17.75981895744644,-81.78702660840372,-68.67289746667191,-0.8689572512984362,4635.652875,50.13946456141583,2.419055056984828,4367.0,606008,1789655519,2026-09-17T14:31:59Z,OANDA:XAUUSD
17.75981895744644,-81.59274089411792,-68.81042807017154,-0.8843932735263148,4635.652875,50.09479635695266,2.403107047495756,4366.32,608084,1789655698,2026-09-17T14:34:58Z,OANDA:XAUUSD
17.75981895744644,-80.99274089411938,-69.23499731515376,-0.9320633421712012,4635.652875,49.95634380302053,2.353855841720713,4364.22,610026,1789655878,2026-09-17T14:37:58Z,OANDA:XAUUSD
17.75981895744644,-80.42845517983278,-69.63407742975808,-0.9768959067301024,4635.652875,49.82542964808172,2.307536255337021,4362.245,611900,1789656058,2026-09-17T14:40:58Z,OANDA:XAUUSD
17.75981895744644,-79.73845517983227,-70.12178072443216,-1.0317164856717354,4635.652875,49.66441598817408,2.250897368695708,4359.83,614070,1789656235,2026-09-17T14:43:55Z,OANDA:XAUUSD
17.75981895744644,-80.58559803697517,-69.52296233221259,-0.9644108887516724,4635.652875,49.86195551695807,2.320435380659064,4362.795,616554,1789656418,2026-09-17T14:46:58Z,OANDA:XAUUSD
17.75981895744644,-79.7298837512617,-70.1278371742303,-1.0323974866523709,4635.652875,49.662409319808944,2.2501937800417844,4359.8,619806,1789656603,2026-09-17T14:50:03Z,OANDA:XAUUSD
17.75981895744644,-79.68559803697553,-70.15912805921535,-1.0359159917190124,4635.652875,49.65203898392322,2.2465585719964887,4359.645,623420,1789656774,2026-09-17T14:52:54Z,OANDA:XAUUSD
17.75981895744644,-78.79131232269083,-70.79072525497718,-1.1069670940326022,4635.652875,49.44170694086546,2.173150822436522,4356.515,626696,1789656962,2026-09-17T14:56:02Z,OANDA:XAUUSD
17.75981895744644,-77.84988375126068,-71.45504808031407,-1.1817637017397191,4635.652875,49.21837996445538,2.095873335279945,4353.22,629438,1789657135,2026-09-17T14:58:55Z,OANDA:XAUUSD
17.75981895744644,-77.59845517983285,-71.63237092908595,-1.2017397305052029,4635.652875,49.15840151519267,2.075234734764681,4352.34,633620,1789657315,2026-09-17T15:01:55Z,OANDA:XAUUSD
17.75981895744644,-78.8555980369756,-70.7453404897832,-1.101859586677804,4635.652875,49.45688526194724,2.17842773734098,4356.74,637029,1789657501,2026-09-17T15:05:01Z,OANDA:XAUUSD
17.75981895744644,-79.2770266084035,-70.4477506758984,-1.0683770384629263,4635.652875,49.55616233266393,2.213020846159182,4358.215,640052,1789657681,2026-09-17T15:08:01Z,OANDA:XAUUSD
17.75981895744644,-78.89274089411902,-70.71911693956174,-1.0989085824283555,4635.652875,49.46565080533818,2.181476621508009,4356.87,642446,1789657853,2026-09-17T15:10:53Z,OANDA:XAUUSD
17.75981895744644,-79.79559803697612,-70.08140315346226,-1.02717647913413,4635.652875,49.67778968976626,2.2555879597218995,4360.03,646635,1789658045,2026-09-17T15:14:05Z,OANDA:XAUUSD
17.75981895744644,-80.57988375126206,-69.52700316703003,-0.9648648894054432,4635.652875,49.860628235315886,2.319966321556434,4362.775,648590,1789658220,2026-09-17T15:17:00Z,OANDA:XAUUSD
17.75981895744644,-80.76988375126075,-69.39263384209453,-0.9497693676678928,4635.652875,49.90472270571983,2.3388459504368786,4363.58,650500,1789658398,2026-09-17T15:19:58Z,OANDA:XAUUSD
17.75981895744644,-80.13845517983191,-69.83909246920587,-0.9999364399084776,4635.652875,49.757882899528624,2.2837315058790697,4361.23,652789,1789658581,2026-09-17T15:23:01Z,OANDA:XAUUSD
17.75981895744644,-80.1327408941188,-69.84313161650017,-1.000390440562228,4635.652875,49.75655010196039,2.2832624467764613,4361.21,655026,1789658757,2026-09-17T15:25:57Z,OANDA:XAUUSD
17.75981895744644,-78.99845517983249,-70.64447570422621,-1.0905095703337806,4635.652875,49.49058225753448,2.190154214906469,4357.24,656881,1789658939,2026-09-17T15:28:59Z,OANDA:XAUUSD
17.75981895744644,-79.3227408941193,-70.41546270684074,-1.064745033232842,4635.652875,49.56690792871272,2.2167733189801355,4358.375,658969,1789659118,2026-09-17T15:31:58Z,OANDA:XAUUSD
17.75981895744644,-79.21416946554655,-70.49214438316028,-1.0733710456543024,4635.652875,49.54137965917507,2.2078611960303607,4357.995,660848,1789659296,2026-09-17T15:34:56Z,OANDA:XAUUSD
17.75981895744644,-80.65416946554706,-69.4744706316919,-0.958962880906546,4635.652875,49.877877417252144,2.3260640898904934,4363.035,662431,1789659480,2026-09-17T15:38:00Z,OANDA:XAUUSD
17.75981895744644,-80.9570266084038,-69.26026178790337,-0.9349008462572072,4635.652875,49.94807835091898,2.3509242223293403,4364.095,664427,1789659663,2026-09-17T15:41:03Z,OANDA:XAUUSD
17.75981895744644,-81.08702660840481,-69.16829505576074,-0.9245723313841472,4635.652875,49.97815148578989,2.3615953169139345,4364.55,666456,1789659836,2026-09-17T15:43:56Z,OANDA:XAUUSD
17.75981895744644,-81.41416946554727,-68.93681284965692,-0.8985807939563442,4635.652875,50.05367037874544,2.388448950538894,4365.695,668470,1789660019,2026-09-17T15:46:59Z,OANDA:XAUUSD
17.75981895744644,-81.56416946554691,-68.8306510524552,-0.886663276795107,4635.652875,50.088220752262814,2.400761751982671,4366.22,670190,1789660203,2026-09-17T15:50:03Z,OANDA:XAUUSD
17.75981895744644,-81.85131232269032,-68.62738551715596,-0.8638497439436172,4635.652875,50.15422688107165,2.424331971889307,4367.225,671868,1789660383,2026-09-17T15:53:03Z,OANDA:XAUUSD
17.75981895744644,-81.86845517983329,-68.61524853536184,-0.862487741982346,4635.652875,50.15816202343337,2.425739149197154,4367.285,673179,1789660557,2026-09-17T15:55:57Z,OANDA:XAUUSD
17.75981895744644,-82.24988375126213,-68.34515037242141,-0.8321831983438024,4635.652875,50.2455585118115,2.457048844297012,4368.62,675417,1789660740,2026-09-17T15:59:00Z,OANDA:XAUUSD
17.75981895744644,-83.25702660840489,-67.63150665084913,-0.7521655831184241,4635.652875,50.47485822783347,2.535498979210142,4371.965,677266,1789660917,2026-09-17T16:01:57Z,OANDA:XAUUSD
17.75981895744644,-82.62131232269076,-68.08204084808902,-0.8026731558493371,4635.652875,50.33036966105996,2.4875376859672884,4369.92,678572,1789661098,2026-09-17T16:04:58Z,OANDA:XAUUSD
17.75981895744644,-82.2070266084038,-68.37550328402813,-0.8355882032470011,4635.652875,50.23575396880811,2.4535309010273734,4368.47,680158,1789661279,2026-09-17T16:07:59Z,OANDA:XAUUSD
17.75981895744644,-82.51988375126075,-68.15389905762362,-0.8107316674536045,4635.652875,50.307238404472,2.47921188689578,4369.565,681825,1789661459,2026-09-17T16:10:59Z,OANDA:XAUUSD
17.75981895744644,-82.04274089411865,-68.49184484555298,-0.8486407220426241,4635.652875,50.19813406327038,2.4400454518270647,4367.895,683303,1789661637,2026-09-17T16:13:57Z,OANDA:XAUUSD
17.75981895744644,-81.80845517983198,-68.65772712072219,-0.8672547488468367,4635.652875,50.14438630609568,2.420814028619647,4367.075,684637,1789661816,2026-09-17T16:16:56Z,OANDA:XAUUSD
17.75981895744644,-81.87702660840387,-68.60917997152612,-0.8618067410017104,4635.652875,50.16012936162456,2.4264427378510773,4367.315,685831,1789661999,2026-09-17T16:19:59Z,OANDA:XAUUSD
17.75981895744644,-81.82845517983242,-68.64356785699619,-0.8656657465586594,4635.652875,50.14897905789737,2.4224557354788305,4367.145,687026,1789662180,2026-09-17T16:23:00Z,OANDA:XAUUSD
17.75981895744644,-81.79559803697612,-68.66682936475806,-0.8682762503178005,4635.652875,50.14143337589304,2.419758645638752,4367.03,688484,1789662361,2026-09-17T16:26:01Z,OANDA:XAUUSD
17.75981895744644,-81.76131232269017,-68.69110148069669,-0.8710002542403636,4635.652875,50.13355718493938,2.4169442910230368,4366.91,690096,1789662542,2026-09-17T16:29:02Z,OANDA:XAUUSD
17.75981895744644,-81.0770266084046,-69.17536981642122,-0.9253668325282256,4635.652875,49.97583945079561,2.3607744634843533,4364.515,691313,1789662719,2026-09-17T16:31:59Z,OANDA:XAUUSD
17.75981895744644,-79.29416946554647,-70.43564284900486,-1.067015036501655,4635.652875,49.56019246774679,2.214428023467029,4358.275,692846,1789662897,2026-09-17T16:34:57Z,OANDA:XAUUSD
17.75981895744644,-79.64988375126177,-70.18436170126473,-1.0387534958050184,4635.652875,49.64367269688698,2.2436269526051165,4359.52,694307,1789663078,2026-09-17T16:37:58Z,OANDA:XAUUSD
17.75981895744644,-79.82845517983242,-70.0581850744107,-1.024565975374989,4635.652875,49.68547635074368,2.2582850495619784,4360.145,695671,1789663262,2026-09-17T16:41:02Z,OANDA:XAUUSD
17.75981895744644,-79.12274089411858,-70.55671239758651,-1.0806350561144709,4635.652875,49.51986211540142,2.200356250388454,4357.675,697019,1789663439,2026-09-17T16:43:59Z,OANDA:XAUUSD
17.75981895744644,-80.04131232269083,-69.90775504131592,-1.0076544510223964,4635.652875,49.73521572001191,2.2757575011345548,4360.89,698592,1789663611,2026-09-17T16:46:51Z,OANDA:XAUUSD
17.75981895744644,-79.54559803697612,-70.25803911969012,-1.047039007736171,4635.652875,49.619227217998194,2.2350666239822927,4359.155,699675,1789663794,2026-09-17T16:49:54Z,OANDA:XAUUSD
17.75981895744644,-79.29702660840394,-70.43362485901478,-1.0667880361747697,4635.652875,49.560864094320586,2.214662553018344,4358.285,701177,1789663972,2026-09-17T16:52:52Z,OANDA:XAUUSD
17.75981895744644,-79.34702660840503,-70.3983091627153,-1.0628155304543574,4635.652875,49.572614664746006,2.2187668201662696,4358.46,703548,1789664158,2026-09-17T16:55:58Z,OANDA:XAUUSD
17.75981895744644,-80.16131232268981,-69.82293566443403,-0.9981204372934148,4635.652875,49.76321338277987,2.285607742289568,4361.31,706327,1789664335,2026-09-17T16:58:55Z,OANDA:XAUUSD
17.75981895744644,-80.61274089411836,-69.50376807222744,-0.9622543856463022,4635.652875,49.86825914523814,2.3226634113965123,4362.89,708423,1789664516,2026-09-17T17:01:56Z,OANDA:XAUUSD
17.75981895744644,-80.33845517983264,-69.69770873041897,-0.9840464170268282,4635.652875,49.80448630863469,2.300148574470772,4361.93,710264,1789664699,2026-09-17T17:04:59Z,OANDA:XAUUSD
17.75981895744644,-81.40274089411923,-68.94490075736445,-0.8994887952638653,4635.652875,50.05103600816487,2.387510832333656,4365.655,711440,1789664882,2026-09-17T17:08:02Z,OANDA:XAUUSD
17.75981895744644,-80.9527408941185,-69.2632934679749,-0.9352413467475352,4635.652875,49.94708631318537,2.350572428002368,4364.08,713024,1789665057,2026-09-17T17:10:57Z,OANDA:XAUUSD
17.75981895744644,-80.75131232268996,-69.40576873771973,-0.9512448697926068,4635.652875,49.9004161400635,2.3340380946350296,4363.375,714183,1789665243,2026-09-17T17:14:03Z,OANDA:XAUUSD
17.75981895744644,-80.20131232269068,-69.79466042602547,-0.9949424327171016,4635.652875,49.77253900730143,2.288891156007891,4361.45,715659,1789665412,2026-09-17T17:16:52Z,OANDA:XAUUSD
17.75981895744644,-79.7355980369748,-70.12379954641807,-1.0319434859986207,4635.652875,49.66374711649575,2.250662839144393,4359.82,717332,1789665598,2026-09-17T17:19:58Z,OANDA:XAUUSD
17.75981895744644,-79.93988375126082,-69.97944019650109,-1.0157129626266637,4635.652875,49.71152668117032,2.267431702063046,4360.535,719491,1789665774,2026-09-17T17:22:54Z,OANDA:XAUUSD
17.75981895744644,-80.44131232269046,-69.62498680721438,-0.9758744052591388,4635.652875,49.82842012714079,2.3085916383179166,4362.29,720668,1789665958,2026-09-17T17:25:58Z,OANDA:XAUUSD
17.75981895744644,-80.00702660840489,-69.93198740287556,-1.0103784549449597,4635.652875,49.727210654985925,2.27294314651884,4360.77,721767,1789666137,2026-09-17T17:28:57Z,OANDA:XAUUSD
17.75981895744644,-80.18702660840336,-69.80475884673469,-0.996077434351508,4635.652875,49.76920882459876,2.287718508251338,4361.4,723191,1789666315,2026-09-17T17:31:55Z,OANDA:XAUUSD
17.75981895744644,-80.39416946554684,-69.65831855607105,-0.9796199106526656,4635.652875,49.8174532941148,2.3047219007213062,4362.125,724036,1789666497,2026-09-17T17:34:57Z,OANDA:XAUUSD
17.75981895744644,-80.69988375126104,-69.44214110538705,-0.955330875676462,4635.652875,49.88848640066104,2.329816562711447,4363.195,724779,1789666676,2026-09-17T17:37:56Z,OANDA:XAUUSD
17.75981895744644,-79.4798837512617,-70.30446230113462,-1.0522600152544122,4635.652875,49.60381102391693,2.229672444302178,4358.925,726369,1789666852,2026-09-17T17:40:52Z,OANDA:XAUUSD
17.75981895744644,-79.79559803697612,-70.08140315346226,-1.02717647913413,4635.652875,49.67778968976626,2.2555879597218995,4360.03,728381,1789667039,2026-09-17T17:43:59Z,OANDA:XAUUSD
17.75981895744644,-79.95559803697597,-69.96833449025517,-1.0144644608288145,4635.652875,49.71519827554205,2.268721614595257,4360.59,729829,1789667225,2026-09-17T17:47:05Z,OANDA:XAUUSD
17.75981895744644,-79.5913123226901,-70.22574305239904,-1.0434070025060869,4635.652875,49.629945965408815,2.238819096803246,4359.315,730907,1789667404,2026-09-17T17:50:04Z,OANDA:XAUUSD
17.75981895744644,-79.9155980369751,-69.99660324009797,-1.0176424654051486,4635.652875,49.705851344224776,2.265438200876912,4360.45,732190,1789667572,2026-09-17T17:52:52Z,OANDA:XAUUSD
17.75981895744644,-80.11274089411836,-69.85726846225636,-1.0019794428503843,4635.652875,49.75188475356621,2.2816207399173,4361.14,733226,1789667758,2026-09-17T17:55:58Z,OANDA:XAUUSD
17.75981895744644,-80.2998837512614,-69.72497765020202,-0.9871109214397196,4635.652875,49.795505238558334,2.2969824255280846,4361.795,734433,1789667938,2026-09-17T17:58:58Z,OANDA:XAUUSD
17.75981895744644,-80.18131232269025,-69.80879817728697,-0.9965314350052582,4635.652875,49.76787662786762,2.2872494491487294,4361.38,736007,1789668122,2026-09-17T18:02:02Z,OANDA:XAUUSD
17.75981895744644,-80.49131232268974,-69.58963334822577,-0.9719018995387264,4635.652875,49.84004638000782,2.3126959054658425,4362.465,737316,1789668292,2026-09-17T18:04:52Z,OANDA:XAUUSD
17.75981895744644,-80.31702660840438,-69.712858251599,-0.9857489194784482,4635.652875,49.79949722199499,2.298389602835932,4361.855,738223,1789668475,2026-09-17T18:07:55Z,OANDA:XAUUSD
17.75981895744644,-80.4298837512606,-69.63306736597802,-0.9767824065666596,4635.652875,49.82576194113732,2.3076535201126784,4362.25,739888,1789668657,2026-09-17T18:10:57Z,OANDA:XAUUSD
17.75981895744644,-81.05988375126162,-69.18749782374366,-0.9267288344895176,4635.652875,49.97187546495248,2.3593672861764854,4364.455,740741,1789668837,2026-09-17T18:13:57Z,OANDA:XAUUSD
17.75981895744644,-81.31702660840438,-69.00555731160529,-0.9062988050702836,4635.652875,50.03126936741391,2.380474945794357,4365.355,741539,1789669019,2026-09-17T18:16:59Z,OANDA:XAUUSD
17.75981895744644,-80.1055980369756,-69.8623172717387,-1.0025469436675982,4635.652875,49.75021834773462,2.2810344160390126,4361.115,742371,1789669191,2026-09-17T18:19:51Z,OANDA:XAUUSD
17.75981895744644,-79.21845517983365,-70.48911762224606,-1.0730305451639743,4635.652875,49.54238784395682,2.208212990357333,4358.01,744143,1789669382,2026-09-17T18:23:02Z,OANDA:XAUUSD
17.75981895744644,-79.42702660840496,-70.34180061910371,-1.0564595213017098,4635.652875,49.591404193771226,2.225333647602937,4358.74,744960,1789669562,2026-09-17T18:26:02Z,OANDA:XAUUSD
17.75981895744644,-79.20559803697597,-70.49819786865393,-1.074052046634938,4635.652875,49.53936316874063,2.1995353969588733,4357.64,745908,1789669735,2026-09-17T18:28:55Z,OANDA:XAUUSD
17.75981895744644,-78.06416946554691,-71.30388781334449,-1.1647386772236836,4635.652875,49.26938637276438,2.1134630516281794,4353.97,747344,1789669916,2026-09-17T18:31:56Z,OANDA:XAUUSD
17.75981895744644,-76.80416946554669,-72.19227677168261,-1.264845821377968,4635.652875,48.96798988100929,2.010035519500566,4349.56,748862,1789670102,2026-09-17T18:35:02Z,OANDA:XAUUSD
17.75981895744644,-77.29131232269083,-71.84893047519716,-1.2261422656448493,4635.652875,49.084939855746,2.050022807998883,4351.265,749972,1789670273,2026-09-17T18:37:53Z,OANDA:XAUUSD
17.75981895744644,-77.26988375126075,-71.86403696533633,-1.2278447680964697,4635.652875,49.07980670071754,2.0482638363640424,4351.19,750986,1789670455,2026-09-17T18:40:55Z,OANDA:XAUUSD
17.75981895744644,-77.70416946554633,-71.55781979935303,-1.193340718410628,4635.652875,49.183636980220896,2.083912328163141,4352.71,751654,1789670634,2026-09-17T18:43:54Z,OANDA:XAUUSD
17.75981895744644,-77.19702660840358,-71.91539677320509,-1.2336332764319031,4635.652875,49.06234622894975,2.042283332805662,4350.935,752317,1789670820,2026-09-17T18:47:00Z,OANDA:XAUUSD
17.75981895744644,-77.49559803697503,-71.70490010638608,-1.209911742272913,4635.652875,49.13382402115855,2.066791670917515,4351.98,752954,1789670994,2026-09-17T18:49:54Z,OANDA:XAUUSD
17.75981895744644,-77.1470266084043,-71.9506416805838,-1.2376057821523156,4635.652875,49.05035662197466,2.038179065657736,4350.76,753715,1789671179,2026-09-17T18:52:59Z,OANDA:XAUUSD
17.75981895744644,-77.17845517983278,-71.92848793069,-1.235108778556638,4635.652875,49.05789360513327,2.040993420273451,4350.88,754515,1789671356,2026-09-17T18:55:56Z,OANDA:XAUUSD
17.75981895744644,-77.37702660840387,-71.78850149485977,-1.2193322558384518,4635.652875,49.10546213078497,2.05705869453816,4351.565,755148,1789671534,2026-09-17T18:58:54Z,OANDA:XAUUSD
17.75981895744644,-78.4570266084038,-71.02668213779326,-1.133526132277619,4635.652875,49.36263248770841,2.1457108649332755,4355.345,756157,1789671720,2026-09-17T19:02:00Z,OANDA:XAUUSD
17.75981895744644,-78.2070266084038,-71.20309750838818,-1.1533886608796602,4635.652875,49.30333375840527,2.1251895291936687,4354.47,756867,1789671893,2026-09-17T19:04:53Z,OANDA:XAUUSD
17.75981895744644,-78.19274089411829,-71.21317714355197,-1.154523662514067,4635.652875,49.29994106446832,2.1240168814371154,4354.42,757675,1789672080,2026-09-17T19:08:00Z,OANDA:XAUUSD
17.75981895744644,-78.30131232268923,-71.13656854592175,-1.1458976500926064,4635.652875,49.325714155653,2.13292900438689,4354.8,758600,1789672260,2026-09-17T19:11:00Z,OANDA:XAUUSD
17.75981895744644,-78.52131232269039,-70.98131153176912,-1.1284186249228207,4635.652875,49.37785831732843,2.150987779837733,4355.57,759303,1789672433,2026-09-17T19:13:53Z,OANDA:XAUUSD
17.75981895744644,-77.64845517983213,-71.59711117605003,-1.1977672247847906,4635.652875,49.17034033121412,2.0793390019126066,4352.515,759849,1789672614,2026-09-17T19:16:54Z,OANDA:XAUUSD
17.75981895744644,-77.5498837512614,-71.66662168566424,-1.2055987360621725,4635.652875,49.14679843669101,2.071247732392413,4352.17,760760,1789672791,2026-09-17T19:19:51Z,OANDA:XAUUSD
17.75981895744644,-76.50416946554742,-72.40364410487253,-1.2886808557004217,4635.652875,48.89570021319778,1.9854099166130328,4348.51,761444,1789672974,2026-09-17T19:22:54Z,OANDA:XAUUSD
17.75981895744644,-76.7070266084038,-72.26072600115856,-1.2725638324919073,4635.652875,48.94460419833808,2.0020615147560297,4349.22,762413,1789673160,2026-09-17T19:26:00Z,OANDA:XAUUSD
17.75981895744644,-75.27845517983314,-73.26661667410569,-1.3860639959321426,4635.652875,48.59820510335591,1.8847967391011349,4344.22,763481,1789673331,2026-09-17T19:28:51Z,OANDA:XAUUSD
17.75981895744644,-75.9241694655475,-72.81211999739459,-1.334761922057172,4635.652875,48.755357859033865,1.937800417697131,4346.48,764824,1789673516,2026-09-17T19:31:56Z,OANDA:XAUUSD
17.75981895744644,-75.3327408941177,-73.22841730709551,-1.3817509897214229,4635.652875,48.611454162121646,1.889252800576012,4344.41,766135,1789673696,2026-09-17T19:34:56Z,OANDA:XAUUSD
17.75981895744644,-75.15131232268959,-73.35607604942415,-1.3961655104783377,4635.652875,48.56714765885076,1.8743601740678344,4343.775,767922,1789673879,2026-09-17T19:37:59Z,OANDA:XAUUSD
17.75981895744644,-75.60274089411814,-73.03839700469815,-1.360299458831225,4635.652875,48.67724946235871,1.91141584317478,4345.355,769545,1789674052,2026-09-17T19:40:52Z,OANDA:XAUUSD
17.75981895744644,-75.45131232269068,-73.14497512653104,-1.372330476155884,4635.652875,48.6403691577702,1.8989857769553669,4344.825,770766,1789674236,2026-09-17T19:43:56Z,OANDA:XAUUSD
17.75981895744644,-76.17131232269003,-72.63809200661845,-1.3151263937819957,4635.652875,48.81525304880792,1.958087223885444,4347.345,771643,1789674414,2026-09-17T19:46:54Z,OANDA:XAUUSD
17.75981895744644,-75.37845517983351,-73.1962479200701,-1.3781189844913386,4635.652875,48.62260596786994,1.893005273396965,4344.57,772737,1789674597,2026-09-17T19:49:57Z,OANDA:XAUUSD
17.75981895744644,-76.1470266084043,-72.65519479964544,-1.3170558965604804,4635.652875,48.80937359824765,1.9560937226993096,4347.26,774223,1789674774,2026-09-17T19:52:54Z,OANDA:XAUUSD
17.75981895744644,-76.21131232268908,-72.6099218562612,-1.3119483892056822,4635.652875,48.82493390616591,1.9607843137255017,4347.46,775879,1789674956,2026-09-17T19:55:56Z,OANDA:XAUUSD
17.75981895744644,-76.58702660840481,-72.34527237091737,-1.2820978462208887,4635.652875,48.91568639414348,1.9922112736010165,4348.8,776892,1789675135,2026-09-17T19:58:55Z,OANDA:XAUUSD
17.75981895744644,-75.94702660840358,-72.79602660575138,-1.3329459194421092,4635.652875,48.76090318053353,1.939676654107629,4346.56,778342,1789675317,2026-09-17T20:01:57Z,OANDA:XAUUSD
17.75981895744644,-75.55274089411887,-73.07358955743211,-1.3642719645516166,4635.652875,48.66507786177381,1.9073115760268755,4345.18,778797,1789675497,2026-09-17T20:04:57Z,OANDA:XAUUSD
17.75981895744644,-75.54416946554647,-73.07962240179323,-1.364952965532273,4635.652875,48.66299072197504,1.9066079873729307,4345.15,779276,1789675672,2026-09-17T20:07:52Z,OANDA:XAUUSD
17.75981895744644,-75.05702660840416,-73.42240986542399,-1.4036565212653915,4635.652875,48.544092049325286,1.8666206988746128,4343.445,779780,1789675858,2026-09-17T20:10:58Z,OANDA:XAUUSD
17.75981895744644,-74.79845517983358,-73.60429542612694,-1.4242000508480683,4635.652875,48.48075758440091,1.845395774481084,4342.54,780450,1789676038,2026-09-17T20:13:58Z,OANDA:XAUUSD
17.75981895744644,-75.07416946554713,-73.41034960510677,-1.4022945193040997,4635.652875,48.548285515650186,1.8680278761824816,4343.505,780848,1789676215,2026-09-17T20:16:55Z,OANDA:XAUUSD
17.75981895744644,-75.4527408941185,-73.14396974283517,-1.3722169759924414,4635.652875,48.640717332830754,1.8991030417310244,4344.83,781200,1789676399,2026-09-17T20:19:59Z,OANDA:XAUUSD
17.75981895744644,-75.20845517983344,-73.31587090003116,-1.3916255039407115,4635.652875,48.58111070294136,1.879050765094048,4343.975,781544,1789676575,2026-09-17T20:22:55Z,OANDA:XAUUSD
17.75981895744644,-75.54416946554647,-73.07962240179323,-1.364952965532273,4635.652875,48.66299072197504,1.9066079873729307,4345.15,781862,1789676758,2026-09-17T20:25:58Z,OANDA:XAUUSD
17.75981895744644,-75.06416946554691,-73.41738478037156,-1.403089020448178,4635.652875,48.54583941002936,1.867207022752901,4343.47,782249,1789676935,2026-09-17T20:28:55Z,OANDA:XAUUSD
17.75981895744644,-74.48416946554698,-73.8253128064809,-1.4491700868049284,4635.652875,48.403566231780665,1.8195975238369984,4341.44,782986,1789677117,2026-09-17T20:31:57Z,OANDA:XAUUSD
17.75981895744644,-74.50559803697524,-73.81024549533092,-1.4474675843533082,4635.652875,48.40883662577339,1.8213564954718389,4341.515,783616,1789677302,2026-09-17T20:35:02Z,OANDA:XAUUSD
17.75981895744644,-74.61131232269054,-73.7359090245134,-1.4390685722587333,4635.652875,48.43482148590756,1.8300340888702984,4341.885,784190,1789677471,2026-09-17T20:37:51Z,OANDA:XAUUSD
17.75981895744644,-74.88416946554662,-73.54400672568212,-1.41739004104165,4635.652875,48.5017697028602,1.8524316610203817,4342.84,784912,1789677656,2026-09-17T20:40:56Z,OANDA:XAUUSD
17.75981895744644,-74.52131232269039,-73.79919594264854,-1.4462190825554797,4635.652875,48.412700897113794,1.822646408004028,4341.57,785402,1789677834,2026-09-17T20:43:54Z,OANDA:XAUUSD
17.75981895744644,-74.53131232269061,-73.7921643248992,-1.4454245814114015,4635.652875,48.41515967748898,1.823467261433609,4341.605,785987,1789678020,2026-09-17T20:47:00Z,OANDA:XAUUSD
17.75981895744644,-74.77988375126097,-73.61735734326784,-1.4256755529727825,4635.652875,48.47620269852118,1.8438713323975795,4342.475,786326,1789678200,2026-09-17T20:50:00Z,OANDA:XAUUSD
17.75981895744644,-74.69416946554793,-73.6776401859183,-1.4324855627792006,4635.652875,48.455169707112255,1.8368354458582807,4342.175,786598,1789678378,2026-09-17T20:52:58Z,OANDA:XAUUSD
17.75981895744644,-74.5170266084051,-73.8022094730584,-1.4465595830457874,4635.652875,48.41164706234102,1.8222946136770768,4341.555,786796,1789678554,2026-09-17T20:55:54Z,OANDA:XAUUSD
17.75981895744644,-74.62845517983351,-73.72385377178232,-1.437706570297462,4635.652875,48.43903278070849,1.8314412661781447,4341.945,787072,1789678741,2026-09-17T20:59:01Z,OANDA:XAUUSD
17.75981895744644,-74.59845517983285,-73.7449503377094,0.43720245943734,4635.652875,48.4316625633293,1.8289787058894027,4341.84,787118,1789678914,2026-09-17T21:01:54Z,OANDA:XAUUSD
17.75981895744644,-74.59845517983285,-73.7449503377094,0.43720245943734,4635.652875,48.4316625633293,1.8289787058894027,4341.84,787118,1789679094,2026-09-17T21:04:54Z,OANDA:XAUUSD
17.75981895744644,-74.59845517983285,-73.7449503377094,0.43720245943734,4635.652875,48.4316625633293,1.8289787058894027,4341.84,787118,1789679278,2026-09-17T21:07:58Z,OANDA:XAUUSD
17.75981895744644,-74.59845517983285,-73.7449503377094,0.43720245943734,4635.652875,48.4316625633293,1.8289787058894027,4341.84,787118,1789679457,2026-09-17T21:10:57Z,OANDA:XAUUSD
17.75981895744644,-74.59845517983285,-73.7449503377094,0.43720245943734,4635.652875,48.4316625633293,1.8289787058894027,4341.84,787118,1789679639,2026-09-17T21:13:59Z,OANDA:XAUUSD
17.75981895744644,-74.59845517983285,-73.7449503377094,0.43720245943734,4635.652875,48.4316625633293,1.8289787058894027,4341.84,787118,1789679815,2026-09-17T21:16:55Z,OANDA:XAUUSD
17.75981895744644,-74.59845517983285,-73.7449503377094,0.43720245943734,4635.652875,48.4316625633293,1.8289787058894027,4341.84,787118,1789679997,2026-09-17T21:19:57Z,OANDA:XAUUSD
17.75981895744644,-74.59845517983285,-73.7449503377094,0.43720245943734,4635.652875,48.4316625633293,1.8289787058894027,4341.84,787118,1789680177,2026-09-17T21:22:57Z,OANDA:XAUUSD
17.75981895744644,-74.59845517983285,-73.7449503377094,0.43720245943734,4635.652875,48.4316625633293,1.8289787058894027,4341.84,787118,1789680360,2026-09-17T21:26:00Z,OANDA:XAUUSD
17.75981895744644,-74.59845517983285,-73.7449503377094,0.43720245943734,4635.652875,48.4316625633293,1.8289787058894027,4341.84,787118,1789680537,2026-09-17T21:28:57Z,OANDA:XAUUSD
17.75981895744644,-74.59845517983285,-73.7449503377094,0.43720245943734,4635.652875,48.4316625633293,1.8289787058894027,4341.84,787118,1789680716,2026-09-17T21:31:56Z,OANDA:XAUUSD
17.75981895744644,-74.59845517983285,-73.7449503377094,0.43720245943734,4635.652875,48.4316625633293,1.8289787058894027,4341.84,787118,1789680894,2026-09-17T21:34:54Z,OANDA:XAUUSD
17.75981895744644,-74.59845517983285,-73.7449503377094,0.43720245943734,4635.652875,48.4316625633293,1.8289787058894027,4341.84,787118,1789681082,2026-09-17T21:38:02Z,OANDA:XAUUSD
17.75981895744644,-74.59845517983285,-73.7449503377094,0.43720245943734,4635.652875,48.4316625633293,1.8289787058894027,4341.84,787118,1789681258,2026-09-17T21:40:58Z,OANDA:XAUUSD
17.75981895744644,-74.59845517983285,-73.7449503377094,0.43720245943734,4635.652875,48.4316625633293,1.8289787058894027,4341.84,787118,1789681439,2026-09-17T21:43:59Z,OANDA:XAUUSD
17.75981895744644,-74.59845517983285,-73.7449503377094,0.43720245943734,4635.652875,48.4316625633293,1.8289787058894027,4341.84,787118,1789681620,2026-09-17T21:47:00Z,OANDA:XAUUSD
17.75981895744644,-74.59845517983285,-73.7449503377094,0.43720245943734,4635.652875,48.4316625633293,1.8289787058894027,4341.84,787118,1789681803,2026-09-17T21:50:03Z,OANDA:XAUUSD
17.75981895744644,-74.59845517983285,-73.7449503377094,0.43720245943734,4635.652875,48.4316625633293,1.8289787058894027,4341.84,787118,1789681982,2026-09-17T21:53:02Z,OANDA:XAUUSD
17.75981895744644,-74.59845517983285,-73.7449503377094,0.43720245943734,4635.652875,48.4316625633293,1.8289787058894027,4341.84,787118,1789682161,2026-09-17T21:56:01Z,OANDA:XAUUSD
17.75981895744644,-74.59845517983285,-73.7449503377094,0.43720245943734,4635.652875,48.4316625633293,1.8289787058894027,4341.84,787118,1789682340,2026-09-17T21:59:00Z,OANDA:XAUUSD
17.75981895744644,-74.59845517983285,-73.7449503377094,0.43720245943734,4635.652875,48.4316625633293,1.8289787058894027,4341.84,787118,1789682517,2026-09-17T22:01:57Z,OANDA:XAUUSD
16.767831328124906,-23.04296158271427,-58.27109618902074,0.4684312065399936,4635.652875,48.533524709171296,0.0310928085788387,4343.19,1,1789682706,2026-09-17T22:05:06Z,OANDA:XAUUSD
16.767831328124906,-23.80867586842851,-58.74998632806396,0.4421759265685088,4635.652875,48.4479120387637,0.0049518176625611,4342.055,181,1789682883,2026-09-17T22:08:03Z,OANDA:XAUUSD
16.767831328124906,-23.827247296999303,-58.736000543825135,0.4436795329104797,4635.652875,48.45282265506608,0.0064488788163484,4342.12,334,1789683065,2026-09-17T22:11:05Z,OANDA:XAUUSD
16.767831328124906,-23.24939015414293,-57.90715382847615,0.5025515043003226,4635.652875,48.64435949662143,0.0650645809149995,4344.665,588,1789683236,2026-09-17T22:13:56Z,OANDA:XAUUSD
16.767831328124906,-22.806533011284955,-57.766052532942005,0.5063683511684254,4635.652875,48.65672828416482,0.0688648130746361,4344.83,1030,1789683426,2026-09-17T22:17:06Z,OANDA:XAUUSD
16.767831328124906,-22.12510443985684,-58.27970810558951,0.4511975646203767,4635.652875,48.47736171037251,0.013934184585327,4342.445,1417,1789683603,2026-09-17T22:20:03Z,OANDA:XAUUSD
16.767831328124906,-22.343675868427454,-58.240953715073466,0.4583686102513685,4635.652875,48.500746432721286,0.0210740147034428,4342.755,1999,1789683777,2026-09-17T22:22:57Z,OANDA:XAUUSD
16.767831328124906,-22.58939015414217,-58.05576666008982,0.4782624787760224,4635.652875,48.56550918937749,0.0408812853536665,4343.615,2422,1789683961,2026-09-17T22:26:01Z,OANDA:XAUUSD
16.767831328124906,-22.437961582714703,-58.16989888329861,0.4660023039875741,4635.652875,48.52561653228179,0.0286744790227159,4343.085,2992,1789684136,2026-09-17T22:28:56Z,OANDA:XAUUSD
16.767831328124906,-21.823675868427017,-57.324269044571565,0.5255682475352481,4635.652875,48.71885677815112,0.0879811324231134,4345.66,3717,1789684320,2026-09-17T22:32:00Z,OANDA:XAUUSD
16.767831328124906,-20.31939015414264,-56.56725511305768,0.5616547997427829,4635.652875,48.83522245047293,0.1239106001142397,4347.22,4431,1789684502,2026-09-17T22:35:02Z,OANDA:XAUUSD
16.767831328124906,-19.60724729699996,-55.85700709874232,0.6080352722915601,4635.652875,48.98400886961786,0.1700891787813511,4349.225,5104,1789684682,2026-09-17T22:38:02Z,OANDA:XAUUSD
16.767831328124906,-19.468675868428363,-55.96175083775257,0.596816055739848,4635.652875,48.94809753928153,0.1589187994030096,4348.74,5667,1789684864,2026-09-17T22:41:04Z,OANDA:XAUUSD
16.767831328124906,-18.53724729700025,-56.66542891595369,0.5214044145882193,4635.652875,48.70539590034893,0.0838354246125932,4345.48,6213,1789685046,2026-09-17T22:44:06Z,OANDA:XAUUSD
16.767831328124906,-18.01867586842764,-57.05691969528765,0.4794190990390883,4635.652875,48.569269455988014,0.0420328708565911,4343.665,6567,1789685219,2026-09-17T22:46:59Z,OANDA:XAUUSD
16.767831328124906,-17.800104439856113,-57.22186806336786,0.4617228090142365,4635.652875,48.511677163003206,0.0244136126619011,4342.9,6927,1789685402,2026-09-17T22:50:02Z,OANDA:XAUUSD
16.767831328124906,-17.538675868428072,-57.41911243056987,0.440556658200208,4635.652875,48.4426226362998,0.0033395979584583,4341.985,7392,1789685581,2026-09-17T22:53:01Z,OANDA:XAUUSD
16.767831328124906,-18.1829615827146,-57.02025966001258,0.4854335244070143,4635.652875,48.58881398278963,0.0480211154717823,4343.925,8040,1789685753,2026-09-17T22:55:53Z,OANDA:XAUUSD
16.767831328124906,-18.30867586842851,-56.92536668450605,0.4956117827219481,4635.652875,48.62185551748645,0.0581550678974728,4344.365,8707,1789685943,2026-09-17T22:59:03Z,OANDA:XAUUSD
16.767831328124906,-17.952961582713215,-57.1938401363109,0.466811938171714,4635.652875,48.52825286126348,0.0294805888747569,4343.12,9351,1789686122,2026-09-17T23:02:02Z,OANDA:XAUUSD
16.767831328124906,-18.33724729699952,-56.90379845358341,0.4979250232480799,4635.652875,48.62935903492615,0.060458238903322,4344.465,9639,1789686294,2026-09-17T23:04:54Z,OANDA:XAUUSD
16.767831328124906,-20.18010443985713,-57.44389909953959,0.4860118345385367,4635.652875,48.59069248141443,0.0485969082232342,4343.95,10485,1789686482,2026-09-17T23:08:02Z,OANDA:XAUUSD
16.767831328124906,-20.36581872557053,-57.30378994771083,0.5010478979583516,4635.652875,48.63948530756879,0.0635675197612122,4344.6,10937,1789686657,2026-09-17T23:10:57Z,OANDA:XAUUSD
16.767831328124906,-20.620104439855822,-57.11190644634911,0.5216357386408367,4635.652875,48.70614391228365,0.0840657417131823,4345.49,11287,1789686832,2026-09-17T23:13:52Z,OANDA:XAUUSD
16.767831328124906,-20.094390154142275,-57.50855618491826,0.4790721129601623,4635.652875,48.56814143373618,0.0416873952057075,4343.65,11580,1789687017,2026-09-17T23:16:57Z,OANDA:XAUUSD
16.767831328124906,-20.46581872557089,-57.22833590033672,0.509144239799771,4635.652875,48.66572002449289,0.0716286182816426,4344.95,12236,1789687201,2026-09-17T23:20:01Z,OANDA:XAUUSD
16.767831328124906,-21.098675868427563,-56.75064648550892,0.5603825174534083,4635.652875,48.83112879666745,0.1226438560610206,4347.165,12853,1789687377,2026-09-17T23:22:57Z,OANDA:XAUUSD
16.767831328124906,-20.54867586842829,-57.16581117973659,0.5158526373255281,4635.652875,48.687437066725366,0.0783078141985802,4345.24,13518,1789687559,2026-09-17T23:25:59Z,OANDA:XAUUSD
16.767831328124906,-20.42867586842749,-57.256362560373866,0.506137027115808,4635.652875,48.65597883028138,0.068634495974047,4344.82,14157,1789687742,2026-09-17T23:29:02Z,OANDA:XAUUSD
16.767831328124906,-20.49581872557156,-57.20569823109078,0.5115731423522115,4635.652875,48.673585214147096,0.0740469478377864,4345.055,14321,1789687920,2026-09-17T23:32:00Z,OANDA:XAUUSD
16.767831328124906,-20.38867586842844,-57.2865439661255,0.5028984903792487,4635.652875,48.64548417810244,0.0654100565658832,4344.68,14497,1789688101,2026-09-17T23:35:01Z,OANDA:XAUUSD
16.767831328124906,-20.21581872557089,-57.41695702999512,0.488903385196191,4635.652875,48.600082915776966,0.0514758719805352,4344.075,14730,1789688274,2026-09-17T23:37:54Z,OANDA:XAUUSD
16.767831328124906,-20.33153301128459,-57.32965818923269,0.498272009326985,4635.652875,48.63048437351196,0.0608037145541848,4344.48,15005,1789688459,2026-09-17T23:40:59Z,OANDA:XAUUSD
16.767831328124906,-20.22724729699894,-57.40833536680079,0.4898286814066395,4635.652875,48.60308713029009,0.0523971403828707,4344.115,15231,1789688634,2026-09-17T23:43:54Z,OANDA:XAUUSD
16.767831328124906,-20.37581872557076,-57.29624487873097,0.5018575321424915,4635.652875,48.64210998586754,0.0643736296132532,4344.635,15955,1789688817,2026-09-17T23:46:57Z,OANDA:XAUUSD
16.767831328124906,-20.4986758684272,-57.20354222756517,0.5118044664048079,4635.652875,48.6743341541317,0.0742772649383545,4345.065,16356,1789689000,2026-09-17T23:50:00Z,OANDA:XAUUSD
16.767831328124906,-20.53153301128532,-57.17874774916429,0.5144646930098659,4635.652875,48.682945393274025,0.0769259115950874,4345.18,16545,1789689182,2026-09-17T23:53:02Z,OANDA:XAUUSD
16.767831328124906,-21.192961582713,-56.6794527142952,0.5680162111896139,4635.652875,48.85568089831382,0.1302443203802937,4347.495,17074,1789689361,2026-09-17T23:56:01Z,OANDA:XAUUSD
16.767831328124906,-20.85581872557032,-56.9339938062132,0.5407199729813507,4635.652875,48.76777984466322,0.103066902511365,4346.315,17458,1789689541,2026-09-17T23:59:01Z,OANDA:XAUUSD
16.767831328124906,-20.20296158271321,-57.42665628463351,0.4878624269594338,4635.652875,48.596702754628026,0.0504394450279052,4344.03,18682,1789689724,2026-09-18T00:02:04Z,OANDA:XAUUSD
16.767831328124906,-20.4986758684272,-57.20354222756517,0.5118044664048079,4635.652875,48.6743341541317,0.0742772649383545,4345.065,19699,1789689895,2026-09-18T00:04:55Z,OANDA:XAUUSD
16.767831328124906,-20.39581872557119,-57.28115451693971,0.5034768005107711,4635.652875,48.64735853777308,0.065985849317335,4344.705,20510,1789690084,2026-09-18T00:08:04Z,OANDA:XAUUSD
16.767831328124906,-21.305818725571044,-56.5942271959127,0.5771535112678114,4635.652875,48.8850380579553,0.1393418458533751,4347.89,21125,1789690259,2026-09-18T00:10:59Z,OANDA:XAUUSD
16.767831328124906,-17.833675868428145,-54.002719306784016,0.7304056961234884,4635.652875,49.37244573815127,0.2919269249903308,4354.515,22222,1789690443,2026-09-18T00:14:03Z,OANDA:XAUUSD
16.767831328124906,-17.693675868427817,-53.87497010577481,0.7385020379649078,4635.652875,49.39793719811834,0.2999880235107612,4354.865,23525,1789690622,2026-09-18T00:17:02Z,OANDA:XAUUSD
16.767831328124906,-17.199390154142748,-54.24949630169143,0.6984829768629827,4635.652875,49.271685784176896,0.2601431651097247,4353.135,24153,1789690805,2026-09-18T00:20:05Z,OANDA:XAUUSD
16.767831328124906,-16.859390154142602,-54.50701190592956,0.6709554146021021,4635.652875,49.18447598305977,0.2327354301402069,4351.945,24963,1789690977,2026-09-18T00:22:57Z,OANDA:XAUUSD
16.767831328124906,-15.145104439857278,-53.66272934428011,0.7102805035462172,4635.652875,49.30896984600369,0.2718893372395181,4353.645,26290,1789691163,2026-09-18T00:26:03Z,OANDA:XAUUSD
16.767831328124906,-15.246533011285464,-53.585831676818685,0.7184925074139452,4635.652875,49.33489014189379,0.2800655943102429,4354.0,27257,1789691341,2026-09-18T00:29:01Z,OANDA:XAUUSD
16.767831328124906,-15.900818725570389,-52.75787998178517,0.7989932777230303,4635.652875,49.58758547849556,0.3602159453134942,4357.48,28387,1789691526,2026-09-18T00:32:06Z,OANDA:XAUUSD
16.767831328124906,-13.78724729699934,-52.02454676199567,0.8217786969053595,4635.652875,49.65865281820245,0.3829021797210399,4358.465,29268,1789691706,2026-09-18T00:35:06Z,OANDA:XAUUSD
16.767831328124906,-14.087247297000433,-51.79659306858439,0.8460677224296597,4635.652875,49.73418957209458,0.4070854752823729,4359.515,29880,1789691880,2026-09-18T00:38:00Z,OANDA:XAUUSD
16.767831328124906,-13.611533011285246,-52.11896484253416,0.8107908044062648,4635.652875,49.62440679769831,0.3719621174432875,4357.99,30821,1789692060,2026-09-18T00:41:00Z,OANDA:XAUUSD
16.767831328124906,-13.55439015414322,-52.16237154712306,0.8061643233540222,4635.652875,49.60997347731883,0.3673557754316101,4357.79,31406,1789692241,2026-09-18T00:44:01Z,OANDA:XAUUSD
16.767831328124906,-13.192961582712996,-52.43686195455633,0.7769018306985533,4635.652875,49.5184907847066,0.3382206622077158,4356.525,32186,1789692424,2026-09-18T00:47:04Z,OANDA:XAUUSD
16.767831328124906,-12.487247296999158,-52.97253987530458,0.7197647897033198,4635.652875,49.33890359098703,0.2813323383634621,4354.055,32911,1789692602,2026-09-18T00:50:02Z,OANDA:XAUUSD
16.767831328124906,-12.462961582713431,-52.99096746348496,0.717798535256114,4635.652875,49.332700719806105,0.2793746430084966,4353.97,33710,1789692781,2026-09-18T00:53:01Z,OANDA:XAUUSD
16.767831328124906,-12.245818725571551,-53.15571206033112,0.7002179072575709,4635.652875,49.27717217381251,0.2618705433641012,4353.21,34380,1789692966,2026-09-18T00:56:06Z,OANDA:XAUUSD
16.767831328124906,-12.965818725570898,-52.60931742961132,0.7585115685158704,4635.652875,49.46082753935303,0.3199104527112795,4355.73,35332,1789693145,2026-09-18T00:59:05Z,OANDA:XAUUSD
16.767831328124906,-10.570818725570462,-50.77974496722244,0.8670025491910708,4635.652875,49.79911340502048,0.4279291728852267,4360.42,38695,1789693315,2026-09-18T01:01:55Z,OANDA:XAUUSD
16.767831328124906,-11.405104439855675,-50.144616943984914,0.9345491725538764,4635.652875,50.00745260957165,0.495181766255781,4363.34,41456,1789693500,2026-09-18T01:05:00Z,OANDA:XAUUSD
16.767831328124906,-10.29796158271256,-49.36194654671591,0.9793103767343532,4635.652875,50.14456296604391,0.5397481252187895,4365.275,43309,1789693673,2026-09-18T01:07:53Z,OANDA:XAUUSD
16.767831328124906,-8.937961582713797,-50.31976472260641,0.8756772011640337,4635.652875,49.82596642698387,0.4365660641571298,4360.795,45423,1789693861,2026-09-18T01:11:01Z,OANDA:XAUUSD
16.767831328124906,-8.71081872556988,-50.4926974825048,0.8572869389813508,4635.652875,49.76900387585483,0.4182558546606934,4360.0,46674,1789694038,2026-09-18T01:13:58Z,OANDA:XAUUSD
16.767831328124906,-7.913675868428072,-51.09928498339961,0.792747528302508,4635.652875,49.5680700385098,0.3539973835977348,4357.21,49040,1789694216,2026-09-18T01:16:56Z,OANDA:XAUUSD
16.767831328124906,-8.382247296999594,-50.74278276197882,0.8306846729309397,4635.652875,49.68637597358691,0.3917693880935322,4358.85,51240,1789694398,2026-09-18T01:19:58Z,OANDA:XAUUSD
16.767831328124906,-9.587961582713431,-49.824678579367855,0.9283034231333332,4635.652875,49.988260952112206,0.4889632045400006,4363.07,52850,1789694574,2026-09-18T01:22:54Z,OANDA:XAUUSD
16.767831328124906,-9.506533011285685,-49.88671787990941,0.9217106876338848,4635.652875,49.96798709934082,0.4823991671733575,4362.785,54550,1789694759,2026-09-18T01:25:59Z,OANDA:XAUUSD
16.767831328124906,-8.547961582714379,-50.61666299545622,0.8441014679824539,4635.652875,49.72808312560206,0.4051277799274074,4359.43,55516,1789694945,2026-09-18T01:29:05Z,OANDA:XAUUSD
16.767831328124906,-8.313675868427708,-50.79496418059447,0.8251328956682276,4635.652875,49.66909759223976,0.3862417776794982,4358.61,56650,1789695112,2026-09-18T01:31:52Z,OANDA:XAUUSD
16.767831328124906,-7.035104439856696,-51.76727981263941,0.7216153821242168,4635.652875,49.34474020017748,0.2831748751681331,4354.135,58406,1789695307,2026-09-18T01:35:07Z,OANDA:XAUUSD
16.767831328124906,-6.9636758684273445,-51.82156273491949,0.7158322808089084,4635.652875,49.32649632949808,0.277416947653531,4353.885,60347,1789695494,2026-09-18T01:38:14Z,OANDA:XAUUSD
16.767831328124906,-5.643675868427636,-52.82401899338412,0.6089605685020086,4635.652875,48.98696837374227,0.1710104471836866,4349.265,62582,1789695662,2026-09-18T01:41:02Z,OANDA:XAUUSD
16.767831328124906,-5.537961582714161,-52.90424553155575,0.6004015785553545,4635.652875,48.95957985186929,0.162488714462078,4348.895,64450,1789695846,2026-09-18T01:44:06Z,OANDA:XAUUSD
16.767831328124906,-4.982247296999958,-53.32583865190196,0.5554090503222395,4635.652875,48.81512004449663,0.1176920383984594,4346.95,66237,1789696025,2026-09-18T01:47:05Z,OANDA:XAUUSD
16.767831328124906,-5.46653301128481,-52.95844789078031,0.5946184772400459,4635.652875,48.941057438952704,0.1567307869474759,4348.645,67830,1789696200,2026-09-18T01:50:00Z,OANDA:XAUUSD
16.767831328124906,-5.405104439855677,-53.0050588491267,0.5896450101088772,4635.652875,48.92511740841292,0.1517789692849148,4348.43,69832,1789696387,2026-09-18T01:53:07Z,OANDA:XAUUSD
16.767831328124906,-5.622247296999376,-52.84028180917032,0.6072256381073992,4635.652875,48.9814190218081,0.1692830689292893,4349.19,71027,1789696561,2026-09-18T01:56:01Z,OANDA:XAUUSD
16.767831328124906,-5.839390154141256,-52.67546928088421,0.6248062661059423,4635.652875,49.03759664544172,0.1867871685736847,4349.95,72151,1789696751,2026-09-18T01:59:11Z,OANDA:XAUUSD
16.767831328124906,-4.983675868427781,-53.32475516274823,0.5555247123485482,4635.652875,48.81549245482629,0.117807196948754,4346.955,73509,1789696924,2026-09-18T02:02:04Z,OANDA:XAUUSD
16.767831328124906,-5.446533011284373,-52.97362386336548,0.5929992088717452,4635.652875,48.93586875402418,0.1591491165035988,4348.75,74984,1789697107,2026-09-18T02:05:07Z,OANDA:XAUUSD
16.767831328124906,-5.95081872557148,-52.59088064896692,0.6338279041578312,4635.652875,49.06637663131638,0.1957695354964715,4350.34,76194,1789697288,2026-09-18T02:08:08Z,OANDA:XAUUSD
16.767831328124906,-5.182247296998867,-53.17413523752648,0.5716017340050993,4635.652875,48.86720481552036,0.1338142354393411,4347.65,78023,1789697480,2026-09-18T02:11:20Z,OANDA:XAUUSD
16.767831328124906,-5.909390154142784,-52.62233136032302,0.6304737053949422,4635.652875,49.05568017704175,0.1924299375379922,4350.195,79034,1789697657,2026-09-18T02:14:17Z,OANDA:XAUUSD
16.767831328124906,-6.582247296998503,-52.111368416204925,0.6849505197851598,4635.652875,49.22885117755732,0.246669614725555,4352.55,80433,1789697822,2026-09-18T02:17:02Z,OANDA:XAUUSD
16.767831328124906,-5.8179615827129965,-52.69173525371229,0.6230713357113539,4635.652875,49.032058303632766,0.1850597903193082,4349.875,81358,1789698009,2026-09-18T02:20:09Z,OANDA:XAUUSD
16.767831328124906,-5.863675868426981,-52.6570340937454,0.626772520553148,4635.652875,49.04387197795143,0.1887448639286502,4350.035,82419,1789698188,2026-09-18T02:23:08Z,OANDA:XAUUSD
16.767831328124906,-6.585104439855968,-52.10919799483694,0.6851818438377771,4635.652875,49.22958400075475,0.2468999318261441,4352.56,83236,1789698373,2026-09-18T02:26:13Z,OANDA:XAUUSD
16.767831328124906,-6.549390154142202,-52.13632781969236,0.6822902931801229,4635.652875,49.22042219000272,0.244020968068843,4352.435,83999,1789698553,2026-09-18T02:29:13Z,OANDA:XAUUSD
16.767831328124906,-7.329390154142857,-51.54359358119169,0.7454417595432823,4635.652875,49.41976659822645,0.306897536528288,4355.165,85369,1789698737,2026-09-18T02:32:17Z,OANDA:XAUUSD
16.767831328124906,-7.117961582714088,-51.70430680180987,0.728323779649974,4635.652875,49.36588663950131,0.2898540710850708,4354.425,86264,1789698893,2026-09-18T02:34:53Z,OANDA:XAUUSD
16.767831328124906,-7.042247296999449,-51.76185130877021,0.7221936922557394,4635.652875,49.34656386475832,0.283750667919585,4354.16,87359,1789699080,2026-09-18T02:38:00Z,OANDA:XAUUSD
16.767831328124906,-6.569390154142639,-52.12113523621438,0.6839095615484025,4635.652875,49.22555321135602,0.2456331877729249,4352.505,88735,1789699261,2026-09-18T02:41:01Z,OANDA:XAUUSD
16.767831328124906,-6.077961582713215,-52.49435143036773,0.6441218244990737,4635.652875,49.09917565341226,0.2060186464724565,4350.785,89726,1789699445,2026-09-18T02:44:05Z,OANDA:XAUUSD
16.767831328124906,-6.860818725571335,-51.89972338340623,0.7075046149148505,4635.652875,49.30020205704636,0.2691255320324906,4353.525,90797,1789699616,2026-09-18T02:46:56Z,OANDA:XAUUSD
16.767831328124906,-7.186533011284155,-51.65218729031157,0.7338755569126652,4635.652875,49.38337379378344,0.2953816814990838,4354.665,91943,1789699807,2026-09-18T02:50:07Z,OANDA:XAUUSD
16.767831328124906,-6.970818725570098,-51.816134615846416,0.7164105909404308,4635.652875,49.32832130790467,0.2779927404049829,4353.91,92797,1789699980,2026-09-18T02:53:00Z,OANDA:XAUUSD
16.767831328124906,-5.009390154141329,-53.30525209555937,0.5576066288220627,4635.652875,48.8221949142054,0.1198800508540141,4347.045,95766,1789700164,2026-09-18T02:56:04Z,OANDA:XAUUSD
16.767831328124906,-4.60796158271387,-53.60965994972866,0.5251055994300344,4635.652875,48.71736147395539,0.0875204982219561,4345.64,97860,1789700332,2026-09-18T02:58:52Z,OANDA:XAUUSD
16.767831328124906,-5.076533011285392,-53.25432507593369,0.5630427440584451,4635.652875,48.83968750765597,0.1252925027177325,4347.28,99792,1789700518,2026-09-18T03:01:58Z,OANDA:XAUUSD
16.767831328124906,-5.646533011285101,-52.82185059183259,0.6091918925546049,4635.652875,48.98770819612263,0.1712407642842548,4349.275,101888,1789700721,2026-09-18T03:05:21Z,OANDA:XAUUSD
16.767831328124906,-5.772247296999012,-52.72643484033178,0.6193701508695598,4635.652875,49.02023915027674,0.1813747167099662,4349.715,103322,1789700869,2026-09-18T03:07:49Z,OANDA:XAUUSD
16.767831328124906,-4.773675868428654,-53.48401160269197,0.5385223944815486,4635.652875,48.76068992112957,0.1008788900558313,4346.22,104756,1789701063,2026-09-18T03:11:03Z,OANDA:XAUUSD
16.767831328124906,-4.943675868426908,-53.35509227901013,0.5522861756119678,4635.652875,48.80506291673738,0.1145827575405693,4346.815,105698,1789701229,2026-09-18T03:13:49Z,OANDA:XAUUSD
16.767831328124906,-3.880818725569952,-54.16075234322874,0.4662336280401915,4635.652875,48.52636979669046,0.028904796123305,4343.095,106900,1789701418,2026-09-18T03:16:58Z,OANDA:XAUUSD
16.767831328124906,-5.09224729700054,-55.78356993212799,0.3530005042864397,4635.652875,48.17457921975335,-0.0838354246126141,4338.2,109307,1789701604,2026-09-18T03:20:04Z,OANDA:XAUUSD
16.767831328124906,-4.856533011286047,-55.96175083775264,0.3339162699459257,4635.652875,48.11669064239996,-0.1028365854107969,4337.375,111193,1789701788,2026-09-18T03:23:08Z,OANDA:XAUUSD
16.767831328124906,-6.918675868427272,-56.67190147027991,0.3118248229214487,4635.652875,48.04985372068165,-0.1248318685165753,4336.42,112701,1789701954,2026-09-18T03:25:54Z,OANDA:XAUUSD
16.767831328124906,-8.497961582713287,-55.94015536614819,0.401231569256114,4635.652875,48.32150217805841,-0.0358143091408317,4340.285,113988,1789702136,2026-09-18T03:28:56Z,OANDA:XAUUSD
16.767831328124906,-9.10224729699894,-55.4832680565436,0.4501566063836194,4635.652875,48.47396538863876,0.0128977576326969,4342.4,115110,1789702315,2026-09-18T03:31:55Z,OANDA:XAUUSD
16.767831328124906,-10.506533011285685,-54.4204617171354,0.5638523782425849,4635.652875,48.84229176447246,0.1260986125697735,4347.315,116235,1789702496,2026-09-18T03:34:56Z,OANDA:XAUUSD
16.767831328124906,-11.91224729699843,-53.3550922790089,0.6776638121278592,4635.652875,49.205756413081176,0.2394146260571445,4352.235,117627,1789702675,2026-09-18T03:37:55Z,OANDA:XAUUSD
16.767831328124906,-12.090818725570898,-53.21964942050283,0.6921215654161306,4635.652875,49.25155886389618,0.2538094448436498,4352.86,118665,1789702855,2026-09-18T03:40:55Z,OANDA:XAUUSD
16.767831328124906,-13.630818725569952,-52.05059429204209,0.8168052297741908,4635.652875,49.64315775763627,0.3779503620584787,4358.25,120150,1789703035,2026-09-18T03:43:55Z,OANDA:XAUUSD
16.767831328124906,-13.932247296998868,-51.821562734918864,0.8412099173247997,4635.652875,49.71910036151883,0.4022488161701063,4359.305,121305,1789703218,2026-09-18T03:46:58Z,OANDA:XAUUSD
16.767831328124906,-14.033675868427054,-51.7444798377872,0.8494219211925277,4635.652875,49.74460302830464,0.4104250732408313,4359.66,122242,1789703395,2026-09-18T03:49:55Z,OANDA:XAUUSD
16.767831328124906,-13.349390154141474,-52.2643676165298,0.7940198105918826,4635.652875,49.572046631259866,0.355264127650954,4357.265,123293,1789703580,2026-09-18T03:53:00Z,OANDA:XAUUSD
16.767831328124906,-14.03796158271416,-51.74122264310762,0.8497689072714538,4635.652875,49.74568003614151,0.4107705488917149,4359.675,124521,1789703759,2026-09-18T03:55:59Z,OANDA:XAUUSD
16.767831328124906,-13.713675868427345,-51.9876445774748,0.8235136272999479,4635.652875,49.66405582871001,0.3846295579754163,4358.54,125275,1789703932,2026-09-18T03:58:52Z,OANDA:XAUUSD
16.767831328124906,-13.707961582714232,-51.99198610326124,0.8230509791947341,4635.652875,49.66261513931229,0.3841689237742591,4358.52,126133,1789704118,2026-09-18T04:01:58Z,OANDA:XAUUSD
16.767831328124906,-14.346533011285828,-51.50666821228847,0.8747519049535851,4635.652875,49.8231034734474,0.4356447957547943,4360.755,126959,1789704292,2026-09-18T04:04:52Z,OANDA:XAUUSD
16.767831328124906,-14.166533011285535,-51.6435003601997,0.860178489639005,4635.652875,49.7779688196889,0.4211348184179945,4360.125,127645,1789704478,2026-09-18T04:07:58Z,OANDA:XAUUSD
16.767831328124906,-14.077961582713217,-51.71082149134798,0.8530074440080131,4635.652875,49.75572988369428,0.4139949882998787,4359.815,128228,1789704655,2026-09-18T04:10:55Z,OANDA:XAUUSD
16.767831328124906,-13.85367586842858,-51.881269505308815,0.8348485058779476,4635.652875,49.69932697638446,0.3959150959040315,4359.03,128601,1789704836,2026-09-18T04:13:56Z,OANDA:XAUUSD
16.767831328124906,-12.416533011285535,-52.97253987530458,0.7184925074139452,4635.652875,49.33489014189379,0.2800655943102429,4354.0,129623,1789705016,2026-09-18T04:16:56Z,OANDA:XAUUSD
16.767831328124906,-12.62510443985684,-52.814261138017095,0.7353791632546361,4635.652875,49.38810781959143,0.296878742652871,4354.73,130503,1789705189,2026-09-18T04:19:49Z,OANDA:XAUUSD
16.767831328124906,-12.956533011284591,-52.56268236068261,0.7622127533576856,4635.652875,49.47244330665104,0.3235955263206425,4355.89,131648,1789705380,2026-09-18T04:23:00Z,OANDA:XAUUSD
16.767831328124906,-13.069390154142638,-52.4769965719085,0.7713500534358622,4635.652875,49.50109688294462,0.3326930517937029,4356.285,132395,1789705555,2026-09-18T04:25:55Z,OANDA:XAUUSD
16.767831328124906,-13.35224729699894,-52.26219762887721,0.7942511346444789,4635.652875,49.57276958074852,0.3554944447515221,4357.275,133279,1789705739,2026-09-18T04:28:59Z,OANDA:XAUUSD
16.767831328124906,-14.242247297000176,-51.58594695931811,0.8663085770332397,4635.652875,49.796963921497735,0.4272382215834803,4360.39,134046,1789705911,2026-09-18T04:31:51Z,OANDA:XAUUSD
16.767831328124906,-13.747961582713287,-51.96159490578254,0.8262895159312935,4635.652875,49.67269823358741,0.3873933631824228,4358.66,135047,1789706093,2026-09-18T04:34:53Z,OANDA:XAUUSD
16.767831328124906,-13.729390154142491,-51.97570525462767,0.8247859095893225,4635.652875,49.66801729936699,0.3858963020286355,4358.595,135384,1789706272,2026-09-18T04:37:52Z,OANDA:XAUUSD
16.767831328124906,-14.29796158271438,-51.54359358119169,0.8708193960591736,4635.652875,49.810932275030815,0.4317294050448632,4360.585,135980,1789706455,2026-09-18T04:40:55Z,OANDA:XAUUSD
16.767831328124906,-15.192247296999083,-50.863446900312525,0.9432238245268394,4635.652875,50.03408326716097,0.5038186575276841,4363.715,137418,1789706635,2026-09-18T04:43:55Z,OANDA:XAUUSD
16.767831328124906,-14.76510443985626,-50.31758921926888,0.9806983210500364,4635.652875,50.14880242924412,0.5411300278223032,4365.335,138533,1789706814,2026-09-18T04:46:54Z,OANDA:XAUUSD
16.767831328124906,-14.837961582713431,-50.26211179786374,0.9865970843916536,4635.652875,50.16681210702162,0.5470031138871999,4365.59,139868,1789706996,2026-09-18T04:49:56Z,OANDA:XAUUSD
16.767831328124906,-13.95081872557148,-50.5949161101548,0.9431081625005306,4635.652875,50.03372837835185,0.5037034989773895,4363.71,141111,1789707172,2026-09-18T04:52:52Z,OANDA:XAUUSD
16.767831328124906,-13.28653301128452,-51.10037162681749,0.8893253202681652,4635.652875,49.86815707481568,0.4501547730915941,4361.385,141939,1789707360,2026-09-18T04:56:00Z,OANDA:XAUUSD
16.767831328124906,-14.632247296999594,-50.00751685022434,1.0039463883375792,4635.652875,50.21970640816451,0.5642768964310062,4366.34,142815,1789707532,2026-09-18T04:58:52Z,OANDA:XAUUSD
16.767831328124906,-14.060104439856332,-49.97813506861828,0.9960813705487562,4635.652875,50.19574157860578,0.5564461150111439,4366.0,143613,1789707716,2026-09-18T05:01:56Z,OANDA:XAUUSD
16.767831328124906,-13.82010443985655,-50.1609367506452,0.976650150129316,4635.652875,50.13643531243015,0.5370994785620775,4365.16,144289,1789707896,2026-09-18T05:04:56Z,OANDA:XAUUSD
16.767831328124906,-14.050104439856112,-49.98575267567631,0.9952717363646164,4635.652875,50.19327330090855,0.5556400051591031,4365.965,145092,1789708084,2026-09-18T05:08:04Z,OANDA:XAUUSD
16.767831328124906,-12.89581872557119,-49.21925989305378,1.037835362045291,4635.652875,50.32270339702433,0.5980183516665779,4367.805,146085,1789708255,2026-09-18T05:10:55Z,OANDA:XAUUSD
16.767831328124906,-12.547247296998648,-49.48500608001565,1.0096138276265791,4635.652875,50.23696089031445,0.5699196653953137,4366.585,146744,1789708432,2026-09-18T05:13:52Z,OANDA:XAUUSD
16.767831328124906,-12.528675868427854,-49.49916210507048,1.0081102212846085,4635.652875,50.23238433640332,0.5684226042415264,4366.52,147565,1789708616,2026-09-18T05:16:56Z,OANDA:XAUUSD
16.767831328124906,-12.88510443985706,-48.81065893916128,1.0713773496740764,4635.652875,50.42422698241416,0.6314143312512659,4369.255,148326,1789708802,2026-09-18T05:20:02Z,OANDA:XAUUSD
16.767831328124906,-12.305104439857132,-49.25302783455227,1.0244185669937766,4635.652875,50.28197744076406,0.5846599598327027,4367.225,149278,1789708981,2026-09-18T05:23:01Z,OANDA:XAUUSD
16.767831328124906,-11.965104439856988,-49.51222897320584,0.996891004732896,4635.652875,50.19820961167368,0.5572522248631849,4366.035,150273,1789709161,2026-09-18T05:26:01Z,OANDA:XAUUSD
16.767831328124906,-11.40653301128532,-49.937869316787896,0.9516671524471848,4635.652875,50.0599765408838,0.5122252316989981,4364.08,151099,1789709343,2026-09-18T05:29:03Z,OANDA:XAUUSD
16.767831328124906,-10.78224729699923,-50.413305525391706,0.9011228469513998,4635.652875,49.90456982257413,0.4619009452213875,4361.895,153811,1789709517,2026-09-18T05:31:57Z,OANDA:XAUUSD
16.767831328124906,-11.497961582713287,-49.86821545593065,0.959069522130773,4635.652875,50.08265542546095,0.5195953789176821,4364.4,155792,1789709695,2026-09-18T05:34:55Z,OANDA:XAUUSD
16.767831328124906,-11.823675868427928,-49.62002214097292,0.9854404641285875,4635.652875,50.16328182333034,0.5458515283842753,4365.54,158133,1789709876,2026-09-18T05:37:56Z,OANDA:XAUUSD
16.767831328124906,-10.196533011284371,-47.48638729567112,1.132215575511125,4635.652875,50.60731476986169,0.6919877287048826,4371.885,161038,1789710053,2026-09-18T05:40:53Z,OANDA:XAUUSD
16.767831328124906,-8.292247297000358,-46.45505991430596,1.1828755430332187,4635.652875,50.75874318506362,0.7424271737327878,4374.075,163529,1789710237,2026-09-18T05:43:57Z,OANDA:XAUUSD
16.767831328124906,-5.712961582714343,-45.74740701335576,1.1946730697164532,4635.652875,50.79387414156451,0.7541733458625811,4374.585,165780,1789710420,2026-09-18T05:47:00Z,OANDA:XAUUSD
16.767831328124906,-5.432961582713688,-45.96184979502753,1.1720033125604328,4635.652875,50.72632315195419,0.73160227000533,4373.605,167261,1789710592,2026-09-18T05:49:52Z,OANDA:XAUUSD
16.767831328124906,-5.048675868427381,-46.256064209028615,1.1408902274840875,4635.652875,50.63331034359665,0.7006246199767857,4372.26,169712,1789710775,2026-09-18T05:52:55Z,OANDA:XAUUSD
16.767831328124906,-5.334390154142966,-46.03732817235221,1.164022632745322,4635.652875,50.70249828561922,0.7236563300351941,4373.26,171381,1789710961,2026-09-18T05:56:01Z,OANDA:XAUUSD
16.767831328124906,-5.864390154141802,-45.63140792849242,1.2069332445049017,4635.652875,50.830329706681205,0.7663801521935316,4375.115,172645,1789711137,2026-09-18T05:58:57Z,OANDA:XAUUSD
16.67402141301613,-0.5429615827142698,-41.25446344079685,1.4699486923251324,4635.652875,51.59959868519518,1.028250695557633,4386.485,174903,1789711318,2026-09-18T06:01:58Z,OANDA:XAUUSD
16.671191897866393,0.8127527030010242,-42.120190848421664,1.3747588446751584,4635.652875,51.32398210467347,0.9334752086672872,4382.37,177041,1789711494,2026-09-18T06:04:54Z,OANDA:XAUUSD
16.669306768452145,-0.1701044398569138,-41.24455750254904,1.4640499289835152,4635.652875,51.58260991215767,1.0223776094927362,4386.23,178883,1789711677,2026-09-18T06:07:57Z,OANDA:XAUUSD
16.63810808497301,1.289181274429211,-40.39217044550668,1.5074231888483294,4635.652875,51.70724952301819,1.065562065852252,4388.105,180526,1789711859,2026-09-18T06:10:59Z,OANDA:XAUUSD
16.629165288099713,1.398466988714972,-39.90608651713298,1.5451290094241437,4635.652875,51.81508264023738,1.10310375324746,4389.735,181799,1789712038,2026-09-18T06:13:58Z,OANDA:XAUUSD
16.61908242394967,3.162752703001388,-40.62242983291472,1.4549126289053385,4635.652875,51.55627041145014,1.0132800840196756,4385.835,183208,1789712217,2026-09-18T06:16:57Z,OANDA:XAUUSD
16.61908242394967,3.2456098458587803,-40.68631738534662,1.4482042313795815,4635.652875,51.53691429938527,1.0066008881027382,4385.545,184786,1789712393,2026-09-18T06:19:53Z,OANDA:XAUUSD
16.61908242394967,2.3170384172863123,-39.97003341328034,1.5233845484785928,4635.652875,51.75295552584504,1.0814539457925656,4388.795,186374,1789712576,2026-09-18T06:22:56Z,OANDA:XAUUSD
16.57833934390918,3.873466988715336,-38.545408872125,1.6115190125238834,4635.652875,52.00378247685194,1.1692047611150898,4392.605,188116,1789712756,2026-09-18T06:25:56Z,OANDA:XAUUSD
16.565113950407515,4.468466988714681,-38.14546792591771,1.6333791354957643,4635.652875,52.06559232584743,1.1909697271203,4393.55,189782,1789712941,2026-09-18T06:29:01Z,OANDA:XAUUSD
16.565113950407515,5.154181274428083,-38.67573162453388,1.5778613628687894,4635.652875,51.90830265334232,1.1356936229801071,4391.15,191705,1789713120,2026-09-18T06:32:00Z,OANDA:XAUUSD
16.565113950407515,4.744181274428229,-38.35872187848531,1.6110563644186695,4635.652875,52.00247260934292,1.1687441269139325,4392.585,193628,1789713300,2026-09-18T06:35:00Z,OANDA:XAUUSD
16.56358812268926,4.859895560143741,-38.34877870211329,1.6097840821292952,4635.652875,51.998870105017495,1.1674773828607137,4392.53,195152,1789713476,2026-09-18T06:37:56Z,OANDA:XAUUSD
16.55353381908915,4.937038417286203,-37.75195381684831,1.6569741888622125,4635.652875,52.13212931457072,1.2144620713798655,4394.57,196677,1789713655,2026-09-18T06:40:55Z,OANDA:XAUUSD
16.52074847981206,6.876324131571892,-37.09823342881652,1.6752487890185863,4635.652875,52.18353606514637,1.2326571223260074,4395.36,198742,1789713831,2026-09-18T06:43:51Z,OANDA:XAUUSD
16.518036107214257,6.577752703000442,-36.68757812566235,1.713995567831158,4635.652875,52.29216698434463,1.271235236673846,4397.035,201017,1789714013,2026-09-18T06:46:53Z,OANDA:XAUUSD
16.514197089223668,7.214181274429393,-36.926692373991806,1.6831138068074094,4635.652875,52.205626519198816,1.2404879037458698,4395.7,202448,1789714199,2026-09-18T06:49:59Z,OANDA:XAUUSD
16.514197089223668,8.16418127443012,-37.66239031145998,1.6061985593138095,4635.652875,51.98871468272952,1.163907467801666,4392.375,204268,1789714380,2026-09-18T06:53:00Z,OANDA:XAUUSD
16.514197089223668,8.757038417285912,-38.12115544732349,1.5581988183967528,4635.652875,51.85234807346921,1.1161166694304727,4390.3,205586,1789714558,2026-09-18T06:55:58Z,OANDA:XAUUSD
16.514197089223668,7.801324131572073,-37.38146952801061,1.6355767139955872,4635.652875,52.07179720904439,1.1931577395758546,4393.645,206510,1789714729,2026-09-18T06:58:49Z,OANDA:XAUUSD
16.514197089223668,8.101324131571346,-37.613734179879685,1.6112876884712872,4635.652875,52.00312755203426,1.1689744440145218,4392.595,208496,1789714921,2026-09-18T07:02:01Z,OANDA:XAUUSD
16.514197089223668,8.471324131572146,-37.90009781708844,1.581331223657987,4635.652875,51.91816349324388,1.139148379488881,4391.3,209678,1789715091,2026-09-18T07:04:51Z,OANDA:XAUUSD
16.514197089223668,7.928466988715627,-37.47991402157861,1.6252827936543237,4635.652875,52.0427183602529,1.182908628599849,4393.2,211330,1789715277,2026-09-18T07:07:57Z,OANDA:XAUUSD
16.514197089223668,7.901324131572437,-37.45889883398148,1.6274803721541469,4635.652875,52.04892916633329,1.1850966410554034,4393.295,212435,1789715457,2026-09-18T07:10:57Z,OANDA:XAUUSD
16.514197089223668,8.562752703000115,-37.970843139927474,1.573928853974378,4635.652875,51.897122144165166,1.1317782322701762,4390.98,213695,1789715637,2026-09-18T07:13:57Z,OANDA:XAUUSD
16.514197089223668,8.397038417287149,-37.84261247267378,1.587345649025913,4635.652875,51.93524603987359,1.1451366241040724,4391.56,214993,1789715821,2026-09-18T07:17:01Z,OANDA:XAUUSD
16.514197089223668,8.0984669887157,-37.61152246475044,1.6115190125238834,4635.652875,52.00378247685194,1.1692047611150898,4392.605,216240,1789716000,2026-09-18T07:20:00Z,OANDA:XAUUSD
16.514197089223668,7.751324131572801,-37.34275196626124,1.6396248849162864,4635.652875,52.08322305295932,1.1971882888360594,4393.82,217155,1789716175,2026-09-18T07:22:55Z,OANDA:XAUUSD
16.514197089223668,8.122752703001424,-37.63032184160566,1.6095527580766988,4635.652875,51.99821504613004,1.1672470657601453,4392.52,218191,1789716360,2026-09-18T07:26:00Z,OANDA:XAUUSD
16.514197089223668,7.844181274428593,-37.41465446604134,1.6321068532063896,4635.652875,52.06199929067842,1.1897029830670809,4393.495,219191,1789716534,2026-09-18T07:28:54Z,OANDA:XAUUSD
16.514197089223668,7.668466988715409,-37.27858716550744,1.6463332824420436,4635.652875,52.10214531943009,1.203867484752997,4394.11,220763,1789716717,2026-09-18T07:31:57Z,OANDA:XAUUSD
16.514197089223668,7.92989556014345,-37.48102006825637,1.6251671316280152,4635.652875,52.04239143115432,1.1827934700495542,4393.195,222252,1789716893,2026-09-18T07:34:53Z,OANDA:XAUUSD
16.514197089223668,7.921324131572874,-37.47438376444996,1.6258611037858672,4635.652875,52.04435293888736,1.1834844213513214,4393.225,223374,1789717079,2026-09-18T07:37:59Z,OANDA:XAUUSD
16.514197089223668,8.469895560144323,-37.8989923700241,1.5814468856842958,4635.652875,51.91849211826483,1.1392635380391756,4391.305,224217,1789717258,2026-09-18T07:40:58Z,OANDA:XAUUSD
16.514197089223668,7.781324131571637,-37.36598273602631,1.637195982363867,4635.652875,52.07636820043126,1.1947699592799366,4393.715,225157,1789717439,2026-09-18T07:43:59Z,OANDA:XAUUSD
16.514197089223668,7.618466988714317,-37.23986445025014,1.650381453362764,4635.652875,52.11355669997317,1.2078980340132228,4394.285,226583,1789717611,2026-09-18T07:46:51Z,OANDA:XAUUSD
16.51171520876773,6.866324131571673,-36.4926896131045,1.7246364742513265,4635.652875,52.321913618641815,1.2818298233007146,4397.495,227712,1789717797,2026-09-18T07:49:57Z,OANDA:XAUUSD
16.503137934723615,9.106324131571457,-36.0761722929832,1.7181594007781869,4635.652875,52.30381139110275,1.275380944484366,4397.215,228863,1789717976,2026-09-18T07:52:56Z,OANDA:XAUUSD
16.503137934723615,8.997752703000515,-35.99195536850488,1.7269497147774584,4635.652875,52.32837537032902,1.2841329943065638,4397.595,230579,1789718161,2026-09-18T07:56:01Z,OANDA:XAUUSD
16.503137934723615,10.15346698871508,-36.887952029289885,1.6333791354957643,4635.652875,52.06559232584743,1.1909697271203,4393.55,231835,1789718335,2026-09-18T07:58:55Z,OANDA:XAUUSD
16.503137934723615,9.552038417286894,-36.42180888532438,1.6820728485706522,4635.652875,52.20270395465321,1.2394514767932396,4395.655,233545,1789718516,2026-09-18T08:01:56Z,OANDA:XAUUSD
16.503137934723615,8.850609845858344,-35.87780464055626,1.7388629034869807,4635.652875,52.36162567357236,1.2959943249866306,4398.11,235174,1789718697,2026-09-18T08:04:57Z,OANDA:XAUUSD
16.503137934723615,9.039181274429213,-36.024091855571506,1.7235955160145693,4635.652875,52.31900525884132,1.2807933963480844,4397.45,236573,1789718879,2026-09-18T08:07:59Z,OANDA:XAUUSD
16.503137934723615,10.187752703001024,-36.91451704623839,1.6306032468644187,4635.652875,52.05775228187021,1.1882059219132937,4393.43,237899,1789719061,2026-09-18T08:11:01Z,OANDA:XAUUSD
16.503137934723615,9.909181274430011,-36.698649862216776,1.6531573419941097,4635.652875,52.12137850455635,1.210661839220229,4394.405,239837,1789719234,2026-09-18T08:13:54Z,OANDA:XAUUSD
16.503137934723615,10.872038417286603,-37.44451969219292,1.5752011362637526,4635.652875,51.90073993655327,1.1330449763233952,4391.035,241619,1789719418,2026-09-18T08:16:58Z,OANDA:XAUUSD
16.503137934723615,10.697752703001242,-37.30956394118443,1.589311903473119,4635.652875,51.940828086099536,1.147094319459038,4391.645,243043,1789719594,2026-09-18T08:19:54Z,OANDA:XAUUSD
16.503137934723615,10.309181274429648,-37.00859414149826,1.6207719746283895,4635.652875,52.02996482161196,1.1784174451384657,4393.005,245254,1789719777,2026-09-18T08:22:57Z,OANDA:XAUUSD
16.503137934723615,11.237752703000297,-37.72762895322624,1.5455916575293784,4635.652875,51.81640275543293,1.1035643874486385,4389.755,247014,1789719951,2026-09-18T08:25:51Z,OANDA:XAUUSD
16.503137934723615,11.182038417286094,-37.68450572229396,1.5501024765553124,4635.652875,51.82927008884753,1.1080555709100213,4389.95,248078,1789720138,2026-09-18T08:28:58Z,OANDA:XAUUSD
16.503137934723615,12.144895560142686,-38.429425219632016,1.4721462708249555,4635.652875,51.60592478819986,1.0304387080131876,4386.58,249355,1789720321,2026-09-18T08:32:01Z,OANDA:XAUUSD
16.503137934723615,11.823466988715154,-38.18083016543445,1.498170226743844,4635.652875,51.6807136158006,1.056349381828897,4387.705,250355,1789720494,2026-09-18T08:34:54Z,OANDA:XAUUSD
16.503137934723615,11.742038417285585,-38.11784005005524,1.5047629622432923,4635.652875,51.699623435341536,1.06291341919554,4387.99,251375,1789720675,2026-09-18T08:37:55Z,OANDA:XAUUSD
16.503137934723615,12.216324131572035,-38.48465770236057,1.466363169509647,4635.652875,51.58927359733137,1.0246807804985854,4386.33,252343,1789720860,2026-09-18T08:41:00Z,OANDA:XAUUSD
16.503137934723615,12.384895560144288,-38.61499070482424,1.4527150504055153,4635.652875,51.549931319234574,1.011092071564121,4385.74,253177,1789721040,2026-09-18T08:44:00Z,OANDA:XAUUSD
16.503137934723615,11.997752703000517,-38.31563385651759,1.4840594595344987,4635.652875,51.64019016442065,1.0423000386932753,4387.095,254297,1789721212,2026-09-18T08:46:52Z,OANDA:XAUUSD
16.503137934723615,11.860609845858562,-38.20956079327417,1.495163014059881,4635.652875,51.67208316591008,1.0533552595213014,4387.575,255490,1789721402,2026-09-18T08:50:02Z,OANDA:XAUUSD
16.503137934723615,11.32632413157262,-37.79617888007959,1.5384206118983867,4635.652875,51.79593283791458,1.0964245573305225,4389.445,256603,1789721578,2026-09-18T08:52:58Z,OANDA:XAUUSD
16.503137934723615,10.619181274429138,-37.24871552760467,1.5956733149199498,4635.652875,51.95887876779982,1.1534280397250918,4391.92,257773,1789721748,2026-09-18T08:55:48Z,OANDA:XAUUSD
16.503137934723615,10.442038417286312,-37.11151243936735,1.6100154061819123,4635.652875,51.999525146026656,1.1677076999613023,4392.54,258640,1789721941,2026-09-18T08:59:01Z,OANDA:XAUUSD
16.503137934723615,10.327752703000442,-37.02298139394771,1.6192683682863978,4635.652875,52.02571213454582,1.1769203839846576,4392.94,259652,1789722123,2026-09-18T09:02:03Z,OANDA:XAUUSD
16.503137934723615,9.740609845857762,-36.56799326944367,1.666805461098241,4635.652875,52.15979857395783,1.2242505481546937,4394.995,260597,1789722294,2026-09-18T09:04:54Z,OANDA:XAUUSD
16.503137934723615,9.15203841728544,-36.11162930814221,1.7144582159363928,4635.652875,52.2934610880836,1.271695870875024,4397.055,261543,1789722478,2026-09-18T09:07:58Z,OANDA:XAUUSD
16.503137934723615,9.362038417286383,-36.2744890946034,1.697455898069372,4635.652875,52.245856610444136,1.2547675639820806,4396.32,262110,1789722656,2026-09-18T09:10:56Z,OANDA:XAUUSD
16.503137934723615,9.20632413157182,-36.15373240301496,1.7100630589367465,4635.652875,52.28116426723787,1.2673198459639146,4396.865,262678,1789722838,2026-09-18T09:13:58Z,OANDA:XAUUSD
16.503137934723615,9.83203841728573,-36.638860601592576,1.6594030914146527,4635.652875,52.13896822571236,1.2168804009360097,4394.675,263522,1789723023,2026-09-18T09:17:03Z,OANDA:XAUUSD
16.503137934723615,10.210609845857109,-36.9322265505018,1.6287526544435216,4635.652875,52.05252416095228,1.1863633851086226,4393.35,264332,1789723193,2026-09-18T09:19:53Z,OANDA:XAUUSD
16.503137934723615,9.917752703000588,-36.705292828061744,1.6524633698362785,4635.652875,52.1194232929739,1.2099708879184827,4394.375,265101,1789723377,2026-09-18T09:22:57Z,OANDA:XAUUSD
16.503137934723615,11.057752703000006,-37.58829907375217,1.5601650728439589,4635.652875,51.8579493900472,1.1180743647854383,4390.385,265875,1789723559,2026-09-18T09:25:59Z,OANDA:XAUUSD
16.503137934723615,11.927752703000806,-38.26149421691245,1.4897268988234986,4635.652875,51.65647414165653,1.047942807657583,4387.34,267454,1789723732,2026-09-18T09:28:52Z,OANDA:XAUUSD
16.503137934723615,11.850609845858344,-38.20182572934623,1.495972648244021,4635.652875,51.674407051843566,1.0541613693733425,4387.61,269380,1789723920,2026-09-18T09:32:00Z,OANDA:XAUUSD
16.503137934723615,12.27775270300117,-38.53215447897182,1.4613897023784783,4635.652875,51.57494440595025,1.0197289628360242,4386.115,270728,1789724100,2026-09-18T09:35:00Z,OANDA:XAUUSD
16.503137934723615,12.24489556014305,-38.50674958966936,1.4640499289835152,4635.652875,51.58260991215767,1.0223776094927362,4386.23,271814,1789724276,2026-09-18T09:37:56Z,OANDA:XAUUSD
16.503137934723615,13.577752703000442,-39.536634346779735,1.356137258439858,4635.652875,51.26969689355119,0.9149346820702616,4381.565,273450,1789724455,2026-09-18T09:40:55Z,OANDA:XAUUSD
16.503137934723615,14.373466988714426,-40.15082010380879,1.2917135097873242,4635.652875,51.08095261329387,0.8507913695575976,4378.78,275111,1789724641,2026-09-18T09:44:01Z,OANDA:XAUUSD
16.503137934723615,15.03346698871428,-40.65988179853905,1.2382776536338849,4635.652875,50.92328701817171,0.7975881193226859,4376.47,277129,1789724818,2026-09-18T09:46:58Z,OANDA:XAUUSD
16.503137934723615,15.490609845857762,-41.01228181074,1.2012658052159015,4635.652875,50.81348432191472,0.7607373832292241,4374.87,278822,1789724991,2026-09-18T09:49:51Z,OANDA:XAUUSD
16.503137934723615,15.146324131572328,-40.746895521376125,1.229140353555687,4635.652875,50.89622507739655,0.7884905938496046,4376.075,280946,1789725180,2026-09-18T09:53:00Z,OANDA:XAUUSD
16.503137934723615,14.683466988715736,-40.389966674368026,1.266614850078884,4635.652875,51.00702391710635,0.8258019641442236,4377.695,281892,1789725357,2026-09-18T09:55:57Z,OANDA:XAUUSD
16.503137934723615,14.997752703000517,-40.63234376548977,1.241169204291539,4635.652875,50.93184471126602,0.800467083079987,4376.595,283503,1789725534,2026-09-18T09:58:54Z,OANDA:XAUUSD
16.503137934723615,14.65203841728544,-40.36572477634731,1.2691594146576333,4635.652875,51.01452916928696,0.8283354522506621,4377.805,285623,1789725717,2026-09-18T10:01:57Z,OANDA:XAUUSD
16.503137934723615,14.637752702999933,-40.35470547997223,1.2703160349206783,4635.652875,51.0179398874501,0.8294870377535657,4377.855,287246,1789725896,2026-09-18T10:04:56Z,OANDA:XAUUSD
16.503137934723615,14.376324131571891,-40.15302455814081,1.2914821857347278,4635.652875,51.08027226152446,0.8505610524570295,4378.77,288989,1789726083,2026-09-18T10:08:03Z,OANDA:XAUUSD
16.503137934723615,14.247752703000517,-40.05381787756925,1.301891768102279,4635.652875,51.110869367844025,0.8609253219833092,4379.22,290483,1789726258,2026-09-18T10:10:58Z,OANDA:XAUUSD
16.503137934723615,14.279181274428993,-40.07806957737712,1.2993472035235298,4635.652875,51.10339361019005,0.8583918338768707,4379.11,291800,1789726439,2026-09-18T10:13:59Z,OANDA:XAUUSD
16.503137934723615,14.342038417285949,-40.12657069046097,1.2942580743660734,4635.652875,51.08843523396463,0.8533248576640361,4378.89,293301,1789726608,2026-09-18T10:16:48Z,OANDA:XAUUSD
16.503137934723615,14.280609845858637,-40.07917190925848,1.299231541497221,4635.652875,51.10305374870098,0.8582766753265763,4379.105,294842,1789726799,2026-09-18T10:19:59Z,OANDA:XAUUSD
16.503137934723615,14.200609845856889,-40.01743889867361,1.3057086149703818,4635.652875,51.12207871920097,0.8647255541429456,4379.385,296050,1789726985,2026-09-18T10:23:05Z,OANDA:XAUUSD
16.503137934723615,14.14203841728704,-39.97223838415464,1.310450758048933,4635.652875,51.13599833072328,0.8694470547049178,4379.59,296762,1789727159,2026-09-18T10:25:59Z,OANDA:XAUUSD
16.503137934723615,13.862038417286383,-39.756121288502406,1.3331205152049326,4635.652875,51.202431471402,0.8920181305621478,4380.57,297479,1789727338,2026-09-18T10:28:58Z,OANDA:XAUUSD
16.503137934723615,13.827752703000442,-39.72965381117858,1.3358964038362782,4635.652875,51.21055373002474,0.8947819357691544,4380.69,298454,1789727513,2026-09-18T10:31:53Z,OANDA:XAUUSD
16.503137934723615,13.68489556014356,-39.61936288493449,1.3474626064668953,4635.652875,51.24436739032526,0.9062977907983586,4381.19,299388,1789727701,2026-09-18T10:35:01Z,OANDA:XAUUSD
16.503137934723615,13.537752703001388,-39.5057467527327,1.3593757951764385,4635.652875,51.279146495877086,0.9181591214784464,4381.705,300211,1789727877,2026-09-18T10:37:57Z,OANDA:XAUUSD
16.503137934723615,13.724895560142611,-39.65024593292314,1.344224069730336,4635.652875,51.23490429078368,0.9030733513901948,4381.05,300893,1789728054,2026-09-18T10:40:54Z,OANDA:XAUUSD
16.503137934723615,13.999181274428338,-39.86198212190012,1.3220169606795502,4635.652875,51.16991537571238,0.880962909734122,4380.09,302144,1789728234,2026-09-18T10:43:54Z,OANDA:XAUUSD
16.503137934723615,14.289181274429213,-40.0857858674753,1.29853756933939,4635.652875,51.10101448054808,0.8575857240248298,4379.075,303420,1789728417,2026-09-18T10:46:57Z,OANDA:XAUUSD
16.503137934723615,14.520609845858417,-40.26434131254415,1.279800321077802,4635.652875,51.0458898712296,0.8389300388775308,4378.265,304192,1789728599,2026-09-18T10:49:59Z,OANDA:XAUUSD
16.503137934723615,14.993466988715229,-40.62903913545574,1.241516190370444,4635.652875,50.93287143388478,0.8008125587308497,4376.61,305338,1789728774,2026-09-18T10:52:54Z,OANDA:XAUUSD
16.503137934723615,14.640609845857398,-40.35690935183841,1.270084710868082,4635.652875,51.01725778181459,0.8292567206529976,4377.845,306819,1789728961,2026-09-18T10:56:01Z,OANDA:XAUUSD
16.503137934723615,13.727752703000078,-39.65245181763876,1.3439927456777183,4635.652875,51.23422821453517,0.9028430342896058,4381.04,308346,1789729134,2026-09-18T10:58:54Z,OANDA:XAUUSD
16.503137934723615,12.84775270300088,-38.972741138807336,1.4152405538823185,4635.652875,51.44157718662581,0.973780701269502,4384.12,309986,1789729314,2026-09-18T11:01:54Z,OANDA:XAUUSD
16.503137934723615,12.486324131572474,-38.69340081333063,1.4445030465377873,4635.652875,51.52622844250585,1.0029158144933965,4385.385,311757,1789729501,2026-09-18T11:05:01Z,OANDA:XAUUSD
16.503137934723615,13.149181274429791,-39.20563150572934,1.3908358663317095,4635.652875,51.37075226880543,0.9494822471578744,4383.065,317663,1789729670,2026-09-18T11:07:50Z,OANDA:XAUUSD
16.503137934723615,12.260609845858198,-38.51889985836875,1.4627776466941615,4635.652875,51.57894410329804,1.021110865439538,4386.175,320493,1789729858,2026-09-18T11:10:58Z,OANDA:XAUUSD
16.503137934723615,11.947752703001242,-38.276963072536255,1.488107630455219,4635.652875,51.65182269586601,1.046330587953501,4387.27,322085,1789730031,2026-09-18T11:13:51Z,OANDA:XAUUSD
16.503137934723615,12.47346698871479,-38.68346194437113,1.4455440047745445,4635.652875,51.52923431602086,1.0039522414460262,4385.43,324250,1789730219,2026-09-18T11:16:59Z,OANDA:XAUUSD
16.503137934723615,13.387752702999933,-39.38990726637205,1.371520307938578,4635.652875,51.31454988811602,0.9302507692591026,4382.23,326976,1789730397,2026-09-18T11:19:57Z,OANDA:XAUUSD
16.503137934723615,13.409181274430011,-39.406456828726014,1.3697853775439897,4635.652875,51.30949541112167,0.928523391004726,4382.155,328284,1789730576,2026-09-18T11:22:56Z,OANDA:XAUUSD
16.503137934723615,13.48918127442994,-39.46823872687018,1.36330830407085,4635.652875,51.290616087147725,0.9220745121883775,4381.875,329460,1789730759,2026-09-18T11:25:59Z,OANDA:XAUUSD
16.503137934723615,13.840609845858124,-39.739579221541,1.334855445599542,4635.652875,51.20750819992055,0.8937455088165452,4380.645,331031,1789730940,2026-09-18T11:29:00Z,OANDA:XAUUSD
16.503137934723615,14.570609845857687,-40.30291267867949,1.275752150157082,4635.652875,51.03396390284816,0.8348994896173051,4378.09,332725,1789731115,2026-09-18T11:31:55Z,OANDA:XAUUSD
16.503137934723615,13.694895560143776,-39.62708376277803,1.3466529722827556,4635.652875,51.24200195977401,0.9054916809463176,4381.155,335103,1789731292,2026-09-18T11:34:52Z,OANDA:XAUUSD
16.503137934723615,13.600609845858344,-39.55428384561238,1.3542866660189612,4635.652875,51.26429547484253,0.9130921452655908,4381.485,336274,1789731478,2026-09-18T11:37:58Z,OANDA:XAUUSD
16.503137934723615,14.504895560143268,-40.25221848492111,1.2810726033671556,4635.652875,51.04963683301841,0.840196782930729,4378.32,337415,1789731657,2026-09-18T11:40:57Z,OANDA:XAUUSD
16.503137934723615,15.089181274428483,-40.70283916702307,1.2337668346079298,4635.652875,50.90993105488346,0.7930969358612822,4376.275,338751,1789731834,2026-09-18T11:43:54Z,OANDA:XAUUSD
16.503137934723615,14.817752703000224,-40.49353711317514,1.2557426196061192,4635.652875,50.9749300982519,0.8149770604167867,4377.225,340393,1789732018,2026-09-18T11:46:58Z,OANDA:XAUUSD
16.503137934723615,14.763466988715663,-40.4516698867431,1.2601377766057444,4635.652875,50.987909257092895,0.8193530853278752,4377.415,341759,1789732199,2026-09-18T11:49:59Z,OANDA:XAUUSD
16.503137934723615,15.76203841728602,-41.221443151704015,1.1792900202177332,4635.652875,50.748056187788045,0.7388572586737403,4373.92,343642,1789732381,2026-09-18T11:53:01Z,OANDA:XAUUSD
16.503137934723615,15.88060984585718,-41.31279582912149,1.169690072034322,4635.652875,50.71941976401334,0.7292990989995016,4373.505,345062,1789732555,2026-09-18T11:55:55Z,OANDA:XAUUSD
16.503137934723615,15.156324131572546,-40.7546051246683,1.2283307193715474,4635.652875,50.89382574442914,0.7876844839975636,4376.04,346326,1789732739,2026-09-18T11:58:59Z,OANDA:XAUUSD
16.503137934723615,13.536324131571746,-39.50464360151513,1.3594914572027472,4635.652875,51.27948391389362,0.918274280028741,4381.71,348330,1789732919,2026-09-18T12:01:59Z,OANDA:XAUUSD
16.503137934723615,15.437752703001024,-40.97154379118019,1.205545300189239,4635.652875,50.82620537327776,0.7649982495900389,4375.055,350178,1789733095,2026-09-18T12:04:55Z,OANDA:XAUUSD
16.503137934723615,16.172038417285876,-41.5372793159959,1.146095018667853,4635.652875,50.64889455766941,0.7058067547399149,4372.485,354731,1789733281,2026-09-18T12:08:01Z,OANDA:XAUUSD
16.503137934723615,15.954895560143996,-41.3700233175271,1.163675646666396,4635.652875,50.70146189921584,0.7233108543843104,4373.245,357440,1789733454,2026-09-18T12:10:54Z,OANDA:XAUUSD
16.503137934723615,16.140609845857398,-41.51307345677438,1.148639583246602,4635.652875,50.65650992629181,0.7083402428463533,4372.595,360328,1789733637,2026-09-18T12:13:57Z,OANDA:XAUUSD
16.503137934723615,16.112038417286385,-41.49106747065049,1.150952823772713,4635.652875,50.66343094948439,0.7106434138521817,4372.695,363045,1789733817,2026-09-18T12:16:57Z,OANDA:XAUUSD
16.503137934723615,16.2934669887145,-41.63079481323653,1.136263746431845,4635.652875,50.6194494437534,0.6960182779651082,4372.06,366631,1789733999,2026-09-18T12:19:59Z,OANDA:XAUUSD
16.503137934723615,18.164895560143123,-43.0706003365158,0.9847464919707564,4635.652875,50.16116341301666,0.5451605770825289,4365.51,370095,1789734181,2026-09-18T12:23:01Z,OANDA:XAUUSD
16.503137934723615,20.21775270299986,-44.6469002247507,0.8185401601687792,4635.652875,49.64856409456908,0.3796777403128552,4358.325,373299,1789734361,2026-09-18T12:26:01Z,OANDA:XAUUSD
16.503137934723615,20.56489556014276,-44.91313728862031,0.7904342877763761,4635.652875,49.56083826286,0.3516942125918856,4357.11,376647,1789734536,2026-09-18T12:28:56Z,OANDA:XAUUSD
16.503137934723615,18.58203841728573,-43.391167632749934,0.9509731802893536,4635.652875,50.05784933888112,0.5115342803972517,4364.05,380166,1789734716,2026-09-18T12:31:56Z,OANDA:XAUUSD
16.503137934723615,17.0106098458582,-42.18285508443083,1.078201409226142,4635.652875,50.44483100267397,0.6382086857184981,4369.55,383264,1789734902,2026-09-18T12:35:02Z,OANDA:XAUUSD
16.503137934723615,16.63060984585718,-41.89037837794144,1.108967508223582,4635.652875,50.53751143721582,0.6688408600961796,4370.88,385213,1789735081,2026-09-18T12:38:01Z,OANDA:XAUUSD
16.503137934723615,16.906324131572546,-42.10259997144304,1.0866447371464876,4635.652875,50.47030042036592,0.646615259889812,4369.915,387193,1789735258,2026-09-18T12:40:58Z,OANDA:XAUUSD
16.503137934723615,17.00632413157291,-42.17955709378684,1.0785483953050472,4635.652875,50.44587820717564,0.6385541613693608,4369.565,388719,1789735432,2026-09-18T12:43:52Z,OANDA:XAUUSD
16.503137934723615,17.417752703000588,-42.49609984399412,1.045237731728879,4635.652875,50.345144342572745,0.6053884988852618,4368.125,390733,1789735620,2026-09-18T12:47:00Z,OANDA:XAUUSD
16.503137934723615,17.176324131571164,-42.31036656553905,1.064784614174628,4635.652875,50.40430512487302,0.6248502938846229,4368.97,392318,1789735795,2026-09-18T12:49:55Z,OANDA:XAUUSD
16.503137934723615,17.8491812744287,-42.82789045241916,1.0103077997844103,4635.652875,50.23907286208884,0.5706106166970601,4366.615,393568,1789735981,2026-09-18T12:53:01Z,OANDA:XAUUSD
16.503137934723615,17.48489556014283,-42.547745520929446,1.0398016164924966,4635.652875,50.328666251317685,0.5999760470215434,4367.89,394509,1789736154,2026-09-18T12:55:54Z,OANDA:XAUUSD
16.503137934723615,17.569181274429866,-42.61257242747932,1.0329775569404307,4635.652875,50.307965499832186,0.5931816925543113,4367.595,395713,1789736337,2026-09-18T12:58:57Z,OANDA:XAUUSD
16.503137934723615,16.210609845857107,-41.56698546810228,1.1429721439576022,4635.652875,50.6395452101698,0.7026974738820458,4372.35,398743,1789736518,2026-09-18T13:01:58Z,OANDA:XAUUSD
16.503137934723615,17.436324131571382,-42.51038516484219,1.043734125386908,4635.652875,50.340587666543016,0.6038914377314746,4368.06,402461,1789736696,2026-09-18T13:04:56Z,OANDA:XAUUSD
16.503137934723615,16.034895560143923,-41.43164817027912,1.157198573193256,4635.652875,50.68210801790854,0.7168619755679619,4372.965,404554,1789736875,2026-09-18T13:07:55Z,OANDA:XAUUSD
16.503137934723615,16.3163241315724,-41.64839646172295,1.134413154010927,4635.652875,50.61390290417162,0.6941757411604162,4371.98,407174,1789737059,2026-09-18T13:10:59Z,OANDA:XAUUSD
16.503137934723615,16.292038417286676,-41.62969469686147,1.136379408458133,4635.652875,50.61979606111103,0.6961334365153818,4372.065,409901,1789737235,2026-09-18T13:13:55Z,OANDA:XAUUSD
16.503137934723615,16.096324131571237,-41.4789639105221,1.1522251060620874,4635.652875,50.66723668473343,0.7119101579054008,4372.75,412262,1789737417,2026-09-18T13:16:57Z,OANDA:XAUUSD
16.503137934723615,16.193466988714135,-41.55378287515606,1.1443600882732643,4635.652875,50.643700913019785,0.7040793764855385,4372.41,414266,1789737599,2026-09-18T13:19:59Z,OANDA:XAUUSD
16.503137934723615,17.606324131571455,-42.64113848520339,1.0299703442564678,4635.652875,50.29883765661449,0.5901875702467156,4367.465,415565,1789737776,2026-09-18T13:22:56Z,OANDA:XAUUSD
16.503137934723615,18.83632413157284,-43.5865164887915,0.9303853396068476,4635.652875,49.99465980827642,0.4910360584452606,4363.16,417715,1789737964,2026-09-18T13:26:04Z,OANDA:XAUUSD
16.503137934723615,18.18060984585827,-43.08267892094108,0.983474209681382,4635.652875,50.15727919299267,0.5438938330293097,4365.455,419481,1789738135,2026-09-18T13:28:55Z,OANDA:XAUUSD
16.503137934723615,18.720609845857325,-43.49762793016526,0.9397539637376416,4635.652875,50.0234344094795,0.5003639010189103,4363.565,422595,1789738314,2026-09-18T13:31:54Z,OANDA:XAUUSD
16.503137934723615,19.692038417286312,-44.24353444872766,0.8611037858494536,4635.652875,49.78083692590915,0.42205608682033,4360.165,426155,1789738500,2026-09-18T13:35:00Z,OANDA:XAUUSD
16.503137934723615,20.82060984585769,-45.10919537979514,0.7697307850675824,4635.652875,49.49602140350039,0.3310808320896209,4356.215,429499,1789738678,2026-09-18T13:37:58Z,OANDA:XAUUSD
16.503137934723615,20.62489556014407,-44.959144233228734,0.7855764826715161,4635.652875,49.54564478100573,0.346857553479619,4356.9,432761,1789738852,2026-09-18T13:40:52Z,OANDA:XAUUSD
16.503137934723615,20.877752702999715,-45.15300041280842,0.7651043040153398,4635.652875,49.481514410316215,0.3264744900779435,4356.015,435474,1789739037,2026-09-18T13:43:57Z,OANDA:XAUUSD
16.503137934723615,20.634895560144287,-44.96681178980497,0.7847668484873763,4635.652875,49.54311164408309,0.346051443627578,4356.865,438282,1789739218,2026-09-18T13:46:58Z,OANDA:XAUUSD
16.503137934723615,21.067752703000224,-45.29863420994702,0.7497212545166199,4635.652875,49.43321867583674,0.3111584028891027,4355.35,441497,1789739401,2026-09-18T13:50:01Z,OANDA:XAUUSD
16.503137934723615,21.61060984585856,-45.71457885937615,0.7057696845202621,4635.652875,49.29472064856268,0.2673981537781142,4353.45,444986,1789739578,2026-09-18T13:52:58Z,OANDA:XAUUSD
16.503137934723615,22.5434669887145,-46.428821671739264,0.6302423813423458,4635.652875,49.05494232493371,0.192199620437424,4350.185,449300,1789739753,2026-09-18T13:55:53Z,OANDA:XAUUSD
16.503137934723615,22.55203841728689,-46.43538131637178,0.6295484091844936,4635.652875,49.05272864036366,0.1915086691356567,4350.155,453247,1789739940,2026-09-18T13:59:00Z,OANDA:XAUUSD
16.503137934723615,22.536324131571742,-46.42335525843976,0.6308206914738682,4635.652875,49.0567869151303,0.1927754131888759,4350.21,456775,1789740119,2026-09-18T14:01:59Z,OANDA:XAUUSD
16.503137934723615,21.024895560143705,-45.26578688996335,0.7531911153057966,4635.652875,49.44412051412777,0.3146131593978556,4355.5,460539,1789740304,2026-09-18T14:05:04Z,OANDA:XAUUSD
16.503137934723615,21.48918127442994,-45.62155814346672,0.7156009567562909,4635.652875,49.32576630132722,0.2771866305529419,4353.875,463946,1789740472,2026-09-18T14:07:52Z,OANDA:XAUUSD
16.503137934723615,21.65346698871508,-45.74740701335576,0.7022998237310855,4635.652875,49.28375427509155,0.2639433972693613,4353.3,466461,1789740659,2026-09-18T14:10:59Z,OANDA:XAUUSD
16.503137934723615,21.286324131571742,-45.46613372074178,0.7320249644917681,4635.652875,49.37754608460342,0.2935391446944127,4354.585,468920,1789740835,2026-09-18T14:13:55Z,OANDA:XAUUSD
16.503137934723615,21.44775270300124,-45.58981908887686,0.71895515551918,4635.652875,49.33634965150115,0.2805262285114211,4354.02,471347,1789741019,2026-09-18T14:16:59Z,OANDA:XAUUSD
16.503137934723615,23.21346698871457,-46.94139840784058,0.5759968910047456,4635.652875,48.881323824988094,0.1381902603504505,4347.84,474715,1789741201,2026-09-18T14:20:01Z,OANDA:XAUUSD
16.503137934723615,22.47346698871479,-46.37524914460054,0.6359098206313456,4635.652875,49.07301355090733,0.1978423894017316,4350.43,477816,1789741372,2026-09-18T14:22:52Z,OANDA:XAUUSD
16.503137934723615,22.32060984585769,-46.25825125505209,0.6482856574461026,4635.652875,49.11243067758168,0.2101643542829768,4350.965,480079,1789741560,2026-09-18T14:26:00Z,OANDA:XAUUSD
16.503137934723615,23.2934669887145,-47.002578751838776,0.5695198175316059,4635.652875,48.8605141410975,0.131741381534102,4347.56,482460,1789741738,2026-09-18T14:28:58Z,OANDA:XAUUSD
16.503137934723615,23.80203841728689,-47.39139702313108,0.5283441361665937,4635.652875,48.7278267724365,0.0907449376301199,4345.78,485712,1789741915,2026-09-18T14:31:55Z,OANDA:XAUUSD
16.503137934723615,23.46632413157204,-47.13475535842876,0.5555247123485482,4635.652875,48.81549245482629,0.117807196948754,4346.955,488310,1789742101,2026-09-18T14:35:01Z,OANDA:XAUUSD
16.503137934723615,23.58632413157284,-47.226500950998194,0.5458091021388282,4635.652875,48.78419108440153,0.1081338787242208,4346.535,490174,1789742277,2026-09-18T14:37:57Z,OANDA:XAUUSD
16.503137934723615,21.82346698871516,-45.87761155050847,0.6885360426006452,4635.652875,49.24020756033029,0.2502395297846024,4352.705,493744,1789742457,2026-09-18T14:40:57Z,OANDA:XAUUSD
16.503137934723615,22.26775270300095,-46.21778989612298,0.6525651524194191,4635.652875,49.12604670503385,0.2144252206437706,4351.15,497113,1789742636,2026-09-18T14:43:56Z,OANDA:XAUUSD
16.503137934723615,21.17346698871552,-45.37965160099856,0.7411622645699447,4635.652875,49.40630736150736,0.3026366701674732,4354.98,500293,1789742821,2026-09-18T14:47:01Z,OANDA:XAUUSD
16.503137934723615,21.167752703000588,-45.37527250077893,0.7416249126751795,4635.652875,49.40776275944272,0.3030973043686514,4355.0,503668,1789742991,2026-09-18T14:49:51Z,OANDA:XAUUSD
16.503137934723615,19.412038417285657,-44.028612001590176,0.8837735430054741,4635.652875,49.85100334140352,0.4446271626775812,4361.145,507389,1789743179,2026-09-18T14:52:59Z,OANDA:XAUUSD
16.503137934723615,20.133466988714645,-44.58224440031251,0.825364219720845,4635.652875,49.66981776172568,0.3864720947800873,4358.62,509810,1789743353,2026-09-18T14:55:53Z,OANDA:XAUUSD
16.503137934723615,21.273466988714063,-45.45628181825886,0.7330659227285253,4635.652875,49.38082433612781,0.2945755716470428,4354.63,512297,1789743538,2026-09-18T14:58:58Z,OANDA:XAUUSD
16.503137934723615,21.117752703001315,-45.33695431008425,0.7456730835958997,4635.652875,49.42049392053596,0.307127853628877,4355.175,515009,1789743718,2026-09-18T15:01:58Z,OANDA:XAUUSD
16.503137934723615,21.319181274429862,-45.49131023140024,0.7293647378867312,4635.652875,49.36916640125502,0.2908904980377008,4354.47,518335,1789743898,2026-09-18T15:04:58Z,OANDA:XAUUSD
16.503137934723615,21.12918127442936,-45.34571292200896,0.7447477873854511,4635.652875,49.41758450578771,0.3062065852265415,4355.135,520812,1789744078,2026-09-18T15:07:58Z,OANDA:XAUUSD
16.503137934723615,22.584895560143195,-46.46052610207739,0.6268881825794567,4635.652875,49.0442410670302,0.1888600224789448,4350.04,522654,1789744259,2026-09-18T15:10:59Z,OANDA:XAUUSD
16.503137934723615,22.31203841728712,-46.25169009831042,0.6489796296039337,4635.652875,49.11463917713687,0.2108553055847231,4350.995,524648,1789744439,2026-09-18T15:13:59Z,OANDA:XAUUSD
16.503137934723615,21.77203841728624,-45.83822426917091,0.6926998755476741,4635.652875,49.25338924385981,0.2543852375951226,4352.885,526852,1789744618,2026-09-18T15:16:58Z,OANDA:XAUUSD
16.503137934723615,21.38918127442957,-45.54494439669752,0.7236972985977314,4635.652875,49.35130477819874,0.2852477290733932,4354.225,529321,1789744799,2026-09-18T15:19:59Z,OANDA:XAUUSD
16.503137934723615,21.536324131571742,-45.65767340500062,0.7117841098881881,4635.652875,49.31371779895759,0.2733863983933054,4353.71,531330,1789744979,2026-09-18T15:22:59Z,OANDA:XAUUSD
16.503137934723615,21.45346698871436,-45.59419696740631,0.7184925074139452,4635.652875,49.33489014189379,0.2800655943102429,4354.0,532670,1789745153,2026-09-18T15:25:53Z,OANDA:XAUUSD
16.503137934723615,21.156324131572543,-45.36651422552673,0.742550208885628,4635.652875,49.41067330412855,0.3040185727709869,4355.04,534712,1789745339,2026-09-18T15:28:59Z,OANDA:XAUUSD
16.503137934723615,20.96346698871457,-45.21870328453356,0.7581645824369653,4635.652875,49.45973828734824,0.3195649770604167,4355.715,537202,1789745519,2026-09-18T15:31:59Z,OANDA:XAUUSD
16.503137934723615,20.88918127442957,-45.161761120021055,0.7641790078048912,4635.652875,49.478612011528746,0.3255532216756079,4355.975,539364,1789745698,2026-09-18T15:34:58Z,OANDA:XAUUSD
16.503137934723615,21.156324131572543,-45.36651422552673,0.742550208885628,4635.652875,49.41067330412855,0.3040185727709869,4355.04,541746,1789745878,2026-09-18T15:37:58Z,OANDA:XAUUSD
16.503137934723615,22.646324131572328,-46.50753371187174,0.621914715448288,4635.652875,49.02836540695656,0.1839082048163836,4349.825,543654,1789746056,2026-09-18T15:40:56Z,OANDA:XAUUSD
16.503137934723615,21.85918127442892,-45.90496264192959,0.6856444919429909,4635.652875,49.2310495836866,0.2473605660273013,4352.58,545397,1789746235,2026-09-18T15:43:55Z,OANDA:XAUUSD
16.503137934723615,21.080609845857907,-45.30848813236183,0.7486802962798627,4635.652875,49.42994720745252,0.3101219759364726,4355.305,546982,1789746417,2026-09-18T15:46:57Z,OANDA:XAUUSD
16.503137934723615,20.45203841728653,-44.82659296032307,0.7995715878545738,4635.652875,49.58939169972049,0.360791738064967,4357.505,549532,1789746590,2026-09-18T15:49:50Z,OANDA:XAUUSD
16.503137934723615,21.07346698871516,-45.30301374660852,0.7492586064113851,4635.652875,49.43176474214577,0.3106977686879245,4355.33,551163,1789746777,2026-09-18T15:52:57Z,OANDA:XAUUSD
16.503137934723615,21.58346698871537,-45.69378697014242,0.7079672630200853,4635.652875,49.301663565828086,0.2695861662336688,4353.545,552820,1789746949,2026-09-18T15:55:49Z,OANDA:XAUUSD
16.503137934723615,21.13918127442957,-45.35337662561167,0.7439381532013113,4635.652875,49.41503849330364,0.3054004753745006,4355.1,554184,1789747134,2026-09-18T15:58:54Z,OANDA:XAUUSD
16.503137934723615,21.013466988715663,-45.25702736767785,0.7541164115162451,4635.652875,49.44702687715205,0.3155344278001911,4355.54,556730,1789747317,2026-09-18T16:01:57Z,OANDA:XAUUSD
16.503137934723615,20.613466988714208,-44.95038121783519,0.7865017788819647,4635.652875,49.54853948320397,0.3477788218819545,4356.94,558129,1789747498,2026-09-18T16:04:58Z,OANDA:XAUUSD
16.503137934723615,20.05489556014254,-44.52196712780259,0.8317256311676969,4635.652875,49.6896143494681,0.3928058150461622,4358.895,559915,1789747678,2026-09-18T16:07:58Z,OANDA:XAUUSD
16.503137934723615,19.612038417286385,-44.18213415961217,0.8675808593225932,4635.652875,49.80090450069019,0.4285049656366785,4360.445,562085,1789747854,2026-09-18T16:10:54Z,OANDA:XAUUSD
16.503137934723615,18.56060984585747,-43.374703385930246,0.952708110683942,4635.652875,50.06316700414231,0.5132616586516282,4364.125,564417,1789748038,2026-09-18T16:13:58Z,OANDA:XAUUSD
16.503137934723615,18.89489556014269,-43.63150555109578,0.9256431965282964,4635.652875,49.98008225234285,0.4863145578832887,4362.955,567350,1789748217,2026-09-18T16:16:57Z,OANDA:XAUUSD
16.503137934723615,18.204895560144,-43.10134545153522,0.981507955234176,4635.652875,50.15127511649592,0.5419361376743441,4365.37,569652,1789748398,2026-09-18T16:19:58Z,OANDA:XAUUSD
16.503137934723615,16.747752703000515,-41.98055220550123,1.0994832220664792,4635.652875,50.50897776027455,0.6593978589722355,4370.47,570994,1789748573,2026-09-18T16:22:53Z,OANDA:XAUUSD
16.503137934723615,16.74489556014305,-41.97835296937753,1.0997145461190756,4635.652875,50.50967409528938,0.6596281760728036,4370.48,572958,1789748757,2026-09-18T16:25:57Z,OANDA:XAUUSD
16.503137934723615,16.02203841728624,-41.421744508290686,1.1582395314300131,4635.652875,50.68521948791842,0.717898402520592,4373.01,575446,1789748937,2026-09-18T16:28:57Z,OANDA:XAUUSD
16.503137934723615,15.099181274428702,-40.71054921069327,1.23295720042379,4635.652875,50.90753306117834,0.7922908260092411,4376.24,579258,1789749121,2026-09-18T16:32:01Z,OANDA:XAUUSD
16.503137934723615,13.572038417285512,-39.53222190901524,1.3565999065450929,4635.652875,51.27104706115741,0.91539531627144,4381.585,583232,1789749294,2026-09-18T16:34:54Z,OANDA:XAUUSD
16.503137934723615,14.767752703000951,-40.454975276705554,1.2597907905268184,4635.652875,50.986884836523416,0.8190076096769916,4377.4,585839,1789749479,2026-09-18T16:37:59Z,OANDA:XAUUSD
16.503137934723615,14.096324131571237,-39.93695809409911,1.3141519428907271,4635.652875,51.14685691032088,0.8731321283142597,4379.75,588567,1789749657,2026-09-18T16:40:57Z,OANDA:XAUUSD
16.503137934723615,14.336324131572836,-40.12216162433644,1.294720722471287,4635.652875,51.08979546452366,0.8537854918651934,4378.91,590859,1789749835,2026-09-18T16:43:55Z,OANDA:XAUUSD
16.503137934723615,14.683466988715736,-40.389966674368026,1.266614850078884,4635.652875,51.00702391710635,0.8258019641442236,4377.695,593213,1789750017,2026-09-18T16:46:57Z,OANDA:XAUUSD
16.503137934723615,13.857752703001095,-39.75281290347367,1.3334675012838588,4635.652875,51.20344690161917,0.8923636062130316,4380.585,595402,1789750194,2026-09-18T16:49:54Z,OANDA:XAUUSD
16.503137934723615,13.963466988714572,-39.83441559485391,1.3249085113372046,4635.652875,51.17838728129959,0.883841873491423,4380.215,598032,1789750378,2026-09-18T16:52:58Z,OANDA:XAUUSD
16.503137934723615,13.569181274429866,-39.53001568067372,1.3568312305977104,4635.652875,51.271722116904144,0.9156256333720292,4381.595,599498,1789750557,2026-09-18T16:55:57Z,OANDA:XAUUSD
16.503137934723615,13.563466988714936,-39.52560320507451,1.357293878702924,4635.652875,51.273072172288686,0.9160862675731865,4381.615,601588,1789750738,2026-09-18T16:58:58Z,OANDA:XAUUSD
16.503137934723615,12.579181274428263,-38.7651777362106,1.4369850148278904,4635.652875,51.50450828171234,0.9954305087244176,4385.06,603457,1789750916,2026-09-18T17:01:56Z,OANDA:XAUUSD
16.503137934723615,12.329181274428263,-38.57191697610813,1.4572258694314704,4635.652875,51.56294134830719,1.015583255025525,4385.935,605796,1789751099,2026-09-18T17:04:59Z,OANDA:XAUUSD
16.503137934723615,12.430609845858273,-38.65033145742095,1.4490138655637212,4635.652875,51.53925120258632,1.007406997954779,4385.58,607334,1789751280,2026-09-18T17:08:00Z,OANDA:XAUUSD
16.503137934723615,12.36489556014385,-38.599528617049145,1.454334318773816,4635.652875,51.554602390117616,1.012704291268224,4385.81,608517,1789751461,2026-09-18T17:11:01Z,OANDA:XAUUSD
16.503137934723615,12.724895560142611,-38.87779884588189,1.4251874881446558,4635.652875,51.47038507126282,0.9836843365946244,4384.55,609768,1789751635,2026-09-18T17:13:55Z,OANDA:XAUUSD
16.503137934723615,12.046324131571964,-38.35319790741212,1.4801269506400871,4635.652875,51.62888462981916,1.0383846479833445,4386.925,611149,1789751820,2026-09-18T17:17:00Z,OANDA:XAUUSD
16.503137934723615,12.296324131571964,-38.54651339462139,1.4598860960365072,4635.652875,51.57061065476343,1.0182319016822368,4386.05,612244,1789751997,2026-09-18T17:19:57Z,OANDA:XAUUSD
16.503137934723615,12.884895560144288,-39.00144232481821,1.4122333411983554,4635.652875,51.43286109191852,0.9707865789619065,4383.99,613603,1789752182,2026-09-18T17:23:02Z,OANDA:XAUUSD
16.503137934723615,12.852038417286169,-38.976052868561126,1.4148935678033925,4635.652875,51.44057164305645,0.9734352256186184,4384.105,614451,1789752355,2026-09-18T17:25:55Z,OANDA:XAUUSD
16.503137934723615,12.379181274429357,-38.61057299704534,1.4531776985107503,4635.652875,51.55126600282748,1.011552705765299,4385.76,615544,1789752542,2026-09-18T17:29:02Z,OANDA:XAUUSD
16.503137934723615,11.964895560144214,-38.29022184511776,1.4867196861395358,4635.652875,51.64783502985245,1.0449486853499872,4387.21,616939,1789752717,2026-09-18T17:31:57Z,OANDA:XAUUSD
16.503137934723615,10.683466988715736,-37.29850094951157,1.5904685237361638,4635.652875,51.94411103708831,1.1482459049619416,4391.695,618202,1789752893,2026-09-18T17:34:53Z,OANDA:XAUUSD
16.503137934723615,9.972038417286967,-36.74736361995438,1.648068212836653,4635.652875,52.1070365769847,1.2055948630073945,4394.185,620102,1789753077,2026-09-18T17:37:57Z,OANDA:XAUUSD
16.503137934723615,10.200609845856889,-36.92447869229626,1.6295622886276613,4635.652875,52.05481160415226,1.1871694949606637,4393.385,621249,1789753254,2026-09-18T17:40:54Z,OANDA:XAUUSD
16.503137934723615,10.062038417287113,-36.81710752185275,1.6407815051793524,4635.652875,52.0864865792572,1.198339874338984,4393.87,622797,1789753438,2026-09-18T17:43:58Z,OANDA:XAUUSD
16.503137934723615,9.916324131572765,-36.70418567105008,1.652579031862587,4635.652875,52.11974917266045,1.2100860464687777,4394.38,624033,1789753620,2026-09-18T17:47:00Z,OANDA:XAUUSD
16.503137934723615,9.65203841728544,-36.49933434830848,1.673976506729233,4635.652875,52.17996069037933,1.2313903782728093,4395.305,625609,1789753795,2026-09-18T17:49:55Z,OANDA:XAUUSD
16.503137934723615,10.03346698871428,-36.79496728210851,1.6430947457054843,4635.652875,52.09301229839685,1.2006430453448331,4393.97,627251,1789753974,2026-09-18T17:52:54Z,OANDA:XAUUSD
16.503137934723615,10.10918127442892,-36.85363753155568,1.6369646583112496,4635.652875,52.07571525504319,1.1945396421793475,4393.705,628931,1789754157,2026-09-18T17:55:57Z,OANDA:XAUUSD
16.503137934723615,10.269181274428774,-36.97760530381349,1.6240105113649703,4635.652875,52.0391218949944,1.1816418845466503,4393.145,630486,1789754337,2026-09-18T17:58:57Z,OANDA:XAUUSD
16.503137934723615,10.100609845858344,-36.846995839971335,1.6376586304690808,4635.652875,52.07767403783239,1.1952305934810938,4393.735,632012,1789754517,2026-09-18T18:01:57Z,OANDA:XAUUSD
16.503137934723615,10.432038417286094,-37.10376637759753,1.6108250403660525,4635.652875,52.001817648777255,1.1685138098133434,4392.575,633050,1789754700,2026-09-18T18:05:00Z,OANDA:XAUUSD
16.503137934723615,11.026324131571528,-37.56396905851464,1.5627096374226868,4635.652875,51.86519621835363,1.1206078528918555,4390.495,633940,1789754871,2026-09-18T18:07:51Z,OANDA:XAUUSD
16.503137934723615,10.749181274428338,-37.34938940029163,1.58514807052609,4635.652875,51.929005747620856,1.1429486116485177,4391.465,635643,1789755060,2026-09-18T18:11:00Z,OANDA:XAUUSD
16.503137934723615,10.466324131572035,-37.130323980559005,1.6080491517347069,4635.652875,51.99395672752599,1.165750004606337,4392.455,637398,1789755244,2026-09-18T18:14:04Z,OANDA:XAUUSD
16.503137934723615,10.846324131571237,-37.42460966963975,1.577283052737267,4635.652875,51.90665878678591,1.1351178302286555,4391.125,638532,1789755419,2026-09-18T18:16:59Z,OANDA:XAUUSD
16.503137934723615,11.149181274429791,-37.659072945250365,1.5527627031603493,4635.652875,51.836855295178495,1.1107042175667332,4390.065,639910,1789755598,2026-09-18T18:19:58Z,OANDA:XAUUSD
16.503137934723615,11.02203841728624,-37.56065126982114,1.563056623501613,4635.652875,51.86618425317796,1.120953328542739,4390.51,640968,1789755782,2026-09-18T18:23:02Z,OANDA:XAUUSD
16.503137934723615,11.226324131572255,-37.718783358437584,1.5465169537398271,4635.652875,51.819042768833874,1.104485655850974,4389.795,641815,1789755958,2026-09-18T18:25:58Z,OANDA:XAUUSD
16.503137934723615,11.02203841728624,-37.56065126982114,1.563056623501613,4635.652875,51.86618425317796,1.120953328542739,4390.51,643054,1789756140,2026-09-18T18:29:00Z,OANDA:XAUUSD
16.503137934723615,11.667752703000588,-38.06037090347813,1.5107773876112185,4635.652875,51.7168615931479,1.0689016638107312,4388.25,644516,1789756324,2026-09-18T18:32:04Z,OANDA:XAUUSD
16.503137934723615,11.84775270300088,-38.19961569685654,1.4962039722966385,4635.652875,51.67507097820421,1.0543916864739311,4387.62,645300,1789756492,2026-09-18T18:34:52Z,OANDA:XAUUSD
16.503137934723615,11.823466988715154,-38.18083016543445,1.498170226743844,4635.652875,51.6807136158006,1.056349381828897,4387.705,646218,1789756680,2026-09-18T18:38:00Z,OANDA:XAUUSD
16.503137934723615,12.63060984585718,-38.80492823857549,1.4328211818808616,4635.652875,51.49247027650733,0.9912848009138976,4384.88,647166,1789756849,2026-09-18T18:40:49Z,OANDA:XAUUSD
16.503137934723615,12.9463241315716,-39.04890732987595,1.4072598740671869,4635.652875,51.41843914343827,0.9658347612993452,4383.775,648341,1789757037,2026-09-18T18:43:57Z,OANDA:XAUUSD
16.503137934723615,13.682038417286094,-39.61715690565044,1.3476939305195128,4635.652875,51.24504318547104,0.9065281078989478,4381.2,650196,1789757217,2026-09-18T18:46:57Z,OANDA:XAUUSD
16.503137934723615,13.377752702999716,-39.38218401585487,1.372329942122739,4635.652875,51.31690828493854,0.9310568791111644,4382.265,652434,1789757392,2026-09-18T18:49:52Z,OANDA:XAUUSD
16.503137934723615,13.673466988715518,-39.61053892997168,1.3483879026773438,4635.652875,51.24707045850774,0.907219059200694,4381.23,654199,1789757579,2026-09-18T18:52:59Z,OANDA:XAUUSD
16.503137934723615,13.693466988714135,-39.62598078495726,1.346768634309064,4635.652875,51.2423398924765,0.9056068394966122,4381.16,655649,1789757758,2026-09-18T18:55:58Z,OANDA:XAUUSD
16.503137934723615,13.577752703000442,-39.536634346779735,1.356137258439858,4635.652875,51.26969689355119,0.9149346820702616,4381.565,657146,1789757938,2026-09-18T18:58:58Z,OANDA:XAUUSD
16.503137934723615,13.91918127442841,-39.80023173376196,1.32849403415269,4635.652875,51.18888836243431,0.8874117885504703,4380.37,659418,1789758118,2026-09-18T19:01:58Z,OANDA:XAUUSD
16.503137934723615,13.17489556014334,-39.22549567883552,1.3887539498582162,4635.652875,51.36470076725357,0.9474093932526352,4382.975,660514,1789758297,2026-09-18T19:04:57Z,OANDA:XAUUSD
16.503137934723615,13.486324131572474,-39.46603231564955,1.3635396281234675,4635.652875,51.291290600816765,0.9223048292889666,4381.885,661527,1789758478,2026-09-18T19:07:58Z,OANDA:XAUUSD
16.503137934723615,12.686324131571382,-38.847988974000856,1.4283103628549276,4635.652875,51.47942235821712,0.9867936174525144,4384.685,663052,1789758657,2026-09-18T19:10:57Z,OANDA:XAUUSD
16.503137934723615,12.713466988714572,-38.868966411215965,1.4261127843551045,4635.652875,51.47306313686354,0.9846056049969598,4384.59,663891,1789758833,2026-09-18T19:13:53Z,OANDA:XAUUSD
16.503137934723615,12.724895560142611,-38.87779884588189,1.4251874881446558,4635.652875,51.47038507126282,0.9836843365946244,4384.55,664697,1789759017,2026-09-18T19:16:57Z,OANDA:XAUUSD
16.503137934723615,13.433466988715736,-39.42521257049695,1.367819123096784,4635.652875,51.30376573498084,0.9265656956497604,4382.07,665355,1789759200,2026-09-18T19:20:00Z,OANDA:XAUUSD
16.503137934723615,13.329181274428265,-39.34466998564638,1.3762624510171504,4635.652875,51.328360105849725,0.9349722698210956,4382.435,666014,1789759376,2026-09-18T19:22:56Z,OANDA:XAUUSD
