ADX,BBPower,CCI20,Perf.W,Pivot.M.Camarilla.R3,RSI,change,close,volume,timestamp_utc,fecha_iso,simbolo
14.951372674271427,-23.12699233062716,-147.07024891230284,-3.897931034482757,372.841,42.663910875287925,1.0822887650882134,348.37,3549169,1787436518,2026-08-22T22:08:38Z,NYSE:GE
14.951372674271427,-23.12699233062716,-147.07024891230284,-3.897931034482757,372.841,42.663910875287925,1.0822887650882134,348.37,3549169,1787437235,2026-08-22T22:20:35Z,NYSE:GE
14.951372674271427,-23.12699233062716,-147.07024891230284,-3.897931034482757,372.841,42.663910875287925,1.0822887650882134,348.37,3549169,1787438724,2026-08-22T22:45:24Z,NYSE:GE
14.951372674271427,-23.12699233062716,-147.07024891230284,-3.897931034482757,372.841,42.663910875287925,1.0822887650882134,348.37,3549169,1787575046,2026-08-24T12:37:26Z,NYSE:GE
14.951372674271427,-23.12699233062716,-147.07024891230284,-3.897931034482757,372.841,42.663910875287925,1.0822887650882134,348.37,3549169,1787575223,2026-08-24T12:40:23Z,NYSE:GE
14.951372674271427,-23.12699233062716,-147.07024891230284,-3.897931034482757,372.841,42.663910875287925,1.0822887650882134,348.37,3549169,1787575405,2026-08-24T12:43:25Z,NYSE:GE
14.951372674271427,-23.12699233062716,-147.07024891230284,-3.897931034482757,372.841,42.663910875287925,1.0822887650882134,348.37,3549169,1787575583,2026-08-24T12:46:23Z,NYSE:GE
14.951372674271427,-23.12699233062716,-147.07024891230284,-3.897931034482757,372.841,42.663910875287925,1.0822887650882134,348.37,3549169,1787575766,2026-08-24T12:49:26Z,NYSE:GE
14.951372674271427,-23.12699233062716,-147.07024891230284,-3.897931034482757,372.841,42.663910875287925,1.0822887650882134,348.37,3549169,1787575945,2026-08-24T12:52:25Z,NYSE:GE
14.951372674271427,-23.12699233062716,-147.07024891230284,-3.897931034482757,372.841,42.663910875287925,1.0822887650882134,348.37,3549169,1787576120,2026-08-24T12:55:20Z,NYSE:GE
14.951372674271427,-23.12699233062716,-147.07024891230284,-3.897931034482757,372.841,42.663910875287925,1.0822887650882134,348.37,3549169,1787576300,2026-08-24T12:58:20Z,NYSE:GE
14.951372674271427,-23.12699233062716,-147.07024891230284,-3.897931034482757,372.841,42.663910875287925,1.0822887650882134,348.37,3549169,1787576487,2026-08-24T13:01:27Z,NYSE:GE
14.951372674271427,-23.12699233062716,-147.07024891230284,-3.897931034482757,372.841,42.663910875287925,1.0822887650882134,348.37,3549169,1787576666,2026-08-24T13:04:26Z,NYSE:GE
14.951372674271427,-23.12699233062716,-147.07024891230284,-3.897931034482757,372.841,42.663910875287925,1.0822887650882134,348.37,3549169,1787576843,2026-08-24T13:07:23Z,NYSE:GE
14.951372674271427,-23.12699233062716,-147.07024891230284,-3.897931034482757,372.841,42.663910875287925,1.0822887650882134,348.37,3549169,1787577022,2026-08-24T13:10:22Z,NYSE:GE
14.951372674271427,-23.12699233062716,-147.07024891230284,-3.897931034482757,372.841,42.663910875287925,1.0822887650882134,348.37,3549169,1787577201,2026-08-24T13:13:21Z,NYSE:GE
14.951372674271427,-23.12699233062716,-147.07024891230284,-3.897931034482757,372.841,42.663910875287925,1.0822887650882134,348.37,3549169,1787577384,2026-08-24T13:16:24Z,NYSE:GE
14.951372674271427,-23.12699233062716,-147.07024891230284,-3.897931034482757,372.841,42.663910875287925,1.0822887650882134,348.37,3549169,1787577561,2026-08-24T13:19:21Z,NYSE:GE
14.951372674271427,-23.12699233062716,-147.07024891230284,-3.897931034482757,372.841,42.663910875287925,1.0822887650882134,348.37,3549169,1787577742,2026-08-24T13:22:22Z,NYSE:GE
14.951372674271427,-23.12699233062716,-147.07024891230284,-3.897931034482757,372.841,42.663910875287925,1.0822887650882134,348.37,3549169,1787577925,2026-08-24T13:25:25Z,NYSE:GE
14.951372674271427,-23.12699233062716,-147.07024891230284,-3.897931034482757,372.841,42.663910875287925,1.0822887650882134,348.37,3549169,1787578104,2026-08-24T13:28:24Z,NYSE:GE
14.951372674271427,-23.12699233062716,-147.07024891230284,-3.897931034482757,372.841,42.663910875287925,1.0822887650882134,348.37,3549169,1787578284,2026-08-24T13:31:24Z,NYSE:GE
14.951372674271427,-23.12699233062716,-147.07024891230284,-3.897931034482757,372.841,42.663910875287925,1.0822887650882134,348.37,3549169,1787578458,2026-08-24T13:34:18Z,NYSE:GE
14.951372674271427,-23.12699233062716,-147.07024891230284,-3.897931034482757,372.841,42.663910875287925,1.0822887650882134,348.37,3549169,1787578645,2026-08-24T13:37:25Z,NYSE:GE
14.951372674271427,-23.12699233062716,-147.07024891230284,-3.897931034482757,372.841,42.663910875287925,1.0822887650882134,348.37,3549169,1787578826,2026-08-24T13:40:26Z,NYSE:GE
14.951372674271427,-23.12699233062716,-147.07024891230284,-3.897931034482757,372.841,42.663910875287925,1.0822887650882134,348.37,3549169,1787579002,2026-08-24T13:43:22Z,NYSE:GE
15.493949946509431,-25.608850569108995,-152.94454121426028,-6.172017288716117,372.841,41.02502207333367,-0.9199988517955002,345.165,54540,1787579180,2026-08-24T13:46:20Z,NYSE:GE
15.497465750238964,-25.678850569108988,-152.79694050543196,-6.143474597004382,372.841,41.07671674876046,-0.8898584837959707,345.27,89875,1787579364,2026-08-24T13:49:24Z,NYSE:GE
15.57369846464276,-26.464564854823323,-155.53744988182632,-6.233180199527009,372.841,40.91468473132799,-0.9845853546516656,344.94,121173,1787579543,2026-08-24T13:52:23Z,NYSE:GE
15.605971093132412,-26.553136283394736,-158.68957859974464,-6.51045206186968,372.841,40.421843017556775,-1.277377500932913,343.92,155123,1787579725,2026-08-24T13:55:25Z,NYSE:GE
15.605971093132412,-26.82170771196621,-156.57535484143713,-6.16793976132873,372.841,40.87559656772879,-1.0075494445560729,344.86,172106,1787579901,2026-08-24T13:58:21Z,NYSE:GE
15.605971093132412,-27.25913628339481,-153.0716699214245,-5.8349416913583685,372.841,41.64394177322743,-0.5640554582771282,346.405,189112,1787580080,2026-08-24T14:01:20Z,NYSE:GE
15.605971093132412,-26.66742199768055,-151.4779536889944,-5.811835702829803,372.841,41.68705235773479,-0.5396561127536801,346.49,216897,1787580264,2026-08-24T14:04:24Z,NYSE:GE
15.605971093132412,-26.698850569109027,-151.22740789022845,-5.781933835322255,372.841,41.74297520047864,-0.5080804891351097,346.6,234270,1787580441,2026-08-24T14:07:21Z,NYSE:GE
15.605971093132412,-26.194564854823284,-146.71900758033567,-5.472041753880446,372.841,42.33149877430299,-0.180842207997243,347.74,251576,1787580628,2026-08-24T14:10:28Z,NYSE:GE
15.605971093132412,-26.24813628339473,-145.8216582467253,-5.378258623970431,372.841,42.512889606155326,-0.0818095702844748,348.085,265039,1787580809,2026-08-24T14:13:29Z,NYSE:GE
15.605971093132412,-25.50602199768048,-148.325395315608,-5.765596542256778,372.841,41.77359283738178,-0.4908287165944268,346.6601,286799,1787580986,2026-08-24T14:16:26Z,NYSE:GE
15.605971093132412,-25.19027914053765,-150.85135371285057,-6.066001576643923,372.841,41.21768983163284,-0.8080489135114957,345.555,307186,1787581166,2026-08-24T14:19:26Z,NYSE:GE
15.605971093132412,-25.17378771196616,-150.9829364525566,-6.081691902030613,372.841,41.18906098661191,-0.8246175043775341,345.49728,319948,1787581346,2026-08-24T14:22:26Z,NYSE:GE
15.605971093132412,-25.205993426251894,-150.72593947871044,-6.051050642890149,372.841,41.24500662270942,-0.7922611017022105,345.61,331101,1787581527,2026-08-24T14:25:27Z,NYSE:GE
15.605971093132412,-25.195993426251903,-150.80575217380132,-6.060564873460739,372.841,41.22761902260554,-0.8023078910353979,345.575,349903,1787581701,2026-08-24T14:28:21Z,NYSE:GE
15.605971093132412,-25.065993426251907,-151.84215997193442,-6.1842498708783,372.841,41.00290702195288,-0.9329161523667364,345.12,367273,1787581879,2026-08-24T14:31:19Z,NYSE:GE
15.605971093132412,-25.19313628339478,-150.8285534628446,-6.063283225052331,372.841,41.222653829214735,-0.8051784022734468,345.565,389657,1787582063,2026-08-24T14:34:23Z,NYSE:GE
15.605971093132412,-25.231707711966123,-150.52064836306144,-6.026585478565803,372.841,41.28978501284679,-0.7664265005597543,345.7,400216,1787582206,2026-08-24T14:36:46Z,NYSE:GE
15.605971093132412,-25.15459342625184,-151.1360413306155,-6.099953788022949,372.841,41.15579006729834,-0.8439015988747661,345.4301,411384,1787582422,2026-08-24T14:40:22Z,NYSE:GE
15.605971093132412,-25.16456485482331,-151.0565092179687,-6.090466740968284,372.841,41.17306759359377,-0.8338835146539684,345.465,437019,1787582605,2026-08-24T14:43:25Z,NYSE:GE
15.605971093132412,-25.148850569109072,-151.18184062006586,-6.105417674722044,372.841,41.14584597918488,-0.8496713264632373,345.41,459124,1787582782,2026-08-24T14:46:22Z,NYSE:GE
15.605971093132412,-24.8802791405376,-153.31902407201153,-6.360942724331959,372.841,40.68610634415109,-1.1194993828400774,344.47,480868,1787582968,2026-08-24T14:49:28Z,NYSE:GE
15.605971093132412,-24.608850569108995,-155.469685205122,-6.619186125533482,372.841,40.23179755420798,-1.3921979504549824,343.52,494544,1787583142,2026-08-24T14:52:22Z,NYSE:GE
15.64536261410368,-25.036336283394743,-156.86558069876375,-6.659635197216413,372.841,40.16155587831093,-1.4349111576771871,343.3712,513826,1787583328,2026-08-24T14:55:28Z,NYSE:GE
15.64868866306094,-25.013136283394715,-157.45362476952434,-6.719765134422493,372.841,40.05758961575092,-1.498406866262889,343.15,520708,1787583503,2026-08-24T14:58:23Z,NYSE:GE
15.652010602763916,-25.20545056910902,-156.34291688092807,-6.574849811074558,372.841,40.30907240402542,-1.3453799121623504,343.6831,537610,1787583685,2026-08-24T15:01:25Z,NYSE:GE
15.652010602763916,-25.438850569109093,-154.49737720986116,-6.352787669557181,372.841,40.70062011887934,-1.1108878491259306,344.5,549609,1787583862,2026-08-24T15:04:22Z,NYSE:GE
15.652010602763916,-25.373136283394786,-155.0176849341075,-6.415309756163868,372.841,40.58961174865398,-1.1769096076011205,344.27,562644,1787584047,2026-08-24T15:07:27Z,NYSE:GE
15.652010602763916,-25.38456485482328,-154.92723564774462,-6.404436349797483,372.841,40.60887403362332,-1.1654275626489083,344.31,575117,1787584220,2026-08-24T15:10:20Z,NYSE:GE
15.652010602763916,-25.12456485482329,-156.98090295790772,-6.651806344632623,372.841,40.17513189287954,-1.4266440853116018,343.4,603404,1787584406,2026-08-24T15:13:26Z,NYSE:GE
15.652010602763916,-25.03313628339476,-157.70106165358536,-6.738793595563655,372.841,40.02480093066197,-1.5185004449292476,343.08,613003,1787584587,2026-08-24T15:16:27Z,NYSE:GE
15.652010602763916,-25.01885056910902,-157.81349224796088,-6.752385353521633,372.841,40.0014132859533,-1.5328530011195085,343.03,618760,1787584765,2026-08-24T15:19:25Z,NYSE:GE
15.652010602763916,-25.081993426251927,-157.31635665431511,-6.692309783347386,372.841,40.104993792346754,-1.4725722651204165,343.24,627853,1787584947,2026-08-24T15:22:27Z,NYSE:GE
15.652010602763916,-24.99885056910904,-157.970852349942,-6.771413814662796,372.841,39.96871646383964,-1.552946579785867,342.96,636006,1787585122,2026-08-24T15:25:22Z,NYSE:GE
15.652010602763916,-25.0702791405376,-157.40862300687576,-6.703455024872924,372.841,40.08573699101102,-1.4811837988345795,343.21,647866,1787585303,2026-08-24T15:28:23Z,NYSE:GE
15.708674850895148,-25.47456485482337,-161.1969523534638,-6.97529018403241,372.841,39.62171864729095,-1.7682349226397294,342.21,662295,1787585484,2026-08-24T15:31:24Z,NYSE:GE
15.708674850895148,-25.485993426251863,-161.10762138902552,-6.964416777666025,372.841,39.64007302708954,-1.7567528776875174,342.25,670853,1787585664,2026-08-24T15:34:24Z,NYSE:GE
15.733745523763028,-25.698850569109084,-162.55725560150546,-7.056840731780244,372.841,39.48460070661467,-1.854350259781261,341.91,687595,1787585844,2026-08-24T15:37:24Z,NYSE:GE
15.733745523763028,-25.793136283394745,-161.82181817983076,-6.967135129257617,372.841,39.63548283810768,-1.759623388925566,342.24,699149,1787586025,2026-08-24T15:40:25Z,NYSE:GE
15.758572932734047,-25.95446485482336,-163.6692522490715,-7.108489412020544,372.841,39.398249136085255,-1.908889973304239,341.72,711040,1787586203,2026-08-24T15:43:23Z,NYSE:GE
15.793433582551849,-26.343136283394813,-165.04515630357932,-7.157419740669253,372.841,39.31679006600263,-1.960559175589168,341.54,739267,1787586381,2026-08-24T15:46:21Z,NYSE:GE
15.793433582551849,-26.363136283394795,-164.8900292915745,-7.138391279528092,372.841,39.34842853454071,-1.9404655969228093,341.61,754240,1787586564,2026-08-24T15:49:24Z,NYSE:GE
15.793433582551849,-26.414564854823368,-164.49090713944375,-7.089460950879381,372.841,39.43001889465652,-1.8887963946378803,341.79,773485,1787586744,2026-08-24T15:52:24Z,NYSE:GE
15.793433582551849,-26.287050569109,-165.47991667546518,-7.210780982412263,372.841,39.22833754325698,-2.016907311192121,341.3437,785629,1787586924,2026-08-24T15:55:24Z,NYSE:GE
15.80834143383972,-26.37885056910909,-166.66000722481402,-7.304210726615381,372.841,39.07442147547861,-2.1155667824439544,341.0,804912,1787587103,2026-08-24T15:58:23Z,NYSE:GE
15.80834143383972,-26.55599342625192,-165.28882878880808,-7.1356729279365,372.841,39.35295247291994,-1.9375950856847604,341.62,828329,1787587285,2026-08-24T16:01:25Z,NYSE:GE
15.80834143383972,-26.401736283394712,-166.48307432931725,-7.282436730366703,372.841,39.1101838953661,-2.0925739874271576,341.0801,839950,1787587469,2026-08-24T16:04:29Z,NYSE:GE
15.80834143383972,-26.50170771196622,-165.7094342050785,-7.187321608176801,372.841,39.26717513801556,-1.992134799207738,341.43,853013,1787587647,2026-08-24T16:07:27Z,NYSE:GE
15.80834143383972,-26.4017077119662,-166.48329525895753,-7.282463913882626,372.841,39.11013920733845,-2.092602692539548,341.08,862176,1787587827,2026-08-24T16:10:27Z,NYSE:GE
15.829380745223908,-26.550279140537555,-168.01636617962814,-7.397993856525412,372.841,38.921133144816295,-2.214599420156739,340.655,883336,1787588002,2026-08-24T16:13:22Z,NYSE:GE
15.831707977976134,-26.868850569108982,-165.8532431831181,-7.123440345774317,372.841,39.373323075331655,-1.924677785113524,341.665,922636,1787588181,2026-08-24T16:16:21Z,NYSE:GE
15.831707977976134,-26.853136283394747,-165.9748949354251,-7.138391279528092,372.841,39.34842853454071,-1.9404655969228093,341.61,930090,1787588362,2026-08-24T16:19:22Z,NYSE:GE
15.831707977976134,-26.85599342625187,-165.9527786686074,-7.1356729279365,372.841,39.35295247291994,-1.9375950856847604,341.62,937503,1787588545,2026-08-24T16:22:25Z,NYSE:GE
15.831707977976134,-26.830279140537527,-166.1517893431739,-7.160138092260862,372.841,39.31227443764525,-1.9634296868272327,341.53,944688,1787588730,2026-08-24T16:25:30Z,NYSE:GE
15.831707977976134,-26.864593426251872,-165.88620271462045,-7.127490689645798,372.841,39.36657580755007,-1.9289548468582245,341.6501,954813,1787588901,2026-08-24T16:28:21Z,NYSE:GE
15.831707977976134,-26.924564854823306,-165.42169032108015,-7.07043248973822,372.841,39.46183993124784,-1.868702815971521,341.86,962914,1787589084,2026-08-24T16:31:24Z,NYSE:GE
15.831707977976134,-26.96313628339476,-165.12270151806104,-7.033734743251692,372.841,39.52335434115117,-1.8299509142578287,341.995,973779,1787589260,2026-08-24T16:34:20Z,NYSE:GE
15.831707977976134,-26.92453628339468,-165.42191172708664,-7.0704596732541445,372.841,39.46179443599031,-1.868731521083912,341.8599,984272,1787589444,2026-08-24T16:37:24Z,NYSE:GE
15.831707977976134,-26.83599342625189,-166.1075716947677,-7.154701389077661,372.841,39.32130673185996,-1.957688664351119,341.55,993244,1787589621,2026-08-24T16:40:21Z,NYSE:GE
15.831707977976134,-26.79599342625181,-166.41701192157413,-7.192758311359986,372.841,39.25816769241238,-1.997875821683836,341.41,999519,1787589804,2026-08-24T16:43:24Z,NYSE:GE
15.831707977976134,-26.94170771196616,-165.28882878880808,-7.054122380188651,372.841,39.48915601275851,-1.851479748543212,341.92,1014720,1787589980,2026-08-24T16:46:20Z,NYSE:GE
15.831707977976134,-26.90885056910895,-165.54344861582618,-7.085383423491995,372.841,39.43683336721211,-1.884490627780807,341.805,1021965,1787590167,2026-08-24T16:49:27Z,NYSE:GE
15.831707977976134,-27.061707711966164,-164.35779465328952,-6.939951613341677,372.841,39.68143262096431,-1.7309182765450613,342.34,1032017,1787590345,2026-08-24T16:52:25Z,NYSE:GE
15.831707977976134,-26.96170771196614,-165.13377841063297,-7.035093919047489,372.841,39.52107260990136,-1.8313861698768537,341.99,1039799,1787590526,2026-08-24T16:55:26Z,NYSE:GE
15.831707977976134,-26.99885056910898,-164.8456983265162,-6.999755348356756,372.841,39.5804833737358,-1.7940695237821855,342.12,1051975,1787590702,2026-08-24T16:58:22Z,NYSE:GE
15.831707977976134,-26.947421997680408,-165.24453365496936,-7.048685677005467,372.841,39.498269779025655,-1.8457387260671148,341.94,1059222,1787590883,2026-08-24T17:01:23Z,NYSE:GE
15.831707977976134,-27.02885056910896,-164.61289538612425,-6.971212656645005,372.841,39.62859954752119,-1.7639291557826398,342.225,1069755,1787591062,2026-08-24T17:04:22Z,NYSE:GE
15.831707977976134,-27.018850569108963,-164.69050857183936,-6.980726887215595,372.841,39.61254782983105,-1.773975945115827,342.19,1077440,1787591243,2026-08-24T17:07:23Z,NYSE:GE
15.831707977976134,-27.041707711966183,-164.51308906370906,-6.95898007448284,372.841,39.64925659533351,-1.7510118552114196,342.27,1084874,1787591425,2026-08-24T17:10:25Z,NYSE:GE
15.831707977976134,-27.016279140537563,-164.71046427507497,-6.983173403648034,372.841,39.60842234687299,-1.7765594052300775,342.181,1092916,1787591601,2026-08-24T17:13:21Z,NYSE:GE
15.831707977976134,-26.998707711966176,-164.846806649195,-6.999891265936333,372.841,39.58025452861997,-1.7942130493440849,342.1195,1102469,1787591784,2026-08-24T17:16:24Z,NYSE:GE
15.831707977976134,-27.06742199768041,-164.31341584560283,-6.9345149101584775,372.841,39.69063536530293,-1.7251772540689472,342.36,1109273,1787591967,2026-08-24T17:19:27Z,NYSE:GE
15.831707977976134,-27.044564854823307,-164.49090713944375,-6.956261722891247,372.841,39.65384997533479,-1.7481413439733708,342.28,1138046,1787592144,2026-08-24T17:22:24Z,NYSE:GE
15.831707977976134,-27.06742199768041,-164.31341584560283,-6.9345149101584775,372.841,39.69063536530293,-1.7251772540689472,342.36,1148637,1787592325,2026-08-24T17:25:25Z,NYSE:GE
15.831707977976134,-27.081707711966143,-164.20245136729034,-6.9209231522005,372.841,39.71366091176009,-1.7108246978786863,342.41,1155998,1787592506,2026-08-24T17:28:26Z,NYSE:GE
15.831707977976134,-27.078850569109026,-164.2246462585468,-6.923641503792108,372.841,39.70905366548382,-1.7136952091167514,342.4,1164059,1787592685,2026-08-24T17:31:25Z,NYSE:GE
15.831707977976134,-27.08456485482327,-164.1802554781021,-6.918204800608908,372.841,39.71826922727267,-1.7079541866406374,342.42,1172059,1787592862,2026-08-24T17:34:22Z,NYSE:GE
15.831707977976134,-26.970307711966143,-165.0670917579727,-7.026911680756786,372.841,39.53481261425536,-1.822745931050317,342.0201,1180146,1787593044,2026-08-24T17:37:24Z,NYSE:GE
15.831707977976134,-26.99885056910898,-164.8456983265162,-6.999755348356756,372.841,39.5804833737358,-1.7940695237821855,342.12,1186475,1787593221,2026-08-24T17:40:21Z,NYSE:GE
15.831707977976134,-26.958850569109018,-165.15593144945268,-7.037812270639081,372.841,39.5165099376732,-1.8342566811149028,341.98,1195959,1787593401,2026-08-24T17:43:21Z,NYSE:GE
15.831707977976134,-26.923136283394683,-165.43276049959763,-7.0717916655340165,372.841,39.459565296869584,-1.8701380715905465,341.855,1201479,1787593582,2026-08-24T17:46:22Z,NYSE:GE
15.831707977976134,-26.853136283394747,-165.9748949354251,-7.138391279528092,372.841,39.34842853454071,-1.9404655969228093,341.61,1212575,1787593766,2026-08-24T17:49:26Z,NYSE:GE
15.831707977976134,-26.81885056910903,-166.24021273613133,-7.171011498627231,372.841,39.29422229206935,-1.9749117317794287,341.49,1224405,1787593943,2026-08-24T17:52:23Z,NYSE:GE
15.831707977976134,-26.858850569108995,-165.9306614091554,-7.132954576344907,372.841,39.35747745166456,-1.934724574446712,341.63,1234592,1787594120,2026-08-24T17:55:20Z,NYSE:GE
15.831707977976134,-26.860993426251863,-165.91407281311024,-7.130915812651213,372.841,39.36087186867872,-1.932571691018175,341.6375,1242175,1787594302,2026-08-24T17:58:22Z,NYSE:GE
15.831707977976134,-26.77599342625183,-166.5716591680052,-7.211786772501163,372.841,39.15487830363999,-2.0638975801590256,341.18,1252303,1787594482,2026-08-24T18:01:22Z,NYSE:GE
15.831707977976134,-26.79742199768043,-166.40596383139751,-7.191399135564189,372.841,39.260419166377325,-1.996440566064812,341.415,1266545,1787594663,2026-08-24T18:04:23Z,NYSE:GE
15.831707977976134,-26.655993426251825,-167.49852394896138,-7.325957539348137,372.841,39.0387689232556,-2.138530872348362,340.92,1281823,1787594841,2026-08-24T18:07:21Z,NYSE:GE
15.831707977976134,-26.755993426251848,-166.72625786695454,-7.230815233642326,372.841,39.19523109523478,-2.038062979016569,341.27,1299960,1787595022,2026-08-24T18:10:22Z,NYSE:GE
15.831707977976134,-26.81456485482329,-166.27336741722786,-7.17508902601462,372.841,39.28745701102722,-1.979217498636502,341.475,1322823,1787595201,2026-08-24T18:13:21Z,NYSE:GE
15.831707977976134,-26.827421997680403,-166.17389667929484,-7.162856443852454,372.841,39.30775984643044,-1.966300198065282,341.52,1330211,1787595382,2026-08-24T18:16:22Z,NYSE:GE
15.831707977976134,-26.73027914053762,-166.9249563244541,-7.255280397966673,372.841,39.15487830363999,-2.0638975801590256,341.18,1342868,1787595560,2026-08-24T18:19:20Z,NYSE:GE
15.831707977976134,-26.69170771196616,-167.22285371530108,-7.291978144453201,372.841,39.09450466804877,-2.102649481872718,341.045,1351327,1787595744,2026-08-24T18:22:24Z,NYSE:GE
15.831707977976134,-26.770279140537586,-166.61583517767264,-7.217223475684348,372.841,39.21768527306534,-2.0237104228263085,341.32,1369961,1787595926,2026-08-24T18:25:26Z,NYSE:GE
15.831707977976134,-26.745993426251857,-166.8035390182673,-7.240329464212898,372.841,39.179528463493085,-2.0481097683497405,341.235,1379468,1787596102,2026-08-24T18:28:22Z,NYSE:GE
15.831707977976134,-26.733136283394742,-166.90288267774986,-7.252562046375081,372.841,39.1593578435168,-2.061027068920977,341.19,1401151,1787596281,2026-08-24T18:31:21Z,NYSE:GE
15.836356196095869,-26.643136283394767,-168.19252856542747,-7.395275504933803,372.841,38.925559357771526,-2.211728908918674,340.665,1420098,1787596468,2026-08-24T18:34:28Z,NYSE:GE
15.836356196095869,-26.798850569109,-166.99117132663997,-7.247125343191896,372.841,39.168319998882566,-2.0552860464448792,341.21,1445664,1787596646,2026-08-24T18:37:26Z,NYSE:GE
15.836356196095869,-26.830279140537584,-166.74833943364914,-7.217223475684348,372.841,39.21768527306534,-2.0237104228263085,341.32,1451554,1787596825,2026-08-24T18:40:25Z,NYSE:GE
15.836356196095869,-26.798850569109,-166.99117132663997,-7.247125343191896,372.841,39.168319998882566,-2.0552860464448792,341.21,1459579,1787597003,2026-08-24T18:43:23Z,NYSE:GE
15.836356196095869,-26.93742199768048,-165.9196024071706,-7.11528529099954,372.841,39.38691519721472,-1.9160662513993767,341.695,1473094,1787597182,2026-08-24T18:46:22Z,NYSE:GE
15.836356196095869,-26.904564854823263,-166.1738966792952,-7.146546334302884,372.841,39.33486295800866,-1.949077130636972,341.58,1489969,1787597364,2026-08-24T18:49:24Z,NYSE:GE
15.836356196095869,-26.86027914053756,-166.51643358280637,-7.188680783972597,372.841,39.26492288913447,-1.9935700548267627,341.425,1499882,1787597542,2026-08-24T18:52:22Z,NYSE:GE
15.836356196095869,-26.830279140537584,-166.74833943364914,-7.217223475684348,372.841,39.21768527306534,-2.0237104228263085,341.32,1508622,1787597723,2026-08-24T18:55:23Z,NYSE:GE
15.836356196095869,-26.88742199768041,-166.3065198670776,-7.162856443852454,372.841,39.30775984643044,-1.966300198065282,341.52,1518035,1787597902,2026-08-24T18:58:22Z,NYSE:GE
15.836356196095869,-26.811707711966108,-166.89184548323956,-7.234892761029714,372.841,39.188499854939536,-2.0423687458736426,341.255,1529767,1787598084,2026-08-24T19:01:24Z,NYSE:GE
15.836356196095869,-26.69456485482334,-167.79607441635966,-7.346345176285094,372.841,39.00540369337071,-2.160059706633745,340.845,1540361,1787598265,2026-08-24T19:04:25Z,NYSE:GE
15.836356196095869,-26.65299342625184,-168.1165662764744,-7.3858971919428065,372.841,38.94083752334226,-2.2018256451474016,340.6995,1550967,1787598449,2026-08-24T19:07:29Z,NYSE:GE
15.836356196095869,-26.68313628339473,-167.8842029628485,-7.35721858265148,372.841,38.98763221341412,-2.171541751585957,340.805,1557669,1787598625,2026-08-24T19:10:25Z,NYSE:GE
15.836356196095869,-26.68456485482324,-167.8731877580832,-7.355859406855682,372.841,38.98985276275238,-2.170106495966932,340.81,1570674,1787598803,2026-08-24T19:13:23Z,NYSE:GE
15.836356196095869,-26.697421997680465,-167.77403981221673,-7.343626824693502,372.841,39.00984909510419,-2.1571891953956963,340.855,1579137,1787598982,2026-08-24T19:16:22Z,NYSE:GE
15.836356196095869,-26.824564854823336,-166.79249959640984,-7.222660178867532,372.841,39.20870051538666,-2.0294514453024064,341.3,1599555,1787599164,2026-08-24T19:19:24Z,NYSE:GE
15.836356196095869,-26.80170771196612,-166.9691006488329,-7.244406991600287,372.841,39.172802615075526,-2.052415535206814,341.22,1607087,1787599341,2026-08-24T19:22:21Z,NYSE:GE
15.836356196095869,-26.83170771196609,-166.7372987740852,-7.215864299888552,372.841,39.21993210592077,-2.022275167207284,341.325,1616821,1787599523,2026-08-24T19:25:23Z,NYSE:GE
15.836356196095869,-26.97313628339469,-165.6430466762005,-7.081305896104604,372.841,39.44365019559023,-1.8801848609237333,341.82,1631764,1787599706,2026-08-24T19:28:26Z,NYSE:GE
15.836356196095869,-26.87885056910904,-166.37281807393782,-7.171011498627231,372.841,39.29422229206935,-1.9749117317794287,341.49,1653092,1787599884,2026-08-24T19:31:24Z,NYSE:GE
15.836356196095869,-26.87885056910904,-166.37281807393782,-7.171011498627231,372.841,39.29422229206935,-1.9749117317794287,341.49,1681904,1787600061,2026-08-24T19:34:21Z,NYSE:GE
15.836356196095869,-26.87885056910904,-166.37281807393782,-7.171011498627231,372.841,39.29422229206935,-1.9749117317794287,341.49,1696002,1787600243,2026-08-24T19:37:23Z,NYSE:GE
15.836356196095869,-26.858879140537567,-166.52725828545658,-7.190012776252485,372.841,39.26271593588227,-1.9949766053334137,341.4201,1705681,1787600422,2026-08-24T19:40:22Z,NYSE:GE
15.836356196095869,-26.8859934262519,-166.3175701879005,-7.1642156196482505,372.841,39.30550293963983,-1.9677354536843064,341.515,1722298,1787600608,2026-08-24T19:43:28Z,NYSE:GE
15.836356196095869,-27.01170771196616,-165.34419211131342,-7.044608149618076,372.841,39.505107864891336,-1.841432959210041,341.955,1740545,1787600783,2026-08-24T19:46:23Z,NYSE:GE
15.836356196095869,-27.04459342625188,-165.08924779227792,-7.013319922798809,372.841,39.55765767009628,-1.8083933748600567,342.0701,1762212,1787600961,2026-08-24T19:49:21Z,NYSE:GE
15.836356196095869,-27.024564854823268,-165.24453365496936,-7.032375567455896,372.841,39.50738775302565,-1.8399977035910169,341.96,1776364,1787601143,2026-08-24T19:52:23Z,NYSE:GE
15.836356196095869,-26.92170771196612,-166.0412377807454,-7.130236224753315,372.841,39.3620034711335,-1.9318540632086627,341.64,1788760,1787601325,2026-08-24T19:55:25Z,NYSE:GE
15.836356196095869,-26.85313628339469,-166.57165916800562,-7.195476662951593,372.841,39.25366551908761,-2.000746332921901,341.4,1805391,1787601501,2026-08-24T19:58:21Z,NYSE:GE
15.836356196095869,-26.85313628339469,-166.57165916800562,-7.195476662951593,372.841,39.25366551908761,-2.000746332921901,341.4,1826932,1787601679,2026-08-24T20:01:19Z,NYSE:GE
15.836356196095869,-26.85027914053757,-166.59374766818777,-7.198195014543185,372.841,39.24916437827365,-2.00361684415995,341.39,1844857,1787601861,2026-08-24T20:04:21Z,NYSE:GE
15.836356196095869,-26.773136283394763,-167.18976290740838,-7.271590507516242,372.841,39.12802257151434,-2.081120647587335,341.12,1874226,1787602044,2026-08-24T20:07:24Z,NYSE:GE
15.836356196095869,-26.83170771196609,-166.7372987740852,-7.215864299888552,372.841,39.21993210592077,-2.022275167207284,341.325,1922320,1787602222,2026-08-24T20:10:22Z,NYSE:GE
15.836356196095869,-26.99885056910904,-165.44383042956363,-7.056840731780244,372.841,39.48460070661467,-1.854350259781261,341.91,1982091,1787602401,2026-08-24T20:13:21Z,NYSE:GE
15.836356196095869,-26.978850569108943,-165.59878335587717,-7.07586919292142,372.841,39.45274296681913,-1.874443838447636,341.84,2630465,1787602585,2026-08-24T20:16:25Z,NYSE:GE
15.836356196095869,-26.978850569108943,-165.59878335587717,-7.07586919292142,372.841,39.45274296681913,-1.874443838447636,341.84,2648218,1787602762,2026-08-24T20:19:22Z,NYSE:GE
15.836356196095869,-26.978850569108943,-165.59878335587717,-7.07586919292142,372.841,39.45274296681913,-1.874443838447636,341.84,2648562,1787602942,2026-08-24T20:22:22Z,NYSE:GE
15.836356196095869,-26.978850569108943,-165.59878335587717,-7.07586919292142,372.841,39.45274296681913,-1.874443838447636,341.84,2649034,1787603125,2026-08-24T20:25:25Z,NYSE:GE
15.836356196095869,-26.978850569108943,-165.59878335587717,-7.07586919292142,372.841,39.45274296681913,-1.874443838447636,341.84,2649042,1787603305,2026-08-24T20:28:25Z,NYSE:GE
15.836356196095869,-26.978850569108943,-165.59878335587717,-7.07586919292142,372.841,39.45274296681913,-1.874443838447636,341.84,2649059,1787603482,2026-08-24T20:31:22Z,NYSE:GE
15.836356196095869,-26.978850569108943,-165.59878335587717,-7.07586919292142,372.841,39.45274296681913,-1.874443838447636,341.84,2649062,1787603661,2026-08-24T20:34:21Z,NYSE:GE
15.836356196095869,-26.978850569108943,-165.59878335587717,-7.07586919292142,372.841,39.45274296681913,-1.874443838447636,341.84,2649076,1787603844,2026-08-24T20:37:24Z,NYSE:GE
15.836356196095869,-26.978850569108943,-165.59878335587717,-7.07586919292142,372.841,39.45274296681913,-1.874443838447636,341.84,2649077,1787604019,2026-08-24T20:40:19Z,NYSE:GE
15.836356196095869,-26.978850569108943,-165.59878335587717,-7.07586919292142,372.841,39.45274296681913,-1.874443838447636,341.84,2649103,1787604202,2026-08-24T20:43:22Z,NYSE:GE
15.836356196095869,-26.978850569108943,-165.59878335587717,-7.07586919292142,372.841,39.45274296681913,-1.874443838447636,341.84,2649114,1787604381,2026-08-24T20:46:21Z,NYSE:GE
15.836356196095869,-26.978850569108943,-165.59878335587717,-7.07586919292142,372.841,39.45274296681913,-1.874443838447636,341.84,2649165,1787604567,2026-08-24T20:49:27Z,NYSE:GE
15.836356196095869,-26.978850569108943,-165.59878335587717,-7.07586919292142,372.841,39.45274296681913,-1.874443838447636,341.84,2649170,1787604745,2026-08-24T20:52:25Z,NYSE:GE
15.836356196095869,-26.978850569108943,-165.59878335587717,-7.07586919292142,372.841,39.45274296681913,-1.874443838447636,341.84,2649208,1787604929,2026-08-24T20:55:29Z,NYSE:GE
15.836356196095869,-26.978850569108943,-165.59878335587717,-7.07586919292142,372.841,39.45274296681913,-1.874443838447636,341.84,2649208,1787605105,2026-08-24T20:58:25Z,NYSE:GE
15.836356196095869,-26.978850569108943,-165.59878335587717,-7.07586919292142,372.841,39.45274296681913,-1.874443838447636,341.84,2649237,1787605287,2026-08-24T21:01:27Z,NYSE:GE
15.836356196095869,-26.978850569108943,-165.59878335587717,-7.07586919292142,372.841,39.45274296681913,-1.874443838447636,341.84,2649381,1787605464,2026-08-24T21:04:24Z,NYSE:GE
15.836356196095869,-26.978850569108943,-165.59878335587717,-7.07586919292142,372.841,39.45274296681913,-1.874443838447636,341.84,2649451,1787605647,2026-08-24T21:07:27Z,NYSE:GE
15.836356196095869,-26.978850569108943,-165.59878335587717,-7.07586919292142,372.841,39.45274296681913,-1.874443838447636,341.84,2661082,1787605826,2026-08-24T21:10:26Z,NYSE:GE
15.836356196095869,-26.978850569108943,-165.59878335587717,-7.07586919292142,372.841,39.45274296681913,-1.874443838447636,341.84,2661087,1787606008,2026-08-24T21:13:28Z,NYSE:GE
15.836356196095869,-26.978850569108943,-165.59878335587717,-7.07586919292142,372.841,39.45274296681913,-1.874443838447636,341.84,2661138,1787606184,2026-08-24T21:16:24Z,NYSE:GE
15.836356196095869,-26.978850569108943,-165.59878335587717,-7.07586919292142,372.841,39.45274296681913,-1.874443838447636,341.84,2661144,1787606362,2026-08-24T21:19:22Z,NYSE:GE
15.836356196095869,-26.978850569108943,-165.59878335587717,-7.07586919292142,372.841,39.45274296681913,-1.874443838447636,341.84,2664221,1787606543,2026-08-24T21:22:23Z,NYSE:GE
15.836356196095869,-26.978850569108943,-165.59878335587717,-7.07586919292142,372.841,39.45274296681913,-1.874443838447636,341.84,2664223,1787606726,2026-08-24T21:25:26Z,NYSE:GE
15.836356196095869,-26.978850569108943,-165.59878335587717,-7.07586919292142,372.841,39.45274296681913,-1.874443838447636,341.84,2664226,1787606903,2026-08-24T21:28:23Z,NYSE:GE
15.836356196095869,-26.978850569108943,-165.59878335587717,-7.07586919292142,372.841,39.45274296681913,-1.874443838447636,341.84,2664228,1787607083,2026-08-24T21:31:23Z,NYSE:GE
15.836356196095869,-26.978850569108943,-165.59878335587717,-7.07586919292142,372.841,39.45274296681913,-1.874443838447636,341.84,2664229,1787607264,2026-08-24T21:34:24Z,NYSE:GE
15.836356196095869,-26.978850569108943,-165.59878335587717,-7.07586919292142,372.841,39.45274296681913,-1.874443838447636,341.84,2664234,1787607447,2026-08-24T21:37:27Z,NYSE:GE
15.836356196095869,-26.978850569108943,-165.59878335587717,-7.07586919292142,372.841,39.45274296681913,-1.874443838447636,341.84,2664252,1787607625,2026-08-24T21:40:25Z,NYSE:GE
15.836356196095869,-26.978850569108943,-165.59878335587717,-7.07586919292142,372.841,39.45274296681913,-1.874443838447636,341.84,2664279,1787607803,2026-08-24T21:43:23Z,NYSE:GE
15.836356196095869,-26.978850569108943,-165.59878335587717,-7.07586919292142,372.841,39.45274296681913,-1.874443838447636,341.84,2664583,1787607981,2026-08-24T21:46:21Z,NYSE:GE
15.836356196095869,-26.978850569108943,-165.59878335587717,-7.07586919292142,372.841,39.45274296681913,-1.874443838447636,341.84,2664584,1787608163,2026-08-24T21:49:23Z,NYSE:GE
15.836356196095869,-26.978850569108943,-165.59878335587717,-7.07586919292142,372.841,39.45274296681913,-1.874443838447636,341.84,2664595,1787608344,2026-08-24T21:52:24Z,NYSE:GE
15.836356196095869,-26.978850569108943,-165.59878335587717,-7.07586919292142,372.841,39.45274296681913,-1.874443838447636,341.84,2664595,1787608524,2026-08-24T21:55:24Z,NYSE:GE
15.836356196095869,-26.978850569108943,-165.59878335587717,-7.07586919292142,372.841,39.45274296681913,-1.874443838447636,341.84,2664598,1787608703,2026-08-24T21:58:23Z,NYSE:GE
15.836356196095869,-26.978850569108943,-165.59878335587717,-7.07586919292142,372.841,39.45274296681913,-1.874443838447636,341.84,2664602,1787608887,2026-08-24T22:01:27Z,NYSE:GE
15.836356196095869,-26.978850569108943,-165.59878335587717,-7.07586919292142,372.841,39.45274296681913,-1.874443838447636,341.84,2664628,1787609067,2026-08-24T22:04:27Z,NYSE:GE
15.836356196095869,-26.978850569108943,-165.59878335587717,-7.07586919292142,372.841,39.45274296681913,-1.874443838447636,341.84,2664629,1787609243,2026-08-24T22:07:23Z,NYSE:GE
15.836356196095869,-26.978850569108943,-165.59878335587717,-7.07586919292142,372.841,39.45274296681913,-1.874443838447636,341.84,2664630,1787609424,2026-08-24T22:10:24Z,NYSE:GE
15.836356196095869,-26.978850569108943,-165.59878335587717,-7.07586919292142,372.841,39.45274296681913,-1.874443838447636,341.84,2664703,1787609606,2026-08-24T22:13:26Z,NYSE:GE
15.836356196095869,-26.978850569108943,-165.59878335587717,-7.07586919292142,372.841,39.45274296681913,-1.874443838447636,341.84,2664703,1787609785,2026-08-24T22:16:25Z,NYSE:GE
15.836356196095869,-26.978850569108943,-165.59878335587717,-7.07586919292142,372.841,39.45274296681913,-1.874443838447636,341.84,2664753,1787609965,2026-08-24T22:19:25Z,NYSE:GE
15.836356196095869,-26.978850569108943,-165.59878335587717,-7.07586919292142,372.841,39.45274296681913,-1.874443838447636,341.84,2664753,1787610146,2026-08-24T22:22:26Z,NYSE:GE
15.836356196095869,-26.978850569108943,-165.59878335587717,-7.07586919292142,372.841,39.45274296681913,-1.874443838447636,341.84,2664805,1787610323,2026-08-24T22:25:23Z,NYSE:GE
15.836356196095869,-26.978850569108943,-165.59878335587717,-7.07586919292142,372.841,39.45274296681913,-1.874443838447636,341.84,2664845,1787610505,2026-08-24T22:28:25Z,NYSE:GE
15.836356196095869,-26.978850569108943,-165.59878335587717,-7.07586919292142,372.841,39.45274296681913,-1.874443838447636,341.84,2664895,1787610685,2026-08-24T22:31:25Z,NYSE:GE
15.836356196095869,-26.978850569108943,-165.59878335587717,-7.07586919292142,372.841,39.45274296681913,-1.874443838447636,341.84,2664896,1787610863,2026-08-24T22:34:23Z,NYSE:GE
15.836356196095869,-26.978850569108943,-165.59878335587717,-7.07586919292142,372.841,39.45274296681913,-1.874443838447636,341.84,2664899,1787611043,2026-08-24T22:37:23Z,NYSE:GE
15.836356196095869,-26.978850569108943,-165.59878335587717,-7.07586919292142,372.841,39.45274296681913,-1.874443838447636,341.84,2664904,1787611222,2026-08-24T22:40:22Z,NYSE:GE
15.836356196095869,-26.978850569108943,-165.59878335587717,-7.07586919292142,372.841,39.45274296681913,-1.874443838447636,341.84,2664928,1787611406,2026-08-24T22:43:26Z,NYSE:GE
15.836356196095869,-26.978850569108943,-165.59878335587717,-7.07586919292142,372.841,39.45274296681913,-1.874443838447636,341.84,2664929,1787611583,2026-08-24T22:46:23Z,NYSE:GE
15.836356196095869,-26.978850569108943,-165.59878335587717,-7.07586919292142,372.841,39.45274296681913,-1.874443838447636,341.84,2664956,1787611765,2026-08-24T22:49:25Z,NYSE:GE
15.836356196095869,-26.978850569108943,-165.59878335587717,-7.07586919292142,372.841,39.45274296681913,-1.874443838447636,341.84,2664971,1787611945,2026-08-24T22:52:25Z,NYSE:GE
15.836356196095869,-26.978850569108943,-165.59878335587717,-7.07586919292142,372.841,39.45274296681913,-1.874443838447636,341.84,2664973,1787612125,2026-08-24T22:55:25Z,NYSE:GE
15.836356196095869,-26.978850569108943,-165.59878335587717,-7.07586919292142,372.841,39.45274296681913,-1.874443838447636,341.84,2664983,1787612308,2026-08-24T22:58:28Z,NYSE:GE
15.836356196095869,-26.978850569108943,-165.59878335587717,-7.07586919292142,372.841,39.45274296681913,-1.874443838447636,341.84,2665110,1787612485,2026-08-24T23:01:25Z,NYSE:GE
15.836356196095869,-26.978850569108943,-165.59878335587717,-7.07586919292142,372.841,39.45274296681913,-1.874443838447636,341.84,2665110,1787612663,2026-08-24T23:04:23Z,NYSE:GE
15.836356196095869,-26.978850569108943,-165.59878335587717,-7.07586919292142,372.841,39.45274296681913,-1.874443838447636,341.84,2665114,1787612842,2026-08-24T23:07:22Z,NYSE:GE
15.836356196095869,-26.978850569108943,-165.59878335587717,-7.07586919292142,372.841,39.45274296681913,-1.874443838447636,341.84,2665114,1787613023,2026-08-24T23:10:23Z,NYSE:GE
15.836356196095869,-26.978850569108943,-165.59878335587717,-7.07586919292142,372.841,39.45274296681913,-1.874443838447636,341.84,2665115,1787613202,2026-08-24T23:13:22Z,NYSE:GE
15.836356196095869,-26.978850569108943,-165.59878335587717,-7.07586919292142,372.841,39.45274296681913,-1.874443838447636,341.84,2665117,1787613381,2026-08-24T23:16:21Z,NYSE:GE
15.836356196095869,-26.978850569108943,-165.59878335587717,-7.07586919292142,372.841,39.45274296681913,-1.874443838447636,341.84,2665119,1787613562,2026-08-24T23:19:22Z,NYSE:GE
15.836356196095869,-26.978850569108943,-165.59878335587717,-7.07586919292142,372.841,39.45274296681913,-1.874443838447636,341.84,2665121,1787613748,2026-08-24T23:22:28Z,NYSE:GE
15.836356196095869,-26.978850569108943,-165.59878335587717,-7.07586919292142,372.841,39.45274296681913,-1.874443838447636,341.84,2665121,1787613924,2026-08-24T23:25:24Z,NYSE:GE
15.836356196095869,-26.978850569108943,-165.59878335587717,-7.07586919292142,372.841,39.45274296681913,-1.874443838447636,341.84,2665190,1787614107,2026-08-24T23:28:27Z,NYSE:GE
15.836356196095869,-26.978850569108943,-165.59878335587717,-7.07586919292142,372.841,39.45274296681913,-1.874443838447636,341.84,2665190,1787614282,2026-08-24T23:31:22Z,NYSE:GE
15.836356196095869,-26.978850569108943,-165.59878335587717,-7.07586919292142,372.841,39.45274296681913,-1.874443838447636,341.84,2665190,1787614463,2026-08-24T23:34:23Z,NYSE:GE
15.836356196095869,-26.978850569108943,-165.59878335587717,-7.07586919292142,372.841,39.45274296681913,-1.874443838447636,341.84,2665291,1787614645,2026-08-24T23:37:25Z,NYSE:GE
15.836356196095869,-26.978850569108943,-165.59878335587717,-7.07586919292142,372.841,39.45274296681913,-1.874443838447636,341.84,2665296,1787614826,2026-08-24T23:40:26Z,NYSE:GE
15.836356196095869,-26.978850569108943,-165.59878335587717,-7.07586919292142,372.841,39.45274296681913,-1.874443838447636,341.84,2665300,1787614998,2026-08-24T23:43:18Z,NYSE:GE
15.836356196095869,-26.978850569108943,-165.59878335587717,-7.07586919292142,372.841,39.45274296681913,-1.874443838447636,341.84,2665302,1787615183,2026-08-24T23:46:23Z,NYSE:GE
15.836356196095869,-26.978850569108943,-165.59878335587717,-7.07586919292142,372.841,39.45274296681913,-1.874443838447636,341.84,2665302,1787615366,2026-08-24T23:49:26Z,NYSE:GE
15.836356196095869,-26.978850569108943,-165.59878335587717,-7.07586919292142,372.841,39.45274296681913,-1.874443838447636,341.84,2665591,1787629226,2026-08-25T03:40:26Z,NYSE:GE
15.836356196095869,-26.978850569108943,-165.59878335587717,-7.07586919292142,372.841,39.45274296681913,-1.874443838447636,341.84,2665591,1787629403,2026-08-25T03:43:23Z,NYSE:GE
15.836356196095869,-26.978850569108943,-165.59878335587717,-7.07586919292142,372.841,39.45274296681913,-1.874443838447636,341.84,2665591,1787629588,2026-08-25T03:46:28Z,NYSE:GE
15.836356196095869,-26.978850569108943,-165.59878335587717,-7.07586919292142,372.841,39.45274296681913,-1.874443838447636,341.84,2665591,1787629768,2026-08-25T03:49:28Z,NYSE:GE
15.836356196095869,-26.978850569108943,-165.59878335587717,-7.07586919292142,372.841,39.45274296681913,-1.874443838447636,341.84,2665591,1787629944,2026-08-25T03:52:24Z,NYSE:GE
15.836356196095869,-26.978850569108943,-165.59878335587717,-7.07586919292142,372.841,39.45274296681913,-1.874443838447636,341.84,2665591,1787630126,2026-08-25T03:55:26Z,NYSE:GE
15.836356196095869,-26.978850569108943,-165.59878335587717,-7.07586919292142,372.841,39.45274296681913,-1.874443838447636,341.84,2665591,1787630303,2026-08-25T03:58:23Z,NYSE:GE
15.836356196095869,-26.978850569108943,-165.59878335587717,-7.07586919292142,372.841,39.45274296681913,-1.874443838447636,341.84,2665591,1787630487,2026-08-25T04:01:27Z,NYSE:GE
15.836356196095869,-26.978850569108943,-165.59878335587717,-7.07586919292142,372.841,39.45274296681913,-1.874443838447636,341.84,2665591,1787630671,2026-08-25T04:04:31Z,NYSE:GE
15.836356196095869,-26.978850569108943,-165.59878335587717,-7.07586919292142,372.841,39.45274296681913,-1.874443838447636,341.84,2665591,1787630846,2026-08-25T04:07:26Z,NYSE:GE
15.836356196095869,-26.978850569108943,-165.59878335587717,-7.07586919292142,372.841,39.45274296681913,-1.874443838447636,341.84,2665591,1787631028,2026-08-25T04:10:28Z,NYSE:GE
15.836356196095869,-26.978850569108943,-165.59878335587717,-7.07586919292142,372.841,39.45274296681913,-1.874443838447636,341.84,2665591,1787631204,2026-08-25T04:13:24Z,NYSE:GE
15.836356196095869,-26.978850569108943,-165.59878335587717,-7.07586919292142,372.841,39.45274296681913,-1.874443838447636,341.84,2665591,1787631387,2026-08-25T04:16:27Z,NYSE:GE
15.836356196095869,-26.978850569108943,-165.59878335587717,-7.07586919292142,372.841,39.45274296681913,-1.874443838447636,341.84,2665591,1787631564,2026-08-25T04:19:24Z,NYSE:GE
15.836356196095869,-26.978850569108943,-165.59878335587717,-7.07586919292142,372.841,39.45274296681913,-1.874443838447636,341.84,2665591,1787631743,2026-08-25T04:22:23Z,NYSE:GE
15.836356196095869,-26.978850569108943,-165.59878335587717,-7.07586919292142,372.841,39.45274296681913,-1.874443838447636,341.84,2665591,1787631927,2026-08-25T04:25:27Z,NYSE:GE
15.836356196095869,-26.978850569108943,-165.59878335587717,-7.07586919292142,372.841,39.45274296681913,-1.874443838447636,341.84,2665591,1787632107,2026-08-25T04:28:27Z,NYSE:GE
15.836356196095869,-26.978850569108943,-165.59878335587717,-7.07586919292142,372.841,39.45274296681913,-1.874443838447636,341.84,2665591,1787632284,2026-08-25T04:31:24Z,NYSE:GE
15.836356196095869,-26.978850569108943,-165.59878335587717,-7.07586919292142,372.841,39.45274296681913,-1.874443838447636,341.84,2665591,1787632471,2026-08-25T04:34:31Z,NYSE:GE
15.836356196095869,-26.978850569108943,-165.59878335587717,-7.07586919292142,372.841,39.45274296681913,-1.874443838447636,341.84,2665591,1787632648,2026-08-25T04:37:28Z,NYSE:GE
15.836356196095869,-26.978850569108943,-165.59878335587717,-7.07586919292142,372.841,39.45274296681913,-1.874443838447636,341.84,2665591,1787632822,2026-08-25T04:40:22Z,NYSE:GE
15.836356196095869,-26.978850569108943,-165.59878335587717,-7.07586919292142,372.841,39.45274296681913,-1.874443838447636,341.84,2665591,1787633003,2026-08-25T04:43:23Z,NYSE:GE
15.836356196095869,-26.978850569108943,-165.59878335587717,-7.07586919292142,372.841,39.45274296681913,-1.874443838447636,341.84,2665591,1787633182,2026-08-25T04:46:22Z,NYSE:GE
15.836356196095869,-26.978850569108943,-165.59878335587717,-7.07586919292142,372.841,39.45274296681913,-1.874443838447636,341.84,2665591,1787633366,2026-08-25T04:49:26Z,NYSE:GE
15.836356196095869,-26.978850569108943,-165.59878335587717,-7.07586919292142,372.841,39.45274296681913,-1.874443838447636,341.84,2665591,1787633545,2026-08-25T04:52:25Z,NYSE:GE
15.836356196095869,-26.978850569108943,-165.59878335587717,-7.07586919292142,372.841,39.45274296681913,-1.874443838447636,341.84,2665591,1787633724,2026-08-25T04:55:24Z,NYSE:GE
15.836356196095869,-26.978850569108943,-165.59878335587717,-7.07586919292142,372.841,39.45274296681913,-1.874443838447636,341.84,2665591,1787633907,2026-08-25T04:58:27Z,NYSE:GE
15.836356196095869,-26.978850569108943,-165.59878335587717,-7.07586919292142,372.841,39.45274296681913,-1.874443838447636,341.84,2665591,1787634085,2026-08-25T05:01:25Z,NYSE:GE
15.836356196095869,-26.978850569108943,-165.59878335587717,-7.07586919292142,372.841,39.45274296681913,-1.874443838447636,341.84,2665591,1787634269,2026-08-25T05:04:29Z,NYSE:GE
15.836356196095869,-26.978850569108943,-165.59878335587717,-7.07586919292142,372.841,39.45274296681913,-1.874443838447636,341.84,2665591,1787634441,2026-08-25T05:07:21Z,NYSE:GE
15.836356196095869,-26.978850569108943,-165.59878335587717,-7.07586919292142,372.841,39.45274296681913,-1.874443838447636,341.84,2665591,1787634627,2026-08-25T05:10:27Z,NYSE:GE
15.836356196095869,-26.978850569108943,-165.59878335587717,-7.07586919292142,372.841,39.45274296681913,-1.874443838447636,341.84,2665591,1787634806,2026-08-25T05:13:26Z,NYSE:GE
15.836356196095869,-26.978850569108943,-165.59878335587717,-7.07586919292142,372.841,39.45274296681913,-1.874443838447636,341.84,2665591,1787634990,2026-08-25T05:16:30Z,NYSE:GE
15.836356196095869,-26.978850569108943,-165.59878335587717,-7.07586919292142,372.841,39.45274296681913,-1.874443838447636,341.84,2665591,1787635163,2026-08-25T05:19:23Z,NYSE:GE
15.836356196095869,-26.978850569108943,-165.59878335587717,-7.07586919292142,372.841,39.45274296681913,-1.874443838447636,341.84,2665591,1787635347,2026-08-25T05:22:27Z,NYSE:GE
15.836356196095869,-26.978850569108943,-165.59878335587717,-7.07586919292142,372.841,39.45274296681913,-1.874443838447636,341.84,2665591,1787635528,2026-08-25T05:25:28Z,NYSE:GE
15.836356196095869,-26.978850569108943,-165.59878335587717,-7.07586919292142,372.841,39.45274296681913,-1.874443838447636,341.84,2665591,1787635704,2026-08-25T05:28:24Z,NYSE:GE
15.836356196095869,-26.978850569108943,-165.59878335587717,-7.07586919292142,372.841,39.45274296681913,-1.874443838447636,341.84,2665591,1787635885,2026-08-25T05:31:25Z,NYSE:GE
15.836356196095869,-26.978850569108943,-165.59878335587717,-7.07586919292142,372.841,39.45274296681913,-1.874443838447636,341.84,2665591,1787636064,2026-08-25T05:34:24Z,NYSE:GE
15.836356196095869,-26.978850569108943,-165.59878335587717,-7.07586919292142,372.841,39.45274296681913,-1.874443838447636,341.84,2665591,1787636242,2026-08-25T05:37:22Z,NYSE:GE
15.836356196095869,-26.978850569108943,-165.59878335587717,-7.07586919292142,372.841,39.45274296681913,-1.874443838447636,341.84,2665591,1787636430,2026-08-25T05:40:30Z,NYSE:GE
15.836356196095869,-26.978850569108943,-165.59878335587717,-7.07586919292142,372.841,39.45274296681913,-1.874443838447636,341.84,2665591,1787636603,2026-08-25T05:43:23Z,NYSE:GE
15.836356196095869,-26.978850569108943,-165.59878335587717,-7.07586919292142,372.841,39.45274296681913,-1.874443838447636,341.84,2665591,1787636785,2026-08-25T05:46:25Z,NYSE:GE
15.836356196095869,-26.978850569108943,-165.59878335587717,-7.07586919292142,372.841,39.45274296681913,-1.874443838447636,341.84,2665591,1787636968,2026-08-25T05:49:28Z,NYSE:GE
15.836356196095869,-26.978850569108943,-165.59878335587717,-7.07586919292142,372.841,39.45274296681913,-1.874443838447636,341.84,2665591,1787637143,2026-08-25T05:52:23Z,NYSE:GE
15.836356196095869,-26.978850569108943,-165.59878335587717,-7.07586919292142,372.841,39.45274296681913,-1.874443838447636,341.84,2665591,1787637326,2026-08-25T05:55:26Z,NYSE:GE
15.836356196095869,-26.978850569108943,-165.59878335587717,-7.07586919292142,372.841,39.45274296681913,-1.874443838447636,341.84,2665591,1787637504,2026-08-25T05:58:24Z,NYSE:GE
15.836356196095869,-26.978850569108943,-165.59878335587717,-7.07586919292142,372.841,39.45274296681913,-1.874443838447636,341.84,2665591,1787637684,2026-08-25T06:01:24Z,NYSE:GE
15.836356196095869,-26.978850569108943,-165.59878335587717,-7.07586919292142,372.841,39.45274296681913,-1.874443838447636,341.84,2665591,1787637866,2026-08-25T06:04:26Z,NYSE:GE
15.836356196095869,-26.978850569108943,-165.59878335587717,-7.07586919292142,372.841,39.45274296681913,-1.874443838447636,341.84,2665591,1787638046,2026-08-25T06:07:26Z,NYSE:GE
15.836356196095869,-26.978850569108943,-165.59878335587717,-7.07586919292142,372.841,39.45274296681913,-1.874443838447636,341.84,2665591,1787638225,2026-08-25T06:10:25Z,NYSE:GE
15.836356196095869,-26.978850569108943,-165.59878335587717,-7.07586919292142,372.841,39.45274296681913,-1.874443838447636,341.84,2665591,1787638410,2026-08-25T06:13:30Z,NYSE:GE
15.836356196095869,-26.978850569108943,-165.59878335587717,-7.07586919292142,372.841,39.45274296681913,-1.874443838447636,341.84,2665591,1787638586,2026-08-25T06:16:26Z,NYSE:GE
15.836356196095869,-26.978850569108943,-165.59878335587717,-7.07586919292142,372.841,39.45274296681913,-1.874443838447636,341.84,2665591,1787638763,2026-08-25T06:19:23Z,NYSE:GE
15.836356196095869,-26.978850569108943,-165.59878335587717,-7.07586919292142,372.841,39.45274296681913,-1.874443838447636,341.84,2665591,1787638944,2026-08-25T06:22:24Z,NYSE:GE
15.836356196095869,-26.978850569108943,-165.59878335587717,-7.07586919292142,372.841,39.45274296681913,-1.874443838447636,341.84,2665591,1787639126,2026-08-25T06:25:26Z,NYSE:GE
15.836356196095869,-26.978850569108943,-165.59878335587717,-7.07586919292142,372.841,39.45274296681913,-1.874443838447636,341.84,2665591,1787639305,2026-08-25T06:28:25Z,NYSE:GE
15.836356196095869,-26.978850569108943,-165.59878335587717,-7.07586919292142,372.841,39.45274296681913,-1.874443838447636,341.84,2665591,1787639487,2026-08-25T06:31:27Z,NYSE:GE
15.836356196095869,-26.978850569108943,-165.59878335587717,-7.07586919292142,372.841,39.45274296681913,-1.874443838447636,341.84,2665591,1787639664,2026-08-25T06:34:24Z,NYSE:GE
15.836356196095869,-26.978850569108943,-165.59878335587717,-7.07586919292142,372.841,39.45274296681913,-1.874443838447636,341.84,2665591,1787639848,2026-08-25T06:37:28Z,NYSE:GE
15.836356196095869,-26.978850569108943,-165.59878335587717,-7.07586919292142,372.841,39.45274296681913,-1.874443838447636,341.84,2665591,1787640026,2026-08-25T06:40:26Z,NYSE:GE
15.836356196095869,-26.978850569108943,-165.59878335587717,-7.07586919292142,372.841,39.45274296681913,-1.874443838447636,341.84,2665591,1787640201,2026-08-25T06:43:21Z,NYSE:GE
15.836356196095869,-26.978850569108943,-165.59878335587717,-7.07586919292142,372.841,39.45274296681913,-1.874443838447636,341.84,2665591,1787640383,2026-08-25T06:46:23Z,NYSE:GE
15.836356196095869,-26.978850569108943,-165.59878335587717,-7.07586919292142,372.841,39.45274296681913,-1.874443838447636,341.84,2665591,1787640563,2026-08-25T06:49:23Z,NYSE:GE
15.836356196095869,-26.978850569108943,-165.59878335587717,-7.07586919292142,372.841,39.45274296681913,-1.874443838447636,341.84,2665591,1787640741,2026-08-25T06:52:21Z,NYSE:GE
15.836356196095869,-26.978850569108943,-165.59878335587717,-7.07586919292142,372.841,39.45274296681913,-1.874443838447636,341.84,2665591,1787640922,2026-08-25T06:55:22Z,NYSE:GE
15.836356196095869,-26.978850569108943,-165.59878335587717,-7.07586919292142,372.841,39.45274296681913,-1.874443838447636,341.84,2665591,1787641102,2026-08-25T06:58:22Z,NYSE:GE
15.836356196095869,-26.978850569108943,-165.59878335587717,-7.07586919292142,372.841,39.45274296681913,-1.874443838447636,341.84,2665591,1787641282,2026-08-25T07:01:22Z,NYSE:GE
15.836356196095869,-26.978850569108943,-165.59878335587717,-7.07586919292142,372.841,39.45274296681913,-1.874443838447636,341.84,2665591,1787641463,2026-08-25T07:04:23Z,NYSE:GE
15.836356196095869,-26.978850569108943,-165.59878335587717,-7.07586919292142,372.841,39.45274296681913,-1.874443838447636,341.84,2665591,1787641644,2026-08-25T07:07:24Z,NYSE:GE
15.836356196095869,-26.978850569108943,-165.59878335587717,-7.07586919292142,372.841,39.45274296681913,-1.874443838447636,341.84,2665591,1787641823,2026-08-25T07:10:23Z,NYSE:GE
15.836356196095869,-26.978850569108943,-165.59878335587717,-7.07586919292142,372.841,39.45274296681913,-1.874443838447636,341.84,2665591,1787642000,2026-08-25T07:13:20Z,NYSE:GE
15.836356196095869,-26.978850569108943,-165.59878335587717,-7.07586919292142,372.841,39.45274296681913,-1.874443838447636,341.84,2665591,1787642183,2026-08-25T07:16:23Z,NYSE:GE
15.836356196095869,-26.978850569108943,-165.59878335587717,-7.07586919292142,372.841,39.45274296681913,-1.874443838447636,341.84,2665591,1787642362,2026-08-25T07:19:22Z,NYSE:GE
15.836356196095869,-26.978850569108943,-165.59878335587717,-7.07586919292142,372.841,39.45274296681913,-1.874443838447636,341.84,2665591,1787642541,2026-08-25T07:22:21Z,NYSE:GE
15.836356196095869,-26.978850569108943,-165.59878335587717,-7.07586919292142,372.841,39.45274296681913,-1.874443838447636,341.84,2665591,1787642726,2026-08-25T07:25:26Z,NYSE:GE
15.836356196095869,-26.978850569108943,-165.59878335587717,-7.07586919292142,372.841,39.45274296681913,-1.874443838447636,341.84,2665591,1787642901,2026-08-25T07:28:21Z,NYSE:GE
15.836356196095869,-26.978850569108943,-165.59878335587717,-7.07586919292142,372.841,39.45274296681913,-1.874443838447636,341.84,2665591,1787643080,2026-08-25T07:31:20Z,NYSE:GE
15.836356196095869,-26.978850569108943,-165.59878335587717,-7.07586919292142,372.841,39.45274296681913,-1.874443838447636,341.84,2665591,1787643262,2026-08-25T07:34:22Z,NYSE:GE
15.836356196095869,-26.978850569108943,-165.59878335587717,-7.07586919292142,372.841,39.45274296681913,-1.874443838447636,341.84,2665591,1787643445,2026-08-25T07:37:25Z,NYSE:GE
15.836356196095869,-26.978850569108943,-165.59878335587717,-7.07586919292142,372.841,39.45274296681913,-1.874443838447636,341.84,2665591,1787643623,2026-08-25T07:40:23Z,NYSE:GE
15.836356196095869,-26.978850569108943,-165.59878335587717,-7.07586919292142,372.841,39.45274296681913,-1.874443838447636,341.84,2665591,1787643803,2026-08-25T07:43:23Z,NYSE:GE
15.836356196095869,-26.978850569108943,-165.59878335587717,-7.07586919292142,372.841,39.45274296681913,-1.874443838447636,341.84,2665591,1787643982,2026-08-25T07:46:22Z,NYSE:GE
15.836356196095869,-26.978850569108943,-165.59878335587717,-7.07586919292142,372.841,39.45274296681913,-1.874443838447636,341.84,2665591,1787644162,2026-08-25T07:49:22Z,NYSE:GE
15.836356196095869,-26.978850569108943,-165.59878335587717,-7.07586919292142,372.841,39.45274296681913,-1.874443838447636,341.84,2665591,1787644342,2026-08-25T07:52:22Z,NYSE:GE
15.836356196095869,-26.978850569108943,-165.59878335587717,-7.07586919292142,372.841,39.45274296681913,-1.874443838447636,341.84,2665591,1787644524,2026-08-25T07:55:24Z,NYSE:GE
15.836356196095869,-26.978850569108943,-165.59878335587717,-7.07586919292142,372.841,39.45274296681913,-1.874443838447636,341.84,2665591,1787644700,2026-08-25T07:58:20Z,NYSE:GE
15.836356196095869,-26.978850569108943,-165.59878335587717,-7.07586919292142,372.841,39.45274296681913,-1.874443838447636,341.84,2665591,1787644879,2026-08-25T08:01:19Z,NYSE:GE
15.836356196095869,-26.978850569108943,-165.59878335587717,-7.07586919292142,372.841,39.45274296681913,-1.874443838447636,341.84,2665591,1787645063,2026-08-25T08:04:23Z,NYSE:GE
15.836356196095869,-26.978850569108943,-165.59878335587717,-7.07586919292142,372.841,39.45274296681913,-1.874443838447636,341.84,2665591,1787645243,2026-08-25T08:07:23Z,NYSE:GE
15.836356196095869,-26.978850569108943,-165.59878335587717,-7.07586919292142,372.841,39.45274296681913,-1.874443838447636,341.84,2665591,1787645419,2026-08-25T08:10:19Z,NYSE:GE
15.836356196095869,-26.978850569108943,-165.59878335587717,-7.07586919292142,372.841,39.45274296681913,-1.874443838447636,341.84,2665591,1787645605,2026-08-25T08:13:25Z,NYSE:GE
15.836356196095869,-26.978850569108943,-165.59878335587717,-7.07586919292142,372.841,39.45274296681913,-1.874443838447636,341.84,2665591,1787645783,2026-08-25T08:16:23Z,NYSE:GE
15.836356196095869,-26.978850569108943,-165.59878335587717,-7.07586919292142,372.841,39.45274296681913,-1.874443838447636,341.84,2665591,1787645960,2026-08-25T08:19:20Z,NYSE:GE
15.836356196095869,-26.978850569108943,-165.59878335587717,-7.07586919292142,372.841,39.45274296681913,-1.874443838447636,341.84,2665591,1787646144,2026-08-25T08:22:24Z,NYSE:GE
15.836356196095869,-26.978850569108943,-165.59878335587717,-7.07586919292142,372.841,39.45274296681913,-1.874443838447636,341.84,2665591,1787646323,2026-08-25T08:25:23Z,NYSE:GE
15.836356196095869,-26.978850569108943,-165.59878335587717,-7.07586919292142,372.841,39.45274296681913,-1.874443838447636,341.84,2665591,1787646503,2026-08-25T08:28:23Z,NYSE:GE
15.836356196095869,-26.978850569108943,-165.59878335587717,-7.07586919292142,372.841,39.45274296681913,-1.874443838447636,341.84,2665591,1787646682,2026-08-25T08:31:22Z,NYSE:GE
15.836356196095869,-26.978850569108943,-165.59878335587717,-7.07586919292142,372.841,39.45274296681913,-1.874443838447636,341.84,2665591,1787646861,2026-08-25T08:34:21Z,NYSE:GE
15.836356196095869,-26.978850569108943,-165.59878335587717,-7.07586919292142,372.841,39.45274296681913,-1.874443838447636,341.84,2665591,1787647044,2026-08-25T08:37:24Z,NYSE:GE
15.836356196095869,-26.978850569108943,-165.59878335587717,-7.07586919292142,372.841,39.45274296681913,-1.874443838447636,341.84,2665591,1787647224,2026-08-25T08:40:24Z,NYSE:GE
15.836356196095869,-26.978850569108943,-165.59878335587717,-7.07586919292142,372.841,39.45274296681913,-1.874443838447636,341.84,2665591,1787647406,2026-08-25T08:43:26Z,NYSE:GE
15.836356196095869,-26.978850569108943,-165.59878335587717,-7.07586919292142,372.841,39.45274296681913,-1.874443838447636,341.84,2665591,1787647582,2026-08-25T08:46:22Z,NYSE:GE
15.836356196095869,-26.978850569108943,-165.59878335587717,-7.07586919292142,372.841,39.45274296681913,-1.874443838447636,341.84,2665591,1787647759,2026-08-25T08:49:19Z,NYSE:GE
15.836356196095869,-26.978850569108943,-165.59878335587717,-7.07586919292142,372.841,39.45274296681913,-1.874443838447636,341.84,2665591,1787647941,2026-08-25T08:52:21Z,NYSE:GE
15.836356196095869,-26.978850569108943,-165.59878335587717,-7.07586919292142,372.841,39.45274296681913,-1.874443838447636,341.84,2665591,1787648118,2026-08-25T08:55:18Z,NYSE:GE
15.836356196095869,-26.978850569108943,-165.59878335587717,-7.07586919292142,372.841,39.45274296681913,-1.874443838447636,341.84,2665591,1787648307,2026-08-25T08:58:27Z,NYSE:GE
15.836356196095869,-26.978850569108943,-165.59878335587717,-7.07586919292142,372.841,39.45274296681913,-1.874443838447636,341.84,2665591,1787648482,2026-08-25T09:01:22Z,NYSE:GE
15.836356196095869,-26.978850569108943,-165.59878335587717,-7.07586919292142,372.841,39.45274296681913,-1.874443838447636,341.84,2665591,1787648666,2026-08-25T09:04:26Z,NYSE:GE
15.836356196095869,-26.978850569108943,-165.59878335587717,-7.07586919292142,372.841,39.45274296681913,-1.874443838447636,341.84,2665591,1787648844,2026-08-25T09:07:24Z,NYSE:GE
15.836356196095869,-26.978850569108943,-165.59878335587717,-7.07586919292142,372.841,39.45274296681913,-1.874443838447636,341.84,2665591,1787649016,2026-08-25T09:10:16Z,NYSE:GE
15.836356196095869,-26.978850569108943,-165.59878335587717,-7.07586919292142,372.841,39.45274296681913,-1.874443838447636,341.84,2665591,1787649205,2026-08-25T09:13:25Z,NYSE:GE
15.836356196095869,-26.978850569108943,-165.59878335587717,-7.07586919292142,372.841,39.45274296681913,-1.874443838447636,341.84,2665591,1787649382,2026-08-25T09:16:22Z,NYSE:GE
15.836356196095869,-26.978850569108943,-165.59878335587717,-7.07586919292142,372.841,39.45274296681913,-1.874443838447636,341.84,2665591,1787649562,2026-08-25T09:19:22Z,NYSE:GE
15.836356196095869,-26.978850569108943,-165.59878335587717,-7.07586919292142,372.841,39.45274296681913,-1.874443838447636,341.84,2665591,1787649739,2026-08-25T09:22:19Z,NYSE:GE
15.836356196095869,-26.978850569108943,-165.59878335587717,-7.07586919292142,372.841,39.45274296681913,-1.874443838447636,341.84,2665591,1787649920,2026-08-25T09:25:20Z,NYSE:GE
15.836356196095869,-26.978850569108943,-165.59878335587717,-7.07586919292142,372.841,39.45274296681913,-1.874443838447636,341.84,2665591,1787650107,2026-08-25T09:28:27Z,NYSE:GE
15.836356196095869,-26.978850569108943,-165.59878335587717,-7.07586919292142,372.841,39.45274296681913,-1.874443838447636,341.84,2665591,1787650283,2026-08-25T09:31:23Z,NYSE:GE
15.836356196095869,-26.978850569108943,-165.59878335587717,-7.07586919292142,372.841,39.45274296681913,-1.874443838447636,341.84,2665591,1787650464,2026-08-25T09:34:24Z,NYSE:GE
15.836356196095869,-26.978850569108943,-165.59878335587717,-7.07586919292142,372.841,39.45274296681913,-1.874443838447636,341.84,2665591,1787650641,2026-08-25T09:37:21Z,NYSE:GE
15.836356196095869,-26.978850569108943,-165.59878335587717,-7.07586919292142,372.841,39.45274296681913,-1.874443838447636,341.84,2665591,1787650821,2026-08-25T09:40:21Z,NYSE:GE
15.836356196095869,-26.978850569108943,-165.59878335587717,-7.07586919292142,372.841,39.45274296681913,-1.874443838447636,341.84,2665591,1787651000,2026-08-25T09:43:20Z,NYSE:GE
15.836356196095869,-26.978850569108943,-165.59878335587717,-7.07586919292142,372.841,39.45274296681913,-1.874443838447636,341.84,2665591,1787651185,2026-08-25T09:46:25Z,NYSE:GE
15.836356196095869,-26.978850569108943,-165.59878335587717,-7.07586919292142,372.841,39.45274296681913,-1.874443838447636,341.84,2665591,1787651360,2026-08-25T09:49:20Z,NYSE:GE
15.836356196095869,-26.978850569108943,-165.59878335587717,-7.07586919292142,372.841,39.45274296681913,-1.874443838447636,341.84,2665591,1787651538,2026-08-25T09:52:18Z,NYSE:GE
15.836356196095869,-26.978850569108943,-165.59878335587717,-7.07586919292142,372.841,39.45274296681913,-1.874443838447636,341.84,2665591,1787651722,2026-08-25T09:55:22Z,NYSE:GE
15.836356196095869,-26.978850569108943,-165.59878335587717,-7.07586919292142,372.841,39.45274296681913,-1.874443838447636,341.84,2665591,1787651902,2026-08-25T09:58:22Z,NYSE:GE
15.836356196095869,-26.978850569108943,-165.59878335587717,-7.07586919292142,372.841,39.45274296681913,-1.874443838447636,341.84,2665591,1787652085,2026-08-25T10:01:25Z,NYSE:GE
15.836356196095869,-26.978850569108943,-165.59878335587717,-7.07586919292142,372.841,39.45274296681913,-1.874443838447636,341.84,2665591,1787652262,2026-08-25T10:04:22Z,NYSE:GE
15.836356196095869,-26.978850569108943,-165.59878335587717,-7.07586919292142,372.841,39.45274296681913,-1.874443838447636,341.84,2665591,1787652445,2026-08-25T10:07:25Z,NYSE:GE
15.836356196095869,-26.978850569108943,-165.59878335587717,-7.07586919292142,372.841,39.45274296681913,-1.874443838447636,341.84,2665591,1787652627,2026-08-25T10:10:27Z,NYSE:GE
15.836356196095869,-26.978850569108943,-165.59878335587717,-7.07586919292142,372.841,39.45274296681913,-1.874443838447636,341.84,2665591,1787652803,2026-08-25T10:13:23Z,NYSE:GE
15.836356196095869,-26.978850569108943,-165.59878335587717,-7.07586919292142,372.841,39.45274296681913,-1.874443838447636,341.84,2665591,1787652982,2026-08-25T10:16:22Z,NYSE:GE
15.836356196095869,-26.978850569108943,-165.59878335587717,-7.07586919292142,372.841,39.45274296681913,-1.874443838447636,341.84,2665591,1787653165,2026-08-25T10:19:25Z,NYSE:GE
15.836356196095869,-26.978850569108943,-165.59878335587717,-7.07586919292142,372.841,39.45274296681913,-1.874443838447636,341.84,2665591,1787653342,2026-08-25T10:22:22Z,NYSE:GE
15.836356196095869,-26.978850569108943,-165.59878335587717,-7.07586919292142,372.841,39.45274296681913,-1.874443838447636,341.84,2665591,1787653522,2026-08-25T10:25:22Z,NYSE:GE
15.836356196095869,-26.978850569108943,-165.59878335587717,-7.07586919292142,372.841,39.45274296681913,-1.874443838447636,341.84,2665591,1787653706,2026-08-25T10:28:26Z,NYSE:GE
15.836356196095869,-26.978850569108943,-165.59878335587717,-7.07586919292142,372.841,39.45274296681913,-1.874443838447636,341.84,2665591,1787653883,2026-08-25T10:31:23Z,NYSE:GE
15.836356196095869,-26.978850569108943,-165.59878335587717,-7.07586919292142,372.841,39.45274296681913,-1.874443838447636,341.84,2665591,1787654068,2026-08-25T10:34:28Z,NYSE:GE
15.836356196095869,-26.978850569108943,-165.59878335587717,-7.07586919292142,372.841,39.45274296681913,-1.874443838447636,341.84,2665591,1787654240,2026-08-25T10:37:20Z,NYSE:GE
15.836356196095869,-26.978850569108943,-165.59878335587717,-7.07586919292142,372.841,39.45274296681913,-1.874443838447636,341.84,2665591,1787654423,2026-08-25T10:40:23Z,NYSE:GE
15.836356196095869,-26.978850569108943,-165.59878335587717,-7.07586919292142,372.841,39.45274296681913,-1.874443838447636,341.84,2665591,1787654604,2026-08-25T10:43:24Z,NYSE:GE
15.836356196095869,-26.978850569108943,-165.59878335587717,-7.07586919292142,372.841,39.45274296681913,-1.874443838447636,341.84,2665591,1787654783,2026-08-25T10:46:23Z,NYSE:GE
15.836356196095869,-26.978850569108943,-165.59878335587717,-7.07586919292142,372.841,39.45274296681913,-1.874443838447636,341.84,2665591,1787654960,2026-08-25T10:49:20Z,NYSE:GE
15.836356196095869,-26.978850569108943,-165.59878335587717,-7.07586919292142,372.841,39.45274296681913,-1.874443838447636,341.84,2665591,1787655147,2026-08-25T10:52:27Z,NYSE:GE
15.836356196095869,-26.978850569108943,-165.59878335587717,-7.07586919292142,372.841,39.45274296681913,-1.874443838447636,341.84,2665591,1787655323,2026-08-25T10:55:23Z,NYSE:GE
15.836356196095869,-26.978850569108943,-165.59878335587717,-7.07586919292142,372.841,39.45274296681913,-1.874443838447636,341.84,2665591,1787655502,2026-08-25T10:58:22Z,NYSE:GE
15.836356196095869,-26.978850569108943,-165.59878335587717,-7.07586919292142,372.841,39.45274296681913,-1.874443838447636,341.84,2665591,1787655678,2026-08-25T11:01:18Z,NYSE:GE
15.836356196095869,-26.978850569108943,-165.59878335587717,-7.07586919292142,372.841,39.45274296681913,-1.874443838447636,341.84,2665591,1787655862,2026-08-25T11:04:22Z,NYSE:GE
15.836356196095869,-26.978850569108943,-165.59878335587717,-7.07586919292142,372.841,39.45274296681913,-1.874443838447636,341.84,2665591,1787656044,2026-08-25T11:07:24Z,NYSE:GE
15.836356196095869,-26.978850569108943,-165.59878335587717,-7.07586919292142,372.841,39.45274296681913,-1.874443838447636,341.84,2665591,1787656220,2026-08-25T11:10:20Z,NYSE:GE
15.836356196095869,-26.978850569108943,-165.59878335587717,-7.07586919292142,372.841,39.45274296681913,-1.874443838447636,341.84,2665591,1787656398,2026-08-25T11:13:18Z,NYSE:GE
15.836356196095869,-26.978850569108943,-165.59878335587717,-7.07586919292142,372.841,39.45274296681913,-1.874443838447636,341.84,2665591,1787656585,2026-08-25T11:16:25Z,NYSE:GE
15.836356196095869,-26.978850569108943,-165.59878335587717,-7.07586919292142,372.841,39.45274296681913,-1.874443838447636,341.84,2665591,1787656764,2026-08-25T11:19:24Z,NYSE:GE
15.836356196095869,-26.978850569108943,-165.59878335587717,-7.07586919292142,372.841,39.45274296681913,-1.874443838447636,341.84,2665591,1787656944,2026-08-25T11:22:24Z,NYSE:GE
15.836356196095869,-26.978850569108943,-165.59878335587717,-7.07586919292142,372.841,39.45274296681913,-1.874443838447636,341.84,2665591,1787657121,2026-08-25T11:25:21Z,NYSE:GE
15.836356196095869,-26.978850569108943,-165.59878335587717,-7.07586919292142,372.841,39.45274296681913,-1.874443838447636,341.84,2665591,1787657300,2026-08-25T11:28:20Z,NYSE:GE
15.836356196095869,-26.978850569108943,-165.59878335587717,-7.07586919292142,372.841,39.45274296681913,-1.874443838447636,341.84,2665591,1787657481,2026-08-25T11:31:21Z,NYSE:GE
15.836356196095869,-26.978850569108943,-165.59878335587717,-7.07586919292142,372.841,39.45274296681913,-1.874443838447636,341.84,2665591,1787657662,2026-08-25T11:34:22Z,NYSE:GE
15.836356196095869,-26.978850569108943,-165.59878335587717,-7.07586919292142,372.841,39.45274296681913,-1.874443838447636,341.84,2665591,1787657842,2026-08-25T11:37:22Z,NYSE:GE
15.836356196095869,-26.978850569108943,-165.59878335587717,-7.07586919292142,372.841,39.45274296681913,-1.874443838447636,341.84,2665591,1787658023,2026-08-25T11:40:23Z,NYSE:GE
15.836356196095869,-26.978850569108943,-165.59878335587717,-7.07586919292142,372.841,39.45274296681913,-1.874443838447636,341.84,2665591,1787658202,2026-08-25T11:43:22Z,NYSE:GE
15.836356196095869,-26.978850569108943,-165.59878335587717,-7.07586919292142,372.841,39.45274296681913,-1.874443838447636,341.84,2665591,1787658382,2026-08-25T11:46:22Z,NYSE:GE
15.836356196095869,-26.978850569108943,-165.59878335587717,-7.07586919292142,372.841,39.45274296681913,-1.874443838447636,341.84,2665591,1787658562,2026-08-25T11:49:22Z,NYSE:GE
15.836356196095869,-26.978850569108943,-165.59878335587717,-7.07586919292142,372.841,39.45274296681913,-1.874443838447636,341.84,2665591,1787658743,2026-08-25T11:52:23Z,NYSE:GE
15.836356196095869,-26.978850569108943,-165.59878335587717,-7.07586919292142,372.841,39.45274296681913,-1.874443838447636,341.84,2665591,1787658925,2026-08-25T11:55:25Z,NYSE:GE
15.836356196095869,-26.978850569108943,-165.59878335587717,-7.07586919292142,372.841,39.45274296681913,-1.874443838447636,341.84,2665591,1787659101,2026-08-25T11:58:21Z,NYSE:GE
15.836356196095869,-26.978850569108943,-165.59878335587717,-7.07586919292142,372.841,39.45274296681913,-1.874443838447636,341.84,2665591,1787659281,2026-08-25T12:01:21Z,NYSE:GE
15.836356196095869,-26.978850569108943,-165.59878335587717,-7.07586919292142,372.841,39.45274296681913,-1.874443838447636,341.84,2665591,1787659465,2026-08-25T12:04:25Z,NYSE:GE
15.836356196095869,-26.978850569108943,-165.59878335587717,-7.07586919292142,372.841,39.45274296681913,-1.874443838447636,341.84,2665591,1787659643,2026-08-25T12:07:23Z,NYSE:GE
15.836356196095869,-26.978850569108943,-165.59878335587717,-7.07586919292142,372.841,39.45274296681913,-1.874443838447636,341.84,2665591,1787659825,2026-08-25T12:10:25Z,NYSE:GE
15.836356196095869,-26.978850569108943,-165.59878335587717,-7.07586919292142,372.841,39.45274296681913,-1.874443838447636,341.84,2665591,1787660006,2026-08-25T12:13:26Z,NYSE:GE
15.836356196095869,-26.978850569108943,-165.59878335587717,-7.07586919292142,372.841,39.45274296681913,-1.874443838447636,341.84,2665591,1787660188,2026-08-25T12:16:28Z,NYSE:GE
15.836356196095869,-26.978850569108943,-165.59878335587717,-7.07586919292142,372.841,39.45274296681913,-1.874443838447636,341.84,2665591,1787660364,2026-08-25T12:19:24Z,NYSE:GE
15.836356196095869,-26.978850569108943,-165.59878335587717,-7.07586919292142,372.841,39.45274296681913,-1.874443838447636,341.84,2665591,1787660545,2026-08-25T12:22:25Z,NYSE:GE
15.836356196095869,-26.978850569108943,-165.59878335587717,-7.07586919292142,372.841,39.45274296681913,-1.874443838447636,341.84,2665591,1787660724,2026-08-25T12:25:24Z,NYSE:GE
15.836356196095869,-26.978850569108943,-165.59878335587717,-7.07586919292142,372.841,39.45274296681913,-1.874443838447636,341.84,2665591,1787660900,2026-08-25T12:28:20Z,NYSE:GE
15.836356196095869,-26.978850569108943,-165.59878335587717,-7.07586919292142,372.841,39.45274296681913,-1.874443838447636,341.84,2665591,1787661084,2026-08-25T12:31:24Z,NYSE:GE
15.836356196095869,-26.978850569108943,-165.59878335587717,-7.07586919292142,372.841,39.45274296681913,-1.874443838447636,341.84,2665591,1787661263,2026-08-25T12:34:23Z,NYSE:GE
15.836356196095869,-26.978850569108943,-165.59878335587717,-7.07586919292142,372.841,39.45274296681913,-1.874443838447636,341.84,2665591,1787661445,2026-08-25T12:37:25Z,NYSE:GE
15.836356196095869,-26.978850569108943,-165.59878335587717,-7.07586919292142,372.841,39.45274296681913,-1.874443838447636,341.84,2665591,1787661625,2026-08-25T12:40:25Z,NYSE:GE
15.836356196095869,-26.978850569108943,-165.59878335587717,-7.07586919292142,372.841,39.45274296681913,-1.874443838447636,341.84,2665591,1787661802,2026-08-25T12:43:22Z,NYSE:GE
15.836356196095869,-26.978850569108943,-165.59878335587717,-7.07586919292142,372.841,39.45274296681913,-1.874443838447636,341.84,2665591,1787661985,2026-08-25T12:46:25Z,NYSE:GE
15.836356196095869,-26.978850569108943,-165.59878335587717,-7.07586919292142,372.841,39.45274296681913,-1.874443838447636,341.84,2665591,1787662162,2026-08-25T12:49:22Z,NYSE:GE
15.836356196095869,-26.978850569108943,-165.59878335587717,-7.07586919292142,372.841,39.45274296681913,-1.874443838447636,341.84,2665591,1787662342,2026-08-25T12:52:22Z,NYSE:GE
15.836356196095869,-26.978850569108943,-165.59878335587717,-7.07586919292142,372.841,39.45274296681913,-1.874443838447636,341.84,2665591,1787662523,2026-08-25T12:55:23Z,NYSE:GE
15.836356196095869,-26.978850569108943,-165.59878335587717,-7.07586919292142,372.841,39.45274296681913,-1.874443838447636,341.84,2665591,1787662701,2026-08-25T12:58:21Z,NYSE:GE
15.836356196095869,-26.978850569108943,-165.59878335587717,-7.07586919292142,372.841,39.45274296681913,-1.874443838447636,341.84,2665591,1787662886,2026-08-25T13:01:26Z,NYSE:GE
15.836356196095869,-26.978850569108943,-165.59878335587717,-7.07586919292142,372.841,39.45274296681913,-1.874443838447636,341.84,2665591,1787663063,2026-08-25T13:04:23Z,NYSE:GE
15.836356196095869,-26.978850569108943,-165.59878335587717,-7.07586919292142,372.841,39.45274296681913,-1.874443838447636,341.84,2665591,1787663241,2026-08-25T13:07:21Z,NYSE:GE
15.836356196095869,-26.978850569108943,-165.59878335587717,-7.07586919292142,372.841,39.45274296681913,-1.874443838447636,341.84,2665591,1787663424,2026-08-25T13:10:24Z,NYSE:GE
15.836356196095869,-26.978850569108943,-165.59878335587717,-7.07586919292142,372.841,39.45274296681913,-1.874443838447636,341.84,2665591,1787663608,2026-08-25T13:13:28Z,NYSE:GE
15.836356196095869,-26.978850569108943,-165.59878335587717,-7.07586919292142,372.841,39.45274296681913,-1.874443838447636,341.84,2665591,1787663781,2026-08-25T13:16:21Z,NYSE:GE
15.836356196095869,-26.978850569108943,-165.59878335587717,-7.07586919292142,372.841,39.45274296681913,-1.874443838447636,341.84,2665591,1787663965,2026-08-25T13:19:25Z,NYSE:GE
15.836356196095869,-26.978850569108943,-165.59878335587717,-7.07586919292142,372.841,39.45274296681913,-1.874443838447636,341.84,2665591,1787664144,2026-08-25T13:22:24Z,NYSE:GE
15.836356196095869,-26.978850569108943,-165.59878335587717,-7.07586919292142,372.841,39.45274296681913,-1.874443838447636,341.84,2665591,1787664327,2026-08-25T13:25:27Z,NYSE:GE
15.836356196095869,-26.978850569108943,-165.59878335587717,-7.07586919292142,372.841,39.45274296681913,-1.874443838447636,341.84,2665591,1787664504,2026-08-25T13:28:24Z,NYSE:GE
15.836356196095869,-26.978850569108943,-165.59878335587717,-7.07586919292142,372.841,39.45274296681913,-1.874443838447636,341.84,2665591,1787664685,2026-08-25T13:31:25Z,NYSE:GE
15.836356196095869,-26.978850569108943,-165.59878335587717,-7.07586919292142,372.841,39.45274296681913,-1.874443838447636,341.84,2665591,1787664866,2026-08-25T13:34:26Z,NYSE:GE
15.836356196095869,-26.978850569108943,-165.59878335587717,-7.07586919292142,372.841,39.45274296681913,-1.874443838447636,341.84,2665591,1787665042,2026-08-25T13:37:22Z,NYSE:GE
15.836356196095869,-26.978850569108943,-165.59878335587717,-7.07586919292142,372.841,39.45274296681913,-1.874443838447636,341.84,2665591,1787665222,2026-08-25T13:40:22Z,NYSE:GE
15.836356196095869,-26.978850569108943,-165.59878335587717,-7.07586919292142,372.841,39.45274296681913,-1.874443838447636,341.84,2665591,1787665411,2026-08-25T13:43:31Z,NYSE:GE
16.658126609218566,-18.3954433449506,-119.06421173547903,-5.539807571751748,372.841,42.80716200219898,1.382225602621116,346.565,68730,1787665584,2026-08-25T13:46:24Z,NYSE:GE
16.602950331237132,-18.424014773521947,-114.40550552921508,-5.0641881762926175,372.841,43.95389392774268,1.89269833840394,348.31,101896,1787665764,2026-08-25T13:49:24Z,NYSE:GE
16.602950331237132,-18.22544334495052,-115.87178650711992,-5.253618250701839,372.841,43.50272714801517,1.6893868476480327,347.615,143479,1787665945,2026-08-25T13:52:25Z,NYSE:GE
16.602950331237132,-18.001871916379116,-120.20407590741674,-5.738777290195975,372.841,42.31339866361953,1.1686754036976377,345.835,181003,1787666124,2026-08-25T13:55:24Z,NYSE:GE
16.602950331237132,-18.397586202093407,-121.3518487416536,-5.771484641173107,372.841,42.231415002367456,1.1335712614088465,345.715,202511,1787666302,2026-08-25T13:58:22Z,NYSE:GE
16.602950331237132,-18.56615763066486,-123.49445639804632,-5.954100684128751,372.841,41.76935592469571,0.9375731336297805,345.045,225825,1787666482,2026-08-25T14:01:22Z,NYSE:GE
16.602950331237132,-19.163300487807646,-125.22489436104254,-6.004524516885163,372.841,41.64046732415341,0.8834542476012283,344.86,239057,1787666670,2026-08-25T14:04:30Z,NYSE:GE
16.602950331237132,-19.67330048780764,-121.51858472467816,-5.518002671100331,372.841,42.86075961875984,1.4056283641469716,346.645,265572,1787666846,2026-08-25T14:07:26Z,NYSE:GE
16.602950331237132,-19.63187191637905,-121.82065616444535,-5.557524053531028,372.841,42.76353984372724,1.3632108588813554,346.5,277218,1787667026,2026-08-25T14:10:26Z,NYSE:GE
16.602950331237132,-19.48615763066482,-122.88170824787476,-5.696530295183837,372.841,42.418950454931725,1.2140182541540003,345.99,292400,1787667205,2026-08-25T14:13:25Z,NYSE:GE
16.602950331237132,-19.583300487807605,-122.1745833291966,-5.603859467415302,372.841,42.64913588984105,1.3134799906388983,346.33,322788,1787667383,2026-08-25T14:16:23Z,NYSE:GE
16.602950331237132,-19.60472905923621,-122.018468988425,-5.583417373054598,372.841,42.69966454903652,1.335420079569389,346.405,350063,1787667562,2026-08-25T14:19:22Z,NYSE:GE
16.602950331237132,-19.6147290592362,-121.9455994226656,-5.573877729019594,372.841,42.72321413242379,1.3456587877369597,346.44,363309,1787667744,2026-08-25T14:22:24Z,NYSE:GE
16.602950331237132,-19.791871916379137,-120.65305509351477,-5.404889748971077,372.841,43.13719284059763,1.5270301895623763,347.06,378567,1787667924,2026-08-25T14:25:24Z,NYSE:GE
16.602950331237132,-19.82330048780761,-120.42339366225276,-5.374908010575369,372.841,43.210016433920366,1.559208986660438,347.17,404666,1787668104,2026-08-25T14:28:24Z,NYSE:GE
16.602950331237132,-19.94187191637912,-119.55602164940755,-5.261795088446131,372.841,43.48308872823792,1.6806108120758263,347.585,428606,1787668287,2026-08-25T14:31:27Z,NYSE:GE
16.602950331237132,-19.92830048780764,-119.6553731169514,-5.2747417482079,372.841,43.45196662673767,1.6667154224198597,347.5375,442251,1787668465,2026-08-25T14:34:25Z,NYSE:GE
16.602950331237132,-19.809014773521994,-120.52779790624564,-5.38853607348251,372.841,43.17693793746617,1.5445822607067723,347.12,463620,1787668648,2026-08-25T14:37:28Z,NYSE:GE
16.602950331237132,-19.73615763066482,-121.05993083919368,-5.458039194308915,372.841,43.00763641544295,1.4699859583430943,346.865,478930,1787668827,2026-08-25T14:40:27Z,NYSE:GE
16.602950331237132,-19.71472905923622,-121.21633600139428,-5.478481288669619,372.841,42.95764968585575,1.4480458694126042,346.79,489715,1787669004,2026-08-25T14:43:24Z,NYSE:GE
16.602950331237132,-19.54330048780764,-122.46587012215603,-5.642018043555287,372.841,42.554576902091256,1.272525157968647,346.19,528128,1787669186,2026-08-25T14:46:26Z,NYSE:GE
16.602950331237132,-19.40615763066478,-123.46331732903242,-5.77284744746382,372.841,42.22799395913314,1.1321085888134814,345.71,542957,1787669364,2026-08-25T14:49:24Z,NYSE:GE
16.602950331237132,-19.260443344950545,-124.52098848024934,-5.911853689116629,372.841,41.876906167629166,0.9829159840861263,345.2,564804,1787669546,2026-08-25T14:52:26Z,NYSE:GE
16.602950331237132,-19.32044334495049,-124.08574050569928,-5.854615824906638,372.841,42.02198722900011,1.0443482330915197,345.41,570742,1787669725,2026-08-25T14:55:25Z,NYSE:GE
16.602950331237132,-19.32330048780761,-124.06500520933028,-5.851890212325213,372.841,42.02887778733311,1.047273578282249,345.42,586736,1787669903,2026-08-25T14:58:23Z,NYSE:GE
16.602950331237132,-19.38330048780768,-123.62937056861496,-5.794652348115236,372.841,42.17320210970339,1.108705827287626,345.63,597634,1787670085,2026-08-25T15:01:25Z,NYSE:GE
16.602950331237132,-19.42615763066476,-123.31797672738504,-5.753768159393828,372.841,42.27585172295052,1.152586005148607,345.78,613093,1787670260,2026-08-25T15:04:20Z,NYSE:GE
16.602950331237132,-19.531871916379032,-122.54906464237988,-5.652920493881003,372.841,42.52750274949048,1.2608237772057111,346.15,624486,1787670443,2026-08-25T15:07:23Z,NYSE:GE
16.602950331237132,-19.529043344950537,-122.56965320949972,-5.655618850336605,372.841,42.52079795649946,1.257927685466898,346.1401,641874,1787670624,2026-08-25T15:10:24Z,NYSE:GE
16.602950331237132,-19.616157630664816,-121.93518864259532,-5.572514922728882,372.841,42.72657677854697,1.3471214603323245,346.445,649968,1787670803,2026-08-25T15:13:23Z,NYSE:GE
16.602950331237132,-19.57472905923624,-122.23701580920536,-5.612036305159577,372.841,42.6288994652982,1.3047039550667086,346.3,660637,1787670987,2026-08-25T15:16:27Z,NYSE:GE
16.602950331237132,-19.66615763066477,-121.5706786510984,-5.524816702553895,372.841,42.84402115800269,1.3983150011701468,346.62,671831,1787671163,2026-08-25T15:19:23Z,NYSE:GE
16.602950331237132,-19.61758620209332,-121.92477765198116,-5.571152116438169,372.841,42.729939029860105,1.3485841329276895,346.45,682488,1787671349,2026-08-25T15:22:29Z,NYSE:GE
16.602950331237132,-19.55472905923625,-122.38266214786822,-5.63111559322957,372.841,42.58162555851105,1.284226538731583,346.23,697384,1787671525,2026-08-25T15:25:25Z,NYSE:GE
16.602950331237132,-19.493300487807687,-122.82974686245326,-5.689716263730274,372.841,42.43593877333729,1.2213316171308248,346.015,708043,1787671705,2026-08-25T15:28:25Z,NYSE:GE
16.602950331237132,-19.5375862020934,-122.50746906382226,-5.647469268718138,372.841,42.54104301506606,1.2666744675871873,346.17,722178,1787671887,2026-08-25T15:31:27Z,NYSE:GE
16.602950331237132,-19.526157630664784,-122.59065685823715,-5.658371719043853,372.841,42.51395610085422,1.2549730868242512,346.13,730864,1787672067,2026-08-25T15:34:27Z,NYSE:GE
16.602950331237132,-19.61187191637908,-121.96642035119449,-5.57660334160102,372.841,42.71648765546912,1.3427334425462298,346.43,739301,1787672245,2026-08-25T15:37:25Z,NYSE:GE
16.602950331237132,-19.429014773522,-123.29721042953103,-5.7510425468123865,372.841,42.28268207448176,1.1555113503393537,345.79,750614,1787672431,2026-08-25T15:40:31Z,NYSE:GE
16.602950331237132,-19.44758620209336,-123.16220904442164,-5.733326065033108,372.841,42.32703998908255,1.174526094079114,345.855,782179,1787672603,2026-08-25T15:43:23Z,NYSE:GE
16.602950331237132,-19.461871916379096,-123.058337699611,-5.719698002125981,372.841,42.361115093617954,1.1891528200327632,345.905,791069,1787672781,2026-08-25T15:46:21Z,NYSE:GE
16.602950331237132,-19.518300487807664,-122.64784066513124,-5.665867153642772,372.841,42.49531902834425,1.2469283875497443,346.1025,801426,1787672969,2026-08-25T15:49:29Z,NYSE:GE
16.602950331237132,-19.470443344950468,-122.99600482000112,-5.71152116438169,372.841,42.3815408357906,1.1979288556049694,345.935,823324,1787673147,2026-08-25T15:52:27Z,NYSE:GE
16.602950331237132,-19.30044334495051,-124.23086414951854,-5.873695112976645,372.841,41.97370741707983,1.0238708167563773,345.34,834709,1787673328,2026-08-25T15:55:28Z,NYSE:GE
16.602950331237132,-19.4075862020934,-123.45293722015111,-5.771484641173107,372.841,42.231415002367456,1.1335712614088465,345.715,846252,1787673508,2026-08-25T15:58:28Z,NYSE:GE
16.602950331237132,-19.50327191637905,-122.75719998822004,-5.680203875821093,372.841,42.459637708124,1.2315410718464794,346.0499,854244,1787673684,2026-08-25T16:01:24Z,NYSE:GE
16.602950331237132,-19.557586202093376,-122.361858051717,-5.628389980648144,372.841,42.58838374305776,1.2871518839223128,346.24,866151,1787673867,2026-08-25T16:04:27Z,NYSE:GE
16.602950331237132,-19.53330048780765,-122.15377081940888,-5.65155768759029,372.841,42.65587819263297,1.262286449801076,346.155,882629,1787674043,2026-08-25T16:07:23Z,NYSE:GE
16.602950331237132,-19.58318620209343,-122.17541581208243,-5.603968491918548,372.841,42.64886616475151,1.3133629768312816,346.3296,889034,1787674230,2026-08-25T16:10:30Z,NYSE:GE
16.602950331237132,-19.72615763066483,-121.1329258238836,-5.467578838343918,372.841,42.98432018171451,1.4597472501755235,346.83,896946,1787674406,2026-08-25T16:13:26Z,NYSE:GE
16.602950331237132,-19.777586202093403,-120.75741283583844,-5.4185178118782185,372.841,43.10402942977371,1.5124034636087107,347.01,919152,1787674583,2026-08-25T16:16:23Z,NYSE:GE
16.602950331237132,-19.813300487807624,-120.4964788531427,-5.384447654610373,372.841,43.18686553181845,1.548970278492867,347.135,929301,1787674762,2026-08-25T16:19:22Z,NYSE:GE
16.602950331237132,-19.75715763066478,-120.90660770210664,-5.438005941835431,372.841,43.05653848642751,1.491487245494969,346.9385,942638,1787674944,2026-08-25T16:22:24Z,NYSE:GE
16.602950331237132,-19.79044334495052,-120.66349181863906,-5.40625255526179,372.841,43.13387823933676,1.5255675169670115,347.055,953985,1787675122,2026-08-25T16:25:22Z,NYSE:GE
16.602950331237132,-19.77187191637904,-120.79915001688934,-5.423969037041069,372.841,43.09075323167842,1.5065527732272508,346.99,960160,1787675307,2026-08-25T16:28:27Z,NYSE:GE
16.602950331237132,-19.74187191637907,-121.01821477569553,-5.452587969146064,372.841,43.02095141749759,1.4758366487245542,346.885,971215,1787675485,2026-08-25T16:31:25Z,NYSE:GE
16.602950331237132,-19.67330048780764,-121.51858472467816,-5.518002671100331,372.841,42.86075961875984,1.4056283641469716,346.645,976567,1787675663,2026-08-25T16:34:23Z,NYSE:GE
16.602950331237132,-19.643300487807664,-121.73734381041344,-5.546621603205312,372.841,42.79039212016235,1.3749122396442914,346.54,986926,1787675847,2026-08-25T16:37:27Z,NYSE:GE
16.602950331237132,-19.69472905923624,-121.36227132209552,-5.497560576739612,372.841,42.91091622919961,1.4275684530774786,346.72,994535,1787676023,2026-08-25T16:40:23Z,NYSE:GE
16.602950331237132,-19.66901477352189,-121.54984171288166,-5.522091089972469,372.841,42.85071771898164,1.401240346360877,346.63,1000474,1787676208,2026-08-25T16:43:28Z,NYSE:GE
16.602950331237132,-19.66044334495052,-121.6123499983563,-5.530267927716745,372.841,42.830623326858,1.3924643107886872,346.6,1007082,1787676390,2026-08-25T16:46:30Z,NYSE:GE
16.602950331237132,-19.6575862020934,-121.63318440750024,-5.532993540298185,372.841,42.82392205558824,1.3895389655979409,346.59,1015201,1787676566,2026-08-25T16:49:26Z,NYSE:GE
16.602950331237132,-19.59472905923621,-122.09132823997456,-5.592957017089586,372.841,42.67609559267008,1.325181371401834,346.37,1030333,1787676744,2026-08-25T16:52:24Z,NYSE:GE
16.602950331237132,-19.59187191637909,-122.1121432748489,-5.595682629671011,372.841,42.66935804348873,1.3222560262111045,346.36,1045924,1787676925,2026-08-25T16:55:25Z,NYSE:GE
16.602950331237132,-19.627586202093426,-121.85189482187724,-5.561612472403166,372.841,42.75346374020919,1.3588228410952603,346.485,1055809,1787677109,2026-08-25T16:58:29Z,NYSE:GE
16.602950331237132,-19.61187191637908,-121.96642035119449,-5.57660334160102,372.841,42.71648765546912,1.3427334425462298,346.43,1062084,1787677286,2026-08-25T17:01:26Z,NYSE:GE
16.602950331237132,-19.59472905923621,-122.09132823997456,-5.592957017089586,372.841,42.67609559267008,1.325181371401834,346.37,1072947,1787677470,2026-08-25T17:04:30Z,NYSE:GE
16.602950331237132,-19.626157630664807,-121.86230728648718,-5.562975278693878,372.841,42.75010425062048,1.3573601684998955,346.48,1082172,1787677646,2026-08-25T17:07:26Z,NYSE:GE
16.602950331237132,-19.663300487807646,-121.5915147462397,-5.527542315135319,372.841,42.83732302747877,1.395389655979417,346.61,1097806,1787677825,2026-08-25T17:10:25Z,NYSE:GE
16.602950331237132,-19.77187191637904,-120.79915001688934,-5.423969037041069,372.841,43.09075323167842,1.5065527732272508,346.99,1110398,1787678009,2026-08-25T17:13:29Z,NYSE:GE
16.602950331237132,-19.75330048780768,-120.93477251509424,-5.441685518820348,372.841,43.04756276579396,1.4875380294874905,346.925,1122179,1787678190,2026-08-25T17:16:30Z,NYSE:GE
16.602950331237132,-19.78615763066477,-120.69480072607732,-5.410340974133928,372.841,43.123932116603584,1.5211794991809169,347.04,1129401,1787678365,2026-08-25T17:19:25Z,NYSE:GE
16.602950331237132,-19.856157630664825,-120.18318363612504,-5.343563465888948,372.841,43.28595101787528,1.5928504563538646,347.285,1136718,1787678543,2026-08-25T17:22:23Z,NYSE:GE
16.602950331237132,-19.817586202093366,-120.46515789717834,-5.380359235738235,372.841,43.19678965786367,1.5533582962789618,347.15,1145256,1787678729,2026-08-25T17:25:29Z,NYSE:GE
16.602950331237132,-19.81472905923624,-120.48603874592526,-5.38308484831966,372.841,43.19017395911121,1.5504329510882318,347.14,1153600,1787678909,2026-08-25T17:28:29Z,NYSE:GE
16.602950331237132,-19.760443344950545,-120.88261423974458,-5.434871487366785,372.841,43.06418223947173,1.4948513924643148,346.95,1168417,1787679088,2026-08-25T17:31:28Z,NYSE:GE
16.602950331237132,-19.75330048780768,-120.93477251509424,-5.441685518820348,372.841,43.04756276579396,1.4875380294874905,346.925,1179175,1787679268,2026-08-25T17:34:28Z,NYSE:GE
16.602950331237132,-19.589014773521967,-122.13295746797634,-5.598408242252437,372.841,42.66261891032924,1.3193306810203744,346.35,1201259,1787679446,2026-08-25T17:37:26Z,NYSE:GE
16.602950331237132,-19.55772905923618,-122.36081782482964,-5.628253700019076,372.841,42.58872161052455,1.2872981511818462,346.2405,1211622,1787679627,2026-08-25T17:40:27Z,NYSE:GE
16.602950331237132,-19.623586202093406,-121.88104919210156,-5.565428330017167,372.841,42.74405617561843,1.3547273578282322,346.471,1220618,1787679804,2026-08-25T17:43:24Z,NYSE:GE
16.602950331237132,-19.67615763066476,-121.4977456785499,-5.515277058518906,372.841,42.86745225828911,1.4085537093377014,346.655,1229916,1787679985,2026-08-25T17:46:25Z,NYSE:GE
16.602950331237132,-19.7347290592362,-121.07035932734529,-5.459402000599628,372.841,43.00430669253439,1.4685232857477295,346.86,1240514,1787680167,2026-08-25T17:49:27Z,NYSE:GE
16.602950331237132,-19.75758620209342,-120.9034781834142,-5.437597099948211,372.841,43.05753561408418,1.4919260472735851,346.94,1251581,1787680347,2026-08-25T17:52:27Z,NYSE:GE
16.602950331237132,-19.795414773522,-120.62717110325208,-5.401509989370103,372.841,43.14541138456524,1.5306576175988886,347.0724,1264835,1787680525,2026-08-25T17:55:25Z,NYSE:GE
16.602950331237132,-19.75187191637906,-120.94520353666056,-5.443048325111061,372.841,43.044237706702994,1.4860753568921252,346.92,1279370,1787680703,2026-08-25T17:58:23Z,NYSE:GE
16.602950331237132,-19.73044334495057,-121.10164352537076,-5.463490419471765,372.841,42.99431518896994,1.4641352679616348,346.845,1285481,1787680889,2026-08-25T18:01:29Z,NYSE:GE
16.602950331237132,-19.64187191637905,-121.74775859193312,-5.547984409496024,372.841,42.78703696355647,1.3734495670489266,346.535,1292470,1787681067,2026-08-25T18:04:27Z,NYSE:GE
16.602950331237132,-19.674729059236256,-121.50816530701783,-5.516639864809618,372.841,42.864106134510834,1.4070910367423364,346.65,1303394,1787681248,2026-08-25T18:07:28Z,NYSE:GE
16.602950331237132,-19.680443344950504,-121.46648552823832,-5.511188639646753,372.841,42.877488278476186,1.4129417271238127,346.67,1310880,1787681426,2026-08-25T18:10:26Z,NYSE:GE
16.602950331237132,-19.81187191637912,-120.50691874893036,-5.3858104609010855,372.841,43.183556719158254,1.547507605897502,347.13,1321508,1787681606,2026-08-25T18:13:26Z,NYSE:GE
16.602950331237132,-19.76330048780767,-120.8617494513082,-5.43214587478536,372.841,43.07082731338188,1.4977767376550446,346.96,1329891,1787681786,2026-08-25T18:16:26Z,NYSE:GE
16.602950331237132,-19.64901477352192,-121.69568257760484,-5.541170378042461,372.841,42.803808812360046,1.3807629300257511,346.56,1347565,1787681967,2026-08-25T18:19:27Z,NYSE:GE
16.602950331237132,-19.644729059236283,-121.7269288182272,-5.545258796914599,372.841,42.79374688327644,1.3763749122396565,346.545,1360914,1787682146,2026-08-25T18:22:26Z,NYSE:GE
16.602950331237132,-19.74758620209332,-120.9764953344661,-5.447136743983214,372.841,43.03426019949541,1.481687339106014,346.905,1371915,1787682329,2026-08-25T18:25:29Z,NYSE:GE
16.602950331237132,-19.829014773521976,-120.381626043744,-5.369456785412519,372.841,43.22323705163224,1.565059677041898,347.19,1382142,1787682511,2026-08-25T18:28:31Z,NYSE:GE
16.602950331237132,-19.839014773521967,-120.308524568368,-5.359917141377515,372.841,43.24635832704208,1.5752983852094689,347.225,1390316,1787682685,2026-08-25T18:31:25Z,NYSE:GE
16.602950331237132,-19.86330048780769,-120.13094925440063,-5.336749434435386,372.841,43.30243167318056,1.600163819330689,347.31,1399872,1787682869,2026-08-25T18:34:29Z,NYSE:GE
16.602950331237132,-19.90330048780765,-119.83833890982228,-5.298590858295402,372.841,43.39454662354202,1.6411186520009402,347.45,1407402,1787683045,2026-08-25T18:37:25Z,NYSE:GE
16.602950331237132,-19.95758620209336,-119.44095920376206,-5.2468042192482764,372.841,43.51908207539659,1.696700210624857,347.64,1419790,1787683223,2026-08-25T18:40:23Z,NYSE:GE
16.602950331237132,-19.89187191637905,-119.92195880596972,-5.309493308621103,372.841,43.368258622638784,1.629417271238021,347.41,1430601,1787683408,2026-08-25T18:43:28Z,NYSE:GE
16.602950331237132,-19.930443344950504,-119.63968731495206,-5.272697538771831,372.841,43.45688292129893,1.668909431312907,347.545,1441027,1787683583,2026-08-25T18:46:23Z,NYSE:GE
16.602950331237132,-19.894729059236283,-119.90105510275794,-5.306767696039677,372.841,43.37483291166383,1.632342616428751,347.42,1449333,1787683767,2026-08-25T18:49:27Z,NYSE:GE
16.602950331237132,-19.7890147735219,-120.67392833243578,-5.407615361552502,372.841,43.13056325162918,1.5241048443716467,347.05,1457009,1787683944,2026-08-25T18:52:24Z,NYSE:GE
16.602950331237132,-19.80044334495051,-120.59043030456245,-5.3967129112268015,372.841,43.15707233656519,1.535806225134566,347.09,1466824,1787684125,2026-08-25T18:55:25Z,NYSE:GE
16.602950331237132,-19.83470048780771,-120.34006390467104,-5.364032816375476,372.841,43.23638545828202,1.5708811139714574,347.2099,1476834,1787684307,2026-08-25T18:58:27Z,NYSE:GE
16.602950331237132,-19.90044334495053,-119.85924515473548,-5.301316470876826,372.841,43.387976911584175,1.6381933068102106,347.44,1488487,1787684486,2026-08-25T19:01:26Z,NYSE:GE
16.602950331237132,-19.914729059236265,-119.7547054562887,-5.287688407969685,372.841,43.42081023040974,1.6528200327638762,347.49,1498497,1787684665,2026-08-25T19:04:25Z,NYSE:GE
16.602950331237132,-19.871871916379064,-120.06826101167972,-5.328572596691109,372.841,43.32219582060235,1.6089398549028786,347.34,1509783,1787684848,2026-08-25T19:07:28Z,NYSE:GE
16.602950331237132,-19.989014773521944,-119.21075731919316,-5.216822480852568,372.841,43.5909314083848,1.7288790077229186,347.75,1545808,1787685024,2026-08-25T19:10:24Z,NYSE:GE
16.602950331237132,-20.12901477352193,-118.18406373874616,-5.08326746436261,372.841,43.90877926067382,1.8722209220688144,348.24,1578012,1787685204,2026-08-25T19:13:24Z,NYSE:GE
16.602950331237132,-20.180443344950504,-117.8063979117453,-5.034206437896909,372.841,44.024641964077134,1.9248771355020016,348.42,1600498,1787685385,2026-08-25T19:16:25Z,NYSE:GE
16.602950331237132,-20.24758620209332,-117.3129185179653,-4.970154542233371,372.841,44.17518871480829,1.9936227474842028,348.655,1618086,1787685566,2026-08-25T19:19:26Z,NYSE:GE
16.602950331237132,-20.24901477352193,-117.3024138373404,-4.968791735942642,372.841,44.17838303951669,1.986309384507378,348.63,1632944,1787685745,2026-08-25T19:22:25Z,NYSE:GE
16.574178206984566,-20.13887191637906,-116.2203402557358,-4.883071220256755,372.841,44.37857404515395,2.087087526328108,348.9745,1663056,1787685927,2026-08-25T19:25:27Z,NYSE:GE
16.56129041401071,-19.9740147735219,-116.58233489374452,-4.9544822698901605,372.841,44.21190139141087,2.010443482330916,348.7125,1703952,1787686104,2026-08-25T19:28:24Z,NYSE:GE
16.56129041401071,-20.0333004878076,-116.14559471694014,-4.8979258088255255,372.841,44.34398567456449,2.0711443950386266,348.92,1737107,1787686287,2026-08-25T19:31:27Z,NYSE:GE
16.56129041401071,-20.05044334495045,-116.0192396898037,-4.881572133336959,372.841,44.38206222662186,2.104785864732053,349.035,1761131,1787686465,2026-08-25T19:34:25Z,NYSE:GE
16.53384821871375,-19.945086202093364,-114.97035669601908,-4.798440949603413,372.841,44.5748152731469,2.1779194945003657,349.285,1788839,1787686649,2026-08-25T19:37:29Z,NYSE:GE
16.508833603530753,-19.81430048780772,-114.25970571078652,-4.754831148300579,372.841,44.67539832488234,2.224725017552077,349.445,1805814,1787686824,2026-08-25T19:40:24Z,NYSE:GE
16.507985699690163,-19.81830048780768,-114.1730516180929,-4.745291504265575,372.841,44.69735222305669,2.234963725719648,349.48,1824601,1787687005,2026-08-25T19:43:25Z,NYSE:GE
16.453214583680744,-19.43544334495056,-113.29512746659618,-4.738477472812012,372.841,44.713022914479296,2.242277088696472,349.505,1850671,1787687188,2026-08-25T19:46:28Z,NYSE:GE
16.453214583680744,-19.28258620209334,-114.42663253713988,-4.884297745918384,372.841,44.37571975304213,2.0857711209922924,348.97,1886031,1787687363,2026-08-25T19:49:23Z,NYSE:GE
16.453214583680744,-19.41687191637908,-113.43273179302923,-4.756193954591292,372.841,44.672260630744056,2.223262344956712,349.44,1908210,1787687545,2026-08-25T19:52:25Z,NYSE:GE
16.453214583680744,-19.48687191637913,-112.91387887190903,-4.689416446346312,372.841,44.82559026028155,2.2949333021296594,349.685,1935194,1787687725,2026-08-25T19:55:25Z,NYSE:GE
16.453214583680744,-19.4740147735219,-113.0092172681153,-4.701681702962741,372.841,44.79749141946896,2.2817692487713583,349.64,1956152,1787687904,2026-08-25T19:58:24Z,NYSE:GE
16.44415120372738,-19.49615763066481,-112.22480370263249,-4.618550519229195,372.841,44.98738065996896,2.370992277088702,349.945,1985868,1787688088,2026-08-25T20:01:28Z,NYSE:GE
16.44415120372738,-19.301871916379127,-113.66551757603274,-4.803892174766279,372.841,44.80998332569299,2.287619939152835,349.66,2029408,1787688267,2026-08-25T20:04:27Z,NYSE:GE
16.44415120372738,-19.434729059236247,-112.68075574945064,-4.677151189729884,372.841,44.85366051024959,2.3080973554879605,349.73,2096470,1787688450,2026-08-25T20:07:30Z,NYSE:GE
16.442758477422245,-19.46472905923622,-112.36269187509878,-4.6389926135899,372.841,44.94080781128975,2.349052188158211,349.87,2137706,1787688627,2026-08-25T20:10:27Z,NYSE:GE
16.442758477422245,-19.350443344950577,-113.2104297472352,-4.7480171168470005,372.841,44.69108145882925,2.232038380528918,349.47,2220217,1787688804,2026-08-25T20:13:24Z,NYSE:GE
16.442758477422245,-19.37044334495056,-113.06217548107,-4.728937828777008,372.841,44.73494696835843,2.2525157968640435,349.54,3083007,1787688983,2026-08-25T20:16:23Z,NYSE:GE
16.442758477422245,-19.37044334495056,-113.06217548107,-4.728937828777008,372.841,44.73494696835843,2.2525157968640435,349.54,3083335,1787689167,2026-08-25T20:19:27Z,NYSE:GE
16.442758477422245,-19.37044334495056,-113.06217548107,-4.728937828777008,372.841,44.73494696835843,2.2525157968640435,349.54,3090617,1787689348,2026-08-25T20:22:28Z,NYSE:GE
16.442758477422245,-19.37044334495056,-113.06217548107,-4.728937828777008,372.841,44.73494696835843,2.2525157968640435,349.54,3090623,1787689525,2026-08-25T20:25:25Z,NYSE:GE
16.442758477422245,-19.37044334495056,-113.06217548107,-4.728937828777008,372.841,44.73494696835843,2.2525157968640435,349.54,3132180,1787689704,2026-08-25T20:28:24Z,NYSE:GE
16.442758477422245,-19.37044334495056,-113.06217548107,-4.728937828777008,372.841,44.73494696835843,2.2525157968640435,349.54,3132431,1787689884,2026-08-25T20:31:24Z,NYSE:GE
16.442758477422245,-19.37044334495056,-113.06217548107,-4.728937828777008,372.841,44.73494696835843,2.2525157968640435,349.54,3132853,1787690059,2026-08-25T20:34:19Z,NYSE:GE
16.442758477422245,-19.37044334495056,-113.06217548107,-4.728937828777008,372.841,44.73494696835843,2.2525157968640435,349.54,3132876,1787690247,2026-08-25T20:37:27Z,NYSE:GE
16.442758477422245,-19.37044334495056,-113.06217548107,-4.728937828777008,372.841,44.73494696835843,2.2525157968640435,349.54,3132879,1787690422,2026-08-25T20:40:22Z,NYSE:GE
16.442758477422245,-19.37044334495056,-113.06217548107,-4.728937828777008,372.841,44.73494696835843,2.2525157968640435,349.54,3132883,1787690604,2026-08-25T20:43:24Z,NYSE:GE
16.442758477422245,-19.37044334495056,-113.06217548107,-4.728937828777008,372.841,44.73494696835843,2.2525157968640435,349.54,3132883,1787690789,2026-08-25T20:46:29Z,NYSE:GE
16.442758477422245,-19.37044334495056,-113.06217548107,-4.728937828777008,372.841,44.73494696835843,2.2525157968640435,349.54,3132921,1787690969,2026-08-25T20:49:29Z,NYSE:GE
16.442758477422245,-19.37044334495056,-113.06217548107,-4.728937828777008,372.841,44.73494696835843,2.2525157968640435,349.54,3132928,1787691148,2026-08-25T20:52:28Z,NYSE:GE
16.442758477422245,-19.37044334495056,-113.06217548107,-4.728937828777008,372.841,44.73494696835843,2.2525157968640435,349.54,3132928,1787691328,2026-08-25T20:55:28Z,NYSE:GE
16.442758477422245,-19.37044334495056,-113.06217548107,-4.728937828777008,372.841,44.73494696835843,2.2525157968640435,349.54,3133055,1787691506,2026-08-25T20:58:26Z,NYSE:GE
16.442758477422245,-19.37044334495056,-113.06217548107,-4.728937828777008,372.841,44.73494696835843,2.2525157968640435,349.54,3133057,1787691689,2026-08-25T21:01:29Z,NYSE:GE
16.442758477422245,-19.37044334495056,-113.06217548107,-4.728937828777008,372.841,44.73494696835843,2.2525157968640435,349.54,3133163,1787691868,2026-08-25T21:04:28Z,NYSE:GE
16.442758477422245,-19.37044334495056,-113.06217548107,-4.728937828777008,372.841,44.73494696835843,2.2525157968640435,349.54,3133179,1787692043,2026-08-25T21:07:23Z,NYSE:GE
16.442758477422245,-19.37044334495056,-113.06217548107,-4.728937828777008,372.841,44.73494696835843,2.2525157968640435,349.54,3133180,1787692225,2026-08-25T21:10:25Z,NYSE:GE
16.442758477422245,-19.37044334495056,-113.06217548107,-4.728937828777008,372.841,44.73494696835843,2.2525157968640435,349.54,3133184,1787692407,2026-08-25T21:13:27Z,NYSE:GE
16.442758477422245,-19.37044334495056,-113.06217548107,-4.728937828777008,372.841,44.73494696835843,2.2525157968640435,349.54,3133239,1787692587,2026-08-25T21:16:27Z,NYSE:GE
16.442758477422245,-19.37044334495056,-113.06217548107,-4.728937828777008,372.841,44.73494696835843,2.2525157968640435,349.54,3133239,1787692765,2026-08-25T21:19:25Z,NYSE:GE
16.442758477422245,-19.37044334495056,-113.06217548107,-4.728937828777008,372.841,44.73494696835843,2.2525157968640435,349.54,3133242,1787692942,2026-08-25T21:22:22Z,NYSE:GE
16.442758477422245,-19.37044334495056,-113.06217548107,-4.728937828777008,372.841,44.73494696835843,2.2525157968640435,349.54,3133304,1787693123,2026-08-25T21:25:23Z,NYSE:GE
16.442758477422245,-19.37044334495056,-113.06217548107,-4.728937828777008,372.841,44.73494696835843,2.2525157968640435,349.54,3133322,1787693307,2026-08-25T21:28:27Z,NYSE:GE
16.442758477422245,-19.37044334495056,-113.06217548107,-4.728937828777008,372.841,44.73494696835843,2.2525157968640435,349.54,3133322,1787693482,2026-08-25T21:31:22Z,NYSE:GE
16.442758477422245,-19.37044334495056,-113.06217548107,-4.728937828777008,372.841,44.73494696835843,2.2525157968640435,349.54,3133326,1787693666,2026-08-25T21:34:26Z,NYSE:GE
16.442758477422245,-19.37044334495056,-113.06217548107,-4.728937828777008,372.841,44.73494696835843,2.2525157968640435,349.54,3133344,1787693845,2026-08-25T21:37:25Z,NYSE:GE
16.442758477422245,-19.37044334495056,-113.06217548107,-4.728937828777008,372.841,44.73494696835843,2.2525157968640435,349.54,3133394,1787694026,2026-08-25T21:40:26Z,NYSE:GE
16.442758477422245,-19.37044334495056,-113.06217548107,-4.728937828777008,372.841,44.73494696835843,2.2525157968640435,349.54,3133400,1787694209,2026-08-25T21:43:29Z,NYSE:GE
16.442758477422245,-19.37044334495056,-113.06217548107,-4.728937828777008,372.841,44.73494696835843,2.2525157968640435,349.54,3133402,1787694384,2026-08-25T21:46:24Z,NYSE:GE
16.442758477422245,-19.37044334495056,-113.06217548107,-4.728937828777008,372.841,44.73494696835843,2.2525157968640435,349.54,3133402,1787694563,2026-08-25T21:49:23Z,NYSE:GE
16.442758477422245,-19.37044334495056,-113.06217548107,-4.728937828777008,372.841,44.73494696835843,2.2525157968640435,349.54,3133404,1787694750,2026-08-25T21:52:30Z,NYSE:GE
16.442758477422245,-19.37044334495056,-113.06217548107,-4.728937828777008,372.841,44.73494696835843,2.2525157968640435,349.54,3133408,1787694923,2026-08-25T21:55:23Z,NYSE:GE
16.442758477422245,-19.37044334495056,-113.06217548107,-4.728937828777008,372.841,44.73494696835843,2.2525157968640435,349.54,3133408,1787695103,2026-08-25T21:58:23Z,NYSE:GE
16.442758477422245,-19.37044334495056,-113.06217548107,-4.728937828777008,372.841,44.73494696835843,2.2525157968640435,349.54,3133410,1787695281,2026-08-25T22:01:21Z,NYSE:GE
16.442758477422245,-19.37044334495056,-113.06217548107,-4.728937828777008,372.841,44.73494696835843,2.2525157968640435,349.54,3133568,1787695462,2026-08-25T22:04:22Z,NYSE:GE
16.442758477422245,-19.37044334495056,-113.06217548107,-4.728937828777008,372.841,44.73494696835843,2.2525157968640435,349.54,3133568,1787695646,2026-08-25T22:07:26Z,NYSE:GE
16.442758477422245,-19.37044334495056,-113.06217548107,-4.728937828777008,372.841,44.73494696835843,2.2525157968640435,349.54,3133568,1787695820,2026-08-25T22:10:20Z,NYSE:GE
16.442758477422245,-19.37044334495056,-113.06217548107,-4.728937828777008,372.841,44.73494696835843,2.2525157968640435,349.54,3133568,1787696001,2026-08-25T22:13:21Z,NYSE:GE
16.442758477422245,-19.37044334495056,-113.06217548107,-4.728937828777008,372.841,44.73494696835843,2.2525157968640435,349.54,3133568,1787696182,2026-08-25T22:16:22Z,NYSE:GE
16.442758477422245,-19.37044334495056,-113.06217548107,-4.728937828777008,372.841,44.73494696835843,2.2525157968640435,349.54,3134756,1787696364,2026-08-25T22:19:24Z,NYSE:GE
16.442758477422245,-19.37044334495056,-113.06217548107,-4.728937828777008,372.841,44.73494696835843,2.2525157968640435,349.54,3134756,1787696543,2026-08-25T22:22:23Z,NYSE:GE
16.442758477422245,-19.37044334495056,-113.06217548107,-4.728937828777008,372.841,44.73494696835843,2.2525157968640435,349.54,3134756,1787696723,2026-08-25T22:25:23Z,NYSE:GE
16.442758477422245,-19.37044334495056,-113.06217548107,-4.728937828777008,372.841,44.73494696835843,2.2525157968640435,349.54,3134770,1787696899,2026-08-25T22:28:19Z,NYSE:GE
16.442758477422245,-19.37044334495056,-113.06217548107,-4.728937828777008,372.841,44.73494696835843,2.2525157968640435,349.54,3134953,1787697083,2026-08-25T22:31:23Z,NYSE:GE
16.442758477422245,-19.37044334495056,-113.06217548107,-4.728937828777008,372.841,44.73494696835843,2.2525157968640435,349.54,3134997,1787697266,2026-08-25T22:34:26Z,NYSE:GE
16.442758477422245,-19.37044334495056,-113.06217548107,-4.728937828777008,372.841,44.73494696835843,2.2525157968640435,349.54,3135003,1787697443,2026-08-25T22:37:23Z,NYSE:GE
16.442758477422245,-19.37044334495056,-113.06217548107,-4.728937828777008,372.841,44.73494696835843,2.2525157968640435,349.54,3135003,1787697619,2026-08-25T22:40:19Z,NYSE:GE
16.442758477422245,-19.37044334495056,-113.06217548107,-4.728937828777008,372.841,44.73494696835843,2.2525157968640435,349.54,3135003,1787697803,2026-08-25T22:43:23Z,NYSE:GE
16.442758477422245,-19.37044334495056,-113.06217548107,-4.728937828777008,372.841,44.73494696835843,2.2525157968640435,349.54,3135003,1787697984,2026-08-25T22:46:24Z,NYSE:GE
16.442758477422245,-19.37044334495056,-113.06217548107,-4.728937828777008,372.841,44.73494696835843,2.2525157968640435,349.54,3135005,1787698158,2026-08-25T22:49:18Z,NYSE:GE
16.442758477422245,-19.37044334495056,-113.06217548107,-4.728937828777008,372.841,44.73494696835843,2.2525157968640435,349.54,3135006,1787698342,2026-08-25T22:52:22Z,NYSE:GE
16.442758477422245,-19.37044334495056,-113.06217548107,-4.728937828777008,372.841,44.73494696835843,2.2525157968640435,349.54,3135021,1787698519,2026-08-25T22:55:19Z,NYSE:GE
16.442758477422245,-19.37044334495056,-113.06217548107,-4.728937828777008,372.841,44.73494696835843,2.2525157968640435,349.54,3135031,1787698699,2026-08-25T22:58:19Z,NYSE:GE
16.442758477422245,-19.37044334495056,-113.06217548107,-4.728937828777008,372.841,44.73494696835843,2.2525157968640435,349.54,3135038,1787698885,2026-08-25T23:01:25Z,NYSE:GE
16.442758477422245,-19.37044334495056,-113.06217548107,-4.728937828777008,372.841,44.73494696835843,2.2525157968640435,349.54,3135072,1787699063,2026-08-25T23:04:23Z,NYSE:GE
16.442758477422245,-19.37044334495056,-113.06217548107,-4.728937828777008,372.841,44.73494696835843,2.2525157968640435,349.54,3135073,1787699243,2026-08-25T23:07:23Z,NYSE:GE
16.442758477422245,-19.37044334495056,-113.06217548107,-4.728937828777008,372.841,44.73494696835843,2.2525157968640435,349.54,3135078,1787699420,2026-08-25T23:10:20Z,NYSE:GE
16.442758477422245,-19.37044334495056,-113.06217548107,-4.728937828777008,372.841,44.73494696835843,2.2525157968640435,349.54,3135192,1787699600,2026-08-25T23:13:20Z,NYSE:GE
16.442758477422245,-19.37044334495056,-113.06217548107,-4.728937828777008,372.841,44.73494696835843,2.2525157968640435,349.54,3135309,1787699782,2026-08-25T23:16:22Z,NYSE:GE
16.442758477422245,-19.37044334495056,-113.06217548107,-4.728937828777008,372.841,44.73494696835843,2.2525157968640435,349.54,3135309,1787699962,2026-08-25T23:19:22Z,NYSE:GE
16.442758477422245,-19.37044334495056,-113.06217548107,-4.728937828777008,372.841,44.73494696835843,2.2525157968640435,349.54,3135309,1787700144,2026-08-25T23:22:24Z,NYSE:GE
16.442758477422245,-19.37044334495056,-113.06217548107,-4.728937828777008,372.841,44.73494696835843,2.2525157968640435,349.54,3135312,1787700322,2026-08-25T23:25:22Z,NYSE:GE
16.442758477422245,-19.37044334495056,-113.06217548107,-4.728937828777008,372.841,44.73494696835843,2.2525157968640435,349.54,3135312,1787700505,2026-08-25T23:28:25Z,NYSE:GE
16.442758477422245,-19.37044334495056,-113.06217548107,-4.728937828777008,372.841,44.73494696835843,2.2525157968640435,349.54,3135362,1787700680,2026-08-25T23:31:20Z,NYSE:GE
16.442758477422245,-19.37044334495056,-113.06217548107,-4.728937828777008,372.841,44.73494696835843,2.2525157968640435,349.54,3135362,1787700861,2026-08-25T23:34:21Z,NYSE:GE
16.442758477422245,-19.37044334495056,-113.06217548107,-4.728937828777008,372.841,44.73494696835843,2.2525157968640435,349.54,3135362,1787701046,2026-08-25T23:37:26Z,NYSE:GE
16.442758477422245,-19.37044334495056,-113.06217548107,-4.728937828777008,372.841,44.73494696835843,2.2525157968640435,349.54,3135362,1787701222,2026-08-25T23:40:22Z,NYSE:GE
16.442758477422245,-19.37044334495056,-113.06217548107,-4.728937828777008,372.841,44.73494696835843,2.2525157968640435,349.54,3135362,1787701402,2026-08-25T23:43:22Z,NYSE:GE
16.442758477422245,-19.37044334495056,-113.06217548107,-4.728937828777008,372.841,44.73494696835843,2.2525157968640435,349.54,3135374,1787701582,2026-08-25T23:46:22Z,NYSE:GE
16.442758477422245,-19.37044334495056,-113.06217548107,-4.728937828777008,372.841,44.73494696835843,2.2525157968640435,349.54,3135374,1787701761,2026-08-25T23:49:21Z,NYSE:GE
16.442758477422245,-19.37044334495056,-113.06217548107,-4.728937828777008,372.841,44.73494696835843,2.2525157968640435,349.54,3135374,1787701940,2026-08-25T23:52:20Z,NYSE:GE
16.442758477422245,-19.37044334495056,-113.06217548107,-4.728937828777008,372.841,44.73494696835843,2.2525157968640435,349.54,3135374,1787702125,2026-08-25T23:55:25Z,NYSE:GE
16.442758477422245,-19.37044334495056,-113.06217548107,-4.728937828777008,372.841,44.73494696835843,2.2525157968640435,349.54,3135380,1787702302,2026-08-25T23:58:22Z,NYSE:GE
16.442758477422245,-19.37044334495056,-113.06217548107,-4.728937828777008,372.841,44.73494696835843,2.2525157968640435,349.54,3135396,1787702482,2026-08-26T00:01:22Z,NYSE:GE
16.442758477422245,-19.37044334495056,-113.06217548107,-4.728937828777008,372.841,44.73494696835843,2.2525157968640435,349.54,3135397,1787702661,2026-08-26T00:04:21Z,NYSE:GE
16.442758477422245,-19.37044334495056,-113.06217548107,-4.728937828777008,372.841,44.73494696835843,2.2525157968640435,349.54,3135397,1787702843,2026-08-26T00:07:23Z,NYSE:GE
16.442758477422245,-19.37044334495056,-113.06217548107,-4.728937828777008,372.841,44.73494696835843,2.2525157968640435,349.54,3135397,1787703021,2026-08-26T00:10:21Z,NYSE:GE
16.442758477422245,-19.37044334495056,-113.06217548107,-4.728937828777008,372.841,44.73494696835843,2.2525157968640435,349.54,3135407,1787703199,2026-08-26T00:13:19Z,NYSE:GE
16.442758477422245,-19.37044334495056,-113.06217548107,-4.728937828777008,372.841,44.73494696835843,2.2525157968640435,349.54,3135495,1787703384,2026-08-26T00:16:24Z,NYSE:GE
16.442758477422245,-19.37044334495056,-113.06217548107,-4.728937828777008,372.841,44.73494696835843,2.2525157968640435,349.54,3135495,1787703559,2026-08-26T00:19:19Z,NYSE:GE
16.442758477422245,-19.37044334495056,-113.06217548107,-4.728937828777008,372.841,44.73494696835843,2.2525157968640435,349.54,3135495,1787703741,2026-08-26T00:22:21Z,NYSE:GE
16.442758477422245,-19.37044334495056,-113.06217548107,-4.728937828777008,372.841,44.73494696835843,2.2525157968640435,349.54,3135495,1787703922,2026-08-26T00:25:22Z,NYSE:GE
16.442758477422245,-19.37044334495056,-113.06217548107,-4.728937828777008,372.841,44.73494696835843,2.2525157968640435,349.54,3135495,1787704098,2026-08-26T00:28:18Z,NYSE:GE
16.442758477422245,-19.37044334495056,-113.06217548107,-4.728937828777008,372.841,44.73494696835843,2.2525157968640435,349.54,3135495,1787704282,2026-08-26T00:31:22Z,NYSE:GE
16.442758477422245,-19.37044334495056,-113.06217548107,-4.728937828777008,372.841,44.73494696835843,2.2525157968640435,349.54,3135495,1787704462,2026-08-26T00:34:22Z,NYSE:GE
16.442758477422245,-19.37044334495056,-113.06217548107,-4.728937828777008,372.841,44.73494696835843,2.2525157968640435,349.54,3135495,1787704645,2026-08-26T00:37:25Z,NYSE:GE
16.442758477422245,-19.37044334495056,-113.06217548107,-4.728937828777008,372.841,44.73494696835843,2.2525157968640435,349.54,3135495,1787704819,2026-08-26T00:40:19Z,NYSE:GE
16.442758477422245,-19.37044334495056,-113.06217548107,-4.728937828777008,372.841,44.73494696835843,2.2525157968640435,349.54,3135495,1787705003,2026-08-26T00:43:23Z,NYSE:GE
16.442758477422245,-19.37044334495056,-113.06217548107,-4.728937828777008,372.841,44.73494696835843,2.2525157968640435,349.54,3135495,1787705183,2026-08-26T00:46:23Z,NYSE:GE
16.442758477422245,-19.37044334495056,-113.06217548107,-4.728937828777008,372.841,44.73494696835843,2.2525157968640435,349.54,3135495,1787705361,2026-08-26T00:49:21Z,NYSE:GE
16.442758477422245,-19.37044334495056,-113.06217548107,-4.728937828777008,372.841,44.73494696835843,2.2525157968640435,349.54,3135495,1787705544,2026-08-26T00:52:24Z,NYSE:GE
16.442758477422245,-19.37044334495056,-113.06217548107,-4.728937828777008,372.841,44.73494696835843,2.2525157968640435,349.54,3135495,1787705720,2026-08-26T00:55:20Z,NYSE:GE
16.442758477422245,-19.37044334495056,-113.06217548107,-4.728937828777008,372.841,44.73494696835843,2.2525157968640435,349.54,3135495,1787705900,2026-08-26T00:58:20Z,NYSE:GE
16.442758477422245,-19.37044334495056,-113.06217548107,-4.728937828777008,372.841,44.73494696835843,2.2525157968640435,349.54,3135495,1787706082,2026-08-26T01:01:22Z,NYSE:GE
16.442758477422245,-19.37044334495056,-113.06217548107,-4.728937828777008,372.841,44.73494696835843,2.2525157968640435,349.54,3135495,1787706264,2026-08-26T01:04:24Z,NYSE:GE
16.442758477422245,-19.37044334495056,-113.06217548107,-4.728937828777008,372.841,44.73494696835843,2.2525157968640435,349.54,3135495,1787706442,2026-08-26T01:07:22Z,NYSE:GE
16.442758477422245,-19.37044334495056,-113.06217548107,-4.728937828777008,372.841,44.73494696835843,2.2525157968640435,349.54,3135495,1787706623,2026-08-26T01:10:23Z,NYSE:GE
16.442758477422245,-19.37044334495056,-113.06217548107,-4.728937828777008,372.841,44.73494696835843,2.2525157968640435,349.54,3135495,1787706799,2026-08-26T01:13:19Z,NYSE:GE
16.442758477422245,-19.37044334495056,-113.06217548107,-4.728937828777008,372.841,44.73494696835843,2.2525157968640435,349.54,3135495,1787706984,2026-08-26T01:16:24Z,NYSE:GE
16.442758477422245,-19.37044334495056,-113.06217548107,-4.728937828777008,372.841,44.73494696835843,2.2525157968640435,349.54,3135495,1787707163,2026-08-26T01:19:23Z,NYSE:GE
16.442758477422245,-19.37044334495056,-113.06217548107,-4.728937828777008,372.841,44.73494696835843,2.2525157968640435,349.54,3135495,1787707339,2026-08-26T01:22:19Z,NYSE:GE
16.442758477422245,-19.37044334495056,-113.06217548107,-4.728937828777008,372.841,44.73494696835843,2.2525157968640435,349.54,3135495,1787707523,2026-08-26T01:25:23Z,NYSE:GE
16.442758477422245,-19.37044334495056,-113.06217548107,-4.728937828777008,372.841,44.73494696835843,2.2525157968640435,349.54,3135495,1787707701,2026-08-26T01:28:21Z,NYSE:GE
16.442758477422245,-19.37044334495056,-113.06217548107,-4.728937828777008,372.841,44.73494696835843,2.2525157968640435,349.54,3135495,1787707885,2026-08-26T01:31:25Z,NYSE:GE
16.442758477422245,-19.37044334495056,-113.06217548107,-4.728937828777008,372.841,44.73494696835843,2.2525157968640435,349.54,3135495,1787708062,2026-08-26T01:34:22Z,NYSE:GE
16.442758477422245,-19.37044334495056,-113.06217548107,-4.728937828777008,372.841,44.73494696835843,2.2525157968640435,349.54,3135495,1787708243,2026-08-26T01:37:23Z,NYSE:GE
16.442758477422245,-19.37044334495056,-113.06217548107,-4.728937828777008,372.841,44.73494696835843,2.2525157968640435,349.54,3135495,1787708426,2026-08-26T01:40:26Z,NYSE:GE
16.442758477422245,-19.37044334495056,-113.06217548107,-4.728937828777008,372.841,44.73494696835843,2.2525157968640435,349.54,3135495,1787708605,2026-08-26T01:43:25Z,NYSE:GE
16.442758477422245,-19.37044334495056,-113.06217548107,-4.728937828777008,372.841,44.73494696835843,2.2525157968640435,349.54,3135495,1787708781,2026-08-26T01:46:21Z,NYSE:GE
16.442758477422245,-19.37044334495056,-113.06217548107,-4.728937828777008,372.841,44.73494696835843,2.2525157968640435,349.54,3135495,1787708962,2026-08-26T01:49:22Z,NYSE:GE
16.442758477422245,-19.37044334495056,-113.06217548107,-4.728937828777008,372.841,44.73494696835843,2.2525157968640435,349.54,3135495,1787709141,2026-08-26T01:52:21Z,NYSE:GE
16.442758477422245,-19.37044334495056,-113.06217548107,-4.728937828777008,372.841,44.73494696835843,2.2525157968640435,349.54,3135495,1787709321,2026-08-26T01:55:21Z,NYSE:GE
16.442758477422245,-19.37044334495056,-113.06217548107,-4.728937828777008,372.841,44.73494696835843,2.2525157968640435,349.54,3135495,1787709499,2026-08-26T01:58:19Z,NYSE:GE
16.442758477422245,-19.37044334495056,-113.06217548107,-4.728937828777008,372.841,44.73494696835843,2.2525157968640435,349.54,3135495,1787709684,2026-08-26T02:01:24Z,NYSE:GE
16.442758477422245,-19.37044334495056,-113.06217548107,-4.728937828777008,372.841,44.73494696835843,2.2525157968640435,349.54,3135495,1787709861,2026-08-26T02:04:21Z,NYSE:GE
16.442758477422245,-19.37044334495056,-113.06217548107,-4.728937828777008,372.841,44.73494696835843,2.2525157968640435,349.54,3135495,1787710043,2026-08-26T02:07:23Z,NYSE:GE
16.442758477422245,-19.37044334495056,-113.06217548107,-4.728937828777008,372.841,44.73494696835843,2.2525157968640435,349.54,3135495,1787710227,2026-08-26T02:10:27Z,NYSE:GE
16.442758477422245,-19.37044334495056,-113.06217548107,-4.728937828777008,372.841,44.73494696835843,2.2525157968640435,349.54,3135495,1787710403,2026-08-26T02:13:23Z,NYSE:GE
16.442758477422245,-19.37044334495056,-113.06217548107,-4.728937828777008,372.841,44.73494696835843,2.2525157968640435,349.54,3135495,1787710583,2026-08-26T02:16:23Z,NYSE:GE
16.442758477422245,-19.37044334495056,-113.06217548107,-4.728937828777008,372.841,44.73494696835843,2.2525157968640435,349.54,3135495,1787710761,2026-08-26T02:19:21Z,NYSE:GE
16.442758477422245,-19.37044334495056,-113.06217548107,-4.728937828777008,372.841,44.73494696835843,2.2525157968640435,349.54,3135495,1787710941,2026-08-26T02:22:21Z,NYSE:GE
16.442758477422245,-19.37044334495056,-113.06217548107,-4.728937828777008,372.841,44.73494696835843,2.2525157968640435,349.54,3135495,1787711122,2026-08-26T02:25:22Z,NYSE:GE
16.442758477422245,-19.37044334495056,-113.06217548107,-4.728937828777008,372.841,44.73494696835843,2.2525157968640435,349.54,3135495,1787711304,2026-08-26T02:28:24Z,NYSE:GE
16.442758477422245,-19.37044334495056,-113.06217548107,-4.728937828777008,372.841,44.73494696835843,2.2525157968640435,349.54,3135495,1787711482,2026-08-26T02:31:22Z,NYSE:GE
16.442758477422245,-19.37044334495056,-113.06217548107,-4.728937828777008,372.841,44.73494696835843,2.2525157968640435,349.54,3135495,1787711655,2026-08-26T02:34:15Z,NYSE:GE
16.442758477422245,-19.37044334495056,-113.06217548107,-4.728937828777008,372.841,44.73494696835843,2.2525157968640435,349.54,3135495,1787711842,2026-08-26T02:37:22Z,NYSE:GE
16.442758477422245,-19.37044334495056,-113.06217548107,-4.728937828777008,372.841,44.73494696835843,2.2525157968640435,349.54,3135495,1787712021,2026-08-26T02:40:21Z,NYSE:GE
16.442758477422245,-19.37044334495056,-113.06217548107,-4.728937828777008,372.841,44.73494696835843,2.2525157968640435,349.54,3135495,1787712202,2026-08-26T02:43:22Z,NYSE:GE
16.442758477422245,-19.37044334495056,-113.06217548107,-4.728937828777008,372.841,44.73494696835843,2.2525157968640435,349.54,3135495,1787712381,2026-08-26T02:46:21Z,NYSE:GE
16.442758477422245,-19.37044334495056,-113.06217548107,-4.728937828777008,372.841,44.73494696835843,2.2525157968640435,349.54,3135495,1787712565,2026-08-26T02:49:25Z,NYSE:GE
16.442758477422245,-19.37044334495056,-113.06217548107,-4.728937828777008,372.841,44.73494696835843,2.2525157968640435,349.54,3135495,1787712742,2026-08-26T02:52:22Z,NYSE:GE
16.442758477422245,-19.37044334495056,-113.06217548107,-4.728937828777008,372.841,44.73494696835843,2.2525157968640435,349.54,3135495,1787712922,2026-08-26T02:55:22Z,NYSE:GE
16.442758477422245,-19.37044334495056,-113.06217548107,-4.728937828777008,372.841,44.73494696835843,2.2525157968640435,349.54,3135495,1787713101,2026-08-26T02:58:21Z,NYSE:GE
16.442758477422245,-19.37044334495056,-113.06217548107,-4.728937828777008,372.841,44.73494696835843,2.2525157968640435,349.54,3135495,1787713281,2026-08-26T03:01:21Z,NYSE:GE
16.442758477422245,-19.37044334495056,-113.06217548107,-4.728937828777008,372.841,44.73494696835843,2.2525157968640435,349.54,3135495,1787713466,2026-08-26T03:04:26Z,NYSE:GE
16.442758477422245,-19.37044334495056,-113.06217548107,-4.728937828777008,372.841,44.73494696835843,2.2525157968640435,349.54,3135495,1787713646,2026-08-26T03:07:26Z,NYSE:GE
16.442758477422245,-19.37044334495056,-113.06217548107,-4.728937828777008,372.841,44.73494696835843,2.2525157968640435,349.54,3135495,1787713820,2026-08-26T03:10:20Z,NYSE:GE
16.442758477422245,-19.37044334495056,-113.06217548107,-4.728937828777008,372.841,44.73494696835843,2.2525157968640435,349.54,3135495,1787714003,2026-08-26T03:13:23Z,NYSE:GE
16.442758477422245,-19.37044334495056,-113.06217548107,-4.728937828777008,372.841,44.73494696835843,2.2525157968640435,349.54,3135495,1787714180,2026-08-26T03:16:20Z,NYSE:GE
16.442758477422245,-19.37044334495056,-113.06217548107,-4.728937828777008,372.841,44.73494696835843,2.2525157968640435,349.54,3135495,1787714365,2026-08-26T03:19:25Z,NYSE:GE
16.442758477422245,-19.37044334495056,-113.06217548107,-4.728937828777008,372.841,44.73494696835843,2.2525157968640435,349.54,3135495,1787714541,2026-08-26T03:22:21Z,NYSE:GE
16.442758477422245,-19.37044334495056,-113.06217548107,-4.728937828777008,372.841,44.73494696835843,2.2525157968640435,349.54,3135495,1787714724,2026-08-26T03:25:24Z,NYSE:GE
16.442758477422245,-19.37044334495056,-113.06217548107,-4.728937828777008,372.841,44.73494696835843,2.2525157968640435,349.54,3135495,1787714899,2026-08-26T03:28:19Z,NYSE:GE
16.442758477422245,-19.37044334495056,-113.06217548107,-4.728937828777008,372.841,44.73494696835843,2.2525157968640435,349.54,3135495,1787715083,2026-08-26T03:31:23Z,NYSE:GE
16.442758477422245,-19.37044334495056,-113.06217548107,-4.728937828777008,372.841,44.73494696835843,2.2525157968640435,349.54,3135495,1787715259,2026-08-26T03:34:19Z,NYSE:GE
16.442758477422245,-19.37044334495056,-113.06217548107,-4.728937828777008,372.841,44.73494696835843,2.2525157968640435,349.54,3135495,1787715443,2026-08-26T03:37:23Z,NYSE:GE
16.442758477422245,-19.37044334495056,-113.06217548107,-4.728937828777008,372.841,44.73494696835843,2.2525157968640435,349.54,3135495,1787715624,2026-08-26T03:40:24Z,NYSE:GE
16.442758477422245,-19.37044334495056,-113.06217548107,-4.728937828777008,372.841,44.73494696835843,2.2525157968640435,349.54,3135495,1787715804,2026-08-26T03:43:24Z,NYSE:GE
16.442758477422245,-19.37044334495056,-113.06217548107,-4.728937828777008,372.841,44.73494696835843,2.2525157968640435,349.54,3135495,1787715981,2026-08-26T03:46:21Z,NYSE:GE
16.442758477422245,-19.37044334495056,-113.06217548107,-4.728937828777008,372.841,44.73494696835843,2.2525157968640435,349.54,3135495,1787716162,2026-08-26T03:49:22Z,NYSE:GE
16.442758477422245,-19.37044334495056,-113.06217548107,-4.728937828777008,372.841,44.73494696835843,2.2525157968640435,349.54,3135495,1787716341,2026-08-26T03:52:21Z,NYSE:GE
16.442758477422245,-19.37044334495056,-113.06217548107,-4.728937828777008,372.841,44.73494696835843,2.2525157968640435,349.54,3135495,1787716518,2026-08-26T03:55:18Z,NYSE:GE
16.442758477422245,-19.37044334495056,-113.06217548107,-4.728937828777008,372.841,44.73494696835843,2.2525157968640435,349.54,3135495,1787716701,2026-08-26T03:58:21Z,NYSE:GE
16.442758477422245,-19.37044334495056,-113.06217548107,-4.728937828777008,372.841,44.73494696835843,2.2525157968640435,349.54,3135495,1787716879,2026-08-26T04:01:19Z,NYSE:GE
16.442758477422245,-19.37044334495056,-113.06217548107,-4.728937828777008,372.841,44.73494696835843,2.2525157968640435,349.54,3135495,1787717064,2026-08-26T04:04:24Z,NYSE:GE
16.442758477422245,-19.37044334495056,-113.06217548107,-4.728937828777008,372.841,44.73494696835843,2.2525157968640435,349.54,3135495,1787717243,2026-08-26T04:07:23Z,NYSE:GE
16.442758477422245,-19.37044334495056,-113.06217548107,-4.728937828777008,372.841,44.73494696835843,2.2525157968640435,349.54,3135495,1787717419,2026-08-26T04:10:19Z,NYSE:GE
16.442758477422245,-19.37044334495056,-113.06217548107,-4.728937828777008,372.841,44.73494696835843,2.2525157968640435,349.54,3135495,1787717602,2026-08-26T04:13:22Z,NYSE:GE
16.442758477422245,-19.37044334495056,-113.06217548107,-4.728937828777008,372.841,44.73494696835843,2.2525157968640435,349.54,3135495,1787717778,2026-08-26T04:16:18Z,NYSE:GE
16.442758477422245,-19.37044334495056,-113.06217548107,-4.728937828777008,372.841,44.73494696835843,2.2525157968640435,349.54,3135495,1787717959,2026-08-26T04:19:19Z,NYSE:GE
16.442758477422245,-19.37044334495056,-113.06217548107,-4.728937828777008,372.841,44.73494696835843,2.2525157968640435,349.54,3135495,1787718142,2026-08-26T04:22:22Z,NYSE:GE
16.442758477422245,-19.37044334495056,-113.06217548107,-4.728937828777008,372.841,44.73494696835843,2.2525157968640435,349.54,3135495,1787718322,2026-08-26T04:25:22Z,NYSE:GE
16.442758477422245,-19.37044334495056,-113.06217548107,-4.728937828777008,372.841,44.73494696835843,2.2525157968640435,349.54,3135495,1787718498,2026-08-26T04:28:18Z,NYSE:GE
16.442758477422245,-19.37044334495056,-113.06217548107,-4.728937828777008,372.841,44.73494696835843,2.2525157968640435,349.54,3135495,1787718680,2026-08-26T04:31:20Z,NYSE:GE
16.442758477422245,-19.37044334495056,-113.06217548107,-4.728937828777008,372.841,44.73494696835843,2.2525157968640435,349.54,3135495,1787718859,2026-08-26T04:34:19Z,NYSE:GE
16.442758477422245,-19.37044334495056,-113.06217548107,-4.728937828777008,372.841,44.73494696835843,2.2525157968640435,349.54,3135495,1787719041,2026-08-26T04:37:21Z,NYSE:GE
16.442758477422245,-19.37044334495056,-113.06217548107,-4.728937828777008,372.841,44.73494696835843,2.2525157968640435,349.54,3135495,1787719219,2026-08-26T04:40:19Z,NYSE:GE
16.442758477422245,-19.37044334495056,-113.06217548107,-4.728937828777008,372.841,44.73494696835843,2.2525157968640435,349.54,3135495,1787719402,2026-08-26T04:43:22Z,NYSE:GE
16.442758477422245,-19.37044334495056,-113.06217548107,-4.728937828777008,372.841,44.73494696835843,2.2525157968640435,349.54,3135495,1787719580,2026-08-26T04:46:20Z,NYSE:GE
16.442758477422245,-19.37044334495056,-113.06217548107,-4.728937828777008,372.841,44.73494696835843,2.2525157968640435,349.54,3135495,1787719759,2026-08-26T04:49:19Z,NYSE:GE
16.442758477422245,-19.37044334495056,-113.06217548107,-4.728937828777008,372.841,44.73494696835843,2.2525157968640435,349.54,3135495,1787719940,2026-08-26T04:52:20Z,NYSE:GE
16.442758477422245,-19.37044334495056,-113.06217548107,-4.728937828777008,372.841,44.73494696835843,2.2525157968640435,349.54,3135495,1787720125,2026-08-26T04:55:25Z,NYSE:GE
16.442758477422245,-19.37044334495056,-113.06217548107,-4.728937828777008,372.841,44.73494696835843,2.2525157968640435,349.54,3135495,1787720296,2026-08-26T04:58:16Z,NYSE:GE
16.442758477422245,-19.37044334495056,-113.06217548107,-4.728937828777008,372.841,44.73494696835843,2.2525157968640435,349.54,3135495,1787720482,2026-08-26T05:01:22Z,NYSE:GE
16.442758477422245,-19.37044334495056,-113.06217548107,-4.728937828777008,372.841,44.73494696835843,2.2525157968640435,349.54,3135495,1787720660,2026-08-26T05:04:20Z,NYSE:GE
16.442758477422245,-19.37044334495056,-113.06217548107,-4.728937828777008,372.841,44.73494696835843,2.2525157968640435,349.54,3135495,1787720841,2026-08-26T05:07:21Z,NYSE:GE
16.442758477422245,-19.37044334495056,-113.06217548107,-4.728937828777008,372.841,44.73494696835843,2.2525157968640435,349.54,3135495,1787721025,2026-08-26T05:10:25Z,NYSE:GE
16.442758477422245,-19.37044334495056,-113.06217548107,-4.728937828777008,372.841,44.73494696835843,2.2525157968640435,349.54,3135495,1787721202,2026-08-26T05:13:22Z,NYSE:GE
16.442758477422245,-19.37044334495056,-113.06217548107,-4.728937828777008,372.841,44.73494696835843,2.2525157968640435,349.54,3135495,1787721381,2026-08-26T05:16:21Z,NYSE:GE
16.442758477422245,-19.37044334495056,-113.06217548107,-4.728937828777008,372.841,44.73494696835843,2.2525157968640435,349.54,3135495,1787721561,2026-08-26T05:19:21Z,NYSE:GE
16.442758477422245,-19.37044334495056,-113.06217548107,-4.728937828777008,372.841,44.73494696835843,2.2525157968640435,349.54,3135495,1787721739,2026-08-26T05:22:19Z,NYSE:GE
16.442758477422245,-19.37044334495056,-113.06217548107,-4.728937828777008,372.841,44.73494696835843,2.2525157968640435,349.54,3135495,1787721922,2026-08-26T05:25:22Z,NYSE:GE
16.442758477422245,-19.37044334495056,-113.06217548107,-4.728937828777008,372.841,44.73494696835843,2.2525157968640435,349.54,3135495,1787722099,2026-08-26T05:28:19Z,NYSE:GE
16.442758477422245,-19.37044334495056,-113.06217548107,-4.728937828777008,372.841,44.73494696835843,2.2525157968640435,349.54,3135495,1787722282,2026-08-26T05:31:22Z,NYSE:GE
16.442758477422245,-19.37044334495056,-113.06217548107,-4.728937828777008,372.841,44.73494696835843,2.2525157968640435,349.54,3135495,1787722462,2026-08-26T05:34:22Z,NYSE:GE
16.442758477422245,-19.37044334495056,-113.06217548107,-4.728937828777008,372.841,44.73494696835843,2.2525157968640435,349.54,3135495,1787722644,2026-08-26T05:37:24Z,NYSE:GE
16.442758477422245,-19.37044334495056,-113.06217548107,-4.728937828777008,372.841,44.73494696835843,2.2525157968640435,349.54,3135495,1787722820,2026-08-26T05:40:20Z,NYSE:GE
16.442758477422245,-19.37044334495056,-113.06217548107,-4.728937828777008,372.841,44.73494696835843,2.2525157968640435,349.54,3135495,1787723002,2026-08-26T05:43:22Z,NYSE:GE
16.442758477422245,-19.37044334495056,-113.06217548107,-4.728937828777008,372.841,44.73494696835843,2.2525157968640435,349.54,3135495,1787723182,2026-08-26T05:46:22Z,NYSE:GE
16.442758477422245,-19.37044334495056,-113.06217548107,-4.728937828777008,372.841,44.73494696835843,2.2525157968640435,349.54,3135495,1787723357,2026-08-26T05:49:17Z,NYSE:GE
16.442758477422245,-19.37044334495056,-113.06217548107,-4.728937828777008,372.841,44.73494696835843,2.2525157968640435,349.54,3135495,1787723541,2026-08-26T05:52:21Z,NYSE:GE
16.442758477422245,-19.37044334495056,-113.06217548107,-4.728937828777008,372.841,44.73494696835843,2.2525157968640435,349.54,3135495,1787723724,2026-08-26T05:55:24Z,NYSE:GE
16.442758477422245,-19.37044334495056,-113.06217548107,-4.728937828777008,372.841,44.73494696835843,2.2525157968640435,349.54,3135495,1787723900,2026-08-26T05:58:20Z,NYSE:GE
16.442758477422245,-19.37044334495056,-113.06217548107,-4.728937828777008,372.841,44.73494696835843,2.2525157968640435,349.54,3135495,1787724082,2026-08-26T06:01:22Z,NYSE:GE
16.442758477422245,-19.37044334495056,-113.06217548107,-4.728937828777008,372.841,44.73494696835843,2.2525157968640435,349.54,3135495,1787724264,2026-08-26T06:04:24Z,NYSE:GE
16.442758477422245,-19.37044334495056,-113.06217548107,-4.728937828777008,372.841,44.73494696835843,2.2525157968640435,349.54,3135495,1787724444,2026-08-26T06:07:24Z,NYSE:GE
16.442758477422245,-19.37044334495056,-113.06217548107,-4.728937828777008,372.841,44.73494696835843,2.2525157968640435,349.54,3135495,1787724620,2026-08-26T06:10:20Z,NYSE:GE
16.442758477422245,-19.37044334495056,-113.06217548107,-4.728937828777008,372.841,44.73494696835843,2.2525157968640435,349.54,3135495,1787724801,2026-08-26T06:13:21Z,NYSE:GE
16.442758477422245,-19.37044334495056,-113.06217548107,-4.728937828777008,372.841,44.73494696835843,2.2525157968640435,349.54,3135495,1787724984,2026-08-26T06:16:24Z,NYSE:GE
16.442758477422245,-19.37044334495056,-113.06217548107,-4.728937828777008,372.841,44.73494696835843,2.2525157968640435,349.54,3135495,1787725162,2026-08-26T06:19:22Z,NYSE:GE
16.442758477422245,-19.37044334495056,-113.06217548107,-4.728937828777008,372.841,44.73494696835843,2.2525157968640435,349.54,3135495,1787725339,2026-08-26T06:22:19Z,NYSE:GE
16.442758477422245,-19.37044334495056,-113.06217548107,-4.728937828777008,372.841,44.73494696835843,2.2525157968640435,349.54,3135495,1787725518,2026-08-26T06:25:18Z,NYSE:GE
16.442758477422245,-19.37044334495056,-113.06217548107,-4.728937828777008,372.841,44.73494696835843,2.2525157968640435,349.54,3135495,1787725705,2026-08-26T06:28:25Z,NYSE:GE
16.442758477422245,-19.37044334495056,-113.06217548107,-4.728937828777008,372.841,44.73494696835843,2.2525157968640435,349.54,3135495,1787725884,2026-08-26T06:31:24Z,NYSE:GE
16.442758477422245,-19.37044334495056,-113.06217548107,-4.728937828777008,372.841,44.73494696835843,2.2525157968640435,349.54,3135495,1787726063,2026-08-26T06:34:23Z,NYSE:GE
16.442758477422245,-19.37044334495056,-113.06217548107,-4.728937828777008,372.841,44.73494696835843,2.2525157968640435,349.54,3135495,1787726240,2026-08-26T06:37:20Z,NYSE:GE
16.442758477422245,-19.37044334495056,-113.06217548107,-4.728937828777008,372.841,44.73494696835843,2.2525157968640435,349.54,3135495,1787726420,2026-08-26T06:40:20Z,NYSE:GE
16.442758477422245,-19.37044334495056,-113.06217548107,-4.728937828777008,372.841,44.73494696835843,2.2525157968640435,349.54,3135495,1787726601,2026-08-26T06:43:21Z,NYSE:GE
16.442758477422245,-19.37044334495056,-113.06217548107,-4.728937828777008,372.841,44.73494696835843,2.2525157968640435,349.54,3135495,1787726785,2026-08-26T06:46:25Z,NYSE:GE
16.442758477422245,-19.37044334495056,-113.06217548107,-4.728937828777008,372.841,44.73494696835843,2.2525157968640435,349.54,3135495,1787726958,2026-08-26T06:49:18Z,NYSE:GE
16.442758477422245,-19.37044334495056,-113.06217548107,-4.728937828777008,372.841,44.73494696835843,2.2525157968640435,349.54,3135495,1787727142,2026-08-26T06:52:22Z,NYSE:GE
16.442758477422245,-19.37044334495056,-113.06217548107,-4.728937828777008,372.841,44.73494696835843,2.2525157968640435,349.54,3135495,1787727321,2026-08-26T06:55:21Z,NYSE:GE
16.442758477422245,-19.37044334495056,-113.06217548107,-4.728937828777008,372.841,44.73494696835843,2.2525157968640435,349.54,3135495,1787727503,2026-08-26T06:58:23Z,NYSE:GE
16.442758477422245,-19.37044334495056,-113.06217548107,-4.728937828777008,372.841,44.73494696835843,2.2525157968640435,349.54,3135495,1787727679,2026-08-26T07:01:19Z,NYSE:GE
16.442758477422245,-19.37044334495056,-113.06217548107,-4.728937828777008,372.841,44.73494696835843,2.2525157968640435,349.54,3135495,1787727862,2026-08-26T07:04:22Z,NYSE:GE
16.442758477422245,-19.37044334495056,-113.06217548107,-4.728937828777008,372.841,44.73494696835843,2.2525157968640435,349.54,3135495,1787728043,2026-08-26T07:07:23Z,NYSE:GE
16.442758477422245,-19.37044334495056,-113.06217548107,-4.728937828777008,372.841,44.73494696835843,2.2525157968640435,349.54,3135495,1787728221,2026-08-26T07:10:21Z,NYSE:GE
16.442758477422245,-19.37044334495056,-113.06217548107,-4.728937828777008,372.841,44.73494696835843,2.2525157968640435,349.54,3135495,1787728399,2026-08-26T07:13:19Z,NYSE:GE
16.442758477422245,-19.37044334495056,-113.06217548107,-4.728937828777008,372.841,44.73494696835843,2.2525157968640435,349.54,3135495,1787728582,2026-08-26T07:16:22Z,NYSE:GE
16.442758477422245,-19.37044334495056,-113.06217548107,-4.728937828777008,372.841,44.73494696835843,2.2525157968640435,349.54,3135495,1787728760,2026-08-26T07:19:20Z,NYSE:GE
16.442758477422245,-19.37044334495056,-113.06217548107,-4.728937828777008,372.841,44.73494696835843,2.2525157968640435,349.54,3135495,1787728943,2026-08-26T07:22:23Z,NYSE:GE
16.442758477422245,-19.37044334495056,-113.06217548107,-4.728937828777008,372.841,44.73494696835843,2.2525157968640435,349.54,3135495,1787729125,2026-08-26T07:25:25Z,NYSE:GE
16.442758477422245,-19.37044334495056,-113.06217548107,-4.728937828777008,372.841,44.73494696835843,2.2525157968640435,349.54,3135495,1787729301,2026-08-26T07:28:21Z,NYSE:GE
16.442758477422245,-19.37044334495056,-113.06217548107,-4.728937828777008,372.841,44.73494696835843,2.2525157968640435,349.54,3135495,1787729480,2026-08-26T07:31:20Z,NYSE:GE
16.442758477422245,-19.37044334495056,-113.06217548107,-4.728937828777008,372.841,44.73494696835843,2.2525157968640435,349.54,3135495,1787729657,2026-08-26T07:34:17Z,NYSE:GE
16.442758477422245,-19.37044334495056,-113.06217548107,-4.728937828777008,372.841,44.73494696835843,2.2525157968640435,349.54,3135495,1787729838,2026-08-26T07:37:18Z,NYSE:GE
16.442758477422245,-19.37044334495056,-113.06217548107,-4.728937828777008,372.841,44.73494696835843,2.2525157968640435,349.54,3135495,1787730023,2026-08-26T07:40:23Z,NYSE:GE
16.442758477422245,-19.37044334495056,-113.06217548107,-4.728937828777008,372.841,44.73494696835843,2.2525157968640435,349.54,3135495,1787730203,2026-08-26T07:43:23Z,NYSE:GE
16.442758477422245,-19.37044334495056,-113.06217548107,-4.728937828777008,372.841,44.73494696835843,2.2525157968640435,349.54,3135495,1787730380,2026-08-26T07:46:20Z,NYSE:GE
16.442758477422245,-19.37044334495056,-113.06217548107,-4.728937828777008,372.841,44.73494696835843,2.2525157968640435,349.54,3135495,1787730562,2026-08-26T07:49:22Z,NYSE:GE
16.442758477422245,-19.37044334495056,-113.06217548107,-4.728937828777008,372.841,44.73494696835843,2.2525157968640435,349.54,3135495,1787730742,2026-08-26T07:52:22Z,NYSE:GE
16.442758477422245,-19.37044334495056,-113.06217548107,-4.728937828777008,372.841,44.73494696835843,2.2525157968640435,349.54,3135495,1787730920,2026-08-26T07:55:20Z,NYSE:GE
16.442758477422245,-19.37044334495056,-113.06217548107,-4.728937828777008,372.841,44.73494696835843,2.2525157968640435,349.54,3135495,1787731104,2026-08-26T07:58:24Z,NYSE:GE
16.442758477422245,-19.37044334495056,-113.06217548107,-4.728937828777008,372.841,44.73494696835843,2.2525157968640435,349.54,3135495,1787731282,2026-08-26T08:01:22Z,NYSE:GE
16.442758477422245,-19.37044334495056,-113.06217548107,-4.728937828777008,372.841,44.73494696835843,2.2525157968640435,349.54,3135495,1787731460,2026-08-26T08:04:20Z,NYSE:GE
16.442758477422245,-19.37044334495056,-113.06217548107,-4.728937828777008,372.841,44.73494696835843,2.2525157968640435,349.54,3135495,1787731640,2026-08-26T08:07:20Z,NYSE:GE
16.442758477422245,-19.37044334495056,-113.06217548107,-4.728937828777008,372.841,44.73494696835843,2.2525157968640435,349.54,3135495,1787731822,2026-08-26T08:10:22Z,NYSE:GE
16.442758477422245,-19.37044334495056,-113.06217548107,-4.728937828777008,372.841,44.73494696835843,2.2525157968640435,349.54,3135495,1787732000,2026-08-26T08:13:20Z,NYSE:GE
16.442758477422245,-19.37044334495056,-113.06217548107,-4.728937828777008,372.841,44.73494696835843,2.2525157968640435,349.54,3135495,1787732182,2026-08-26T08:16:22Z,NYSE:GE
16.442758477422245,-19.37044334495056,-113.06217548107,-4.728937828777008,372.841,44.73494696835843,2.2525157968640435,349.54,3135495,1787732364,2026-08-26T08:19:24Z,NYSE:GE
16.442758477422245,-19.37044334495056,-113.06217548107,-4.728937828777008,372.841,44.73494696835843,2.2525157968640435,349.54,3135495,1787732540,2026-08-26T08:22:20Z,NYSE:GE
16.442758477422245,-19.37044334495056,-113.06217548107,-4.728937828777008,372.841,44.73494696835843,2.2525157968640435,349.54,3135495,1787732723,2026-08-26T08:25:23Z,NYSE:GE
16.442758477422245,-19.37044334495056,-113.06217548107,-4.728937828777008,372.841,44.73494696835843,2.2525157968640435,349.54,3135495,1787732900,2026-08-26T08:28:20Z,NYSE:GE
16.442758477422245,-19.37044334495056,-113.06217548107,-4.728937828777008,372.841,44.73494696835843,2.2525157968640435,349.54,3135495,1787733083,2026-08-26T08:31:23Z,NYSE:GE
16.442758477422245,-19.37044334495056,-113.06217548107,-4.728937828777008,372.841,44.73494696835843,2.2525157968640435,349.54,3135495,1787733262,2026-08-26T08:34:22Z,NYSE:GE
16.442758477422245,-19.37044334495056,-113.06217548107,-4.728937828777008,372.841,44.73494696835843,2.2525157968640435,349.54,3135495,1787733442,2026-08-26T08:37:22Z,NYSE:GE
16.442758477422245,-19.37044334495056,-113.06217548107,-4.728937828777008,372.841,44.73494696835843,2.2525157968640435,349.54,3135495,1787733623,2026-08-26T08:40:23Z,NYSE:GE
16.442758477422245,-19.37044334495056,-113.06217548107,-4.728937828777008,372.841,44.73494696835843,2.2525157968640435,349.54,3135495,1787733801,2026-08-26T08:43:21Z,NYSE:GE
16.442758477422245,-19.37044334495056,-113.06217548107,-4.728937828777008,372.841,44.73494696835843,2.2525157968640435,349.54,3135495,1787733981,2026-08-26T08:46:21Z,NYSE:GE
16.442758477422245,-19.37044334495056,-113.06217548107,-4.728937828777008,372.841,44.73494696835843,2.2525157968640435,349.54,3135495,1787734163,2026-08-26T08:49:23Z,NYSE:GE
16.442758477422245,-19.37044334495056,-113.06217548107,-4.728937828777008,372.841,44.73494696835843,2.2525157968640435,349.54,3135495,1787734339,2026-08-26T08:52:19Z,NYSE:GE
16.442758477422245,-19.37044334495056,-113.06217548107,-4.728937828777008,372.841,44.73494696835843,2.2525157968640435,349.54,3135495,1787734522,2026-08-26T08:55:22Z,NYSE:GE
16.442758477422245,-19.37044334495056,-113.06217548107,-4.728937828777008,372.841,44.73494696835843,2.2525157968640435,349.54,3135495,1787734697,2026-08-26T08:58:17Z,NYSE:GE
16.442758477422245,-19.37044334495056,-113.06217548107,-4.728937828777008,372.841,44.73494696835843,2.2525157968640435,349.54,3135495,1787734879,2026-08-26T09:01:19Z,NYSE:GE
16.442758477422245,-19.37044334495056,-113.06217548107,-4.728937828777008,372.841,44.73494696835843,2.2525157968640435,349.54,3135495,1787735059,2026-08-26T09:04:19Z,NYSE:GE
16.442758477422245,-19.37044334495056,-113.06217548107,-4.728937828777008,372.841,44.73494696835843,2.2525157968640435,349.54,3135495,1787735242,2026-08-26T09:07:22Z,NYSE:GE
16.442758477422245,-19.37044334495056,-113.06217548107,-4.728937828777008,372.841,44.73494696835843,2.2525157968640435,349.54,3135495,1787735418,2026-08-26T09:10:18Z,NYSE:GE
16.442758477422245,-19.37044334495056,-113.06217548107,-4.728937828777008,372.841,44.73494696835843,2.2525157968640435,349.54,3135495,1787735598,2026-08-26T09:13:18Z,NYSE:GE
16.442758477422245,-19.37044334495056,-113.06217548107,-4.728937828777008,372.841,44.73494696835843,2.2525157968640435,349.54,3135495,1787735782,2026-08-26T09:16:22Z,NYSE:GE
16.442758477422245,-19.37044334495056,-113.06217548107,-4.728937828777008,372.841,44.73494696835843,2.2525157968640435,349.54,3135495,1787735961,2026-08-26T09:19:21Z,NYSE:GE
16.442758477422245,-19.37044334495056,-113.06217548107,-4.728937828777008,372.841,44.73494696835843,2.2525157968640435,349.54,3135495,1787736140,2026-08-26T09:22:20Z,NYSE:GE
16.442758477422245,-19.37044334495056,-113.06217548107,-4.728937828777008,372.841,44.73494696835843,2.2525157968640435,349.54,3135495,1787736321,2026-08-26T09:25:21Z,NYSE:GE
16.442758477422245,-19.37044334495056,-113.06217548107,-4.728937828777008,372.841,44.73494696835843,2.2525157968640435,349.54,3135495,1787736503,2026-08-26T09:28:23Z,NYSE:GE
16.442758477422245,-19.37044334495056,-113.06217548107,-4.728937828777008,372.841,44.73494696835843,2.2525157968640435,349.54,3135495,1787736684,2026-08-26T09:31:24Z,NYSE:GE
16.442758477422245,-19.37044334495056,-113.06217548107,-4.728937828777008,372.841,44.73494696835843,2.2525157968640435,349.54,3135495,1787736860,2026-08-26T09:34:20Z,NYSE:GE
16.442758477422245,-19.37044334495056,-113.06217548107,-4.728937828777008,372.841,44.73494696835843,2.2525157968640435,349.54,3135495,1787737042,2026-08-26T09:37:22Z,NYSE:GE
16.442758477422245,-19.37044334495056,-113.06217548107,-4.728937828777008,372.841,44.73494696835843,2.2525157968640435,349.54,3135495,1787737218,2026-08-26T09:40:18Z,NYSE:GE
16.442758477422245,-19.37044334495056,-113.06217548107,-4.728937828777008,372.841,44.73494696835843,2.2525157968640435,349.54,3135495,1787737395,2026-08-26T09:43:15Z,NYSE:GE
16.442758477422245,-19.37044334495056,-113.06217548107,-4.728937828777008,372.841,44.73494696835843,2.2525157968640435,349.54,3135495,1787737584,2026-08-26T09:46:24Z,NYSE:GE
16.442758477422245,-19.37044334495056,-113.06217548107,-4.728937828777008,372.841,44.73494696835843,2.2525157968640435,349.54,3135495,1787737760,2026-08-26T09:49:20Z,NYSE:GE
16.442758477422245,-19.37044334495056,-113.06217548107,-4.728937828777008,372.841,44.73494696835843,2.2525157968640435,349.54,3135495,1787737942,2026-08-26T09:52:22Z,NYSE:GE
16.442758477422245,-19.37044334495056,-113.06217548107,-4.728937828777008,372.841,44.73494696835843,2.2525157968640435,349.54,3135495,1787738122,2026-08-26T09:55:22Z,NYSE:GE
16.442758477422245,-19.37044334495056,-113.06217548107,-4.728937828777008,372.841,44.73494696835843,2.2525157968640435,349.54,3135495,1787738302,2026-08-26T09:58:22Z,NYSE:GE
16.442758477422245,-19.37044334495056,-113.06217548107,-4.728937828777008,372.841,44.73494696835843,2.2525157968640435,349.54,3135495,1787738478,2026-08-26T10:01:18Z,NYSE:GE
16.442758477422245,-19.37044334495056,-113.06217548107,-4.728937828777008,372.841,44.73494696835843,2.2525157968640435,349.54,3135495,1787738665,2026-08-26T10:04:25Z,NYSE:GE
16.442758477422245,-19.37044334495056,-113.06217548107,-4.728937828777008,372.841,44.73494696835843,2.2525157968640435,349.54,3135495,1787738841,2026-08-26T10:07:21Z,NYSE:GE
16.442758477422245,-19.37044334495056,-113.06217548107,-4.728937828777008,372.841,44.73494696835843,2.2525157968640435,349.54,3135495,1787739020,2026-08-26T10:10:20Z,NYSE:GE
16.442758477422245,-19.37044334495056,-113.06217548107,-4.728937828777008,372.841,44.73494696835843,2.2525157968640435,349.54,3135495,1787739198,2026-08-26T10:13:18Z,NYSE:GE
16.442758477422245,-19.37044334495056,-113.06217548107,-4.728937828777008,372.841,44.73494696835843,2.2525157968640435,349.54,3135495,1787739381,2026-08-26T10:16:21Z,NYSE:GE
16.442758477422245,-19.37044334495056,-113.06217548107,-4.728937828777008,372.841,44.73494696835843,2.2525157968640435,349.54,3135495,1787739559,2026-08-26T10:19:19Z,NYSE:GE
16.442758477422245,-19.37044334495056,-113.06217548107,-4.728937828777008,372.841,44.73494696835843,2.2525157968640435,349.54,3135495,1787739741,2026-08-26T10:22:21Z,NYSE:GE
16.442758477422245,-19.37044334495056,-113.06217548107,-4.728937828777008,372.841,44.73494696835843,2.2525157968640435,349.54,3135495,1787739920,2026-08-26T10:25:20Z,NYSE:GE
16.442758477422245,-19.37044334495056,-113.06217548107,-4.728937828777008,372.841,44.73494696835843,2.2525157968640435,349.54,3135495,1787740102,2026-08-26T10:28:22Z,NYSE:GE
16.442758477422245,-19.37044334495056,-113.06217548107,-4.728937828777008,372.841,44.73494696835843,2.2525157968640435,349.54,3135495,1787740282,2026-08-26T10:31:22Z,NYSE:GE
16.442758477422245,-19.37044334495056,-113.06217548107,-4.728937828777008,372.841,44.73494696835843,2.2525157968640435,349.54,3135495,1787740461,2026-08-26T10:34:21Z,NYSE:GE
16.442758477422245,-19.37044334495056,-113.06217548107,-4.728937828777008,372.841,44.73494696835843,2.2525157968640435,349.54,3135495,1787740641,2026-08-26T10:37:21Z,NYSE:GE
16.442758477422245,-19.37044334495056,-113.06217548107,-4.728937828777008,372.841,44.73494696835843,2.2525157968640435,349.54,3135495,1787740821,2026-08-26T10:40:21Z,NYSE:GE
16.442758477422245,-19.37044334495056,-113.06217548107,-4.728937828777008,372.841,44.73494696835843,2.2525157968640435,349.54,3135495,1787740999,2026-08-26T10:43:19Z,NYSE:GE
16.442758477422245,-19.37044334495056,-113.06217548107,-4.728937828777008,372.841,44.73494696835843,2.2525157968640435,349.54,3135495,1787741178,2026-08-26T10:46:18Z,NYSE:GE
16.442758477422245,-19.37044334495056,-113.06217548107,-4.728937828777008,372.841,44.73494696835843,2.2525157968640435,349.54,3135495,1787741362,2026-08-26T10:49:22Z,NYSE:GE
16.442758477422245,-19.37044334495056,-113.06217548107,-4.728937828777008,372.841,44.73494696835843,2.2525157968640435,349.54,3135495,1787741540,2026-08-26T10:52:20Z,NYSE:GE
16.442758477422245,-19.37044334495056,-113.06217548107,-4.728937828777008,372.841,44.73494696835843,2.2525157968640435,349.54,3135495,1787741723,2026-08-26T10:55:23Z,NYSE:GE
16.442758477422245,-19.37044334495056,-113.06217548107,-4.728937828777008,372.841,44.73494696835843,2.2525157968640435,349.54,3135495,1787741898,2026-08-26T10:58:18Z,NYSE:GE
16.442758477422245,-19.37044334495056,-113.06217548107,-4.728937828777008,372.841,44.73494696835843,2.2525157968640435,349.54,3135495,1787742081,2026-08-26T11:01:21Z,NYSE:GE
16.442758477422245,-19.37044334495056,-113.06217548107,-4.728937828777008,372.841,44.73494696835843,2.2525157968640435,349.54,3135495,1787742258,2026-08-26T11:04:18Z,NYSE:GE
16.442758477422245,-19.37044334495056,-113.06217548107,-4.728937828777008,372.841,44.73494696835843,2.2525157968640435,349.54,3135495,1787742443,2026-08-26T11:07:23Z,NYSE:GE
16.442758477422245,-19.37044334495056,-113.06217548107,-4.728937828777008,372.841,44.73494696835843,2.2525157968640435,349.54,3135495,1787742615,2026-08-26T11:10:15Z,NYSE:GE
16.442758477422245,-19.37044334495056,-113.06217548107,-4.728937828777008,372.841,44.73494696835843,2.2525157968640435,349.54,3135495,1787742800,2026-08-26T11:13:20Z,NYSE:GE
16.442758477422245,-19.37044334495056,-113.06217548107,-4.728937828777008,372.841,44.73494696835843,2.2525157968640435,349.54,3135495,1787742984,2026-08-26T11:16:24Z,NYSE:GE
16.442758477422245,-19.37044334495056,-113.06217548107,-4.728937828777008,372.841,44.73494696835843,2.2525157968640435,349.54,3135495,1787743163,2026-08-26T11:19:23Z,NYSE:GE
16.442758477422245,-19.37044334495056,-113.06217548107,-4.728937828777008,372.841,44.73494696835843,2.2525157968640435,349.54,3135495,1787743341,2026-08-26T11:22:21Z,NYSE:GE
16.442758477422245,-19.37044334495056,-113.06217548107,-4.728937828777008,372.841,44.73494696835843,2.2525157968640435,349.54,3135495,1787743524,2026-08-26T11:25:24Z,NYSE:GE
16.442758477422245,-19.37044334495056,-113.06217548107,-4.728937828777008,372.841,44.73494696835843,2.2525157968640435,349.54,3135495,1787743701,2026-08-26T11:28:21Z,NYSE:GE
16.442758477422245,-19.37044334495056,-113.06217548107,-4.728937828777008,372.841,44.73494696835843,2.2525157968640435,349.54,3135495,1787743882,2026-08-26T11:31:22Z,NYSE:GE
16.442758477422245,-19.37044334495056,-113.06217548107,-4.728937828777008,372.841,44.73494696835843,2.2525157968640435,349.54,3135495,1787744064,2026-08-26T11:34:24Z,NYSE:GE
16.442758477422245,-19.37044334495056,-113.06217548107,-4.728937828777008,372.841,44.73494696835843,2.2525157968640435,349.54,3135495,1787744238,2026-08-26T11:37:18Z,NYSE:GE
16.442758477422245,-19.37044334495056,-113.06217548107,-4.728937828777008,372.841,44.73494696835843,2.2525157968640435,349.54,3135495,1787744424,2026-08-26T11:40:24Z,NYSE:GE
16.442758477422245,-19.37044334495056,-113.06217548107,-4.728937828777008,372.841,44.73494696835843,2.2525157968640435,349.54,3135495,1787744600,2026-08-26T11:43:20Z,NYSE:GE
16.442758477422245,-19.37044334495056,-113.06217548107,-4.728937828777008,372.841,44.73494696835843,2.2525157968640435,349.54,3135495,1787744779,2026-08-26T11:46:19Z,NYSE:GE
16.442758477422245,-19.37044334495056,-113.06217548107,-4.728937828777008,372.841,44.73494696835843,2.2525157968640435,349.54,3135495,1787744959,2026-08-26T11:49:19Z,NYSE:GE
16.442758477422245,-19.37044334495056,-113.06217548107,-4.728937828777008,372.841,44.73494696835843,2.2525157968640435,349.54,3135495,1787745140,2026-08-26T11:52:20Z,NYSE:GE
16.442758477422245,-19.37044334495056,-113.06217548107,-4.728937828777008,372.841,44.73494696835843,2.2525157968640435,349.54,3135495,1787745324,2026-08-26T11:55:24Z,NYSE:GE
16.442758477422245,-19.37044334495056,-113.06217548107,-4.728937828777008,372.841,44.73494696835843,2.2525157968640435,349.54,3135495,1787745497,2026-08-26T11:58:17Z,NYSE:GE
16.442758477422245,-19.37044334495056,-113.06217548107,-4.728937828777008,372.841,44.73494696835843,2.2525157968640435,349.54,3135495,1787745682,2026-08-26T12:01:22Z,NYSE:GE
16.442758477422245,-19.37044334495056,-113.06217548107,-4.728937828777008,372.841,44.73494696835843,2.2525157968640435,349.54,3135495,1787745860,2026-08-26T12:04:20Z,NYSE:GE
16.442758477422245,-19.37044334495056,-113.06217548107,-4.728937828777008,372.841,44.73494696835843,2.2525157968640435,349.54,3135495,1787746041,2026-08-26T12:07:21Z,NYSE:GE
16.442758477422245,-19.37044334495056,-113.06217548107,-4.728937828777008,372.841,44.73494696835843,2.2525157968640435,349.54,3135495,1787746220,2026-08-26T12:10:20Z,NYSE:GE
16.442758477422245,-19.37044334495056,-113.06217548107,-4.728937828777008,372.841,44.73494696835843,2.2525157968640435,349.54,3135495,1787746403,2026-08-26T12:13:23Z,NYSE:GE
16.442758477422245,-19.37044334495056,-113.06217548107,-4.728937828777008,372.841,44.73494696835843,2.2525157968640435,349.54,3135495,1787746578,2026-08-26T12:16:18Z,NYSE:GE
16.442758477422245,-19.37044334495056,-113.06217548107,-4.728937828777008,372.841,44.73494696835843,2.2525157968640435,349.54,3135495,1787746762,2026-08-26T12:19:22Z,NYSE:GE
16.442758477422245,-19.37044334495056,-113.06217548107,-4.728937828777008,372.841,44.73494696835843,2.2525157968640435,349.54,3135495,1787746943,2026-08-26T12:22:23Z,NYSE:GE
16.442758477422245,-19.37044334495056,-113.06217548107,-4.728937828777008,372.841,44.73494696835843,2.2525157968640435,349.54,3135495,1787747119,2026-08-26T12:25:19Z,NYSE:GE
16.442758477422245,-19.37044334495056,-113.06217548107,-4.728937828777008,372.841,44.73494696835843,2.2525157968640435,349.54,3135495,1787747302,2026-08-26T12:28:22Z,NYSE:GE
16.442758477422245,-19.37044334495056,-113.06217548107,-4.728937828777008,372.841,44.73494696835843,2.2525157968640435,349.54,3135495,1787747484,2026-08-26T12:31:24Z,NYSE:GE
16.442758477422245,-19.37044334495056,-113.06217548107,-4.728937828777008,372.841,44.73494696835843,2.2525157968640435,349.54,3135495,1787747664,2026-08-26T12:34:24Z,NYSE:GE
16.442758477422245,-19.37044334495056,-113.06217548107,-4.728937828777008,372.841,44.73494696835843,2.2525157968640435,349.54,3135495,1787747842,2026-08-26T12:37:22Z,NYSE:GE
16.442758477422245,-19.37044334495056,-113.06217548107,-4.728937828777008,372.841,44.73494696835843,2.2525157968640435,349.54,3135495,1787748024,2026-08-26T12:40:24Z,NYSE:GE
16.442758477422245,-19.37044334495056,-113.06217548107,-4.728937828777008,372.841,44.73494696835843,2.2525157968640435,349.54,3135495,1787748201,2026-08-26T12:43:21Z,NYSE:GE
16.442758477422245,-19.37044334495056,-113.06217548107,-4.728937828777008,372.841,44.73494696835843,2.2525157968640435,349.54,3135495,1787748379,2026-08-26T12:46:19Z,NYSE:GE
16.442758477422245,-19.37044334495056,-113.06217548107,-4.728937828777008,372.841,44.73494696835843,2.2525157968640435,349.54,3135495,1787748558,2026-08-26T12:49:18Z,NYSE:GE
16.442758477422245,-19.37044334495056,-113.06217548107,-4.728937828777008,372.841,44.73494696835843,2.2525157968640435,349.54,3135495,1787748741,2026-08-26T12:52:21Z,NYSE:GE
16.442758477422245,-19.37044334495056,-113.06217548107,-4.728937828777008,372.841,44.73494696835843,2.2525157968640435,349.54,3135495,1787748919,2026-08-26T12:55:19Z,NYSE:GE
16.442758477422245,-19.37044334495056,-113.06217548107,-4.728937828777008,372.841,44.73494696835843,2.2525157968640435,349.54,3135495,1787749099,2026-08-26T12:58:19Z,NYSE:GE
16.442758477422245,-19.37044334495056,-113.06217548107,-4.728937828777008,372.841,44.73494696835843,2.2525157968640435,349.54,3135495,1787749281,2026-08-26T13:01:21Z,NYSE:GE
16.442758477422245,-19.37044334495056,-113.06217548107,-4.728937828777008,372.841,44.73494696835843,2.2525157968640435,349.54,3135495,1787749463,2026-08-26T13:04:23Z,NYSE:GE
16.442758477422245,-19.37044334495056,-113.06217548107,-4.728937828777008,372.841,44.73494696835843,2.2525157968640435,349.54,3135495,1787749639,2026-08-26T13:07:19Z,NYSE:GE
16.442758477422245,-19.37044334495056,-113.06217548107,-4.728937828777008,372.841,44.73494696835843,2.2525157968640435,349.54,3135495,1787749822,2026-08-26T13:10:22Z,NYSE:GE
16.442758477422245,-19.37044334495056,-113.06217548107,-4.728937828777008,372.841,44.73494696835843,2.2525157968640435,349.54,3135495,1787750002,2026-08-26T13:13:22Z,NYSE:GE
16.442758477422245,-19.37044334495056,-113.06217548107,-4.728937828777008,372.841,44.73494696835843,2.2525157968640435,349.54,3135495,1787750189,2026-08-26T13:16:29Z,NYSE:GE
16.442758477422245,-19.37044334495056,-113.06217548107,-4.728937828777008,372.841,44.73494696835843,2.2525157968640435,349.54,3135495,1787750365,2026-08-26T13:19:25Z,NYSE:GE
16.442758477422245,-19.37044334495056,-113.06217548107,-4.728937828777008,372.841,44.73494696835843,2.2525157968640435,349.54,3135495,1787750546,2026-08-26T13:22:26Z,NYSE:GE
16.442758477422245,-19.37044334495056,-113.06217548107,-4.728937828777008,372.841,44.73494696835843,2.2525157968640435,349.54,3135495,1787750720,2026-08-26T13:25:20Z,NYSE:GE
16.442758477422245,-19.37044334495056,-113.06217548107,-4.728937828777008,372.841,44.73494696835843,2.2525157968640435,349.54,3135495,1787750901,2026-08-26T13:28:21Z,NYSE:GE
16.442758477422245,-19.37044334495056,-113.06217548107,-4.728937828777008,372.841,44.73494696835843,2.2525157968640435,349.54,3135495,1787751079,2026-08-26T13:31:19Z,NYSE:GE
16.442758477422245,-19.37044334495056,-113.06217548107,-4.728937828777008,372.841,44.73494696835843,2.2525157968640435,349.54,3135495,1787751263,2026-08-26T13:34:23Z,NYSE:GE
16.442758477422245,-19.37044334495056,-113.06217548107,-4.728937828777008,372.841,44.73494696835843,2.2525157968640435,349.54,3135495,1787751435,2026-08-26T13:37:15Z,NYSE:GE
16.442758477422245,-19.37044334495056,-113.06217548107,-4.728937828777008,372.841,44.73494696835843,2.2525157968640435,349.54,3135495,1787751626,2026-08-26T13:40:26Z,NYSE:GE
16.442758477422245,-19.37044334495056,-113.06217548107,-4.728937828777008,372.841,44.73494696835843,2.2525157968640435,349.54,3135495,1787751803,2026-08-26T13:43:23Z,NYSE:GE
16.61586147331897,-9.403722867100498,-84.17066371129451,-5.820304133647465,372.841,46.205235876321225,0.6408422498140276,351.78,54323,1787751981,2026-08-26T13:46:21Z,NYSE:GE
16.502254696611825,-8.602551438529076,-82.0744380522281,-5.783920539730125,372.841,46.29192470148688,0.6797219202380275,351.9159,99820,1787752161,2026-08-26T13:49:21Z,NYSE:GE
16.502254696611825,-8.183722867100528,-85.22008406059238,-6.176376097665451,372.841,45.341838485173625,0.2603421639869451,350.45,144069,1787752346,2026-08-26T13:52:26Z,NYSE:GE
16.502254696611825,-8.448951438529036,-83.55676041834728,-5.9595202398800575,372.841,45.870934670513485,0.4920752989643446,351.26,177662,1787752519,2026-08-26T13:55:19Z,NYSE:GE
16.502254696611825,-8.791808581386192,-80.97503581228735,-5.638252302420219,372.841,46.636218323536575,0.8353836470790064,352.46,213157,1787752704,2026-08-26T13:58:24Z,NYSE:GE
16.50092054418191,-8.961808581386265,-79.59300554939007,-5.469586635253804,372.841,47.02939356035104,1.0156205298392045,353.09,252310,1787752882,2026-08-26T14:01:22Z,NYSE:GE
16.42426017593094,-8.470380009957694,-77.6651776963113,-5.3865924180766775,372.841,47.22074158644701,1.1043085197688267,353.4,298083,1787753059,2026-08-26T14:04:19Z,NYSE:GE
16.42426017593094,-8.57752286710047,-76.85081268568348,-5.286196187620477,372.841,47.45037139637986,1.2115923785546594,353.775,327367,1787753241,2026-08-26T14:07:21Z,NYSE:GE
16.36574226040502,-8.358951438529061,-74.10547580900594,-5.069340329835083,372.841,47.93961606339287,1.4433255135320588,354.585,341235,1787753420,2026-08-26T14:10:20Z,NYSE:GE
16.348990413263135,-8.133237152814786,-74.55309276081337,-5.159027629042617,372.841,47.738383120077415,1.3474852663500545,354.25,358388,1787753601,2026-08-26T14:13:21Z,NYSE:GE
16.343849692803524,-8.240380009957676,-73.34039119864319,-5.021150139216105,372.841,48.04710251089374,1.4948217657492606,354.765,375800,1787753782,2026-08-26T14:16:22Z,NYSE:GE
16.22174874630211,-7.464665724243332,-69.76842667652963,-4.843783465410145,372.841,48.43891812738704,1.684356582937572,355.4275,400548,1787753960,2026-08-26T14:19:20Z,NYSE:GE
16.17280975586595,-7.218951438529075,-67.74428678947996,-4.703898050974511,372.841,48.74379105508221,1.833838759512493,355.95,429806,1787754144,2026-08-26T14:22:24Z,NYSE:GE
16.17280975586595,-7.094665724243328,-68.70490424760646,-4.820357678303704,372.841,48.4902259734188,1.7093894833209264,355.515,455075,1787754319,2026-08-26T14:25:19Z,NYSE:GE
16.17280975586595,-7.038951438529125,-69.13497329638979,-4.872563718140927,372.841,48.37574267415835,1.653601876752295,355.32,470424,1787754505,2026-08-26T14:28:25Z,NYSE:GE
16.17280975586595,-6.9932371528148,-69.48759539330563,-4.915399443135564,372.841,48.28142688610552,1.6078274303370157,355.16,493083,1787754679,2026-08-26T14:31:19Z,NYSE:GE
16.17280975586595,-6.898951438529025,-70.21415333538707,-5.003748125937031,372.841,48.08580806531808,1.513417634605471,354.83,512133,1787754861,2026-08-26T14:34:21Z,NYSE:GE
16.17280975586595,-6.876094295671919,-70.39014167524331,-5.02516598843435,372.841,48.03816226221564,1.4905304113978313,354.75,523315,1787755045,2026-08-26T14:37:25Z,NYSE:GE
16.17280975586595,-7.151808581386263,-68.26345262127309,-4.766813022060401,372.841,48.60711848033065,1.7666075413400335,355.715,541770,1787755218,2026-08-26T14:40:18Z,NYSE:GE
16.16542769720869,-7.120351438529099,-67.91025303050057,-4.740067466266856,372.841,48.66530782722696,1.7951879613205934,355.8149,557722,1787755404,2026-08-26T14:43:24Z,NYSE:GE
16.16542769720869,-7.061808581386174,-68.3628106175829,-4.794923966588126,372.841,48.54581614413854,1.7365680608800116,355.61,567145,1787755582,2026-08-26T14:46:22Z,NYSE:GE
16.16542769720869,-7.073237152814784,-68.27449329879398,-4.784215035339475,372.841,48.56918665154691,1.7480116724838235,355.65,583742,1787755765,2026-08-26T14:49:25Z,NYSE:GE
16.140918350770896,-7.050380009957621,-66.46080904007364,-4.6182266009852215,372.841,48.92873373626401,1.9196658465411625,356.25,599729,1787755940,2026-08-26T14:52:20Z,NYSE:GE
16.140918350770896,-6.991808581386181,-66.91479924321999,-4.673109873634608,372.841,48.81040881832321,1.866739142873484,356.065,611630,1787756122,2026-08-26T14:55:22Z,NYSE:GE
16.140918350770896,-6.730380009957685,-68.93652234791323,-4.918076675947741,372.841,48.275520705466064,1.6049665274360465,355.15,649297,1787756302,2026-08-26T14:58:22Z,NYSE:GE
16.140918350770896,-6.81323715281485,-68.29657397868047,-4.840436924394941,372.841,48.446254076751366,1.687932711563763,355.44,713885,1787756487,2026-08-26T15:01:27Z,NYSE:GE
16.140918350770896,-6.67323715281475,-69.37742567148635,-4.971621332191046,372.841,48.15711316400172,1.5477484694169388,354.95,755350,1787756663,2026-08-26T15:04:23Z,NYSE:GE
16.140918350770896,-6.623237152814795,-69.76292158192982,-5.018472906403942,372.841,48.05306096775661,1.4976826686502136,354.775,771183,1787756846,2026-08-26T15:07:26Z,NYSE:GE
16.140918350770896,-6.5389800099576405,-70.41191624914454,-5.097424502034694,372.841,47.87676997681951,1.4133146421010392,354.4801,782558,1787757023,2026-08-26T15:10:23Z,NYSE:GE
16.140918350770896,-6.523237152814772,-70.53309002540075,-5.11217605482972,372.841,47.84369848616085,1.3975510671167792,354.425,794792,1787757202,2026-08-26T15:13:22Z,NYSE:GE
16.140918350770896,-6.587522867100461,-70.03810769052403,-5.051938316556009,372.841,47.9784818810661,1.4619213823882693,354.65,808198,1787757381,2026-08-26T15:16:21Z,NYSE:GE
16.140918350770896,-6.714665724243332,-69.05780657370339,-4.932801456414638,372.841,48.24301258425472,1.5892315614808052,355.095,818627,1787757565,2026-08-26T15:19:25Z,NYSE:GE
16.140918350770896,-6.64752286710052,-69.57571502088912,-4.995716427500527,372.841,48.10365272246292,1.522000343308346,354.86,828902,1787757743,2026-08-26T15:22:23Z,NYSE:GE
16.140918350770896,-6.781808581386258,-68.53940205879199,-4.869886485328764,372.841,48.381625990501,1.656462779653248,355.33,835836,1787757921,2026-08-26T15:25:21Z,NYSE:GE
16.140918350770896,-6.773237152814772,-68.60560900503197,-4.877918183765253,372.841,48.36397201717311,1.6478800709503891,355.3,849862,1787758103,2026-08-26T15:28:23Z,NYSE:GE
16.140918350770896,-6.573237152814841,-70.14814293549738,-5.065324480616824,372.841,47.94859025185917,1.4476168678835046,354.6,861295,1787758281,2026-08-26T15:31:21Z,NYSE:GE
16.140918350770896,-6.524665724243391,-70.52209534055518,-5.110837438423639,372.841,47.84670126010426,1.3989815185672558,354.43,874669,1787758463,2026-08-26T15:34:23Z,NYSE:GE
16.140918350770896,-6.524665724243391,-70.52209534055518,-5.110837438423639,372.841,47.84670126010426,1.3989815185672558,354.43,883656,1787758643,2026-08-26T15:37:23Z,NYSE:GE
16.140918350770896,-6.584665724243337,-70.06011653095591,-5.030520454058675,372.841,47.97250630208482,1.4590604794873163,354.64,893550,1787758822,2026-08-26T15:40:22Z,NYSE:GE
16.140918350770896,-6.678951438529111,-69.33335150084514,-4.966266866566705,372.841,48.16897830780573,1.553470275218861,354.97,907568,1787759004,2026-08-26T15:43:24Z,NYSE:GE
16.140918350770896,-6.530380009957639,-70.47811436453786,-5.105482972799313,372.841,47.85870889912378,1.4047033243691618,354.45,928798,1787759180,2026-08-26T15:46:20Z,NYSE:GE
16.140918350770896,-6.573237152814841,-70.14814293549738,-5.065324480616824,372.841,47.94859025185917,1.4476168678835046,354.6,945754,1787759361,2026-08-26T15:49:21Z,NYSE:GE
16.140918350770896,-6.433237152814854,-71.22530457712769,-5.196508888412928,372.841,47.65382410776794,1.3074326257366804,354.11,962203,1787759539,2026-08-26T15:52:19Z,NYSE:GE
16.140918350770896,-6.507522867100533,-70.65401679933142,-5.126900835296632,372.841,47.81064513717609,1.381816101161522,354.37,977911,1787759727,2026-08-26T15:55:27Z,NYSE:GE
16.140918350770896,-6.44466572424335,-71.13745346051812,-5.185799957164276,372.841,47.67801173430615,1.3188762373404923,354.15,989578,1787759901,2026-08-26T15:58:21Z,NYSE:GE
16.140918350770896,-6.461808581386208,-71.00564999154335,-5.169736560291284,372.841,47.71425129167992,1.3360416547462262,354.21,1000709,1787760080,2026-08-26T16:01:20Z,NYSE:GE
16.140918350770896,-6.591808581386204,-70.00509275018092,-5.04792246733775,372.841,47.98744267627888,1.4662127367397149,354.665,1014597,1787760264,2026-08-26T16:04:24Z,NYSE:GE
16.140918350770896,-6.466094295671951,-70.97269409923825,-5.165720711073024,372.841,47.723303338490325,1.3403330090976715,354.225,1027609,1787760446,2026-08-26T16:07:26Z,NYSE:GE
16.140918350770896,-6.474665724243323,-70.90677628326861,-5.157689012636536,372.841,47.74139803247259,1.3489157178005309,354.255,1037298,1787760624,2026-08-26T16:10:24Z,NYSE:GE
16.140918350770896,-6.490380009957676,-70.78590606336347,-5.142964232169624,372.841,47.77453912503909,1.364650683755788,354.31,1043708,1787760797,2026-08-26T16:13:17Z,NYSE:GE
16.140918350770896,-6.533237152814763,-70.45612253445353,-5.10280573998715,372.841,47.86471064541667,1.4075642272701148,354.46,1056492,1787760980,2026-08-26T16:16:20Z,NYSE:GE
16.140918350770896,-6.521808581386267,-70.54408448659743,-5.1135146712358015,372.841,47.84069536642263,1.3961206156663029,354.42,1074434,1787761163,2026-08-26T16:19:23Z,NYSE:GE
16.140918350770896,-6.378951438529043,-71.64240234595815,-5.247376311844069,372.841,47.5386268133643,1.253075470618526,353.92,1089593,1787761341,2026-08-26T16:22:21Z,NYSE:GE
16.140918350770896,-6.433237152814854,-71.22530457712769,-5.196508888412928,372.841,47.65382410776794,1.3074326257366804,354.11,1101378,1787761521,2026-08-26T16:25:21Z,NYSE:GE
16.140918350770896,-6.393237152814777,-71.53267100509909,-5.233990147783239,372.841,47.568991019960336,1.235910053212792,353.86,1112878,1787761697,2026-08-26T16:28:17Z,NYSE:GE
16.140918350770896,-6.341808581386204,-71.92759950300878,-5.282180338402218,372.841,47.45951503495228,1.2158837329061052,353.79,1129179,1787761882,2026-08-26T16:31:22Z,NYSE:GE
16.140918350770896,-6.146094295671901,-73.42788443042159,-5.465570786035544,372.841,47.038684273122,1.01991188419065,353.105,1155631,1787762058,2026-08-26T16:34:18Z,NYSE:GE
16.140918350770896,-6.090380009957698,-73.85421066665995,-5.517776825872766,372.841,46.91765021902676,0.9641242776220188,352.91,1165024,1787762242,2026-08-26T16:37:22Z,NYSE:GE
16.140918350770896,-6.113237152814804,-73.67934839154059,-5.496358963375448,372.841,46.96737207583055,0.9870115008296586,352.99,1176554,1787762418,2026-08-26T16:40:18Z,NYSE:GE
16.140918350770896,-6.118951438529052,-73.63562395573987,-5.491004497751122,372.841,46.97978798903047,0.9927333066315644,353.01,1191596,1787762601,2026-08-26T16:43:21Z,NYSE:GE
16.140918350770896,-6.047522867100497,-74.18192455391372,-5.557935318055256,372.841,46.82416999603573,0.921210734107676,352.76,1194643,1787762780,2026-08-26T16:46:20Z,NYSE:GE
16.140918350770896,-6.048951438529116,-74.1710039688727,-5.556596701649174,372.841,46.82729130766197,0.9226411855581522,352.765,1203488,1787762962,2026-08-26T16:49:22Z,NYSE:GE
16.140918350770896,-6.207522867100465,-72.95744127527603,-5.408010280573996,372.841,47.17149391914691,1.081421296561187,353.32,1215749,1787763142,2026-08-26T16:52:22Z,NYSE:GE
16.140918350770896,-6.047522867100497,-74.18192455391372,-5.557935318055256,372.841,46.82416999603573,0.921210734107676,352.76,1222946,1787763321,2026-08-26T16:55:21Z,NYSE:GE
16.140918350770896,-6.128951438529043,-73.55909765624388,-5.481634182908537,372.841,47.00150185391545,1.002746466784916,353.045,1231322,1787763500,2026-08-26T16:58:20Z,NYSE:GE
16.140918350770896,-6.033322867100537,-74.29046313280449,-5.571241165131711,372.841,46.79312422225794,0.9069920466899346,352.7103,1238840,1787763680,2026-08-26T17:01:20Z,NYSE:GE
16.140918350770896,-6.001808581386285,-74.53126641670136,-5.600771043049893,372.841,46.72409417392728,0.8754362876923963,352.6,1256893,1787763862,2026-08-26T17:04:22Z,NYSE:GE
16.140918350770896,-5.958951438529084,-74.85856871405979,-5.640929535232382,372.841,46.6299303829157,0.8325227441780535,352.45,1266506,1787764045,2026-08-26T17:07:25Z,NYSE:GE
16.140918350770896,-6.001808581386285,-74.53126641670136,-5.600771043049893,372.841,46.72409417392728,0.8754362876923963,352.6,1270705,1787764224,2026-08-26T17:10:24Z,NYSE:GE
16.140918350770896,-6.038951438529125,-74.24744341515446,-5.5659670164917445,372.841,46.8054344281037,0.912628025404817,352.73,1282643,1787764400,2026-08-26T17:13:20Z,NYSE:GE
16.140918350770896,-6.053237152814745,-74.13824088532708,-5.55258085243093,372.841,46.83665304435307,0.9269325399095816,352.78,1297511,1787764582,2026-08-26T17:16:22Z,NYSE:GE
16.140918350770896,-6.081808581386213,-73.91976939310089,-5.52580852430927,372.841,46.89898047698156,0.9555415689191435,352.88,1307187,1787764761,2026-08-26T17:19:21Z,NYSE:GE
16.140918350770896,-6.096094295671946,-73.81050041722997,-5.51242236024844,372.841,46.930089422011946,0.9698460834239246,352.93,1314077,1787764942,2026-08-26T17:22:22Z,NYSE:GE
16.140918350770896,-6.107522867100556,-73.72306928010121,-5.501713428999774,372.841,46.954950346320125,0.9812896950277528,352.97,1322443,1787765119,2026-08-26T17:25:19Z,NYSE:GE
16.140918350770896,-6.126094295671919,-73.58096342202495,-5.4843114157207,372.841,46.99529970756536,0.999885563883963,353.035,1332191,1787765301,2026-08-26T17:28:21Z,NYSE:GE
16.140918350770896,-6.228951438529066,-72.79323659084417,-5.387931034482759,372.841,47.21766629740996,1.10287806831835,353.395,1338400,1787765481,2026-08-26T17:31:21Z,NYSE:GE
16.140918350770896,-6.19466572424335,-73.05594009246026,-5.420057828228744,372.841,47.14375169724419,1.0685472335068824,353.275,1347646,1787765659,2026-08-26T17:34:19Z,NYSE:GE
16.140918350770896,-6.1746657242433685,-73.20912472048582,-5.4387984579139,372.841,47.10053916829979,1.0485209132001956,353.205,1354400,1787765854,2026-08-26T17:37:34Z,NYSE:GE
16.140918350770896,-6.233237152814809,-72.76038965394473,-5.383915185264499,372.841,47.22689108958185,1.107169422669796,353.41,1359900,1787766023,2026-08-26T17:40:23Z,NYSE:GE
16.140918350770896,-6.288951438529125,-72.33319736853704,-5.3317091454272765,372.841,47.34652062873425,1.162957029238427,353.605,1370921,1787766202,2026-08-26T17:43:22Z,NYSE:GE
16.140918350770896,-6.31323715281485,-72.14687944405351,-5.308952666523877,372.841,47.39849727046259,1.1872747038965432,353.69,1377365,1787766384,2026-08-26T17:46:24Z,NYSE:GE
16.140918350770896,-6.270380009957648,-72.4756323854407,-5.349111158706351,372.841,47.30670442438143,1.1443611603822166,353.54,1382328,1787766560,2026-08-26T17:49:20Z,NYSE:GE
16.140918350770896,-6.23180858138619,-72.77133885517156,-5.385253801670596,372.841,47.22381651715008,1.105738971219303,353.405,1506400,1787766740,2026-08-26T17:52:20Z,NYSE:GE
16.140918350770896,-6.287522867100506,-72.34415524331475,-5.333047761833359,372.841,47.34345998019175,1.1615265777879504,353.6,1512619,1787766919,2026-08-26T17:55:19Z,NYSE:GE
16.140918350770896,-6.267522867100524,-72.49754212790002,-5.35178839151853,372.841,47.30057350911165,1.1415002574812474,353.53,1519228,1787767103,2026-08-26T17:58:23Z,NYSE:GE
16.140918350770896,-6.237522867100552,-72.72754071661475,-5.379899336046255,372.841,47.23611265787499,1.1114607770212253,353.425,1524653,1787767278,2026-08-26T18:01:18Z,NYSE:GE
16.140918350770896,-6.2560942956719146,-72.58517220097549,-5.36249732276718,372.841,47.27603557463283,1.1300566458774357,353.49,1533091,1787767461,2026-08-26T18:04:21Z,NYSE:GE
16.140918350770896,-6.244951438529142,-72.67059781924074,-5.372938530734622,372.841,47.252089077553286,1.1188991245637123,353.451,1537120,1787767640,2026-08-26T18:07:20Z,NYSE:GE
16.140918350770896,-6.258951438529039,-72.56326601711255,-5.359820089955018,372.841,47.282172200259296,1.1329175487783885,353.5,1547351,1787767825,2026-08-26T18:10:25Z,NYSE:GE
16.140918350770896,-6.29038000995763,-72.3222392712256,-5.330370529021195,372.841,47.34958092149853,1.1643874806889034,353.61,1553641,1787768001,2026-08-26T18:13:21Z,NYSE:GE
16.140918350770896,-6.298951438529116,-72.25648601375771,-5.322338830584707,372.841,47.36793521021433,1.1729701893917623,353.64,1559369,1787768179,2026-08-26T18:16:19Z,NYSE:GE
16.140918350770896,-6.273237152814772,-72.4537217531969,-5.346433925894188,372.841,47.31283391330739,1.1472220632831696,353.55,1567612,1787768361,2026-08-26T18:19:21Z,NYSE:GE
16.140918350770896,-6.293237152814754,-72.30032240897246,-5.327693296209032,372.841,47.35570043994053,1.1672483835898564,353.62,1575203,1787768538,2026-08-26T18:22:18Z,NYSE:GE
16.140918350770896,-6.337522867100461,-71.96049717386173,-5.286196187620477,372.841,47.45037139637986,1.2115923785546594,353.775,1582047,1787768718,2026-08-26T18:25:18Z,NYSE:GE
16.140918350770896,-6.321808581386222,-72.08110481548854,-5.300920968087373,372.841,47.41681747582145,1.1958574125994184,353.72,1587510,1787768899,2026-08-26T18:28:19Z,NYSE:GE
16.140918350770896,-6.381808581386281,-71.6204578616985,-5.244699079031906,372.841,47.54470246791418,1.2559363735194788,353.93,1593952,1787769080,2026-08-26T18:31:20Z,NYSE:GE
16.140918350770896,-6.378951438529043,-71.64240234595815,-5.247376311844069,372.841,47.5386268133643,1.253075470618526,353.92,1602905,1787769260,2026-08-26T18:34:20Z,NYSE:GE
16.140918350770896,-6.433237152814854,-71.22530457712769,-5.196508888412928,372.841,47.65382410776794,1.3074326257366804,354.11,1611012,1787769440,2026-08-26T18:37:20Z,NYSE:GE
16.140918350770896,-6.404665724243387,-71.4448698745926,-5.223281216534588,372.841,47.593257089597415,1.2788235967271184,354.01,1628586,1787769625,2026-08-26T18:40:25Z,NYSE:GE
16.140918350770896,-6.361808581386185,-71.77405052462323,-5.263439708717062,372.841,47.50214330948194,1.235910053212792,353.86,1637674,1787769814,2026-08-26T18:43:34Z,NYSE:GE
16.140918350770896,-6.308951438529107,-72.17976375247555,-5.312968515742122,372.841,47.38933237982075,1.182983349545114,353.675,1645679,1787769981,2026-08-26T18:46:21Z,NYSE:GE
16.140918350770896,-6.371808581386176,-71.69725965489377,-5.254069393874492,372.841,47.5234315177001,1.245923213366127,353.895,1657712,1787770177,2026-08-26T18:49:37Z,NYSE:GE
16.140918350770896,-6.377522867100538,-71.65337425364159,-5.24871492825015,372.841,47.53558845827258,1.2516450191680493,353.915,1664847,1787770340,2026-08-26T18:52:20Z,NYSE:GE
16.140918350770896,-6.378951438529043,-71.64240234595815,-5.247376311844069,372.841,47.5386268133643,1.253075470618526,353.92,1671001,1787770521,2026-08-26T18:55:21Z,NYSE:GE
16.140918350770896,-6.38223715281481,-71.6171661121344,-5.244297494110076,372.841,47.545613694722,1.2563655089546282,353.9315,1681189,1787770700,2026-08-26T18:58:20Z,NYSE:GE
16.140918350770896,-6.367808581386271,-71.72797731347113,-5.257817519811526,372.841,47.51491830654921,1.2419179493047865,353.881,1690534,1787770878,2026-08-26T19:01:18Z,NYSE:GE
16.140918350770896,-6.407522867100511,-71.42291736126005,-5.220603983722425,372.841,47.59932009778795,1.2816844996280714,354.02,1699033,1787771059,2026-08-26T19:04:19Z,NYSE:GE
16.140918350770896,-6.406094295671892,-71.43389372947226,-5.221942600128506,372.841,47.59628876906227,1.280254048177595,354.015,1714178,1787771244,2026-08-26T19:07:24Z,NYSE:GE
16.140918350770896,-6.402522867100515,-71.4613336739938,-5.22528914114371,372.841,47.58870891263102,1.2766779195514038,354.0025,1720748,1787771418,2026-08-26T19:10:18Z,NYSE:GE
16.140918350770896,-6.388951438529034,-71.56559274886068,-5.2380059970014985,372.841,47.559885449278006,1.2630886307718612,353.955,1732703,1787771600,2026-08-26T19:13:20Z,NYSE:GE
16.140918350770896,-6.541808581386249,-70.39014167524331,-5.094774041550647,372.841,47.88270759715324,1.41614693597299,354.49,1749171,1787771781,2026-08-26T19:16:21Z,NYSE:GE
16.140918350770896,-6.600380009957689,-69.93905682191648,-5.039890768901261,372.841,48.00535500882018,1.4747954454425738,354.695,1770411,1787771960,2026-08-26T19:19:20Z,NYSE:GE
16.140918350770896,-6.567522867100479,-70.19215076422093,-5.0706789462411646,372.841,47.9366239795354,1.4418950620815825,354.58,1783329,1787772149,2026-08-26T19:22:29Z,NYSE:GE
16.140918350770896,-6.567522867100479,-70.19215076422093,-5.0706789462411646,372.841,47.9366239795354,1.4418950620815825,354.58,1791759,1787772323,2026-08-26T19:25:23Z,NYSE:GE
16.140918350770896,-6.533237152814763,-70.45612253445353,-5.10280573998715,372.841,47.86471064541667,1.4075642272701148,354.46,1811323,1787772504,2026-08-26T19:28:24Z,NYSE:GE
16.140918350770896,-6.573237152814841,-70.14814293549738,-5.065324480616824,372.841,47.94859025185917,1.4476168678835046,354.6,1840706,1787772682,2026-08-26T19:31:22Z,NYSE:GE
16.140918350770896,-6.536094295672001,-70.43412980957915,-5.100128507174972,372.841,47.87071101020132,1.410425130171084,354.47,1858081,1787772865,2026-08-26T19:34:25Z,NYSE:GE
16.140918350770896,-6.566094295671974,-70.20315216173165,-5.072017562647246,372.841,47.93363155172808,1.440464610631106,354.575,1873196,1787773044,2026-08-26T19:37:24Z,NYSE:GE
16.140918350770896,-6.637522867100529,-69.6528079220726,-5.005086742343113,372.841,48.08283276263018,1.5119871831549945,354.825,1896905,1787773220,2026-08-26T19:40:20Z,NYSE:GE
16.140918350770896,-6.616094295671928,-69.81797000662961,-5.02516598843435,372.841,48.03816226221564,1.4905304113978313,354.75,1918176,1787773404,2026-08-26T19:43:24Z,NYSE:GE
16.140918350770896,-6.653237152814768,-69.53165700127164,-4.990361961876201,372.841,48.11554234677645,1.527722149110252,354.88,1935343,1787773587,2026-08-26T19:46:27Z,NYSE:GE
16.140918350770896,-6.704665724243341,-69.13497329638979,-4.942171771257224,372.841,48.22230431435925,1.5792184013274535,355.06,1958449,1787773761,2026-08-26T19:49:21Z,NYSE:GE
16.140918350770896,-6.693237152814845,-69.2231503656248,-4.95288070250589,372.841,48.19861741989366,1.5677747897236256,355.02,1973276,1787773944,2026-08-26T19:52:24Z,NYSE:GE
16.140918350770896,-6.691808581386226,-69.23417148911993,-4.954219318911972,372.841,48.19565503416991,1.5663443382731492,355.015,1988238,1787774126,2026-08-26T19:55:26Z,NYSE:GE
16.140918350770896,-6.67323715281475,-69.37742567148635,-4.971621332191046,372.841,48.15711316400172,1.5477484694169388,354.95,2011511,1787774301,2026-08-26T19:58:21Z,NYSE:GE
16.140918350770896,-6.634665724243405,-69.67483244739704,-5.007763975155275,372.841,48.07688113401503,1.5091262802540415,354.815,2039538,1787774483,2026-08-26T20:01:23Z,NYSE:GE
16.140918350770896,-6.644665724243396,-69.59774268520353,-4.99839366031269,372.841,48.09770586663973,1.519139440407393,354.85,2066698,1787774661,2026-08-26T20:04:21Z,NYSE:GE
16.140918350770896,-6.593237152814822,-69.99408732212073,-5.046583850931668,372.841,47.99042892205039,1.4676431881901917,354.67,2101058,1787774842,2026-08-26T20:07:22Z,NYSE:GE
16.140918350770896,-6.67323715281475,-69.37742567148635,-4.971621332191046,372.841,48.15711316400172,1.5477484694169388,354.95,2136142,1787775022,2026-08-26T20:10:22Z,NYSE:GE
16.140918350770896,-6.630380009957662,-69.70786755402924,-5.011779824373519,372.841,48.06795113211392,1.504834925902612,354.8,2216247,1787775201,2026-08-26T20:13:21Z,NYSE:GE
16.140918350770896,-6.513237152814781,-70.61004655751574,-5.121546369672306,372.841,47.82266938295565,1.3875379069634275,354.39,3008878,1787775383,2026-08-26T20:16:23Z,NYSE:GE
16.140918350770896,-6.513237152814781,-70.61004655751574,-5.121546369672306,372.841,47.82266938295565,1.3875379069634275,354.39,3031949,1787775560,2026-08-26T20:19:20Z,NYSE:GE
16.140918350770896,-6.513237152814781,-70.61004655751574,-5.121546369672306,372.841,47.82266938295565,1.3875379069634275,354.39,3032245,1787775740,2026-08-26T20:22:20Z,NYSE:GE
16.140918350770896,-6.513237152814781,-70.61004655751574,-5.121546369672306,372.841,47.82266938295565,1.3875379069634275,354.39,3033235,1787775922,2026-08-26T20:25:22Z,NYSE:GE
16.140918350770896,-6.513237152814781,-70.61004655751574,-5.121546369672306,372.841,47.82266938295565,1.3875379069634275,354.39,3033243,1787776101,2026-08-26T20:28:21Z,NYSE:GE
16.140918350770896,-6.513237152814781,-70.61004655751574,-5.121546369672306,372.841,47.82266938295565,1.3875379069634275,354.39,3033258,1787776281,2026-08-26T20:31:21Z,NYSE:GE
16.140918350770896,-6.513237152814781,-70.61004655751574,-5.121546369672306,372.841,47.82266938295565,1.3875379069634275,354.39,3033308,1787776458,2026-08-26T20:34:18Z,NYSE:GE
16.140918350770896,-6.513237152814781,-70.61004655751574,-5.121546369672306,372.841,47.82266938295565,1.3875379069634275,354.39,3033326,1787776640,2026-08-26T20:37:20Z,NYSE:GE
16.140918350770896,-6.513237152814781,-70.61004655751574,-5.121546369672306,372.841,47.82266938295565,1.3875379069634275,354.39,3033401,1787776820,2026-08-26T20:40:20Z,NYSE:GE
16.140918350770896,-6.513237152814781,-70.61004655751574,-5.121546369672306,372.841,47.82266938295565,1.3875379069634275,354.39,3033741,1787777000,2026-08-26T20:43:20Z,NYSE:GE
16.140918350770896,-6.513237152814781,-70.61004655751574,-5.121546369672306,372.841,47.82266938295565,1.3875379069634275,354.39,3033785,1787777183,2026-08-26T20:46:23Z,NYSE:GE
16.140918350770896,-6.513237152814781,-70.61004655751574,-5.121546369672306,372.841,47.82266938295565,1.3875379069634275,354.39,3033787,1787777361,2026-08-26T20:49:21Z,NYSE:GE
16.140918350770896,-6.513237152814781,-70.61004655751574,-5.121546369672306,372.841,47.82266938295565,1.3875379069634275,354.39,3033794,1787777538,2026-08-26T20:52:18Z,NYSE:GE
16.140918350770896,-6.513237152814781,-70.61004655751574,-5.121546369672306,372.841,47.82266938295565,1.3875379069634275,354.39,3033805,1787777718,2026-08-26T20:55:18Z,NYSE:GE
16.140918350770896,-6.513237152814781,-70.61004655751574,-5.121546369672306,372.841,47.82266938295565,1.3875379069634275,354.39,3033835,1787777901,2026-08-26T20:58:21Z,NYSE:GE
16.140918350770896,-6.513237152814781,-70.61004655751574,-5.121546369672306,372.841,47.82266938295565,1.3875379069634275,354.39,3033842,1787778080,2026-08-26T21:01:20Z,NYSE:GE
16.140918350770896,-6.513237152814781,-70.61004655751574,-5.121546369672306,372.841,47.82266938295565,1.3875379069634275,354.39,3033844,1787778264,2026-08-26T21:04:24Z,NYSE:GE
16.140918350770896,-6.513237152814781,-70.61004655751574,-5.121546369672306,372.841,47.82266938295565,1.3875379069634275,354.39,3033863,1787778441,2026-08-26T21:07:21Z,NYSE:GE
16.140918350770896,-6.513237152814781,-70.61004655751574,-5.121546369672306,372.841,47.82266938295565,1.3875379069634275,354.39,3033944,1787778618,2026-08-26T21:10:18Z,NYSE:GE
16.140918350770896,-6.513237152814781,-70.61004655751574,-5.121546369672306,372.841,47.82266938295565,1.3875379069634275,354.39,3034454,1787778802,2026-08-26T21:13:22Z,NYSE:GE
16.140918350770896,-6.513237152814781,-70.61004655751574,-5.121546369672306,372.841,47.82266938295565,1.3875379069634275,354.39,3034520,1787778980,2026-08-26T21:16:20Z,NYSE:GE
16.140918350770896,-6.513237152814781,-70.61004655751574,-5.121546369672306,372.841,47.82266938295565,1.3875379069634275,354.39,3034532,1787779157,2026-08-26T21:19:17Z,NYSE:GE
16.140918350770896,-6.513237152814781,-70.61004655751574,-5.121546369672306,372.841,47.82266938295565,1.3875379069634275,354.39,3034682,1787779340,2026-08-26T21:22:20Z,NYSE:GE
16.140918350770896,-6.513237152814781,-70.61004655751574,-5.121546369672306,372.841,47.82266938295565,1.3875379069634275,354.39,3034824,1787779519,2026-08-26T21:25:19Z,NYSE:GE
16.140918350770896,-6.513237152814781,-70.61004655751574,-5.121546369672306,372.841,47.82266938295565,1.3875379069634275,354.39,3034842,1787779699,2026-08-26T21:28:19Z,NYSE:GE
16.140918350770896,-6.513237152814781,-70.61004655751574,-5.121546369672306,372.841,47.82266938295565,1.3875379069634275,354.39,3034924,1787779881,2026-08-26T21:31:21Z,NYSE:GE
16.140918350770896,-6.513237152814781,-70.61004655751574,-5.121546369672306,372.841,47.82266938295565,1.3875379069634275,354.39,3034934,1787780061,2026-08-26T21:34:21Z,NYSE:GE
16.140918350770896,-6.513237152814781,-70.61004655751574,-5.121546369672306,372.841,47.82266938295565,1.3875379069634275,354.39,3035392,1787780242,2026-08-26T21:37:22Z,NYSE:GE
16.140918350770896,-6.513237152814781,-70.61004655751574,-5.121546369672306,372.841,47.82266938295565,1.3875379069634275,354.39,3035393,1787780421,2026-08-26T21:40:21Z,NYSE:GE
16.140918350770896,-6.513237152814781,-70.61004655751574,-5.121546369672306,372.841,47.82266938295565,1.3875379069634275,354.39,3035394,1787780601,2026-08-26T21:43:21Z,NYSE:GE
16.140918350770896,-6.513237152814781,-70.61004655751574,-5.121546369672306,372.841,47.82266938295565,1.3875379069634275,354.39,3035396,1787780782,2026-08-26T21:46:22Z,NYSE:GE
16.140918350770896,-6.513237152814781,-70.61004655751574,-5.121546369672306,372.841,47.82266938295565,1.3875379069634275,354.39,3035421,1787780959,2026-08-26T21:49:19Z,NYSE:GE
16.140918350770896,-6.513237152814781,-70.61004655751574,-5.121546369672306,372.841,47.82266938295565,1.3875379069634275,354.39,3035423,1787781141,2026-08-26T21:52:21Z,NYSE:GE
16.140918350770896,-6.513237152814781,-70.61004655751574,-5.121546369672306,372.841,47.82266938295565,1.3875379069634275,354.39,3035423,1787781323,2026-08-26T21:55:23Z,NYSE:GE
16.140918350770896,-6.513237152814781,-70.61004655751574,-5.121546369672306,372.841,47.82266938295565,1.3875379069634275,354.39,3035447,1787781497,2026-08-26T21:58:17Z,NYSE:GE
16.140918350770896,-6.513237152814781,-70.61004655751574,-5.121546369672306,372.841,47.82266938295565,1.3875379069634275,354.39,3035495,1787781685,2026-08-26T22:01:25Z,NYSE:GE
16.140918350770896,-6.513237152814781,-70.61004655751574,-5.121546369672306,372.841,47.82266938295565,1.3875379069634275,354.39,3035518,1787781863,2026-08-26T22:04:23Z,NYSE:GE
16.140918350770896,-6.513237152814781,-70.61004655751574,-5.121546369672306,372.841,47.82266938295565,1.3875379069634275,354.39,3035543,1787782037,2026-08-26T22:07:17Z,NYSE:GE
16.140918350770896,-6.513237152814781,-70.61004655751574,-5.121546369672306,372.841,47.82266938295565,1.3875379069634275,354.39,3035653,1787782219,2026-08-26T22:10:19Z,NYSE:GE
16.140918350770896,-6.513237152814781,-70.61004655751574,-5.121546369672306,372.841,47.82266938295565,1.3875379069634275,354.39,3035654,1787782401,2026-08-26T22:13:21Z,NYSE:GE
16.140918350770896,-6.513237152814781,-70.61004655751574,-5.121546369672306,372.841,47.82266938295565,1.3875379069634275,354.39,3035781,1787782580,2026-08-26T22:16:20Z,NYSE:GE
16.140918350770896,-6.513237152814781,-70.61004655751574,-5.121546369672306,372.841,47.82266938295565,1.3875379069634275,354.39,3035804,1787782764,2026-08-26T22:19:24Z,NYSE:GE
16.140918350770896,-6.513237152814781,-70.61004655751574,-5.121546369672306,372.841,47.82266938295565,1.3875379069634275,354.39,3035823,1787782940,2026-08-26T22:22:20Z,NYSE:GE
16.140918350770896,-6.513237152814781,-70.61004655751574,-5.121546369672306,372.841,47.82266938295565,1.3875379069634275,354.39,3035834,1787783121,2026-08-26T22:25:21Z,NYSE:GE
16.140918350770896,-6.513237152814781,-70.61004655751574,-5.121546369672306,372.841,47.82266938295565,1.3875379069634275,354.39,3035882,1787783303,2026-08-26T22:28:23Z,NYSE:GE
16.140918350770896,-6.513237152814781,-70.61004655751574,-5.121546369672306,372.841,47.82266938295565,1.3875379069634275,354.39,3035887,1787783476,2026-08-26T22:31:16Z,NYSE:GE
16.140918350770896,-6.513237152814781,-70.61004655751574,-5.121546369672306,372.841,47.82266938295565,1.3875379069634275,354.39,3035887,1787783660,2026-08-26T22:34:20Z,NYSE:GE
16.140918350770896,-6.513237152814781,-70.61004655751574,-5.121546369672306,372.841,47.82266938295565,1.3875379069634275,354.39,3036898,1787783841,2026-08-26T22:37:21Z,NYSE:GE
16.140918350770896,-6.513237152814781,-70.61004655751574,-5.121546369672306,372.841,47.82266938295565,1.3875379069634275,354.39,3037077,1787784021,2026-08-26T22:40:21Z,NYSE:GE
16.140918350770896,-6.513237152814781,-70.61004655751574,-5.121546369672306,372.841,47.82266938295565,1.3875379069634275,354.39,3037079,1787784201,2026-08-26T22:43:21Z,NYSE:GE
16.140918350770896,-6.513237152814781,-70.61004655751574,-5.121546369672306,372.841,47.82266938295565,1.3875379069634275,354.39,3037092,1787784382,2026-08-26T22:46:22Z,NYSE:GE
16.140918350770896,-6.513237152814781,-70.61004655751574,-5.121546369672306,372.841,47.82266938295565,1.3875379069634275,354.39,3037121,1787784558,2026-08-26T22:49:18Z,NYSE:GE
16.140918350770896,-6.513237152814781,-70.61004655751574,-5.121546369672306,372.841,47.82266938295565,1.3875379069634275,354.39,3037209,1787784738,2026-08-26T22:52:18Z,NYSE:GE
16.140918350770896,-6.513237152814781,-70.61004655751574,-5.121546369672306,372.841,47.82266938295565,1.3875379069634275,354.39,3037237,1787784923,2026-08-26T22:55:23Z,NYSE:GE
16.140918350770896,-6.513237152814781,-70.61004655751574,-5.121546369672306,372.841,47.82266938295565,1.3875379069634275,354.39,3037275,1787785101,2026-08-26T22:58:21Z,NYSE:GE
16.140918350770896,-6.513237152814781,-70.61004655751574,-5.121546369672306,372.841,47.82266938295565,1.3875379069634275,354.39,3037372,1787785284,2026-08-26T23:01:24Z,NYSE:GE
16.140918350770896,-6.513237152814781,-70.61004655751574,-5.121546369672306,372.841,47.82266938295565,1.3875379069634275,354.39,3037413,1787785461,2026-08-26T23:04:21Z,NYSE:GE
16.140918350770896,-6.513237152814781,-70.61004655751574,-5.121546369672306,372.841,47.82266938295565,1.3875379069634275,354.39,3037417,1787785638,2026-08-26T23:07:18Z,NYSE:GE
16.140918350770896,-6.513237152814781,-70.61004655751574,-5.121546369672306,372.841,47.82266938295565,1.3875379069634275,354.39,3037424,1787785823,2026-08-26T23:10:23Z,NYSE:GE
16.140918350770896,-6.513237152814781,-70.61004655751574,-5.121546369672306,372.841,47.82266938295565,1.3875379069634275,354.39,3037426,1787786001,2026-08-26T23:13:21Z,NYSE:GE
16.140918350770896,-6.513237152814781,-70.61004655751574,-5.121546369672306,372.841,47.82266938295565,1.3875379069634275,354.39,3037432,1787786184,2026-08-26T23:16:24Z,NYSE:GE
16.140918350770896,-6.513237152814781,-70.61004655751574,-5.121546369672306,372.841,47.82266938295565,1.3875379069634275,354.39,3037444,1787786359,2026-08-26T23:19:19Z,NYSE:GE
16.140918350770896,-6.513237152814781,-70.61004655751574,-5.121546369672306,372.841,47.82266938295565,1.3875379069634275,354.39,3037450,1787786540,2026-08-26T23:22:20Z,NYSE:GE
16.140918350770896,-6.513237152814781,-70.61004655751574,-5.121546369672306,372.841,47.82266938295565,1.3875379069634275,354.39,3037510,1787786722,2026-08-26T23:25:22Z,NYSE:GE
16.140918350770896,-6.513237152814781,-70.61004655751574,-5.121546369672306,372.841,47.82266938295565,1.3875379069634275,354.39,3037601,1787786901,2026-08-26T23:28:21Z,NYSE:GE
16.140918350770896,-6.513237152814781,-70.61004655751574,-5.121546369672306,372.841,47.82266938295565,1.3875379069634275,354.39,3037648,1787787080,2026-08-26T23:31:20Z,NYSE:GE
16.140918350770896,-6.513237152814781,-70.61004655751574,-5.121546369672306,372.841,47.82266938295565,1.3875379069634275,354.39,3037648,1787787264,2026-08-26T23:34:24Z,NYSE:GE
16.140918350770896,-6.513237152814781,-70.61004655751574,-5.121546369672306,372.841,47.82266938295565,1.3875379069634275,354.39,3037653,1787787441,2026-08-26T23:37:21Z,NYSE:GE
16.140918350770896,-6.513237152814781,-70.61004655751574,-5.121546369672306,372.841,47.82266938295565,1.3875379069634275,354.39,3037676,1787787620,2026-08-26T23:40:20Z,NYSE:GE
16.140918350770896,-6.513237152814781,-70.61004655751574,-5.121546369672306,372.841,47.82266938295565,1.3875379069634275,354.39,3037697,1787787803,2026-08-26T23:43:23Z,NYSE:GE
16.140918350770896,-6.513237152814781,-70.61004655751574,-5.121546369672306,372.841,47.82266938295565,1.3875379069634275,354.39,3037700,1787787980,2026-08-26T23:46:20Z,NYSE:GE
16.140918350770896,-6.513237152814781,-70.61004655751574,-5.121546369672306,372.841,47.82266938295565,1.3875379069634275,354.39,3037700,1787788164,2026-08-26T23:49:24Z,NYSE:GE
16.140918350770896,-6.513237152814781,-70.61004655751574,-5.121546369672306,372.841,47.82266938295565,1.3875379069634275,354.39,3038400,1787788336,2026-08-26T23:52:16Z,NYSE:GE
16.140918350770896,-6.513237152814781,-70.61004655751574,-5.121546369672306,372.841,47.82266938295565,1.3875379069634275,354.39,3038420,1787788520,2026-08-26T23:55:20Z,NYSE:GE
16.140918350770896,-6.513237152814781,-70.61004655751574,-5.121546369672306,372.841,47.82266938295565,1.3875379069634275,354.39,3038435,1787788700,2026-08-26T23:58:20Z,NYSE:GE
16.140918350770896,-6.513237152814781,-70.61004655751574,-5.121546369672306,372.841,47.82266938295565,1.3875379069634275,354.39,3038513,1787788879,2026-08-27T00:01:19Z,NYSE:GE
16.140918350770896,-6.513237152814781,-70.61004655751574,-5.121546369672306,372.841,47.82266938295565,1.3875379069634275,354.39,3038548,1787789058,2026-08-27T00:04:18Z,NYSE:GE
16.140918350770896,-6.513237152814781,-70.61004655751574,-5.121546369672306,372.841,47.82266938295565,1.3875379069634275,354.39,3038555,1787789240,2026-08-27T00:07:20Z,NYSE:GE
16.140918350770896,-6.513237152814781,-70.61004655751574,-5.121546369672306,372.841,47.82266938295565,1.3875379069634275,354.39,3038630,1787789419,2026-08-27T00:10:19Z,NYSE:GE
16.140918350770896,-6.513237152814781,-70.61004655751574,-5.121546369672306,372.841,47.82266938295565,1.3875379069634275,354.39,3038633,1787789600,2026-08-27T00:13:20Z,NYSE:GE
16.140918350770896,-6.513237152814781,-70.61004655751574,-5.121546369672306,372.841,47.82266938295565,1.3875379069634275,354.39,3038648,1787789782,2026-08-27T00:16:22Z,NYSE:GE
16.140918350770896,-6.513237152814781,-70.61004655751574,-5.121546369672306,372.841,47.82266938295565,1.3875379069634275,354.39,3038648,1787789962,2026-08-27T00:19:22Z,NYSE:GE
16.140918350770896,-6.513237152814781,-70.61004655751574,-5.121546369672306,372.841,47.82266938295565,1.3875379069634275,354.39,3038648,1787790141,2026-08-27T00:22:21Z,NYSE:GE
16.140918350770896,-6.513237152814781,-70.61004655751574,-5.121546369672306,372.841,47.82266938295565,1.3875379069634275,354.39,3038648,1787790321,2026-08-27T00:25:21Z,NYSE:GE
16.140918350770896,-6.513237152814781,-70.61004655751574,-5.121546369672306,372.841,47.82266938295565,1.3875379069634275,354.39,3038648,1787790503,2026-08-27T00:28:23Z,NYSE:GE
16.140918350770896,-6.513237152814781,-70.61004655751574,-5.121546369672306,372.841,47.82266938295565,1.3875379069634275,354.39,3038648,1787790679,2026-08-27T00:31:19Z,NYSE:GE
16.140918350770896,-6.513237152814781,-70.61004655751574,-5.121546369672306,372.841,47.82266938295565,1.3875379069634275,354.39,3038648,1787790862,2026-08-27T00:34:22Z,NYSE:GE
16.140918350770896,-6.513237152814781,-70.61004655751574,-5.121546369672306,372.841,47.82266938295565,1.3875379069634275,354.39,3038648,1787791038,2026-08-27T00:37:18Z,NYSE:GE
16.140918350770896,-6.513237152814781,-70.61004655751574,-5.121546369672306,372.841,47.82266938295565,1.3875379069634275,354.39,3038648,1787791220,2026-08-27T00:40:20Z,NYSE:GE
16.140918350770896,-6.513237152814781,-70.61004655751574,-5.121546369672306,372.841,47.82266938295565,1.3875379069634275,354.39,3038648,1787791399,2026-08-27T00:43:19Z,NYSE:GE
16.140918350770896,-6.513237152814781,-70.61004655751574,-5.121546369672306,372.841,47.82266938295565,1.3875379069634275,354.39,3038648,1787791581,2026-08-27T00:46:21Z,NYSE:GE
16.140918350770896,-6.513237152814781,-70.61004655751574,-5.121546369672306,372.841,47.82266938295565,1.3875379069634275,354.39,3038648,1787791758,2026-08-27T00:49:18Z,NYSE:GE
16.140918350770896,-6.513237152814781,-70.61004655751574,-5.121546369672306,372.841,47.82266938295565,1.3875379069634275,354.39,3038648,1787791941,2026-08-27T00:52:21Z,NYSE:GE
16.140918350770896,-6.513237152814781,-70.61004655751574,-5.121546369672306,372.841,47.82266938295565,1.3875379069634275,354.39,3038648,1787792121,2026-08-27T00:55:21Z,NYSE:GE
16.140918350770896,-6.513237152814781,-70.61004655751574,-5.121546369672306,372.841,47.82266938295565,1.3875379069634275,354.39,3038648,1787792298,2026-08-27T00:58:18Z,NYSE:GE
16.140918350770896,-6.513237152814781,-70.61004655751574,-5.121546369672306,372.841,47.82266938295565,1.3875379069634275,354.39,3038648,1787792480,2026-08-27T01:01:20Z,NYSE:GE
16.140918350770896,-6.513237152814781,-70.61004655751574,-5.121546369672306,372.841,47.82266938295565,1.3875379069634275,354.39,3038648,1787792658,2026-08-27T01:04:18Z,NYSE:GE
16.140918350770896,-6.513237152814781,-70.61004655751574,-5.121546369672306,372.841,47.82266938295565,1.3875379069634275,354.39,3038648,1787792836,2026-08-27T01:07:16Z,NYSE:GE
16.140918350770896,-6.513237152814781,-70.61004655751574,-5.121546369672306,372.841,47.82266938295565,1.3875379069634275,354.39,3038648,1787793020,2026-08-27T01:10:20Z,NYSE:GE
16.140918350770896,-6.513237152814781,-70.61004655751574,-5.121546369672306,372.841,47.82266938295565,1.3875379069634275,354.39,3038648,1787793197,2026-08-27T01:13:17Z,NYSE:GE
16.140918350770896,-6.513237152814781,-70.61004655751574,-5.121546369672306,372.841,47.82266938295565,1.3875379069634275,354.39,3038648,1787793380,2026-08-27T01:16:20Z,NYSE:GE
16.140918350770896,-6.513237152814781,-70.61004655751574,-5.121546369672306,372.841,47.82266938295565,1.3875379069634275,354.39,3038648,1787793565,2026-08-27T01:19:25Z,NYSE:GE
16.140918350770896,-6.513237152814781,-70.61004655751574,-5.121546369672306,372.841,47.82266938295565,1.3875379069634275,354.39,3038648,1787793740,2026-08-27T01:22:20Z,NYSE:GE
16.140918350770896,-6.513237152814781,-70.61004655751574,-5.121546369672306,372.841,47.82266938295565,1.3875379069634275,354.39,3038648,1787793922,2026-08-27T01:25:22Z,NYSE:GE
16.140918350770896,-6.513237152814781,-70.61004655751574,-5.121546369672306,372.841,47.82266938295565,1.3875379069634275,354.39,3038648,1787794102,2026-08-27T01:28:22Z,NYSE:GE
16.140918350770896,-6.513237152814781,-70.61004655751574,-5.121546369672306,372.841,47.82266938295565,1.3875379069634275,354.39,3038648,1787794280,2026-08-27T01:31:20Z,NYSE:GE
16.140918350770896,-6.513237152814781,-70.61004655751574,-5.121546369672306,372.841,47.82266938295565,1.3875379069634275,354.39,3038648,1787794463,2026-08-27T01:34:23Z,NYSE:GE
16.140918350770896,-6.513237152814781,-70.61004655751574,-5.121546369672306,372.841,47.82266938295565,1.3875379069634275,354.39,3038648,1787794637,2026-08-27T01:37:17Z,NYSE:GE
16.140918350770896,-6.513237152814781,-70.61004655751574,-5.121546369672306,372.841,47.82266938295565,1.3875379069634275,354.39,3038648,1787794823,2026-08-27T01:40:23Z,NYSE:GE
16.140918350770896,-6.513237152814781,-70.61004655751574,-5.121546369672306,372.841,47.82266938295565,1.3875379069634275,354.39,3038648,1787795002,2026-08-27T01:43:22Z,NYSE:GE
16.140918350770896,-6.513237152814781,-70.61004655751574,-5.121546369672306,372.841,47.82266938295565,1.3875379069634275,354.39,3038648,1787795177,2026-08-27T01:46:17Z,NYSE:GE
16.140918350770896,-6.513237152814781,-70.61004655751574,-5.121546369672306,372.841,47.82266938295565,1.3875379069634275,354.39,3038648,1787795363,2026-08-27T01:49:23Z,NYSE:GE
16.140918350770896,-6.513237152814781,-70.61004655751574,-5.121546369672306,372.841,47.82266938295565,1.3875379069634275,354.39,3038648,1787795550,2026-08-27T01:52:30Z,NYSE:GE
16.140918350770896,-6.513237152814781,-70.61004655751574,-5.121546369672306,372.841,47.82266938295565,1.3875379069634275,354.39,3038648,1787795718,2026-08-27T01:55:18Z,NYSE:GE
16.140918350770896,-6.513237152814781,-70.61004655751574,-5.121546369672306,372.841,47.82266938295565,1.3875379069634275,354.39,3038648,1787795902,2026-08-27T01:58:22Z,NYSE:GE
16.140918350770896,-6.513237152814781,-70.61004655751574,-5.121546369672306,372.841,47.82266938295565,1.3875379069634275,354.39,3038648,1787796082,2026-08-27T02:01:22Z,NYSE:GE
16.140918350770896,-6.513237152814781,-70.61004655751574,-5.121546369672306,372.841,47.82266938295565,1.3875379069634275,354.39,3038648,1787796259,2026-08-27T02:04:19Z,NYSE:GE
16.140918350770896,-6.513237152814781,-70.61004655751574,-5.121546369672306,372.841,47.82266938295565,1.3875379069634275,354.39,3038648,1787796437,2026-08-27T02:07:17Z,NYSE:GE
16.140918350770896,-6.513237152814781,-70.61004655751574,-5.121546369672306,372.841,47.82266938295565,1.3875379069634275,354.39,3038648,1787796619,2026-08-27T02:10:19Z,NYSE:GE
16.140918350770896,-6.513237152814781,-70.61004655751574,-5.121546369672306,372.841,47.82266938295565,1.3875379069634275,354.39,3038648,1787796803,2026-08-27T02:13:23Z,NYSE:GE
16.140918350770896,-6.513237152814781,-70.61004655751574,-5.121546369672306,372.841,47.82266938295565,1.3875379069634275,354.39,3038648,1787796982,2026-08-27T02:16:22Z,NYSE:GE
16.140918350770896,-6.513237152814781,-70.61004655751574,-5.121546369672306,372.841,47.82266938295565,1.3875379069634275,354.39,3038648,1787797160,2026-08-27T02:19:20Z,NYSE:GE
16.140918350770896,-6.513237152814781,-70.61004655751574,-5.121546369672306,372.841,47.82266938295565,1.3875379069634275,354.39,3038648,1787797344,2026-08-27T02:22:24Z,NYSE:GE
16.140918350770896,-6.513237152814781,-70.61004655751574,-5.121546369672306,372.841,47.82266938295565,1.3875379069634275,354.39,3038648,1787797520,2026-08-27T02:25:20Z,NYSE:GE
16.140918350770896,-6.513237152814781,-70.61004655751574,-5.121546369672306,372.841,47.82266938295565,1.3875379069634275,354.39,3038648,1787797705,2026-08-27T02:28:25Z,NYSE:GE
16.140918350770896,-6.513237152814781,-70.61004655751574,-5.121546369672306,372.841,47.82266938295565,1.3875379069634275,354.39,3038648,1787797878,2026-08-27T02:31:18Z,NYSE:GE
16.140918350770896,-6.513237152814781,-70.61004655751574,-5.121546369672306,372.841,47.82266938295565,1.3875379069634275,354.39,3038648,1787798060,2026-08-27T02:34:20Z,NYSE:GE
16.140918350770896,-6.513237152814781,-70.61004655751574,-5.121546369672306,372.841,47.82266938295565,1.3875379069634275,354.39,3038648,1787798237,2026-08-27T02:37:17Z,NYSE:GE
16.140918350770896,-6.513237152814781,-70.61004655751574,-5.121546369672306,372.841,47.82266938295565,1.3875379069634275,354.39,3038648,1787798422,2026-08-27T02:40:22Z,NYSE:GE
16.140918350770896,-6.513237152814781,-70.61004655751574,-5.121546369672306,372.841,47.82266938295565,1.3875379069634275,354.39,3038648,1787798600,2026-08-27T02:43:20Z,NYSE:GE
16.140918350770896,-6.513237152814781,-70.61004655751574,-5.121546369672306,372.841,47.82266938295565,1.3875379069634275,354.39,3038648,1787798784,2026-08-27T02:46:24Z,NYSE:GE
16.140918350770896,-6.513237152814781,-70.61004655751574,-5.121546369672306,372.841,47.82266938295565,1.3875379069634275,354.39,3038648,1787798958,2026-08-27T02:49:18Z,NYSE:GE
16.140918350770896,-6.513237152814781,-70.61004655751574,-5.121546369672306,372.841,47.82266938295565,1.3875379069634275,354.39,3038648,1787799140,2026-08-27T02:52:20Z,NYSE:GE
16.140918350770896,-6.513237152814781,-70.61004655751574,-5.121546369672306,372.841,47.82266938295565,1.3875379069634275,354.39,3038648,1787799320,2026-08-27T02:55:20Z,NYSE:GE
16.140918350770896,-6.513237152814781,-70.61004655751574,-5.121546369672306,372.841,47.82266938295565,1.3875379069634275,354.39,3038648,1787799500,2026-08-27T02:58:20Z,NYSE:GE
16.140918350770896,-6.513237152814781,-70.61004655751574,-5.121546369672306,372.841,47.82266938295565,1.3875379069634275,354.39,3038648,1787799680,2026-08-27T03:01:20Z,NYSE:GE
16.140918350770896,-6.513237152814781,-70.61004655751574,-5.121546369672306,372.841,47.82266938295565,1.3875379069634275,354.39,3038648,1787799860,2026-08-27T03:04:20Z,NYSE:GE
16.140918350770896,-6.513237152814781,-70.61004655751574,-5.121546369672306,372.841,47.82266938295565,1.3875379069634275,354.39,3038648,1787800037,2026-08-27T03:07:17Z,NYSE:GE
16.140918350770896,-6.513237152814781,-70.61004655751574,-5.121546369672306,372.841,47.82266938295565,1.3875379069634275,354.39,3038648,1787800220,2026-08-27T03:10:20Z,NYSE:GE
16.140918350770896,-6.513237152814781,-70.61004655751574,-5.121546369672306,372.841,47.82266938295565,1.3875379069634275,354.39,3038648,1787800401,2026-08-27T03:13:21Z,NYSE:GE
16.140918350770896,-6.513237152814781,-70.61004655751574,-5.121546369672306,372.841,47.82266938295565,1.3875379069634275,354.39,3038648,1787800578,2026-08-27T03:16:18Z,NYSE:GE
16.140918350770896,-6.513237152814781,-70.61004655751574,-5.121546369672306,372.841,47.82266938295565,1.3875379069634275,354.39,3038648,1787800757,2026-08-27T03:19:17Z,NYSE:GE
16.140918350770896,-6.513237152814781,-70.61004655751574,-5.121546369672306,372.841,47.82266938295565,1.3875379069634275,354.39,3038648,1787800940,2026-08-27T03:22:20Z,NYSE:GE
16.140918350770896,-6.513237152814781,-70.61004655751574,-5.121546369672306,372.841,47.82266938295565,1.3875379069634275,354.39,3038648,1787801118,2026-08-27T03:25:18Z,NYSE:GE
16.140918350770896,-6.513237152814781,-70.61004655751574,-5.121546369672306,372.841,47.82266938295565,1.3875379069634275,354.39,3038648,1787801299,2026-08-27T03:28:19Z,NYSE:GE
16.140918350770896,-6.513237152814781,-70.61004655751574,-5.121546369672306,372.841,47.82266938295565,1.3875379069634275,354.39,3038648,1787801478,2026-08-27T03:31:18Z,NYSE:GE
16.140918350770896,-6.513237152814781,-70.61004655751574,-5.121546369672306,372.841,47.82266938295565,1.3875379069634275,354.39,3038648,1787801665,2026-08-27T03:34:25Z,NYSE:GE
16.140918350770896,-6.513237152814781,-70.61004655751574,-5.121546369672306,372.841,47.82266938295565,1.3875379069634275,354.39,3038648,1787801843,2026-08-27T03:37:23Z,NYSE:GE
16.140918350770896,-6.513237152814781,-70.61004655751574,-5.121546369672306,372.841,47.82266938295565,1.3875379069634275,354.39,3038648,1787802021,2026-08-27T03:40:21Z,NYSE:GE
16.140918350770896,-6.513237152814781,-70.61004655751574,-5.121546369672306,372.841,47.82266938295565,1.3875379069634275,354.39,3038648,1787802199,2026-08-27T03:43:19Z,NYSE:GE
16.140918350770896,-6.513237152814781,-70.61004655751574,-5.121546369672306,372.841,47.82266938295565,1.3875379069634275,354.39,3038648,1787802380,2026-08-27T03:46:20Z,NYSE:GE
16.140918350770896,-6.513237152814781,-70.61004655751574,-5.121546369672306,372.841,47.82266938295565,1.3875379069634275,354.39,3038648,1787802562,2026-08-27T03:49:22Z,NYSE:GE
16.140918350770896,-6.513237152814781,-70.61004655751574,-5.121546369672306,372.841,47.82266938295565,1.3875379069634275,354.39,3038648,1787802736,2026-08-27T03:52:16Z,NYSE:GE
16.140918350770896,-6.513237152814781,-70.61004655751574,-5.121546369672306,372.841,47.82266938295565,1.3875379069634275,354.39,3038648,1787802920,2026-08-27T03:55:20Z,NYSE:GE
16.140918350770896,-6.513237152814781,-70.61004655751574,-5.121546369672306,372.841,47.82266938295565,1.3875379069634275,354.39,3038648,1787803098,2026-08-27T03:58:18Z,NYSE:GE
16.140918350770896,-6.513237152814781,-70.61004655751574,-5.121546369672306,372.841,47.82266938295565,1.3875379069634275,354.39,3038648,1787803281,2026-08-27T04:01:21Z,NYSE:GE
16.140918350770896,-6.513237152814781,-70.61004655751574,-5.121546369672306,372.841,47.82266938295565,1.3875379069634275,354.39,3038648,1787803459,2026-08-27T04:04:19Z,NYSE:GE
16.140918350770896,-6.513237152814781,-70.61004655751574,-5.121546369672306,372.841,47.82266938295565,1.3875379069634275,354.39,3038648,1787803638,2026-08-27T04:07:18Z,NYSE:GE
16.140918350770896,-6.513237152814781,-70.61004655751574,-5.121546369672306,372.841,47.82266938295565,1.3875379069634275,354.39,3038648,1787803819,2026-08-27T04:10:19Z,NYSE:GE
16.140918350770896,-6.513237152814781,-70.61004655751574,-5.121546369672306,372.841,47.82266938295565,1.3875379069634275,354.39,3038648,1787803998,2026-08-27T04:13:18Z,NYSE:GE
16.140918350770896,-6.513237152814781,-70.61004655751574,-5.121546369672306,372.841,47.82266938295565,1.3875379069634275,354.39,3038648,1787804178,2026-08-27T04:16:18Z,NYSE:GE
16.140918350770896,-6.513237152814781,-70.61004655751574,-5.121546369672306,372.841,47.82266938295565,1.3875379069634275,354.39,3038648,1787804361,2026-08-27T04:19:21Z,NYSE:GE
16.140918350770896,-6.513237152814781,-70.61004655751574,-5.121546369672306,372.841,47.82266938295565,1.3875379069634275,354.39,3038648,1787804540,2026-08-27T04:22:20Z,NYSE:GE
16.140918350770896,-6.513237152814781,-70.61004655751574,-5.121546369672306,372.841,47.82266938295565,1.3875379069634275,354.39,3038648,1787804720,2026-08-27T04:25:20Z,NYSE:GE
16.140918350770896,-6.513237152814781,-70.61004655751574,-5.121546369672306,372.841,47.82266938295565,1.3875379069634275,354.39,3038648,1787804899,2026-08-27T04:28:19Z,NYSE:GE
16.140918350770896,-6.513237152814781,-70.61004655751574,-5.121546369672306,372.841,47.82266938295565,1.3875379069634275,354.39,3038648,1787805081,2026-08-27T04:31:21Z,NYSE:GE
16.140918350770896,-6.513237152814781,-70.61004655751574,-5.121546369672306,372.841,47.82266938295565,1.3875379069634275,354.39,3038648,1787805259,2026-08-27T04:34:19Z,NYSE:GE
16.140918350770896,-6.513237152814781,-70.61004655751574,-5.121546369672306,372.841,47.82266938295565,1.3875379069634275,354.39,3038648,1787805438,2026-08-27T04:37:18Z,NYSE:GE
16.140918350770896,-6.513237152814781,-70.61004655751574,-5.121546369672306,372.841,47.82266938295565,1.3875379069634275,354.39,3038648,1787805620,2026-08-27T04:40:20Z,NYSE:GE
16.140918350770896,-6.513237152814781,-70.61004655751574,-5.121546369672306,372.841,47.82266938295565,1.3875379069634275,354.39,3038648,1787805797,2026-08-27T04:43:17Z,NYSE:GE
16.140918350770896,-6.513237152814781,-70.61004655751574,-5.121546369672306,372.841,47.82266938295565,1.3875379069634275,354.39,3038648,1787805981,2026-08-27T04:46:21Z,NYSE:GE
16.140918350770896,-6.513237152814781,-70.61004655751574,-5.121546369672306,372.841,47.82266938295565,1.3875379069634275,354.39,3038648,1787806156,2026-08-27T04:49:16Z,NYSE:GE
16.140918350770896,-6.513237152814781,-70.61004655751574,-5.121546369672306,372.841,47.82266938295565,1.3875379069634275,354.39,3038648,1787806340,2026-08-27T04:52:20Z,NYSE:GE
16.140918350770896,-6.513237152814781,-70.61004655751574,-5.121546369672306,372.841,47.82266938295565,1.3875379069634275,354.39,3038648,1787806519,2026-08-27T04:55:19Z,NYSE:GE
16.140918350770896,-6.513237152814781,-70.61004655751574,-5.121546369672306,372.841,47.82266938295565,1.3875379069634275,354.39,3038648,1787806700,2026-08-27T04:58:20Z,NYSE:GE
16.140918350770896,-6.513237152814781,-70.61004655751574,-5.121546369672306,372.841,47.82266938295565,1.3875379069634275,354.39,3038648,1787806880,2026-08-27T05:01:20Z,NYSE:GE
16.140918350770896,-6.513237152814781,-70.61004655751574,-5.121546369672306,372.841,47.82266938295565,1.3875379069634275,354.39,3038648,1787807061,2026-08-27T05:04:21Z,NYSE:GE
16.140918350770896,-6.513237152814781,-70.61004655751574,-5.121546369672306,372.841,47.82266938295565,1.3875379069634275,354.39,3038648,1787807239,2026-08-27T05:07:19Z,NYSE:GE
16.140918350770896,-6.513237152814781,-70.61004655751574,-5.121546369672306,372.841,47.82266938295565,1.3875379069634275,354.39,3038648,1787807417,2026-08-27T05:10:17Z,NYSE:GE
16.140918350770896,-6.513237152814781,-70.61004655751574,-5.121546369672306,372.841,47.82266938295565,1.3875379069634275,354.39,3038648,1787807603,2026-08-27T05:13:23Z,NYSE:GE
16.140918350770896,-6.513237152814781,-70.61004655751574,-5.121546369672306,372.841,47.82266938295565,1.3875379069634275,354.39,3038648,1787807779,2026-08-27T05:16:19Z,NYSE:GE
16.140918350770896,-6.513237152814781,-70.61004655751574,-5.121546369672306,372.841,47.82266938295565,1.3875379069634275,354.39,3038648,1787807961,2026-08-27T05:19:21Z,NYSE:GE
16.140918350770896,-6.513237152814781,-70.61004655751574,-5.121546369672306,372.841,47.82266938295565,1.3875379069634275,354.39,3038648,1787808142,2026-08-27T05:22:22Z,NYSE:GE
16.140918350770896,-6.513237152814781,-70.61004655751574,-5.121546369672306,372.841,47.82266938295565,1.3875379069634275,354.39,3038648,1787808322,2026-08-27T05:25:22Z,NYSE:GE
16.140918350770896,-6.513237152814781,-70.61004655751574,-5.121546369672306,372.841,47.82266938295565,1.3875379069634275,354.39,3038648,1787808500,2026-08-27T05:28:20Z,NYSE:GE
16.140918350770896,-6.513237152814781,-70.61004655751574,-5.121546369672306,372.841,47.82266938295565,1.3875379069634275,354.39,3038648,1787808681,2026-08-27T05:31:21Z,NYSE:GE
16.140918350770896,-6.513237152814781,-70.61004655751574,-5.121546369672306,372.841,47.82266938295565,1.3875379069634275,354.39,3038648,1787808863,2026-08-27T05:34:23Z,NYSE:GE
16.140918350770896,-6.513237152814781,-70.61004655751574,-5.121546369672306,372.841,47.82266938295565,1.3875379069634275,354.39,3038648,1787809042,2026-08-27T05:37:22Z,NYSE:GE
16.140918350770896,-6.513237152814781,-70.61004655751574,-5.121546369672306,372.841,47.82266938295565,1.3875379069634275,354.39,3038648,1787809221,2026-08-27T05:40:21Z,NYSE:GE
16.140918350770896,-6.513237152814781,-70.61004655751574,-5.121546369672306,372.841,47.82266938295565,1.3875379069634275,354.39,3038648,1787809399,2026-08-27T05:43:19Z,NYSE:GE
16.140918350770896,-6.513237152814781,-70.61004655751574,-5.121546369672306,372.841,47.82266938295565,1.3875379069634275,354.39,3038648,1787809583,2026-08-27T05:46:23Z,NYSE:GE
16.140918350770896,-6.513237152814781,-70.61004655751574,-5.121546369672306,372.841,47.82266938295565,1.3875379069634275,354.39,3038648,1787809759,2026-08-27T05:49:19Z,NYSE:GE
16.140918350770896,-6.513237152814781,-70.61004655751574,-5.121546369672306,372.841,47.82266938295565,1.3875379069634275,354.39,3038648,1787809941,2026-08-27T05:52:21Z,NYSE:GE
16.140918350770896,-6.513237152814781,-70.61004655751574,-5.121546369672306,372.841,47.82266938295565,1.3875379069634275,354.39,3038648,1787810118,2026-08-27T05:55:18Z,NYSE:GE
16.140918350770896,-6.513237152814781,-70.61004655751574,-5.121546369672306,372.841,47.82266938295565,1.3875379069634275,354.39,3038648,1787810301,2026-08-27T05:58:21Z,NYSE:GE
16.140918350770896,-6.513237152814781,-70.61004655751574,-5.121546369672306,372.841,47.82266938295565,1.3875379069634275,354.39,3038648,1787810482,2026-08-27T06:01:22Z,NYSE:GE
16.140918350770896,-6.513237152814781,-70.61004655751574,-5.121546369672306,372.841,47.82266938295565,1.3875379069634275,354.39,3038648,1787810663,2026-08-27T06:04:23Z,NYSE:GE
16.140918350770896,-6.513237152814781,-70.61004655751574,-5.121546369672306,372.841,47.82266938295565,1.3875379069634275,354.39,3038648,1787810840,2026-08-27T06:07:20Z,NYSE:GE
16.140918350770896,-6.513237152814781,-70.61004655751574,-5.121546369672306,372.841,47.82266938295565,1.3875379069634275,354.39,3038648,1787811020,2026-08-27T06:10:20Z,NYSE:GE
16.140918350770896,-6.513237152814781,-70.61004655751574,-5.121546369672306,372.841,47.82266938295565,1.3875379069634275,354.39,3038648,1787811195,2026-08-27T06:13:15Z,NYSE:GE
16.140918350770896,-6.513237152814781,-70.61004655751574,-5.121546369672306,372.841,47.82266938295565,1.3875379069634275,354.39,3038648,1787811380,2026-08-27T06:16:20Z,NYSE:GE
16.140918350770896,-6.513237152814781,-70.61004655751574,-5.121546369672306,372.841,47.82266938295565,1.3875379069634275,354.39,3038648,1787811560,2026-08-27T06:19:20Z,NYSE:GE
16.140918350770896,-6.513237152814781,-70.61004655751574,-5.121546369672306,372.841,47.82266938295565,1.3875379069634275,354.39,3038648,1787811738,2026-08-27T06:22:18Z,NYSE:GE
16.140918350770896,-6.513237152814781,-70.61004655751574,-5.121546369672306,372.841,47.82266938295565,1.3875379069634275,354.39,3038648,1787811921,2026-08-27T06:25:21Z,NYSE:GE
16.140918350770896,-6.513237152814781,-70.61004655751574,-5.121546369672306,372.841,47.82266938295565,1.3875379069634275,354.39,3038648,1787812103,2026-08-27T06:28:23Z,NYSE:GE
16.140918350770896,-6.513237152814781,-70.61004655751574,-5.121546369672306,372.841,47.82266938295565,1.3875379069634275,354.39,3038648,1787812281,2026-08-27T06:31:21Z,NYSE:GE
16.140918350770896,-6.513237152814781,-70.61004655751574,-5.121546369672306,372.841,47.82266938295565,1.3875379069634275,354.39,3038648,1787812462,2026-08-27T06:34:22Z,NYSE:GE
16.140918350770896,-6.513237152814781,-70.61004655751574,-5.121546369672306,372.841,47.82266938295565,1.3875379069634275,354.39,3038648,1787812642,2026-08-27T06:37:22Z,NYSE:GE
16.140918350770896,-6.513237152814781,-70.61004655751574,-5.121546369672306,372.841,47.82266938295565,1.3875379069634275,354.39,3038648,1787812820,2026-08-27T06:40:20Z,NYSE:GE
16.140918350770896,-6.513237152814781,-70.61004655751574,-5.121546369672306,372.841,47.82266938295565,1.3875379069634275,354.39,3038648,1787813001,2026-08-27T06:43:21Z,NYSE:GE
16.140918350770896,-6.513237152814781,-70.61004655751574,-5.121546369672306,372.841,47.82266938295565,1.3875379069634275,354.39,3038648,1787813178,2026-08-27T06:46:18Z,NYSE:GE
16.140918350770896,-6.513237152814781,-70.61004655751574,-5.121546369672306,372.841,47.82266938295565,1.3875379069634275,354.39,3038648,1787813364,2026-08-27T06:49:24Z,NYSE:GE
16.140918350770896,-6.513237152814781,-70.61004655751574,-5.121546369672306,372.841,47.82266938295565,1.3875379069634275,354.39,3038648,1787813540,2026-08-27T06:52:20Z,NYSE:GE
16.140918350770896,-6.513237152814781,-70.61004655751574,-5.121546369672306,372.841,47.82266938295565,1.3875379069634275,354.39,3038648,1787813720,2026-08-27T06:55:20Z,NYSE:GE
16.140918350770896,-6.513237152814781,-70.61004655751574,-5.121546369672306,372.841,47.82266938295565,1.3875379069634275,354.39,3038648,1787813901,2026-08-27T06:58:21Z,NYSE:GE
16.140918350770896,-6.513237152814781,-70.61004655751574,-5.121546369672306,372.841,47.82266938295565,1.3875379069634275,354.39,3038648,1787814084,2026-08-27T07:01:24Z,NYSE:GE
16.140918350770896,-6.513237152814781,-70.61004655751574,-5.121546369672306,372.841,47.82266938295565,1.3875379069634275,354.39,3038648,1787814258,2026-08-27T07:04:18Z,NYSE:GE
16.140918350770896,-6.513237152814781,-70.61004655751574,-5.121546369672306,372.841,47.82266938295565,1.3875379069634275,354.39,3038648,1787814437,2026-08-27T07:07:17Z,NYSE:GE
16.140918350770896,-6.513237152814781,-70.61004655751574,-5.121546369672306,372.841,47.82266938295565,1.3875379069634275,354.39,3038648,1787814622,2026-08-27T07:10:22Z,NYSE:GE
16.140918350770896,-6.513237152814781,-70.61004655751574,-5.121546369672306,372.841,47.82266938295565,1.3875379069634275,354.39,3038648,1787814802,2026-08-27T07:13:22Z,NYSE:GE
16.140918350770896,-6.513237152814781,-70.61004655751574,-5.121546369672306,372.841,47.82266938295565,1.3875379069634275,354.39,3038648,1787814982,2026-08-27T07:16:22Z,NYSE:GE
16.140918350770896,-6.513237152814781,-70.61004655751574,-5.121546369672306,372.841,47.82266938295565,1.3875379069634275,354.39,3038648,1787815156,2026-08-27T07:19:16Z,NYSE:GE
16.140918350770896,-6.513237152814781,-70.61004655751574,-5.121546369672306,372.841,47.82266938295565,1.3875379069634275,354.39,3038648,1787815339,2026-08-27T07:22:19Z,NYSE:GE
16.140918350770896,-6.513237152814781,-70.61004655751574,-5.121546369672306,372.841,47.82266938295565,1.3875379069634275,354.39,3038648,1787815521,2026-08-27T07:25:21Z,NYSE:GE
16.140918350770896,-6.513237152814781,-70.61004655751574,-5.121546369672306,372.841,47.82266938295565,1.3875379069634275,354.39,3038648,1787815703,2026-08-27T07:28:23Z,NYSE:GE
16.140918350770896,-6.513237152814781,-70.61004655751574,-5.121546369672306,372.841,47.82266938295565,1.3875379069634275,354.39,3038648,1787815881,2026-08-27T07:31:21Z,NYSE:GE
16.140918350770896,-6.513237152814781,-70.61004655751574,-5.121546369672306,372.841,47.82266938295565,1.3875379069634275,354.39,3038648,1787816062,2026-08-27T07:34:22Z,NYSE:GE
16.140918350770896,-6.513237152814781,-70.61004655751574,-5.121546369672306,372.841,47.82266938295565,1.3875379069634275,354.39,3038648,1787816240,2026-08-27T07:37:20Z,NYSE:GE
16.140918350770896,-6.513237152814781,-70.61004655751574,-5.121546369672306,372.841,47.82266938295565,1.3875379069634275,354.39,3038648,1787816421,2026-08-27T07:40:21Z,NYSE:GE
16.140918350770896,-6.513237152814781,-70.61004655751574,-5.121546369672306,372.841,47.82266938295565,1.3875379069634275,354.39,3038648,1787816603,2026-08-27T07:43:23Z,NYSE:GE
16.140918350770896,-6.513237152814781,-70.61004655751574,-5.121546369672306,372.841,47.82266938295565,1.3875379069634275,354.39,3038648,1787816784,2026-08-27T07:46:24Z,NYSE:GE
16.140918350770896,-6.513237152814781,-70.61004655751574,-5.121546369672306,372.841,47.82266938295565,1.3875379069634275,354.39,3038648,1787816961,2026-08-27T07:49:21Z,NYSE:GE
16.140918350770896,-6.513237152814781,-70.61004655751574,-5.121546369672306,372.841,47.82266938295565,1.3875379069634275,354.39,3038648,1787817140,2026-08-27T07:52:20Z,NYSE:GE
16.140918350770896,-6.513237152814781,-70.61004655751574,-5.121546369672306,372.841,47.82266938295565,1.3875379069634275,354.39,3038648,1787817320,2026-08-27T07:55:20Z,NYSE:GE
16.140918350770896,-6.513237152814781,-70.61004655751574,-5.121546369672306,372.841,47.82266938295565,1.3875379069634275,354.39,3038648,1787817500,2026-08-27T07:58:20Z,NYSE:GE
16.140918350770896,-6.513237152814781,-70.61004655751574,-5.121546369672306,372.841,47.82266938295565,1.3875379069634275,354.39,3038648,1787817680,2026-08-27T08:01:20Z,NYSE:GE
16.140918350770896,-6.513237152814781,-70.61004655751574,-5.121546369672306,372.841,47.82266938295565,1.3875379069634275,354.39,3038648,1787817860,2026-08-27T08:04:20Z,NYSE:GE
16.140918350770896,-6.513237152814781,-70.61004655751574,-5.121546369672306,372.841,47.82266938295565,1.3875379069634275,354.39,3038648,1787818043,2026-08-27T08:07:23Z,NYSE:GE
16.140918350770896,-6.513237152814781,-70.61004655751574,-5.121546369672306,372.841,47.82266938295565,1.3875379069634275,354.39,3038648,1787818220,2026-08-27T08:10:20Z,NYSE:GE
16.140918350770896,-6.513237152814781,-70.61004655751574,-5.121546369672306,372.841,47.82266938295565,1.3875379069634275,354.39,3038648,1787818400,2026-08-27T08:13:20Z,NYSE:GE
16.140918350770896,-6.513237152814781,-70.61004655751574,-5.121546369672306,372.841,47.82266938295565,1.3875379069634275,354.39,3038648,1787818581,2026-08-27T08:16:21Z,NYSE:GE
16.140918350770896,-6.513237152814781,-70.61004655751574,-5.121546369672306,372.841,47.82266938295565,1.3875379069634275,354.39,3038648,1787818760,2026-08-27T08:19:20Z,NYSE:GE
16.140918350770896,-6.513237152814781,-70.61004655751574,-5.121546369672306,372.841,47.82266938295565,1.3875379069634275,354.39,3038648,1787818938,2026-08-27T08:22:18Z,NYSE:GE
16.140918350770896,-6.513237152814781,-70.61004655751574,-5.121546369672306,372.841,47.82266938295565,1.3875379069634275,354.39,3038648,1787819123,2026-08-27T08:25:23Z,NYSE:GE
16.140918350770896,-6.513237152814781,-70.61004655751574,-5.121546369672306,372.841,47.82266938295565,1.3875379069634275,354.39,3038648,1787819303,2026-08-27T08:28:23Z,NYSE:GE
16.140918350770896,-6.513237152814781,-70.61004655751574,-5.121546369672306,372.841,47.82266938295565,1.3875379069634275,354.39,3038648,1787819480,2026-08-27T08:31:20Z,NYSE:GE
16.140918350770896,-6.513237152814781,-70.61004655751574,-5.121546369672306,372.841,47.82266938295565,1.3875379069634275,354.39,3038648,1787819661,2026-08-27T08:34:21Z,NYSE:GE
16.140918350770896,-6.513237152814781,-70.61004655751574,-5.121546369672306,372.841,47.82266938295565,1.3875379069634275,354.39,3038648,1787819839,2026-08-27T08:37:19Z,NYSE:GE
16.140918350770896,-6.513237152814781,-70.61004655751574,-5.121546369672306,372.841,47.82266938295565,1.3875379069634275,354.39,3038648,1787820021,2026-08-27T08:40:21Z,NYSE:GE
16.140918350770896,-6.513237152814781,-70.61004655751574,-5.121546369672306,372.841,47.82266938295565,1.3875379069634275,354.39,3038648,1787820204,2026-08-27T08:43:24Z,NYSE:GE
16.140918350770896,-6.513237152814781,-70.61004655751574,-5.121546369672306,372.841,47.82266938295565,1.3875379069634275,354.39,3038648,1787820386,2026-08-27T08:46:26Z,NYSE:GE
16.140918350770896,-6.513237152814781,-70.61004655751574,-5.121546369672306,372.841,47.82266938295565,1.3875379069634275,354.39,3038648,1787820561,2026-08-27T08:49:21Z,NYSE:GE
16.140918350770896,-6.513237152814781,-70.61004655751574,-5.121546369672306,372.841,47.82266938295565,1.3875379069634275,354.39,3038648,1787820741,2026-08-27T08:52:21Z,NYSE:GE
16.140918350770896,-6.513237152814781,-70.61004655751574,-5.121546369672306,372.841,47.82266938295565,1.3875379069634275,354.39,3038648,1787820920,2026-08-27T08:55:20Z,NYSE:GE
16.140918350770896,-6.513237152814781,-70.61004655751574,-5.121546369672306,372.841,47.82266938295565,1.3875379069634275,354.39,3038648,1787821099,2026-08-27T08:58:19Z,NYSE:GE
16.140918350770896,-6.513237152814781,-70.61004655751574,-5.121546369672306,372.841,47.82266938295565,1.3875379069634275,354.39,3038648,1787821284,2026-08-27T09:01:24Z,NYSE:GE
16.140918350770896,-6.513237152814781,-70.61004655751574,-5.121546369672306,372.841,47.82266938295565,1.3875379069634275,354.39,3038648,1787821460,2026-08-27T09:04:20Z,NYSE:GE
16.140918350770896,-6.513237152814781,-70.61004655751574,-5.121546369672306,372.841,47.82266938295565,1.3875379069634275,354.39,3038648,1787821640,2026-08-27T09:07:20Z,NYSE:GE
16.140918350770896,-6.513237152814781,-70.61004655751574,-5.121546369672306,372.841,47.82266938295565,1.3875379069634275,354.39,3038648,1787821824,2026-08-27T09:10:24Z,NYSE:GE
16.140918350770896,-6.513237152814781,-70.61004655751574,-5.121546369672306,372.841,47.82266938295565,1.3875379069634275,354.39,3038648,1787822002,2026-08-27T09:13:22Z,NYSE:GE
16.140918350770896,-6.513237152814781,-70.61004655751574,-5.121546369672306,372.841,47.82266938295565,1.3875379069634275,354.39,3038648,1787822181,2026-08-27T09:16:21Z,NYSE:GE
16.140918350770896,-6.513237152814781,-70.61004655751574,-5.121546369672306,372.841,47.82266938295565,1.3875379069634275,354.39,3038648,1787822358,2026-08-27T09:19:18Z,NYSE:GE
16.140918350770896,-6.513237152814781,-70.61004655751574,-5.121546369672306,372.841,47.82266938295565,1.3875379069634275,354.39,3038648,1787822538,2026-08-27T09:22:18Z,NYSE:GE
16.140918350770896,-6.513237152814781,-70.61004655751574,-5.121546369672306,372.841,47.82266938295565,1.3875379069634275,354.39,3038648,1787822719,2026-08-27T09:25:19Z,NYSE:GE
16.140918350770896,-6.513237152814781,-70.61004655751574,-5.121546369672306,372.841,47.82266938295565,1.3875379069634275,354.39,3038648,1787822901,2026-08-27T09:28:21Z,NYSE:GE
16.140918350770896,-6.513237152814781,-70.61004655751574,-5.121546369672306,372.841,47.82266938295565,1.3875379069634275,354.39,3038648,1787823076,2026-08-27T09:31:16Z,NYSE:GE
16.140918350770896,-6.513237152814781,-70.61004655751574,-5.121546369672306,372.841,47.82266938295565,1.3875379069634275,354.39,3038648,1787823258,2026-08-27T09:34:18Z,NYSE:GE
16.140918350770896,-6.513237152814781,-70.61004655751574,-5.121546369672306,372.841,47.82266938295565,1.3875379069634275,354.39,3038648,1787823440,2026-08-27T09:37:20Z,NYSE:GE
16.140918350770896,-6.513237152814781,-70.61004655751574,-5.121546369672306,372.841,47.82266938295565,1.3875379069634275,354.39,3038648,1787823618,2026-08-27T09:40:18Z,NYSE:GE
16.140918350770896,-6.513237152814781,-70.61004655751574,-5.121546369672306,372.841,47.82266938295565,1.3875379069634275,354.39,3038648,1787823799,2026-08-27T09:43:19Z,NYSE:GE
16.140918350770896,-6.513237152814781,-70.61004655751574,-5.121546369672306,372.841,47.82266938295565,1.3875379069634275,354.39,3038648,1787823984,2026-08-27T09:46:24Z,NYSE:GE
16.140918350770896,-6.513237152814781,-70.61004655751574,-5.121546369672306,372.841,47.82266938295565,1.3875379069634275,354.39,3038648,1787824157,2026-08-27T09:49:17Z,NYSE:GE
16.140918350770896,-6.513237152814781,-70.61004655751574,-5.121546369672306,372.841,47.82266938295565,1.3875379069634275,354.39,3038648,1787824340,2026-08-27T09:52:20Z,NYSE:GE
16.140918350770896,-6.513237152814781,-70.61004655751574,-5.121546369672306,372.841,47.82266938295565,1.3875379069634275,354.39,3038648,1787824520,2026-08-27T09:55:20Z,NYSE:GE
16.140918350770896,-6.513237152814781,-70.61004655751574,-5.121546369672306,372.841,47.82266938295565,1.3875379069634275,354.39,3038648,1787824702,2026-08-27T09:58:22Z,NYSE:GE
16.140918350770896,-6.513237152814781,-70.61004655751574,-5.121546369672306,372.841,47.82266938295565,1.3875379069634275,354.39,3038648,1787824880,2026-08-27T10:01:20Z,NYSE:GE
16.140918350770896,-6.513237152814781,-70.61004655751574,-5.121546369672306,372.841,47.82266938295565,1.3875379069634275,354.39,3038648,1787825060,2026-08-27T10:04:20Z,NYSE:GE
16.140918350770896,-6.513237152814781,-70.61004655751574,-5.121546369672306,372.841,47.82266938295565,1.3875379069634275,354.39,3038648,1787825240,2026-08-27T10:07:20Z,NYSE:GE
16.140918350770896,-6.513237152814781,-70.61004655751574,-5.121546369672306,372.841,47.82266938295565,1.3875379069634275,354.39,3038648,1787825423,2026-08-27T10:10:23Z,NYSE:GE
16.140918350770896,-6.513237152814781,-70.61004655751574,-5.121546369672306,372.841,47.82266938295565,1.3875379069634275,354.39,3038648,1787825600,2026-08-27T10:13:20Z,NYSE:GE
16.140918350770896,-6.513237152814781,-70.61004655751574,-5.121546369672306,372.841,47.82266938295565,1.3875379069634275,354.39,3038648,1787825783,2026-08-27T10:16:23Z,NYSE:GE
16.140918350770896,-6.513237152814781,-70.61004655751574,-5.121546369672306,372.841,47.82266938295565,1.3875379069634275,354.39,3038648,1787825958,2026-08-27T10:19:18Z,NYSE:GE
16.140918350770896,-6.513237152814781,-70.61004655751574,-5.121546369672306,372.841,47.82266938295565,1.3875379069634275,354.39,3038648,1787826140,2026-08-27T10:22:20Z,NYSE:GE
16.140918350770896,-6.513237152814781,-70.61004655751574,-5.121546369672306,372.841,47.82266938295565,1.3875379069634275,354.39,3038648,1787826322,2026-08-27T10:25:22Z,NYSE:GE
16.140918350770896,-6.513237152814781,-70.61004655751574,-5.121546369672306,372.841,47.82266938295565,1.3875379069634275,354.39,3038648,1787826501,2026-08-27T10:28:21Z,NYSE:GE
16.140918350770896,-6.513237152814781,-70.61004655751574,-5.121546369672306,372.841,47.82266938295565,1.3875379069634275,354.39,3038648,1787826681,2026-08-27T10:31:21Z,NYSE:GE
16.140918350770896,-6.513237152814781,-70.61004655751574,-5.121546369672306,372.841,47.82266938295565,1.3875379069634275,354.39,3038648,1787826859,2026-08-27T10:34:19Z,NYSE:GE
16.140918350770896,-6.513237152814781,-70.61004655751574,-5.121546369672306,372.841,47.82266938295565,1.3875379069634275,354.39,3038648,1787827039,2026-08-27T10:37:19Z,NYSE:GE
16.140918350770896,-6.513237152814781,-70.61004655751574,-5.121546369672306,372.841,47.82266938295565,1.3875379069634275,354.39,3038648,1787827217,2026-08-27T10:40:17Z,NYSE:GE
16.140918350770896,-6.513237152814781,-70.61004655751574,-5.121546369672306,372.841,47.82266938295565,1.3875379069634275,354.39,3038648,1787827395,2026-08-27T10:43:15Z,NYSE:GE
16.140918350770896,-6.513237152814781,-70.61004655751574,-5.121546369672306,372.841,47.82266938295565,1.3875379069634275,354.39,3038648,1787827580,2026-08-27T10:46:20Z,NYSE:GE
16.140918350770896,-6.513237152814781,-70.61004655751574,-5.121546369672306,372.841,47.82266938295565,1.3875379069634275,354.39,3038648,1787827761,2026-08-27T10:49:21Z,NYSE:GE
16.140918350770896,-6.513237152814781,-70.61004655751574,-5.121546369672306,372.841,47.82266938295565,1.3875379069634275,354.39,3038648,1787827940,2026-08-27T10:52:20Z,NYSE:GE
16.140918350770896,-6.513237152814781,-70.61004655751574,-5.121546369672306,372.841,47.82266938295565,1.3875379069634275,354.39,3038648,1787828119,2026-08-27T10:55:19Z,NYSE:GE
16.140918350770896,-6.513237152814781,-70.61004655751574,-5.121546369672306,372.841,47.82266938295565,1.3875379069634275,354.39,3038648,1787828301,2026-08-27T10:58:21Z,NYSE:GE
16.140918350770896,-6.513237152814781,-70.61004655751574,-5.121546369672306,372.841,47.82266938295565,1.3875379069634275,354.39,3038648,1787828480,2026-08-27T11:01:20Z,NYSE:GE
16.140918350770896,-6.513237152814781,-70.61004655751574,-5.121546369672306,372.841,47.82266938295565,1.3875379069634275,354.39,3038648,1787828662,2026-08-27T11:04:22Z,NYSE:GE
16.140918350770896,-6.513237152814781,-70.61004655751574,-5.121546369672306,372.841,47.82266938295565,1.3875379069634275,354.39,3038648,1787828842,2026-08-27T11:07:22Z,NYSE:GE
16.140918350770896,-6.513237152814781,-70.61004655751574,-5.121546369672306,372.841,47.82266938295565,1.3875379069634275,354.39,3038648,1787829020,2026-08-27T11:10:20Z,NYSE:GE
16.140918350770896,-6.513237152814781,-70.61004655751574,-5.121546369672306,372.841,47.82266938295565,1.3875379069634275,354.39,3038648,1787829198,2026-08-27T11:13:18Z,NYSE:GE
16.140918350770896,-6.513237152814781,-70.61004655751574,-5.121546369672306,372.841,47.82266938295565,1.3875379069634275,354.39,3038648,1787829379,2026-08-27T11:16:19Z,NYSE:GE
16.140918350770896,-6.513237152814781,-70.61004655751574,-5.121546369672306,372.841,47.82266938295565,1.3875379069634275,354.39,3038648,1787829560,2026-08-27T11:19:20Z,NYSE:GE
16.140918350770896,-6.513237152814781,-70.61004655751574,-5.121546369672306,372.841,47.82266938295565,1.3875379069634275,354.39,3038648,1787829743,2026-08-27T11:22:23Z,NYSE:GE
16.140918350770896,-6.513237152814781,-70.61004655751574,-5.121546369672306,372.841,47.82266938295565,1.3875379069634275,354.39,3038648,1787829917,2026-08-27T11:25:17Z,NYSE:GE
16.140918350770896,-6.513237152814781,-70.61004655751574,-5.121546369672306,372.841,47.82266938295565,1.3875379069634275,354.39,3038648,1787830100,2026-08-27T11:28:20Z,NYSE:GE
16.140918350770896,-6.513237152814781,-70.61004655751574,-5.121546369672306,372.841,47.82266938295565,1.3875379069634275,354.39,3038648,1787830279,2026-08-27T11:31:19Z,NYSE:GE
16.140918350770896,-6.513237152814781,-70.61004655751574,-5.121546369672306,372.841,47.82266938295565,1.3875379069634275,354.39,3038648,1787830463,2026-08-27T11:34:23Z,NYSE:GE
16.140918350770896,-6.513237152814781,-70.61004655751574,-5.121546369672306,372.841,47.82266938295565,1.3875379069634275,354.39,3038648,1787830639,2026-08-27T11:37:19Z,NYSE:GE
16.140918350770896,-6.513237152814781,-70.61004655751574,-5.121546369672306,372.841,47.82266938295565,1.3875379069634275,354.39,3038648,1787830818,2026-08-27T11:40:18Z,NYSE:GE
16.140918350770896,-6.513237152814781,-70.61004655751574,-5.121546369672306,372.841,47.82266938295565,1.3875379069634275,354.39,3038648,1787831000,2026-08-27T11:43:20Z,NYSE:GE
16.140918350770896,-6.513237152814781,-70.61004655751574,-5.121546369672306,372.841,47.82266938295565,1.3875379069634275,354.39,3038648,1787831178,2026-08-27T11:46:18Z,NYSE:GE
16.140918350770896,-6.513237152814781,-70.61004655751574,-5.121546369672306,372.841,47.82266938295565,1.3875379069634275,354.39,3038648,1787831358,2026-08-27T11:49:18Z,NYSE:GE
16.140918350770896,-6.513237152814781,-70.61004655751574,-5.121546369672306,372.841,47.82266938295565,1.3875379069634275,354.39,3038648,1787831539,2026-08-27T11:52:19Z,NYSE:GE
16.140918350770896,-6.513237152814781,-70.61004655751574,-5.121546369672306,372.841,47.82266938295565,1.3875379069634275,354.39,3038648,1787831719,2026-08-27T11:55:19Z,NYSE:GE
16.140918350770896,-6.513237152814781,-70.61004655751574,-5.121546369672306,372.841,47.82266938295565,1.3875379069634275,354.39,3038648,1787831898,2026-08-27T11:58:18Z,NYSE:GE
16.140918350770896,-6.513237152814781,-70.61004655751574,-5.121546369672306,372.841,47.82266938295565,1.3875379069634275,354.39,3038648,1787832079,2026-08-27T12:01:19Z,NYSE:GE
16.140918350770896,-6.513237152814781,-70.61004655751574,-5.121546369672306,372.841,47.82266938295565,1.3875379069634275,354.39,3038648,1787832259,2026-08-27T12:04:19Z,NYSE:GE
16.140918350770896,-6.513237152814781,-70.61004655751574,-5.121546369672306,372.841,47.82266938295565,1.3875379069634275,354.39,3038648,1787832442,2026-08-27T12:07:22Z,NYSE:GE
16.140918350770896,-6.513237152814781,-70.61004655751574,-5.121546369672306,372.841,47.82266938295565,1.3875379069634275,354.39,3038648,1787832620,2026-08-27T12:10:20Z,NYSE:GE
16.140918350770896,-6.513237152814781,-70.61004655751574,-5.121546369672306,372.841,47.82266938295565,1.3875379069634275,354.39,3038648,1787832801,2026-08-27T12:13:21Z,NYSE:GE
16.140918350770896,-6.513237152814781,-70.61004655751574,-5.121546369672306,372.841,47.82266938295565,1.3875379069634275,354.39,3038648,1787832984,2026-08-27T12:16:24Z,NYSE:GE
16.140918350770896,-6.513237152814781,-70.61004655751574,-5.121546369672306,372.841,47.82266938295565,1.3875379069634275,354.39,3038648,1787833158,2026-08-27T12:19:18Z,NYSE:GE
16.140918350770896,-6.513237152814781,-70.61004655751574,-5.121546369672306,372.841,47.82266938295565,1.3875379069634275,354.39,3038648,1787833336,2026-08-27T12:22:16Z,NYSE:GE
16.140918350770896,-6.513237152814781,-70.61004655751574,-5.121546369672306,372.841,47.82266938295565,1.3875379069634275,354.39,3038648,1787833521,2026-08-27T12:25:21Z,NYSE:GE
16.140918350770896,-6.513237152814781,-70.61004655751574,-5.121546369672306,372.841,47.82266938295565,1.3875379069634275,354.39,3038648,1787833703,2026-08-27T12:28:23Z,NYSE:GE
16.140918350770896,-6.513237152814781,-70.61004655751574,-5.121546369672306,372.841,47.82266938295565,1.3875379069634275,354.39,3038648,1787833882,2026-08-27T12:31:22Z,NYSE:GE
16.140918350770896,-6.513237152814781,-70.61004655751574,-5.121546369672306,372.841,47.82266938295565,1.3875379069634275,354.39,3038648,1787834059,2026-08-27T12:34:19Z,NYSE:GE
16.140918350770896,-6.513237152814781,-70.61004655751574,-5.121546369672306,372.841,47.82266938295565,1.3875379069634275,354.39,3038648,1787834238,2026-08-27T12:37:18Z,NYSE:GE
16.140918350770896,-6.513237152814781,-70.61004655751574,-5.121546369672306,372.841,47.82266938295565,1.3875379069634275,354.39,3038648,1787834420,2026-08-27T12:40:20Z,NYSE:GE
16.140918350770896,-6.513237152814781,-70.61004655751574,-5.121546369672306,372.841,47.82266938295565,1.3875379069634275,354.39,3038648,1787834601,2026-08-27T12:43:21Z,NYSE:GE
16.140918350770896,-6.513237152814781,-70.61004655751574,-5.121546369672306,372.841,47.82266938295565,1.3875379069634275,354.39,3038648,1787834779,2026-08-27T12:46:19Z,NYSE:GE
16.140918350770896,-6.513237152814781,-70.61004655751574,-5.121546369672306,372.841,47.82266938295565,1.3875379069634275,354.39,3038648,1787834961,2026-08-27T12:49:21Z,NYSE:GE
16.140918350770896,-6.513237152814781,-70.61004655751574,-5.121546369672306,372.841,47.82266938295565,1.3875379069634275,354.39,3038648,1787835136,2026-08-27T12:52:16Z,NYSE:GE
16.140918350770896,-6.513237152814781,-70.61004655751574,-5.121546369672306,372.841,47.82266938295565,1.3875379069634275,354.39,3038648,1787835317,2026-08-27T12:55:17Z,NYSE:GE
16.140918350770896,-6.513237152814781,-70.61004655751574,-5.121546369672306,372.841,47.82266938295565,1.3875379069634275,354.39,3038648,1787835497,2026-08-27T12:58:17Z,NYSE:GE
16.140918350770896,-6.513237152814781,-70.61004655751574,-5.121546369672306,372.841,47.82266938295565,1.3875379069634275,354.39,3038648,1787835681,2026-08-27T13:01:21Z,NYSE:GE
16.140918350770896,-6.513237152814781,-70.61004655751574,-5.121546369672306,372.841,47.82266938295565,1.3875379069634275,354.39,3038648,1787835859,2026-08-27T13:04:19Z,NYSE:GE
16.140918350770896,-6.513237152814781,-70.61004655751574,-5.121546369672306,372.841,47.82266938295565,1.3875379069634275,354.39,3038648,1787836041,2026-08-27T13:07:21Z,NYSE:GE
16.140918350770896,-6.513237152814781,-70.61004655751574,-5.121546369672306,372.841,47.82266938295565,1.3875379069634275,354.39,3038648,1787836218,2026-08-27T13:10:18Z,NYSE:GE
16.140918350770896,-6.513237152814781,-70.61004655751574,-5.121546369672306,372.841,47.82266938295565,1.3875379069634275,354.39,3038648,1787836400,2026-08-27T13:13:20Z,NYSE:GE
16.140918350770896,-6.513237152814781,-70.61004655751574,-5.121546369672306,372.841,47.82266938295565,1.3875379069634275,354.39,3038648,1787836580,2026-08-27T13:16:20Z,NYSE:GE
16.140918350770896,-6.513237152814781,-70.61004655751574,-5.121546369672306,372.841,47.82266938295565,1.3875379069634275,354.39,3038648,1787836760,2026-08-27T13:19:20Z,NYSE:GE
16.140918350770896,-6.513237152814781,-70.61004655751574,-5.121546369672306,372.841,47.82266938295565,1.3875379069634275,354.39,3038648,1787836939,2026-08-27T13:22:19Z,NYSE:GE
16.140918350770896,-6.513237152814781,-70.61004655751574,-5.121546369672306,372.841,47.82266938295565,1.3875379069634275,354.39,3038648,1787837119,2026-08-27T13:25:19Z,NYSE:GE
16.140918350770896,-6.513237152814781,-70.61004655751574,-5.121546369672306,372.841,47.82266938295565,1.3875379069634275,354.39,3038648,1787837302,2026-08-27T13:28:22Z,NYSE:GE
16.140918350770896,-6.513237152814781,-70.61004655751574,-5.121546369672306,372.841,47.82266938295565,1.3875379069634275,354.39,3038648,1787837479,2026-08-27T13:31:19Z,NYSE:GE
16.140918350770896,-6.513237152814781,-70.61004655751574,-5.121546369672306,372.841,47.82266938295565,1.3875379069634275,354.39,3038648,1787837660,2026-08-27T13:34:20Z,NYSE:GE
16.140918350770896,-6.513237152814781,-70.61004655751574,-5.121546369672306,372.841,47.82266938295565,1.3875379069634275,354.39,3038648,1787837839,2026-08-27T13:37:19Z,NYSE:GE
16.140918350770896,-6.513237152814781,-70.61004655751574,-5.121546369672306,372.841,47.82266938295565,1.3875379069634275,354.39,3038648,1787838020,2026-08-27T13:40:20Z,NYSE:GE
16.140918350770896,-6.513237152814781,-70.61004655751574,-5.121546369672306,372.841,47.82266938295565,1.3875379069634275,354.39,3038648,1787838200,2026-08-27T13:43:20Z,NYSE:GE
15.860638233166076,-6.043488988126967,-75.95985243241383,-0.1033730776855624,372.841,46.854838912308566,-0.4698213832218639,352.725,34715,1787838378,2026-08-27T13:46:18Z,NYSE:GE
15.860638233166076,-6.644917559555495,-79.70354122182778,-0.3497691806621419,372.841,46.36454500774241,-0.7153136375179797,351.855,45546,1787838559,2026-08-27T13:49:19Z,NYSE:GE
15.860638233166076,-6.629203273841256,-79.82282224600677,-0.4729672321504317,372.841,46.33389403351672,-0.730833262789575,351.8,55755,1787838740,2026-08-27T13:52:20Z,NYSE:GE
15.88524281433403,-7.780631845269795,-87.51954940863907,-0.899204168908764,372.841,45.30735456749564,-1.2627331470978205,349.915,76028,1787838918,2026-08-27T13:55:18Z,NYSE:GE
15.959905887589262,-8.590631845269854,-88.57654531017306,-0.8298167605992666,372.841,45.4381982267462,-1.1936002708879938,350.16,97444,1787839099,2026-08-27T13:58:19Z,NYSE:GE
15.959905887589262,-8.47063184526985,-89.47174480631998,-0.9487666034155502,372.841,45.21435522334794,-1.3121137729619847,349.74,128145,1787839279,2026-08-27T14:01:19Z,NYSE:GE
16.010332270443996,-8.629203273841199,-93.16442094309248,-1.2971197145203728,372.841,44.571321493432585,-1.659189029035807,348.51,147686,1787839462,2026-08-27T14:04:22Z,NYSE:GE
16.050277448539866,-9.142060416698314,-93.27015281799449,-1.1951627063921295,372.841,44.75762534701448,-1.5576060272581005,348.87,163544,1787839642,2026-08-27T14:07:22Z,NYSE:GE
16.050277448539866,-9.019203273841184,-94.17857561957682,-1.316944688323084,372.841,44.535275708593566,-1.678941279381469,348.44,175250,1787839821,2026-08-27T14:10:21Z,NYSE:GE
16.143676034719096,-9.622060416698332,-99.01122078865588,-1.6907870514599594,372.841,43.86630679301573,-2.0514122858997097,347.12,190394,1787839999,2026-08-27T14:13:19Z,NYSE:GE
16.239705121901466,-10.463488988126926,-102.62758558707944,-1.8876207199297528,372.841,43.52209758447174,-2.2475239143316617,346.425,229512,1787840182,2026-08-27T14:16:22Z,NYSE:GE
16.284784845487827,-10.724917559555536,-105.39333324498934,-2.1241043360049847,372.841,43.11562823494149,-2.4831400434549544,345.59,253789,1787840363,2026-08-27T14:19:23Z,NYSE:GE
16.32653521802669,-11.11777470241259,-106.92013278615843,-2.200572092101159,372.841,42.98581456330339,-2.559327294788226,345.32,277767,1787840540,2026-08-27T14:22:20Z,NYSE:GE
16.366823859395506,-11.856346130984091,-105.8580348432925,-1.9244385284205048,372.841,43.45831195967933,-2.2842066649736084,346.295,304826,1787840720,2026-08-27T14:25:20Z,NYSE:GE
16.366823859395506,-11.819203273841254,-106.1263409686892,-1.9612563369112563,372.841,43.394713028634094,-2.320889415615555,346.165,323501,1787840901,2026-08-27T14:28:21Z,NYSE:GE
16.366823859395506,-11.823488988126996,-106.09538959688255,-1.9570081282392504,372.841,43.40204186510535,-2.3166567905414883,346.18,354789,1787841080,2026-08-27T14:31:20Z,NYSE:GE
16.366823859395506,-11.68348898812701,-107.1055207004402,-2.095782944858245,372.841,43.16390656643602,-2.454922542961141,345.69,371569,1787841262,2026-08-27T14:34:22Z,NYSE:GE
16.366823859395506,-11.786346130984157,-106.36357394557253,-1.993825936730002,372.841,43.338607403823005,-2.353339541183435,346.05,396666,1787841440,2026-08-27T14:37:20Z,NYSE:GE
16.366823859395506,-11.899203273841296,-105.54827966396716,-1.8819564417004115,372.841,43.53192738036351,-2.2418804142329054,346.445,423628,1787841622,2026-08-27T14:40:22Z,NYSE:GE
16.366823859395506,-12.069203273841254,-104.3177742417608,-1.7134441643773417,372.841,43.82640855363432,-2.0739862862947507,347.04,454118,1787841801,2026-08-27T14:43:21Z,NYSE:GE
16.366823859395506,-11.932060416698391,-105.31067638268456,-1.8493868418816657,372.841,43.5885349877425,-2.209430288665025,346.56,473547,1787841983,2026-08-27T14:46:23Z,NYSE:GE
16.366823859395506,-11.942060416698382,-105.23834091260662,-1.8394743549803017,372.841,43.60579262324748,-2.1995541634921865,346.595,510430,1787842161,2026-08-27T14:49:21Z,NYSE:GE
16.366823859395506,-12.009203273841194,-104.75240073011594,-1.7729190857854913,372.841,43.722020166390834,-2.133243037331754,346.83,536692,1787842340,2026-08-27T14:52:20Z,NYSE:GE
16.366823859395506,-12.074917559555502,-104.27636241849564,-1.707779886148,372.841,43.83637630772285,-2.0683427861959944,347.06,567662,1787842521,2026-08-27T14:55:21Z,NYSE:GE
16.366823859395506,-12.16063184526979,-103.65479180108692,-1.6228157127077971,372.841,43.98643857065024,-1.9836902847145723,347.36,603022,1787842705,2026-08-27T14:58:25Z,NYSE:GE
16.366823859395506,-12.317774702412637,-102.51332723381108,-1.467048061400762,372.841,44.26423795023533,-1.8284940319986347,347.91,630575,1787842883,2026-08-27T15:01:23Z,NYSE:GE
16.366823859395506,-12.594917559555483,-100.49412660824488,-1.192330567277459,372.841,44.76282268896536,-1.5547842772087224,348.88,668727,1787843063,2026-08-27T15:04:23Z,NYSE:GE
16.366823859395506,-12.429203273841267,-101.70241700696424,-1.3565946359285066,372.841,44.46335876247348,-1.7184457800727944,348.3,689438,1787843240,2026-08-27T15:07:20Z,NYSE:GE
16.366823859395506,-12.439203273841258,-101.62958170282812,-1.346682149027159,372.841,44.4813162151371,-1.7085696548999711,348.335,697695,1787843423,2026-08-27T15:10:23Z,NYSE:GE
16.366823859395506,-12.300631845269775,-102.63797147588788,-1.4840408960888023,372.841,44.23376216455229,-1.8454245322949192,347.85,706076,1787843599,2026-08-27T15:13:19Z,NYSE:GE
16.366823859395506,-12.277774702412673,-102.80411772900598,-1.5066980090062003,372.841,44.19319300259929,-1.867998532689976,347.77,722308,1787843780,2026-08-27T15:16:20Z,NYSE:GE
16.366823859395506,-12.31491755955551,-102.5341033313673,-1.4698802005154488,372.841,44.25915573671505,-1.8313157820480288,347.9,735916,1787843959,2026-08-27T15:19:19Z,NYSE:GE
16.366823859395506,-12.192060416698382,-103.42669766326011,-1.591662182446387,372.841,44.041719143955525,-1.9526510341713816,347.47,749236,1787844140,2026-08-27T15:22:20Z,NYSE:GE
16.366823859395506,-12.380631845269818,-102.05604478237116,-1.4047410008779575,372.841,44.376342688584096,-1.766415530912269,348.13,771568,1787844322,2026-08-27T15:25:22Z,NYSE:GE
16.366823859395506,-12.276346130984052,-102.8145001221493,-1.508114078563536,372.841,44.19065990068997,-1.8694094077146648,347.765,778851,1787844503,2026-08-27T15:28:23Z,NYSE:GE
16.366823859395506,-12.192060416698382,-103.42669766326011,-1.591662182446387,372.841,44.041719143955525,-1.9526510341713816,347.47,791643,1787844680,2026-08-27T15:31:20Z,NYSE:GE
16.366823859395506,-12.149203273841296,-103.73771051108884,-1.6341442691664965,372.841,43.9663709352875,-1.9949772849121008,347.32,802551,1787844863,2026-08-27T15:34:23Z,NYSE:GE
16.366823859395506,-12.109203273841215,-104.02782268143062,-1.7077515647568604,372.841,43.89627817794944,-2.068314568695508,347.0601,810582,1787845039,2026-08-27T15:37:19Z,NYSE:GE
16.366823859395506,-12.11491755955558,-103.98638792204538,-1.6681299385425774,372.841,43.90627774289608,-2.028838285504669,347.2,832618,1787845221,2026-08-27T15:40:21Z,NYSE:GE
16.366823859395506,-12.132060416698437,-103.86206397346842,-1.651137103854537,372.841,43.936303791220375,-2.011907785208385,347.26,844863,1787845401,2026-08-27T15:43:21Z,NYSE:GE
16.366823859395506,-12.12491755955557,-103.91386920485247,-1.6582174516412138,372.841,43.92378794831476,-2.01896216033183,347.235,856591,1787845579,2026-08-27T15:46:19Z,NYSE:GE
16.366823859395506,-12.18348898812701,-103.48891500287075,-1.6001585997904153,372.841,44.02662884859174,-1.961116284319532,347.44,885702,1787845759,2026-08-27T15:49:19Z,NYSE:GE
16.366823859395506,-12.077774702412626,-104.2556552786044,-1.7049477470333292,372.841,43.841361885238776,-2.0655210361466163,347.07,901170,1787845942,2026-08-27T15:52:22Z,NYSE:GE
16.366823859395506,-11.967774702412726,-105.05228947931562,-1.8139851029482488,372.841,43.65023221319987,-2.174158413047768,346.685,911630,1787846118,2026-08-27T15:55:18Z,NYSE:GE
16.366823859395506,-11.886346130984066,-105.6412254854064,-1.8947010677164453,372.841,43.50981658056224,-2.254578289455123,346.4,926003,1787846298,2026-08-27T15:58:18Z,NYSE:GE
16.366823859395506,-11.886346130984066,-105.6412254854064,-1.8947010677164453,372.841,43.50981658056224,-2.254578289455123,346.4,943752,1787846478,2026-08-27T16:01:18Z,NYSE:GE
16.366823859395506,-11.90634613098416,-105.49663595787084,-1.8748760939137183,372.841,43.5442208711184,-2.234826039109445,346.47,975611,1787846661,2026-08-27T16:04:21Z,NYSE:GE
16.366823859395506,-12.034917559555538,-104.56617641923138,-1.7474298337534224,372.841,43.76669709333961,-2.10784728688732,346.92,983594,1787846840,2026-08-27T16:07:20Z,NYSE:GE
16.366823859395506,-11.950631845269868,-105.176331119329,-1.8309779376362896,372.841,43.62059576243578,-2.191088913344052,346.625,993960,1787847022,2026-08-27T16:10:22Z,NYSE:GE
16.366823859395506,-11.866346130984084,-105.78577504569132,-1.914526041519157,372.841,43.47546661274826,-2.274330539800785,346.33,1006750,1787847200,2026-08-27T16:13:20Z,NYSE:GE
16.366823859395506,-11.856346130984091,-105.8580348432925,-1.9244385284205048,372.841,43.45831195967933,-2.2842066649736084,346.295,1015647,1787847383,2026-08-27T16:16:23Z,NYSE:GE
16.366823859395506,-11.764917559555556,-106.51823310451782,-2.0150669800900487,372.841,43.302094875006304,-2.3745026665537865,345.975,1034779,1787847563,2026-08-27T16:19:23Z,NYSE:GE
16.366823859395506,-11.68348898812701,-107.1055207004402,-2.095782944858245,372.841,43.16390656643602,-2.454922542961141,345.69,1050506,1787847740,2026-08-27T16:22:20Z,NYSE:GE
16.366823859395506,-11.68348898812701,-107.1055207004402,-2.095782944858245,372.841,43.16390656643602,-2.454922542961141,345.69,1062027,1787847918,2026-08-27T16:25:18Z,NYSE:GE
16.366823859395506,-11.693488988127,-107.03343322015044,-2.0858704579568816,372.841,43.18082953545567,-2.4450464177883022,345.725,1094197,1787848104,2026-08-27T16:28:24Z,NYSE:GE
16.366823859395506,-11.552060416698396,-108.05203219811249,-2.226061344133212,372.841,42.94271687478657,-2.584723045232644,345.23,1109853,1787848279,2026-08-27T16:31:19Z,NYSE:GE
16.374641089427985,-11.473488988126917,-109.44808478509104,-2.393157551898946,372.841,42.66231382978765,-2.7512062981461103,344.64,1137230,1787848460,2026-08-27T16:34:20Z,NYSE:GE
16.385895283588678,-11.637774702412628,-109.46858709941108,-2.3591718825228654,372.841,42.71904790853063,-2.7173452975535413,344.76,1155429,1787848640,2026-08-27T16:37:20Z,NYSE:GE
16.385895283588678,-11.629203273841256,-109.53008920214268,-2.367668299866877,372.841,42.70485024718076,-2.725810547701676,344.73,1163182,1787848823,2026-08-27T16:40:23Z,NYSE:GE
16.40226478619334,-11.69777470241263,-110.78928436993804,-2.4880342122404966,372.841,42.50472580137106,-2.845734924800356,344.305,1173287,1787849002,2026-08-27T16:43:22Z,NYSE:GE
16.407414739584297,-11.800631845269834,-110.60520203738592,-2.445552125520403,372.841,42.57514342869484,-2.8034086740596527,344.455,1191318,1787849184,2026-08-27T16:46:24Z,NYSE:GE
16.407414739584297,-11.738488988126903,-111.0499562483474,-2.50715115126454,372.841,42.47311380793203,-2.864781737633673,344.2375,1229180,1787849356,2026-08-27T16:49:16Z,NYSE:GE
16.407414739584297,-11.889203273841249,-109.97064191247114,-2.3577558129655296,372.841,42.721415103281394,-2.7159344225288526,344.765,1242834,1787849539,2026-08-27T16:52:19Z,NYSE:GE
16.407414739584297,-11.95634613098406,-109.48908860699402,-2.291200543770703,372.841,42.83296995692337,-2.649623296368404,345.0,1254914,1787849719,2026-08-27T16:55:19Z,NYSE:GE
16.407414739584297,-12.023488988126983,-109.00708980764176,-2.2246452745758765,372.841,42.94510892350531,-2.583312170207956,345.235,1267161,1787849901,2026-08-27T16:58:21Z,NYSE:GE
16.407414739584297,-12.070631845269816,-108.66839857859854,-2.177914979183777,372.841,43.0241963072965,-2.5367532943931854,345.4,1281734,1787850081,2026-08-27T17:01:21Z,NYSE:GE
16.407414739584297,-11.984917559555528,-109.28403722231688,-2.262879152623964,372.841,42.88061700553499,-2.621405795874592,345.1,1297547,1787850260,2026-08-27T17:04:20Z,NYSE:GE
16.407414739584297,-12.010631845269756,-109.09942196486192,-2.2373899005919107,372.841,42.92359007386065,-2.5960100454301727,345.19,1305995,1787850440,2026-08-27T17:07:20Z,NYSE:GE
16.407414739584297,-11.98920327384127,-109.2532725539824,-2.2586309439519576,372.841,42.88777320723044,-2.617173170800524,345.115,1319567,1787850621,2026-08-27T17:10:21Z,NYSE:GE
16.407414739584297,-12.0363461309841,-108.91474129229675,-2.2119006485598582,372.841,42.966649360028,-2.570614294985754,345.28,1336157,1787850802,2026-08-27T17:13:22Z,NYSE:GE
16.407414739584297,-12.053488988126958,-108.79158448502116,-2.1949078138718177,372.841,42.995403577826856,-2.5536837946894697,345.34,1349358,1787850984,2026-08-27T17:16:24Z,NYSE:GE
16.407414739584297,-12.07348898812694,-108.64786476438688,-2.17508284006909,372.841,43.02899884516492,-2.533931544343792,345.41,1357173,1787851161,2026-08-27T17:19:21Z,NYSE:GE
16.407414739584297,-12.08491755955555,-108.56572142062404,-2.163754283610407,372.841,43.04821972300866,-2.522644544146279,345.45,1384524,1787851340,2026-08-27T17:22:20Z,NYSE:GE
16.407414739584297,-12.09491755955554,-108.49383537897624,-2.1538417967090435,372.841,43.06505208285159,-2.5127684189734394,345.485,1395615,1787851519,2026-08-27T17:25:19Z,NYSE:GE
16.407414739584297,-12.053488988126958,-108.79158448502116,-2.1949078138718177,372.841,42.995403577826856,-2.5536837946894697,345.34,1404486,1787851699,2026-08-27T17:28:19Z,NYSE:GE
16.407414739584297,-12.002060416698384,-109.1609676506426,-2.245886317935923,372.841,42.9092561507882,-2.6044752955783066,345.16,1415741,1787851881,2026-08-27T17:31:21Z,NYSE:GE
16.407414739584297,-11.831831845269846,-110.38176134751154,-2.414625166388158,372.841,42.62655439622622,-2.772595163520404,344.5642,1426742,1787852066,2026-08-27T17:34:26Z,NYSE:GE
16.407414739584297,-11.937774702412696,-109.6223287453782,-2.309609448016079,372.841,42.8020561160308,-2.667964671689377,344.935,1439428,1787852254,2026-08-27T17:37:34Z,NYSE:GE
16.407414739584297,-11.964917559555545,-109.4275816639884,-2.2827041264266907,372.841,42.84725294970705,-2.6411580462202697,345.03,1446900,1787852416,2026-08-27T17:40:16Z,NYSE:GE
16.407414739584297,-11.934917559555458,-109.64282420395747,-2.312441587130749,372.841,42.79730410068112,-2.670786421738756,344.925,1457426,1787852601,2026-08-27T17:43:21Z,NYSE:GE
16.407414739584297,-11.9392032738412,-109.61208071369924,-2.308193378458744,372.841,42.804432519459006,-2.6665537966646884,344.94,1465290,1787852781,2026-08-27T17:46:21Z,NYSE:GE
16.407414739584297,-11.851317559555524,-110.24216455424076,-2.395309977626089,372.841,42.65872574524803,-2.7533508281836307,344.6324,1476191,1787852961,2026-08-27T17:49:21Z,NYSE:GE
16.407414739584297,-11.986346130984032,-109.27378253467116,-2.261463083066628,372.841,42.88300214073536,-2.6199949208499023,345.105,1489441,1787853141,2026-08-27T17:52:21Z,NYSE:GE
16.407414739584297,-12.02491755955549,-108.9968296693798,-2.223229205018541,372.841,42.947501238728655,-2.5819012951832665,345.24,1499640,1787853323,2026-08-27T17:55:23Z,NYSE:GE
16.407414739584297,-11.924917559555468,-109.7145519594346,-2.3223540740321136,372.841,42.78068035316653,-2.680662546911595,344.89,1513636,1787853501,2026-08-27T17:58:21Z,NYSE:GE
16.407414739584297,-11.89777470241262,-109.90919180662527,-2.3492593956215013,372.841,42.735623782909215,-2.7074691723807023,344.795,1521372,1787853681,2026-08-27T18:01:21Z,NYSE:GE
16.407414739584297,-11.893488988126876,-109.93991776589584,-2.353507604293524,372.841,42.72851826187851,-2.711701797454785,344.78,1533230,1787853861,2026-08-27T18:04:21Z,NYSE:GE
16.407414739584297,-11.884917559555504,-110.00136424651257,-2.362004021637536,372.841,42.71431430593984,-2.7201670476029194,344.75,1539361,1787854043,2026-08-27T18:07:23Z,NYSE:GE
16.433026235093365,-11.990631845269832,-112.00463696274116,-2.554589481435323,372.841,42.394871972301885,-2.912046050960804,344.07,1565977,1787854216,2026-08-27T18:10:16Z,NYSE:GE
16.433026235093365,-12.077774702412626,-111.38199590285342,-2.468209238437785,372.841,42.53755835080386,-2.8259826744546928,344.375,1590969,1787854404,2026-08-27T18:13:24Z,NYSE:GE
16.433026235093365,-12.00777470241269,-111.88220910229772,-2.5375966467472826,372.841,42.42286574107804,-2.89511555066452,344.13,1612033,1787854584,2026-08-27T18:16:24Z,NYSE:GE
16.439817301514914,-12.059203273841206,-112.24940620088302,-2.565918037894022,372.841,42.37622997562046,-2.923333051158332,344.03,1635335,1787854759,2026-08-27T18:19:19Z,NYSE:GE
16.439817301514914,-12.050631845269834,-112.31058050060398,-2.5744144552380344,372.841,42.362259233535816,-2.9317983013064666,344.0,1650614,1787854939,2026-08-27T18:22:19Z,NYSE:GE
16.45250701627112,-12.109203273841215,-113.2680384934383,-2.6650429069075785,372.841,42.21380915750918,-3.0220943028866447,343.68,1674662,1787855120,2026-08-27T18:25:20Z,NYSE:GE
16.496894325378992,-12.483488988126965,-115.45135042001496,-2.8193944886572786,372.841,41.96336085158367,-3.1758796805778937,343.135,1694506,1787855298,2026-08-27T18:28:18Z,NYSE:GE
16.504362959097616,-12.659203273841284,-115.02556495820149,-2.734430315217076,372.841,42.100853414605616,-3.0912271790964714,343.435,1718925,1787855480,2026-08-27T18:31:20Z,NYSE:GE
16.504362959097616,-12.753488988126946,-114.35576598826329,-2.640969724432861,372.841,42.25313963718646,-2.998109427466915,343.765,1743844,1787855661,2026-08-27T18:34:21Z,NYSE:GE
16.504362959097616,-12.637774702412685,-115.17767136327124,-2.755671358577122,372.841,42.06639587552482,-3.112390304466823,343.36,1826835,1787855842,2026-08-27T18:37:22Z,NYSE:GE
16.535680099725276,-12.869203273841208,-116.99947213795468,-2.9029425925401457,372.841,41.82903274545574,-3.2591213070346265,342.84,1862476,1787856019,2026-08-27T18:40:19Z,NYSE:GE
16.535680099725276,-12.880631845269818,-116.91863923624692,-2.891614036081447,372.841,41.84719630532511,-3.247834306837098,342.88,1893531,1787856202,2026-08-27T18:43:22Z,NYSE:GE
16.547130293318986,-12.942060416698382,-117.75666676342824,-2.9694978617349563,372.841,41.7226394528748,-3.3254324331950587,342.605,2011385,1787856380,2026-08-27T18:46:20Z,NYSE:GE
16.568271075445363,-13.100631845269843,-118.99606929850536,-3.070038800305864,372.841,41.56294009156399,-3.425604559948076,342.25,2024561,1787856561,2026-08-27T18:49:21Z,NYSE:GE
16.58844833126186,-13.29348898812691,-119.90106799455752,-3.126681582599327,372.841,41.47350585669621,-3.4820395609356853,342.05,2075023,1787856742,2026-08-27T18:52:22Z,NYSE:GE
16.594071758447445,-13.393488988126876,-119.8307361079094,-3.096944121895268,372.841,41.52041078534047,-3.4524111854172,342.155,2089050,1787856916,2026-08-27T18:55:16Z,NYSE:GE
16.598001372591277,-13.378203273841224,-120.38107811285673,-3.160667251975408,372.841,41.42002982250976,-3.515900561528254,341.93,2115275,1787857100,2026-08-27T18:58:20Z,NYSE:GE
16.618043470179433,-13.58063184526975,-121.22553337859742,-3.208813616924859,372.841,41.3445077422399,-3.563870312367729,341.76,2129429,1787857277,2026-08-27T19:01:17Z,NYSE:GE
16.64496170278468,-13.846346130984044,-122.42664506427305,-3.2824492339063625,372.841,41.22953460128294,-3.637235813651623,341.5,2197280,1787857460,2026-08-27T19:04:20Z,NYSE:GE
16.670057473062332,-14.074917559555502,-123.70474790934897,-3.3730776855759066,372.841,41.08890402440908,-3.7275318152318015,341.18,2246112,1787857639,2026-08-27T19:07:19Z,NYSE:GE
16.721099133660005,-14.4934889881269,-126.69781233111748,-3.6123934407658096,372.841,40.72212165360512,-3.965969694404472,340.335,2300433,1787857823,2026-08-27T19:10:23Z,NYSE:GE
16.77495286059905,-15.2820604166983,-127.55967265126326,-3.534509615112284,372.841,40.84076783892634,-3.888371568046496,340.61,2521474,1787858001,2026-08-27T19:13:21Z,NYSE:GE
16.77495286059905,-15.1506318452698,-128.469489582304,-3.664788014387266,372.841,40.64269223493588,-4.0181720703180135,340.15,2743742,1787858179,2026-08-27T19:16:19Z,NYSE:GE
16.77495286059905,-15.299203273841158,-127.4408815606502,-3.517516780424243,372.841,40.86674621501916,-3.87144106775021,340.67,2778290,1787858363,2026-08-27T19:19:23Z,NYSE:GE
16.77495286059905,-15.41063184526979,-126.66806713174172,-3.407063354951988,372.841,41.03641457682088,-3.76139281582437,341.06,2736932,1787858539,2026-08-27T19:22:19Z,NYSE:GE
16.77495286059905,-15.815603273841248,-123.8495322350868,-3.005635956838196,372.841,41.66509656787674,-3.361437963825164,342.4774,2917818,1787858721,2026-08-27T19:25:21Z,NYSE:GE
16.77495286059905,-15.712060416698364,-124.57164772147806,-3.108272678353951,372.841,41.50252973637746,-3.4636981856147124,342.115,2966959,1787858900,2026-08-27T19:28:20Z,NYSE:GE
16.77495286059905,-15.770631845269804,-124.16329099345178,-3.050213826503153,372.841,41.59433326782991,-3.4058523096024134,342.32,2987334,1787859076,2026-08-27T19:31:16Z,NYSE:GE
16.77495286059905,-15.710631845269743,-124.58160358623736,-3.1096887479112865,372.841,41.50029568809512,-3.4651090606394006,342.11,3005552,1787859263,2026-08-27T19:34:23Z,NYSE:GE
16.77495286059905,-15.559203273841147,-125.6358316595518,-3.2597921209889806,372.841,41.26484278717616,-3.6146618132565824,341.58,3035034,1787859442,2026-08-27T19:37:22Z,NYSE:GE
16.77495286059905,-15.584917559555493,-125.4569643950375,-3.234302868956912,372.841,41.30463685195558,-3.589266062812148,341.67,3078808,1787859621,2026-08-27T19:40:21Z,NYSE:GE
16.77495286059905,-15.626346130984077,-125.16865812619828,-3.193236851794154,372.841,41.36891120164617,-3.5483506870961343,341.815,3109228,1787859799,2026-08-27T19:43:19Z,NYSE:GE
16.77495286059905,-15.616346130984084,-125.23826412762328,-3.2031493386955177,372.841,41.35337839555879,-3.5582268122689733,341.78,3143075,1787859979,2026-08-27T19:46:19Z,NYSE:GE
16.77495286059905,-15.584917559555493,-125.4569643950375,-3.234302868956912,372.841,41.30463685195558,-3.589266062812148,341.67,3173048,1787860161,2026-08-27T19:49:21Z,NYSE:GE
16.77495286059905,-15.699203273841247,-124.6612435555058,-3.121017304369986,372.841,41.482431956616765,-3.476396060836929,342.07,3197337,1787860343,2026-08-27T19:52:23Z,NYSE:GE
16.77495286059905,-15.659203273841172,-124.9398861995339,-3.160667251975408,372.841,41.42002982250976,-3.515900561528254,341.93,3233352,1787860519,2026-08-27T19:55:19Z,NYSE:GE
16.77495286059905,-15.644917559555438,-125.03936478477814,-3.174827947548778,372.841,41.39778882064918,-3.5300093117751605,341.88,3258295,1787860698,2026-08-27T19:58:18Z,NYSE:GE
16.77495286059905,-15.79348898812691,-124.00384415987334,-3.027556713585771,372.841,41.63026930341107,-3.383278309207373,342.4,3300516,1787860881,2026-08-27T20:01:21Z,NYSE:GE
16.77495286059905,-15.773488988126928,-124.14336284552826,-3.0473816873884823,372.841,41.59882187902614,-3.403030559553036,342.33,3323922,1787861063,2026-08-27T20:04:23Z,NYSE:GE
16.77495286059905,-15.717774702412612,-124.53182233197252,-3.10260840012461,372.841,41.51146833529532,-3.415728434775237,342.285,3352276,1787861242,2026-08-27T20:07:22Z,NYSE:GE
16.77495286059905,-15.773488988126928,-124.14336284552826,-3.0473816873884823,372.841,41.59882187902614,-3.403030559553036,342.33,3397092,1787861423,2026-08-27T20:10:23Z,NYSE:GE
16.77495286059905,-15.6506318452698,-124.99957566432435,-3.1691636693194365,372.841,41.40668235455762,-3.5243658116764047,341.9,3488813,1787861602,2026-08-27T20:13:22Z,NYSE:GE
16.77495286059905,-15.887774702412685,-123.34560248118522,-2.93409612280154,372.841,41.77916416056996,-3.290160557577801,342.73,4773282,1787861781,2026-08-27T20:16:21Z,NYSE:GE
16.77495286059905,-15.887774702412685,-123.34560248118522,-2.93409612280154,372.841,41.77916416056996,-3.290160557577801,342.73,4773414,1787861963,2026-08-27T20:19:23Z,NYSE:GE
16.77495286059905,-15.887774702412685,-123.34560248118522,-2.93409612280154,372.841,41.77916416056996,-3.290160557577801,342.73,4775252,1787862141,2026-08-27T20:22:21Z,NYSE:GE
16.77495286059905,-15.887774702412685,-123.34560248118522,-2.93409612280154,372.841,41.77916416056996,-3.290160557577801,342.73,4776128,1787862319,2026-08-27T20:25:19Z,NYSE:GE
16.77495286059905,-15.887774702412685,-123.34560248118522,-2.93409612280154,372.841,41.77916416056996,-3.290160557577801,342.73,4776181,1787862501,2026-08-27T20:28:21Z,NYSE:GE
16.77495286059905,-15.887774702412685,-123.34560248118522,-2.93409612280154,372.841,41.77916416056996,-3.290160557577801,342.73,4776382,1787862678,2026-08-27T20:31:18Z,NYSE:GE
16.77495286059905,-15.887774702412685,-123.34560248118522,-2.93409612280154,372.841,41.77916416056996,-3.290160557577801,342.73,4776819,1787862862,2026-08-27T20:34:22Z,NYSE:GE
16.77495286059905,-15.887774702412685,-123.34560248118522,-2.93409612280154,372.841,41.77916416056996,-3.290160557577801,342.73,4776977,1787863041,2026-08-27T20:37:21Z,NYSE:GE
16.77495286059905,-15.887774702412685,-123.34560248118522,-2.93409612280154,372.841,41.77916416056996,-3.290160557577801,342.73,4777366,1787863220,2026-08-27T20:40:20Z,NYSE:GE
16.77495286059905,-15.887774702412685,-123.34560248118522,-2.93409612280154,372.841,41.77916416056996,-3.290160557577801,342.73,4777405,1787863402,2026-08-27T20:43:22Z,NYSE:GE
16.77495286059905,-15.887774702412685,-123.34560248118522,-2.93409612280154,372.841,41.77916416056996,-3.290160557577801,342.73,4777452,1787863583,2026-08-27T20:46:23Z,NYSE:GE
16.77495286059905,-15.887774702412685,-123.34560248118522,-2.93409612280154,372.841,41.77916416056996,-3.290160557577801,342.73,4777811,1787863762,2026-08-27T20:49:22Z,NYSE:GE
16.77495286059905,-15.887774702412685,-123.34560248118522,-2.93409612280154,372.841,41.77916416056996,-3.290160557577801,342.73,4778007,1787863942,2026-08-27T20:52:22Z,NYSE:GE
16.77495286059905,-15.887774702412685,-123.34560248118522,-2.93409612280154,372.841,41.77916416056996,-3.290160557577801,342.73,4779697,1787864121,2026-08-27T20:55:21Z,NYSE:GE
16.77495286059905,-15.887774702412685,-123.34560248118522,-2.93409612280154,372.841,41.77916416056996,-3.290160557577801,342.73,4783154,1787864298,2026-08-27T20:58:18Z,NYSE:GE
16.77495286059905,-15.887774702412685,-123.34560248118522,-2.93409612280154,372.841,41.77916416056996,-3.290160557577801,342.73,4907650,1787864483,2026-08-27T21:01:23Z,NYSE:GE
16.77495286059905,-15.887774702412685,-123.34560248118522,-2.93409612280154,372.841,41.77916416056996,-3.290160557577801,342.73,4908580,1787864661,2026-08-27T21:04:21Z,NYSE:GE
16.77495286059905,-15.887774702412685,-123.34560248118522,-2.93409612280154,372.841,41.77916416056996,-3.290160557577801,342.73,4908658,1787864843,2026-08-27T21:07:23Z,NYSE:GE
16.77495286059905,-15.887774702412685,-123.34560248118522,-2.93409612280154,372.841,41.77916416056996,-3.290160557577801,342.73,5086529,1787865020,2026-08-27T21:10:20Z,NYSE:GE
16.77495286059905,-15.887774702412685,-123.34560248118522,-2.93409612280154,372.841,41.77916416056996,-3.290160557577801,342.73,5086804,1787865199,2026-08-27T21:13:19Z,NYSE:GE
16.77495286059905,-15.887774702412685,-123.34560248118522,-2.93409612280154,372.841,41.77916416056996,-3.290160557577801,342.73,5086818,1787865382,2026-08-27T21:16:22Z,NYSE:GE
16.77495286059905,-15.887774702412685,-123.34560248118522,-2.93409612280154,372.841,41.77916416056996,-3.290160557577801,342.73,5087049,1787865562,2026-08-27T21:19:22Z,NYSE:GE
16.77495286059905,-15.887774702412685,-123.34560248118522,-2.93409612280154,372.841,41.77916416056996,-3.290160557577801,342.73,5087432,1787865740,2026-08-27T21:22:20Z,NYSE:GE
16.77495286059905,-15.887774702412685,-123.34560248118522,-2.93409612280154,372.841,41.77916416056996,-3.290160557577801,342.73,5087436,1787865921,2026-08-27T21:25:21Z,NYSE:GE
16.77495286059905,-15.887774702412685,-123.34560248118522,-2.93409612280154,372.841,41.77916416056996,-3.290160557577801,342.73,5087482,1787866102,2026-08-27T21:28:22Z,NYSE:GE
16.77495286059905,-15.887774702412685,-123.34560248118522,-2.93409612280154,372.841,41.77916416056996,-3.290160557577801,342.73,5087601,1787866282,2026-08-27T21:31:22Z,NYSE:GE
16.77495286059905,-15.887774702412685,-123.34560248118522,-2.93409612280154,372.841,41.77916416056996,-3.290160557577801,342.73,5087641,1787866466,2026-08-27T21:34:26Z,NYSE:GE
16.77495286059905,-15.887774702412685,-123.34560248118522,-2.93409612280154,372.841,41.77916416056996,-3.290160557577801,342.73,5087658,1787866640,2026-08-27T21:37:20Z,NYSE:GE
16.77495286059905,-15.887774702412685,-123.34560248118522,-2.93409612280154,372.841,41.77916416056996,-3.290160557577801,342.73,5088104,1787866820,2026-08-27T21:40:20Z,NYSE:GE
16.77495286059905,-15.887774702412685,-123.34560248118522,-2.93409612280154,372.841,41.77916416056996,-3.290160557577801,342.73,5088104,1787867002,2026-08-27T21:43:22Z,NYSE:GE
16.77495286059905,-15.887774702412685,-123.34560248118522,-2.93409612280154,372.841,41.77916416056996,-3.290160557577801,342.73,5088167,1787867180,2026-08-27T21:46:20Z,NYSE:GE
16.77495286059905,-15.887774702412685,-123.34560248118522,-2.93409612280154,372.841,41.77916416056996,-3.290160557577801,342.73,5088634,1787867361,2026-08-27T21:49:21Z,NYSE:GE
16.77495286059905,-15.887774702412685,-123.34560248118522,-2.93409612280154,372.841,41.77916416056996,-3.290160557577801,342.73,5088936,1787867542,2026-08-27T21:52:22Z,NYSE:GE
16.77495286059905,-15.887774702412685,-123.34560248118522,-2.93409612280154,372.841,41.77916416056996,-3.290160557577801,342.73,5088976,1787867723,2026-08-27T21:55:23Z,NYSE:GE
16.77495286059905,-15.887774702412685,-123.34560248118522,-2.93409612280154,372.841,41.77916416056996,-3.290160557577801,342.73,5089301,1787867902,2026-08-27T21:58:22Z,NYSE:GE
16.77495286059905,-15.887774702412685,-123.34560248118522,-2.93409612280154,372.841,41.77916416056996,-3.290160557577801,342.73,5089385,1787868080,2026-08-27T22:01:20Z,NYSE:GE
16.77495286059905,-15.887774702412685,-123.34560248118522,-2.93409612280154,372.841,41.77916416056996,-3.290160557577801,342.73,5090832,1787868262,2026-08-27T22:04:22Z,NYSE:GE
16.77495286059905,-15.887774702412685,-123.34560248118522,-2.93409612280154,372.841,41.77916416056996,-3.290160557577801,342.73,5090890,1787868441,2026-08-27T22:07:21Z,NYSE:GE
16.77495286059905,-15.887774702412685,-123.34560248118522,-2.93409612280154,372.841,41.77916416056996,-3.290160557577801,342.73,5090900,1787868619,2026-08-27T22:10:19Z,NYSE:GE
16.77495286059905,-15.887774702412685,-123.34560248118522,-2.93409612280154,372.841,41.77916416056996,-3.290160557577801,342.73,5090900,1787868798,2026-08-27T22:13:18Z,NYSE:GE
16.77495286059905,-15.887774702412685,-123.34560248118522,-2.93409612280154,372.841,41.77916416056996,-3.290160557577801,342.73,5090904,1787868980,2026-08-27T22:16:20Z,NYSE:GE
16.77495286059905,-15.887774702412685,-123.34560248118522,-2.93409612280154,372.841,41.77916416056996,-3.290160557577801,342.73,5090904,1787869163,2026-08-27T22:19:23Z,NYSE:GE
16.77495286059905,-15.887774702412685,-123.34560248118522,-2.93409612280154,372.841,41.77916416056996,-3.290160557577801,342.73,5090912,1787869338,2026-08-27T22:22:18Z,NYSE:GE
16.77495286059905,-15.887774702412685,-123.34560248118522,-2.93409612280154,372.841,41.77916416056996,-3.290160557577801,342.73,5090916,1787869524,2026-08-27T22:25:24Z,NYSE:GE
16.77495286059905,-15.887774702412685,-123.34560248118522,-2.93409612280154,372.841,41.77916416056996,-3.290160557577801,342.73,5090942,1787869700,2026-08-27T22:28:20Z,NYSE:GE
16.77495286059905,-15.887774702412685,-123.34560248118522,-2.93409612280154,372.841,41.77916416056996,-3.290160557577801,342.73,5090942,1787869880,2026-08-27T22:31:20Z,NYSE:GE
16.77495286059905,-15.887774702412685,-123.34560248118522,-2.93409612280154,372.841,41.77916416056996,-3.290160557577801,342.73,5090972,1787870059,2026-08-27T22:34:19Z,NYSE:GE
16.77495286059905,-15.887774702412685,-123.34560248118522,-2.93409612280154,372.841,41.77916416056996,-3.290160557577801,342.73,5090976,1787870240,2026-08-27T22:37:20Z,NYSE:GE
16.77495286059905,-15.887774702412685,-123.34560248118522,-2.93409612280154,372.841,41.77916416056996,-3.290160557577801,342.73,5091273,1787870422,2026-08-27T22:40:22Z,NYSE:GE
16.77495286059905,-15.887774702412685,-123.34560248118522,-2.93409612280154,372.841,41.77916416056996,-3.290160557577801,342.73,5091287,1787870600,2026-08-27T22:43:20Z,NYSE:GE
16.77495286059905,-15.887774702412685,-123.34560248118522,-2.93409612280154,372.841,41.77916416056996,-3.290160557577801,342.73,5091292,1787870779,2026-08-27T22:46:19Z,NYSE:GE
16.77495286059905,-15.887774702412685,-123.34560248118522,-2.93409612280154,372.841,41.77916416056996,-3.290160557577801,342.73,5091296,1787870962,2026-08-27T22:49:22Z,NYSE:GE
16.77495286059905,-15.887774702412685,-123.34560248118522,-2.93409612280154,372.841,41.77916416056996,-3.290160557577801,342.73,5091313,1787871141,2026-08-27T22:52:21Z,NYSE:GE
16.77495286059905,-15.887774702412685,-123.34560248118522,-2.93409612280154,372.841,41.77916416056996,-3.290160557577801,342.73,5091353,1787871322,2026-08-27T22:55:22Z,NYSE:GE
16.77495286059905,-15.887774702412685,-123.34560248118522,-2.93409612280154,372.841,41.77916416056996,-3.290160557577801,342.73,5091366,1787871501,2026-08-27T22:58:21Z,NYSE:GE
16.77495286059905,-15.887774702412685,-123.34560248118522,-2.93409612280154,372.841,41.77916416056996,-3.290160557577801,342.73,5091442,1787871678,2026-08-27T23:01:18Z,NYSE:GE
16.77495286059905,-15.887774702412685,-123.34560248118522,-2.93409612280154,372.841,41.77916416056996,-3.290160557577801,342.73,5092045,1787871862,2026-08-27T23:04:22Z,NYSE:GE
16.77495286059905,-15.887774702412685,-123.34560248118522,-2.93409612280154,372.841,41.77916416056996,-3.290160557577801,342.73,5093642,1787872039,2026-08-27T23:07:19Z,NYSE:GE
16.77495286059905,-15.887774702412685,-123.34560248118522,-2.93409612280154,372.841,41.77916416056996,-3.290160557577801,342.73,5093643,1787872221,2026-08-27T23:10:21Z,NYSE:GE
16.77495286059905,-15.887774702412685,-123.34560248118522,-2.93409612280154,372.841,41.77916416056996,-3.290160557577801,342.73,5093654,1787872402,2026-08-27T23:13:22Z,NYSE:GE
16.77495286059905,-15.887774702412685,-123.34560248118522,-2.93409612280154,372.841,41.77916416056996,-3.290160557577801,342.73,5093671,1787872580,2026-08-27T23:16:20Z,NYSE:GE
16.77495286059905,-15.887774702412685,-123.34560248118522,-2.93409612280154,372.841,41.77916416056996,-3.290160557577801,342.73,5093681,1787872762,2026-08-27T23:19:22Z,NYSE:GE
16.77495286059905,-15.887774702412685,-123.34560248118522,-2.93409612280154,372.841,41.77916416056996,-3.290160557577801,342.73,5093802,1787872937,2026-08-27T23:22:17Z,NYSE:GE
16.77495286059905,-15.887774702412685,-123.34560248118522,-2.93409612280154,372.841,41.77916416056996,-3.290160557577801,342.73,5093808,1787873123,2026-08-27T23:25:23Z,NYSE:GE
16.77495286059905,-15.887774702412685,-123.34560248118522,-2.93409612280154,372.841,41.77916416056996,-3.290160557577801,342.73,5093818,1787873297,2026-08-27T23:28:17Z,NYSE:GE
16.77495286059905,-15.887774702412685,-123.34560248118522,-2.93409612280154,372.841,41.77916416056996,-3.290160557577801,342.73,5093822,1787873480,2026-08-27T23:31:20Z,NYSE:GE
16.77495286059905,-15.887774702412685,-123.34560248118522,-2.93409612280154,372.841,41.77916416056996,-3.290160557577801,342.73,5093918,1787873662,2026-08-27T23:34:22Z,NYSE:GE
16.77495286059905,-15.887774702412685,-123.34560248118522,-2.93409612280154,372.841,41.77916416056996,-3.290160557577801,342.73,5094237,1787873840,2026-08-27T23:37:20Z,NYSE:GE
16.77495286059905,-15.887774702412685,-123.34560248118522,-2.93409612280154,372.841,41.77916416056996,-3.290160557577801,342.73,5094351,1787874021,2026-08-27T23:40:21Z,NYSE:GE
16.77495286059905,-15.887774702412685,-123.34560248118522,-2.93409612280154,372.841,41.77916416056996,-3.290160557577801,342.73,5094355,1787874198,2026-08-27T23:43:18Z,NYSE:GE
16.77495286059905,-15.887774702412685,-123.34560248118522,-2.93409612280154,372.841,41.77916416056996,-3.290160557577801,342.73,5094432,1787874378,2026-08-27T23:46:18Z,NYSE:GE
16.77495286059905,-15.887774702412685,-123.34560248118522,-2.93409612280154,372.841,41.77916416056996,-3.290160557577801,342.73,5094815,1787874558,2026-08-27T23:49:18Z,NYSE:GE
16.77495286059905,-15.887774702412685,-123.34560248118522,-2.93409612280154,372.841,41.77916416056996,-3.290160557577801,342.73,5094917,1787874740,2026-08-27T23:52:20Z,NYSE:GE
16.77495286059905,-15.887774702412685,-123.34560248118522,-2.93409612280154,372.841,41.77916416056996,-3.290160557577801,342.73,5094934,1787874924,2026-08-27T23:55:24Z,NYSE:GE
16.77495286059905,-15.887774702412685,-123.34560248118522,-2.93409612280154,372.841,41.77916416056996,-3.290160557577801,342.73,5094967,1787875101,2026-08-27T23:58:21Z,NYSE:GE
16.77495286059905,-15.887774702412685,-123.34560248118522,-2.93409612280154,372.841,41.77916416056996,-3.290160557577801,342.73,5095068,1787875279,2026-08-28T00:01:19Z,NYSE:GE
16.77495286059905,-15.887774702412685,-123.34560248118522,-2.93409612280154,372.841,41.77916416056996,-3.290160557577801,342.73,5095083,1787875459,2026-08-28T00:04:19Z,NYSE:GE
16.77495286059905,-15.887774702412685,-123.34560248118522,-2.93409612280154,372.841,41.77916416056996,-3.290160557577801,342.73,5095133,1787875641,2026-08-28T00:07:21Z,NYSE:GE
16.77495286059905,-15.887774702412685,-123.34560248118522,-2.93409612280154,372.841,41.77916416056996,-3.290160557577801,342.73,5096493,1787875818,2026-08-28T00:10:18Z,NYSE:GE
16.77495286059905,-15.887774702412685,-123.34560248118522,-2.93409612280154,372.841,41.77916416056996,-3.290160557577801,342.73,5096507,1787875998,2026-08-28T00:13:18Z,NYSE:GE
16.77495286059905,-15.887774702412685,-123.34560248118522,-2.93409612280154,372.841,41.77916416056996,-3.290160557577801,342.73,5096587,1787876182,2026-08-28T00:16:22Z,NYSE:GE
16.77495286059905,-15.887774702412685,-123.34560248118522,-2.93409612280154,372.841,41.77916416056996,-3.290160557577801,342.73,5096587,1787876359,2026-08-28T00:19:19Z,NYSE:GE
16.77495286059905,-15.887774702412685,-123.34560248118522,-2.93409612280154,372.841,41.77916416056996,-3.290160557577801,342.73,5096587,1787876540,2026-08-28T00:22:20Z,NYSE:GE
16.77495286059905,-15.887774702412685,-123.34560248118522,-2.93409612280154,372.841,41.77916416056996,-3.290160557577801,342.73,5096587,1787876723,2026-08-28T00:25:23Z,NYSE:GE
16.77495286059905,-15.887774702412685,-123.34560248118522,-2.93409612280154,372.841,41.77916416056996,-3.290160557577801,342.73,5096587,1787876901,2026-08-28T00:28:21Z,NYSE:GE
16.77495286059905,-15.887774702412685,-123.34560248118522,-2.93409612280154,372.841,41.77916416056996,-3.290160557577801,342.73,5096587,1787877086,2026-08-28T00:31:26Z,NYSE:GE
16.77495286059905,-15.887774702412685,-123.34560248118522,-2.93409612280154,372.841,41.77916416056996,-3.290160557577801,342.73,5096587,1787877261,2026-08-28T00:34:21Z,NYSE:GE
16.77495286059905,-15.887774702412685,-123.34560248118522,-2.93409612280154,372.841,41.77916416056996,-3.290160557577801,342.73,5096587,1787877439,2026-08-28T00:37:19Z,NYSE:GE
16.77495286059905,-15.887774702412685,-123.34560248118522,-2.93409612280154,372.841,41.77916416056996,-3.290160557577801,342.73,5096587,1787877624,2026-08-28T00:40:24Z,NYSE:GE
16.77495286059905,-15.887774702412685,-123.34560248118522,-2.93409612280154,372.841,41.77916416056996,-3.290160557577801,342.73,5096587,1787877801,2026-08-28T00:43:21Z,NYSE:GE
16.77495286059905,-15.887774702412685,-123.34560248118522,-2.93409612280154,372.841,41.77916416056996,-3.290160557577801,342.73,5096587,1787877983,2026-08-28T00:46:23Z,NYSE:GE
16.77495286059905,-15.887774702412685,-123.34560248118522,-2.93409612280154,372.841,41.77916416056996,-3.290160557577801,342.73,5096587,1787878160,2026-08-28T00:49:20Z,NYSE:GE
16.77495286059905,-15.887774702412685,-123.34560248118522,-2.93409612280154,372.841,41.77916416056996,-3.290160557577801,342.73,5096587,1787878342,2026-08-28T00:52:22Z,NYSE:GE
16.77495286059905,-15.887774702412685,-123.34560248118522,-2.93409612280154,372.841,41.77916416056996,-3.290160557577801,342.73,5096587,1787878520,2026-08-28T00:55:20Z,NYSE:GE
16.77495286059905,-15.887774702412685,-123.34560248118522,-2.93409612280154,372.841,41.77916416056996,-3.290160557577801,342.73,5096587,1787878699,2026-08-28T00:58:19Z,NYSE:GE
16.77495286059905,-15.887774702412685,-123.34560248118522,-2.93409612280154,372.841,41.77916416056996,-3.290160557577801,342.73,5096587,1787878879,2026-08-28T01:01:19Z,NYSE:GE
16.77495286059905,-15.887774702412685,-123.34560248118522,-2.93409612280154,372.841,41.77916416056996,-3.290160557577801,342.73,5096587,1787879055,2026-08-28T01:04:15Z,NYSE:GE
16.77495286059905,-15.887774702412685,-123.34560248118522,-2.93409612280154,372.841,41.77916416056996,-3.290160557577801,342.73,5096587,1787879242,2026-08-28T01:07:22Z,NYSE:GE
16.77495286059905,-15.887774702412685,-123.34560248118522,-2.93409612280154,372.841,41.77916416056996,-3.290160557577801,342.73,5096587,1787879417,2026-08-28T01:10:17Z,NYSE:GE
16.77495286059905,-15.887774702412685,-123.34560248118522,-2.93409612280154,372.841,41.77916416056996,-3.290160557577801,342.73,5096587,1787879597,2026-08-28T01:13:17Z,NYSE:GE
16.77495286059905,-15.887774702412685,-123.34560248118522,-2.93409612280154,372.841,41.77916416056996,-3.290160557577801,342.73,5096587,1787879780,2026-08-28T01:16:20Z,NYSE:GE
16.77495286059905,-15.887774702412685,-123.34560248118522,-2.93409612280154,372.841,41.77916416056996,-3.290160557577801,342.73,5096587,1787879960,2026-08-28T01:19:20Z,NYSE:GE
16.77495286059905,-15.887774702412685,-123.34560248118522,-2.93409612280154,372.841,41.77916416056996,-3.290160557577801,342.73,5096587,1787880143,2026-08-28T01:22:23Z,NYSE:GE
16.77495286059905,-15.887774702412685,-123.34560248118522,-2.93409612280154,372.841,41.77916416056996,-3.290160557577801,342.73,5096587,1787880319,2026-08-28T01:25:19Z,NYSE:GE
16.77495286059905,-15.887774702412685,-123.34560248118522,-2.93409612280154,372.841,41.77916416056996,-3.290160557577801,342.73,5096587,1787880500,2026-08-28T01:28:20Z,NYSE:GE
16.77495286059905,-15.887774702412685,-123.34560248118522,-2.93409612280154,372.841,41.77916416056996,-3.290160557577801,342.73,5096587,1787880680,2026-08-28T01:31:20Z,NYSE:GE
16.77495286059905,-15.887774702412685,-123.34560248118522,-2.93409612280154,372.841,41.77916416056996,-3.290160557577801,342.73,5096587,1787880862,2026-08-28T01:34:22Z,NYSE:GE
16.77495286059905,-15.887774702412685,-123.34560248118522,-2.93409612280154,372.841,41.77916416056996,-3.290160557577801,342.73,5096587,1787881039,2026-08-28T01:37:19Z,NYSE:GE
16.77495286059905,-15.887774702412685,-123.34560248118522,-2.93409612280154,372.841,41.77916416056996,-3.290160557577801,342.73,5096587,1787881219,2026-08-28T01:40:19Z,NYSE:GE
16.77495286059905,-15.887774702412685,-123.34560248118522,-2.93409612280154,372.841,41.77916416056996,-3.290160557577801,342.73,5096587,1787881401,2026-08-28T01:43:21Z,NYSE:GE
16.77495286059905,-15.887774702412685,-123.34560248118522,-2.93409612280154,372.841,41.77916416056996,-3.290160557577801,342.73,5096587,1787881577,2026-08-28T01:46:17Z,NYSE:GE
16.77495286059905,-15.887774702412685,-123.34560248118522,-2.93409612280154,372.841,41.77916416056996,-3.290160557577801,342.73,5096587,1787881763,2026-08-28T01:49:23Z,NYSE:GE
16.77495286059905,-15.887774702412685,-123.34560248118522,-2.93409612280154,372.841,41.77916416056996,-3.290160557577801,342.73,5096587,1787881941,2026-08-28T01:52:21Z,NYSE:GE
16.77495286059905,-15.887774702412685,-123.34560248118522,-2.93409612280154,372.841,41.77916416056996,-3.290160557577801,342.73,5096587,1787882117,2026-08-28T01:55:17Z,NYSE:GE
16.77495286059905,-15.887774702412685,-123.34560248118522,-2.93409612280154,372.841,41.77916416056996,-3.290160557577801,342.73,5096587,1787882300,2026-08-28T01:58:20Z,NYSE:GE
16.77495286059905,-15.887774702412685,-123.34560248118522,-2.93409612280154,372.841,41.77916416056996,-3.290160557577801,342.73,5096587,1787882478,2026-08-28T02:01:18Z,NYSE:GE
16.77495286059905,-15.887774702412685,-123.34560248118522,-2.93409612280154,372.841,41.77916416056996,-3.290160557577801,342.73,5096587,1787882659,2026-08-28T02:04:19Z,NYSE:GE
16.77495286059905,-15.887774702412685,-123.34560248118522,-2.93409612280154,372.841,41.77916416056996,-3.290160557577801,342.73,5096587,1787882840,2026-08-28T02:07:20Z,NYSE:GE
16.77495286059905,-15.887774702412685,-123.34560248118522,-2.93409612280154,372.841,41.77916416056996,-3.290160557577801,342.73,5096587,1787883018,2026-08-28T02:10:18Z,NYSE:GE
16.77495286059905,-15.887774702412685,-123.34560248118522,-2.93409612280154,372.841,41.77916416056996,-3.290160557577801,342.73,5096587,1787883200,2026-08-28T02:13:20Z,NYSE:GE
16.77495286059905,-15.887774702412685,-123.34560248118522,-2.93409612280154,372.841,41.77916416056996,-3.290160557577801,342.73,5096587,1787883384,2026-08-28T02:16:24Z,NYSE:GE
16.77495286059905,-15.887774702412685,-123.34560248118522,-2.93409612280154,372.841,41.77916416056996,-3.290160557577801,342.73,5096587,1787883558,2026-08-28T02:19:18Z,NYSE:GE
16.77495286059905,-15.887774702412685,-123.34560248118522,-2.93409612280154,372.841,41.77916416056996,-3.290160557577801,342.73,5096587,1787883739,2026-08-28T02:22:19Z,NYSE:GE
16.77495286059905,-15.887774702412685,-123.34560248118522,-2.93409612280154,372.841,41.77916416056996,-3.290160557577801,342.73,5096587,1787883924,2026-08-28T02:25:24Z,NYSE:GE
16.77495286059905,-15.887774702412685,-123.34560248118522,-2.93409612280154,372.841,41.77916416056996,-3.290160557577801,342.73,5096587,1787884099,2026-08-28T02:28:19Z,NYSE:GE
16.77495286059905,-15.887774702412685,-123.34560248118522,-2.93409612280154,372.841,41.77916416056996,-3.290160557577801,342.73,5096587,1787884281,2026-08-28T02:31:21Z,NYSE:GE
16.77495286059905,-15.887774702412685,-123.34560248118522,-2.93409612280154,372.841,41.77916416056996,-3.290160557577801,342.73,5096587,1787884463,2026-08-28T02:34:23Z,NYSE:GE
16.77495286059905,-15.887774702412685,-123.34560248118522,-2.93409612280154,372.841,41.77916416056996,-3.290160557577801,342.73,5096587,1787884642,2026-08-28T02:37:22Z,NYSE:GE
16.77495286059905,-15.887774702412685,-123.34560248118522,-2.93409612280154,372.841,41.77916416056996,-3.290160557577801,342.73,5096587,1787884819,2026-08-28T02:40:19Z,NYSE:GE
16.77495286059905,-15.887774702412685,-123.34560248118522,-2.93409612280154,372.841,41.77916416056996,-3.290160557577801,342.73,5096587,1787885005,2026-08-28T02:43:25Z,NYSE:GE
16.77495286059905,-15.887774702412685,-123.34560248118522,-2.93409612280154,372.841,41.77916416056996,-3.290160557577801,342.73,5096587,1787885177,2026-08-28T02:46:17Z,NYSE:GE
16.77495286059905,-15.887774702412685,-123.34560248118522,-2.93409612280154,372.841,41.77916416056996,-3.290160557577801,342.73,5096587,1787885363,2026-08-28T02:49:23Z,NYSE:GE
16.77495286059905,-15.887774702412685,-123.34560248118522,-2.93409612280154,372.841,41.77916416056996,-3.290160557577801,342.73,5096587,1787885541,2026-08-28T02:52:21Z,NYSE:GE
16.77495286059905,-15.887774702412685,-123.34560248118522,-2.93409612280154,372.841,41.77916416056996,-3.290160557577801,342.73,5096587,1787885719,2026-08-28T02:55:19Z,NYSE:GE
16.77495286059905,-15.887774702412685,-123.34560248118522,-2.93409612280154,372.841,41.77916416056996,-3.290160557577801,342.73,5096587,1787885900,2026-08-28T02:58:20Z,NYSE:GE
16.77495286059905,-15.887774702412685,-123.34560248118522,-2.93409612280154,372.841,41.77916416056996,-3.290160557577801,342.73,5096587,1787886083,2026-08-28T03:01:23Z,NYSE:GE
16.77495286059905,-15.887774702412685,-123.34560248118522,-2.93409612280154,372.841,41.77916416056996,-3.290160557577801,342.73,5096587,1787886261,2026-08-28T03:04:21Z,NYSE:GE
16.77495286059905,-15.887774702412685,-123.34560248118522,-2.93409612280154,372.841,41.77916416056996,-3.290160557577801,342.73,5096587,1787886441,2026-08-28T03:07:21Z,NYSE:GE
16.77495286059905,-15.887774702412685,-123.34560248118522,-2.93409612280154,372.841,41.77916416056996,-3.290160557577801,342.73,5096587,1787886624,2026-08-28T03:10:24Z,NYSE:GE
16.77495286059905,-15.887774702412685,-123.34560248118522,-2.93409612280154,372.841,41.77916416056996,-3.290160557577801,342.73,5096587,1787886798,2026-08-28T03:13:18Z,NYSE:GE
16.77495286059905,-15.887774702412685,-123.34560248118522,-2.93409612280154,372.841,41.77916416056996,-3.290160557577801,342.73,5096587,1787886981,2026-08-28T03:16:21Z,NYSE:GE
16.77495286059905,-15.887774702412685,-123.34560248118522,-2.93409612280154,372.841,41.77916416056996,-3.290160557577801,342.73,5096587,1787887160,2026-08-28T03:19:20Z,NYSE:GE
16.77495286059905,-15.887774702412685,-123.34560248118522,-2.93409612280154,372.841,41.77916416056996,-3.290160557577801,342.73,5096587,1787887339,2026-08-28T03:22:19Z,NYSE:GE
16.77495286059905,-15.887774702412685,-123.34560248118522,-2.93409612280154,372.841,41.77916416056996,-3.290160557577801,342.73,5096587,1787887519,2026-08-28T03:25:19Z,NYSE:GE
16.77495286059905,-15.887774702412685,-123.34560248118522,-2.93409612280154,372.841,41.77916416056996,-3.290160557577801,342.73,5096587,1787887700,2026-08-28T03:28:20Z,NYSE:GE
16.77495286059905,-15.887774702412685,-123.34560248118522,-2.93409612280154,372.841,41.77916416056996,-3.290160557577801,342.73,5096587,1787887881,2026-08-28T03:31:21Z,NYSE:GE
16.77495286059905,-15.887774702412685,-123.34560248118522,-2.93409612280154,372.841,41.77916416056996,-3.290160557577801,342.73,5096587,1787888061,2026-08-28T03:34:21Z,NYSE:GE
16.77495286059905,-15.887774702412685,-123.34560248118522,-2.93409612280154,372.841,41.77916416056996,-3.290160557577801,342.73,5096587,1787888241,2026-08-28T03:37:21Z,NYSE:GE
16.77495286059905,-15.887774702412685,-123.34560248118522,-2.93409612280154,372.841,41.77916416056996,-3.290160557577801,342.73,5096587,1787888419,2026-08-28T03:40:19Z,NYSE:GE
16.77495286059905,-15.887774702412685,-123.34560248118522,-2.93409612280154,372.841,41.77916416056996,-3.290160557577801,342.73,5096587,1787888599,2026-08-28T03:43:19Z,NYSE:GE
16.77495286059905,-15.887774702412685,-123.34560248118522,-2.93409612280154,372.841,41.77916416056996,-3.290160557577801,342.73,5096587,1787888779,2026-08-28T03:46:19Z,NYSE:GE
16.77495286059905,-15.887774702412685,-123.34560248118522,-2.93409612280154,372.841,41.77916416056996,-3.290160557577801,342.73,5096587,1787888960,2026-08-28T03:49:20Z,NYSE:GE
16.77495286059905,-15.887774702412685,-123.34560248118522,-2.93409612280154,372.841,41.77916416056996,-3.290160557577801,342.73,5096587,1787889141,2026-08-28T03:52:21Z,NYSE:GE
16.77495286059905,-15.887774702412685,-123.34560248118522,-2.93409612280154,372.841,41.77916416056996,-3.290160557577801,342.73,5096587,1787889320,2026-08-28T03:55:20Z,NYSE:GE
16.77495286059905,-15.887774702412685,-123.34560248118522,-2.93409612280154,372.841,41.77916416056996,-3.290160557577801,342.73,5096587,1787889495,2026-08-28T03:58:15Z,NYSE:GE
16.77495286059905,-15.887774702412685,-123.34560248118522,-2.93409612280154,372.841,41.77916416056996,-3.290160557577801,342.73,5096587,1787889681,2026-08-28T04:01:21Z,NYSE:GE
16.77495286059905,-15.887774702412685,-123.34560248118522,-2.93409612280154,372.841,41.77916416056996,-3.290160557577801,342.73,5096587,1787889857,2026-08-28T04:04:17Z,NYSE:GE
16.77495286059905,-15.887774702412685,-123.34560248118522,-2.93409612280154,372.841,41.77916416056996,-3.290160557577801,342.73,5096587,1787890048,2026-08-28T04:07:28Z,NYSE:GE
16.77495286059905,-15.887774702412685,-123.34560248118522,-2.93409612280154,372.841,41.77916416056996,-3.290160557577801,342.73,5096587,1787890221,2026-08-28T04:10:21Z,NYSE:GE
16.77495286059905,-15.887774702412685,-123.34560248118522,-2.93409612280154,372.841,41.77916416056996,-3.290160557577801,342.73,5096587,1787890401,2026-08-28T04:13:21Z,NYSE:GE
16.77495286059905,-15.887774702412685,-123.34560248118522,-2.93409612280154,372.841,41.77916416056996,-3.290160557577801,342.73,5096587,1787890581,2026-08-28T04:16:21Z,NYSE:GE
16.77495286059905,-15.887774702412685,-123.34560248118522,-2.93409612280154,372.841,41.77916416056996,-3.290160557577801,342.73,5096587,1787890761,2026-08-28T04:19:21Z,NYSE:GE
16.77495286059905,-15.887774702412685,-123.34560248118522,-2.93409612280154,372.841,41.77916416056996,-3.290160557577801,342.73,5096587,1787890943,2026-08-28T04:22:23Z,NYSE:GE
16.77495286059905,-15.887774702412685,-123.34560248118522,-2.93409612280154,372.841,41.77916416056996,-3.290160557577801,342.73,5096587,1787891117,2026-08-28T04:25:17Z,NYSE:GE
16.77495286059905,-15.887774702412685,-123.34560248118522,-2.93409612280154,372.841,41.77916416056996,-3.290160557577801,342.73,5096587,1787891300,2026-08-28T04:28:20Z,NYSE:GE
16.77495286059905,-15.887774702412685,-123.34560248118522,-2.93409612280154,372.841,41.77916416056996,-3.290160557577801,342.73,5096587,1787891481,2026-08-28T04:31:21Z,NYSE:GE
16.77495286059905,-15.887774702412685,-123.34560248118522,-2.93409612280154,372.841,41.77916416056996,-3.290160557577801,342.73,5096587,1787891661,2026-08-28T04:34:21Z,NYSE:GE
16.77495286059905,-15.887774702412685,-123.34560248118522,-2.93409612280154,372.841,41.77916416056996,-3.290160557577801,342.73,5096587,1787891843,2026-08-28T04:37:23Z,NYSE:GE
16.77495286059905,-15.887774702412685,-123.34560248118522,-2.93409612280154,372.841,41.77916416056996,-3.290160557577801,342.73,5096587,1787892020,2026-08-28T04:40:20Z,NYSE:GE
16.77495286059905,-15.887774702412685,-123.34560248118522,-2.93409612280154,372.841,41.77916416056996,-3.290160557577801,342.73,5096587,1787892200,2026-08-28T04:43:20Z,NYSE:GE
16.77495286059905,-15.887774702412685,-123.34560248118522,-2.93409612280154,372.841,41.77916416056996,-3.290160557577801,342.73,5096587,1787892379,2026-08-28T04:46:19Z,NYSE:GE
16.77495286059905,-15.887774702412685,-123.34560248118522,-2.93409612280154,372.841,41.77916416056996,-3.290160557577801,342.73,5096587,1787892561,2026-08-28T04:49:21Z,NYSE:GE
16.77495286059905,-15.887774702412685,-123.34560248118522,-2.93409612280154,372.841,41.77916416056996,-3.290160557577801,342.73,5096587,1787892739,2026-08-28T04:52:19Z,NYSE:GE
16.77495286059905,-15.887774702412685,-123.34560248118522,-2.93409612280154,372.841,41.77916416056996,-3.290160557577801,342.73,5096587,1787892918,2026-08-28T04:55:18Z,NYSE:GE
16.77495286059905,-15.887774702412685,-123.34560248118522,-2.93409612280154,372.841,41.77916416056996,-3.290160557577801,342.73,5096587,1787893102,2026-08-28T04:58:22Z,NYSE:GE
16.77495286059905,-15.887774702412685,-123.34560248118522,-2.93409612280154,372.841,41.77916416056996,-3.290160557577801,342.73,5096587,1787893283,2026-08-28T05:01:23Z,NYSE:GE
16.77495286059905,-15.887774702412685,-123.34560248118522,-2.93409612280154,372.841,41.77916416056996,-3.290160557577801,342.73,5096587,1787893464,2026-08-28T05:04:24Z,NYSE:GE
16.77495286059905,-15.887774702412685,-123.34560248118522,-2.93409612280154,372.841,41.77916416056996,-3.290160557577801,342.73,5096587,1787893639,2026-08-28T05:07:19Z,NYSE:GE
16.77495286059905,-15.887774702412685,-123.34560248118522,-2.93409612280154,372.841,41.77916416056996,-3.290160557577801,342.73,5096587,1787893820,2026-08-28T05:10:20Z,NYSE:GE
16.77495286059905,-15.887774702412685,-123.34560248118522,-2.93409612280154,372.841,41.77916416056996,-3.290160557577801,342.73,5096587,1787893999,2026-08-28T05:13:19Z,NYSE:GE
16.77495286059905,-15.887774702412685,-123.34560248118522,-2.93409612280154,372.841,41.77916416056996,-3.290160557577801,342.73,5096587,1787894179,2026-08-28T05:16:19Z,NYSE:GE
16.77495286059905,-15.887774702412685,-123.34560248118522,-2.93409612280154,372.841,41.77916416056996,-3.290160557577801,342.73,5096587,1787894363,2026-08-28T05:19:23Z,NYSE:GE
16.77495286059905,-15.887774702412685,-123.34560248118522,-2.93409612280154,372.841,41.77916416056996,-3.290160557577801,342.73,5096587,1787894541,2026-08-28T05:22:21Z,NYSE:GE
16.77495286059905,-15.887774702412685,-123.34560248118522,-2.93409612280154,372.841,41.77916416056996,-3.290160557577801,342.73,5096587,1787894719,2026-08-28T05:25:19Z,NYSE:GE
16.77495286059905,-15.887774702412685,-123.34560248118522,-2.93409612280154,372.841,41.77916416056996,-3.290160557577801,342.73,5096587,1787894902,2026-08-28T05:28:22Z,NYSE:GE
16.77495286059905,-15.887774702412685,-123.34560248118522,-2.93409612280154,372.841,41.77916416056996,-3.290160557577801,342.73,5096587,1787895083,2026-08-28T05:31:23Z,NYSE:GE
16.77495286059905,-15.887774702412685,-123.34560248118522,-2.93409612280154,372.841,41.77916416056996,-3.290160557577801,342.73,5096587,1787895258,2026-08-28T05:34:18Z,NYSE:GE
16.77495286059905,-15.887774702412685,-123.34560248118522,-2.93409612280154,372.841,41.77916416056996,-3.290160557577801,342.73,5096587,1787895437,2026-08-28T05:37:17Z,NYSE:GE
16.77495286059905,-15.887774702412685,-123.34560248118522,-2.93409612280154,372.841,41.77916416056996,-3.290160557577801,342.73,5096587,1787895619,2026-08-28T05:40:19Z,NYSE:GE
16.77495286059905,-15.887774702412685,-123.34560248118522,-2.93409612280154,372.841,41.77916416056996,-3.290160557577801,342.73,5096587,1787895796,2026-08-28T05:43:16Z,NYSE:GE
16.77495286059905,-15.887774702412685,-123.34560248118522,-2.93409612280154,372.841,41.77916416056996,-3.290160557577801,342.73,5096587,1787895981,2026-08-28T05:46:21Z,NYSE:GE
16.77495286059905,-15.887774702412685,-123.34560248118522,-2.93409612280154,372.841,41.77916416056996,-3.290160557577801,342.73,5096587,1787896161,2026-08-28T05:49:21Z,NYSE:GE
16.77495286059905,-15.887774702412685,-123.34560248118522,-2.93409612280154,372.841,41.77916416056996,-3.290160557577801,342.73,5096587,1787896338,2026-08-28T05:52:18Z,NYSE:GE
16.77495286059905,-15.887774702412685,-123.34560248118522,-2.93409612280154,372.841,41.77916416056996,-3.290160557577801,342.73,5096587,1787896520,2026-08-28T05:55:20Z,NYSE:GE
16.77495286059905,-15.887774702412685,-123.34560248118522,-2.93409612280154,372.841,41.77916416056996,-3.290160557577801,342.73,5096587,1787896698,2026-08-28T05:58:18Z,NYSE:GE
16.77495286059905,-15.887774702412685,-123.34560248118522,-2.93409612280154,372.841,41.77916416056996,-3.290160557577801,342.73,5096587,1787896882,2026-08-28T06:01:22Z,NYSE:GE
16.77495286059905,-15.887774702412685,-123.34560248118522,-2.93409612280154,372.841,41.77916416056996,-3.290160557577801,342.73,5096587,1787897067,2026-08-28T06:04:27Z,NYSE:GE
16.77495286059905,-15.887774702412685,-123.34560248118522,-2.93409612280154,372.841,41.77916416056996,-3.290160557577801,342.73,5096587,1787897237,2026-08-28T06:07:17Z,NYSE:GE
16.77495286059905,-15.887774702412685,-123.34560248118522,-2.93409612280154,372.841,41.77916416056996,-3.290160557577801,342.73,5096587,1787897419,2026-08-28T06:10:19Z,NYSE:GE
16.77495286059905,-15.887774702412685,-123.34560248118522,-2.93409612280154,372.841,41.77916416056996,-3.290160557577801,342.73,5096587,1787897598,2026-08-28T06:13:18Z,NYSE:GE
16.77495286059905,-15.887774702412685,-123.34560248118522,-2.93409612280154,372.841,41.77916416056996,-3.290160557577801,342.73,5096587,1787897785,2026-08-28T06:16:25Z,NYSE:GE
16.77495286059905,-15.887774702412685,-123.34560248118522,-2.93409612280154,372.841,41.77916416056996,-3.290160557577801,342.73,5096587,1787897962,2026-08-28T06:19:22Z,NYSE:GE
16.77495286059905,-15.887774702412685,-123.34560248118522,-2.93409612280154,372.841,41.77916416056996,-3.290160557577801,342.73,5096587,1787898140,2026-08-28T06:22:20Z,NYSE:GE
16.77495286059905,-15.887774702412685,-123.34560248118522,-2.93409612280154,372.841,41.77916416056996,-3.290160557577801,342.73,5096587,1787898319,2026-08-28T06:25:19Z,NYSE:GE
16.77495286059905,-15.887774702412685,-123.34560248118522,-2.93409612280154,372.841,41.77916416056996,-3.290160557577801,342.73,5096587,1787898500,2026-08-28T06:28:20Z,NYSE:GE
16.77495286059905,-15.887774702412685,-123.34560248118522,-2.93409612280154,372.841,41.77916416056996,-3.290160557577801,342.73,5096587,1787898680,2026-08-28T06:31:20Z,NYSE:GE
16.77495286059905,-15.887774702412685,-123.34560248118522,-2.93409612280154,372.841,41.77916416056996,-3.290160557577801,342.73,5096587,1787898859,2026-08-28T06:34:19Z,NYSE:GE
16.77495286059905,-15.887774702412685,-123.34560248118522,-2.93409612280154,372.841,41.77916416056996,-3.290160557577801,342.73,5096587,1787899042,2026-08-28T06:37:22Z,NYSE:GE
16.77495286059905,-15.887774702412685,-123.34560248118522,-2.93409612280154,372.841,41.77916416056996,-3.290160557577801,342.73,5096587,1787899217,2026-08-28T06:40:17Z,NYSE:GE
16.77495286059905,-15.887774702412685,-123.34560248118522,-2.93409612280154,372.841,41.77916416056996,-3.290160557577801,342.73,5096587,1787899404,2026-08-28T06:43:24Z,NYSE:GE
16.77495286059905,-15.887774702412685,-123.34560248118522,-2.93409612280154,372.841,41.77916416056996,-3.290160557577801,342.73,5096587,1787899580,2026-08-28T06:46:20Z,NYSE:GE
16.77495286059905,-15.887774702412685,-123.34560248118522,-2.93409612280154,372.841,41.77916416056996,-3.290160557577801,342.73,5096587,1787899761,2026-08-28T06:49:21Z,NYSE:GE
16.77495286059905,-15.887774702412685,-123.34560248118522,-2.93409612280154,372.841,41.77916416056996,-3.290160557577801,342.73,5096587,1787899942,2026-08-28T06:52:22Z,NYSE:GE
16.77495286059905,-15.887774702412685,-123.34560248118522,-2.93409612280154,372.841,41.77916416056996,-3.290160557577801,342.73,5096587,1787900121,2026-08-28T06:55:21Z,NYSE:GE
16.77495286059905,-15.887774702412685,-123.34560248118522,-2.93409612280154,372.841,41.77916416056996,-3.290160557577801,342.73,5096587,1787900299,2026-08-28T06:58:19Z,NYSE:GE
16.77495286059905,-15.887774702412685,-123.34560248118522,-2.93409612280154,372.841,41.77916416056996,-3.290160557577801,342.73,5096587,1787900478,2026-08-28T07:01:18Z,NYSE:GE
16.77495286059905,-15.887774702412685,-123.34560248118522,-2.93409612280154,372.841,41.77916416056996,-3.290160557577801,342.73,5096587,1787900661,2026-08-28T07:04:21Z,NYSE:GE
16.77495286059905,-15.887774702412685,-123.34560248118522,-2.93409612280154,372.841,41.77916416056996,-3.290160557577801,342.73,5096587,1787900841,2026-08-28T07:07:21Z,NYSE:GE
16.77495286059905,-15.887774702412685,-123.34560248118522,-2.93409612280154,372.841,41.77916416056996,-3.290160557577801,342.73,5096587,1787901022,2026-08-28T07:10:22Z,NYSE:GE
16.77495286059905,-15.887774702412685,-123.34560248118522,-2.93409612280154,372.841,41.77916416056996,-3.290160557577801,342.73,5096587,1787901198,2026-08-28T07:13:18Z,NYSE:GE
16.77495286059905,-15.887774702412685,-123.34560248118522,-2.93409612280154,372.841,41.77916416056996,-3.290160557577801,342.73,5096587,1787901383,2026-08-28T07:16:23Z,NYSE:GE
16.77495286059905,-15.887774702412685,-123.34560248118522,-2.93409612280154,372.841,41.77916416056996,-3.290160557577801,342.73,5096587,1787901560,2026-08-28T07:19:20Z,NYSE:GE
16.77495286059905,-15.887774702412685,-123.34560248118522,-2.93409612280154,372.841,41.77916416056996,-3.290160557577801,342.73,5096587,1787901742,2026-08-28T07:22:22Z,NYSE:GE
16.77495286059905,-15.887774702412685,-123.34560248118522,-2.93409612280154,372.841,41.77916416056996,-3.290160557577801,342.73,5096587,1787901919,2026-08-28T07:25:19Z,NYSE:GE
16.77495286059905,-15.887774702412685,-123.34560248118522,-2.93409612280154,372.841,41.77916416056996,-3.290160557577801,342.73,5096587,1787902097,2026-08-28T07:28:17Z,NYSE:GE
16.77495286059905,-15.887774702412685,-123.34560248118522,-2.93409612280154,372.841,41.77916416056996,-3.290160557577801,342.73,5096587,1787902280,2026-08-28T07:31:20Z,NYSE:GE
16.77495286059905,-15.887774702412685,-123.34560248118522,-2.93409612280154,372.841,41.77916416056996,-3.290160557577801,342.73,5096587,1787902454,2026-08-28T07:34:14Z,NYSE:GE
16.77495286059905,-15.887774702412685,-123.34560248118522,-2.93409612280154,372.841,41.77916416056996,-3.290160557577801,342.73,5096587,1787902642,2026-08-28T07:37:22Z,NYSE:GE
16.77495286059905,-15.887774702412685,-123.34560248118522,-2.93409612280154,372.841,41.77916416056996,-3.290160557577801,342.73,5096587,1787902819,2026-08-28T07:40:19Z,NYSE:GE
16.77495286059905,-15.887774702412685,-123.34560248118522,-2.93409612280154,372.841,41.77916416056996,-3.290160557577801,342.73,5096587,1787903002,2026-08-28T07:43:22Z,NYSE:GE
16.77495286059905,-15.887774702412685,-123.34560248118522,-2.93409612280154,372.841,41.77916416056996,-3.290160557577801,342.73,5096587,1787903180,2026-08-28T07:46:20Z,NYSE:GE
16.77495286059905,-15.887774702412685,-123.34560248118522,-2.93409612280154,372.841,41.77916416056996,-3.290160557577801,342.73,5096587,1787903364,2026-08-28T07:49:24Z,NYSE:GE
16.77495286059905,-15.887774702412685,-123.34560248118522,-2.93409612280154,372.841,41.77916416056996,-3.290160557577801,342.73,5096587,1787903541,2026-08-28T07:52:21Z,NYSE:GE
16.77495286059905,-15.887774702412685,-123.34560248118522,-2.93409612280154,372.841,41.77916416056996,-3.290160557577801,342.73,5096587,1787903721,2026-08-28T07:55:21Z,NYSE:GE
16.77495286059905,-15.887774702412685,-123.34560248118522,-2.93409612280154,372.841,41.77916416056996,-3.290160557577801,342.73,5096587,1787903902,2026-08-28T07:58:22Z,NYSE:GE
16.77495286059905,-15.887774702412685,-123.34560248118522,-2.93409612280154,372.841,41.77916416056996,-3.290160557577801,342.73,5096587,1787904082,2026-08-28T08:01:22Z,NYSE:GE
16.77495286059905,-15.887774702412685,-123.34560248118522,-2.93409612280154,372.841,41.77916416056996,-3.290160557577801,342.73,5096587,1787904260,2026-08-28T08:04:20Z,NYSE:GE
16.77495286059905,-15.887774702412685,-123.34560248118522,-2.93409612280154,372.841,41.77916416056996,-3.290160557577801,342.73,5096587,1787904440,2026-08-28T08:07:20Z,NYSE:GE
16.77495286059905,-15.887774702412685,-123.34560248118522,-2.93409612280154,372.841,41.77916416056996,-3.290160557577801,342.73,5096587,1787904617,2026-08-28T08:10:17Z,NYSE:GE
16.77495286059905,-15.887774702412685,-123.34560248118522,-2.93409612280154,372.841,41.77916416056996,-3.290160557577801,342.73,5096587,1787904800,2026-08-28T08:13:20Z,NYSE:GE
16.77495286059905,-15.887774702412685,-123.34560248118522,-2.93409612280154,372.841,41.77916416056996,-3.290160557577801,342.73,5096587,1787904980,2026-08-28T08:16:20Z,NYSE:GE
16.77495286059905,-15.887774702412685,-123.34560248118522,-2.93409612280154,372.841,41.77916416056996,-3.290160557577801,342.73,5096587,1787905157,2026-08-28T08:19:17Z,NYSE:GE
16.77495286059905,-15.887774702412685,-123.34560248118522,-2.93409612280154,372.841,41.77916416056996,-3.290160557577801,342.73,5096587,1787905375,2026-08-28T08:22:55Z,NYSE:GE
16.77495286059905,-15.887774702412685,-123.34560248118522,-2.93409612280154,372.841,41.77916416056996,-3.290160557577801,342.73,5096587,1787905519,2026-08-28T08:25:19Z,NYSE:GE
16.77495286059905,-15.887774702412685,-123.34560248118522,-2.93409612280154,372.841,41.77916416056996,-3.290160557577801,342.73,5096587,1787905702,2026-08-28T08:28:22Z,NYSE:GE
16.77495286059905,-15.887774702412685,-123.34560248118522,-2.93409612280154,372.841,41.77916416056996,-3.290160557577801,342.73,5096587,1787905883,2026-08-28T08:31:23Z,NYSE:GE
16.77495286059905,-15.887774702412685,-123.34560248118522,-2.93409612280154,372.841,41.77916416056996,-3.290160557577801,342.73,5096587,1787906059,2026-08-28T08:34:19Z,NYSE:GE
16.77495286059905,-15.887774702412685,-123.34560248118522,-2.93409612280154,372.841,41.77916416056996,-3.290160557577801,342.73,5096587,1787906244,2026-08-28T08:37:24Z,NYSE:GE
16.77495286059905,-15.887774702412685,-123.34560248118522,-2.93409612280154,372.841,41.77916416056996,-3.290160557577801,342.73,5096587,1787906421,2026-08-28T08:40:21Z,NYSE:GE
16.77495286059905,-15.887774702412685,-123.34560248118522,-2.93409612280154,372.841,41.77916416056996,-3.290160557577801,342.73,5096587,1787906603,2026-08-28T08:43:23Z,NYSE:GE
16.77495286059905,-15.887774702412685,-123.34560248118522,-2.93409612280154,372.841,41.77916416056996,-3.290160557577801,342.73,5096587,1787906777,2026-08-28T08:46:17Z,NYSE:GE
16.77495286059905,-15.887774702412685,-123.34560248118522,-2.93409612280154,372.841,41.77916416056996,-3.290160557577801,342.73,5096587,1787906962,2026-08-28T08:49:22Z,NYSE:GE
16.77495286059905,-15.887774702412685,-123.34560248118522,-2.93409612280154,372.841,41.77916416056996,-3.290160557577801,342.73,5096587,1787907141,2026-08-28T08:52:21Z,NYSE:GE
16.77495286059905,-15.887774702412685,-123.34560248118522,-2.93409612280154,372.841,41.77916416056996,-3.290160557577801,342.73,5096587,1787907321,2026-08-28T08:55:21Z,NYSE:GE
16.77495286059905,-15.887774702412685,-123.34560248118522,-2.93409612280154,372.841,41.77916416056996,-3.290160557577801,342.73,5096587,1787907501,2026-08-28T08:58:21Z,NYSE:GE
16.77495286059905,-15.887774702412685,-123.34560248118522,-2.93409612280154,372.841,41.77916416056996,-3.290160557577801,342.73,5096587,1787907681,2026-08-28T09:01:21Z,NYSE:GE
16.77495286059905,-15.887774702412685,-123.34560248118522,-2.93409612280154,372.841,41.77916416056996,-3.290160557577801,342.73,5096587,1787907857,2026-08-28T09:04:17Z,NYSE:GE
16.77495286059905,-15.887774702412685,-123.34560248118522,-2.93409612280154,372.841,41.77916416056996,-3.290160557577801,342.73,5096587,1787908040,2026-08-28T09:07:20Z,NYSE:GE
16.77495286059905,-15.887774702412685,-123.34560248118522,-2.93409612280154,372.841,41.77916416056996,-3.290160557577801,342.73,5096587,1787908220,2026-08-28T09:10:20Z,NYSE:GE
16.77495286059905,-15.887774702412685,-123.34560248118522,-2.93409612280154,372.841,41.77916416056996,-3.290160557577801,342.73,5096587,1787908400,2026-08-28T09:13:20Z,NYSE:GE
16.77495286059905,-15.887774702412685,-123.34560248118522,-2.93409612280154,372.841,41.77916416056996,-3.290160557577801,342.73,5096587,1787908584,2026-08-28T09:16:24Z,NYSE:GE
16.77495286059905,-15.887774702412685,-123.34560248118522,-2.93409612280154,372.841,41.77916416056996,-3.290160557577801,342.73,5096587,1787908761,2026-08-28T09:19:21Z,NYSE:GE
16.77495286059905,-15.887774702412685,-123.34560248118522,-2.93409612280154,372.841,41.77916416056996,-3.290160557577801,342.73,5096587,1787908940,2026-08-28T09:22:20Z,NYSE:GE
16.77495286059905,-15.887774702412685,-123.34560248118522,-2.93409612280154,372.841,41.77916416056996,-3.290160557577801,342.73,5096587,1787909121,2026-08-28T09:25:21Z,NYSE:GE
16.77495286059905,-15.887774702412685,-123.34560248118522,-2.93409612280154,372.841,41.77916416056996,-3.290160557577801,342.73,5096587,1787909301,2026-08-28T09:28:21Z,NYSE:GE
16.77495286059905,-15.887774702412685,-123.34560248118522,-2.93409612280154,372.841,41.77916416056996,-3.290160557577801,342.73,5096587,1787909478,2026-08-28T09:31:18Z,NYSE:GE
16.77495286059905,-15.887774702412685,-123.34560248118522,-2.93409612280154,372.841,41.77916416056996,-3.290160557577801,342.73,5096587,1787909658,2026-08-28T09:34:18Z,NYSE:GE
16.77495286059905,-15.887774702412685,-123.34560248118522,-2.93409612280154,372.841,41.77916416056996,-3.290160557577801,342.73,5096587,1787909841,2026-08-28T09:37:21Z,NYSE:GE
16.77495286059905,-15.887774702412685,-123.34560248118522,-2.93409612280154,372.841,41.77916416056996,-3.290160557577801,342.73,5096587,1787910018,2026-08-28T09:40:18Z,NYSE:GE
16.77495286059905,-15.887774702412685,-123.34560248118522,-2.93409612280154,372.841,41.77916416056996,-3.290160557577801,342.73,5096587,1787910202,2026-08-28T09:43:22Z,NYSE:GE
16.77495286059905,-15.887774702412685,-123.34560248118522,-2.93409612280154,372.841,41.77916416056996,-3.290160557577801,342.73,5096587,1787910379,2026-08-28T09:46:19Z,NYSE:GE
16.77495286059905,-15.887774702412685,-123.34560248118522,-2.93409612280154,372.841,41.77916416056996,-3.290160557577801,342.73,5096587,1787910554,2026-08-28T09:49:14Z,NYSE:GE
16.77495286059905,-15.887774702412685,-123.34560248118522,-2.93409612280154,372.841,41.77916416056996,-3.290160557577801,342.73,5096587,1787910742,2026-08-28T09:52:22Z,NYSE:GE
16.77495286059905,-15.887774702412685,-123.34560248118522,-2.93409612280154,372.841,41.77916416056996,-3.290160557577801,342.73,5096587,1787910919,2026-08-28T09:55:19Z,NYSE:GE
16.77495286059905,-15.887774702412685,-123.34560248118522,-2.93409612280154,372.841,41.77916416056996,-3.290160557577801,342.73,5096587,1787911101,2026-08-28T09:58:21Z,NYSE:GE
16.77495286059905,-15.887774702412685,-123.34560248118522,-2.93409612280154,372.841,41.77916416056996,-3.290160557577801,342.73,5096587,1787911279,2026-08-28T10:01:19Z,NYSE:GE
16.77495286059905,-15.887774702412685,-123.34560248118522,-2.93409612280154,372.841,41.77916416056996,-3.290160557577801,342.73,5096587,1787911459,2026-08-28T10:04:19Z,NYSE:GE
16.77495286059905,-15.887774702412685,-123.34560248118522,-2.93409612280154,372.841,41.77916416056996,-3.290160557577801,342.73,5096587,1787911639,2026-08-28T10:07:19Z,NYSE:GE
16.77495286059905,-15.887774702412685,-123.34560248118522,-2.93409612280154,372.841,41.77916416056996,-3.290160557577801,342.73,5096587,1787911825,2026-08-28T10:10:25Z,NYSE:GE
16.77495286059905,-15.887774702412685,-123.34560248118522,-2.93409612280154,372.841,41.77916416056996,-3.290160557577801,342.73,5096587,1787911998,2026-08-28T10:13:18Z,NYSE:GE
16.77495286059905,-15.887774702412685,-123.34560248118522,-2.93409612280154,372.841,41.77916416056996,-3.290160557577801,342.73,5096587,1787912180,2026-08-28T10:16:20Z,NYSE:GE
16.77495286059905,-15.887774702412685,-123.34560248118522,-2.93409612280154,372.841,41.77916416056996,-3.290160557577801,342.73,5096587,1787912358,2026-08-28T10:19:18Z,NYSE:GE
16.77495286059905,-15.887774702412685,-123.34560248118522,-2.93409612280154,372.841,41.77916416056996,-3.290160557577801,342.73,5096587,1787912540,2026-08-28T10:22:20Z,NYSE:GE
16.77495286059905,-15.887774702412685,-123.34560248118522,-2.93409612280154,372.841,41.77916416056996,-3.290160557577801,342.73,5096587,1787912723,2026-08-28T10:25:23Z,NYSE:GE
16.77495286059905,-15.887774702412685,-123.34560248118522,-2.93409612280154,372.841,41.77916416056996,-3.290160557577801,342.73,5096587,1787912901,2026-08-28T10:28:21Z,NYSE:GE
16.77495286059905,-15.887774702412685,-123.34560248118522,-2.93409612280154,372.841,41.77916416056996,-3.290160557577801,342.73,5096587,1787913079,2026-08-28T10:31:19Z,NYSE:GE
16.77495286059905,-15.887774702412685,-123.34560248118522,-2.93409612280154,372.841,41.77916416056996,-3.290160557577801,342.73,5096587,1787913263,2026-08-28T10:34:23Z,NYSE:GE
16.77495286059905,-15.887774702412685,-123.34560248118522,-2.93409612280154,372.841,41.77916416056996,-3.290160557577801,342.73,5096587,1787913441,2026-08-28T10:37:21Z,NYSE:GE
16.77495286059905,-15.887774702412685,-123.34560248118522,-2.93409612280154,372.841,41.77916416056996,-3.290160557577801,342.73,5096587,1787913621,2026-08-28T10:40:21Z,NYSE:GE
16.77495286059905,-15.887774702412685,-123.34560248118522,-2.93409612280154,372.841,41.77916416056996,-3.290160557577801,342.73,5096587,1787913798,2026-08-28T10:43:18Z,NYSE:GE
16.77495286059905,-15.887774702412685,-123.34560248118522,-2.93409612280154,372.841,41.77916416056996,-3.290160557577801,342.73,5096587,1787913982,2026-08-28T10:46:22Z,NYSE:GE
16.77495286059905,-15.887774702412685,-123.34560248118522,-2.93409612280154,372.841,41.77916416056996,-3.290160557577801,342.73,5096587,1787914162,2026-08-28T10:49:22Z,NYSE:GE
16.77495286059905,-15.887774702412685,-123.34560248118522,-2.93409612280154,372.841,41.77916416056996,-3.290160557577801,342.73,5096587,1787914337,2026-08-28T10:52:17Z,NYSE:GE
16.77495286059905,-15.887774702412685,-123.34560248118522,-2.93409612280154,372.841,41.77916416056996,-3.290160557577801,342.73,5096587,1787914522,2026-08-28T10:55:22Z,NYSE:GE
16.77495286059905,-15.887774702412685,-123.34560248118522,-2.93409612280154,372.841,41.77916416056996,-3.290160557577801,342.73,5096587,1787914702,2026-08-28T10:58:22Z,NYSE:GE
16.77495286059905,-15.887774702412685,-123.34560248118522,-2.93409612280154,372.841,41.77916416056996,-3.290160557577801,342.73,5096587,1787914881,2026-08-28T11:01:21Z,NYSE:GE
16.77495286059905,-15.887774702412685,-123.34560248118522,-2.93409612280154,372.841,41.77916416056996,-3.290160557577801,342.73,5096587,1787915063,2026-08-28T11:04:23Z,NYSE:GE
16.77495286059905,-15.887774702412685,-123.34560248118522,-2.93409612280154,372.841,41.77916416056996,-3.290160557577801,342.73,5096587,1787915240,2026-08-28T11:07:20Z,NYSE:GE
16.77495286059905,-15.887774702412685,-123.34560248118522,-2.93409612280154,372.841,41.77916416056996,-3.290160557577801,342.73,5096587,1787915420,2026-08-28T11:10:20Z,NYSE:GE
16.77495286059905,-15.887774702412685,-123.34560248118522,-2.93409612280154,372.841,41.77916416056996,-3.290160557577801,342.73,5096587,1787915604,2026-08-28T11:13:24Z,NYSE:GE
16.77495286059905,-15.887774702412685,-123.34560248118522,-2.93409612280154,372.841,41.77916416056996,-3.290160557577801,342.73,5096587,1787915780,2026-08-28T11:16:20Z,NYSE:GE
16.77495286059905,-15.887774702412685,-123.34560248118522,-2.93409612280154,372.841,41.77916416056996,-3.290160557577801,342.73,5096587,1787915963,2026-08-28T11:19:23Z,NYSE:GE
16.77495286059905,-15.887774702412685,-123.34560248118522,-2.93409612280154,372.841,41.77916416056996,-3.290160557577801,342.73,5096587,1787916138,2026-08-28T11:22:18Z,NYSE:GE
16.77495286059905,-15.887774702412685,-123.34560248118522,-2.93409612280154,372.841,41.77916416056996,-3.290160557577801,342.73,5096587,1787916323,2026-08-28T11:25:23Z,NYSE:GE
16.77495286059905,-15.887774702412685,-123.34560248118522,-2.93409612280154,372.841,41.77916416056996,-3.290160557577801,342.73,5096587,1787916500,2026-08-28T11:28:20Z,NYSE:GE
16.77495286059905,-15.887774702412685,-123.34560248118522,-2.93409612280154,372.841,41.77916416056996,-3.290160557577801,342.73,5096587,1787916682,2026-08-28T11:31:22Z,NYSE:GE
16.77495286059905,-15.887774702412685,-123.34560248118522,-2.93409612280154,372.841,41.77916416056996,-3.290160557577801,342.73,5096587,1787916859,2026-08-28T11:34:19Z,NYSE:GE
16.77495286059905,-15.887774702412685,-123.34560248118522,-2.93409612280154,372.841,41.77916416056996,-3.290160557577801,342.73,5096587,1787917038,2026-08-28T11:37:18Z,NYSE:GE
16.77495286059905,-15.887774702412685,-123.34560248118522,-2.93409612280154,372.841,41.77916416056996,-3.290160557577801,342.73,5096587,1787917224,2026-08-28T11:40:24Z,NYSE:GE
16.77495286059905,-15.887774702412685,-123.34560248118522,-2.93409612280154,372.841,41.77916416056996,-3.290160557577801,342.73,5096587,1787917405,2026-08-28T11:43:25Z,NYSE:GE
16.77495286059905,-15.887774702412685,-123.34560248118522,-2.93409612280154,372.841,41.77916416056996,-3.290160557577801,342.73,5096587,1787917577,2026-08-28T11:46:17Z,NYSE:GE
16.77495286059905,-15.887774702412685,-123.34560248118522,-2.93409612280154,372.841,41.77916416056996,-3.290160557577801,342.73,5096587,1787917762,2026-08-28T11:49:22Z,NYSE:GE
16.77495286059905,-15.887774702412685,-123.34560248118522,-2.93409612280154,372.841,41.77916416056996,-3.290160557577801,342.73,5096587,1787917939,2026-08-28T11:52:19Z,NYSE:GE
16.77495286059905,-15.887774702412685,-123.34560248118522,-2.93409612280154,372.841,41.77916416056996,-3.290160557577801,342.73,5096587,1787918119,2026-08-28T11:55:19Z,NYSE:GE
16.77495286059905,-15.887774702412685,-123.34560248118522,-2.93409612280154,372.841,41.77916416056996,-3.290160557577801,342.73,5096587,1787918300,2026-08-28T11:58:20Z,NYSE:GE
16.77495286059905,-15.887774702412685,-123.34560248118522,-2.93409612280154,372.841,41.77916416056996,-3.290160557577801,342.73,5096587,1787918479,2026-08-28T12:01:19Z,NYSE:GE
16.77495286059905,-15.887774702412685,-123.34560248118522,-2.93409612280154,372.841,41.77916416056996,-3.290160557577801,342.73,5096587,1787918659,2026-08-28T12:04:19Z,NYSE:GE
16.77495286059905,-15.887774702412685,-123.34560248118522,-2.93409612280154,372.841,41.77916416056996,-3.290160557577801,342.73,5096587,1787918842,2026-08-28T12:07:22Z,NYSE:GE
16.77495286059905,-15.887774702412685,-123.34560248118522,-2.93409612280154,372.841,41.77916416056996,-3.290160557577801,342.73,5096587,1787919019,2026-08-28T12:10:19Z,NYSE:GE
16.77495286059905,-15.887774702412685,-123.34560248118522,-2.93409612280154,372.841,41.77916416056996,-3.290160557577801,342.73,5096587,1787919201,2026-08-28T12:13:21Z,NYSE:GE
16.77495286059905,-15.887774702412685,-123.34560248118522,-2.93409612280154,372.841,41.77916416056996,-3.290160557577801,342.73,5096587,1787919381,2026-08-28T12:16:21Z,NYSE:GE
16.77495286059905,-15.887774702412685,-123.34560248118522,-2.93409612280154,372.841,41.77916416056996,-3.290160557577801,342.73,5096587,1787919558,2026-08-28T12:19:18Z,NYSE:GE
16.77495286059905,-15.887774702412685,-123.34560248118522,-2.93409612280154,372.841,41.77916416056996,-3.290160557577801,342.73,5096587,1787919744,2026-08-28T12:22:24Z,NYSE:GE
16.77495286059905,-15.887774702412685,-123.34560248118522,-2.93409612280154,372.841,41.77916416056996,-3.290160557577801,342.73,5096587,1787919922,2026-08-28T12:25:22Z,NYSE:GE
16.77495286059905,-15.887774702412685,-123.34560248118522,-2.93409612280154,372.841,41.77916416056996,-3.290160557577801,342.73,5096587,1787920096,2026-08-28T12:28:16Z,NYSE:GE
16.77495286059905,-15.887774702412685,-123.34560248118522,-2.93409612280154,372.841,41.77916416056996,-3.290160557577801,342.73,5096587,1787920277,2026-08-28T12:31:17Z,NYSE:GE
16.77495286059905,-15.887774702412685,-123.34560248118522,-2.93409612280154,372.841,41.77916416056996,-3.290160557577801,342.73,5096587,1787920458,2026-08-28T12:34:18Z,NYSE:GE
16.77495286059905,-15.887774702412685,-123.34560248118522,-2.93409612280154,372.841,41.77916416056996,-3.290160557577801,342.73,5096587,1787920640,2026-08-28T12:37:20Z,NYSE:GE
16.77495286059905,-15.887774702412685,-123.34560248118522,-2.93409612280154,372.841,41.77916416056996,-3.290160557577801,342.73,5096587,1787920819,2026-08-28T12:40:19Z,NYSE:GE
16.77495286059905,-15.887774702412685,-123.34560248118522,-2.93409612280154,372.841,41.77916416056996,-3.290160557577801,342.73,5096587,1787921001,2026-08-28T12:43:21Z,NYSE:GE
16.77495286059905,-15.887774702412685,-123.34560248118522,-2.93409612280154,372.841,41.77916416056996,-3.290160557577801,342.73,5096587,1787921180,2026-08-28T12:46:20Z,NYSE:GE
16.77495286059905,-15.887774702412685,-123.34560248118522,-2.93409612280154,372.841,41.77916416056996,-3.290160557577801,342.73,5096587,1787921360,2026-08-28T12:49:20Z,NYSE:GE
16.77495286059905,-15.887774702412685,-123.34560248118522,-2.93409612280154,372.841,41.77916416056996,-3.290160557577801,342.73,5096587,1787921536,2026-08-28T12:52:16Z,NYSE:GE
16.77495286059905,-15.887774702412685,-123.34560248118522,-2.93409612280154,372.841,41.77916416056996,-3.290160557577801,342.73,5096587,1787921722,2026-08-28T12:55:22Z,NYSE:GE
16.77495286059905,-15.887774702412685,-123.34560248118522,-2.93409612280154,372.841,41.77916416056996,-3.290160557577801,342.73,5096587,1787921898,2026-08-28T12:58:18Z,NYSE:GE
16.77495286059905,-15.887774702412685,-123.34560248118522,-2.93409612280154,372.841,41.77916416056996,-3.290160557577801,342.73,5096587,1787922081,2026-08-28T13:01:21Z,NYSE:GE
16.77495286059905,-15.887774702412685,-123.34560248118522,-2.93409612280154,372.841,41.77916416056996,-3.290160557577801,342.73,5096587,1787922260,2026-08-28T13:04:20Z,NYSE:GE
16.77495286059905,-15.887774702412685,-123.34560248118522,-2.93409612280154,372.841,41.77916416056996,-3.290160557577801,342.73,5096587,1787922437,2026-08-28T13:07:17Z,NYSE:GE
16.77495286059905,-15.887774702412685,-123.34560248118522,-2.93409612280154,372.841,41.77916416056996,-3.290160557577801,342.73,5096587,1787922619,2026-08-28T13:10:19Z,NYSE:GE
16.77495286059905,-15.887774702412685,-123.34560248118522,-2.93409612280154,372.841,41.77916416056996,-3.290160557577801,342.73,5096587,1787922796,2026-08-28T13:13:16Z,NYSE:GE
16.77495286059905,-15.887774702412685,-123.34560248118522,-2.93409612280154,372.841,41.77916416056996,-3.290160557577801,342.73,5096587,1787922979,2026-08-28T13:16:19Z,NYSE:GE
16.77495286059905,-15.887774702412685,-123.34560248118522,-2.93409612280154,372.841,41.77916416056996,-3.290160557577801,342.73,5096587,1787923162,2026-08-28T13:19:22Z,NYSE:GE
16.77495286059905,-15.887774702412685,-123.34560248118522,-2.93409612280154,372.841,41.77916416056996,-3.290160557577801,342.73,5096587,1787923342,2026-08-28T13:22:22Z,NYSE:GE
16.77495286059905,-15.887774702412685,-123.34560248118522,-2.93409612280154,372.841,41.77916416056996,-3.290160557577801,342.73,5096587,1787923522,2026-08-28T13:25:22Z,NYSE:GE
16.77495286059905,-15.887774702412685,-123.34560248118522,-2.93409612280154,372.841,41.77916416056996,-3.290160557577801,342.73,5096587,1787923707,2026-08-28T13:28:27Z,NYSE:GE
16.77495286059905,-15.887774702412685,-123.34560248118522,-2.93409612280154,372.841,41.77916416056996,-3.290160557577801,342.73,5096587,1787923880,2026-08-28T13:31:20Z,NYSE:GE
16.77495286059905,-15.887774702412685,-123.34560248118522,-2.93409612280154,372.841,41.77916416056996,-3.290160557577801,342.73,5096587,1787924062,2026-08-28T13:34:22Z,NYSE:GE
16.77495286059905,-15.887774702412685,-123.34560248118522,-2.93409612280154,372.841,41.77916416056996,-3.290160557577801,342.73,5096587,1787924240,2026-08-28T13:37:20Z,NYSE:GE
16.77495286059905,-15.887774702412685,-123.34560248118522,-2.93409612280154,372.841,41.77916416056996,-3.290160557577801,342.73,5096587,1787924423,2026-08-28T13:40:23Z,NYSE:GE
16.77495286059905,-15.887774702412685,-123.34560248118522,-2.93409612280154,372.841,41.77916416056996,-3.290160557577801,342.73,5096587,1787924604,2026-08-28T13:43:24Z,NYSE:GE
17.36369919115376,-16.812321173496684,-110.99678800360655,-0.622518271278126,372.841,43.52369789397698,0.7721821842266516,345.3765,53452,1787924778,2026-08-28T13:46:18Z,NYSE:GE
17.36369919115376,-17.363806887782346,-114.48890705913084,-0.9293894228002584,372.841,42.83340689913128,0.461004289090533,344.31,73231,1787924962,2026-08-28T13:49:22Z,NYSE:GE
17.36369919115376,-17.603806887782355,-112.96673153544134,-0.6876906255395187,372.841,43.37849386695127,0.7060951769614445,345.15,84705,1787925141,2026-08-28T13:52:21Z,NYSE:GE
17.36369919115376,-17.560949744925153,-113.23894372428528,-0.7308511250503598,372.841,43.2819205879662,0.6623289469845015,345.0,96205,1787925323,2026-08-28T13:55:23Z,NYSE:GE
17.36369919115376,-17.458092602068007,-113.89155156246342,-0.8344363238763981,372.841,43.04879512142625,0.5572899950398179,344.64,108960,1787925499,2026-08-28T13:58:19Z,NYSE:GE
17.36369919115376,-17.506664030639456,-113.5834989476174,-0.7855210910974328,372.841,43.159120496281055,0.6068917223470324,344.81,128915,1787925683,2026-08-28T14:01:23Z,NYSE:GE
17.36369919115376,-17.44819260206799,-112.89429411288106,-0.7135869252460201,372.841,43.320589404152905,0.679835438975282,345.06,143144,1787925861,2026-08-28T14:04:21Z,NYSE:GE
17.36369919115376,-17.436764030639495,-112.96691306756296,-0.7250963917822519,372.841,43.29481605454313,0.6681644443147561,345.02,156260,1787926042,2026-08-28T14:07:22Z,NYSE:GE
17.36369919115376,-17.431049744925133,-113.00321795392318,-0.7308511250503598,372.841,43.2819205879662,0.6623289469845015,345.0,172888,1787926223,2026-08-28T14:10:23Z,NYSE:GE
17.36369919115376,-17.216135459210875,-114.36642630590548,-0.9472866432640952,372.841,42.79262687427589,0.4428558923934192,344.2478,192193,1787926399,2026-08-28T14:13:19Z,NYSE:GE
17.36369919115376,-17.245335459210935,-114.18146310670647,-0.9178799562640264,372.841,42.85960129298013,0.472675283751059,344.35,206414,1787926579,2026-08-28T14:16:19Z,NYSE:GE
17.36369919115376,-17.06247831635369,-116.96017383059848,-1.303447085227608,372.841,41.96881757749031,0.0816969626236316,343.01,222859,1787926761,2026-08-28T14:19:21Z,NYSE:GE
17.36369919115376,-17.52819260206803,-116.45628980487712,-1.136559820452335,372.841,42.357766878483815,0.2509263852011661,343.59,237358,1787926942,2026-08-28T14:22:22Z,NYSE:GE
17.36369919115376,-17.682478316353752,-115.48283905740313,-0.9811820222132775,372.841,42.71523431256216,0.4084848131181913,344.13,253930,1787927119,2026-08-28T14:25:19Z,NYSE:GE
17.36369919115376,-17.40247831635378,-117.24784189478228,-1.263163952350821,372.841,42.06318169472313,0.1225454439354474,343.15,273023,1787927301,2026-08-28T14:28:21Z,NYSE:GE
17.36369919115376,-17.529649744925223,-117.98393155473686,-1.3264372446337225,372.841,41.91482472306627,0.0583841507892403,342.9301,288855,1787927482,2026-08-28T14:31:22Z,NYSE:GE
17.36369919115376,-17.72819260206802,-116.73529876297587,-1.12648903723313,372.841,42.3810712184014,0.2611385055291284,343.625,301949,1787927662,2026-08-28T14:34:22Z,NYSE:GE
17.36369919115376,-17.71819260206803,-116.79827567126723,-1.136559820452335,372.841,42.357766878483815,0.2509263852011661,343.59,313280,1787927840,2026-08-28T14:37:20Z,NYSE:GE
17.36369919115376,-17.77104974492522,-116.46529292741036,-1.083328537722289,372.841,42.48073389798751,0.3049047355060715,343.775,326781,1787928022,2026-08-28T14:40:22Z,NYSE:GE
17.36369919115376,-17.576764030639424,-117.68795971544252,-1.2789894688381174,372.841,42.026146700364976,0.1064978262772471,343.095,352747,1787928200,2026-08-28T14:43:20Z,NYSE:GE
17.36369919115376,-17.811278316353764,-120.15642980389173,-1.5350750992691593,372.841,41.52471141172724,-0.1531818049193342,342.205,362695,1787928383,2026-08-28T14:46:23Z,NYSE:GE
17.36369919115376,-18.195335459210924,-117.75977276840268,-1.1495079703055775,372.841,42.327776441635,0.2377965162080931,343.545,374697,1787928560,2026-08-28T14:49:20Z,NYSE:GE
17.36369919115376,-18.302478316353813,-117.08605236520752,-1.0416067215284583,372.841,42.57674731191209,0.3472120911504676,343.92,389406,1787928741,2026-08-28T14:52:21Z,NYSE:GE
17.36369919115376,-18.42533545921094,-116.31221414069329,-0.9178799562640264,372.841,42.85960129298013,0.472675283751059,344.35,402488,1787928921,2026-08-28T14:55:21Z,NYSE:GE
17.36369919115376,-18.368192602068007,-116.67231260430196,-0.9754272889451696,372.841,42.728388721019385,0.4143203104484459,344.15,412173,1787929104,2026-08-28T14:58:24Z,NYSE:GE
17.36369919115376,-18.281049744925213,-117.22088121413364,-1.063186971283879,372.841,42.52712525554045,0.3253289761619961,343.845,420753,1787929280,2026-08-28T15:01:20Z,NYSE:GE
17.36369919115376,-18.205335459210914,-117.69693700554242,-1.1394371870863889,372.841,42.35110503278933,0.2480086365360388,343.58,433381,1787929462,2026-08-28T15:04:22Z,NYSE:GE
17.36369919115376,-18.21962117349665,-117.60715563686166,-1.1250503539161032,372.841,42.38439887165776,0.262597379861692,343.63,443627,1787929641,2026-08-28T15:07:21Z,NYSE:GE
17.36369919115376,-18.25393545921088,-117.39142387986163,-1.0904931806410902,372.841,42.46421376572525,0.2976395413298972,343.7501,451700,1787929820,2026-08-28T15:10:20Z,NYSE:GE
17.36369919115376,-18.18104974492519,-117.8495221552748,-1.1638948034758634,372.841,42.29441711181889,0.2232077728824399,343.495,461965,1787930005,2026-08-28T15:13:25Z,NYSE:GE
17.36369919115376,-18.118192602068007,-118.24419613546964,-1.2271968694251143,372.841,42.14717641714967,0.1590173022495722,343.275,471364,1787930180,2026-08-28T15:16:20Z,NYSE:GE
17.36369919115376,-18.08819260206804,-118.43243506574603,-1.2574092190826966,372.841,42.0766372364956,0.1283809412657187,343.17,490649,1787930359,2026-08-28T15:19:19Z,NYSE:GE
17.36369919115376,-17.976764030639515,-119.13088409361968,-1.369626517810913,372.841,41.81312170542471,0.0145887433256366,342.78,512829,1787930540,2026-08-28T15:22:20Z,NYSE:GE
17.36369919115376,-17.948192602068048,-119.3097900148858,-1.3984001841514684,372.841,41.75479628916235,-0.0145887433256532,342.68,523721,1787930722,2026-08-28T15:25:22Z,NYSE:GE
17.36369919115376,-18.079621173496665,-118.4862024140168,-1.2660413189848747,372.841,42.05645157928248,0.1196276952703201,343.14,532378,1787930900,2026-08-28T15:28:20Z,NYSE:GE
17.36369919115376,-18.161049744925208,-117.9751397060752,-1.184036369914257,372.841,42.24764916287386,0.2027835322265319,343.425,541931,1787931080,2026-08-28T15:31:20Z,NYSE:GE
17.36369919115376,-18.199621173496663,-117.7328442845124,-1.145191920354497,372.841,42.33777672078317,0.2421731392057841,343.56,550759,1787931264,2026-08-28T15:34:24Z,NYSE:GE
17.36369919115376,-18.23962117349663,-117.48143010041174,-1.1049087874777097,372.841,42.43094569179453,0.2830216205176,343.7,557165,1787931442,2026-08-28T15:37:22Z,NYSE:GE
17.36369919115376,-18.22524974492524,-117.57177660939432,-1.1193819416470117,372.841,42.39750608580027,0.2683453447319982,343.6497,563332,1787931620,2026-08-28T15:40:20Z,NYSE:GE
17.36369919115376,-18.233906887782386,-117.51735544736438,-1.110663520745817,372.841,42.41765427648859,0.2771861231873453,343.68,573064,1787931800,2026-08-28T15:43:20Z,NYSE:GE
17.36369919115376,-18.29962117349657,-117.1040319958008,-1.0444840881625124,372.841,42.5701359891225,0.3442943424853403,343.91,586185,1787931979,2026-08-28T15:46:19Z,NYSE:GE
17.36369919115376,-18.24533545921088,-117.4455017408028,-1.0991540542095857,372.841,42.444230972548326,0.2888571178478712,343.72,600198,1787932160,2026-08-28T15:49:20Z,NYSE:GE
17.36369919115376,-18.33676403063953,-116.87023795635837,-1.007078321919779,372.841,42.6559646183423,0.3822250751320288,344.04,635910,1787932344,2026-08-28T15:52:24Z,NYSE:GE
17.36369919115376,-18.20247831635379,-117.71489102130172,-1.1423145537204429,372.841,42.344441647067136,0.2450908878709115,343.57,648579,1787932524,2026-08-28T15:55:24Z,NYSE:GE
17.36369919115376,-18.173906887782323,-117.89438979652292,-1.1710882200609982,372.841,42.27772297070253,0.2159134012196215,343.47,656095,1787932702,2026-08-28T15:58:22Z,NYSE:GE
17.36369919115376,-18.268192602068098,-117.30175816822224,-1.076135121137138,372.841,42.49731083490388,0.3121991071689065,343.8,665545,1787932881,2026-08-28T16:01:21Z,NYSE:GE
17.36369919115376,-18.065449744925218,-118.57508294794698,-1.2803130574897943,372.841,42.02304708239544,0.1051556618912759,343.0904,677486,1787933060,2026-08-28T16:04:20Z,NYSE:GE
17.36369919115376,-17.953906887782296,-119.27401481896136,-1.3926454508833606,372.841,41.76454002589041,-0.0087532459953985,342.7,690022,1787933240,2026-08-28T16:07:20Z,NYSE:GE
17.36369919115376,-18.039621173496585,-118.73702741490612,-1.306324451861662,372.841,41.96206551967797,0.0787792139585043,343.0,703000,1787933421,2026-08-28T16:10:21Z,NYSE:GE
17.36369919115376,-17.8325068877823,-120.03341563333844,-1.514904759164416,372.841,41.558507470463205,-0.1327283867767657,342.2751,717093,1787933600,2026-08-28T16:13:20Z,NYSE:GE
17.36369919115376,-17.895335459210855,-120.68486250711264,-1.5825516487310811,372.841,41.44537945602,-0.2013246578939683,342.04,737023,1787933779,2026-08-28T16:16:19Z,NYSE:GE
17.36369919115376,-18.231049744925144,-120.91658134198909,-1.536513782586186,372.841,41.52230295119743,-0.1546406792518978,342.2,762112,1787933957,2026-08-28T16:19:17Z,NYSE:GE
17.36369919115376,-18.24533545921088,-120.82747360163027,-1.5221269494159004,372.841,41.54640013609819,-0.1400519359262446,342.25,791324,1787934143,2026-08-28T16:22:23Z,NYSE:GE
17.36369919115376,-18.18247831635369,-121.21940853946413,-1.5854290153651516,372.841,41.4405811998397,-0.1692294225775511,342.15,801141,1787934321,2026-08-28T16:25:21Z,NYSE:GE
17.36369919115376,-18.20819260206804,-121.05911503359052,-1.5595327156586336,372.841,41.483805543795526,-0.1779826685729331,342.12,817621,1787934500,2026-08-28T16:28:20Z,NYSE:GE
17.36369919115376,-18.12533545921088,-121.57540080815116,-1.6429763480462785,372.841,41.34484885084215,-0.2625973798617086,341.83,828173,1787934679,2026-08-28T16:31:19Z,NYSE:GE
17.36369919115376,-18.173906887782323,-121.272826326106,-1.5940611152673132,372.841,41.42619309508696,-0.2129956525544942,342.0,845168,1787934859,2026-08-28T16:34:19Z,NYSE:GE
17.36369919115376,-18.188192602068057,-121.18379296502876,-1.579674282097027,372.841,41.450178823474666,-0.198406909228841,342.05,852548,1787935043,2026-08-28T16:37:23Z,NYSE:GE
17.36369919115376,-18.295335459210943,-122.19767292222748,-1.6832594809230657,372.841,41.2780989529798,-0.3034458611735244,341.69,861352,1787935221,2026-08-28T16:40:21Z,NYSE:GE
17.36369919115376,-18.349621173496644,-121.85998078819932,-1.6285895148759926,372.841,41.36874044806098,-0.2480086365360554,341.88,866121,1787935402,2026-08-28T16:43:22Z,NYSE:GE
17.36369919115376,-18.481049744925144,-121.04130092582248,-1.496230649709399,372.841,41.589845625192666,-0.113792197940082,342.34,875118,1787935582,2026-08-28T16:46:22Z,NYSE:GE
17.36369919115376,-18.46104974492516,-121.16598406266884,-1.5163722161477926,372.841,41.5560468432734,-0.1342164385959899,342.27,881733,1787935762,2026-08-28T16:49:22Z,NYSE:GE
17.36369919115376,-18.42996403063944,-121.35970496974166,-1.54767796512632,372.841,41.50362278916074,-0.1659615440725965,342.1612,888676,1787935940,2026-08-28T16:52:20Z,NYSE:GE
17.36369919115376,-18.5296211734966,-120.73834725188776,-1.4473154169304336,372.841,41.67215772699906,-0.0889913342864665,342.425,894025,1787936119,2026-08-28T16:55:19Z,NYSE:GE
17.36369919115376,-18.498192602068,-120.9344006574473,-1.4789664499050592,372.841,41.61885979912197,-0.0962857059493014,342.4,904167,1787936304,2026-08-28T16:58:24Z,NYSE:GE
17.36369919115376,-18.53819260206808,-120.68486250711264,-1.4386833170282556,372.841,41.68671722538844,-0.055437224637469,342.54,910605,1787936482,2026-08-28T17:01:22Z,NYSE:GE
17.36369919115376,-18.498192602068,-120.9344006574473,-1.4789664499050592,372.841,41.61885979912197,-0.0962857059493014,342.4,916370,1787936661,2026-08-28T17:04:21Z,NYSE:GE
17.36369919115376,-18.486764030639502,-121.00567047879127,-1.4904759164412749,372.841,41.59951252058156,-0.1079567006098107,342.36,922238,1787936841,2026-08-28T17:07:21Z,NYSE:GE
17.36369919115376,-18.47819260206802,-121.05911503359052,-1.499108016343453,372.841,41.58501386209748,-0.1167099466052093,342.33,928927,1787937023,2026-08-28T17:10:23Z,NYSE:GE
17.36369919115376,-18.398192602068093,-121.55760825080075,-1.579674282097027,372.841,41.450178823474666,-0.198406909228841,342.05,935705,1787937198,2026-08-28T17:13:18Z,NYSE:GE
17.36369919115376,-18.24104974492513,-122.53509762878868,-1.7379294469701387,372.841,41.18785379186432,-0.3588830858109935,341.5,943111,1787937381,2026-08-28T17:16:21Z,NYSE:GE
17.36369919115376,-18.38390688778225,-121.96664931980736,-1.6343442481441004,372.841,41.35918049649084,-0.2538441338663101,341.86,949734,1787937560,2026-08-28T17:19:20Z,NYSE:GE
17.36369919115376,-18.26390688778224,-122.71258227157372,-1.7551936467744784,372.841,41.15943724418504,-0.3763895778017741,341.44,954001,1787937741,2026-08-28T17:22:21Z,NYSE:GE
17.36369919115376,-18.329621173496548,-122.30425696872004,-1.6890142141911737,372.841,41.26858084359773,-0.2946926151781259,341.72,959350,1787937921,2026-08-28T17:25:21Z,NYSE:GE
17.36369919115376,-18.299049744925128,-122.49426569650733,-1.719802037175586,372.841,41.21773342710386,-0.3405012692206781,341.563,965155,1787938103,2026-08-28T17:28:23Z,NYSE:GE
17.36369919115376,-18.41247831635372,-121.78885360086846,-1.605570581803545,372.841,41.40702448986599,-0.2246666472150201,341.96,972410,1787938281,2026-08-28T17:31:21Z,NYSE:GE
17.36369919115376,-18.379621173496616,-121.99331228194973,-1.6386602980951812,372.841,41.35201343191282,-0.258220756864001,341.845,978025,1787938459,2026-08-28T17:34:19Z,NYSE:GE
17.36369919115376,-18.3453354592109,-122.20655594455896,-1.6731886977038606,372.841,41.29476621325284,-0.2932337408455622,341.725,990025,1787938640,2026-08-28T17:37:20Z,NYSE:GE
17.36369919115376,-18.33390688778229,-122.27761345673738,-1.6846981642400929,372.841,41.275719014050665,-0.3049047355060881,341.685,1004938,1787938822,2026-08-28T17:40:22Z,NYSE:GE
17.36369919115376,-18.31533545921081,-122.3930566427876,-1.7034010473614594,372.841,41.24480476299238,-0.3238701018294324,341.62,1015181,1787939004,2026-08-28T17:43:24Z,NYSE:GE
17.36369919115376,-18.26676403063948,-122.69483713560147,-1.7523162801404246,372.841,41.16417061219359,-0.3734718291366468,341.45,1025475,1787939179,2026-08-28T17:46:19Z,NYSE:GE
17.36369919115376,-18.39533545921085,-121.89553993161633,-1.6228347816078847,372.841,41.37830482011542,-0.2421731392058007,341.9,1034598,1787939358,2026-08-28T17:49:18Z,NYSE:GE
17.36369919115376,-18.386764030639483,-121.94887308497422,-1.6314668815100466,372.841,41.36395991990693,-0.2509263852011827,341.87,1041506,1787939543,2026-08-28T17:52:23Z,NYSE:GE
17.36369919115376,-18.25533545921087,-122.7658132429499,-1.76382574667664,372.841,41.14524366924896,-0.3851428237971561,341.41,1049119,1787939720,2026-08-28T17:55:20Z,NYSE:GE
17.36369919115376,-18.338192602067977,-122.73032666809182,-1.7408068136041923,372.841,41.18311497605984,-0.3618008344761209,341.49,1060777,1787939901,2026-08-28T17:58:21Z,NYSE:GE
17.36369919115376,-18.35247831635371,-122.64159729049872,-1.7264199804339069,372.841,41.20681996572656,-0.3472120911504676,341.54,1064524,1787940083,2026-08-28T18:01:23Z,NYSE:GE
17.36369919115376,-18.38104974492518,-122.4640830566012,-1.6976463140933515,372.841,41.2543119069277,-0.3180346044991777,341.64,1071604,1787940259,2026-08-28T18:04:19Z,NYSE:GE
17.36369919115376,-18.43533545921088,-122.12660207592654,-1.6429763480462785,372.841,41.34484885084215,-0.2625973798617086,341.83,1078004,1787940445,2026-08-28T18:07:25Z,NYSE:GE
17.36369919115376,-18.386764030639423,-122.42857133008188,-1.6918915808252273,372.841,41.26382343476669,-0.3121991071689065,341.66,1083276,1787940623,2026-08-28T18:10:23Z,NYSE:GE
17.36369919115376,-18.46962117349665,-122.15325503247088,-1.6386602980951812,372.841,41.35201343191282,-0.3778484521343377,341.435,1090690,1787940802,2026-08-28T18:13:22Z,NYSE:GE
17.36369919115376,-18.608192602068016,-121.29063076850264,-1.499108016343453,372.841,41.58501386209748,-0.1167099466052093,342.33,1108325,1787940985,2026-08-28T18:16:25Z,NYSE:GE
17.36369919115376,-18.651049744925217,-121.02348607423836,-1.4559475168325953,372.841,41.65760839515664,-0.0729437166282496,342.48,1119865,1787941162,2026-08-28T18:19:22Z,NYSE:GE
17.36369919115376,-18.641049744925223,-121.08583480068884,-1.4660183000518003,372.841,41.64064700985896,-0.0831558369562118,342.445,1127523,1787941341,2026-08-28T18:22:21Z,NYSE:GE
17.36369919115376,-18.656764030639465,-120.9878541394362,-1.4501927835644877,372.841,41.66730682062791,-0.0671082192979949,342.5,1147110,1787941520,2026-08-28T18:25:20Z,NYSE:GE
17.36369919115376,-18.639621173496607,-121.09474101786432,-1.4674569833688274,372.841,41.63822508226556,-0.0846147112887755,342.44,1154106,1787941701,2026-08-28T18:28:21Z,NYSE:GE
17.36369919115376,-18.60533545921089,-121.30843446773568,-1.5019853829775067,372.841,41.58018322154662,-0.1196276952703366,342.32,1161572,1787941882,2026-08-28T18:31:22Z,NYSE:GE
17.36369919115376,-18.619621173496625,-121.21940853946413,-1.4875985498072208,372.841,41.60434765365844,-0.1050389519446834,342.37,1169168,1787942058,2026-08-28T18:34:18Z,NYSE:GE
17.36369919115376,-18.805335459210937,-120.06037822905984,-1.3005697185935543,372.841,41.97556806443416,0.0846147112887589,343.02,1199175,1787942239,2026-08-28T18:37:19Z,NYSE:GE
17.36369919115376,-18.83390688778229,-119.88178630086576,-1.2717960522529823,372.841,42.042986656568175,0.1137921979400654,343.12,1220156,1787942420,2026-08-28T18:40:20Z,NYSE:GE
17.36369919115376,-18.832192602068066,-119.89250392221464,-1.2735224722334246,372.841,42.03894595936698,0.1120415487409791,343.114,1242525,1787942599,2026-08-28T18:43:19Z,NYSE:GE
17.36369919115376,-18.793906887782327,-120.13179409896064,-1.3120791851297695,372.841,41.94855668925399,0.0729437166282496,342.98,1251569,1787942780,2026-08-28T18:46:20Z,NYSE:GE
17.36369919115376,-18.86247831635376,-119.7031196874362,-1.243022385912411,372.841,42.11024876318746,0.1429696845913719,343.22,1260103,1787942961,2026-08-28T18:49:21Z,NYSE:GE
17.36369919115376,-18.9424783163538,-119.20245544537056,-1.1624561201588364,372.841,42.29775478134263,0.2246666472150035,343.5,1270090,1787943136,2026-08-28T18:52:16Z,NYSE:GE
17.36369919115376,-18.928192602068066,-119.29190279112392,-1.1768429533291225,372.841,42.26436070158882,0.2100779038893503,343.45,1276383,1787943321,2026-08-28T18:55:21Z,NYSE:GE
17.36369919115376,-18.955335459210914,-119.12193683228644,-1.1495079703055775,372.841,42.327776441635,0.2377965162080931,343.545,1286543,1787943502,2026-08-28T18:58:22Z,NYSE:GE
17.36369919115376,-18.965335459210905,-119.05930076069971,-1.1394371870863889,372.841,42.35110503278933,0.2480086365360388,343.58,1299197,1787943683,2026-08-28T19:01:23Z,NYSE:GE
17.36369919115376,-18.90247831635372,-119.45286086821304,-1.2027392530356238,372.841,42.20415385246058,0.1838181659031877,343.36,1308259,1787943857,2026-08-28T19:04:17Z,NYSE:GE
17.36369919115376,-18.959621173496657,-119.09509392499344,-1.145191920354497,372.841,42.33777672078317,0.2421731392057841,343.56,1315037,1787944039,2026-08-28T19:07:19Z,NYSE:GE
17.36369919115376,-19.01973545921089,-118.71839975558918,-1.0846521263739497,372.841,42.47768270044569,0.303562571120117,343.7704,1324771,1787944219,2026-08-28T19:10:19Z,NYSE:GE
17.36369919115376,-18.98819260206801,-118.9160981393192,-1.1164182540139251,372.841,42.40435672238049,0.2713506258570906,343.66,1331323,1787944399,2026-08-28T19:13:19Z,NYSE:GE
17.36369919115376,-18.96676403063941,-119.05035200150957,-1.137998503769362,372.841,42.35443614810666,0.2494675108686025,343.585,1343264,1787944576,2026-08-28T19:16:16Z,NYSE:GE
17.36369919115376,-18.982478316353763,-118.95190329004744,-1.1221729872820492,372.841,42.39105302521629,0.2655151285268194,343.64,1357342,1787944758,2026-08-28T19:19:18Z,NYSE:GE
17.36369919115376,-18.982478316353763,-118.95190329004744,-1.1221729872820492,372.841,42.39105302521629,0.2655151285268194,343.64,1370635,1787944940,2026-08-28T19:22:20Z,NYSE:GE
17.36369919115376,-19.039621173496585,-118.59371684785376,-1.0646256546009225,372.841,42.52381406898006,0.3238701018294158,343.84,1382612,1787945119,2026-08-28T19:25:19Z,NYSE:GE
17.36369919115376,-19.02104974492522,-118.71016033986923,-1.083328537722289,372.841,42.48073389798751,0.3049047355060715,343.775,1394337,1787945301,2026-08-28T19:28:21Z,NYSE:GE
17.36369919115376,-19.071049744925176,-118.39658641368084,-1.0329746216262967,372.841,42.596572150292594,0.3559653371458496,343.95,1403284,1787945476,2026-08-28T19:31:16Z,NYSE:GE
17.36369919115376,-18.99104974492513,-118.89819443989732,-1.1135408873798711,372.841,42.41100626705059,0.2899075073673031,343.7236,1414549,1787945658,2026-08-28T19:34:18Z,NYSE:GE
17.36369919115376,-19.01533545921086,-118.74598273164844,-1.0890832709903968,372.841,42.46746546537032,0.2990692381758169,343.755,1424666,1787945840,2026-08-28T19:37:20Z,NYSE:GE
17.36369919115376,-19.023906887782346,-118.69224801911038,-1.0804511710882188,372.841,42.48736581953796,0.3078224841712154,343.785,1439050,1787946018,2026-08-28T19:40:18Z,NYSE:GE
17.36369919115376,-19.01104974492523,-118.77284755714646,-1.0933993209414776,372.841,42.45751012299594,0.2946926151781259,343.74,1448086,1787946199,2026-08-28T19:43:19Z,NYSE:GE
17.36369919115376,-18.91962117349658,-119.34556221739756,-1.185475053231284,372.841,42.24430569414942,0.2013246578939683,343.42,1462839,1787946381,2026-08-28T19:46:21Z,NYSE:GE
17.36369919115376,-18.873849744925224,-119.63198958729122,-1.2315704667088785,372.841,42.13697566813968,0.1545823242785767,343.2598,1476120,1787946560,2026-08-28T19:49:20Z,NYSE:GE
17.36369919115376,-18.89676403063948,-119.48862110083073,-1.2084939863037478,372.841,42.19075749630291,0.1779826685729165,343.34,1491718,1787946737,2026-08-28T19:52:17Z,NYSE:GE
17.36369919115376,-18.885335459210864,-119.56013259183548,-1.2200034528399637,372.841,42.16394614469747,0.1663116739124072,343.3,1503711,1787946920,2026-08-28T19:55:20Z,NYSE:GE
17.36369919115376,-18.9424783163538,-119.20245544537056,-1.1624561201588364,372.841,42.29775478134263,0.2246666472150035,343.5,1517402,1787947100,2026-08-28T19:58:20Z,NYSE:GE
17.36369919115376,-18.90247831635372,-119.45286086821304,-1.2027392530356238,372.841,42.20415385246058,0.1838181659031877,343.36,1541245,1787947283,2026-08-28T20:01:23Z,NYSE:GE
17.36369919115376,-18.76533545921086,-120.3102815464721,-1.3408528514703415,372.841,41.88091809831879,0.0437662299769431,342.88,1566424,1787947461,2026-08-28T20:04:21Z,NYSE:GE
17.36369919115376,-18.735335459210887,-120.49761310807811,-1.37106520112794,372.841,41.80972773357235,0.0131298689930729,342.775,1597023,1787947641,2026-08-28T20:07:21Z,NYSE:GE
17.36369919115376,-18.88819260206799,-119.54225584074594,-1.2171260862059097,372.841,42.17065131386068,0.1692294225775345,343.31,1627395,1787947823,2026-08-28T20:10:23Z,NYSE:GE
17.36369919115376,-18.93104974492519,-119.27401481896136,-1.1739655866950685,372.841,42.27104260937213,0.2129956525544776,343.46,1690110,1787948000,2026-08-28T20:13:20Z,NYSE:GE
17.36369919115376,-18.67962117349657,-120.84529663826645,-1.4271738504920402,372.841,41.70614572296252,-0.0437662299769597,342.58,2519522,1787948180,2026-08-28T20:16:20Z,NYSE:GE
17.36369919115376,-18.67962117349657,-120.84529663826645,-1.4271738504920402,372.841,41.70614572296252,-0.0437662299769597,342.58,2533590,1787948360,2026-08-28T20:19:20Z,NYSE:GE
17.36369919115376,-18.67962117349657,-120.84529663826645,-1.4271738504920402,372.841,41.70614572296252,-0.0437662299769597,342.58,2533924,1787948541,2026-08-28T20:22:21Z,NYSE:GE
17.36369919115376,-18.67962117349657,-120.84529663826645,-1.4271738504920402,372.841,41.70614572296252,-0.0437662299769597,342.58,2534012,1787948721,2026-08-28T20:25:21Z,NYSE:GE
17.36369919115376,-18.67962117349657,-120.84529663826645,-1.4271738504920402,372.841,41.70614572296252,-0.0437662299769597,342.58,2534168,1787948898,2026-08-28T20:28:18Z,NYSE:GE
17.36369919115376,-18.67962117349657,-120.84529663826645,-1.4271738504920402,372.841,41.70614572296252,-0.0437662299769597,342.58,2534173,1787949081,2026-08-28T20:31:21Z,NYSE:GE
17.36369919115376,-18.67962117349657,-120.84529663826645,-1.4271738504920402,372.841,41.70614572296252,-0.0437662299769597,342.58,2534178,1787949260,2026-08-28T20:34:20Z,NYSE:GE
17.36369919115376,-18.67962117349657,-120.84529663826645,-1.4271738504920402,372.841,41.70614572296252,-0.0437662299769597,342.58,2534178,1787949442,2026-08-28T20:37:22Z,NYSE:GE
17.36369919115376,-18.67962117349657,-120.84529663826645,-1.4271738504920402,372.841,41.70614572296252,-0.0437662299769597,342.58,2534178,1787949620,2026-08-28T20:40:20Z,NYSE:GE
17.36369919115376,-18.67962117349657,-120.84529663826645,-1.4271738504920402,372.841,41.70614572296252,-0.0437662299769597,342.58,2534183,1787949799,2026-08-28T20:43:19Z,NYSE:GE
17.36369919115376,-18.67962117349657,-120.84529663826645,-1.4271738504920402,372.841,41.70614572296252,-0.0437662299769597,342.58,2534271,1787949981,2026-08-28T20:46:21Z,NYSE:GE
17.36369919115376,-18.67962117349657,-120.84529663826645,-1.4271738504920402,372.841,41.70614572296252,-0.0437662299769597,342.58,2534422,1787950159,2026-08-28T20:49:19Z,NYSE:GE
17.36369919115376,-18.67962117349657,-120.84529663826645,-1.4271738504920402,372.841,41.70614572296252,-0.0437662299769597,342.58,2534498,1787950342,2026-08-28T20:52:22Z,NYSE:GE
17.36369919115376,-18.67962117349657,-120.84529663826645,-1.4271738504920402,372.841,41.70614572296252,-0.0437662299769597,342.58,2534550,1787950519,2026-08-28T20:55:19Z,NYSE:GE
17.36369919115376,-18.67962117349657,-120.84529663826645,-1.4271738504920402,372.841,41.70614572296252,-0.0437662299769597,342.58,2534622,1787950701,2026-08-28T20:58:21Z,NYSE:GE
17.36369919115376,-18.67962117349657,-120.84529663826645,-1.4271738504920402,372.841,41.70614572296252,-0.0437662299769597,342.58,2534633,1787950881,2026-08-28T21:01:21Z,NYSE:GE
17.36369919115376,-18.67962117349657,-120.84529663826645,-1.4271738504920402,372.841,41.70614572296252,-0.0437662299769597,342.58,2534636,1787951061,2026-08-28T21:04:21Z,NYSE:GE
17.36369919115376,-18.67962117349657,-120.84529663826645,-1.4271738504920402,372.841,41.70614572296252,-0.0437662299769597,342.58,2534637,1787951244,2026-08-28T21:07:24Z,NYSE:GE
17.36369919115376,-18.67962117349657,-120.84529663826645,-1.4271738504920402,372.841,41.70614572296252,-0.0437662299769597,342.58,2534649,1787951419,2026-08-28T21:10:19Z,NYSE:GE
17.36369919115376,-18.67962117349657,-120.84529663826645,-1.4271738504920402,372.841,41.70614572296252,-0.0437662299769597,342.58,2534653,1787951603,2026-08-28T21:13:23Z,NYSE:GE
17.36369919115376,-18.67962117349657,-120.84529663826645,-1.4271738504920402,372.841,41.70614572296252,-0.0437662299769597,342.58,2534655,1787951780,2026-08-28T21:16:20Z,NYSE:GE
17.36369919115376,-18.67962117349657,-120.84529663826645,-1.4271738504920402,372.841,41.70614572296252,-0.0437662299769597,342.58,2534657,1787951962,2026-08-28T21:19:22Z,NYSE:GE
17.36369919115376,-18.67962117349657,-120.84529663826645,-1.4271738504920402,372.841,41.70614572296252,-0.0437662299769597,342.58,2534667,1787952140,2026-08-28T21:22:20Z,NYSE:GE
17.36369919115376,-18.67962117349657,-120.84529663826645,-1.4271738504920402,372.841,41.70614572296252,-0.0437662299769597,342.58,2534667,1787952318,2026-08-28T21:25:18Z,NYSE:GE
17.36369919115376,-18.67962117349657,-120.84529663826645,-1.4271738504920402,372.841,41.70614572296252,-0.0437662299769597,342.58,2534704,1787952499,2026-08-28T21:28:19Z,NYSE:GE
17.36369919115376,-18.67962117349657,-120.84529663826645,-1.4271738504920402,372.841,41.70614572296252,-0.0437662299769597,342.58,2534704,1787952682,2026-08-28T21:31:22Z,NYSE:GE
17.36369919115376,-18.67962117349657,-120.84529663826645,-1.4271738504920402,372.841,41.70614572296252,-0.0437662299769597,342.58,2534704,1787952856,2026-08-28T21:34:16Z,NYSE:GE
17.36369919115376,-18.67962117349657,-120.84529663826645,-1.4271738504920402,372.841,41.70614572296252,-0.0437662299769597,342.58,2534716,1787953040,2026-08-28T21:37:20Z,NYSE:GE
17.36369919115376,-18.67962117349657,-120.84529663826645,-1.4271738504920402,372.841,41.70614572296252,-0.0437662299769597,342.58,2534717,1787953222,2026-08-28T21:40:22Z,NYSE:GE
17.36369919115376,-18.67962117349657,-120.84529663826645,-1.4271738504920402,372.841,41.70614572296252,-0.0437662299769597,342.58,2534717,1787953400,2026-08-28T21:43:20Z,NYSE:GE
17.36369919115376,-18.67962117349657,-120.84529663826645,-1.4271738504920402,372.841,41.70614572296252,-0.0437662299769597,342.58,2534717,1787953580,2026-08-28T21:46:20Z,NYSE:GE
17.36369919115376,-18.67962117349657,-120.84529663826645,-1.4271738504920402,372.841,41.70614572296252,-0.0437662299769597,342.58,2534817,1787953762,2026-08-28T21:49:22Z,NYSE:GE
17.36369919115376,-18.67962117349657,-120.84529663826645,-1.4271738504920402,372.841,41.70614572296252,-0.0437662299769597,342.58,2534818,1787953938,2026-08-28T21:52:18Z,NYSE:GE
17.36369919115376,-18.67962117349657,-120.84529663826645,-1.4271738504920402,372.841,41.70614572296252,-0.0437662299769597,342.58,2534973,1787954120,2026-08-28T21:55:20Z,NYSE:GE
17.36369919115376,-18.67962117349657,-120.84529663826645,-1.4271738504920402,372.841,41.70614572296252,-0.0437662299769597,342.58,2534974,1787954298,2026-08-28T21:58:18Z,NYSE:GE
17.36369919115376,-18.67962117349657,-120.84529663826645,-1.4271738504920402,372.841,41.70614572296252,-0.0437662299769597,342.58,2537469,1788179666,2026-08-31T12:34:26Z,NYSE:GE
17.36369919115376,-18.67962117349657,-120.84529663826645,-1.4271738504920402,372.841,41.70614572296252,-0.0437662299769597,342.58,2537469,1788179839,2026-08-31T12:37:19Z,NYSE:GE
17.36369919115376,-18.67962117349657,-120.84529663826645,-1.4271738504920402,372.841,41.70614572296252,-0.0437662299769597,342.58,2537469,1788180024,2026-08-31T12:40:24Z,NYSE:GE
17.36369919115376,-18.67962117349657,-120.84529663826645,-1.4271738504920402,372.841,41.70614572296252,-0.0437662299769597,342.58,2537469,1788180208,2026-08-31T12:43:28Z,NYSE:GE
17.36369919115376,-18.67962117349657,-120.84529663826645,-1.4271738504920402,372.841,41.70614572296252,-0.0437662299769597,342.58,2537469,1788180384,2026-08-31T12:46:24Z,NYSE:GE
17.36369919115376,-18.67962117349657,-120.84529663826645,-1.4271738504920402,372.841,41.70614572296252,-0.0437662299769597,342.58,2537469,1788180566,2026-08-31T12:49:26Z,NYSE:GE
17.36369919115376,-18.67962117349657,-120.84529663826645,-1.4271738504920402,372.841,41.70614572296252,-0.0437662299769597,342.58,2537469,1788180743,2026-08-31T12:52:23Z,NYSE:GE
17.36369919115376,-18.67962117349657,-120.84529663826645,-1.4271738504920402,372.841,41.70614572296252,-0.0437662299769597,342.58,2537469,1788180924,2026-08-31T12:55:24Z,NYSE:GE
17.36369919115376,-18.67962117349657,-120.84529663826645,-1.4271738504920402,372.841,41.70614572296252,-0.0437662299769597,342.58,2537469,1788181103,2026-08-31T12:58:23Z,NYSE:GE
17.36369919115376,-18.67962117349657,-120.84529663826645,-1.4271738504920402,372.841,41.70614572296252,-0.0437662299769597,342.58,2537469,1788181279,2026-08-31T13:01:19Z,NYSE:GE
17.36369919115376,-18.67962117349657,-120.84529663826645,-1.4271738504920402,372.841,41.70614572296252,-0.0437662299769597,342.58,2537469,1788181462,2026-08-31T13:04:22Z,NYSE:GE
17.36369919115376,-18.67962117349657,-120.84529663826645,-1.4271738504920402,372.841,41.70614572296252,-0.0437662299769597,342.58,2537469,1788181647,2026-08-31T13:07:27Z,NYSE:GE
17.36369919115376,-18.67962117349657,-120.84529663826645,-1.4271738504920402,372.841,41.70614572296252,-0.0437662299769597,342.58,2537469,1788181825,2026-08-31T13:10:25Z,NYSE:GE
17.36369919115376,-18.67962117349657,-120.84529663826645,-1.4271738504920402,372.841,41.70614572296252,-0.0437662299769597,342.58,2537469,1788182007,2026-08-31T13:13:27Z,NYSE:GE
17.36369919115376,-18.67962117349657,-120.84529663826645,-1.4271738504920402,372.841,41.70614572296252,-0.0437662299769597,342.58,2537469,1788182184,2026-08-31T13:16:24Z,NYSE:GE
17.36369919115376,-18.67962117349657,-120.84529663826645,-1.4271738504920402,372.841,41.70614572296252,-0.0437662299769597,342.58,2537469,1788182361,2026-08-31T13:19:21Z,NYSE:GE
17.36369919115376,-18.67962117349657,-120.84529663826645,-1.4271738504920402,372.841,41.70614572296252,-0.0437662299769597,342.58,2537469,1788182547,2026-08-31T13:22:27Z,NYSE:GE
17.36369919115376,-18.67962117349657,-120.84529663826645,-1.4271738504920402,372.841,41.70614572296252,-0.0437662299769597,342.58,2537469,1788182718,2026-08-31T13:25:18Z,NYSE:GE
17.36369919115376,-18.67962117349657,-120.84529663826645,-1.4271738504920402,372.841,41.70614572296252,-0.0437662299769597,342.58,2537469,1788182905,2026-08-31T13:28:25Z,NYSE:GE
17.36369919115376,-18.67962117349657,-120.84529663826645,-1.4271738504920402,372.841,41.70614572296252,-0.0437662299769597,342.58,2537469,1788183082,2026-08-31T13:31:22Z,NYSE:GE
17.36369919115376,-18.67962117349657,-120.84529663826645,-1.4271738504920402,372.841,41.70614572296252,-0.0437662299769597,342.58,2537469,1788183262,2026-08-31T13:34:22Z,NYSE:GE
17.36369919115376,-18.67962117349657,-120.84529663826645,-1.4271738504920402,372.841,41.70614572296252,-0.0437662299769597,342.58,2537469,1788183440,2026-08-31T13:37:20Z,NYSE:GE
17.36369919115376,-18.67962117349657,-120.84529663826645,-1.4271738504920402,372.841,41.70614572296252,-0.0437662299769597,342.58,2537469,1788183623,2026-08-31T13:40:23Z,NYSE:GE
17.36369919115376,-18.67962117349657,-120.84529663826645,-1.4271738504920402,372.841,41.70614572296252,-0.0437662299769597,342.58,2537469,1788183799,2026-08-31T13:43:19Z,NYSE:GE
18.232876325184208,-24.16244672013994,-128.11116980564358,-2.5909576156265217,372.841,39.25792832615623,-1.450756027789121,337.61,51677,1788183981,2026-08-31T13:46:21Z,NYSE:GE
18.38360299147769,-25.61816100585424,-134.44781239429125,-3.1607951758561947,372.841,38.36303032173713,-2.0272637048280675,335.635,80876,1788184164,2026-08-31T13:49:24Z,NYSE:GE
18.443656673020264,-26.139589577282777,-137.5172732912648,-3.482500937707376,372.841,37.87559899313933,-2.3527351275614463,334.52,116984,1788184339,2026-08-31T13:52:19Z,NYSE:GE
18.450707665960657,-26.328161005854213,-137.18854242752596,-3.393058080152339,372.841,38.0098704651318,-2.2622453149629287,334.83,132427,1788184525,2026-08-31T13:55:25Z,NYSE:GE
18.450707665960657,-26.44244672013997,-136.56173667134317,-3.277647941371637,372.841,38.18453714632083,-2.145484266448703,335.23,149814,1788184701,2026-08-31T13:58:21Z,NYSE:GE
18.450707665960657,-26.425332434425627,-136.65565529848902,-3.294930609654054,372.841,38.15827868430916,-2.1629692334637145,335.1701,166380,1788184881,2026-08-31T14:01:21Z,NYSE:GE
18.450707665960657,-26.539589577282754,-136.0282786588012,-3.1795493234080565,372.841,38.33427093463194,-2.0462373752116267,335.57,185631,1788185057,2026-08-31T14:04:17Z,NYSE:GE
18.450707665960657,-26.541018148711373,-136.02042906716807,-3.178106696673299,372.841,38.33648166421112,-2.0447778621052004,335.575,206343,1788185238,2026-08-31T14:07:18Z,NYSE:GE
18.450707665960657,-26.453875291568465,-136.4990090335491,-3.2661069274935786,372.841,38.20209214603002,-2.133808161597292,335.27,223865,1788185425,2026-08-31T14:10:25Z,NYSE:GE
18.450707665960657,-26.568161005854225,-135.87126135879825,-3.1506967887128767,372.841,38.37853402644153,-2.0170471130830663,335.67,244418,1788185599,2026-08-31T14:13:19Z,NYSE:GE
18.450707665960657,-26.673875291568493,-135.28983079206043,-3.0439424103407355,372.841,38.543200062790994,-1.9090431432074155,336.04,268896,1788185783,2026-08-31T14:16:23Z,NYSE:GE
18.450707665960657,-26.83244672013996,-134.41630519241454,-2.883810842782524,372.841,38.792865699929855,-1.7470371883939393,336.595,282045,1788185963,2026-08-31T14:19:23Z,NYSE:GE
18.450707665960657,-26.799589577282745,-134.59744217354435,-2.916991257681975,372.841,38.74086787162929,-1.780605989841779,336.48,294156,1788186140,2026-08-31T14:22:20Z,NYSE:GE
18.450707665960657,-26.91958957728275,-133.93555314988726,-2.7958106119622603,372.841,38.93145141087599,-1.6580068889018644,336.9,304493,1788186322,2026-08-31T14:25:22Z,NYSE:GE
18.450707665960657,-26.896732434425644,-134.0617005897073,-2.818892639718394,372.841,38.89500535183112,-1.681359098604703,336.82,315690,1788186501,2026-08-31T14:28:21Z,NYSE:GE
18.450707665960657,-26.676732434425617,-135.27410624902845,-3.041057156871221,372.841,38.54767010948432,-1.9061241169945624,336.05,347301,1788186683,2026-08-31T14:31:23Z,NYSE:GE
18.450707665960657,-26.4681610058542,-136.4205874433011,-3.251680660145989,372.841,38.22405860771488,-2.1192130305330115,335.32,359739,1788186867,2026-08-31T14:34:27Z,NYSE:GE
18.450707665960657,-26.42958957728274,-136.6322950296655,-3.29063158198447,372.841,38.16480704696378,-2.1586198844065567,335.185,377622,1788187039,2026-08-31T14:37:19Z,NYSE:GE
18.450707665960657,-26.399589577282768,-136.79688907193386,-3.3209267434144065,372.841,38.11884934446567,-2.189269659641544,335.08,388080,1788187217,2026-08-31T14:40:17Z,NYSE:GE
18.450707665960657,-26.31387529156848,-137.26683303259955,-3.407484347499929,372.841,37.988149421484806,-2.2768404460272085,334.78,399983,1788187402,2026-08-31T14:43:22Z,NYSE:GE
18.450707665960657,-26.23673243442568,-137.68937174375995,-3.4853861911768904,372.841,37.87128344773602,-2.355654153774299,334.51,418187,1788187585,2026-08-31T14:46:25Z,NYSE:GE
18.470341205743686,-26.56244672013992,-137.8770419354954,-3.4392221356646067,372.841,37.94045040089015,-2.3089497343686056,334.67,436974,1788187765,2026-08-31T14:49:25Z,NYSE:GE
18.470341205743686,-26.95387529156852,-135.72989993310276,-3.0439424103407355,372.841,38.543200062790994,-1.9090431432074155,336.04,476255,1788187940,2026-08-31T14:52:20Z,NYSE:GE
18.470341205743686,-26.822446720139908,-136.45195768532616,-3.176664069938542,372.841,38.33869264878966,-2.043318348998774,335.58,499830,1788188124,2026-08-31T14:55:24Z,NYSE:GE
18.470341205743686,-26.825303862997032,-136.43627283198612,-3.173778816469027,372.841,38.34311538312129,-2.0403993227859214,335.59,515430,1788188301,2026-08-31T14:58:21Z,NYSE:GE
18.470341205743686,-26.64390386299709,-137.43104334976425,-3.3569635592486686,372.841,38.06432549423663,-2.225728297040098,334.9551,541855,1788188484,2026-08-31T15:01:24Z,NYSE:GE
18.470341205743686,-26.79673243442568,-136.593097279375,-3.20263135116419,372.841,38.29893390531255,-2.069589584914465,335.49,551105,1788188662,2026-08-31T15:04:22Z,NYSE:GE
18.470341205743686,-26.88816100585421,-136.09107056763082,-3.1103032401396384,372.841,38.4406743588291,-1.976180746103095,335.81,566866,1788188843,2026-08-31T15:07:23Z,NYSE:GE
18.470341205743686,-27.00816100585422,-135.43132750186618,-2.989122594419908,372.841,38.628308618292245,-1.853581645163164,336.23,577610,1788189023,2026-08-31T15:10:23Z,NYSE:GE
18.470341205743686,-27.048161005854183,-135.21120270283998,-2.9487290458466693,372.841,38.69126108763157,-1.8127152781831923,336.37,591339,1788189198,2026-08-31T15:13:18Z,NYSE:GE
18.470341205743686,-27.05530386299705,-135.1718836194884,-2.9415159121728824,372.841,38.70252419804333,-1.8054177126510604,336.395,602807,1788189384,2026-08-31T15:16:24Z,NYSE:GE
18.470341205743686,-27.005303862997096,-135.44704667262894,-2.9920078478894223,372.841,38.62381985119711,-1.8565006713760164,336.22,611565,1788189559,2026-08-31T15:19:19Z,NYSE:GE
18.470341205743686,-27.00958957728284,-135.4234677150731,-2.98767996768515,372.841,38.6305533931178,-1.8521221320567367,336.235,620932,1788189740,2026-08-31T15:22:20Z,NYSE:GE
18.470341205743686,-26.96673243442564,-135.65920292287845,-3.03095876972792,372.841,38.56332344124012,-1.895907525249578,336.085,630347,1788189925,2026-08-31T15:25:25Z,NYSE:GE
18.470341205743686,-27.0545895772828,-135.17581567900442,-2.942237225540261,372.841,38.7013975919263,-1.8061474692042736,336.3925,642323,1788190101,2026-08-31T15:28:21Z,NYSE:GE
18.470341205743686,-27.07958957728277,-135.0381736027019,-2.916991257681975,372.841,38.74086787162929,-1.780605989841779,336.48,648028,1788190281,2026-08-31T15:31:21Z,NYSE:GE
18.470341205743686,-27.0910467201399,-134.9750804478036,-2.905421391269212,372.841,38.75898345203961,-1.7689006947282302,336.5201,655307,1788190460,2026-08-31T15:34:20Z,NYSE:GE
18.470341205743686,-27.096818148711407,-134.9432945851706,-2.8995931792607905,372.841,38.768115424522776,-1.7630042617782655,336.5403,667263,1788190640,2026-08-31T15:37:20Z,NYSE:GE
18.470341205743686,-27.053875291568545,-135.17974770492353,-2.94295853890764,372.841,38.70027105139696,-1.8068772257574868,336.39,675819,1788190823,2026-08-31T15:40:23Z,NYSE:GE
18.470341205743686,-26.95958957728277,-135.69848038126972,-3.038171903401706,372.841,38.55214119312502,-1.9032050907817104,336.06,691056,1788191000,2026-08-31T15:43:20Z,NYSE:GE
18.470341205743686,-26.75101814871136,-136.84390511178444,-3.248795406676474,372.841,38.22845493180792,-2.116294004320159,335.33,716404,1788191183,2026-08-31T15:46:23Z,NYSE:GE
18.470341205743686,-26.82816100585427,-136.42058744330137,-3.170893562999496,372.841,38.34753913797995,-2.037480296573052,335.6,731399,1788191366,2026-08-31T15:49:26Z,NYSE:GE
18.470341205743686,-26.899589577282825,-136.0282786588012,-3.0987622262615635,372.841,38.45846571689191,-1.964504641251668,335.85,748576,1788191539,2026-08-31T15:52:19Z,NYSE:GE
18.470341205743686,-26.81673243442566,-136.48332578608003,-3.182434576877572,372.841,38.3298502402952,-2.04915640142448,335.56,759601,1788191721,2026-08-31T15:55:21Z,NYSE:GE
18.470341205743686,-26.92816100585418,-135.87126135879825,-3.0699096915664006,372.841,38.50301624572309,-1.9353143791231235,335.95,765543,1788191902,2026-08-31T15:58:22Z,NYSE:GE
18.470341205743686,-26.89244672013996,-136.06752460681753,-3.1059753599353668,372.841,38.44734418874438,-1.971802206783816,335.825,775681,1788192078,2026-08-31T16:01:18Z,NYSE:GE
18.470341205743686,-26.87387529156848,-136.16954839503035,-3.124729507487229,372.841,38.418458296155165,-1.990775877167375,335.76,788477,1788192265,2026-08-31T16:04:25Z,NYSE:GE
18.470341205743686,-26.75387529156848,-136.8282336331706,-3.2459101532069594,372.841,38.23285226730004,-2.113374978107306,335.34,815434,1788192439,2026-08-31T16:07:19Z,NYSE:GE
18.470341205743686,-26.691018148711407,-137.17288270452516,-3.309385729536332,372.841,38.13634398353015,-2.177593554790116,335.12,825933,1788192623,2026-08-31T16:10:23Z,NYSE:GE
18.470341205743686,-26.73673243442562,-136.9222544859022,-3.263221674024064,372.841,38.20648341835792,-2.130889135384439,335.28,837575,1788192804,2026-08-31T16:13:24Z,NYSE:GE
18.470341205743686,-26.585303862997137,-137.75193700254914,-3.416140107908473,372.841,37.975128707369365,-2.285597524665767,334.75,848678,1788192984,2026-08-31T16:16:24Z,NYSE:GE
18.470341205743686,-26.58673243442564,-137.7441168116543,-3.4146974811737154,372.841,37.97729820649982,-2.2841380115593406,334.755,861501,1788193166,2026-08-31T16:19:26Z,NYSE:GE
18.470341205743686,-26.53958957728281,-138.0021127672227,-3.462304163420757,372.841,37.9058353720245,-2.3323019440714603,334.59,872896,1788193337,2026-08-31T16:22:17Z,NYSE:GE
18.470341205743686,-26.548161005854183,-137.9552152006762,-3.4536484030121963,372.841,37.918808603501326,-2.323544865432886,334.62,882008,1788193522,2026-08-31T16:25:22Z,NYSE:GE
18.470341205743686,-26.602446720139994,-137.65808591552354,-3.3988285870913684,372.841,38.00117906761195,-2.268083367388634,334.81,895741,1788193700,2026-08-31T16:28:20Z,NYSE:GE
18.470341205743686,-26.6581610058542,-137.3529372820896,-3.342566144435783,372.841,38.08609012138353,-2.2111623562379554,335.005,904535,1788193881,2026-08-31T16:31:21Z,NYSE:GE
18.470341205743686,-26.585303862997137,-137.75193700254914,-3.416140107908473,372.841,37.975128707369365,-2.285597524665767,334.75,915703,1788194063,2026-08-31T16:34:23Z,NYSE:GE
18.470341205743686,-26.57958957728277,-137.78321643353758,-3.4219106148475023,372.841,37.9664531889866,-2.2914355770914727,334.73,924518,1788194237,2026-08-31T16:37:17Z,NYSE:GE
18.470341205743686,-26.54244672013993,-137.98648077769067,-3.459418909951226,372.841,37.910158796058624,-2.329382917858591,334.6,937585,1788194424,2026-08-31T16:40:24Z,NYSE:GE
18.470341205743686,-26.595303862997127,-137.69719286758635,-3.406041720765155,372.841,37.99032040864597,-2.2753809329207657,334.785,944218,1788194599,2026-08-31T16:43:19Z,NYSE:GE
18.470341205743686,-26.59387529156851,-137.7050138581265,-3.407484347499929,372.841,37.988149421484806,-2.2768404460272085,334.78,954493,1788194782,2026-08-31T16:46:22Z,NYSE:GE
18.470341205743686,-26.52530386299708,-138.08026472622174,-3.47673043076833,372.841,37.88423303523404,-2.346897075135724,334.54,963195,1788194962,2026-08-31T16:49:22Z,NYSE:GE
18.470341205743686,-26.48816100585424,-138.2833975282249,-3.5142387258720538,372.841,37.82818202059696,-2.384844415902843,334.41,980986,1788195146,2026-08-31T16:52:26Z,NYSE:GE
18.483573039789903,-26.54673243442562,-139.2977137970891,-3.64696038546986,372.841,37.631172502468175,-2.5191196216942013,333.95,998255,1788195323,2026-08-31T16:55:23Z,NYSE:GE
18.483573039789903,-26.625303862997043,-138.86885388914763,-3.5676159150581244,372.841,37.74870247350744,-2.4388464008406685,334.225,1012285,1788195499,2026-08-31T16:58:19Z,NYSE:GE
18.484961618413124,-26.61101814871131,-139.08723272361848,-3.602238956692333,372.841,37.69732650968934,-2.4738747153949343,334.105,1028338,1788195683,2026-08-31T17:01:23Z,NYSE:GE
18.493967762947545,-26.65387529156851,-139.7651035526186,-3.6902391875126126,372.841,37.5673731905046,-2.5629050148870256,333.8,1044381,1788195864,2026-08-31T17:04:24Z,NYSE:GE
18.493967762947545,-26.693875291568474,-139.54704768731474,-3.649845638939375,372.841,37.62691247410972,-2.5220386479070545,333.94,1055677,1788196042,2026-08-31T17:07:22Z,NYSE:GE
18.493967762947545,-26.71673243442558,-139.42239770681758,-3.626763611183241,372.841,37.661019731768,-2.498686438204216,334.02,1075614,1788196223,2026-08-31T17:10:23Z,NYSE:GE
18.493967762947545,-26.773875291568515,-139.11062428487787,-3.5690585417928817,372.841,37.746559012651325,-2.440305913947095,334.22,1081594,1788196407,2026-08-31T17:13:27Z,NYSE:GE
18.493967762947545,-26.73101814871132,-139.34447424019888,-3.612337343835651,372.841,37.68236818551373,-2.4840913071399355,334.07,1093047,1788196582,2026-08-31T17:16:22Z,NYSE:GE
18.49604128790104,-26.67816100585412,-139.84295548991787,-3.6960096944516585,372.841,37.55888295672087,-2.568743067312748,333.78,1105118,1788196760,2026-08-31T17:19:20Z,NYSE:GE
18.49604128790104,-26.73673243442556,-139.5236783997873,-3.636861998326542,372.841,37.6460902011189,-2.508903029949201,333.985,1115201,1788196943,2026-08-31T17:22:23Z,NYSE:GE
18.49604128790104,-26.82387529156847,-139.04824413451053,-3.5488617675062626,372.841,37.77658963362428,-2.419872730457109,334.29,1159075,1788197125,2026-08-31T17:25:25Z,NYSE:GE
18.49604128790104,-26.86530386299705,-138.82204488395612,-3.507025592198267,372.841,37.83894817716336,-2.377546850370712,334.435,1167743,1788197302,2026-08-31T17:28:22Z,NYSE:GE
18.49604128790104,-26.80673243442561,-139.141811175839,-3.566173288323367,372.841,37.75084617781279,-2.437386887734242,334.23,1186350,1788197482,2026-08-31T17:31:22Z,NYSE:GE
18.49604128790104,-26.772446720139897,-139.32888795614426,-3.600796329957576,372.841,37.69946438263945,-2.4724152022885084,334.11,1196039,1788197662,2026-08-31T17:34:22Z,NYSE:GE
18.49604128790104,-26.88387529156841,-138.72060897132653,-3.488271444646405,372.841,37.86696888564707,-2.358573179987152,334.5,1211229,1788197842,2026-08-31T17:37:22Z,NYSE:GE
18.49604128790104,-26.88101814871129,-138.7362159574092,-3.49115669811592,372.841,37.862655306536446,-2.3614922062000043,334.49,1223271,1788198020,2026-08-31T17:40:20Z,NYSE:GE
18.49604128790104,-26.876732434425666,-138.75962544028647,-3.495484578320192,372.841,37.85618678022016,-2.365870745519284,334.475,1233333,1788198200,2026-08-31T17:43:20Z,NYSE:GE
18.49604128790104,-26.88244672013991,-138.72841253078658,-3.4897140713811625,372.841,37.864811973240464,-2.360032693093578,334.495,1240247,1788198377,2026-08-31T17:46:17Z,NYSE:GE
18.49604128790104,-26.949589577282723,-138.36150158015073,-3.4219106148475023,372.841,37.9664531889866,-2.2914355770914727,334.73,1253873,1788198559,2026-08-31T17:49:19Z,NYSE:GE
18.49604128790104,-27.068161005854225,-137.71283471538433,-3.3021725958625447,372.841,38.147286289902304,-2.1702959892579843,335.145,1268841,1788198743,2026-08-31T17:52:23Z,NYSE:GE
18.49604128790104,-27.14101814871128,-137.31380098868334,-3.228598632389855,372.841,38.25925753919176,-2.095860820830173,335.4,1291661,1788198925,2026-08-31T17:55:25Z,NYSE:GE
18.49604128790104,-27.17244672013988,-137.1415616563195,-3.196860844225161,372.841,38.30776205358461,-2.06375153248876,335.51,1300477,1788199103,2026-08-31T17:58:23Z,NYSE:GE
18.49604128790104,-27.278161005854145,-136.56173667134317,-3.09010646585302,372.841,38.47182004672342,-1.955747562613109,335.88,1306026,1788199285,2026-08-31T18:01:25Z,NYSE:GE
18.49604128790104,-27.26530386299703,-136.6322950296655,-3.103090106465852,372.841,38.45179202803688,-1.9688831805709628,335.835,1327729,1788199459,2026-08-31T18:04:19Z,NYSE:GE
18.49604128790104,-27.283875291568503,-136.5303739228076,-3.0843359589139903,372.841,38.4807280868727,-1.9499095101874035,335.9,1334350,1788199644,2026-08-31T18:07:24Z,NYSE:GE
18.49604128790104,-27.279589577282763,-136.55389618488974,-3.0886638391182624,372.841,38.47404667008453,-1.9542880495066823,335.885,1340995,1788199819,2026-08-31T18:10:19Z,NYSE:GE
18.49604128790104,-27.258161005854163,-136.67148943618878,-3.1103032401396384,372.841,38.4406743588291,-1.976180746103095,335.81,1356125,1788200000,2026-08-31T18:13:20Z,NYSE:GE
18.49604128790104,-27.205303862997084,-136.96142416184307,-3.163680429325709,372.841,38.35860299225092,-2.03018273104092,335.625,1377513,1788200183,2026-08-31T18:16:23Z,NYSE:GE
18.49604128790104,-27.19530386299698,-137.01625609676262,-3.173778816469027,372.841,38.34311538312129,-2.0403993227859214,335.59,1392191,1788200363,2026-08-31T18:19:23Z,NYSE:GE
18.49604128790104,-27.3267324344256,-136.29508505810637,-3.041057156871221,372.841,38.54767010948432,-1.9061241169945624,336.05,1404662,1788200538,2026-08-31T18:22:18Z,NYSE:GE
18.49604128790104,-27.663875291568505,-134.4399357958907,-2.7005972474681776,372.841,39.08251618586569,-1.5616790238776246,337.23,1426073,1788200721,2026-08-31T18:25:21Z,NYSE:GE
18.49604128790104,-27.639589577282777,-134.57381965092142,-2.7251219019590853,372.841,39.04349357977612,-1.5864907466869058,337.145,1443320,1788200903,2026-08-31T18:28:23Z,NYSE:GE
18.49604128790104,-27.705303862997084,-134.2114558292815,-2.6587610721601824,372.841,39.14926449717315,-1.5193531437912269,337.375,1461415,1788201080,2026-08-31T18:31:20Z,NYSE:GE
18.49604128790104,-27.592446720139947,-134.8336007677763,-2.7727285842061105,372.841,38.96796583659448,-1.634654679199009,336.98,1496323,1788201264,2026-08-31T18:34:24Z,NYSE:GE
18.49604128790104,-27.48387529156844,-135.43132750186618,-2.8823682160477664,372.841,38.79512964159149,-1.745577675287513,336.6,1506751,1788201439,2026-08-31T18:37:19Z,NYSE:GE
18.49604128790104,-27.58958957728271,-134.84934036782366,-2.7756138376756248,372.841,38.96339778800296,-1.637573705411862,336.97,1519453,1788201621,2026-08-31T18:40:21Z,NYSE:GE
18.49604128790104,-27.48387529156844,-135.43132750186618,-2.8823682160477664,372.841,38.79512964159149,-1.745577675287513,336.6,1530736,1788201804,2026-08-31T18:43:24Z,NYSE:GE
18.49604128790104,-27.506732434425658,-135.30555479774202,-2.8592861882916325,372.841,38.83138867923629,-1.7222254655846745,336.68,1540843,1788201983,2026-08-31T18:46:23Z,NYSE:GE
18.49604128790104,-27.475303862997063,-135.47848340295494,-2.8910239764563266,372.841,38.78154995392578,-1.7543347539260876,336.57,1551670,1788202160,2026-08-31T18:49:20Z,NYSE:GE
18.49604128790104,-27.46244672013984,-135.54920819259948,-2.904007617069159,372.841,38.761198238240624,-1.7674703718839415,336.525,1566267,1788202342,2026-08-31T18:52:22Z,NYSE:GE
18.49604128790104,-27.395303862997025,-135.9183721790458,-2.971811073602803,372.841,38.6552631464462,-1.8360674878860308,336.29,1589564,1788202520,2026-08-31T18:55:20Z,NYSE:GE
18.49604128790104,-27.342446720139947,-136.20878228528431,-3.0251882627888738,372.841,38.57227391141155,-1.8900694728238563,336.105,1604661,1788202703,2026-08-31T18:58:23Z,NYSE:GE
18.49604128790104,-27.449589577282723,-135.6199221100861,-2.916991257681975,372.841,38.74086787162929,-1.780605989841779,336.48,1622480,1788202879,2026-08-31T19:01:19Z,NYSE:GE
18.49604128790104,-27.40816100585414,-135.84770413859633,-2.958827432989988,372.841,38.67550374184953,-1.822931869928193,336.335,1634325,1788203064,2026-08-31T19:04:24Z,NYSE:GE
18.49604128790104,-27.432446720139865,-135.71419042548982,-2.93430277849908,372.841,38.713793867796525,-1.7981201471189117,336.42,1644742,1788203238,2026-08-31T19:07:18Z,NYSE:GE
18.49604128790104,-27.43101814871136,-135.72204524637056,-2.935745405233837,372.841,38.71153940882356,-1.7995796602253384,336.415,1658470,1788203422,2026-08-31T19:10:22Z,NYSE:GE
18.49604128790104,-27.438161005854223,-135.6827698004135,-2.92853227156005,372.841,38.72281433017631,-1.7922820946932063,336.44,1667700,1788203602,2026-08-31T19:13:22Z,NYSE:GE
18.49604128790104,-27.406732434425635,-135.85555667941932,-2.960270059724744,372.841,38.67325374011578,-1.82439138303462,336.33,1679193,1788203780,2026-08-31T19:16:20Z,NYSE:GE
18.49604128790104,-27.37244672013992,-136.04397744002756,-2.994893101358953,372.841,38.61933212720685,-1.8594196975888857,336.21,1697196,1788203959,2026-08-31T19:19:19Z,NYSE:GE
18.49604128790104,-27.372475291568435,-136.04382045486898,-2.994864248824249,372.841,38.6193769992846,-1.859390507326748,336.2101,1716600,1788204142,2026-08-31T19:22:22Z,NYSE:GE
18.49604128790104,-27.386732434425653,-135.96547817303832,-2.980466834011364,372.841,38.64178118184508,-1.8448245665246048,336.26,1728486,1788204316,2026-08-31T19:25:16Z,NYSE:GE
18.49604128790104,-27.40816100585414,-135.84770413859633,-2.958827432989988,372.841,38.67550374184953,-1.822931869928193,336.335,1742757,1788204503,2026-08-31T19:28:23Z,NYSE:GE
18.49604128790104,-27.45673243442559,-135.58063794246397,-2.9097781240081884,372.841,38.75215988605599,-1.773308424309647,336.505,1755446,1788204680,2026-08-31T19:31:20Z,NYSE:GE
18.49604128790104,-27.432446720139865,-135.71419042548982,-2.93430277849908,372.841,38.713793867796525,-1.7981201471189117,336.42,1770462,1788204861,2026-08-31T19:34:21Z,NYSE:GE
18.49604128790104,-27.41816100585413,-135.7927325980244,-2.9487290458466693,372.841,38.69126108763157,-1.8127152781831923,336.37,1785968,1788205043,2026-08-31T19:37:23Z,NYSE:GE
18.49604128790104,-27.438161005854223,-135.6827698004135,-2.92853227156005,372.841,38.72281433017631,-1.7922820946932063,336.44,1809844,1788205219,2026-08-31T19:40:19Z,NYSE:GE
18.49604128790104,-27.4681610058542,-135.51777629514785,-2.898237110130113,372.841,38.77024080752535,-1.7616323194582193,336.545,1831176,1788205401,2026-08-31T19:43:21Z,NYSE:GE
18.49604128790104,-27.41816100585413,-135.7927325980244,-2.9487290458466693,372.841,38.69126108763157,-1.8127152781831923,336.37,1856292,1788205583,2026-08-31T19:46:23Z,NYSE:GE
18.49604128790104,-27.29244672013988,-136.48332578607975,-3.0756801985054296,372.841,38.49409788465136,-1.9411524315488289,335.93,1881507,1788205760,2026-08-31T19:49:20Z,NYSE:GE
18.49604128790104,-27.4809895772828,-135.44720386162402,-2.885282322051985,372.841,38.79055675162922,-1.7485258917625035,336.5899,1911253,1788205942,2026-08-31T19:52:22Z,NYSE:GE
18.49604128790104,-27.38816100585416,-135.9576275091649,-2.979024207276606,372.841,38.64402752282903,-1.8433650534181791,336.265,1937257,1788206121,2026-08-31T19:55:21Z,NYSE:GE
18.49604128790104,-27.3495895772827,-136.16954839503003,-3.017975129115087,372.841,38.58346784347008,-1.882771907291724,336.13,1966223,1788206301,2026-08-31T19:58:21Z,NYSE:GE
18.49604128790104,-27.415303862997007,-135.8084394230098,-2.951614299316184,372.841,38.68675767879984,-1.8156343043960448,336.36,1994940,1788206482,2026-08-31T20:01:22Z,NYSE:GE
18.49604128790104,-27.378161005854167,-136.0125793415169,-2.989122594419908,372.841,38.628308618292245,-1.853581645163164,336.23,2025265,1788206658,2026-08-31T20:04:18Z,NYSE:GE
18.49604128790104,-27.09530386299707,-137.56421563282902,-3.2747626879021228,372.841,38.18892438350331,-2.14256524023585,335.24,2148043,1788206839,2026-08-31T20:07:19Z,NYSE:GE
18.49604128790104,-27.29244672013988,-136.48332578607975,-3.0756801985054296,372.841,38.49409788465136,-1.9411524315488289,335.93,2209855,1788207019,2026-08-31T20:10:19Z,NYSE:GE
18.49604128790104,-27.24958957728279,-136.71851831084717,-3.118959000548199,372.841,38.42734163906717,-1.9849378247416696,335.78,2328847,1788207199,2026-08-31T20:13:19Z,NYSE:GE
18.49604128790104,-27.22958957728269,-136.82823363317047,-3.1391557748348182,372.841,38.39626789735805,-2.005371008231655,335.71,4186139,1788207380,2026-08-31T20:16:20Z,NYSE:GE
18.49604128790104,-27.22958957728269,-136.82823363317047,-3.1391557748348182,372.841,38.39626789735805,-2.005371008231655,335.71,4277382,1788207564,2026-08-31T20:19:24Z,NYSE:GE
18.49604128790104,-27.22958957728269,-136.82823363317047,-3.1391557748348182,372.841,38.39626789735805,-2.005371008231655,335.71,4285086,1788207734,2026-08-31T20:22:14Z,NYSE:GE
18.49604128790104,-27.22958957728269,-136.82823363317047,-3.1391557748348182,372.841,38.39626789735805,-2.005371008231655,335.71,4325917,1788207918,2026-08-31T20:25:18Z,NYSE:GE
18.49604128790104,-27.22958957728269,-136.82823363317047,-3.1391557748348182,372.841,38.39626789735805,-2.005371008231655,335.71,4412081,1788208101,2026-08-31T20:28:21Z,NYSE:GE
18.49604128790104,-27.22958957728269,-136.82823363317047,-3.1391557748348182,372.841,38.39626789735805,-2.005371008231655,335.71,4415394,1788208282,2026-08-31T20:31:22Z,NYSE:GE
18.49604128790104,-27.22958957728269,-136.82823363317047,-3.1391557748348182,372.841,38.39626789735805,-2.005371008231655,335.71,4415417,1788208455,2026-08-31T20:34:15Z,NYSE:GE
18.49604128790104,-27.22958957728269,-136.82823363317047,-3.1391557748348182,372.841,38.39626789735805,-2.005371008231655,335.71,4417483,1788208643,2026-08-31T20:37:23Z,NYSE:GE
18.49604128790104,-27.22958957728269,-136.82823363317047,-3.1391557748348182,372.841,38.39626789735805,-2.005371008231655,335.71,4417926,1788208823,2026-08-31T20:40:23Z,NYSE:GE
18.49604128790104,-27.22958957728269,-136.82823363317047,-3.1391557748348182,372.841,38.39626789735805,-2.005371008231655,335.71,4440969,1788209000,2026-08-31T20:43:20Z,NYSE:GE
18.49604128790104,-27.22958957728269,-136.82823363317047,-3.1391557748348182,372.841,38.39626789735805,-2.005371008231655,335.71,4440969,1788209184,2026-08-31T20:46:24Z,NYSE:GE
18.49604128790104,-27.22958957728269,-136.82823363317047,-3.1391557748348182,372.841,38.39626789735805,-2.005371008231655,335.71,4440969,1788209360,2026-08-31T20:49:20Z,NYSE:GE
18.49604128790104,-27.22958957728269,-136.82823363317047,-3.1391557748348182,372.841,38.39626789735805,-2.005371008231655,335.71,4440975,1788209542,2026-08-31T20:52:22Z,NYSE:GE
18.49604128790104,-27.22958957728269,-136.82823363317047,-3.1391557748348182,372.841,38.39626789735805,-2.005371008231655,335.71,4441007,1788209723,2026-08-31T20:55:23Z,NYSE:GE
18.49604128790104,-27.22958957728269,-136.82823363317047,-3.1391557748348182,372.841,38.39626789735805,-2.005371008231655,335.71,4441007,1788209901,2026-08-31T20:58:21Z,NYSE:GE
18.49604128790104,-27.22958957728269,-136.82823363317047,-3.1391557748348182,372.841,38.39626789735805,-2.005371008231655,335.71,4441010,1788210082,2026-08-31T21:01:22Z,NYSE:GE
18.49604128790104,-27.22958957728269,-136.82823363317047,-3.1391557748348182,372.841,38.39626789735805,-2.005371008231655,335.71,4441021,1788210267,2026-08-31T21:04:27Z,NYSE:GE
18.49604128790104,-27.22958957728269,-136.82823363317047,-3.1391557748348182,372.841,38.39626789735805,-2.005371008231655,335.71,4441043,1788210443,2026-08-31T21:07:23Z,NYSE:GE
18.49604128790104,-27.22958957728269,-136.82823363317047,-3.1391557748348182,372.841,38.39626789735805,-2.005371008231655,335.71,4441324,1788210618,2026-08-31T21:10:18Z,NYSE:GE
18.49604128790104,-27.22958957728269,-136.82823363317047,-3.1391557748348182,372.841,38.39626789735805,-2.005371008231655,335.71,4441369,1788210801,2026-08-31T21:13:21Z,NYSE:GE
18.49604128790104,-27.22958957728269,-136.82823363317047,-3.1391557748348182,372.841,38.39626789735805,-2.005371008231655,335.71,4441374,1788210980,2026-08-31T21:16:20Z,NYSE:GE
18.49604128790104,-27.22958957728269,-136.82823363317047,-3.1391557748348182,372.841,38.39626789735805,-2.005371008231655,335.71,4441380,1788211164,2026-08-31T21:19:24Z,NYSE:GE
18.49604128790104,-27.22958957728269,-136.82823363317047,-3.1391557748348182,372.841,38.39626789735805,-2.005371008231655,335.71,4452522,1788211341,2026-08-31T21:22:21Z,NYSE:GE
18.49604128790104,-27.22958957728269,-136.82823363317047,-3.1391557748348182,372.841,38.39626789735805,-2.005371008231655,335.71,4473689,1788211522,2026-08-31T21:25:22Z,NYSE:GE
18.49604128790104,-27.22958957728269,-136.82823363317047,-3.1391557748348182,372.841,38.39626789735805,-2.005371008231655,335.71,4473702,1788211700,2026-08-31T21:28:20Z,NYSE:GE
18.49604128790104,-27.22958957728269,-136.82823363317047,-3.1391557748348182,372.841,38.39626789735805,-2.005371008231655,335.71,4475024,1788211880,2026-08-31T21:31:20Z,NYSE:GE
18.49604128790104,-27.22958957728269,-136.82823363317047,-3.1391557748348182,372.841,38.39626789735805,-2.005371008231655,335.71,4475031,1788212062,2026-08-31T21:34:22Z,NYSE:GE
18.49604128790104,-27.22958957728269,-136.82823363317047,-3.1391557748348182,372.841,38.39626789735805,-2.005371008231655,335.71,4475032,1788212241,2026-08-31T21:37:21Z,NYSE:GE
18.49604128790104,-27.22958957728269,-136.82823363317047,-3.1391557748348182,372.841,38.39626789735805,-2.005371008231655,335.71,4475045,1788212423,2026-08-31T21:40:23Z,NYSE:GE
18.49604128790104,-27.22958957728269,-136.82823363317047,-3.1391557748348182,372.841,38.39626789735805,-2.005371008231655,335.71,4475056,1788212599,2026-08-31T21:43:19Z,NYSE:GE
18.49604128790104,-27.22958957728269,-136.82823363317047,-3.1391557748348182,372.841,38.39626789735805,-2.005371008231655,335.71,4475077,1788212784,2026-08-31T21:46:24Z,NYSE:GE
18.49604128790104,-27.22958957728269,-136.82823363317047,-3.1391557748348182,372.841,38.39626789735805,-2.005371008231655,335.71,4475078,1788212956,2026-08-31T21:49:16Z,NYSE:GE
18.49604128790104,-27.22958957728269,-136.82823363317047,-3.1391557748348182,372.841,38.39626789735805,-2.005371008231655,335.71,4475078,1788213140,2026-08-31T21:52:20Z,NYSE:GE
18.49604128790104,-27.22958957728269,-136.82823363317047,-3.1391557748348182,372.841,38.39626789735805,-2.005371008231655,335.71,4475120,1788213321,2026-08-31T21:55:21Z,NYSE:GE
18.49604128790104,-27.22958957728269,-136.82823363317047,-3.1391557748348182,372.841,38.39626789735805,-2.005371008231655,335.71,4475150,1788213501,2026-08-31T21:58:21Z,NYSE:GE
18.49604128790104,-27.22958957728269,-136.82823363317047,-3.1391557748348182,372.841,38.39626789735805,-2.005371008231655,335.71,4475169,1788213684,2026-08-31T22:01:24Z,NYSE:GE
18.49604128790104,-27.22958957728269,-136.82823363317047,-3.1391557748348182,372.841,38.39626789735805,-2.005371008231655,335.71,4476181,1788213864,2026-08-31T22:04:24Z,NYSE:GE
18.49604128790104,-27.22958957728269,-136.82823363317047,-3.1391557748348182,372.841,38.39626789735805,-2.005371008231655,335.71,4476182,1788214040,2026-08-31T22:07:20Z,NYSE:GE
18.49604128790104,-27.22958957728269,-136.82823363317047,-3.1391557748348182,372.841,38.39626789735805,-2.005371008231655,335.71,4476186,1788214219,2026-08-31T22:10:19Z,NYSE:GE
18.49604128790104,-27.22958957728269,-136.82823363317047,-3.1391557748348182,372.841,38.39626789735805,-2.005371008231655,335.71,4476186,1788214402,2026-08-31T22:13:22Z,NYSE:GE
18.49604128790104,-27.22958957728269,-136.82823363317047,-3.1391557748348182,372.841,38.39626789735805,-2.005371008231655,335.71,4476479,1788214579,2026-08-31T22:16:19Z,NYSE:GE
18.49604128790104,-27.22958957728269,-136.82823363317047,-3.1391557748348182,372.841,38.39626789735805,-2.005371008231655,335.71,4476588,1788214765,2026-08-31T22:19:25Z,NYSE:GE
18.49604128790104,-27.22958957728269,-136.82823363317047,-3.1391557748348182,372.841,38.39626789735805,-2.005371008231655,335.71,4476590,1788214942,2026-08-31T22:22:22Z,NYSE:GE
18.49604128790104,-27.22958957728269,-136.82823363317047,-3.1391557748348182,372.841,38.39626789735805,-2.005371008231655,335.71,4476590,1788215123,2026-08-31T22:25:23Z,NYSE:GE
18.49604128790104,-27.22958957728269,-136.82823363317047,-3.1391557748348182,372.841,38.39626789735805,-2.005371008231655,335.71,4476593,1788215298,2026-08-31T22:28:18Z,NYSE:GE
18.49604128790104,-27.22958957728269,-136.82823363317047,-3.1391557748348182,372.841,38.39626789735805,-2.005371008231655,335.71,4476604,1788215481,2026-08-31T22:31:21Z,NYSE:GE
18.49604128790104,-27.22958957728269,-136.82823363317047,-3.1391557748348182,372.841,38.39626789735805,-2.005371008231655,335.71,4476627,1788215660,2026-08-31T22:34:20Z,NYSE:GE
18.49604128790104,-27.22958957728269,-136.82823363317047,-3.1391557748348182,372.841,38.39626789735805,-2.005371008231655,335.71,4476628,1788215842,2026-08-31T22:37:22Z,NYSE:GE
18.49604128790104,-27.22958957728269,-136.82823363317047,-3.1391557748348182,372.841,38.39626789735805,-2.005371008231655,335.71,4476698,1788216022,2026-08-31T22:40:22Z,NYSE:GE
18.49604128790104,-27.22958957728269,-136.82823363317047,-3.1391557748348182,372.841,38.39626789735805,-2.005371008231655,335.71,4476700,1788216195,2026-08-31T22:43:15Z,NYSE:GE
18.49604128790104,-27.22958957728269,-136.82823363317047,-3.1391557748348182,372.841,38.39626789735805,-2.005371008231655,335.71,4476726,1788216385,2026-08-31T22:46:25Z,NYSE:GE
18.49604128790104,-27.22958957728269,-136.82823363317047,-3.1391557748348182,372.841,38.39626789735805,-2.005371008231655,335.71,4476756,1788216559,2026-08-31T22:49:19Z,NYSE:GE
18.49604128790104,-27.22958957728269,-136.82823363317047,-3.1391557748348182,372.841,38.39626789735805,-2.005371008231655,335.71,4476761,1788216742,2026-08-31T22:52:22Z,NYSE:GE
18.49604128790104,-27.22958957728269,-136.82823363317047,-3.1391557748348182,372.841,38.39626789735805,-2.005371008231655,335.71,4476777,1788216920,2026-08-31T22:55:20Z,NYSE:GE
18.49604128790104,-27.22958957728269,-136.82823363317047,-3.1391557748348182,372.841,38.39626789735805,-2.005371008231655,335.71,4476787,1788217104,2026-08-31T22:58:24Z,NYSE:GE
18.49604128790104,-27.22958957728269,-136.82823363317047,-3.1391557748348182,372.841,38.39626789735805,-2.005371008231655,335.71,4476798,1788217282,2026-08-31T23:01:22Z,NYSE:GE
18.49604128790104,-27.22958957728269,-136.82823363317047,-3.1391557748348182,372.841,38.39626789735805,-2.005371008231655,335.71,4476809,1788217461,2026-08-31T23:04:21Z,NYSE:GE
18.49604128790104,-27.22958957728269,-136.82823363317047,-3.1391557748348182,372.841,38.39626789735805,-2.005371008231655,335.71,4476811,1788217642,2026-08-31T23:07:22Z,NYSE:GE
18.49604128790104,-27.22958957728269,-136.82823363317047,-3.1391557748348182,372.841,38.39626789735805,-2.005371008231655,335.71,4476821,1788217823,2026-08-31T23:10:23Z,NYSE:GE
18.49604128790104,-27.22958957728269,-136.82823363317047,-3.1391557748348182,372.841,38.39626789735805,-2.005371008231655,335.71,4476896,1788217997,2026-08-31T23:13:17Z,NYSE:GE
18.49604128790104,-27.22958957728269,-136.82823363317047,-3.1391557748348182,372.841,38.39626789735805,-2.005371008231655,335.71,4476911,1788218181,2026-08-31T23:16:21Z,NYSE:GE
18.49604128790104,-27.22958957728269,-136.82823363317047,-3.1391557748348182,372.841,38.39626789735805,-2.005371008231655,335.71,4476911,1788218360,2026-08-31T23:19:20Z,NYSE:GE
18.49604128790104,-27.22958957728269,-136.82823363317047,-3.1391557748348182,372.841,38.39626789735805,-2.005371008231655,335.71,4476919,1788218539,2026-08-31T23:22:19Z,NYSE:GE
18.49604128790104,-27.22958957728269,-136.82823363317047,-3.1391557748348182,372.841,38.39626789735805,-2.005371008231655,335.71,4476923,1788218723,2026-08-31T23:25:23Z,NYSE:GE
18.49604128790104,-27.22958957728269,-136.82823363317047,-3.1391557748348182,372.841,38.39626789735805,-2.005371008231655,335.71,4476923,1788218896,2026-08-31T23:28:16Z,NYSE:GE
18.49604128790104,-27.22958957728269,-136.82823363317047,-3.1391557748348182,372.841,38.39626789735805,-2.005371008231655,335.71,4476923,1788219078,2026-08-31T23:31:18Z,NYSE:GE
18.49604128790104,-27.22958957728269,-136.82823363317047,-3.1391557748348182,372.841,38.39626789735805,-2.005371008231655,335.71,4476930,1788219262,2026-08-31T23:34:22Z,NYSE:GE
18.49604128790104,-27.22958957728269,-136.82823363317047,-3.1391557748348182,372.841,38.39626789735805,-2.005371008231655,335.71,4476951,1788219437,2026-08-31T23:37:17Z,NYSE:GE
18.49604128790104,-27.22958957728269,-136.82823363317047,-3.1391557748348182,372.841,38.39626789735805,-2.005371008231655,335.71,4476959,1788219618,2026-08-31T23:40:18Z,NYSE:GE
18.49604128790104,-27.22958957728269,-136.82823363317047,-3.1391557748348182,372.841,38.39626789735805,-2.005371008231655,335.71,4476964,1788219804,2026-08-31T23:43:24Z,NYSE:GE
18.49604128790104,-27.22958957728269,-136.82823363317047,-3.1391557748348182,372.841,38.39626789735805,-2.005371008231655,335.71,4476966,1788219986,2026-08-31T23:46:26Z,NYSE:GE
18.49604128790104,-27.22958957728269,-136.82823363317047,-3.1391557748348182,372.841,38.39626789735805,-2.005371008231655,335.71,4476974,1788220161,2026-08-31T23:49:21Z,NYSE:GE
18.49604128790104,-27.22958957728269,-136.82823363317047,-3.1391557748348182,372.841,38.39626789735805,-2.005371008231655,335.71,4476975,1788220341,2026-08-31T23:52:21Z,NYSE:GE
18.49604128790104,-27.22958957728269,-136.82823363317047,-3.1391557748348182,372.841,38.39626789735805,-2.005371008231655,335.71,4476976,1788220517,2026-08-31T23:55:17Z,NYSE:GE
18.49604128790104,-27.22958957728269,-136.82823363317047,-3.1391557748348182,372.841,38.39626789735805,-2.005371008231655,335.71,4476977,1788220699,2026-08-31T23:58:19Z,NYSE:GE
